<?xml version="1.0" encoding="UTF-8"?>
<gpx version="1.1" creator="GPX2Maps" xmlns="http://www.topografix.com/GPX/1/1" xmlns:xsi="http://www.w3.org/2001/XMLSchema-instance" xsi:schemaLocation="http://www.topografix.com/GPX/1/1 http://www.topografix.com/GPX/1/1/gpx.xsd">
  <metadata>
    <name>Ferentino</name>
    <desc>Converted from Google Maps
Distance: 214.9 km
Duration: 241 min
Via: SS156</desc>
    <link href="https://gpx2maps.com">
      <text>Created with GPX2Maps</text>
    </link>
    <time>2026-07-23T12:33:38Z</time>
  </metadata>
  <wpt lat="41.4838300" lon="12.7930800">
    <name>Start</name>
    <sym>Flag, Green</sym>
  </wpt>
  <wpt lat="41.4838300" lon="12.7930800">
    <name>End</name>
    <sym>Flag, Red</sym>
  </wpt>
  <trk>
    <name>Ferentino</name>
    <trkseg>
      <trkpt lat="41.4838300" lon="12.7930800"></trkpt>
      <trkpt lat="41.4840200" lon="12.7931500"></trkpt>
      <trkpt lat="41.4843100" lon="12.7932700"></trkpt>
      <trkpt lat="41.4844500" lon="12.7933300"></trkpt>
      <trkpt lat="41.4851400" lon="12.7936100"></trkpt>
      <trkpt lat="41.4851900" lon="12.7936300"></trkpt>
      <trkpt lat="41.4856600" lon="12.7938200"></trkpt>
      <trkpt lat="41.4860000" lon="12.7939600"></trkpt>
      <trkpt lat="41.4867200" lon="12.7942500"></trkpt>
      <trkpt lat="41.4871700" lon="12.7944300"></trkpt>
      <trkpt lat="41.4876500" lon="12.7946300"></trkpt>
      <trkpt lat="41.4880100" lon="12.7947800"></trkpt>
      <trkpt lat="41.4880300" lon="12.7947900"></trkpt>
      <trkpt lat="41.4883400" lon="12.7949200"></trkpt>
      <trkpt lat="41.4883700" lon="12.7949300"></trkpt>
      <trkpt lat="41.4888100" lon="12.7951100"></trkpt>
      <trkpt lat="41.4895000" lon="12.7954000"></trkpt>
      <trkpt lat="41.4896700" lon="12.7954700"></trkpt>
      <trkpt lat="41.4902200" lon="12.7957000"></trkpt>
      <trkpt lat="41.4905700" lon="12.7958400"></trkpt>
      <trkpt lat="41.4917200" lon="12.7963200"></trkpt>
      <trkpt lat="41.4919400" lon="12.7964100"></trkpt>
      <trkpt lat="41.4921500" lon="12.7965000"></trkpt>
      <trkpt lat="41.4929600" lon="12.7968300"></trkpt>
      <trkpt lat="41.4932500" lon="12.7969500"></trkpt>
      <trkpt lat="41.4932900" lon="12.7969700"></trkpt>
      <trkpt lat="41.4937700" lon="12.7971600"></trkpt>
      <trkpt lat="41.4941500" lon="12.7973200"></trkpt>
      <trkpt lat="41.4942100" lon="12.7973400"></trkpt>
      <trkpt lat="41.4950400" lon="12.7976800"></trkpt>
      <trkpt lat="41.4952400" lon="12.7977700"></trkpt>
      <trkpt lat="41.4956300" lon="12.7979400"></trkpt>
      <trkpt lat="41.4957200" lon="12.7979700"></trkpt>
      <trkpt lat="41.4957600" lon="12.7979800"></trkpt>
      <trkpt lat="41.4958200" lon="12.7980000"></trkpt>
      <trkpt lat="41.4960500" lon="12.7980100"></trkpt>
      <trkpt lat="41.4963500" lon="12.7980000"></trkpt>
      <trkpt lat="41.4963600" lon="12.7980000"></trkpt>
      <trkpt lat="41.4965800" lon="12.7979900"></trkpt>
      <trkpt lat="41.4967400" lon="12.7979900"></trkpt>
      <trkpt lat="41.4975200" lon="12.7979600"></trkpt>
      <trkpt lat="41.4984200" lon="12.7979200"></trkpt>
      <trkpt lat="41.4986100" lon="12.7979200"></trkpt>
      <trkpt lat="41.4988500" lon="12.7979100"></trkpt>
      <trkpt lat="41.4989600" lon="12.7979000"></trkpt>
      <trkpt lat="41.4995000" lon="12.7978800"></trkpt>
      <trkpt lat="41.4997400" lon="12.7978800"></trkpt>
      <trkpt lat="41.4998800" lon="12.7978700"></trkpt>
      <trkpt lat="41.5000600" lon="12.7978700"></trkpt>
      <trkpt lat="41.5004600" lon="12.7978600"></trkpt>
      <trkpt lat="41.5006400" lon="12.7978600"></trkpt>
      <trkpt lat="41.5011900" lon="12.7978500"></trkpt>
      <trkpt lat="41.5014800" lon="12.7978400"></trkpt>
      <trkpt lat="41.5016300" lon="12.7978400"></trkpt>
      <trkpt lat="41.5035900" lon="12.7977600"></trkpt>
      <trkpt lat="41.5037000" lon="12.7977500"></trkpt>
      <trkpt lat="41.5040400" lon="12.7977400"></trkpt>
      <trkpt lat="41.5042900" lon="12.7977300"></trkpt>
      <trkpt lat="41.5045200" lon="12.7977200"></trkpt>
      <trkpt lat="41.5047000" lon="12.7977100"></trkpt>
      <trkpt lat="41.5056000" lon="12.7976700"></trkpt>
      <trkpt lat="41.5057800" lon="12.7976600"></trkpt>
      <trkpt lat="41.5058600" lon="12.7976600"></trkpt>
      <trkpt lat="41.5061400" lon="12.7976500"></trkpt>
      <trkpt lat="41.5062200" lon="12.7976400"></trkpt>
      <trkpt lat="41.5063200" lon="12.7976400"></trkpt>
      <trkpt lat="41.5064000" lon="12.7976300"></trkpt>
      <trkpt lat="41.5070300" lon="12.7976300"></trkpt>
      <trkpt lat="41.5070400" lon="12.7976400"></trkpt>
      <trkpt lat="41.5072200" lon="12.7976400"></trkpt>
      <trkpt lat="41.5073900" lon="12.7976400"></trkpt>
      <trkpt lat="41.5077900" lon="12.7976500"></trkpt>
      <trkpt lat="41.5078900" lon="12.7976600"></trkpt>
      <trkpt lat="41.5079900" lon="12.7976900"></trkpt>
      <trkpt lat="41.5080400" lon="12.7977000"></trkpt>
      <trkpt lat="41.5081000" lon="12.7977400"></trkpt>
      <trkpt lat="41.5084700" lon="12.7979700"></trkpt>
      <trkpt lat="41.5084800" lon="12.7979800"></trkpt>
      <trkpt lat="41.5086300" lon="12.7980800"></trkpt>
      <trkpt lat="41.5087400" lon="12.7981400"></trkpt>
      <trkpt lat="41.5087900" lon="12.7981800"></trkpt>
      <trkpt lat="41.5088300" lon="12.7982100"></trkpt>
      <trkpt lat="41.5089000" lon="12.7982600"></trkpt>
      <trkpt lat="41.5089400" lon="12.7982900"></trkpt>
      <trkpt lat="41.5090000" lon="12.7983300"></trkpt>
      <trkpt lat="41.5090700" lon="12.7983800"></trkpt>
      <trkpt lat="41.5091500" lon="12.7984700"></trkpt>
      <trkpt lat="41.5092700" lon="12.7985800"></trkpt>
      <trkpt lat="41.5093000" lon="12.7986100"></trkpt>
      <trkpt lat="41.5096000" lon="12.7988800"></trkpt>
      <trkpt lat="41.5096700" lon="12.7989400"></trkpt>
      <trkpt lat="41.5097300" lon="12.7989900"></trkpt>
      <trkpt lat="41.5098700" lon="12.7990700"></trkpt>
      <trkpt lat="41.5098900" lon="12.7990800"></trkpt>
      <trkpt lat="41.5099400" lon="12.7991500"></trkpt>
      <trkpt lat="41.5100100" lon="12.7992500"></trkpt>
      <trkpt lat="41.5101000" lon="12.7993700"></trkpt>
      <trkpt lat="41.5101100" lon="12.7999000"></trkpt>
      <trkpt lat="41.5101200" lon="12.8005700"></trkpt>
      <trkpt lat="41.5101300" lon="12.8008100"></trkpt>
      <trkpt lat="41.5101300" lon="12.8010500"></trkpt>
      <trkpt lat="41.5101400" lon="12.8012900"></trkpt>
      <trkpt lat="41.5101400" lon="12.8017700"></trkpt>
      <trkpt lat="41.5101500" lon="12.8020100"></trkpt>
      <trkpt lat="41.5101600" lon="12.8024900"></trkpt>
      <trkpt lat="41.5101600" lon="12.8027300"></trkpt>
      <trkpt lat="41.5101700" lon="12.8029800"></trkpt>
      <trkpt lat="41.5101700" lon="12.8032200"></trkpt>
      <trkpt lat="41.5102000" lon="12.8049000"></trkpt>
      <trkpt lat="41.5102200" lon="12.8057400"></trkpt>
      <trkpt lat="41.5102400" lon="12.8070000"></trkpt>
      <trkpt lat="41.5102600" lon="12.8084100"></trkpt>
      <trkpt lat="41.5102600" lon="12.8088600"></trkpt>
      <trkpt lat="41.5103000" lon="12.8110400"></trkpt>
      <trkpt lat="41.5103100" lon="12.8115300"></trkpt>
      <trkpt lat="41.5103200" lon="12.8126200"></trkpt>
      <trkpt lat="41.5103300" lon="12.8128200"></trkpt>
      <trkpt lat="41.5103500" lon="12.8140300"></trkpt>
      <trkpt lat="41.5103500" lon="12.8143900"></trkpt>
      <trkpt lat="41.5103600" lon="12.8147500"></trkpt>
      <trkpt lat="41.5103700" lon="12.8161700"></trkpt>
      <trkpt lat="41.5103800" lon="12.8163100"></trkpt>
      <trkpt lat="41.5103800" lon="12.8176100"></trkpt>
      <trkpt lat="41.5103500" lon="12.8176900"></trkpt>
      <trkpt lat="41.5103300" lon="12.8177700"></trkpt>
      <trkpt lat="41.5103000" lon="12.8178600"></trkpt>
      <trkpt lat="41.5102900" lon="12.8178700"></trkpt>
      <trkpt lat="41.5102800" lon="12.8178700"></trkpt>
      <trkpt lat="41.5102700" lon="12.8178800"></trkpt>
      <trkpt lat="41.5102600" lon="12.8178800"></trkpt>
      <trkpt lat="41.5102600" lon="12.8178900"></trkpt>
      <trkpt lat="41.5102500" lon="12.8179000"></trkpt>
      <trkpt lat="41.5102400" lon="12.8179100"></trkpt>
      <trkpt lat="41.5102300" lon="12.8179200"></trkpt>
      <trkpt lat="41.5102300" lon="12.8179400"></trkpt>
      <trkpt lat="41.5102200" lon="12.8179500"></trkpt>
      <trkpt lat="41.5102100" lon="12.8179600"></trkpt>
      <trkpt lat="41.5102100" lon="12.8180000"></trkpt>
      <trkpt lat="41.5102000" lon="12.8180100"></trkpt>
      <trkpt lat="41.5102000" lon="12.8180500"></trkpt>
      <trkpt lat="41.5102100" lon="12.8180600"></trkpt>
      <trkpt lat="41.5102100" lon="12.8180900"></trkpt>
      <trkpt lat="41.5102200" lon="12.8181000"></trkpt>
      <trkpt lat="41.5102200" lon="12.8181200"></trkpt>
      <trkpt lat="41.5102300" lon="12.8181300"></trkpt>
      <trkpt lat="41.5102300" lon="12.8181400"></trkpt>
      <trkpt lat="41.5102400" lon="12.8181500"></trkpt>
      <trkpt lat="41.5102500" lon="12.8181600"></trkpt>
      <trkpt lat="41.5102500" lon="12.8181700"></trkpt>
      <trkpt lat="41.5102600" lon="12.8181700"></trkpt>
      <trkpt lat="41.5102600" lon="12.8181800"></trkpt>
      <trkpt lat="41.5102700" lon="12.8181800"></trkpt>
      <trkpt lat="41.5102800" lon="12.8181900"></trkpt>
      <trkpt lat="41.5102900" lon="12.8182000"></trkpt>
      <trkpt lat="41.5103000" lon="12.8182000"></trkpt>
      <trkpt lat="41.5103500" lon="12.8183900"></trkpt>
      <trkpt lat="41.5103800" lon="12.8184600"></trkpt>
      <trkpt lat="41.5104000" lon="12.8192500"></trkpt>
      <trkpt lat="41.5104300" lon="12.8206200"></trkpt>
      <trkpt lat="41.5104400" lon="12.8208900"></trkpt>
      <trkpt lat="41.5104800" lon="12.8224500"></trkpt>
      <trkpt lat="41.5104800" lon="12.8225100"></trkpt>
      <trkpt lat="41.5104900" lon="12.8229000"></trkpt>
      <trkpt lat="41.5105000" lon="12.8231000"></trkpt>
      <trkpt lat="41.5105000" lon="12.8234600"></trkpt>
      <trkpt lat="41.5105400" lon="12.8258700"></trkpt>
      <trkpt lat="41.5105600" lon="12.8268400"></trkpt>
      <trkpt lat="41.5105900" lon="12.8287700"></trkpt>
      <trkpt lat="41.5106200" lon="12.8306100"></trkpt>
      <trkpt lat="41.5106600" lon="12.8327700"></trkpt>
      <trkpt lat="41.5106600" lon="12.8329400"></trkpt>
      <trkpt lat="41.5106700" lon="12.8331800"></trkpt>
      <trkpt lat="41.5106700" lon="12.8332200"></trkpt>
      <trkpt lat="41.5107000" lon="12.8340500"></trkpt>
      <trkpt lat="41.5107000" lon="12.8341100"></trkpt>
      <trkpt lat="41.5107200" lon="12.8345500"></trkpt>
      <trkpt lat="41.5107600" lon="12.8348500"></trkpt>
      <trkpt lat="41.5107900" lon="12.8350100"></trkpt>
      <trkpt lat="41.5108500" lon="12.8354400"></trkpt>
      <trkpt lat="41.5108900" lon="12.8356900"></trkpt>
      <trkpt lat="41.5110100" lon="12.8363500"></trkpt>
      <trkpt lat="41.5110300" lon="12.8364300"></trkpt>
      <trkpt lat="41.5110700" lon="12.8367600"></trkpt>
      <trkpt lat="41.5110800" lon="12.8368200"></trkpt>
      <trkpt lat="41.5110900" lon="12.8369100"></trkpt>
      <trkpt lat="41.5111900" lon="12.8376100"></trkpt>
      <trkpt lat="41.5112100" lon="12.8377200"></trkpt>
      <trkpt lat="41.5112800" lon="12.8382500"></trkpt>
      <trkpt lat="41.5113100" lon="12.8384300"></trkpt>
      <trkpt lat="41.5114000" lon="12.8390200"></trkpt>
      <trkpt lat="41.5114300" lon="12.8392000"></trkpt>
      <trkpt lat="41.5114800" lon="12.8395200"></trkpt>
      <trkpt lat="41.5114900" lon="12.8396100"></trkpt>
      <trkpt lat="41.5116300" lon="12.8403800"></trkpt>
      <trkpt lat="41.5121700" lon="12.8434600"></trkpt>
      <trkpt lat="41.5122500" lon="12.8439600"></trkpt>
      <trkpt lat="41.5123200" lon="12.8443700"></trkpt>
      <trkpt lat="41.5124400" lon="12.8451300"></trkpt>
      <trkpt lat="41.5125900" lon="12.8460600"></trkpt>
      <trkpt lat="41.5126500" lon="12.8464400"></trkpt>
      <trkpt lat="41.5126900" lon="12.8466400"></trkpt>
      <trkpt lat="41.5127400" lon="12.8469600"></trkpt>
      <trkpt lat="41.5128700" lon="12.8477600"></trkpt>
      <trkpt lat="41.5129000" lon="12.8479500"></trkpt>
      <trkpt lat="41.5129400" lon="12.8481700"></trkpt>
      <trkpt lat="41.5130100" lon="12.8486400"></trkpt>
      <trkpt lat="41.5131000" lon="12.8491000"></trkpt>
      <trkpt lat="41.5131300" lon="12.8493600"></trkpt>
      <trkpt lat="41.5131800" lon="12.8496500"></trkpt>
      <trkpt lat="41.5132400" lon="12.8500800"></trkpt>
      <trkpt lat="41.5133000" lon="12.8504100"></trkpt>
      <trkpt lat="41.5133700" lon="12.8507800"></trkpt>
      <trkpt lat="41.5134500" lon="12.8513200"></trkpt>
      <trkpt lat="41.5135400" lon="12.8519400"></trkpt>
      <trkpt lat="41.5135700" lon="12.8521000"></trkpt>
      <trkpt lat="41.5137600" lon="12.8532100"></trkpt>
      <trkpt lat="41.5138700" lon="12.8539100"></trkpt>
      <trkpt lat="41.5139000" lon="12.8540800"></trkpt>
      <trkpt lat="41.5139900" lon="12.8546000"></trkpt>
      <trkpt lat="41.5140100" lon="12.8547700"></trkpt>
      <trkpt lat="41.5140600" lon="12.8551100"></trkpt>
      <trkpt lat="41.5140800" lon="12.8552500"></trkpt>
      <trkpt lat="41.5141100" lon="12.8554800"></trkpt>
      <trkpt lat="41.5143300" lon="12.8569200"></trkpt>
      <trkpt lat="41.5143600" lon="12.8570900"></trkpt>
      <trkpt lat="41.5144000" lon="12.8572600"></trkpt>
      <trkpt lat="41.5144300" lon="12.8574500"></trkpt>
      <trkpt lat="41.5145100" lon="12.8578200"></trkpt>
      <trkpt lat="41.5145300" lon="12.8579300"></trkpt>
      <trkpt lat="41.5145700" lon="12.8581100"></trkpt>
      <trkpt lat="41.5146000" lon="12.8582000"></trkpt>
      <trkpt lat="41.5146300" lon="12.8583100"></trkpt>
      <trkpt lat="41.5146700" lon="12.8584100"></trkpt>
      <trkpt lat="41.5147300" lon="12.8586200"></trkpt>
      <trkpt lat="41.5149000" lon="12.8590100"></trkpt>
      <trkpt lat="41.5151000" lon="12.8594700"></trkpt>
      <trkpt lat="41.5154300" lon="12.8602600"></trkpt>
      <trkpt lat="41.5159500" lon="12.8614600"></trkpt>
      <trkpt lat="41.5163100" lon="12.8622900"></trkpt>
      <trkpt lat="41.5163900" lon="12.8624800"></trkpt>
      <trkpt lat="41.5165200" lon="12.8627800"></trkpt>
      <trkpt lat="41.5166100" lon="12.8629900"></trkpt>
      <trkpt lat="41.5167900" lon="12.8634100"></trkpt>
      <trkpt lat="41.5170300" lon="12.8639600"></trkpt>
      <trkpt lat="41.5170600" lon="12.8640200"></trkpt>
      <trkpt lat="41.5179100" lon="12.8660200"></trkpt>
      <trkpt lat="41.5186800" lon="12.8678100"></trkpt>
      <trkpt lat="41.5195000" lon="12.8697200"></trkpt>
      <trkpt lat="41.5197800" lon="12.8703900"></trkpt>
      <trkpt lat="41.5202700" lon="12.8715300"></trkpt>
      <trkpt lat="41.5206600" lon="12.8724200"></trkpt>
      <trkpt lat="41.5211600" lon="12.8736100"></trkpt>
      <trkpt lat="41.5213200" lon="12.8739700"></trkpt>
      <trkpt lat="41.5215600" lon="12.8745300"></trkpt>
      <trkpt lat="41.5217900" lon="12.8750600"></trkpt>
      <trkpt lat="41.5220600" lon="12.8757000"></trkpt>
      <trkpt lat="41.5230200" lon="12.8779500"></trkpt>
      <trkpt lat="41.5238400" lon="12.8798700"></trkpt>
      <trkpt lat="41.5240600" lon="12.8803900"></trkpt>
      <trkpt lat="41.5244100" lon="12.8812100"></trkpt>
      <trkpt lat="41.5246800" lon="12.8818400"></trkpt>
      <trkpt lat="41.5252100" lon="12.8830900"></trkpt>
      <trkpt lat="41.5255700" lon="12.8839200"></trkpt>
      <trkpt lat="41.5259800" lon="12.8848900"></trkpt>
      <trkpt lat="41.5264500" lon="12.8860000"></trkpt>
      <trkpt lat="41.5264600" lon="12.8860200"></trkpt>
      <trkpt lat="41.5264800" lon="12.8860600"></trkpt>
      <trkpt lat="41.5265400" lon="12.8862100"></trkpt>
      <trkpt lat="41.5265500" lon="12.8862200"></trkpt>
      <trkpt lat="41.5266400" lon="12.8864200"></trkpt>
      <trkpt lat="41.5267500" lon="12.8866200"></trkpt>
      <trkpt lat="41.5272300" lon="12.8874900"></trkpt>
      <trkpt lat="41.5272900" lon="12.8875900"></trkpt>
      <trkpt lat="41.5274100" lon="12.8878000"></trkpt>
      <trkpt lat="41.5275800" lon="12.8881200"></trkpt>
      <trkpt lat="41.5276200" lon="12.8881800"></trkpt>
      <trkpt lat="41.5278300" lon="12.8885600"></trkpt>
      <trkpt lat="41.5280900" lon="12.8890100"></trkpt>
      <trkpt lat="41.5283300" lon="12.8893000"></trkpt>
      <trkpt lat="41.5284200" lon="12.8894000"></trkpt>
      <trkpt lat="41.5286400" lon="12.8897200"></trkpt>
      <trkpt lat="41.5290000" lon="12.8902100"></trkpt>
      <trkpt lat="41.5302900" lon="12.8920000"></trkpt>
      <trkpt lat="41.5304900" lon="12.8922800"></trkpt>
      <trkpt lat="41.5315100" lon="12.8936700"></trkpt>
      <trkpt lat="41.5325400" lon="12.8950600"></trkpt>
      <trkpt lat="41.5332600" lon="12.8960200"></trkpt>
      <trkpt lat="41.5332700" lon="12.8960400"></trkpt>
      <trkpt lat="41.5335900" lon="12.8964700"></trkpt>
      <trkpt lat="41.5338000" lon="12.8967600"></trkpt>
      <trkpt lat="41.5349300" lon="12.8983000"></trkpt>
      <trkpt lat="41.5358600" lon="12.8995800"></trkpt>
      <trkpt lat="41.5363200" lon="12.9002000"></trkpt>
      <trkpt lat="41.5374800" lon="12.9017800"></trkpt>
      <trkpt lat="41.5385500" lon="12.9032100"></trkpt>
      <trkpt lat="41.5386800" lon="12.9033800"></trkpt>
      <trkpt lat="41.5387500" lon="12.9034700"></trkpt>
      <trkpt lat="41.5392600" lon="12.9041700"></trkpt>
      <trkpt lat="41.5387800" lon="12.9047900"></trkpt>
      <trkpt lat="41.5386900" lon="12.9049100"></trkpt>
      <trkpt lat="41.5386300" lon="12.9049900"></trkpt>
      <trkpt lat="41.5381400" lon="12.9056200"></trkpt>
      <trkpt lat="41.5380900" lon="12.9056900"></trkpt>
      <trkpt lat="41.5380100" lon="12.9057900"></trkpt>
      <trkpt lat="41.5377000" lon="12.9062000"></trkpt>
      <trkpt lat="41.5366700" lon="12.9075300"></trkpt>
      <trkpt lat="41.5360700" lon="12.9083100"></trkpt>
      <trkpt lat="41.5351600" lon="12.9094800"></trkpt>
      <trkpt lat="41.5342500" lon="12.9106500"></trkpt>
      <trkpt lat="41.5341800" lon="12.9107500"></trkpt>
      <trkpt lat="41.5338300" lon="12.9111900"></trkpt>
      <trkpt lat="41.5338300" lon="12.9112000"></trkpt>
      <trkpt lat="41.5337800" lon="12.9112700"></trkpt>
      <trkpt lat="41.5334500" lon="12.9117000"></trkpt>
      <trkpt lat="41.5331500" lon="12.9120800"></trkpt>
      <trkpt lat="41.5328400" lon="12.9124800"></trkpt>
      <trkpt lat="41.5327300" lon="12.9126300"></trkpt>
      <trkpt lat="41.5326900" lon="12.9126700"></trkpt>
      <trkpt lat="41.5326600" lon="12.9127100"></trkpt>
      <trkpt lat="41.5315800" lon="12.9141100"></trkpt>
      <trkpt lat="41.5314800" lon="12.9142500"></trkpt>
      <trkpt lat="41.5311100" lon="12.9147200"></trkpt>
      <trkpt lat="41.5305300" lon="12.9154600"></trkpt>
      <trkpt lat="41.5304300" lon="12.9156000"></trkpt>
      <trkpt lat="41.5302000" lon="12.9158900"></trkpt>
      <trkpt lat="41.5296300" lon="12.9166400"></trkpt>
      <trkpt lat="41.5295200" lon="12.9167900"></trkpt>
      <trkpt lat="41.5292200" lon="12.9171800"></trkpt>
      <trkpt lat="41.5291800" lon="12.9172300"></trkpt>
      <trkpt lat="41.5291300" lon="12.9172900"></trkpt>
      <trkpt lat="41.5287300" lon="12.9178000"></trkpt>
      <trkpt lat="41.5284000" lon="12.9182200"></trkpt>
      <trkpt lat="41.5282700" lon="12.9183500"></trkpt>
      <trkpt lat="41.5281800" lon="12.9184300"></trkpt>
      <trkpt lat="41.5280800" lon="12.9184900"></trkpt>
      <trkpt lat="41.5279700" lon="12.9185400"></trkpt>
      <trkpt lat="41.5278800" lon="12.9185700"></trkpt>
      <trkpt lat="41.5277400" lon="12.9186300"></trkpt>
      <trkpt lat="41.5276400" lon="12.9186300"></trkpt>
      <trkpt lat="41.5276100" lon="12.9186400"></trkpt>
      <trkpt lat="41.5275600" lon="12.9186600"></trkpt>
      <trkpt lat="41.5275100" lon="12.9187000"></trkpt>
      <trkpt lat="41.5274600" lon="12.9187400"></trkpt>
      <trkpt lat="41.5274200" lon="12.9188000"></trkpt>
      <trkpt lat="41.5273800" lon="12.9188600"></trkpt>
      <trkpt lat="41.5273500" lon="12.9189300"></trkpt>
      <trkpt lat="41.5273300" lon="12.9190100"></trkpt>
      <trkpt lat="41.5273200" lon="12.9191100"></trkpt>
      <trkpt lat="41.5273200" lon="12.9191700"></trkpt>
      <trkpt lat="41.5273100" lon="12.9191900"></trkpt>
      <trkpt lat="41.5273200" lon="12.9192100"></trkpt>
      <trkpt lat="41.5273200" lon="12.9192700"></trkpt>
      <trkpt lat="41.5272600" lon="12.9193800"></trkpt>
      <trkpt lat="41.5271800" lon="12.9196500"></trkpt>
      <trkpt lat="41.5270700" lon="12.9198900"></trkpt>
      <trkpt lat="41.5270000" lon="12.9200100"></trkpt>
      <trkpt lat="41.5269500" lon="12.9201100"></trkpt>
      <trkpt lat="41.5267000" lon="12.9204400"></trkpt>
      <trkpt lat="41.5264800" lon="12.9207300"></trkpt>
      <trkpt lat="41.5264400" lon="12.9207800"></trkpt>
      <trkpt lat="41.5256900" lon="12.9217600"></trkpt>
      <trkpt lat="41.5254600" lon="12.9220500"></trkpt>
      <trkpt lat="41.5254000" lon="12.9221400"></trkpt>
      <trkpt lat="41.5252700" lon="12.9223100"></trkpt>
      <trkpt lat="41.5241100" lon="12.9238100"></trkpt>
      <trkpt lat="41.5232600" lon="12.9248900"></trkpt>
      <trkpt lat="41.5206000" lon="12.9283100"></trkpt>
      <trkpt lat="41.5202700" lon="12.9287400"></trkpt>
      <trkpt lat="41.5199600" lon="12.9291500"></trkpt>
      <trkpt lat="41.5197000" lon="12.9294900"></trkpt>
      <trkpt lat="41.5195800" lon="12.9296500"></trkpt>
      <trkpt lat="41.5184600" lon="12.9311200"></trkpt>
      <trkpt lat="41.5176100" lon="12.9322000"></trkpt>
      <trkpt lat="41.5167100" lon="12.9333700"></trkpt>
      <trkpt lat="41.5167000" lon="12.9333700"></trkpt>
      <trkpt lat="41.5165800" lon="12.9335300"></trkpt>
      <trkpt lat="41.5160600" lon="12.9342100"></trkpt>
      <trkpt lat="41.5157600" lon="12.9345900"></trkpt>
      <trkpt lat="41.5152800" lon="12.9352000"></trkpt>
      <trkpt lat="41.5152300" lon="12.9352700"></trkpt>
      <trkpt lat="41.5150900" lon="12.9354500"></trkpt>
      <trkpt lat="41.5150300" lon="12.9355200"></trkpt>
      <trkpt lat="41.5148800" lon="12.9357200"></trkpt>
      <trkpt lat="41.5148100" lon="12.9358100"></trkpt>
      <trkpt lat="41.5146600" lon="12.9360000"></trkpt>
      <trkpt lat="41.5144100" lon="12.9363200"></trkpt>
      <trkpt lat="41.5143800" lon="12.9363600"></trkpt>
      <trkpt lat="41.5143300" lon="12.9364200"></trkpt>
      <trkpt lat="41.5139300" lon="12.9369400"></trkpt>
      <trkpt lat="41.5139100" lon="12.9369700"></trkpt>
      <trkpt lat="41.5138300" lon="12.9370800"></trkpt>
      <trkpt lat="41.5138100" lon="12.9370900"></trkpt>
      <trkpt lat="41.5137700" lon="12.9371500"></trkpt>
      <trkpt lat="41.5137000" lon="12.9372400"></trkpt>
      <trkpt lat="41.5135700" lon="12.9374100"></trkpt>
      <trkpt lat="41.5131800" lon="12.9379100"></trkpt>
      <trkpt lat="41.5131600" lon="12.9379400"></trkpt>
      <trkpt lat="41.5131300" lon="12.9379800"></trkpt>
      <trkpt lat="41.5130500" lon="12.9380800"></trkpt>
      <trkpt lat="41.5130000" lon="12.9381400"></trkpt>
      <trkpt lat="41.5129800" lon="12.9381700"></trkpt>
      <trkpt lat="41.5121200" lon="12.9392700"></trkpt>
      <trkpt lat="41.5120900" lon="12.9393100"></trkpt>
      <trkpt lat="41.5113800" lon="12.9402400"></trkpt>
      <trkpt lat="41.5108300" lon="12.9409400"></trkpt>
      <trkpt lat="41.5108200" lon="12.9409600"></trkpt>
      <trkpt lat="41.5103900" lon="12.9415100"></trkpt>
      <trkpt lat="41.5103400" lon="12.9415900"></trkpt>
      <trkpt lat="41.5093900" lon="12.9427700"></trkpt>
      <trkpt lat="41.5092900" lon="12.9429000"></trkpt>
      <trkpt lat="41.5092600" lon="12.9429300"></trkpt>
      <trkpt lat="41.5091300" lon="12.9431000"></trkpt>
      <trkpt lat="41.5089400" lon="12.9433700"></trkpt>
      <trkpt lat="41.5088300" lon="12.9435100"></trkpt>
      <trkpt lat="41.5086400" lon="12.9437600"></trkpt>
      <trkpt lat="41.5080800" lon="12.9444900"></trkpt>
      <trkpt lat="41.5080500" lon="12.9445300"></trkpt>
      <trkpt lat="41.5079100" lon="12.9447100"></trkpt>
      <trkpt lat="41.5078800" lon="12.9447600"></trkpt>
      <trkpt lat="41.5077900" lon="12.9448800"></trkpt>
      <trkpt lat="41.5076200" lon="12.9451000"></trkpt>
      <trkpt lat="41.5075900" lon="12.9451500"></trkpt>
      <trkpt lat="41.5075100" lon="12.9452400"></trkpt>
      <trkpt lat="41.5073500" lon="12.9454600"></trkpt>
      <trkpt lat="41.5072400" lon="12.9455600"></trkpt>
      <trkpt lat="41.5069500" lon="12.9459400"></trkpt>
      <trkpt lat="41.5066500" lon="12.9463300"></trkpt>
      <trkpt lat="41.5063000" lon="12.9467900"></trkpt>
      <trkpt lat="41.5061700" lon="12.9469600"></trkpt>
      <trkpt lat="41.5059900" lon="12.9471800"></trkpt>
      <trkpt lat="41.5059600" lon="12.9472200"></trkpt>
      <trkpt lat="41.5058600" lon="12.9473600"></trkpt>
      <trkpt lat="41.5057500" lon="12.9474900"></trkpt>
      <trkpt lat="41.5057000" lon="12.9475500"></trkpt>
      <trkpt lat="41.5056500" lon="12.9476300"></trkpt>
      <trkpt lat="41.5053000" lon="12.9480800"></trkpt>
      <trkpt lat="41.5052100" lon="12.9482000"></trkpt>
      <trkpt lat="41.5050600" lon="12.9483900"></trkpt>
      <trkpt lat="41.5046000" lon="12.9489800"></trkpt>
      <trkpt lat="41.5045200" lon="12.9490800"></trkpt>
      <trkpt lat="41.5042200" lon="12.9494700"></trkpt>
      <trkpt lat="41.5041500" lon="12.9495600"></trkpt>
      <trkpt lat="41.5035200" lon="12.9503700"></trkpt>
      <trkpt lat="41.5035200" lon="12.9503800"></trkpt>
      <trkpt lat="41.5034900" lon="12.9504200"></trkpt>
      <trkpt lat="41.5034200" lon="12.9505100"></trkpt>
      <trkpt lat="41.5034000" lon="12.9505400"></trkpt>
      <trkpt lat="41.5029800" lon="12.9510900"></trkpt>
      <trkpt lat="41.5029000" lon="12.9511900"></trkpt>
      <trkpt lat="41.5028500" lon="12.9512600"></trkpt>
      <trkpt lat="41.5028000" lon="12.9513200"></trkpt>
      <trkpt lat="41.5024000" lon="12.9518400"></trkpt>
      <trkpt lat="41.5023600" lon="12.9518900"></trkpt>
      <trkpt lat="41.5020300" lon="12.9523100"></trkpt>
      <trkpt lat="41.5012400" lon="12.9533300"></trkpt>
      <trkpt lat="41.5004800" lon="12.9543000"></trkpt>
      <trkpt lat="41.4996800" lon="12.9553400"></trkpt>
      <trkpt lat="41.4993900" lon="12.9557100"></trkpt>
      <trkpt lat="41.4991500" lon="12.9560300"></trkpt>
      <trkpt lat="41.4962900" lon="12.9597000"></trkpt>
      <trkpt lat="41.4962600" lon="12.9597400"></trkpt>
      <trkpt lat="41.4955000" lon="12.9607200"></trkpt>
      <trkpt lat="41.4952500" lon="12.9610400"></trkpt>
      <trkpt lat="41.4943500" lon="12.9621900"></trkpt>
      <trkpt lat="41.4943200" lon="12.9622400"></trkpt>
      <trkpt lat="41.4942900" lon="12.9622800"></trkpt>
      <trkpt lat="41.4938700" lon="12.9628100"></trkpt>
      <trkpt lat="41.4935100" lon="12.9632800"></trkpt>
      <trkpt lat="41.4930800" lon="12.9638300"></trkpt>
      <trkpt lat="41.4930500" lon="12.9638700"></trkpt>
      <trkpt lat="41.4930200" lon="12.9639100"></trkpt>
      <trkpt lat="41.4922100" lon="12.9649500"></trkpt>
      <trkpt lat="41.4902800" lon="12.9674400"></trkpt>
      <trkpt lat="41.4902700" lon="12.9674500"></trkpt>
      <trkpt lat="41.4901400" lon="12.9676200"></trkpt>
      <trkpt lat="41.4874300" lon="12.9711100"></trkpt>
      <trkpt lat="41.4858800" lon="12.9731100"></trkpt>
      <trkpt lat="41.4848400" lon="12.9744400"></trkpt>
      <trkpt lat="41.4845400" lon="12.9748200"></trkpt>
      <trkpt lat="41.4845100" lon="12.9748600"></trkpt>
      <trkpt lat="41.4841300" lon="12.9753500"></trkpt>
      <trkpt lat="41.4841900" lon="12.9754200"></trkpt>
      <trkpt lat="41.4848500" lon="12.9763400"></trkpt>
      <trkpt lat="41.4848700" lon="12.9763700"></trkpt>
      <trkpt lat="41.4848900" lon="12.9763900"></trkpt>
      <trkpt lat="41.4849200" lon="12.9764400"></trkpt>
      <trkpt lat="41.4849500" lon="12.9764800"></trkpt>
      <trkpt lat="41.4853700" lon="12.9770500"></trkpt>
      <trkpt lat="41.4859700" lon="12.9778600"></trkpt>
      <trkpt lat="41.4862800" lon="12.9782700"></trkpt>
      <trkpt lat="41.4865000" lon="12.9785600"></trkpt>
      <trkpt lat="41.4869000" lon="12.9791000"></trkpt>
      <trkpt lat="41.4869800" lon="12.9792000"></trkpt>
      <trkpt lat="41.4870500" lon="12.9792900"></trkpt>
      <trkpt lat="41.4874800" lon="12.9798800"></trkpt>
      <trkpt lat="41.4876800" lon="12.9801600"></trkpt>
      <trkpt lat="41.4878600" lon="12.9804100"></trkpt>
      <trkpt lat="41.4879000" lon="12.9804500"></trkpt>
      <trkpt lat="41.4879600" lon="12.9805400"></trkpt>
      <trkpt lat="41.4882500" lon="12.9809400"></trkpt>
      <trkpt lat="41.4883800" lon="12.9811300"></trkpt>
      <trkpt lat="41.4884500" lon="12.9812200"></trkpt>
      <trkpt lat="41.4887100" lon="12.9815800"></trkpt>
      <trkpt lat="41.4887500" lon="12.9816300"></trkpt>
      <trkpt lat="41.4887800" lon="12.9816700"></trkpt>
      <trkpt lat="41.4888900" lon="12.9818300"></trkpt>
      <trkpt lat="41.4892300" lon="12.9822800"></trkpt>
      <trkpt lat="41.4893100" lon="12.9823800"></trkpt>
      <trkpt lat="41.4893400" lon="12.9824300"></trkpt>
      <trkpt lat="41.4893700" lon="12.9824700"></trkpt>
      <trkpt lat="41.4896400" lon="12.9828400"></trkpt>
      <trkpt lat="41.4897700" lon="12.9830100"></trkpt>
      <trkpt lat="41.4900200" lon="12.9833600"></trkpt>
      <trkpt lat="41.4901200" lon="12.9835000"></trkpt>
      <trkpt lat="41.4901400" lon="12.9835200"></trkpt>
      <trkpt lat="41.4904800" lon="12.9839600"></trkpt>
      <trkpt lat="41.4906600" lon="12.9842100"></trkpt>
      <trkpt lat="41.4909300" lon="12.9845900"></trkpt>
      <trkpt lat="41.4914600" lon="12.9852700"></trkpt>
      <trkpt lat="41.4916200" lon="12.9854400"></trkpt>
      <trkpt lat="41.4919900" lon="12.9858500"></trkpt>
      <trkpt lat="41.4921900" lon="12.9860800"></trkpt>
      <trkpt lat="41.4926600" lon="12.9865800"></trkpt>
      <trkpt lat="41.4932300" lon="12.9872000"></trkpt>
      <trkpt lat="41.4937500" lon="12.9877800"></trkpt>
      <trkpt lat="41.4938000" lon="12.9878400"></trkpt>
      <trkpt lat="41.4944900" lon="12.9886200"></trkpt>
      <trkpt lat="41.4952000" lon="12.9893900"></trkpt>
      <trkpt lat="41.4959800" lon="12.9902100"></trkpt>
      <trkpt lat="41.4962000" lon="12.9904400"></trkpt>
      <trkpt lat="41.4964700" lon="12.9907500"></trkpt>
      <trkpt lat="41.4966500" lon="12.9909900"></trkpt>
      <trkpt lat="41.4966600" lon="12.9910000"></trkpt>
      <trkpt lat="41.4967500" lon="12.9911400"></trkpt>
      <trkpt lat="41.4968300" lon="12.9913100"></trkpt>
      <trkpt lat="41.4968800" lon="12.9914600"></trkpt>
      <trkpt lat="41.4969200" lon="12.9915600"></trkpt>
      <trkpt lat="41.4969500" lon="12.9916100"></trkpt>
      <trkpt lat="41.4970100" lon="12.9917300"></trkpt>
      <trkpt lat="41.4971000" lon="12.9919500"></trkpt>
      <trkpt lat="41.4971500" lon="12.9921400"></trkpt>
      <trkpt lat="41.4971600" lon="12.9921700"></trkpt>
      <trkpt lat="41.4971600" lon="12.9922000"></trkpt>
      <trkpt lat="41.4971900" lon="12.9923200"></trkpt>
      <trkpt lat="41.4972100" lon="12.9925700"></trkpt>
      <trkpt lat="41.4972300" lon="12.9927600"></trkpt>
      <trkpt lat="41.4973000" lon="12.9935800"></trkpt>
      <trkpt lat="41.4973600" lon="12.9940800"></trkpt>
      <trkpt lat="41.4973900" lon="12.9943600"></trkpt>
      <trkpt lat="41.4974200" lon="12.9947100"></trkpt>
      <trkpt lat="41.4974400" lon="12.9948100"></trkpt>
      <trkpt lat="41.4975000" lon="12.9953600"></trkpt>
      <trkpt lat="41.4976000" lon="12.9963900"></trkpt>
      <trkpt lat="41.4977100" lon="12.9976000"></trkpt>
      <trkpt lat="41.4977600" lon="12.9980500"></trkpt>
      <trkpt lat="41.4977700" lon="12.9981400"></trkpt>
      <trkpt lat="41.4977800" lon="12.9982900"></trkpt>
      <trkpt lat="41.4978300" lon="12.9987200"></trkpt>
      <trkpt lat="41.4979000" lon="12.9994800"></trkpt>
      <trkpt lat="41.4979300" lon="12.9998700"></trkpt>
      <trkpt lat="41.4980100" lon="13.0006600"></trkpt>
      <trkpt lat="41.4980200" lon="13.0007700"></trkpt>
      <trkpt lat="41.4980900" lon="13.0016000"></trkpt>
      <trkpt lat="41.4981500" lon="13.0023800"></trkpt>
      <trkpt lat="41.4981600" lon="13.0024100"></trkpt>
      <trkpt lat="41.4981700" lon="13.0029000"></trkpt>
      <trkpt lat="41.4981700" lon="13.0030900"></trkpt>
      <trkpt lat="41.4981400" lon="13.0034800"></trkpt>
      <trkpt lat="41.4980800" lon="13.0039900"></trkpt>
      <trkpt lat="41.4980000" lon="13.0044700"></trkpt>
      <trkpt lat="41.4977600" lon="13.0057400"></trkpt>
      <trkpt lat="41.4977500" lon="13.0057900"></trkpt>
      <trkpt lat="41.4976700" lon="13.0061900"></trkpt>
      <trkpt lat="41.4975900" lon="13.0066200"></trkpt>
      <trkpt lat="41.4975100" lon="13.0070400"></trkpt>
      <trkpt lat="41.4974000" lon="13.0076300"></trkpt>
      <trkpt lat="41.4973400" lon="13.0079100"></trkpt>
      <trkpt lat="41.4971900" lon="13.0087700"></trkpt>
      <trkpt lat="41.4971400" lon="13.0090200"></trkpt>
      <trkpt lat="41.4970000" lon="13.0098100"></trkpt>
      <trkpt lat="41.4969900" lon="13.0098300"></trkpt>
      <trkpt lat="41.4968700" lon="13.0105300"></trkpt>
      <trkpt lat="41.4968400" lon="13.0107500"></trkpt>
      <trkpt lat="41.4966200" lon="13.0119000"></trkpt>
      <trkpt lat="41.4965900" lon="13.0120800"></trkpt>
      <trkpt lat="41.4965500" lon="13.0122900"></trkpt>
      <trkpt lat="41.4964000" lon="13.0130800"></trkpt>
      <trkpt lat="41.4963800" lon="13.0132100"></trkpt>
      <trkpt lat="41.4962500" lon="13.0139000"></trkpt>
      <trkpt lat="41.4962300" lon="13.0139500"></trkpt>
      <trkpt lat="41.4962200" lon="13.0140100"></trkpt>
      <trkpt lat="41.4961600" lon="13.0143600"></trkpt>
      <trkpt lat="41.4959800" lon="13.0153400"></trkpt>
      <trkpt lat="41.4958200" lon="13.0161500"></trkpt>
      <trkpt lat="41.4956400" lon="13.0171300"></trkpt>
      <trkpt lat="41.4956000" lon="13.0173900"></trkpt>
      <trkpt lat="41.4953700" lon="13.0186400"></trkpt>
      <trkpt lat="41.4953600" lon="13.0186400"></trkpt>
      <trkpt lat="41.4952700" lon="13.0191900"></trkpt>
      <trkpt lat="41.4952600" lon="13.0192300"></trkpt>
      <trkpt lat="41.4951900" lon="13.0196100"></trkpt>
      <trkpt lat="41.4951100" lon="13.0200400"></trkpt>
      <trkpt lat="41.4950800" lon="13.0202300"></trkpt>
      <trkpt lat="41.4950100" lon="13.0205700"></trkpt>
      <trkpt lat="41.4948600" lon="13.0214200"></trkpt>
      <trkpt lat="41.4948500" lon="13.0215000"></trkpt>
      <trkpt lat="41.4946300" lon="13.0225900"></trkpt>
      <trkpt lat="41.4945400" lon="13.0230700"></trkpt>
      <trkpt lat="41.4943200" lon="13.0242000"></trkpt>
      <trkpt lat="41.4942700" lon="13.0245200"></trkpt>
      <trkpt lat="41.4941400" lon="13.0251900"></trkpt>
      <trkpt lat="41.4940600" lon="13.0256500"></trkpt>
      <trkpt lat="41.4940600" lon="13.0256700"></trkpt>
      <trkpt lat="41.4939700" lon="13.0260600"></trkpt>
      <trkpt lat="41.4937400" lon="13.0273700"></trkpt>
      <trkpt lat="41.4937200" lon="13.0274700"></trkpt>
      <trkpt lat="41.4936200" lon="13.0279600"></trkpt>
      <trkpt lat="41.4935800" lon="13.0282200"></trkpt>
      <trkpt lat="41.4934800" lon="13.0287900"></trkpt>
      <trkpt lat="41.4933300" lon="13.0296200"></trkpt>
      <trkpt lat="41.4932700" lon="13.0299600"></trkpt>
      <trkpt lat="41.4932600" lon="13.0299800"></trkpt>
      <trkpt lat="41.4932200" lon="13.0302200"></trkpt>
      <trkpt lat="41.4929700" lon="13.0315500"></trkpt>
      <trkpt lat="41.4928700" lon="13.0320800"></trkpt>
      <trkpt lat="41.4928500" lon="13.0322000"></trkpt>
      <trkpt lat="41.4927500" lon="13.0327200"></trkpt>
      <trkpt lat="41.4927400" lon="13.0327800"></trkpt>
      <trkpt lat="41.4927000" lon="13.0330300"></trkpt>
      <trkpt lat="41.4926600" lon="13.0332600"></trkpt>
      <trkpt lat="41.4925000" lon="13.0341100"></trkpt>
      <trkpt lat="41.4923200" lon="13.0351100"></trkpt>
      <trkpt lat="41.4922300" lon="13.0355900"></trkpt>
      <trkpt lat="41.4921600" lon="13.0360100"></trkpt>
      <trkpt lat="41.4921300" lon="13.0360600"></trkpt>
      <trkpt lat="41.4920600" lon="13.0361400"></trkpt>
      <trkpt lat="41.4920100" lon="13.0361800"></trkpt>
      <trkpt lat="41.4919600" lon="13.0362100"></trkpt>
      <trkpt lat="41.4919100" lon="13.0362100"></trkpt>
      <trkpt lat="41.4918800" lon="13.0362100"></trkpt>
      <trkpt lat="41.4918700" lon="13.0362200"></trkpt>
      <trkpt lat="41.4918600" lon="13.0362300"></trkpt>
      <trkpt lat="41.4918500" lon="13.0362300"></trkpt>
      <trkpt lat="41.4918400" lon="13.0362400"></trkpt>
      <trkpt lat="41.4918200" lon="13.0362600"></trkpt>
      <trkpt lat="41.4918100" lon="13.0362700"></trkpt>
      <trkpt lat="41.4916100" lon="13.0363100"></trkpt>
      <trkpt lat="41.4915900" lon="13.0363000"></trkpt>
      <trkpt lat="41.4915600" lon="13.0362900"></trkpt>
      <trkpt lat="41.4914800" lon="13.0362700"></trkpt>
      <trkpt lat="41.4913800" lon="13.0362700"></trkpt>
      <trkpt lat="41.4913600" lon="13.0362800"></trkpt>
      <trkpt lat="41.4913300" lon="13.0362900"></trkpt>
      <trkpt lat="41.4913100" lon="13.0363000"></trkpt>
      <trkpt lat="41.4912900" lon="13.0363100"></trkpt>
      <trkpt lat="41.4912600" lon="13.0363200"></trkpt>
      <trkpt lat="41.4912400" lon="13.0363400"></trkpt>
      <trkpt lat="41.4912000" lon="13.0363600"></trkpt>
      <trkpt lat="41.4911400" lon="13.0364400"></trkpt>
      <trkpt lat="41.4911000" lon="13.0364900"></trkpt>
      <trkpt lat="41.4911000" lon="13.0365000"></trkpt>
      <trkpt lat="41.4910600" lon="13.0365600"></trkpt>
      <trkpt lat="41.4910400" lon="13.0366100"></trkpt>
      <trkpt lat="41.4910300" lon="13.0366700"></trkpt>
      <trkpt lat="41.4910200" lon="13.0367000"></trkpt>
      <trkpt lat="41.4909900" lon="13.0368100"></trkpt>
      <trkpt lat="41.4909700" lon="13.0369300"></trkpt>
      <trkpt lat="41.4908800" lon="13.0373900"></trkpt>
      <trkpt lat="41.4908200" lon="13.0376700"></trkpt>
      <trkpt lat="41.4908000" lon="13.0377900"></trkpt>
      <trkpt lat="41.4907700" lon="13.0379400"></trkpt>
      <trkpt lat="41.4906700" lon="13.0384200"></trkpt>
      <trkpt lat="41.4905500" lon="13.0390100"></trkpt>
      <trkpt lat="41.4905400" lon="13.0390600"></trkpt>
      <trkpt lat="41.4905100" lon="13.0392100"></trkpt>
      <trkpt lat="41.4904900" lon="13.0393000"></trkpt>
      <trkpt lat="41.4903700" lon="13.0398400"></trkpt>
      <trkpt lat="41.4902900" lon="13.0402200"></trkpt>
      <trkpt lat="41.4902700" lon="13.0402700"></trkpt>
      <trkpt lat="41.4902600" lon="13.0403300"></trkpt>
      <trkpt lat="41.4902500" lon="13.0403600"></trkpt>
      <trkpt lat="41.4902400" lon="13.0404400"></trkpt>
      <trkpt lat="41.4901800" lon="13.0406700"></trkpt>
      <trkpt lat="41.4901100" lon="13.0410000"></trkpt>
      <trkpt lat="41.4899000" lon="13.0418800"></trkpt>
      <trkpt lat="41.4896000" lon="13.0431200"></trkpt>
      <trkpt lat="41.4895700" lon="13.0432500"></trkpt>
      <trkpt lat="41.4895400" lon="13.0433500"></trkpt>
      <trkpt lat="41.4895200" lon="13.0434200"></trkpt>
      <trkpt lat="41.4893600" lon="13.0440700"></trkpt>
      <trkpt lat="41.4893400" lon="13.0441700"></trkpt>
      <trkpt lat="41.4891800" lon="13.0448200"></trkpt>
      <trkpt lat="41.4891500" lon="13.0449500"></trkpt>
      <trkpt lat="41.4891100" lon="13.0450800"></trkpt>
      <trkpt lat="41.4890900" lon="13.0451700"></trkpt>
      <trkpt lat="41.4890100" lon="13.0455000"></trkpt>
      <trkpt lat="41.4889200" lon="13.0458600"></trkpt>
      <trkpt lat="41.4888200" lon="13.0462800"></trkpt>
      <trkpt lat="41.4886500" lon="13.0469900"></trkpt>
      <trkpt lat="41.4885200" lon="13.0475300"></trkpt>
      <trkpt lat="41.4885100" lon="13.0475500"></trkpt>
      <trkpt lat="41.4885000" lon="13.0475900"></trkpt>
      <trkpt lat="41.4884400" lon="13.0478800"></trkpt>
      <trkpt lat="41.4884300" lon="13.0479200"></trkpt>
      <trkpt lat="41.4884100" lon="13.0480700"></trkpt>
      <trkpt lat="41.4883900" lon="13.0481700"></trkpt>
      <trkpt lat="41.4883700" lon="13.0483000"></trkpt>
      <trkpt lat="41.4883300" lon="13.0485000"></trkpt>
      <trkpt lat="41.4883300" lon="13.0485400"></trkpt>
      <trkpt lat="41.4883200" lon="13.0486200"></trkpt>
      <trkpt lat="41.4883000" lon="13.0487500"></trkpt>
      <trkpt lat="41.4882900" lon="13.0488600"></trkpt>
      <trkpt lat="41.4882800" lon="13.0490100"></trkpt>
      <trkpt lat="41.4882700" lon="13.0491100"></trkpt>
      <trkpt lat="41.4882600" lon="13.0492500"></trkpt>
      <trkpt lat="41.4882500" lon="13.0494900"></trkpt>
      <trkpt lat="41.4882500" lon="13.0496500"></trkpt>
      <trkpt lat="41.4882400" lon="13.0497800"></trkpt>
      <trkpt lat="41.4882400" lon="13.0498200"></trkpt>
      <trkpt lat="41.4882500" lon="13.0500600"></trkpt>
      <trkpt lat="41.4882600" lon="13.0502900"></trkpt>
      <trkpt lat="41.4882700" lon="13.0505000"></trkpt>
      <trkpt lat="41.4882700" lon="13.0505200"></trkpt>
      <trkpt lat="41.4882900" lon="13.0507400"></trkpt>
      <trkpt lat="41.4883200" lon="13.0510100"></trkpt>
      <trkpt lat="41.4883700" lon="13.0514500"></trkpt>
      <trkpt lat="41.4883700" lon="13.0514600"></trkpt>
      <trkpt lat="41.4884500" lon="13.0520600"></trkpt>
      <trkpt lat="41.4884600" lon="13.0521600"></trkpt>
      <trkpt lat="41.4884700" lon="13.0522400"></trkpt>
      <trkpt lat="41.4884800" lon="13.0523200"></trkpt>
      <trkpt lat="41.4885300" lon="13.0526300"></trkpt>
      <trkpt lat="41.4885500" lon="13.0528400"></trkpt>
      <trkpt lat="41.4885800" lon="13.0530500"></trkpt>
      <trkpt lat="41.4886200" lon="13.0533700"></trkpt>
      <trkpt lat="41.4886500" lon="13.0536600"></trkpt>
      <trkpt lat="41.4886700" lon="13.0539200"></trkpt>
      <trkpt lat="41.4886900" lon="13.0542600"></trkpt>
      <trkpt lat="41.4886900" lon="13.0545400"></trkpt>
      <trkpt lat="41.4886800" lon="13.0547100"></trkpt>
      <trkpt lat="41.4886700" lon="13.0548700"></trkpt>
      <trkpt lat="41.4886600" lon="13.0550800"></trkpt>
      <trkpt lat="41.4886600" lon="13.0551100"></trkpt>
      <trkpt lat="41.4886400" lon="13.0552900"></trkpt>
      <trkpt lat="41.4886200" lon="13.0554700"></trkpt>
      <trkpt lat="41.4886100" lon="13.0555300"></trkpt>
      <trkpt lat="41.4885800" lon="13.0557600"></trkpt>
      <trkpt lat="41.4885800" lon="13.0557700"></trkpt>
      <trkpt lat="41.4885400" lon="13.0559700"></trkpt>
      <trkpt lat="41.4885300" lon="13.0560000"></trkpt>
      <trkpt lat="41.4884900" lon="13.0562000"></trkpt>
      <trkpt lat="41.4884900" lon="13.0562300"></trkpt>
      <trkpt lat="41.4884300" lon="13.0564500"></trkpt>
      <trkpt lat="41.4883600" lon="13.0566800"></trkpt>
      <trkpt lat="41.4883300" lon="13.0568000"></trkpt>
      <trkpt lat="41.4883100" lon="13.0568800"></trkpt>
      <trkpt lat="41.4882400" lon="13.0570700"></trkpt>
      <trkpt lat="41.4882300" lon="13.0571000"></trkpt>
      <trkpt lat="41.4882200" lon="13.0571200"></trkpt>
      <trkpt lat="41.4881600" lon="13.0572900"></trkpt>
      <trkpt lat="41.4880700" lon="13.0575200"></trkpt>
      <trkpt lat="41.4880600" lon="13.0575500"></trkpt>
      <trkpt lat="41.4880200" lon="13.0576400"></trkpt>
      <trkpt lat="41.4879800" lon="13.0577300"></trkpt>
      <trkpt lat="41.4878000" lon="13.0581500"></trkpt>
      <trkpt lat="41.4877600" lon="13.0582200"></trkpt>
      <trkpt lat="41.4876900" lon="13.0583800"></trkpt>
      <trkpt lat="41.4876100" lon="13.0585600"></trkpt>
      <trkpt lat="41.4875400" lon="13.0587200"></trkpt>
      <trkpt lat="41.4875400" lon="13.0587300"></trkpt>
      <trkpt lat="41.4875200" lon="13.0587700"></trkpt>
      <trkpt lat="41.4875200" lon="13.0587800"></trkpt>
      <trkpt lat="41.4874700" lon="13.0588900"></trkpt>
      <trkpt lat="41.4873500" lon="13.0591800"></trkpt>
      <trkpt lat="41.4873200" lon="13.0592400"></trkpt>
      <trkpt lat="41.4872600" lon="13.0593900"></trkpt>
      <trkpt lat="41.4872500" lon="13.0594100"></trkpt>
      <trkpt lat="41.4871700" lon="13.0596000"></trkpt>
      <trkpt lat="41.4871600" lon="13.0596200"></trkpt>
      <trkpt lat="41.4871000" lon="13.0597600"></trkpt>
      <trkpt lat="41.4870800" lon="13.0598100"></trkpt>
      <trkpt lat="41.4870000" lon="13.0600300"></trkpt>
      <trkpt lat="41.4869200" lon="13.0602400"></trkpt>
      <trkpt lat="41.4869100" lon="13.0602500"></trkpt>
      <trkpt lat="41.4868900" lon="13.0603000"></trkpt>
      <trkpt lat="41.4868300" lon="13.0604500"></trkpt>
      <trkpt lat="41.4868300" lon="13.0604700"></trkpt>
      <trkpt lat="41.4867500" lon="13.0606700"></trkpt>
      <trkpt lat="41.4866600" lon="13.0609100"></trkpt>
      <trkpt lat="41.4865100" lon="13.0613100"></trkpt>
      <trkpt lat="41.4864400" lon="13.0614900"></trkpt>
      <trkpt lat="41.4864300" lon="13.0615200"></trkpt>
      <trkpt lat="41.4862400" lon="13.0620500"></trkpt>
      <trkpt lat="41.4862000" lon="13.0621700"></trkpt>
      <trkpt lat="41.4861000" lon="13.0624300"></trkpt>
      <trkpt lat="41.4860400" lon="13.0626100"></trkpt>
      <trkpt lat="41.4859300" lon="13.0629400"></trkpt>
      <trkpt lat="41.4857900" lon="13.0633700"></trkpt>
      <trkpt lat="41.4856800" lon="13.0637100"></trkpt>
      <trkpt lat="41.4856600" lon="13.0638000"></trkpt>
      <trkpt lat="41.4856300" lon="13.0638900"></trkpt>
      <trkpt lat="41.4854100" lon="13.0646100"></trkpt>
      <trkpt lat="41.4851100" lon="13.0655900"></trkpt>
      <trkpt lat="41.4850200" lon="13.0658900"></trkpt>
      <trkpt lat="41.4849700" lon="13.0660500"></trkpt>
      <trkpt lat="41.4849500" lon="13.0661200"></trkpt>
      <trkpt lat="41.4849000" lon="13.0662700"></trkpt>
      <trkpt lat="41.4847700" lon="13.0667200"></trkpt>
      <trkpt lat="41.4846500" lon="13.0671100"></trkpt>
      <trkpt lat="41.4845100" lon="13.0676100"></trkpt>
      <trkpt lat="41.4844100" lon="13.0679700"></trkpt>
      <trkpt lat="41.4843200" lon="13.0682900"></trkpt>
      <trkpt lat="41.4842600" lon="13.0685100"></trkpt>
      <trkpt lat="41.4841800" lon="13.0687900"></trkpt>
      <trkpt lat="41.4839500" lon="13.0696400"></trkpt>
      <trkpt lat="41.4839200" lon="13.0697300"></trkpt>
      <trkpt lat="41.4838900" lon="13.0698700"></trkpt>
      <trkpt lat="41.4838300" lon="13.0700800"></trkpt>
      <trkpt lat="41.4836800" lon="13.0706700"></trkpt>
      <trkpt lat="41.4834900" lon="13.0714200"></trkpt>
      <trkpt lat="41.4834100" lon="13.0717400"></trkpt>
      <trkpt lat="41.4832700" lon="13.0723000"></trkpt>
      <trkpt lat="41.4831100" lon="13.0729600"></trkpt>
      <trkpt lat="41.4830000" lon="13.0734300"></trkpt>
      <trkpt lat="41.4829800" lon="13.0735100"></trkpt>
      <trkpt lat="41.4829300" lon="13.0737400"></trkpt>
      <trkpt lat="41.4827100" lon="13.0746800"></trkpt>
      <trkpt lat="41.4827100" lon="13.0747300"></trkpt>
      <trkpt lat="41.4826800" lon="13.0748400"></trkpt>
      <trkpt lat="41.4826500" lon="13.0749800"></trkpt>
      <trkpt lat="41.4826100" lon="13.0751800"></trkpt>
      <trkpt lat="41.4825700" lon="13.0753600"></trkpt>
      <trkpt lat="41.4825600" lon="13.0754200"></trkpt>
      <trkpt lat="41.4825300" lon="13.0755900"></trkpt>
      <trkpt lat="41.4824600" lon="13.0759200"></trkpt>
      <trkpt lat="41.4824300" lon="13.0760400"></trkpt>
      <trkpt lat="41.4820900" lon="13.0776100"></trkpt>
      <trkpt lat="41.4820300" lon="13.0779100"></trkpt>
      <trkpt lat="41.4818800" lon="13.0786100"></trkpt>
      <trkpt lat="41.4817600" lon="13.0792000"></trkpt>
      <trkpt lat="41.4817500" lon="13.0792400"></trkpt>
      <trkpt lat="41.4814200" lon="13.0807300"></trkpt>
      <trkpt lat="41.4812900" lon="13.0813300"></trkpt>
      <trkpt lat="41.4810500" lon="13.0825800"></trkpt>
      <trkpt lat="41.4809700" lon="13.0830200"></trkpt>
      <trkpt lat="41.4809100" lon="13.0833200"></trkpt>
      <trkpt lat="41.4809000" lon="13.0833500"></trkpt>
      <trkpt lat="41.4809000" lon="13.0833600"></trkpt>
      <trkpt lat="41.4808600" lon="13.0835500"></trkpt>
      <trkpt lat="41.4807100" lon="13.0842200"></trkpt>
      <trkpt lat="41.4807000" lon="13.0842600"></trkpt>
      <trkpt lat="41.4806700" lon="13.0844400"></trkpt>
      <trkpt lat="41.4806200" lon="13.0847000"></trkpt>
      <trkpt lat="41.4805700" lon="13.0849400"></trkpt>
      <trkpt lat="41.4803800" lon="13.0859200"></trkpt>
      <trkpt lat="41.4803300" lon="13.0862100"></trkpt>
      <trkpt lat="41.4801800" lon="13.0870800"></trkpt>
      <trkpt lat="41.4801100" lon="13.0875200"></trkpt>
      <trkpt lat="41.4800700" lon="13.0877700"></trkpt>
      <trkpt lat="41.4800300" lon="13.0879700"></trkpt>
      <trkpt lat="41.4800200" lon="13.0880500"></trkpt>
      <trkpt lat="41.4799100" lon="13.0886700"></trkpt>
      <trkpt lat="41.4798400" lon="13.0890500"></trkpt>
      <trkpt lat="41.4797500" lon="13.0895700"></trkpt>
      <trkpt lat="41.4797300" lon="13.0896900"></trkpt>
      <trkpt lat="41.4795900" lon="13.0903900"></trkpt>
      <trkpt lat="41.4795200" lon="13.0907100"></trkpt>
      <trkpt lat="41.4793800" lon="13.0911300"></trkpt>
      <trkpt lat="41.4792800" lon="13.0914200"></trkpt>
      <trkpt lat="41.4792800" lon="13.0914300"></trkpt>
      <trkpt lat="41.4792400" lon="13.0915700"></trkpt>
      <trkpt lat="41.4792300" lon="13.0915900"></trkpt>
      <trkpt lat="41.4792300" lon="13.0916000"></trkpt>
      <trkpt lat="41.4791900" lon="13.0917200"></trkpt>
      <trkpt lat="41.4791400" lon="13.0918800"></trkpt>
      <trkpt lat="41.4790700" lon="13.0920800"></trkpt>
      <trkpt lat="41.4790100" lon="13.0922400"></trkpt>
      <trkpt lat="41.4790000" lon="13.0922800"></trkpt>
      <trkpt lat="41.4789200" lon="13.0924900"></trkpt>
      <trkpt lat="41.4788600" lon="13.0926500"></trkpt>
      <trkpt lat="41.4788600" lon="13.0926700"></trkpt>
      <trkpt lat="41.4787500" lon="13.0929300"></trkpt>
      <trkpt lat="41.4786500" lon="13.0931900"></trkpt>
      <trkpt lat="41.4785200" lon="13.0935000"></trkpt>
      <trkpt lat="41.4784200" lon="13.0937500"></trkpt>
      <trkpt lat="41.4784000" lon="13.0938100"></trkpt>
      <trkpt lat="41.4783500" lon="13.0939300"></trkpt>
      <trkpt lat="41.4783000" lon="13.0940400"></trkpt>
      <trkpt lat="41.4782400" lon="13.0941700"></trkpt>
      <trkpt lat="41.4781900" lon="13.0942900"></trkpt>
      <trkpt lat="41.4781100" lon="13.0944500"></trkpt>
      <trkpt lat="41.4780300" lon="13.0945900"></trkpt>
      <trkpt lat="41.4779300" lon="13.0947500"></trkpt>
      <trkpt lat="41.4778700" lon="13.0948300"></trkpt>
      <trkpt lat="41.4778300" lon="13.0949000"></trkpt>
      <trkpt lat="41.4777500" lon="13.0950100"></trkpt>
      <trkpt lat="41.4776200" lon="13.0951900"></trkpt>
      <trkpt lat="41.4774600" lon="13.0954100"></trkpt>
      <trkpt lat="41.4774000" lon="13.0954900"></trkpt>
      <trkpt lat="41.4773200" lon="13.0956100"></trkpt>
      <trkpt lat="41.4771600" lon="13.0958300"></trkpt>
      <trkpt lat="41.4769400" lon="13.0961700"></trkpt>
      <trkpt lat="41.4768300" lon="13.0963200"></trkpt>
      <trkpt lat="41.4768200" lon="13.0963400"></trkpt>
      <trkpt lat="41.4768200" lon="13.0963500"></trkpt>
      <trkpt lat="41.4768100" lon="13.0963500"></trkpt>
      <trkpt lat="41.4767700" lon="13.0964300"></trkpt>
      <trkpt lat="41.4767600" lon="13.0964400"></trkpt>
      <trkpt lat="41.4766800" lon="13.0965600"></trkpt>
      <trkpt lat="41.4764900" lon="13.0968400"></trkpt>
      <trkpt lat="41.4763500" lon="13.0970600"></trkpt>
      <trkpt lat="41.4763400" lon="13.0970800"></trkpt>
      <trkpt lat="41.4763000" lon="13.0971500"></trkpt>
      <trkpt lat="41.4762900" lon="13.0971700"></trkpt>
      <trkpt lat="41.4762800" lon="13.0971800"></trkpt>
      <trkpt lat="41.4762600" lon="13.0972400"></trkpt>
      <trkpt lat="41.4762500" lon="13.0972700"></trkpt>
      <trkpt lat="41.4762400" lon="13.0972700"></trkpt>
      <trkpt lat="41.4762100" lon="13.0973500"></trkpt>
      <trkpt lat="41.4761500" lon="13.0974800"></trkpt>
      <trkpt lat="41.4761400" lon="13.0975000"></trkpt>
      <trkpt lat="41.4761100" lon="13.0975600"></trkpt>
      <trkpt lat="41.4761000" lon="13.0975700"></trkpt>
      <trkpt lat="41.4760800" lon="13.0976100"></trkpt>
      <trkpt lat="41.4760300" lon="13.0976800"></trkpt>
      <trkpt lat="41.4759300" lon="13.0978400"></trkpt>
      <trkpt lat="41.4758300" lon="13.0980100"></trkpt>
      <trkpt lat="41.4758100" lon="13.0980400"></trkpt>
      <trkpt lat="41.4757600" lon="13.0981100"></trkpt>
      <trkpt lat="41.4757600" lon="13.0981200"></trkpt>
      <trkpt lat="41.4757100" lon="13.0981900"></trkpt>
      <trkpt lat="41.4757000" lon="13.0982200"></trkpt>
      <trkpt lat="41.4756500" lon="13.0982900"></trkpt>
      <trkpt lat="41.4754900" lon="13.0985400"></trkpt>
      <trkpt lat="41.4754600" lon="13.0985800"></trkpt>
      <trkpt lat="41.4752300" lon="13.0989400"></trkpt>
      <trkpt lat="41.4752300" lon="13.0989500"></trkpt>
      <trkpt lat="41.4749800" lon="13.0993200"></trkpt>
      <trkpt lat="41.4748200" lon="13.0995700"></trkpt>
      <trkpt lat="41.4748200" lon="13.0995800"></trkpt>
      <trkpt lat="41.4746500" lon="13.0998300"></trkpt>
      <trkpt lat="41.4743500" lon="13.1003100"></trkpt>
      <trkpt lat="41.4743200" lon="13.1003600"></trkpt>
      <trkpt lat="41.4742900" lon="13.1004000"></trkpt>
      <trkpt lat="41.4742900" lon="13.1004200"></trkpt>
      <trkpt lat="41.4741800" lon="13.1005800"></trkpt>
      <trkpt lat="41.4738500" lon="13.1011200"></trkpt>
      <trkpt lat="41.4737100" lon="13.1013500"></trkpt>
      <trkpt lat="41.4736800" lon="13.1014100"></trkpt>
      <trkpt lat="41.4736700" lon="13.1014200"></trkpt>
      <trkpt lat="41.4735900" lon="13.1015600"></trkpt>
      <trkpt lat="41.4735100" lon="13.1017100"></trkpt>
      <trkpt lat="41.4734000" lon="13.1019300"></trkpt>
      <trkpt lat="41.4733100" lon="13.1021000"></trkpt>
      <trkpt lat="41.4733000" lon="13.1021300"></trkpt>
      <trkpt lat="41.4730800" lon="13.1026100"></trkpt>
      <trkpt lat="41.4729800" lon="13.1028500"></trkpt>
      <trkpt lat="41.4729200" lon="13.1029900"></trkpt>
      <trkpt lat="41.4728800" lon="13.1031000"></trkpt>
      <trkpt lat="41.4728600" lon="13.1031700"></trkpt>
      <trkpt lat="41.4727200" lon="13.1035800"></trkpt>
      <trkpt lat="41.4726200" lon="13.1038900"></trkpt>
      <trkpt lat="41.4725900" lon="13.1040300"></trkpt>
      <trkpt lat="41.4725300" lon="13.1042800"></trkpt>
      <trkpt lat="41.4724800" lon="13.1045000"></trkpt>
      <trkpt lat="41.4724400" lon="13.1047500"></trkpt>
      <trkpt lat="41.4724300" lon="13.1048200"></trkpt>
      <trkpt lat="41.4723700" lon="13.1051900"></trkpt>
      <trkpt lat="41.4723300" lon="13.1055100"></trkpt>
      <trkpt lat="41.4722900" lon="13.1059400"></trkpt>
      <trkpt lat="41.4722800" lon="13.1061300"></trkpt>
      <trkpt lat="41.4722600" lon="13.1067300"></trkpt>
      <trkpt lat="41.4722900" lon="13.1074900"></trkpt>
      <trkpt lat="41.4723000" lon="13.1075800"></trkpt>
      <trkpt lat="41.4723300" lon="13.1079600"></trkpt>
      <trkpt lat="41.4723500" lon="13.1081900"></trkpt>
      <trkpt lat="41.4723700" lon="13.1083000"></trkpt>
      <trkpt lat="41.4724100" lon="13.1085600"></trkpt>
      <trkpt lat="41.4724500" lon="13.1087900"></trkpt>
      <trkpt lat="41.4725200" lon="13.1090800"></trkpt>
      <trkpt lat="41.4725600" lon="13.1092200"></trkpt>
      <trkpt lat="41.4726000" lon="13.1093900"></trkpt>
      <trkpt lat="41.4726200" lon="13.1094500"></trkpt>
      <trkpt lat="41.4726900" lon="13.1097200"></trkpt>
      <trkpt lat="41.4727600" lon="13.1099600"></trkpt>
      <trkpt lat="41.4728400" lon="13.1102200"></trkpt>
      <trkpt lat="41.4729400" lon="13.1104700"></trkpt>
      <trkpt lat="41.4731200" lon="13.1109200"></trkpt>
      <trkpt lat="41.4732300" lon="13.1111800"></trkpt>
      <trkpt lat="41.4732400" lon="13.1112000"></trkpt>
      <trkpt lat="41.4734000" lon="13.1115300"></trkpt>
      <trkpt lat="41.4737700" lon="13.1122900"></trkpt>
      <trkpt lat="41.4737900" lon="13.1123400"></trkpt>
      <trkpt lat="41.4738000" lon="13.1123500"></trkpt>
      <trkpt lat="41.4738200" lon="13.1123900"></trkpt>
      <trkpt lat="41.4740100" lon="13.1127800"></trkpt>
      <trkpt lat="41.4740200" lon="13.1127900"></trkpt>
      <trkpt lat="41.4741100" lon="13.1130000"></trkpt>
      <trkpt lat="41.4742100" lon="13.1132000"></trkpt>
      <trkpt lat="41.4742800" lon="13.1133400"></trkpt>
      <trkpt lat="41.4742900" lon="13.1133700"></trkpt>
      <trkpt lat="41.4745800" lon="13.1139700"></trkpt>
      <trkpt lat="41.4746800" lon="13.1141800"></trkpt>
      <trkpt lat="41.4747600" lon="13.1143500"></trkpt>
      <trkpt lat="41.4749300" lon="13.1147100"></trkpt>
      <trkpt lat="41.4749700" lon="13.1147900"></trkpt>
      <trkpt lat="41.4749900" lon="13.1148400"></trkpt>
      <trkpt lat="41.4751800" lon="13.1152400"></trkpt>
      <trkpt lat="41.4752200" lon="13.1153300"></trkpt>
      <trkpt lat="41.4752500" lon="13.1154000"></trkpt>
      <trkpt lat="41.4753400" lon="13.1156100"></trkpt>
      <trkpt lat="41.4756400" lon="13.1162600"></trkpt>
      <trkpt lat="41.4758600" lon="13.1167600"></trkpt>
      <trkpt lat="41.4760800" lon="13.1172600"></trkpt>
      <trkpt lat="41.4761000" lon="13.1173000"></trkpt>
      <trkpt lat="41.4761400" lon="13.1173900"></trkpt>
      <trkpt lat="41.4761700" lon="13.1174600"></trkpt>
      <trkpt lat="41.4762300" lon="13.1176000"></trkpt>
      <trkpt lat="41.4762500" lon="13.1176500"></trkpt>
      <trkpt lat="41.4763200" lon="13.1177900"></trkpt>
      <trkpt lat="41.4763200" lon="13.1178000"></trkpt>
      <trkpt lat="41.4764000" lon="13.1179600"></trkpt>
      <trkpt lat="41.4764500" lon="13.1180800"></trkpt>
      <trkpt lat="41.4765600" lon="13.1183000"></trkpt>
      <trkpt lat="41.4766800" lon="13.1185300"></trkpt>
      <trkpt lat="41.4767600" lon="13.1186800"></trkpt>
      <trkpt lat="41.4768500" lon="13.1188400"></trkpt>
      <trkpt lat="41.4770300" lon="13.1191400"></trkpt>
      <trkpt lat="41.4771800" lon="13.1193600"></trkpt>
      <trkpt lat="41.4772600" lon="13.1194900"></trkpt>
      <trkpt lat="41.4773600" lon="13.1196300"></trkpt>
      <trkpt lat="41.4774700" lon="13.1197800"></trkpt>
      <trkpt lat="41.4775900" lon="13.1199300"></trkpt>
      <trkpt lat="41.4776700" lon="13.1200300"></trkpt>
      <trkpt lat="41.4778100" lon="13.1201900"></trkpt>
      <trkpt lat="41.4778600" lon="13.1202500"></trkpt>
      <trkpt lat="41.4778900" lon="13.1202800"></trkpt>
      <trkpt lat="41.4781100" lon="13.1205200"></trkpt>
      <trkpt lat="41.4783300" lon="13.1207500"></trkpt>
      <trkpt lat="41.4785300" lon="13.1209600"></trkpt>
      <trkpt lat="41.4788800" lon="13.1213100"></trkpt>
      <trkpt lat="41.4790500" lon="13.1214900"></trkpt>
      <trkpt lat="41.4791400" lon="13.1215700"></trkpt>
      <trkpt lat="41.4791700" lon="13.1216000"></trkpt>
      <trkpt lat="41.4792800" lon="13.1217200"></trkpt>
      <trkpt lat="41.4794500" lon="13.1219000"></trkpt>
      <trkpt lat="41.4795900" lon="13.1220600"></trkpt>
      <trkpt lat="41.4796100" lon="13.1220800"></trkpt>
      <trkpt lat="41.4797700" lon="13.1222500"></trkpt>
      <trkpt lat="41.4798100" lon="13.1223000"></trkpt>
      <trkpt lat="41.4802100" lon="13.1228400"></trkpt>
      <trkpt lat="41.4804600" lon="13.1232300"></trkpt>
      <trkpt lat="41.4805300" lon="13.1233400"></trkpt>
      <trkpt lat="41.4805800" lon="13.1234400"></trkpt>
      <trkpt lat="41.4806300" lon="13.1235300"></trkpt>
      <trkpt lat="41.4807400" lon="13.1237400"></trkpt>
      <trkpt lat="41.4808300" lon="13.1239400"></trkpt>
      <trkpt lat="41.4810100" lon="13.1243400"></trkpt>
      <trkpt lat="41.4810100" lon="13.1243500"></trkpt>
      <trkpt lat="41.4810900" lon="13.1245600"></trkpt>
      <trkpt lat="41.4811800" lon="13.1247700"></trkpt>
      <trkpt lat="41.4812600" lon="13.1249900"></trkpt>
      <trkpt lat="41.4812900" lon="13.1250700"></trkpt>
      <trkpt lat="41.4813400" lon="13.1252000"></trkpt>
      <trkpt lat="41.4814200" lon="13.1254100"></trkpt>
      <trkpt lat="41.4815100" lon="13.1256300"></trkpt>
      <trkpt lat="41.4815900" lon="13.1258400"></trkpt>
      <trkpt lat="41.4816600" lon="13.1260400"></trkpt>
      <trkpt lat="41.4816700" lon="13.1260600"></trkpt>
      <trkpt lat="41.4817500" lon="13.1262700"></trkpt>
      <trkpt lat="41.4820400" lon="13.1270800"></trkpt>
      <trkpt lat="41.4822100" lon="13.1275700"></trkpt>
      <trkpt lat="41.4823600" lon="13.1279800"></trkpt>
      <trkpt lat="41.4826100" lon="13.1286700"></trkpt>
      <trkpt lat="41.4828700" lon="13.1294000"></trkpt>
      <trkpt lat="41.4831600" lon="13.1302200"></trkpt>
      <trkpt lat="41.4833000" lon="13.1306600"></trkpt>
      <trkpt lat="41.4834600" lon="13.1311400"></trkpt>
      <trkpt lat="41.4836100" lon="13.1315900"></trkpt>
      <trkpt lat="41.4837000" lon="13.1318800"></trkpt>
      <trkpt lat="41.4837800" lon="13.1321300"></trkpt>
      <trkpt lat="41.4838700" lon="13.1324400"></trkpt>
      <trkpt lat="41.4839400" lon="13.1327000"></trkpt>
      <trkpt lat="41.4840200" lon="13.1330500"></trkpt>
      <trkpt lat="41.4840400" lon="13.1331100"></trkpt>
      <trkpt lat="41.4840500" lon="13.1331400"></trkpt>
      <trkpt lat="41.4840700" lon="13.1332500"></trkpt>
      <trkpt lat="41.4841000" lon="13.1333600"></trkpt>
      <trkpt lat="41.4841200" lon="13.1334500"></trkpt>
      <trkpt lat="41.4841500" lon="13.1335800"></trkpt>
      <trkpt lat="41.4841900" lon="13.1337700"></trkpt>
      <trkpt lat="41.4842200" lon="13.1339100"></trkpt>
      <trkpt lat="41.4843600" lon="13.1345800"></trkpt>
      <trkpt lat="41.4844500" lon="13.1349900"></trkpt>
      <trkpt lat="41.4845300" lon="13.1354400"></trkpt>
      <trkpt lat="41.4846200" lon="13.1359400"></trkpt>
      <trkpt lat="41.4846600" lon="13.1362100"></trkpt>
      <trkpt lat="41.4846700" lon="13.1362800"></trkpt>
      <trkpt lat="41.4846800" lon="13.1363500"></trkpt>
      <trkpt lat="41.4846800" lon="13.1363600"></trkpt>
      <trkpt lat="41.4847100" lon="13.1365200"></trkpt>
      <trkpt lat="41.4847200" lon="13.1366000"></trkpt>
      <trkpt lat="41.4847900" lon="13.1370900"></trkpt>
      <trkpt lat="41.4848000" lon="13.1371700"></trkpt>
      <trkpt lat="41.4848200" lon="13.1373700"></trkpt>
      <trkpt lat="41.4848200" lon="13.1374000"></trkpt>
      <trkpt lat="41.4848500" lon="13.1376400"></trkpt>
      <trkpt lat="41.4848800" lon="13.1378800"></trkpt>
      <trkpt lat="41.4849000" lon="13.1381200"></trkpt>
      <trkpt lat="41.4849300" lon="13.1383500"></trkpt>
      <trkpt lat="41.4849700" lon="13.1388900"></trkpt>
      <trkpt lat="41.4849900" lon="13.1391900"></trkpt>
      <trkpt lat="41.4850100" lon="13.1394900"></trkpt>
      <trkpt lat="41.4850200" lon="13.1398000"></trkpt>
      <trkpt lat="41.4850300" lon="13.1399200"></trkpt>
      <trkpt lat="41.4850400" lon="13.1401400"></trkpt>
      <trkpt lat="41.4850500" lon="13.1403700"></trkpt>
      <trkpt lat="41.4850500" lon="13.1404300"></trkpt>
      <trkpt lat="41.4850600" lon="13.1407900"></trkpt>
      <trkpt lat="41.4850600" lon="13.1408900"></trkpt>
      <trkpt lat="41.4850700" lon="13.1409800"></trkpt>
      <trkpt lat="41.4850700" lon="13.1421700"></trkpt>
      <trkpt lat="41.4850600" lon="13.1423600"></trkpt>
      <trkpt lat="41.4850600" lon="13.1426200"></trkpt>
      <trkpt lat="41.4850500" lon="13.1428500"></trkpt>
      <trkpt lat="41.4850300" lon="13.1431900"></trkpt>
      <trkpt lat="41.4850100" lon="13.1436500"></trkpt>
      <trkpt lat="41.4849900" lon="13.1439400"></trkpt>
      <trkpt lat="41.4849700" lon="13.1442100"></trkpt>
      <trkpt lat="41.4849500" lon="13.1445200"></trkpt>
      <trkpt lat="41.4849400" lon="13.1445800"></trkpt>
      <trkpt lat="41.4849200" lon="13.1448000"></trkpt>
      <trkpt lat="41.4849000" lon="13.1450000"></trkpt>
      <trkpt lat="41.4849000" lon="13.1450500"></trkpt>
      <trkpt lat="41.4848800" lon="13.1452300"></trkpt>
      <trkpt lat="41.4848600" lon="13.1454800"></trkpt>
      <trkpt lat="41.4848500" lon="13.1455100"></trkpt>
      <trkpt lat="41.4848300" lon="13.1457500"></trkpt>
      <trkpt lat="41.4848100" lon="13.1459500"></trkpt>
      <trkpt lat="41.4847600" lon="13.1464200"></trkpt>
      <trkpt lat="41.4847500" lon="13.1465400"></trkpt>
      <trkpt lat="41.4846400" lon="13.1474100"></trkpt>
      <trkpt lat="41.4846400" lon="13.1474800"></trkpt>
      <trkpt lat="41.4845800" lon="13.1479500"></trkpt>
      <trkpt lat="41.4845700" lon="13.1480800"></trkpt>
      <trkpt lat="41.4845600" lon="13.1481900"></trkpt>
      <trkpt lat="41.4845200" lon="13.1485000"></trkpt>
      <trkpt lat="41.4845000" lon="13.1487900"></trkpt>
      <trkpt lat="41.4845000" lon="13.1488000"></trkpt>
      <trkpt lat="41.4844900" lon="13.1488300"></trkpt>
      <trkpt lat="41.4844700" lon="13.1490300"></trkpt>
      <trkpt lat="41.4844700" lon="13.1491400"></trkpt>
      <trkpt lat="41.4844400" lon="13.1494200"></trkpt>
      <trkpt lat="41.4844400" lon="13.1495100"></trkpt>
      <trkpt lat="41.4844300" lon="13.1495600"></trkpt>
      <trkpt lat="41.4844200" lon="13.1496900"></trkpt>
      <trkpt lat="41.4844100" lon="13.1499600"></trkpt>
      <trkpt lat="41.4843900" lon="13.1502600"></trkpt>
      <trkpt lat="41.4843900" lon="13.1504900"></trkpt>
      <trkpt lat="41.4843800" lon="13.1508200"></trkpt>
      <trkpt lat="41.4843800" lon="13.1518600"></trkpt>
      <trkpt lat="41.4843900" lon="13.1521100"></trkpt>
      <trkpt lat="41.4844100" lon="13.1524100"></trkpt>
      <trkpt lat="41.4844100" lon="13.1524300"></trkpt>
      <trkpt lat="41.4844200" lon="13.1526700"></trkpt>
      <trkpt lat="41.4844200" lon="13.1527100"></trkpt>
      <trkpt lat="41.4844400" lon="13.1529700"></trkpt>
      <trkpt lat="41.4844600" lon="13.1532200"></trkpt>
      <trkpt lat="41.4844800" lon="13.1533900"></trkpt>
      <trkpt lat="41.4844900" lon="13.1535300"></trkpt>
      <trkpt lat="41.4845000" lon="13.1537000"></trkpt>
      <trkpt lat="41.4845200" lon="13.1538000"></trkpt>
      <trkpt lat="41.4845400" lon="13.1540400"></trkpt>
      <trkpt lat="41.4845800" lon="13.1543400"></trkpt>
      <trkpt lat="41.4845900" lon="13.1544300"></trkpt>
      <trkpt lat="41.4846300" lon="13.1547700"></trkpt>
      <trkpt lat="41.4846400" lon="13.1548100"></trkpt>
      <trkpt lat="41.4846600" lon="13.1550000"></trkpt>
      <trkpt lat="41.4847000" lon="13.1553000"></trkpt>
      <trkpt lat="41.4847500" lon="13.1556400"></trkpt>
      <trkpt lat="41.4848000" lon="13.1560000"></trkpt>
      <trkpt lat="41.4848700" lon="13.1564800"></trkpt>
      <trkpt lat="41.4849200" lon="13.1569300"></trkpt>
      <trkpt lat="41.4849600" lon="13.1572000"></trkpt>
      <trkpt lat="41.4849800" lon="13.1574100"></trkpt>
      <trkpt lat="41.4849900" lon="13.1575100"></trkpt>
      <trkpt lat="41.4850300" lon="13.1578400"></trkpt>
      <trkpt lat="41.4850500" lon="13.1581200"></trkpt>
      <trkpt lat="41.4850700" lon="13.1583600"></trkpt>
      <trkpt lat="41.4850900" lon="13.1585900"></trkpt>
      <trkpt lat="41.4851000" lon="13.1588400"></trkpt>
      <trkpt lat="41.4851200" lon="13.1591000"></trkpt>
      <trkpt lat="41.4851300" lon="13.1593000"></trkpt>
      <trkpt lat="41.4851400" lon="13.1597700"></trkpt>
      <trkpt lat="41.4851400" lon="13.1607600"></trkpt>
      <trkpt lat="41.4851200" lon="13.1612400"></trkpt>
      <trkpt lat="41.4851100" lon="13.1615900"></trkpt>
      <trkpt lat="41.4850900" lon="13.1620100"></trkpt>
      <trkpt lat="41.4850600" lon="13.1624500"></trkpt>
      <trkpt lat="41.4850200" lon="13.1630000"></trkpt>
      <trkpt lat="41.4849800" lon="13.1635600"></trkpt>
      <trkpt lat="41.4849400" lon="13.1640700"></trkpt>
      <trkpt lat="41.4849200" lon="13.1643500"></trkpt>
      <trkpt lat="41.4848500" lon="13.1653900"></trkpt>
      <trkpt lat="41.4848400" lon="13.1656500"></trkpt>
      <trkpt lat="41.4848300" lon="13.1657600"></trkpt>
      <trkpt lat="41.4848300" lon="13.1657900"></trkpt>
      <trkpt lat="41.4848200" lon="13.1661000"></trkpt>
      <trkpt lat="41.4848200" lon="13.1663100"></trkpt>
      <trkpt lat="41.4848100" lon="13.1663300"></trkpt>
      <trkpt lat="41.4848000" lon="13.1672600"></trkpt>
      <trkpt lat="41.4847900" lon="13.1678500"></trkpt>
      <trkpt lat="41.4847800" lon="13.1683200"></trkpt>
      <trkpt lat="41.4847800" lon="13.1686700"></trkpt>
      <trkpt lat="41.4847700" lon="13.1690000"></trkpt>
      <trkpt lat="41.4847700" lon="13.1693900"></trkpt>
      <trkpt lat="41.4847600" lon="13.1695200"></trkpt>
      <trkpt lat="41.4847600" lon="13.1698800"></trkpt>
      <trkpt lat="41.4847500" lon="13.1703600"></trkpt>
      <trkpt lat="41.4847400" lon="13.1705900"></trkpt>
      <trkpt lat="41.4847300" lon="13.1708800"></trkpt>
      <trkpt lat="41.4847300" lon="13.1710700"></trkpt>
      <trkpt lat="41.4847200" lon="13.1714700"></trkpt>
      <trkpt lat="41.4847000" lon="13.1720300"></trkpt>
      <trkpt lat="41.4847000" lon="13.1722700"></trkpt>
      <trkpt lat="41.4846800" lon="13.1727500"></trkpt>
      <trkpt lat="41.4846700" lon="13.1729900"></trkpt>
      <trkpt lat="41.4846700" lon="13.1731800"></trkpt>
      <trkpt lat="41.4846500" lon="13.1737400"></trkpt>
      <trkpt lat="41.4846500" lon="13.1737800"></trkpt>
      <trkpt lat="41.4846400" lon="13.1740200"></trkpt>
      <trkpt lat="41.4846200" lon="13.1747200"></trkpt>
      <trkpt lat="41.4846000" lon="13.1752200"></trkpt>
      <trkpt lat="41.4845900" lon="13.1753500"></trkpt>
      <trkpt lat="41.4845900" lon="13.1754600"></trkpt>
      <trkpt lat="41.4845800" lon="13.1757000"></trkpt>
      <trkpt lat="41.4845600" lon="13.1764000"></trkpt>
      <trkpt lat="41.4845600" lon="13.1764200"></trkpt>
      <trkpt lat="41.4845500" lon="13.1766400"></trkpt>
      <trkpt lat="41.4845400" lon="13.1771400"></trkpt>
      <trkpt lat="41.4844200" lon="13.1807400"></trkpt>
      <trkpt lat="41.4843700" lon="13.1820700"></trkpt>
      <trkpt lat="41.4843600" lon="13.1824200"></trkpt>
      <trkpt lat="41.4843500" lon="13.1825700"></trkpt>
      <trkpt lat="41.4843300" lon="13.1832200"></trkpt>
      <trkpt lat="41.4843200" lon="13.1832600"></trkpt>
      <trkpt lat="41.4842900" lon="13.1840900"></trkpt>
      <trkpt lat="41.4842800" lon="13.1841700"></trkpt>
      <trkpt lat="41.4842700" lon="13.1844100"></trkpt>
      <trkpt lat="41.4842400" lon="13.1850000"></trkpt>
      <trkpt lat="41.4842400" lon="13.1850600"></trkpt>
      <trkpt lat="41.4842200" lon="13.1853000"></trkpt>
      <trkpt lat="41.4842200" lon="13.1854300"></trkpt>
      <trkpt lat="41.4842000" lon="13.1857800"></trkpt>
      <trkpt lat="41.4841800" lon="13.1860200"></trkpt>
      <trkpt lat="41.4841600" lon="13.1863300"></trkpt>
      <trkpt lat="41.4841500" lon="13.1864900"></trkpt>
      <trkpt lat="41.4841500" lon="13.1865700"></trkpt>
      <trkpt lat="41.4841000" lon="13.1873600"></trkpt>
      <trkpt lat="41.4840700" lon="13.1877700"></trkpt>
      <trkpt lat="41.4840600" lon="13.1879300"></trkpt>
      <trkpt lat="41.4840600" lon="13.1880200"></trkpt>
      <trkpt lat="41.4839900" lon="13.1889000"></trkpt>
      <trkpt lat="41.4839800" lon="13.1891200"></trkpt>
      <trkpt lat="41.4839800" lon="13.1891500"></trkpt>
      <trkpt lat="41.4839600" lon="13.1894400"></trkpt>
      <trkpt lat="41.4839500" lon="13.1896000"></trkpt>
      <trkpt lat="41.4839500" lon="13.1897300"></trkpt>
      <trkpt lat="41.4839400" lon="13.1898400"></trkpt>
      <trkpt lat="41.4839400" lon="13.1900700"></trkpt>
      <trkpt lat="41.4839300" lon="13.1902200"></trkpt>
      <trkpt lat="41.4839300" lon="13.1906100"></trkpt>
      <trkpt lat="41.4839400" lon="13.1908300"></trkpt>
      <trkpt lat="41.4839500" lon="13.1911100"></trkpt>
      <trkpt lat="41.4839600" lon="13.1914300"></trkpt>
      <trkpt lat="41.4839700" lon="13.1916000"></trkpt>
      <trkpt lat="41.4839800" lon="13.1917700"></trkpt>
      <trkpt lat="41.4840000" lon="13.1920200"></trkpt>
      <trkpt lat="41.4840400" lon="13.1923900"></trkpt>
      <trkpt lat="41.4840700" lon="13.1926800"></trkpt>
      <trkpt lat="41.4841100" lon="13.1929900"></trkpt>
      <trkpt lat="41.4841200" lon="13.1931000"></trkpt>
      <trkpt lat="41.4841500" lon="13.1933200"></trkpt>
      <trkpt lat="41.4841900" lon="13.1935400"></trkpt>
      <trkpt lat="41.4842600" lon="13.1939400"></trkpt>
      <trkpt lat="41.4843400" lon="13.1943200"></trkpt>
      <trkpt lat="41.4843900" lon="13.1945600"></trkpt>
      <trkpt lat="41.4844500" lon="13.1948100"></trkpt>
      <trkpt lat="41.4845300" lon="13.1951400"></trkpt>
      <trkpt lat="41.4846200" lon="13.1954500"></trkpt>
      <trkpt lat="41.4847100" lon="13.1957800"></trkpt>
      <trkpt lat="41.4847600" lon="13.1959600"></trkpt>
      <trkpt lat="41.4848100" lon="13.1961200"></trkpt>
      <trkpt lat="41.4849200" lon="13.1964500"></trkpt>
      <trkpt lat="41.4850100" lon="13.1966800"></trkpt>
      <trkpt lat="41.4851000" lon="13.1969200"></trkpt>
      <trkpt lat="41.4851900" lon="13.1971700"></trkpt>
      <trkpt lat="41.4853200" lon="13.1974800"></trkpt>
      <trkpt lat="41.4854600" lon="13.1978000"></trkpt>
      <trkpt lat="41.4855900" lon="13.1980900"></trkpt>
      <trkpt lat="41.4857100" lon="13.1983300"></trkpt>
      <trkpt lat="41.4859100" lon="13.1987200"></trkpt>
      <trkpt lat="41.4860300" lon="13.1989500"></trkpt>
      <trkpt lat="41.4861400" lon="13.1991400"></trkpt>
      <trkpt lat="41.4863000" lon="13.1994100"></trkpt>
      <trkpt lat="41.4863700" lon="13.1995300"></trkpt>
      <trkpt lat="41.4864900" lon="13.1997100"></trkpt>
      <trkpt lat="41.4866400" lon="13.1999500"></trkpt>
      <trkpt lat="41.4867700" lon="13.2001300"></trkpt>
      <trkpt lat="41.4869000" lon="13.2003300"></trkpt>
      <trkpt lat="41.4870700" lon="13.2005700"></trkpt>
      <trkpt lat="41.4871000" lon="13.2006000"></trkpt>
      <trkpt lat="41.4872600" lon="13.2008200"></trkpt>
      <trkpt lat="41.4874800" lon="13.2010800"></trkpt>
      <trkpt lat="41.4874900" lon="13.2010900"></trkpt>
      <trkpt lat="41.4877700" lon="13.2014200"></trkpt>
      <trkpt lat="41.4880700" lon="13.2017500"></trkpt>
      <trkpt lat="41.4882000" lon="13.2018800"></trkpt>
      <trkpt lat="41.4883900" lon="13.2020700"></trkpt>
      <trkpt lat="41.4886300" lon="13.2022900"></trkpt>
      <trkpt lat="41.4889200" lon="13.2025400"></trkpt>
      <trkpt lat="41.4889200" lon="13.2025500"></trkpt>
      <trkpt lat="41.4890700" lon="13.2026700"></trkpt>
      <trkpt lat="41.4891100" lon="13.2027100"></trkpt>
      <trkpt lat="41.4892300" lon="13.2028000"></trkpt>
      <trkpt lat="41.4893800" lon="13.2029200"></trkpt>
      <trkpt lat="41.4895400" lon="13.2030300"></trkpt>
      <trkpt lat="41.4898000" lon="13.2032300"></trkpt>
      <trkpt lat="41.4898500" lon="13.2032700"></trkpt>
      <trkpt lat="41.4900100" lon="13.2033700"></trkpt>
      <trkpt lat="41.4903900" lon="13.2036300"></trkpt>
      <trkpt lat="41.4908600" lon="13.2039200"></trkpt>
      <trkpt lat="41.4913900" lon="13.2042600"></trkpt>
      <trkpt lat="41.4918100" lon="13.2045400"></trkpt>
      <trkpt lat="41.4919300" lon="13.2046200"></trkpt>
      <trkpt lat="41.4920400" lon="13.2047000"></trkpt>
      <trkpt lat="41.4921800" lon="13.2048000"></trkpt>
      <trkpt lat="41.4922900" lon="13.2048900"></trkpt>
      <trkpt lat="41.4923800" lon="13.2049600"></trkpt>
      <trkpt lat="41.4925800" lon="13.2051300"></trkpt>
      <trkpt lat="41.4926700" lon="13.2052100"></trkpt>
      <trkpt lat="41.4928300" lon="13.2053700"></trkpt>
      <trkpt lat="41.4929400" lon="13.2054800"></trkpt>
      <trkpt lat="41.4930200" lon="13.2055700"></trkpt>
      <trkpt lat="41.4930900" lon="13.2056500"></trkpt>
      <trkpt lat="41.4931500" lon="13.2057200"></trkpt>
      <trkpt lat="41.4932300" lon="13.2058100"></trkpt>
      <trkpt lat="41.4932900" lon="13.2058900"></trkpt>
      <trkpt lat="41.4933600" lon="13.2059800"></trkpt>
      <trkpt lat="41.4934400" lon="13.2061000"></trkpt>
      <trkpt lat="41.4935200" lon="13.2062100"></trkpt>
      <trkpt lat="41.4935500" lon="13.2062500"></trkpt>
      <trkpt lat="41.4935500" lon="13.2062600"></trkpt>
      <trkpt lat="41.4936300" lon="13.2063700"></trkpt>
      <trkpt lat="41.4936800" lon="13.2064600"></trkpt>
      <trkpt lat="41.4938600" lon="13.2067200"></trkpt>
      <trkpt lat="41.4939000" lon="13.2067900"></trkpt>
      <trkpt lat="41.4939600" lon="13.2069000"></trkpt>
      <trkpt lat="41.4940400" lon="13.2070700"></trkpt>
      <trkpt lat="41.4940600" lon="13.2071500"></trkpt>
      <trkpt lat="41.4942200" lon="13.2075100"></trkpt>
      <trkpt lat="41.4942800" lon="13.2076500"></trkpt>
      <trkpt lat="41.4943400" lon="13.2077900"></trkpt>
      <trkpt lat="41.4944100" lon="13.2079700"></trkpt>
      <trkpt lat="41.4945400" lon="13.2083500"></trkpt>
      <trkpt lat="41.4946000" lon="13.2085000"></trkpt>
      <trkpt lat="41.4946500" lon="13.2086700"></trkpt>
      <trkpt lat="41.4950500" lon="13.2097900"></trkpt>
      <trkpt lat="41.4952700" lon="13.2104000"></trkpt>
      <trkpt lat="41.4954400" lon="13.2108600"></trkpt>
      <trkpt lat="41.4957100" lon="13.2116600"></trkpt>
      <trkpt lat="41.4958600" lon="13.2120700"></trkpt>
      <trkpt lat="41.4959000" lon="13.2121900"></trkpt>
      <trkpt lat="41.4959500" lon="13.2123100"></trkpt>
      <trkpt lat="41.4960100" lon="13.2124700"></trkpt>
      <trkpt lat="41.4960800" lon="13.2126300"></trkpt>
      <trkpt lat="41.4961300" lon="13.2126900"></trkpt>
      <trkpt lat="41.4962000" lon="13.2128400"></trkpt>
      <trkpt lat="41.4962800" lon="13.2130000"></trkpt>
      <trkpt lat="41.4963700" lon="13.2131700"></trkpt>
      <trkpt lat="41.4964500" lon="13.2133200"></trkpt>
      <trkpt lat="41.4964800" lon="13.2133800"></trkpt>
      <trkpt lat="41.4968100" lon="13.2139700"></trkpt>
      <trkpt lat="41.4970000" lon="13.2143100"></trkpt>
      <trkpt lat="41.4974200" lon="13.2150500"></trkpt>
      <trkpt lat="41.4975300" lon="13.2152500"></trkpt>
      <trkpt lat="41.4976000" lon="13.2153800"></trkpt>
      <trkpt lat="41.4976700" lon="13.2155200"></trkpt>
      <trkpt lat="41.4977600" lon="13.2156900"></trkpt>
      <trkpt lat="41.4978500" lon="13.2158800"></trkpt>
      <trkpt lat="41.4979500" lon="13.2160700"></trkpt>
      <trkpt lat="41.4980100" lon="13.2162100"></trkpt>
      <trkpt lat="41.4980700" lon="13.2163700"></trkpt>
      <trkpt lat="41.4981200" lon="13.2165000"></trkpt>
      <trkpt lat="41.4981600" lon="13.2166100"></trkpt>
      <trkpt lat="41.4982600" lon="13.2169300"></trkpt>
      <trkpt lat="41.4983200" lon="13.2171100"></trkpt>
      <trkpt lat="41.4983700" lon="13.2172800"></trkpt>
      <trkpt lat="41.4984600" lon="13.2176200"></trkpt>
      <trkpt lat="41.4985100" lon="13.2177900"></trkpt>
      <trkpt lat="41.4985400" lon="13.2178800"></trkpt>
      <trkpt lat="41.4987900" lon="13.2187800"></trkpt>
      <trkpt lat="41.4988500" lon="13.2190000"></trkpt>
      <trkpt lat="41.4988600" lon="13.2190400"></trkpt>
      <trkpt lat="41.4991800" lon="13.2201400"></trkpt>
      <trkpt lat="41.4993600" lon="13.2207800"></trkpt>
      <trkpt lat="41.4994100" lon="13.2209400"></trkpt>
      <trkpt lat="41.4994600" lon="13.2210800"></trkpt>
      <trkpt lat="41.4994900" lon="13.2211800"></trkpt>
      <trkpt lat="41.4995400" lon="13.2213000"></trkpt>
      <trkpt lat="41.4995900" lon="13.2214500"></trkpt>
      <trkpt lat="41.4997100" lon="13.2217300"></trkpt>
      <trkpt lat="41.4997800" lon="13.2218700"></trkpt>
      <trkpt lat="41.4997900" lon="13.2219000"></trkpt>
      <trkpt lat="41.4998400" lon="13.2220100"></trkpt>
      <trkpt lat="41.4999800" lon="13.2222700"></trkpt>
      <trkpt lat="41.5000500" lon="13.2224100"></trkpt>
      <trkpt lat="41.5001400" lon="13.2225500"></trkpt>
      <trkpt lat="41.5002700" lon="13.2227400"></trkpt>
      <trkpt lat="41.5003400" lon="13.2228500"></trkpt>
      <trkpt lat="41.5004400" lon="13.2229700"></trkpt>
      <trkpt lat="41.5005600" lon="13.2231200"></trkpt>
      <trkpt lat="41.5005700" lon="13.2231300"></trkpt>
      <trkpt lat="41.5006000" lon="13.2231700"></trkpt>
      <trkpt lat="41.5006600" lon="13.2232500"></trkpt>
      <trkpt lat="41.5008700" lon="13.2234900"></trkpt>
      <trkpt lat="41.5010500" lon="13.2236800"></trkpt>
      <trkpt lat="41.5011000" lon="13.2237800"></trkpt>
      <trkpt lat="41.5011400" lon="13.2238200"></trkpt>
      <trkpt lat="41.5014100" lon="13.2241100"></trkpt>
      <trkpt lat="41.5016400" lon="13.2243900"></trkpt>
      <trkpt lat="41.5017700" lon="13.2245900"></trkpt>
      <trkpt lat="41.5017700" lon="13.2246800"></trkpt>
      <trkpt lat="41.5017800" lon="13.2247000"></trkpt>
      <trkpt lat="41.5017800" lon="13.2247100"></trkpt>
      <trkpt lat="41.5017900" lon="13.2247200"></trkpt>
      <trkpt lat="41.5017900" lon="13.2247300"></trkpt>
      <trkpt lat="41.5018000" lon="13.2247400"></trkpt>
      <trkpt lat="41.5018000" lon="13.2247500"></trkpt>
      <trkpt lat="41.5018100" lon="13.2247600"></trkpt>
      <trkpt lat="41.5018200" lon="13.2247700"></trkpt>
      <trkpt lat="41.5018300" lon="13.2247800"></trkpt>
      <trkpt lat="41.5018300" lon="13.2247900"></trkpt>
      <trkpt lat="41.5018400" lon="13.2248000"></trkpt>
      <trkpt lat="41.5018500" lon="13.2248000"></trkpt>
      <trkpt lat="41.5018600" lon="13.2248100"></trkpt>
      <trkpt lat="41.5018700" lon="13.2248100"></trkpt>
      <trkpt lat="41.5018800" lon="13.2248200"></trkpt>
      <trkpt lat="41.5018900" lon="13.2248200"></trkpt>
      <trkpt lat="41.5019400" lon="13.2248200"></trkpt>
      <trkpt lat="41.5019500" lon="13.2248200"></trkpt>
      <trkpt lat="41.5019600" lon="13.2248100"></trkpt>
      <trkpt lat="41.5019800" lon="13.2248100"></trkpt>
      <trkpt lat="41.5019900" lon="13.2248000"></trkpt>
      <trkpt lat="41.5020000" lon="13.2247900"></trkpt>
      <trkpt lat="41.5021000" lon="13.2248800"></trkpt>
      <trkpt lat="41.5022100" lon="13.2249900"></trkpt>
      <trkpt lat="41.5022400" lon="13.2250300"></trkpt>
      <trkpt lat="41.5024000" lon="13.2252500"></trkpt>
      <trkpt lat="41.5024600" lon="13.2253400"></trkpt>
      <trkpt lat="41.5025200" lon="13.2254300"></trkpt>
      <trkpt lat="41.5025900" lon="13.2254600"></trkpt>
      <trkpt lat="41.5026500" lon="13.2255700"></trkpt>
      <trkpt lat="41.5026900" lon="13.2256400"></trkpt>
      <trkpt lat="41.5027400" lon="13.2257300"></trkpt>
      <trkpt lat="41.5028300" lon="13.2259100"></trkpt>
      <trkpt lat="41.5028800" lon="13.2260200"></trkpt>
      <trkpt lat="41.5029200" lon="13.2261300"></trkpt>
      <trkpt lat="41.5030200" lon="13.2263500"></trkpt>
      <trkpt lat="41.5030600" lon="13.2264700"></trkpt>
      <trkpt lat="41.5030600" lon="13.2264800"></trkpt>
      <trkpt lat="41.5031200" lon="13.2266200"></trkpt>
      <trkpt lat="41.5031400" lon="13.2266900"></trkpt>
      <trkpt lat="41.5031400" lon="13.2267000"></trkpt>
      <trkpt lat="41.5031700" lon="13.2267900"></trkpt>
      <trkpt lat="41.5032200" lon="13.2269500"></trkpt>
      <trkpt lat="41.5032700" lon="13.2271200"></trkpt>
      <trkpt lat="41.5032800" lon="13.2271600"></trkpt>
      <trkpt lat="41.5033100" lon="13.2272900"></trkpt>
      <trkpt lat="41.5033300" lon="13.2273600"></trkpt>
      <trkpt lat="41.5034600" lon="13.2279200"></trkpt>
      <trkpt lat="41.5038800" lon="13.2296500"></trkpt>
      <trkpt lat="41.5042700" lon="13.2313200"></trkpt>
      <trkpt lat="41.5043200" lon="13.2315400"></trkpt>
      <trkpt lat="41.5043800" lon="13.2317600"></trkpt>
      <trkpt lat="41.5044500" lon="13.2320900"></trkpt>
      <trkpt lat="41.5044800" lon="13.2322300"></trkpt>
      <trkpt lat="41.5045000" lon="13.2323300"></trkpt>
      <trkpt lat="41.5045100" lon="13.2323800"></trkpt>
      <trkpt lat="41.5045300" lon="13.2324900"></trkpt>
      <trkpt lat="41.5045500" lon="13.2326100"></trkpt>
      <trkpt lat="41.5045900" lon="13.2328400"></trkpt>
      <trkpt lat="41.5046100" lon="13.2329700"></trkpt>
      <trkpt lat="41.5046200" lon="13.2331000"></trkpt>
      <trkpt lat="41.5046300" lon="13.2332400"></trkpt>
      <trkpt lat="41.5046600" lon="13.2335100"></trkpt>
      <trkpt lat="41.5046700" lon="13.2337200"></trkpt>
      <trkpt lat="41.5046800" lon="13.2338900"></trkpt>
      <trkpt lat="41.5046800" lon="13.2342100"></trkpt>
      <trkpt lat="41.5046700" lon="13.2345800"></trkpt>
      <trkpt lat="41.5046600" lon="13.2349700"></trkpt>
      <trkpt lat="41.5046600" lon="13.2355200"></trkpt>
      <trkpt lat="41.5046700" lon="13.2356900"></trkpt>
      <trkpt lat="41.5046800" lon="13.2359500"></trkpt>
      <trkpt lat="41.5047000" lon="13.2362100"></trkpt>
      <trkpt lat="41.5047100" lon="13.2363200"></trkpt>
      <trkpt lat="41.5047200" lon="13.2364200"></trkpt>
      <trkpt lat="41.5047500" lon="13.2367000"></trkpt>
      <trkpt lat="41.5048000" lon="13.2370900"></trkpt>
      <trkpt lat="41.5048000" lon="13.2372200"></trkpt>
      <trkpt lat="41.5049100" lon="13.2380600"></trkpt>
      <trkpt lat="41.5049500" lon="13.2383200"></trkpt>
      <trkpt lat="41.5050100" lon="13.2387100"></trkpt>
      <trkpt lat="41.5050300" lon="13.2388300"></trkpt>
      <trkpt lat="41.5051400" lon="13.2395800"></trkpt>
      <trkpt lat="41.5052100" lon="13.2400000"></trkpt>
      <trkpt lat="41.5052700" lon="13.2403100"></trkpt>
      <trkpt lat="41.5054300" lon="13.2412300"></trkpt>
      <trkpt lat="41.5057100" lon="13.2427500"></trkpt>
      <trkpt lat="41.5057300" lon="13.2428700"></trkpt>
      <trkpt lat="41.5058800" lon="13.2437000"></trkpt>
      <trkpt lat="41.5060500" lon="13.2446300"></trkpt>
      <trkpt lat="41.5060800" lon="13.2447800"></trkpt>
      <trkpt lat="41.5061200" lon="13.2450200"></trkpt>
      <trkpt lat="41.5062100" lon="13.2455200"></trkpt>
      <trkpt lat="41.5062500" lon="13.2457200"></trkpt>
      <trkpt lat="41.5062600" lon="13.2458000"></trkpt>
      <trkpt lat="41.5062900" lon="13.2459500"></trkpt>
      <trkpt lat="41.5063000" lon="13.2460300"></trkpt>
      <trkpt lat="41.5063300" lon="13.2461700"></trkpt>
      <trkpt lat="41.5063700" lon="13.2462600"></trkpt>
      <trkpt lat="41.5073300" lon="13.2516200"></trkpt>
      <trkpt lat="41.5074000" lon="13.2519800"></trkpt>
      <trkpt lat="41.5075600" lon="13.2528900"></trkpt>
      <trkpt lat="41.5078100" lon="13.2542800"></trkpt>
      <trkpt lat="41.5078500" lon="13.2544800"></trkpt>
      <trkpt lat="41.5079500" lon="13.2550600"></trkpt>
      <trkpt lat="41.5081000" lon="13.2559000"></trkpt>
      <trkpt lat="41.5081700" lon="13.2562500"></trkpt>
      <trkpt lat="41.5083800" lon="13.2574200"></trkpt>
      <trkpt lat="41.5083900" lon="13.2574700"></trkpt>
      <trkpt lat="41.5084000" lon="13.2575500"></trkpt>
      <trkpt lat="41.5084100" lon="13.2576300"></trkpt>
      <trkpt lat="41.5084400" lon="13.2577900"></trkpt>
      <trkpt lat="41.5089000" lon="13.2602800"></trkpt>
      <trkpt lat="41.5089400" lon="13.2605100"></trkpt>
      <trkpt lat="41.5091500" lon="13.2616800"></trkpt>
      <trkpt lat="41.5092600" lon="13.2622700"></trkpt>
      <trkpt lat="41.5093800" lon="13.2628500"></trkpt>
      <trkpt lat="41.5094300" lon="13.2630700"></trkpt>
      <trkpt lat="41.5094800" lon="13.2632500"></trkpt>
      <trkpt lat="41.5095100" lon="13.2633900"></trkpt>
      <trkpt lat="41.5095700" lon="13.2635900"></trkpt>
      <trkpt lat="41.5096200" lon="13.2637800"></trkpt>
      <trkpt lat="41.5096700" lon="13.2639300"></trkpt>
      <trkpt lat="41.5097300" lon="13.2641100"></trkpt>
      <trkpt lat="41.5097900" lon="13.2642800"></trkpt>
      <trkpt lat="41.5098600" lon="13.2644900"></trkpt>
      <trkpt lat="41.5099300" lon="13.2646800"></trkpt>
      <trkpt lat="41.5100200" lon="13.2649100"></trkpt>
      <trkpt lat="41.5101200" lon="13.2651500"></trkpt>
      <trkpt lat="41.5102600" lon="13.2654500"></trkpt>
      <trkpt lat="41.5102800" lon="13.2655000"></trkpt>
      <trkpt lat="41.5104300" lon="13.2658100"></trkpt>
      <trkpt lat="41.5105100" lon="13.2659700"></trkpt>
      <trkpt lat="41.5105700" lon="13.2660800"></trkpt>
      <trkpt lat="41.5106500" lon="13.2662300"></trkpt>
      <trkpt lat="41.5107600" lon="13.2664200"></trkpt>
      <trkpt lat="41.5108900" lon="13.2666200"></trkpt>
      <trkpt lat="41.5109400" lon="13.2667100"></trkpt>
      <trkpt lat="41.5110100" lon="13.2668000"></trkpt>
      <trkpt lat="41.5110900" lon="13.2669300"></trkpt>
      <trkpt lat="41.5112900" lon="13.2672000"></trkpt>
      <trkpt lat="41.5115100" lon="13.2674900"></trkpt>
      <trkpt lat="41.5115500" lon="13.2675500"></trkpt>
      <trkpt lat="41.5115900" lon="13.2676000"></trkpt>
      <trkpt lat="41.5116700" lon="13.2677000"></trkpt>
      <trkpt lat="41.5117900" lon="13.2678500"></trkpt>
      <trkpt lat="41.5119700" lon="13.2680500"></trkpt>
      <trkpt lat="41.5121500" lon="13.2682600"></trkpt>
      <trkpt lat="41.5123900" lon="13.2684900"></trkpt>
      <trkpt lat="41.5124800" lon="13.2685800"></trkpt>
      <trkpt lat="41.5128400" lon="13.2689400"></trkpt>
      <trkpt lat="41.5131500" lon="13.2692400"></trkpt>
      <trkpt lat="41.5134200" lon="13.2695200"></trkpt>
      <trkpt lat="41.5136600" lon="13.2697400"></trkpt>
      <trkpt lat="41.5140900" lon="13.2701700"></trkpt>
      <trkpt lat="41.5144000" lon="13.2704700"></trkpt>
      <trkpt lat="41.5145200" lon="13.2706000"></trkpt>
      <trkpt lat="41.5146900" lon="13.2707600"></trkpt>
      <trkpt lat="41.5148300" lon="13.2709100"></trkpt>
      <trkpt lat="41.5151700" lon="13.2712500"></trkpt>
      <trkpt lat="41.5152700" lon="13.2713500"></trkpt>
      <trkpt lat="41.5153700" lon="13.2714500"></trkpt>
      <trkpt lat="41.5154600" lon="13.2715300"></trkpt>
      <trkpt lat="41.5156000" lon="13.2716600"></trkpt>
      <trkpt lat="41.5156100" lon="13.2716700"></trkpt>
      <trkpt lat="41.5157000" lon="13.2717400"></trkpt>
      <trkpt lat="41.5157600" lon="13.2717900"></trkpt>
      <trkpt lat="41.5158200" lon="13.2718500"></trkpt>
      <trkpt lat="41.5159200" lon="13.2719100"></trkpt>
      <trkpt lat="41.5160000" lon="13.2719800"></trkpt>
      <trkpt lat="41.5160700" lon="13.2720300"></trkpt>
      <trkpt lat="41.5161900" lon="13.2721000"></trkpt>
      <trkpt lat="41.5162300" lon="13.2721300"></trkpt>
      <trkpt lat="41.5163800" lon="13.2722200"></trkpt>
      <trkpt lat="41.5164000" lon="13.2722300"></trkpt>
      <trkpt lat="41.5164900" lon="13.2722900"></trkpt>
      <trkpt lat="41.5165600" lon="13.2723300"></trkpt>
      <trkpt lat="41.5166300" lon="13.2723600"></trkpt>
      <trkpt lat="41.5167300" lon="13.2724100"></trkpt>
      <trkpt lat="41.5169000" lon="13.2725000"></trkpt>
      <trkpt lat="41.5170500" lon="13.2725600"></trkpt>
      <trkpt lat="41.5172400" lon="13.2726400"></trkpt>
      <trkpt lat="41.5175100" lon="13.2727300"></trkpt>
      <trkpt lat="41.5178500" lon="13.2728200"></trkpt>
      <trkpt lat="41.5181900" lon="13.2728900"></trkpt>
      <trkpt lat="41.5183000" lon="13.2729000"></trkpt>
      <trkpt lat="41.5184600" lon="13.2729200"></trkpt>
      <trkpt lat="41.5184800" lon="13.2729200"></trkpt>
      <trkpt lat="41.5188400" lon="13.2729500"></trkpt>
      <trkpt lat="41.5188600" lon="13.2729500"></trkpt>
      <trkpt lat="41.5192000" lon="13.2729500"></trkpt>
      <trkpt lat="41.5193900" lon="13.2729300"></trkpt>
      <trkpt lat="41.5195600" lon="13.2729200"></trkpt>
      <trkpt lat="41.5197200" lon="13.2729000"></trkpt>
      <trkpt lat="41.5200300" lon="13.2728400"></trkpt>
      <trkpt lat="41.5202700" lon="13.2727800"></trkpt>
      <trkpt lat="41.5203900" lon="13.2727400"></trkpt>
      <trkpt lat="41.5205700" lon="13.2726900"></trkpt>
      <trkpt lat="41.5208000" lon="13.2726100"></trkpt>
      <trkpt lat="41.5208600" lon="13.2725900"></trkpt>
      <trkpt lat="41.5209700" lon="13.2725400"></trkpt>
      <trkpt lat="41.5211400" lon="13.2724700"></trkpt>
      <trkpt lat="41.5211500" lon="13.2724600"></trkpt>
      <trkpt lat="41.5213100" lon="13.2723800"></trkpt>
      <trkpt lat="41.5214400" lon="13.2723200"></trkpt>
      <trkpt lat="41.5214800" lon="13.2722900"></trkpt>
      <trkpt lat="41.5216300" lon="13.2722000"></trkpt>
      <trkpt lat="41.5216400" lon="13.2721900"></trkpt>
      <trkpt lat="41.5217800" lon="13.2721100"></trkpt>
      <trkpt lat="41.5218000" lon="13.2720900"></trkpt>
      <trkpt lat="41.5221600" lon="13.2718200"></trkpt>
      <trkpt lat="41.5225500" lon="13.2715200"></trkpt>
      <trkpt lat="41.5231100" lon="13.2710800"></trkpt>
      <trkpt lat="41.5231200" lon="13.2710800"></trkpt>
      <trkpt lat="41.5231600" lon="13.2710500"></trkpt>
      <trkpt lat="41.5237600" lon="13.2706000"></trkpt>
      <trkpt lat="41.5240400" lon="13.2703800"></trkpt>
      <trkpt lat="41.5248900" lon="13.2697400"></trkpt>
      <trkpt lat="41.5251800" lon="13.2695100"></trkpt>
      <trkpt lat="41.5255500" lon="13.2692300"></trkpt>
      <trkpt lat="41.5257900" lon="13.2690700"></trkpt>
      <trkpt lat="41.5260300" lon="13.2689300"></trkpt>
      <trkpt lat="41.5262200" lon="13.2688300"></trkpt>
      <trkpt lat="41.5263700" lon="13.2687600"></trkpt>
      <trkpt lat="41.5265500" lon="13.2686800"></trkpt>
      <trkpt lat="41.5268100" lon="13.2685900"></trkpt>
      <trkpt lat="41.5279400" lon="13.2682400"></trkpt>
      <trkpt lat="41.5283900" lon="13.2681000"></trkpt>
      <trkpt lat="41.5284700" lon="13.2680800"></trkpt>
      <trkpt lat="41.5291900" lon="13.2678500"></trkpt>
      <trkpt lat="41.5296300" lon="13.2677100"></trkpt>
      <trkpt lat="41.5298100" lon="13.2676600"></trkpt>
      <trkpt lat="41.5299400" lon="13.2676100"></trkpt>
      <trkpt lat="41.5299600" lon="13.2676200"></trkpt>
      <trkpt lat="41.5299700" lon="13.2676200"></trkpt>
      <trkpt lat="41.5299900" lon="13.2676200"></trkpt>
      <trkpt lat="41.5300200" lon="13.2676200"></trkpt>
      <trkpt lat="41.5301000" lon="13.2675900"></trkpt>
      <trkpt lat="41.5302500" lon="13.2675500"></trkpt>
      <trkpt lat="41.5302700" lon="13.2675400"></trkpt>
      <trkpt lat="41.5303600" lon="13.2675100"></trkpt>
      <trkpt lat="41.5303900" lon="13.2675000"></trkpt>
      <trkpt lat="41.5304200" lon="13.2674900"></trkpt>
      <trkpt lat="41.5304500" lon="13.2674800"></trkpt>
      <trkpt lat="41.5304500" lon="13.2674700"></trkpt>
      <trkpt lat="41.5304900" lon="13.2674600"></trkpt>
      <trkpt lat="41.5307400" lon="13.2673700"></trkpt>
      <trkpt lat="41.5309100" lon="13.2673200"></trkpt>
      <trkpt lat="41.5311600" lon="13.2672400"></trkpt>
      <trkpt lat="41.5312800" lon="13.2672100"></trkpt>
      <trkpt lat="41.5313200" lon="13.2671900"></trkpt>
      <trkpt lat="41.5313400" lon="13.2671900"></trkpt>
      <trkpt lat="41.5316400" lon="13.2671000"></trkpt>
      <trkpt lat="41.5316900" lon="13.2670900"></trkpt>
      <trkpt lat="41.5317100" lon="13.2670800"></trkpt>
      <trkpt lat="41.5317300" lon="13.2670800"></trkpt>
      <trkpt lat="41.5317400" lon="13.2670800"></trkpt>
      <trkpt lat="41.5317500" lon="13.2670700"></trkpt>
      <trkpt lat="41.5317900" lon="13.2670600"></trkpt>
      <trkpt lat="41.5319700" lon="13.2670000"></trkpt>
      <trkpt lat="41.5321400" lon="13.2669400"></trkpt>
      <trkpt lat="41.5321900" lon="13.2669200"></trkpt>
      <trkpt lat="41.5322700" lon="13.2668900"></trkpt>
      <trkpt lat="41.5322900" lon="13.2668900"></trkpt>
      <trkpt lat="41.5323100" lon="13.2668800"></trkpt>
      <trkpt lat="41.5323200" lon="13.2668700"></trkpt>
      <trkpt lat="41.5323500" lon="13.2668400"></trkpt>
      <trkpt lat="41.5323700" lon="13.2668400"></trkpt>
      <trkpt lat="41.5324300" lon="13.2668200"></trkpt>
      <trkpt lat="41.5327400" lon="13.2667200"></trkpt>
      <trkpt lat="41.5330200" lon="13.2666400"></trkpt>
      <trkpt lat="41.5330900" lon="13.2666200"></trkpt>
      <trkpt lat="41.5332600" lon="13.2665800"></trkpt>
      <trkpt lat="41.5334100" lon="13.2665600"></trkpt>
      <trkpt lat="41.5335400" lon="13.2665400"></trkpt>
      <trkpt lat="41.5335900" lon="13.2665300"></trkpt>
      <trkpt lat="41.5336700" lon="13.2665200"></trkpt>
      <trkpt lat="41.5337700" lon="13.2665200"></trkpt>
      <trkpt lat="41.5338900" lon="13.2665100"></trkpt>
      <trkpt lat="41.5339500" lon="13.2665000"></trkpt>
      <trkpt lat="41.5339900" lon="13.2665000"></trkpt>
      <trkpt lat="41.5341300" lon="13.2665000"></trkpt>
      <trkpt lat="41.5343100" lon="13.2665100"></trkpt>
      <trkpt lat="41.5345000" lon="13.2665200"></trkpt>
      <trkpt lat="41.5346200" lon="13.2665400"></trkpt>
      <trkpt lat="41.5346700" lon="13.2665400"></trkpt>
      <trkpt lat="41.5348500" lon="13.2665700"></trkpt>
      <trkpt lat="41.5348600" lon="13.2665700"></trkpt>
      <trkpt lat="41.5350200" lon="13.2665900"></trkpt>
      <trkpt lat="41.5350600" lon="13.2665900"></trkpt>
      <trkpt lat="41.5353900" lon="13.2666400"></trkpt>
      <trkpt lat="41.5355600" lon="13.2666600"></trkpt>
      <trkpt lat="41.5357400" lon="13.2666800"></trkpt>
      <trkpt lat="41.5358000" lon="13.2666900"></trkpt>
      <trkpt lat="41.5360200" lon="13.2667200"></trkpt>
      <trkpt lat="41.5360600" lon="13.2667200"></trkpt>
      <trkpt lat="41.5361400" lon="13.2667300"></trkpt>
      <trkpt lat="41.5366800" lon="13.2668100"></trkpt>
      <trkpt lat="41.5367400" lon="13.2668100"></trkpt>
      <trkpt lat="41.5367800" lon="13.2668200"></trkpt>
      <trkpt lat="41.5372400" lon="13.2668800"></trkpt>
      <trkpt lat="41.5373300" lon="13.2669000"></trkpt>
      <trkpt lat="41.5375000" lon="13.2669200"></trkpt>
      <trkpt lat="41.5375300" lon="13.2669200"></trkpt>
      <trkpt lat="41.5379100" lon="13.2669800"></trkpt>
      <trkpt lat="41.5383900" lon="13.2670400"></trkpt>
      <trkpt lat="41.5384400" lon="13.2670400"></trkpt>
      <trkpt lat="41.5384700" lon="13.2670500"></trkpt>
      <trkpt lat="41.5385400" lon="13.2670600"></trkpt>
      <trkpt lat="41.5397200" lon="13.2672000"></trkpt>
      <trkpt lat="41.5399000" lon="13.2672300"></trkpt>
      <trkpt lat="41.5401100" lon="13.2672700"></trkpt>
      <trkpt lat="41.5403900" lon="13.2673500"></trkpt>
      <trkpt lat="41.5406500" lon="13.2674300"></trkpt>
      <trkpt lat="41.5408600" lon="13.2675100"></trkpt>
      <trkpt lat="41.5409900" lon="13.2675600"></trkpt>
      <trkpt lat="41.5410500" lon="13.2676000"></trkpt>
      <trkpt lat="41.5412700" lon="13.2677000"></trkpt>
      <trkpt lat="41.5415300" lon="13.2678200"></trkpt>
      <trkpt lat="41.5418900" lon="13.2680000"></trkpt>
      <trkpt lat="41.5419600" lon="13.2680400"></trkpt>
      <trkpt lat="41.5425900" lon="13.2683400"></trkpt>
      <trkpt lat="41.5429000" lon="13.2685000"></trkpt>
      <trkpt lat="41.5434100" lon="13.2687400"></trkpt>
      <trkpt lat="41.5434400" lon="13.2687600"></trkpt>
      <trkpt lat="41.5435900" lon="13.2688400"></trkpt>
      <trkpt lat="41.5440900" lon="13.2690800"></trkpt>
      <trkpt lat="41.5443400" lon="13.2691900"></trkpt>
      <trkpt lat="41.5444300" lon="13.2692200"></trkpt>
      <trkpt lat="41.5447700" lon="13.2693500"></trkpt>
      <trkpt lat="41.5448900" lon="13.2694000"></trkpt>
      <trkpt lat="41.5451000" lon="13.2694500"></trkpt>
      <trkpt lat="41.5451300" lon="13.2694500"></trkpt>
      <trkpt lat="41.5454300" lon="13.2695000"></trkpt>
      <trkpt lat="41.5456300" lon="13.2695300"></trkpt>
      <trkpt lat="41.5458400" lon="13.2695500"></trkpt>
      <trkpt lat="41.5461700" lon="13.2695600"></trkpt>
      <trkpt lat="41.5465000" lon="13.2695600"></trkpt>
      <trkpt lat="41.5466500" lon="13.2695400"></trkpt>
      <trkpt lat="41.5468600" lon="13.2695600"></trkpt>
      <trkpt lat="41.5469900" lon="13.2695400"></trkpt>
      <trkpt lat="41.5473700" lon="13.2694700"></trkpt>
      <trkpt lat="41.5474200" lon="13.2694600"></trkpt>
      <trkpt lat="41.5477700" lon="13.2693600"></trkpt>
      <trkpt lat="41.5480700" lon="13.2692500"></trkpt>
      <trkpt lat="41.5481900" lon="13.2692100"></trkpt>
      <trkpt lat="41.5487300" lon="13.2689800"></trkpt>
      <trkpt lat="41.5487600" lon="13.2689700"></trkpt>
      <trkpt lat="41.5492700" lon="13.2687400"></trkpt>
      <trkpt lat="41.5497700" lon="13.2685200"></trkpt>
      <trkpt lat="41.5499500" lon="13.2684400"></trkpt>
      <trkpt lat="41.5504900" lon="13.2682000"></trkpt>
      <trkpt lat="41.5509700" lon="13.2680100"></trkpt>
      <trkpt lat="41.5511000" lon="13.2679500"></trkpt>
      <trkpt lat="41.5514800" lon="13.2678000"></trkpt>
      <trkpt lat="41.5518800" lon="13.2676300"></trkpt>
      <trkpt lat="41.5518900" lon="13.2676200"></trkpt>
      <trkpt lat="41.5525100" lon="13.2673500"></trkpt>
      <trkpt lat="41.5526800" lon="13.2672700"></trkpt>
      <trkpt lat="41.5527400" lon="13.2672400"></trkpt>
      <trkpt lat="41.5528500" lon="13.2672000"></trkpt>
      <trkpt lat="41.5531800" lon="13.2670300"></trkpt>
      <trkpt lat="41.5535100" lon="13.2668600"></trkpt>
      <trkpt lat="41.5535300" lon="13.2668500"></trkpt>
      <trkpt lat="41.5538800" lon="13.2667300"></trkpt>
      <trkpt lat="41.5540100" lon="13.2666900"></trkpt>
      <trkpt lat="41.5540700" lon="13.2666700"></trkpt>
      <trkpt lat="41.5541500" lon="13.2666500"></trkpt>
      <trkpt lat="41.5542900" lon="13.2666200"></trkpt>
      <trkpt lat="41.5558900" lon="13.2664200"></trkpt>
      <trkpt lat="41.5562700" lon="13.2663700"></trkpt>
      <trkpt lat="41.5564100" lon="13.2663500"></trkpt>
      <trkpt lat="41.5566100" lon="13.2663300"></trkpt>
      <trkpt lat="41.5566400" lon="13.2663200"></trkpt>
      <trkpt lat="41.5567000" lon="13.2663200"></trkpt>
      <trkpt lat="41.5567900" lon="13.2663100"></trkpt>
      <trkpt lat="41.5568800" lon="13.2663000"></trkpt>
      <trkpt lat="41.5570800" lon="13.2662700"></trkpt>
      <trkpt lat="41.5572900" lon="13.2662600"></trkpt>
      <trkpt lat="41.5574400" lon="13.2662400"></trkpt>
      <trkpt lat="41.5575000" lon="13.2662400"></trkpt>
      <trkpt lat="41.5576700" lon="13.2662300"></trkpt>
      <trkpt lat="41.5578700" lon="13.2662300"></trkpt>
      <trkpt lat="41.5580800" lon="13.2662500"></trkpt>
      <trkpt lat="41.5581300" lon="13.2662500"></trkpt>
      <trkpt lat="41.5582200" lon="13.2662600"></trkpt>
      <trkpt lat="41.5582700" lon="13.2662700"></trkpt>
      <trkpt lat="41.5585300" lon="13.2663200"></trkpt>
      <trkpt lat="41.5587600" lon="13.2663700"></trkpt>
      <trkpt lat="41.5589800" lon="13.2664200"></trkpt>
      <trkpt lat="41.5595500" lon="13.2665700"></trkpt>
      <trkpt lat="41.5617600" lon="13.2671600"></trkpt>
      <trkpt lat="41.5626300" lon="13.2674000"></trkpt>
      <trkpt lat="41.5630200" lon="13.2675000"></trkpt>
      <trkpt lat="41.5632200" lon="13.2675500"></trkpt>
      <trkpt lat="41.5640600" lon="13.2677300"></trkpt>
      <trkpt lat="41.5641100" lon="13.2677400"></trkpt>
      <trkpt lat="41.5642900" lon="13.2677600"></trkpt>
      <trkpt lat="41.5644700" lon="13.2677900"></trkpt>
      <trkpt lat="41.5645100" lon="13.2677900"></trkpt>
      <trkpt lat="41.5649000" lon="13.2678200"></trkpt>
      <trkpt lat="41.5654100" lon="13.2678600"></trkpt>
      <trkpt lat="41.5655500" lon="13.2678700"></trkpt>
      <trkpt lat="41.5657300" lon="13.2678800"></trkpt>
      <trkpt lat="41.5658800" lon="13.2678900"></trkpt>
      <trkpt lat="41.5661600" lon="13.2679000"></trkpt>
      <trkpt lat="41.5664400" lon="13.2679200"></trkpt>
      <trkpt lat="41.5666200" lon="13.2679300"></trkpt>
      <trkpt lat="41.5672800" lon="13.2679600"></trkpt>
      <trkpt lat="41.5673400" lon="13.2679600"></trkpt>
      <trkpt lat="41.5675200" lon="13.2679700"></trkpt>
      <trkpt lat="41.5683800" lon="13.2680100"></trkpt>
      <trkpt lat="41.5685200" lon="13.2680300"></trkpt>
      <trkpt lat="41.5692300" lon="13.2681100"></trkpt>
      <trkpt lat="41.5701600" lon="13.2682600"></trkpt>
      <trkpt lat="41.5706300" lon="13.2683600"></trkpt>
      <trkpt lat="41.5706800" lon="13.2683700"></trkpt>
      <trkpt lat="41.5706800" lon="13.2683800"></trkpt>
      <trkpt lat="41.5709500" lon="13.2684500"></trkpt>
      <trkpt lat="41.5711200" lon="13.2685000"></trkpt>
      <trkpt lat="41.5711500" lon="13.2685100"></trkpt>
      <trkpt lat="41.5712800" lon="13.2685500"></trkpt>
      <trkpt lat="41.5713300" lon="13.2685700"></trkpt>
      <trkpt lat="41.5717500" lon="13.2687100"></trkpt>
      <trkpt lat="41.5720900" lon="13.2688300"></trkpt>
      <trkpt lat="41.5721700" lon="13.2688600"></trkpt>
      <trkpt lat="41.5727200" lon="13.2690600"></trkpt>
      <trkpt lat="41.5729900" lon="13.2691600"></trkpt>
      <trkpt lat="41.5730400" lon="13.2691800"></trkpt>
      <trkpt lat="41.5733000" lon="13.2692800"></trkpt>
      <trkpt lat="41.5740600" lon="13.2695600"></trkpt>
      <trkpt lat="41.5741600" lon="13.2695900"></trkpt>
      <trkpt lat="41.5751900" lon="13.2699700"></trkpt>
      <trkpt lat="41.5754200" lon="13.2700600"></trkpt>
      <trkpt lat="41.5759300" lon="13.2702500"></trkpt>
      <trkpt lat="41.5762200" lon="13.2703600"></trkpt>
      <trkpt lat="41.5768000" lon="13.2706700"></trkpt>
      <trkpt lat="41.5768800" lon="13.2707300"></trkpt>
      <trkpt lat="41.5770900" lon="13.2708600"></trkpt>
      <trkpt lat="41.5771500" lon="13.2709000"></trkpt>
      <trkpt lat="41.5772900" lon="13.2710000"></trkpt>
      <trkpt lat="41.5773100" lon="13.2710200"></trkpt>
      <trkpt lat="41.5774600" lon="13.2711500"></trkpt>
      <trkpt lat="41.5776100" lon="13.2712800"></trkpt>
      <trkpt lat="41.5777700" lon="13.2714300"></trkpt>
      <trkpt lat="41.5779100" lon="13.2715700"></trkpt>
      <trkpt lat="41.5780000" lon="13.2716600"></trkpt>
      <trkpt lat="41.5781100" lon="13.2717900"></trkpt>
      <trkpt lat="41.5781900" lon="13.2718800"></trkpt>
      <trkpt lat="41.5783600" lon="13.2721400"></trkpt>
      <trkpt lat="41.5783700" lon="13.2721600"></trkpt>
      <trkpt lat="41.5787700" lon="13.2727500"></trkpt>
      <trkpt lat="41.5787900" lon="13.2727900"></trkpt>
      <trkpt lat="41.5791700" lon="13.2733800"></trkpt>
      <trkpt lat="41.5791700" lon="13.2733900"></trkpt>
      <trkpt lat="41.5792200" lon="13.2734800"></trkpt>
      <trkpt lat="41.5796700" lon="13.2742300"></trkpt>
      <trkpt lat="41.5797500" lon="13.2743600"></trkpt>
      <trkpt lat="41.5798300" lon="13.2745100"></trkpt>
      <trkpt lat="41.5799100" lon="13.2746500"></trkpt>
      <trkpt lat="41.5799400" lon="13.2746900"></trkpt>
      <trkpt lat="41.5804200" lon="13.2754700"></trkpt>
      <trkpt lat="41.5806200" lon="13.2758000"></trkpt>
      <trkpt lat="41.5810500" lon="13.2764900"></trkpt>
      <trkpt lat="41.5813300" lon="13.2769400"></trkpt>
      <trkpt lat="41.5814300" lon="13.2771100"></trkpt>
      <trkpt lat="41.5816700" lon="13.2774400"></trkpt>
      <trkpt lat="41.5817800" lon="13.2775800"></trkpt>
      <trkpt lat="41.5819900" lon="13.2778500"></trkpt>
      <trkpt lat="41.5822000" lon="13.2780900"></trkpt>
      <trkpt lat="41.5823000" lon="13.2781700"></trkpt>
      <trkpt lat="41.5831500" lon="13.2791600"></trkpt>
      <trkpt lat="41.5834300" lon="13.2795000"></trkpt>
      <trkpt lat="41.5837500" lon="13.2798700"></trkpt>
      <trkpt lat="41.5838700" lon="13.2800000"></trkpt>
      <trkpt lat="41.5842700" lon="13.2805100"></trkpt>
      <trkpt lat="41.5847100" lon="13.2811100"></trkpt>
      <trkpt lat="41.5848300" lon="13.2812900"></trkpt>
      <trkpt lat="41.5854200" lon="13.2821400"></trkpt>
      <trkpt lat="41.5864400" lon="13.2836000"></trkpt>
      <trkpt lat="41.5864600" lon="13.2836200"></trkpt>
      <trkpt lat="41.5868500" lon="13.2841100"></trkpt>
      <trkpt lat="41.5871900" lon="13.2844900"></trkpt>
      <trkpt lat="41.5873800" lon="13.2847200"></trkpt>
      <trkpt lat="41.5879100" lon="13.2853300"></trkpt>
      <trkpt lat="41.5880400" lon="13.2854700"></trkpt>
      <trkpt lat="41.5881200" lon="13.2855500"></trkpt>
      <trkpt lat="41.5884000" lon="13.2858700"></trkpt>
      <trkpt lat="41.5885400" lon="13.2860300"></trkpt>
      <trkpt lat="41.5888100" lon="13.2863400"></trkpt>
      <trkpt lat="41.5892000" lon="13.2867800"></trkpt>
      <trkpt lat="41.5894700" lon="13.2870700"></trkpt>
      <trkpt lat="41.5897500" lon="13.2874000"></trkpt>
      <trkpt lat="41.5897900" lon="13.2874800"></trkpt>
      <trkpt lat="41.5898200" lon="13.2875200"></trkpt>
      <trkpt lat="41.5899000" lon="13.2876100"></trkpt>
      <trkpt lat="41.5904600" lon="13.2882400"></trkpt>
      <trkpt lat="41.5905800" lon="13.2883700"></trkpt>
      <trkpt lat="41.5906700" lon="13.2884700"></trkpt>
      <trkpt lat="41.5907500" lon="13.2885600"></trkpt>
      <trkpt lat="41.5911700" lon="13.2890400"></trkpt>
      <trkpt lat="41.5912000" lon="13.2890800"></trkpt>
      <trkpt lat="41.5914200" lon="13.2893300"></trkpt>
      <trkpt lat="41.5916200" lon="13.2895500"></trkpt>
      <trkpt lat="41.5918800" lon="13.2898300"></trkpt>
      <trkpt lat="41.5922000" lon="13.2901900"></trkpt>
      <trkpt lat="41.5924100" lon="13.2904200"></trkpt>
      <trkpt lat="41.5925500" lon="13.2905600"></trkpt>
      <trkpt lat="41.5927000" lon="13.2906700"></trkpt>
      <trkpt lat="41.5929000" lon="13.2908300"></trkpt>
      <trkpt lat="41.5930400" lon="13.2909100"></trkpt>
      <trkpt lat="41.5931600" lon="13.2909700"></trkpt>
      <trkpt lat="41.5932500" lon="13.2910300"></trkpt>
      <trkpt lat="41.5935700" lon="13.2911400"></trkpt>
      <trkpt lat="41.5936400" lon="13.2911600"></trkpt>
      <trkpt lat="41.5936600" lon="13.2911600"></trkpt>
      <trkpt lat="41.5937200" lon="13.2911700"></trkpt>
      <trkpt lat="41.5937800" lon="13.2911900"></trkpt>
      <trkpt lat="41.5938300" lon="13.2912100"></trkpt>
      <trkpt lat="41.5939500" lon="13.2912500"></trkpt>
      <trkpt lat="41.5939800" lon="13.2912700"></trkpt>
      <trkpt lat="41.5948100" lon="13.2915800"></trkpt>
      <trkpt lat="41.5955600" lon="13.2918600"></trkpt>
      <trkpt lat="41.5962600" lon="13.2921200"></trkpt>
      <trkpt lat="41.5964700" lon="13.2922000"></trkpt>
      <trkpt lat="41.5968200" lon="13.2923300"></trkpt>
      <trkpt lat="41.5969000" lon="13.2923600"></trkpt>
      <trkpt lat="41.5969500" lon="13.2923800"></trkpt>
      <trkpt lat="41.5969900" lon="13.2923900"></trkpt>
      <trkpt lat="41.5971100" lon="13.2924300"></trkpt>
      <trkpt lat="41.5974200" lon="13.2925500"></trkpt>
      <trkpt lat="41.5976900" lon="13.2926400"></trkpt>
      <trkpt lat="41.5977700" lon="13.2926700"></trkpt>
      <trkpt lat="41.5980800" lon="13.2927800"></trkpt>
      <trkpt lat="41.5987100" lon="13.2930200"></trkpt>
      <trkpt lat="41.5988100" lon="13.2930600"></trkpt>
      <trkpt lat="41.5990200" lon="13.2931400"></trkpt>
      <trkpt lat="41.5991500" lon="13.2931900"></trkpt>
      <trkpt lat="41.5993200" lon="13.2932500"></trkpt>
      <trkpt lat="41.5993800" lon="13.2932700"></trkpt>
      <trkpt lat="41.5994200" lon="13.2932900"></trkpt>
      <trkpt lat="41.5994500" lon="13.2933000"></trkpt>
      <trkpt lat="41.5995900" lon="13.2933600"></trkpt>
      <trkpt lat="41.5997200" lon="13.2934400"></trkpt>
      <trkpt lat="41.5998400" lon="13.2935200"></trkpt>
      <trkpt lat="41.5999100" lon="13.2935700"></trkpt>
      <trkpt lat="41.6000300" lon="13.2936700"></trkpt>
      <trkpt lat="41.6002300" lon="13.2938800"></trkpt>
      <trkpt lat="41.6004000" lon="13.2940600"></trkpt>
      <trkpt lat="41.6004700" lon="13.2941800"></trkpt>
      <trkpt lat="41.6005600" lon="13.2943100"></trkpt>
      <trkpt lat="41.6005800" lon="13.2943400"></trkpt>
      <trkpt lat="41.6005900" lon="13.2943600"></trkpt>
      <trkpt lat="41.6006600" lon="13.2945100"></trkpt>
      <trkpt lat="41.6007500" lon="13.2947000"></trkpt>
      <trkpt lat="41.6008300" lon="13.2949400"></trkpt>
      <trkpt lat="41.6008500" lon="13.2949900"></trkpt>
      <trkpt lat="41.6008900" lon="13.2951400"></trkpt>
      <trkpt lat="41.6008900" lon="13.2951600"></trkpt>
      <trkpt lat="41.6009100" lon="13.2952200"></trkpt>
      <trkpt lat="41.6009300" lon="13.2953100"></trkpt>
      <trkpt lat="41.6009400" lon="13.2953900"></trkpt>
      <trkpt lat="41.6009700" lon="13.2955600"></trkpt>
      <trkpt lat="41.6009900" lon="13.2957300"></trkpt>
      <trkpt lat="41.6010100" lon="13.2959200"></trkpt>
      <trkpt lat="41.6010200" lon="13.2961800"></trkpt>
      <trkpt lat="41.6010200" lon="13.2974200"></trkpt>
      <trkpt lat="41.6010300" lon="13.2977400"></trkpt>
      <trkpt lat="41.6010300" lon="13.2981000"></trkpt>
      <trkpt lat="41.6010400" lon="13.2981400"></trkpt>
      <trkpt lat="41.6010400" lon="13.2981800"></trkpt>
      <trkpt lat="41.6010500" lon="13.2982000"></trkpt>
      <trkpt lat="41.6010500" lon="13.2982600"></trkpt>
      <trkpt lat="41.6010800" lon="13.2984700"></trkpt>
      <trkpt lat="41.6011100" lon="13.2986000"></trkpt>
      <trkpt lat="41.6011300" lon="13.2986500"></trkpt>
      <trkpt lat="41.6011700" lon="13.2987700"></trkpt>
      <trkpt lat="41.6012400" lon="13.2989300"></trkpt>
      <trkpt lat="41.6012900" lon="13.2990400"></trkpt>
      <trkpt lat="41.6013400" lon="13.2991500"></trkpt>
      <trkpt lat="41.6014500" lon="13.2993500"></trkpt>
      <trkpt lat="41.6014700" lon="13.2993800"></trkpt>
      <trkpt lat="41.6015300" lon="13.2994800"></trkpt>
      <trkpt lat="41.6015600" lon="13.2995000"></trkpt>
      <trkpt lat="41.6016300" lon="13.2995800"></trkpt>
      <trkpt lat="41.6017800" lon="13.2997400"></trkpt>
      <trkpt lat="41.6018000" lon="13.2997600"></trkpt>
      <trkpt lat="41.6018900" lon="13.2998400"></trkpt>
      <trkpt lat="41.6019700" lon="13.2998900"></trkpt>
      <trkpt lat="41.6020300" lon="13.2999300"></trkpt>
      <trkpt lat="41.6021000" lon="13.2999600"></trkpt>
      <trkpt lat="41.6021900" lon="13.2999800"></trkpt>
      <trkpt lat="41.6022900" lon="13.3000000"></trkpt>
      <trkpt lat="41.6024200" lon="13.3000300"></trkpt>
      <trkpt lat="41.6024600" lon="13.3000400"></trkpt>
      <trkpt lat="41.6026900" lon="13.3000800"></trkpt>
      <trkpt lat="41.6027600" lon="13.3000900"></trkpt>
      <trkpt lat="41.6032200" lon="13.3001400"></trkpt>
      <trkpt lat="41.6034400" lon="13.3001600"></trkpt>
      <trkpt lat="41.6035800" lon="13.3001700"></trkpt>
      <trkpt lat="41.6036500" lon="13.3001800"></trkpt>
      <trkpt lat="41.6041700" lon="13.3002400"></trkpt>
      <trkpt lat="41.6044000" lon="13.3002700"></trkpt>
      <trkpt lat="41.6044200" lon="13.3002700"></trkpt>
      <trkpt lat="41.6048000" lon="13.3003000"></trkpt>
      <trkpt lat="41.6050400" lon="13.3003300"></trkpt>
      <trkpt lat="41.6050900" lon="13.3003400"></trkpt>
      <trkpt lat="41.6054500" lon="13.3003800"></trkpt>
      <trkpt lat="41.6060500" lon="13.3004500"></trkpt>
      <trkpt lat="41.6063100" lon="13.3004800"></trkpt>
      <trkpt lat="41.6065700" lon="13.3005000"></trkpt>
      <trkpt lat="41.6067500" lon="13.3005200"></trkpt>
      <trkpt lat="41.6072900" lon="13.3005600"></trkpt>
      <trkpt lat="41.6073900" lon="13.3005700"></trkpt>
      <trkpt lat="41.6076500" lon="13.2999400"></trkpt>
      <trkpt lat="41.6077600" lon="13.2996900"></trkpt>
      <trkpt lat="41.6077700" lon="13.2996800"></trkpt>
      <trkpt lat="41.6078100" lon="13.2996000"></trkpt>
      <trkpt lat="41.6078900" lon="13.2994600"></trkpt>
      <trkpt lat="41.6080400" lon="13.2992400"></trkpt>
      <trkpt lat="41.6081800" lon="13.2990400"></trkpt>
      <trkpt lat="41.6084400" lon="13.2986800"></trkpt>
      <trkpt lat="41.6084500" lon="13.2986800"></trkpt>
      <trkpt lat="41.6087600" lon="13.2982800"></trkpt>
      <trkpt lat="41.6088900" lon="13.2981100"></trkpt>
      <trkpt lat="41.6089500" lon="13.2980400"></trkpt>
      <trkpt lat="41.6089800" lon="13.2980000"></trkpt>
      <trkpt lat="41.6089800" lon="13.2979900"></trkpt>
      <trkpt lat="41.6093700" lon="13.2975000"></trkpt>
      <trkpt lat="41.6095400" lon="13.2972900"></trkpt>
      <trkpt lat="41.6099200" lon="13.2968100"></trkpt>
      <trkpt lat="41.6100600" lon="13.2966200"></trkpt>
      <trkpt lat="41.6100700" lon="13.2966100"></trkpt>
      <trkpt lat="41.6101300" lon="13.2965300"></trkpt>
      <trkpt lat="41.6102800" lon="13.2963300"></trkpt>
      <trkpt lat="41.6104800" lon="13.2961300"></trkpt>
      <trkpt lat="41.6105900" lon="13.2960200"></trkpt>
      <trkpt lat="41.6106600" lon="13.2959700"></trkpt>
      <trkpt lat="41.6107000" lon="13.2959400"></trkpt>
      <trkpt lat="41.6107900" lon="13.2959100"></trkpt>
      <trkpt lat="41.6108400" lon="13.2959100"></trkpt>
      <trkpt lat="41.6108700" lon="13.2959000"></trkpt>
      <trkpt lat="41.6109100" lon="13.2958800"></trkpt>
      <trkpt lat="41.6109300" lon="13.2958600"></trkpt>
      <trkpt lat="41.6109500" lon="13.2958300"></trkpt>
      <trkpt lat="41.6109700" lon="13.2958100"></trkpt>
      <trkpt lat="41.6109800" lon="13.2957900"></trkpt>
      <trkpt lat="41.6110000" lon="13.2957600"></trkpt>
      <trkpt lat="41.6110100" lon="13.2957300"></trkpt>
      <trkpt lat="41.6110100" lon="13.2957000"></trkpt>
      <trkpt lat="41.6110200" lon="13.2956800"></trkpt>
      <trkpt lat="41.6110200" lon="13.2955700"></trkpt>
      <trkpt lat="41.6110400" lon="13.2954400"></trkpt>
      <trkpt lat="41.6110700" lon="13.2953700"></trkpt>
      <trkpt lat="41.6110900" lon="13.2953300"></trkpt>
      <trkpt lat="41.6111800" lon="13.2952200"></trkpt>
      <trkpt lat="41.6112700" lon="13.2951100"></trkpt>
      <trkpt lat="41.6113000" lon="13.2950700"></trkpt>
      <trkpt lat="41.6120100" lon="13.2941800"></trkpt>
      <trkpt lat="41.6120400" lon="13.2941400"></trkpt>
      <trkpt lat="41.6140400" lon="13.2916000"></trkpt>
      <trkpt lat="41.6141700" lon="13.2914300"></trkpt>
      <trkpt lat="41.6142700" lon="13.2913000"></trkpt>
      <trkpt lat="41.6145000" lon="13.2910100"></trkpt>
      <trkpt lat="41.6149300" lon="13.2904800"></trkpt>
      <trkpt lat="41.6154900" lon="13.2897700"></trkpt>
      <trkpt lat="41.6158200" lon="13.2893400"></trkpt>
      <trkpt lat="41.6162100" lon="13.2888400"></trkpt>
      <trkpt lat="41.6166900" lon="13.2882400"></trkpt>
      <trkpt lat="41.6170700" lon="13.2878000"></trkpt>
      <trkpt lat="41.6172100" lon="13.2876100"></trkpt>
      <trkpt lat="41.6173200" lon="13.2874900"></trkpt>
      <trkpt lat="41.6174500" lon="13.2873600"></trkpt>
      <trkpt lat="41.6175100" lon="13.2873600"></trkpt>
      <trkpt lat="41.6175200" lon="13.2873500"></trkpt>
      <trkpt lat="41.6175300" lon="13.2873500"></trkpt>
      <trkpt lat="41.6175500" lon="13.2873300"></trkpt>
      <trkpt lat="41.6175700" lon="13.2873200"></trkpt>
      <trkpt lat="41.6175800" lon="13.2873100"></trkpt>
      <trkpt lat="41.6175900" lon="13.2872900"></trkpt>
      <trkpt lat="41.6176000" lon="13.2872800"></trkpt>
      <trkpt lat="41.6176100" lon="13.2872700"></trkpt>
      <trkpt lat="41.6176200" lon="13.2872500"></trkpt>
      <trkpt lat="41.6176200" lon="13.2872300"></trkpt>
      <trkpt lat="41.6176300" lon="13.2872200"></trkpt>
      <trkpt lat="41.6176300" lon="13.2872000"></trkpt>
      <trkpt lat="41.6176400" lon="13.2871800"></trkpt>
      <trkpt lat="41.6176400" lon="13.2871200"></trkpt>
      <trkpt lat="41.6178600" lon="13.2867900"></trkpt>
      <trkpt lat="41.6180300" lon="13.2865500"></trkpt>
      <trkpt lat="41.6180400" lon="13.2865400"></trkpt>
      <trkpt lat="41.6191800" lon="13.2850600"></trkpt>
      <trkpt lat="41.6192700" lon="13.2849500"></trkpt>
      <trkpt lat="41.6193400" lon="13.2848600"></trkpt>
      <trkpt lat="41.6197600" lon="13.2843400"></trkpt>
      <trkpt lat="41.6201100" lon="13.2839200"></trkpt>
      <trkpt lat="41.6205000" lon="13.2834300"></trkpt>
      <trkpt lat="41.6207300" lon="13.2831400"></trkpt>
      <trkpt lat="41.6210600" lon="13.2827200"></trkpt>
      <trkpt lat="41.6212900" lon="13.2823800"></trkpt>
      <trkpt lat="41.6213400" lon="13.2823100"></trkpt>
      <trkpt lat="41.6214000" lon="13.2822300"></trkpt>
      <trkpt lat="41.6214700" lon="13.2821500"></trkpt>
      <trkpt lat="41.6215200" lon="13.2820900"></trkpt>
      <trkpt lat="41.6215600" lon="13.2820500"></trkpt>
      <trkpt lat="41.6216100" lon="13.2820300"></trkpt>
      <trkpt lat="41.6216800" lon="13.2820100"></trkpt>
      <trkpt lat="41.6217300" lon="13.2819900"></trkpt>
      <trkpt lat="41.6217700" lon="13.2819900"></trkpt>
      <trkpt lat="41.6217800" lon="13.2819800"></trkpt>
      <trkpt lat="41.6218000" lon="13.2819800"></trkpt>
      <trkpt lat="41.6218100" lon="13.2819700"></trkpt>
      <trkpt lat="41.6218200" lon="13.2819700"></trkpt>
      <trkpt lat="41.6218600" lon="13.2819400"></trkpt>
      <trkpt lat="41.6219100" lon="13.2819100"></trkpt>
      <trkpt lat="41.6219400" lon="13.2818700"></trkpt>
      <trkpt lat="41.6219800" lon="13.2818300"></trkpt>
      <trkpt lat="41.6219800" lon="13.2818200"></trkpt>
      <trkpt lat="41.6220000" lon="13.2817800"></trkpt>
      <trkpt lat="41.6220300" lon="13.2817200"></trkpt>
      <trkpt lat="41.6220500" lon="13.2816600"></trkpt>
      <trkpt lat="41.6220600" lon="13.2816000"></trkpt>
      <trkpt lat="41.6220600" lon="13.2815800"></trkpt>
      <trkpt lat="41.6220700" lon="13.2815700"></trkpt>
      <trkpt lat="41.6220700" lon="13.2814700"></trkpt>
      <trkpt lat="41.6220600" lon="13.2814500"></trkpt>
      <trkpt lat="41.6220700" lon="13.2814400"></trkpt>
      <trkpt lat="41.6222100" lon="13.2811800"></trkpt>
      <trkpt lat="41.6222100" lon="13.2811700"></trkpt>
      <trkpt lat="41.6225300" lon="13.2807400"></trkpt>
      <trkpt lat="41.6229100" lon="13.2802700"></trkpt>
      <trkpt lat="41.6234300" lon="13.2796300"></trkpt>
      <trkpt lat="41.6234600" lon="13.2795900"></trkpt>
      <trkpt lat="41.6234900" lon="13.2795600"></trkpt>
      <trkpt lat="41.6235200" lon="13.2795200"></trkpt>
      <trkpt lat="41.6237600" lon="13.2792200"></trkpt>
      <trkpt lat="41.6243300" lon="13.2785100"></trkpt>
      <trkpt lat="41.6249600" lon="13.2777200"></trkpt>
      <trkpt lat="41.6250900" lon="13.2775500"></trkpt>
      <trkpt lat="41.6251000" lon="13.2775400"></trkpt>
      <trkpt lat="41.6251300" lon="13.2775000"></trkpt>
      <trkpt lat="41.6254100" lon="13.2771500"></trkpt>
      <trkpt lat="41.6262700" lon="13.2760800"></trkpt>
      <trkpt lat="41.6265800" lon="13.2757000"></trkpt>
      <trkpt lat="41.6266700" lon="13.2755900"></trkpt>
      <trkpt lat="41.6279000" lon="13.2739900"></trkpt>
      <trkpt lat="41.6283800" lon="13.2733800"></trkpt>
      <trkpt lat="41.6284600" lon="13.2732700"></trkpt>
      <trkpt lat="41.6285000" lon="13.2732300"></trkpt>
      <trkpt lat="41.6285300" lon="13.2731800"></trkpt>
      <trkpt lat="41.6286200" lon="13.2730700"></trkpt>
      <trkpt lat="41.6286700" lon="13.2730100"></trkpt>
      <trkpt lat="41.6288400" lon="13.2727900"></trkpt>
      <trkpt lat="41.6290700" lon="13.2725000"></trkpt>
      <trkpt lat="41.6291400" lon="13.2724100"></trkpt>
      <trkpt lat="41.6294000" lon="13.2721200"></trkpt>
      <trkpt lat="41.6294100" lon="13.2721300"></trkpt>
      <trkpt lat="41.6294400" lon="13.2721300"></trkpt>
      <trkpt lat="41.6294500" lon="13.2721400"></trkpt>
      <trkpt lat="41.6294700" lon="13.2721400"></trkpt>
      <trkpt lat="41.6294800" lon="13.2721300"></trkpt>
      <trkpt lat="41.6295000" lon="13.2721300"></trkpt>
      <trkpt lat="41.6295100" lon="13.2721300"></trkpt>
      <trkpt lat="41.6295200" lon="13.2721200"></trkpt>
      <trkpt lat="41.6295400" lon="13.2721100"></trkpt>
      <trkpt lat="41.6295500" lon="13.2721000"></trkpt>
      <trkpt lat="41.6295600" lon="13.2720900"></trkpt>
      <trkpt lat="41.6295700" lon="13.2720800"></trkpt>
      <trkpt lat="41.6295900" lon="13.2720700"></trkpt>
      <trkpt lat="41.6296000" lon="13.2720500"></trkpt>
      <trkpt lat="41.6296100" lon="13.2720400"></trkpt>
      <trkpt lat="41.6296100" lon="13.2720200"></trkpt>
      <trkpt lat="41.6296200" lon="13.2719900"></trkpt>
      <trkpt lat="41.6296300" lon="13.2719700"></trkpt>
      <trkpt lat="41.6296400" lon="13.2719600"></trkpt>
      <trkpt lat="41.6296400" lon="13.2718400"></trkpt>
      <trkpt lat="41.6301600" lon="13.2711200"></trkpt>
      <trkpt lat="41.6302400" lon="13.2710200"></trkpt>
      <trkpt lat="41.6307800" lon="13.2703300"></trkpt>
      <trkpt lat="41.6312800" lon="13.2697100"></trkpt>
      <trkpt lat="41.6319500" lon="13.2688500"></trkpt>
      <trkpt lat="41.6320500" lon="13.2687300"></trkpt>
      <trkpt lat="41.6323600" lon="13.2683300"></trkpt>
      <trkpt lat="41.6329300" lon="13.2675900"></trkpt>
      <trkpt lat="41.6336500" lon="13.2666600"></trkpt>
      <trkpt lat="41.6338300" lon="13.2664200"></trkpt>
      <trkpt lat="41.6347500" lon="13.2652800"></trkpt>
      <trkpt lat="41.6363700" lon="13.2632700"></trkpt>
      <trkpt lat="41.6369000" lon="13.2625900"></trkpt>
      <trkpt lat="41.6380000" lon="13.2612000"></trkpt>
      <trkpt lat="41.6380700" lon="13.2611100"></trkpt>
      <trkpt lat="41.6382100" lon="13.2609400"></trkpt>
      <trkpt lat="41.6383300" lon="13.2607800"></trkpt>
      <trkpt lat="41.6388600" lon="13.2601200"></trkpt>
      <trkpt lat="41.6394900" lon="13.2592900"></trkpt>
      <trkpt lat="41.6398900" lon="13.2587800"></trkpt>
      <trkpt lat="41.6401800" lon="13.2584200"></trkpt>
      <trkpt lat="41.6404200" lon="13.2581200"></trkpt>
      <trkpt lat="41.6407800" lon="13.2576600"></trkpt>
      <trkpt lat="41.6411900" lon="13.2571200"></trkpt>
      <trkpt lat="41.6413900" lon="13.2568600"></trkpt>
      <trkpt lat="41.6416600" lon="13.2565200"></trkpt>
      <trkpt lat="41.6419200" lon="13.2561800"></trkpt>
      <trkpt lat="41.6419300" lon="13.2561700"></trkpt>
      <trkpt lat="41.6421400" lon="13.2559200"></trkpt>
      <trkpt lat="41.6421800" lon="13.2558800"></trkpt>
      <trkpt lat="41.6423500" lon="13.2556600"></trkpt>
      <trkpt lat="41.6425100" lon="13.2554600"></trkpt>
      <trkpt lat="41.6426100" lon="13.2553400"></trkpt>
      <trkpt lat="41.6426700" lon="13.2552500"></trkpt>
      <trkpt lat="41.6427100" lon="13.2552100"></trkpt>
      <trkpt lat="41.6428000" lon="13.2550900"></trkpt>
      <trkpt lat="41.6428600" lon="13.2550200"></trkpt>
      <trkpt lat="41.6428900" lon="13.2549800"></trkpt>
      <trkpt lat="41.6429100" lon="13.2549600"></trkpt>
      <trkpt lat="41.6429300" lon="13.2549400"></trkpt>
      <trkpt lat="41.6429600" lon="13.2549100"></trkpt>
      <trkpt lat="41.6429900" lon="13.2548900"></trkpt>
      <trkpt lat="41.6430200" lon="13.2548600"></trkpt>
      <trkpt lat="41.6430600" lon="13.2548400"></trkpt>
      <trkpt lat="41.6431200" lon="13.2548000"></trkpt>
      <trkpt lat="41.6431800" lon="13.2547700"></trkpt>
      <trkpt lat="41.6432300" lon="13.2547200"></trkpt>
      <trkpt lat="41.6432800" lon="13.2547300"></trkpt>
      <trkpt lat="41.6433600" lon="13.2547300"></trkpt>
      <trkpt lat="41.6434100" lon="13.2547200"></trkpt>
      <trkpt lat="41.6434600" lon="13.2547100"></trkpt>
      <trkpt lat="41.6435100" lon="13.2546900"></trkpt>
      <trkpt lat="41.6435500" lon="13.2546700"></trkpt>
      <trkpt lat="41.6436000" lon="13.2546500"></trkpt>
      <trkpt lat="41.6436400" lon="13.2546200"></trkpt>
      <trkpt lat="41.6436800" lon="13.2545900"></trkpt>
      <trkpt lat="41.6437300" lon="13.2545500"></trkpt>
      <trkpt lat="41.6437600" lon="13.2545100"></trkpt>
      <trkpt lat="41.6438000" lon="13.2544600"></trkpt>
      <trkpt lat="41.6438300" lon="13.2544100"></trkpt>
      <trkpt lat="41.6438600" lon="13.2543600"></trkpt>
      <trkpt lat="41.6438900" lon="13.2543100"></trkpt>
      <trkpt lat="41.6439100" lon="13.2542500"></trkpt>
      <trkpt lat="41.6439300" lon="13.2541900"></trkpt>
      <trkpt lat="41.6439500" lon="13.2541300"></trkpt>
      <trkpt lat="41.6439600" lon="13.2540700"></trkpt>
      <trkpt lat="41.6439700" lon="13.2540000"></trkpt>
      <trkpt lat="41.6439800" lon="13.2539400"></trkpt>
      <trkpt lat="41.6439900" lon="13.2538700"></trkpt>
      <trkpt lat="41.6439900" lon="13.2538100"></trkpt>
      <trkpt lat="41.6439800" lon="13.2538000"></trkpt>
      <trkpt lat="41.6440400" lon="13.2537100"></trkpt>
      <trkpt lat="41.6440900" lon="13.2536500"></trkpt>
      <trkpt lat="41.6441200" lon="13.2536200"></trkpt>
      <trkpt lat="41.6441600" lon="13.2536000"></trkpt>
      <trkpt lat="41.6441800" lon="13.2535800"></trkpt>
      <trkpt lat="41.6442100" lon="13.2535700"></trkpt>
      <trkpt lat="41.6442500" lon="13.2535600"></trkpt>
      <trkpt lat="41.6443200" lon="13.2535400"></trkpt>
      <trkpt lat="41.6445000" lon="13.2535600"></trkpt>
      <trkpt lat="41.6445500" lon="13.2535700"></trkpt>
      <trkpt lat="41.6446000" lon="13.2535700"></trkpt>
      <trkpt lat="41.6449400" lon="13.2536500"></trkpt>
      <trkpt lat="41.6450200" lon="13.2536800"></trkpt>
      <trkpt lat="41.6450400" lon="13.2536800"></trkpt>
      <trkpt lat="41.6451500" lon="13.2537200"></trkpt>
      <trkpt lat="41.6452600" lon="13.2537500"></trkpt>
      <trkpt lat="41.6452900" lon="13.2537600"></trkpt>
      <trkpt lat="41.6454000" lon="13.2538000"></trkpt>
      <trkpt lat="41.6455800" lon="13.2538600"></trkpt>
      <trkpt lat="41.6457200" lon="13.2539000"></trkpt>
      <trkpt lat="41.6458300" lon="13.2539300"></trkpt>
      <trkpt lat="41.6459600" lon="13.2539700"></trkpt>
      <trkpt lat="41.6459800" lon="13.2539800"></trkpt>
      <trkpt lat="41.6461300" lon="13.2540200"></trkpt>
      <trkpt lat="41.6462400" lon="13.2540500"></trkpt>
      <trkpt lat="41.6463600" lon="13.2540700"></trkpt>
      <trkpt lat="41.6465000" lon="13.2541000"></trkpt>
      <trkpt lat="41.6466600" lon="13.2541100"></trkpt>
      <trkpt lat="41.6467500" lon="13.2541200"></trkpt>
      <trkpt lat="41.6468100" lon="13.2541200"></trkpt>
      <trkpt lat="41.6469100" lon="13.2541100"></trkpt>
      <trkpt lat="41.6470600" lon="13.2541000"></trkpt>
      <trkpt lat="41.6470800" lon="13.2541000"></trkpt>
      <trkpt lat="41.6471500" lon="13.2540700"></trkpt>
      <trkpt lat="41.6475800" lon="13.2539900"></trkpt>
      <trkpt lat="41.6477100" lon="13.2539600"></trkpt>
      <trkpt lat="41.6479100" lon="13.2539200"></trkpt>
      <trkpt lat="41.6482200" lon="13.2538600"></trkpt>
      <trkpt lat="41.6483300" lon="13.2538800"></trkpt>
      <trkpt lat="41.6483900" lon="13.2539000"></trkpt>
      <trkpt lat="41.6484500" lon="13.2539200"></trkpt>
      <trkpt lat="41.6485100" lon="13.2539400"></trkpt>
      <trkpt lat="41.6485500" lon="13.2539700"></trkpt>
      <trkpt lat="41.6486200" lon="13.2540100"></trkpt>
      <trkpt lat="41.6486300" lon="13.2541000"></trkpt>
      <trkpt lat="41.6486500" lon="13.2541700"></trkpt>
      <trkpt lat="41.6486700" lon="13.2542300"></trkpt>
      <trkpt lat="41.6487000" lon="13.2542900"></trkpt>
      <trkpt lat="41.6487300" lon="13.2543200"></trkpt>
      <trkpt lat="41.6487700" lon="13.2543700"></trkpt>
      <trkpt lat="41.6488100" lon="13.2544100"></trkpt>
      <trkpt lat="41.6488500" lon="13.2544400"></trkpt>
      <trkpt lat="41.6488900" lon="13.2544600"></trkpt>
      <trkpt lat="41.6489300" lon="13.2544800"></trkpt>
      <trkpt lat="41.6489800" lon="13.2544900"></trkpt>
      <trkpt lat="41.6490200" lon="13.2545000"></trkpt>
      <trkpt lat="41.6491600" lon="13.2545000"></trkpt>
      <trkpt lat="41.6492100" lon="13.2545300"></trkpt>
      <trkpt lat="41.6492500" lon="13.2545600"></trkpt>
      <trkpt lat="41.6492800" lon="13.2545900"></trkpt>
      <trkpt lat="41.6493300" lon="13.2546300"></trkpt>
      <trkpt lat="41.6494000" lon="13.2546900"></trkpt>
      <trkpt lat="41.6495000" lon="13.2547600"></trkpt>
      <trkpt lat="41.6495400" lon="13.2547900"></trkpt>
      <trkpt lat="41.6496600" lon="13.2548300"></trkpt>
      <trkpt lat="41.6497700" lon="13.2548600"></trkpt>
      <trkpt lat="41.6499600" lon="13.2549100"></trkpt>
      <trkpt lat="41.6500800" lon="13.2550300"></trkpt>
      <trkpt lat="41.6501500" lon="13.2550500"></trkpt>
      <trkpt lat="41.6501900" lon="13.2550600"></trkpt>
      <trkpt lat="41.6502300" lon="13.2550500"></trkpt>
      <trkpt lat="41.6502700" lon="13.2550500"></trkpt>
      <trkpt lat="41.6503400" lon="13.2548300"></trkpt>
      <trkpt lat="41.6503900" lon="13.2546900"></trkpt>
      <trkpt lat="41.6506900" lon="13.2537500"></trkpt>
      <trkpt lat="41.6507000" lon="13.2537200"></trkpt>
      <trkpt lat="41.6509100" lon="13.2534100"></trkpt>
      <trkpt lat="41.6509200" lon="13.2534100"></trkpt>
      <trkpt lat="41.6509400" lon="13.2534000"></trkpt>
      <trkpt lat="41.6509600" lon="13.2533900"></trkpt>
      <trkpt lat="41.6509700" lon="13.2533800"></trkpt>
      <trkpt lat="41.6509900" lon="13.2533700"></trkpt>
      <trkpt lat="41.6512500" lon="13.2534100"></trkpt>
      <trkpt lat="41.6515700" lon="13.2535800"></trkpt>
      <trkpt lat="41.6517900" lon="13.2537300"></trkpt>
      <trkpt lat="41.6518000" lon="13.2537400"></trkpt>
      <trkpt lat="41.6520300" lon="13.2539000"></trkpt>
      <trkpt lat="41.6521300" lon="13.2539900"></trkpt>
      <trkpt lat="41.6521900" lon="13.2540300"></trkpt>
      <trkpt lat="41.6523900" lon="13.2541900"></trkpt>
      <trkpt lat="41.6524400" lon="13.2542000"></trkpt>
      <trkpt lat="41.6524900" lon="13.2542100"></trkpt>
      <trkpt lat="41.6525600" lon="13.2542200"></trkpt>
      <trkpt lat="41.6526300" lon="13.2542200"></trkpt>
      <trkpt lat="41.6527700" lon="13.2541900"></trkpt>
      <trkpt lat="41.6528700" lon="13.2541500"></trkpt>
      <trkpt lat="41.6529900" lon="13.2541400"></trkpt>
      <trkpt lat="41.6531600" lon="13.2541500"></trkpt>
      <trkpt lat="41.6532300" lon="13.2541300"></trkpt>
      <trkpt lat="41.6532800" lon="13.2541000"></trkpt>
      <trkpt lat="41.6533900" lon="13.2540200"></trkpt>
      <trkpt lat="41.6533900" lon="13.2540400"></trkpt>
      <trkpt lat="41.6534000" lon="13.2540400"></trkpt>
      <trkpt lat="41.6534000" lon="13.2540600"></trkpt>
      <trkpt lat="41.6534100" lon="13.2540600"></trkpt>
      <trkpt lat="41.6534100" lon="13.2540700"></trkpt>
      <trkpt lat="41.6534200" lon="13.2540800"></trkpt>
      <trkpt lat="41.6534300" lon="13.2540900"></trkpt>
      <trkpt lat="41.6534400" lon="13.2541000"></trkpt>
      <trkpt lat="41.6534500" lon="13.2541000"></trkpt>
      <trkpt lat="41.6534600" lon="13.2541100"></trkpt>
      <trkpt lat="41.6534700" lon="13.2541100"></trkpt>
      <trkpt lat="41.6535000" lon="13.2541100"></trkpt>
      <trkpt lat="41.6535100" lon="13.2541000"></trkpt>
      <trkpt lat="41.6535200" lon="13.2541000"></trkpt>
      <trkpt lat="41.6535300" lon="13.2540900"></trkpt>
      <trkpt lat="41.6535400" lon="13.2540900"></trkpt>
      <trkpt lat="41.6535400" lon="13.2540800"></trkpt>
      <trkpt lat="41.6535500" lon="13.2540700"></trkpt>
      <trkpt lat="41.6535600" lon="13.2540600"></trkpt>
      <trkpt lat="41.6535600" lon="13.2540500"></trkpt>
      <trkpt lat="41.6535700" lon="13.2540400"></trkpt>
      <trkpt lat="41.6535700" lon="13.2540200"></trkpt>
      <trkpt lat="41.6535800" lon="13.2540100"></trkpt>
      <trkpt lat="41.6535800" lon="13.2539400"></trkpt>
      <trkpt lat="41.6535700" lon="13.2539400"></trkpt>
      <trkpt lat="41.6535700" lon="13.2539100"></trkpt>
      <trkpt lat="41.6535600" lon="13.2539100"></trkpt>
      <trkpt lat="41.6535600" lon="13.2538900"></trkpt>
      <trkpt lat="41.6535500" lon="13.2538900"></trkpt>
      <trkpt lat="41.6535500" lon="13.2538800"></trkpt>
      <trkpt lat="41.6535400" lon="13.2538800"></trkpt>
      <trkpt lat="41.6535400" lon="13.2538700"></trkpt>
      <trkpt lat="41.6535300" lon="13.2538700"></trkpt>
      <trkpt lat="41.6535200" lon="13.2538600"></trkpt>
      <trkpt lat="41.6535700" lon="13.2538400"></trkpt>
      <trkpt lat="41.6536500" lon="13.2538100"></trkpt>
      <trkpt lat="41.6537000" lon="13.2538000"></trkpt>
      <trkpt lat="41.6537500" lon="13.2537800"></trkpt>
      <trkpt lat="41.6538200" lon="13.2537600"></trkpt>
      <trkpt lat="41.6538800" lon="13.2537500"></trkpt>
      <trkpt lat="41.6540600" lon="13.2537000"></trkpt>
      <trkpt lat="41.6541000" lon="13.2536900"></trkpt>
      <trkpt lat="41.6541100" lon="13.2536900"></trkpt>
      <trkpt lat="41.6542800" lon="13.2536600"></trkpt>
      <trkpt lat="41.6542900" lon="13.2536600"></trkpt>
      <trkpt lat="41.6543200" lon="13.2536500"></trkpt>
      <trkpt lat="41.6545700" lon="13.2536100"></trkpt>
      <trkpt lat="41.6547100" lon="13.2536400"></trkpt>
      <trkpt lat="41.6547600" lon="13.2536400"></trkpt>
      <trkpt lat="41.6548300" lon="13.2536400"></trkpt>
      <trkpt lat="41.6549200" lon="13.2536200"></trkpt>
      <trkpt lat="41.6560700" lon="13.2533900"></trkpt>
      <trkpt lat="41.6562200" lon="13.2533900"></trkpt>
      <trkpt lat="41.6563100" lon="13.2534000"></trkpt>
      <trkpt lat="41.6564200" lon="13.2534100"></trkpt>
      <trkpt lat="41.6567700" lon="13.2535100"></trkpt>
      <trkpt lat="41.6570100" lon="13.2535800"></trkpt>
      <trkpt lat="41.6571200" lon="13.2536300"></trkpt>
      <trkpt lat="41.6571700" lon="13.2536400"></trkpt>
      <trkpt lat="41.6573600" lon="13.2537200"></trkpt>
      <trkpt lat="41.6574700" lon="13.2537500"></trkpt>
      <trkpt lat="41.6575000" lon="13.2537600"></trkpt>
      <trkpt lat="41.6577100" lon="13.2537900"></trkpt>
      <trkpt lat="41.6577200" lon="13.2537900"></trkpt>
      <trkpt lat="41.6580700" lon="13.2538000"></trkpt>
      <trkpt lat="41.6581600" lon="13.2538000"></trkpt>
      <trkpt lat="41.6585500" lon="13.2537900"></trkpt>
      <trkpt lat="41.6586100" lon="13.2537800"></trkpt>
      <trkpt lat="41.6588100" lon="13.2537800"></trkpt>
      <trkpt lat="41.6589500" lon="13.2537700"></trkpt>
      <trkpt lat="41.6591400" lon="13.2537900"></trkpt>
      <trkpt lat="41.6591500" lon="13.2537900"></trkpt>
      <trkpt lat="41.6592900" lon="13.2537600"></trkpt>
      <trkpt lat="41.6595200" lon="13.2537100"></trkpt>
      <trkpt lat="41.6596300" lon="13.2536500"></trkpt>
      <trkpt lat="41.6596700" lon="13.2536300"></trkpt>
      <trkpt lat="41.6597100" lon="13.2536100"></trkpt>
      <trkpt lat="41.6597200" lon="13.2535900"></trkpt>
      <trkpt lat="41.6597600" lon="13.2535700"></trkpt>
      <trkpt lat="41.6598400" lon="13.2535000"></trkpt>
      <trkpt lat="41.6598600" lon="13.2534800"></trkpt>
      <trkpt lat="41.6598800" lon="13.2534700"></trkpt>
      <trkpt lat="41.6599600" lon="13.2533700"></trkpt>
      <trkpt lat="41.6599700" lon="13.2533600"></trkpt>
      <trkpt lat="41.6599900" lon="13.2533300"></trkpt>
      <trkpt lat="41.6600100" lon="13.2533000"></trkpt>
      <trkpt lat="41.6600400" lon="13.2532600"></trkpt>
      <trkpt lat="41.6600800" lon="13.2531700"></trkpt>
      <trkpt lat="41.6601100" lon="13.2530600"></trkpt>
      <trkpt lat="41.6602200" lon="13.2527000"></trkpt>
      <trkpt lat="41.6604600" lon="13.2517700"></trkpt>
      <trkpt lat="41.6604700" lon="13.2517400"></trkpt>
      <trkpt lat="41.6605200" lon="13.2515400"></trkpt>
      <trkpt lat="41.6605300" lon="13.2515200"></trkpt>
      <trkpt lat="41.6605600" lon="13.2514100"></trkpt>
      <trkpt lat="41.6606700" lon="13.2509700"></trkpt>
      <trkpt lat="41.6606800" lon="13.2509200"></trkpt>
      <trkpt lat="41.6607000" lon="13.2508600"></trkpt>
      <trkpt lat="41.6607300" lon="13.2507500"></trkpt>
      <trkpt lat="41.6608900" lon="13.2501500"></trkpt>
      <trkpt lat="41.6609800" lon="13.2501700"></trkpt>
      <trkpt lat="41.6610000" lon="13.2501800"></trkpt>
      <trkpt lat="41.6615000" lon="13.2503700"></trkpt>
      <trkpt lat="41.6615400" lon="13.2503800"></trkpt>
      <trkpt lat="41.6615600" lon="13.2503900"></trkpt>
      <trkpt lat="41.6616500" lon="13.2504400"></trkpt>
      <trkpt lat="41.6616700" lon="13.2504500"></trkpt>
      <trkpt lat="41.6618100" lon="13.2505200"></trkpt>
      <trkpt lat="41.6619500" lon="13.2506400"></trkpt>
      <trkpt lat="41.6621400" lon="13.2508100"></trkpt>
      <trkpt lat="41.6622900" lon="13.2509400"></trkpt>
      <trkpt lat="41.6629700" lon="13.2515900"></trkpt>
      <trkpt lat="41.6630500" lon="13.2516900"></trkpt>
      <trkpt lat="41.6631500" lon="13.2518700"></trkpt>
      <trkpt lat="41.6631600" lon="13.2518900"></trkpt>
      <trkpt lat="41.6634300" lon="13.2538300"></trkpt>
      <trkpt lat="41.6634400" lon="13.2538800"></trkpt>
      <trkpt lat="41.6635000" lon="13.2541600"></trkpt>
      <trkpt lat="41.6635300" lon="13.2542600"></trkpt>
      <trkpt lat="41.6635400" lon="13.2543200"></trkpt>
      <trkpt lat="41.6635900" lon="13.2543700"></trkpt>
      <trkpt lat="41.6636100" lon="13.2543900"></trkpt>
      <trkpt lat="41.6636300" lon="13.2544100"></trkpt>
      <trkpt lat="41.6636700" lon="13.2544500"></trkpt>
      <trkpt lat="41.6637300" lon="13.2544800"></trkpt>
      <trkpt lat="41.6638800" lon="13.2545600"></trkpt>
      <trkpt lat="41.6639600" lon="13.2545900"></trkpt>
      <trkpt lat="41.6640700" lon="13.2546400"></trkpt>
      <trkpt lat="41.6642300" lon="13.2547000"></trkpt>
      <trkpt lat="41.6648200" lon="13.2548800"></trkpt>
      <trkpt lat="41.6655900" lon="13.2550900"></trkpt>
      <trkpt lat="41.6656900" lon="13.2551200"></trkpt>
      <trkpt lat="41.6659100" lon="13.2551300"></trkpt>
      <trkpt lat="41.6659500" lon="13.2551300"></trkpt>
      <trkpt lat="41.6661600" lon="13.2551100"></trkpt>
      <trkpt lat="41.6663400" lon="13.2551000"></trkpt>
      <trkpt lat="41.6668200" lon="13.2550600"></trkpt>
      <trkpt lat="41.6668600" lon="13.2550500"></trkpt>
      <trkpt lat="41.6669100" lon="13.2550500"></trkpt>
      <trkpt lat="41.6673200" lon="13.2550200"></trkpt>
      <trkpt lat="41.6673900" lon="13.2550100"></trkpt>
      <trkpt lat="41.6674800" lon="13.2550100"></trkpt>
      <trkpt lat="41.6676000" lon="13.2550000"></trkpt>
      <trkpt lat="41.6678600" lon="13.2550300"></trkpt>
      <trkpt lat="41.6679300" lon="13.2550600"></trkpt>
      <trkpt lat="41.6680200" lon="13.2550900"></trkpt>
      <trkpt lat="41.6680700" lon="13.2551100"></trkpt>
      <trkpt lat="41.6682800" lon="13.2551600"></trkpt>
      <trkpt lat="41.6684600" lon="13.2552000"></trkpt>
      <trkpt lat="41.6685900" lon="13.2552300"></trkpt>
      <trkpt lat="41.6686600" lon="13.2552400"></trkpt>
      <trkpt lat="41.6692600" lon="13.2553100"></trkpt>
      <trkpt lat="41.6693500" lon="13.2553200"></trkpt>
      <trkpt lat="41.6693800" lon="13.2553200"></trkpt>
      <trkpt lat="41.6695000" lon="13.2553400"></trkpt>
      <trkpt lat="41.6696700" lon="13.2553700"></trkpt>
      <trkpt lat="41.6698000" lon="13.2554200"></trkpt>
      <trkpt lat="41.6699800" lon="13.2554800"></trkpt>
      <trkpt lat="41.6706900" lon="13.2557400"></trkpt>
      <trkpt lat="41.6716200" lon="13.2560200"></trkpt>
      <trkpt lat="41.6716400" lon="13.2560200"></trkpt>
      <trkpt lat="41.6721300" lon="13.2561300"></trkpt>
      <trkpt lat="41.6723600" lon="13.2561800"></trkpt>
      <trkpt lat="41.6726600" lon="13.2562300"></trkpt>
      <trkpt lat="41.6729000" lon="13.2562700"></trkpt>
      <trkpt lat="41.6731300" lon="13.2563000"></trkpt>
      <trkpt lat="41.6734800" lon="13.2563000"></trkpt>
      <trkpt lat="41.6735300" lon="13.2562800"></trkpt>
      <trkpt lat="41.6735800" lon="13.2562700"></trkpt>
      <trkpt lat="41.6736600" lon="13.2562400"></trkpt>
      <trkpt lat="41.6740900" lon="13.2556400"></trkpt>
      <trkpt lat="41.6742400" lon="13.2554400"></trkpt>
      <trkpt lat="41.6743200" lon="13.2553800"></trkpt>
      <trkpt lat="41.6743900" lon="13.2553500"></trkpt>
      <trkpt lat="41.6744600" lon="13.2553300"></trkpt>
      <trkpt lat="41.6745700" lon="13.2553200"></trkpt>
      <trkpt lat="41.6748900" lon="13.2555500"></trkpt>
      <trkpt lat="41.6752200" lon="13.2558000"></trkpt>
      <trkpt lat="41.6752500" lon="13.2558300"></trkpt>
      <trkpt lat="41.6752900" lon="13.2558600"></trkpt>
      <trkpt lat="41.6756700" lon="13.2561400"></trkpt>
      <trkpt lat="41.6757400" lon="13.2561900"></trkpt>
      <trkpt lat="41.6758800" lon="13.2562700"></trkpt>
      <trkpt lat="41.6759800" lon="13.2563300"></trkpt>
      <trkpt lat="41.6762700" lon="13.2564300"></trkpt>
      <trkpt lat="41.6763500" lon="13.2564400"></trkpt>
      <trkpt lat="41.6763700" lon="13.2564500"></trkpt>
      <trkpt lat="41.6764500" lon="13.2564600"></trkpt>
      <trkpt lat="41.6767600" lon="13.2565200"></trkpt>
      <trkpt lat="41.6773600" lon="13.2566300"></trkpt>
      <trkpt lat="41.6780000" lon="13.2567400"></trkpt>
      <trkpt lat="41.6782300" lon="13.2567900"></trkpt>
      <trkpt lat="41.6789300" lon="13.2569200"></trkpt>
      <trkpt lat="41.6790200" lon="13.2569000"></trkpt>
      <trkpt lat="41.6790800" lon="13.2568900"></trkpt>
      <trkpt lat="41.6791900" lon="13.2568500"></trkpt>
      <trkpt lat="41.6794800" lon="13.2567200"></trkpt>
      <trkpt lat="41.6803400" lon="13.2561800"></trkpt>
      <trkpt lat="41.6803800" lon="13.2561600"></trkpt>
      <trkpt lat="41.6805500" lon="13.2560900"></trkpt>
      <trkpt lat="41.6807100" lon="13.2560800"></trkpt>
      <trkpt lat="41.6808900" lon="13.2561000"></trkpt>
      <trkpt lat="41.6814900" lon="13.2562400"></trkpt>
      <trkpt lat="41.6819200" lon="13.2563500"></trkpt>
      <trkpt lat="41.6819600" lon="13.2563600"></trkpt>
      <trkpt lat="41.6821800" lon="13.2564200"></trkpt>
      <trkpt lat="41.6822300" lon="13.2564300"></trkpt>
      <trkpt lat="41.6826000" lon="13.2565300"></trkpt>
      <trkpt lat="41.6826400" lon="13.2565400"></trkpt>
      <trkpt lat="41.6829300" lon="13.2566600"></trkpt>
      <trkpt lat="41.6829600" lon="13.2566800"></trkpt>
      <trkpt lat="41.6832300" lon="13.2567900"></trkpt>
      <trkpt lat="41.6833800" lon="13.2568400"></trkpt>
      <trkpt lat="41.6834500" lon="13.2568600"></trkpt>
      <trkpt lat="41.6836600" lon="13.2569100"></trkpt>
      <trkpt lat="41.6840700" lon="13.2569000"></trkpt>
      <trkpt lat="41.6844800" lon="13.2568400"></trkpt>
      <trkpt lat="41.6846400" lon="13.2567800"></trkpt>
      <trkpt lat="41.6847700" lon="13.2567200"></trkpt>
      <trkpt lat="41.6849400" lon="13.2566500"></trkpt>
      <trkpt lat="41.6849800" lon="13.2566300"></trkpt>
      <trkpt lat="41.6851100" lon="13.2565500"></trkpt>
      <trkpt lat="41.6852500" lon="13.2564700"></trkpt>
      <trkpt lat="41.6853900" lon="13.2564000"></trkpt>
      <trkpt lat="41.6856300" lon="13.2563200"></trkpt>
      <trkpt lat="41.6857200" lon="13.2562800"></trkpt>
      <trkpt lat="41.6857300" lon="13.2562800"></trkpt>
      <trkpt lat="41.6858400" lon="13.2562400"></trkpt>
      <trkpt lat="41.6860900" lon="13.2562100"></trkpt>
      <trkpt lat="41.6864400" lon="13.2561100"></trkpt>
      <trkpt lat="41.6867200" lon="13.2560300"></trkpt>
      <trkpt lat="41.6870400" lon="13.2559300"></trkpt>
      <trkpt lat="41.6871000" lon="13.2559100"></trkpt>
      <trkpt lat="41.6871400" lon="13.2559000"></trkpt>
      <trkpt lat="41.6872700" lon="13.2558500"></trkpt>
      <trkpt lat="41.6874100" lon="13.2558000"></trkpt>
      <trkpt lat="41.6878000" lon="13.2556500"></trkpt>
      <trkpt lat="41.6878900" lon="13.2556100"></trkpt>
      <trkpt lat="41.6881200" lon="13.2555200"></trkpt>
      <trkpt lat="41.6882200" lon="13.2554800"></trkpt>
      <trkpt lat="41.6883000" lon="13.2554600"></trkpt>
      <trkpt lat="41.6883900" lon="13.2554500"></trkpt>
      <trkpt lat="41.6884100" lon="13.2554600"></trkpt>
      <trkpt lat="41.6884300" lon="13.2554600"></trkpt>
      <trkpt lat="41.6884700" lon="13.2554700"></trkpt>
      <trkpt lat="41.6885000" lon="13.2554800"></trkpt>
      <trkpt lat="41.6885300" lon="13.2555100"></trkpt>
      <trkpt lat="41.6885600" lon="13.2555400"></trkpt>
      <trkpt lat="41.6885700" lon="13.2555600"></trkpt>
      <trkpt lat="41.6885700" lon="13.2555700"></trkpt>
      <trkpt lat="41.6885800" lon="13.2556100"></trkpt>
      <trkpt lat="41.6886200" lon="13.2559600"></trkpt>
      <trkpt lat="41.6886200" lon="13.2560600"></trkpt>
      <trkpt lat="41.6886500" lon="13.2564500"></trkpt>
      <trkpt lat="41.6886800" lon="13.2566900"></trkpt>
      <trkpt lat="41.6886900" lon="13.2567300"></trkpt>
      <trkpt lat="41.6888300" lon="13.2570800"></trkpt>
      <trkpt lat="41.6889400" lon="13.2572400"></trkpt>
      <trkpt lat="41.6890900" lon="13.2574500"></trkpt>
      <trkpt lat="41.6891900" lon="13.2575700"></trkpt>
      <trkpt lat="41.6893100" lon="13.2577300"></trkpt>
      <trkpt lat="41.6893300" lon="13.2577600"></trkpt>
      <trkpt lat="41.6893900" lon="13.2578200"></trkpt>
      <trkpt lat="41.6894100" lon="13.2578500"></trkpt>
      <trkpt lat="41.6894500" lon="13.2578600"></trkpt>
      <trkpt lat="41.6894800" lon="13.2578600"></trkpt>
      <trkpt lat="41.6895100" lon="13.2578600"></trkpt>
      <trkpt lat="41.6895800" lon="13.2578300"></trkpt>
      <trkpt lat="41.6893600" lon="13.2574700"></trkpt>
      <trkpt lat="41.6892900" lon="13.2572800"></trkpt>
      <trkpt lat="41.6892500" lon="13.2571200"></trkpt>
      <trkpt lat="41.6892300" lon="13.2570000"></trkpt>
      <trkpt lat="41.6891800" lon="13.2564600"></trkpt>
      <trkpt lat="41.6891700" lon="13.2563300"></trkpt>
      <trkpt lat="41.6892300" lon="13.2556600"></trkpt>
      <trkpt lat="41.6892300" lon="13.2556200"></trkpt>
      <trkpt lat="41.6892700" lon="13.2551300"></trkpt>
      <trkpt lat="41.6893100" lon="13.2546500"></trkpt>
      <trkpt lat="41.6893200" lon="13.2545900"></trkpt>
      <trkpt lat="41.6893200" lon="13.2545300"></trkpt>
      <trkpt lat="41.6893700" lon="13.2539100"></trkpt>
      <trkpt lat="41.6893700" lon="13.2537300"></trkpt>
      <trkpt lat="41.6893800" lon="13.2536700"></trkpt>
      <trkpt lat="41.6893800" lon="13.2535000"></trkpt>
      <trkpt lat="41.6893900" lon="13.2534700"></trkpt>
      <trkpt lat="41.6894300" lon="13.2533400"></trkpt>
      <trkpt lat="41.6894800" lon="13.2532300"></trkpt>
      <trkpt lat="41.6895000" lon="13.2532100"></trkpt>
      <trkpt lat="41.6896600" lon="13.2529600"></trkpt>
      <trkpt lat="41.6898100" lon="13.2527600"></trkpt>
      <trkpt lat="41.6899100" lon="13.2526200"></trkpt>
      <trkpt lat="41.6899700" lon="13.2525300"></trkpt>
      <trkpt lat="41.6900800" lon="13.2523800"></trkpt>
      <trkpt lat="41.6901400" lon="13.2523100"></trkpt>
      <trkpt lat="41.6903400" lon="13.2520400"></trkpt>
      <trkpt lat="41.6904500" lon="13.2519000"></trkpt>
      <trkpt lat="41.6905100" lon="13.2518200"></trkpt>
      <trkpt lat="41.6906400" lon="13.2516600"></trkpt>
      <trkpt lat="41.6906600" lon="13.2516300"></trkpt>
      <trkpt lat="41.6907600" lon="13.2515000"></trkpt>
      <trkpt lat="41.6908200" lon="13.2514200"></trkpt>
      <trkpt lat="41.6909000" lon="13.2512800"></trkpt>
      <trkpt lat="41.6909300" lon="13.2512000"></trkpt>
      <trkpt lat="41.6911700" lon="13.2506500"></trkpt>
      <trkpt lat="41.6914200" lon="13.2502000"></trkpt>
      <trkpt lat="41.6914700" lon="13.2501300"></trkpt>
      <trkpt lat="41.6915000" lon="13.2500900"></trkpt>
      <trkpt lat="41.6915200" lon="13.2500700"></trkpt>
      <trkpt lat="41.6915900" lon="13.2500700"></trkpt>
      <trkpt lat="41.6916600" lon="13.2500900"></trkpt>
      <trkpt lat="41.6920200" lon="13.2501900"></trkpt>
      <trkpt lat="41.6920900" lon="13.2502100"></trkpt>
      <trkpt lat="41.6922800" lon="13.2503200"></trkpt>
      <trkpt lat="41.6922900" lon="13.2504200"></trkpt>
      <trkpt lat="41.6923000" lon="13.2505100"></trkpt>
      <trkpt lat="41.6923200" lon="13.2505600"></trkpt>
      <trkpt lat="41.6923300" lon="13.2506300"></trkpt>
      <trkpt lat="41.6923900" lon="13.2508200"></trkpt>
      <trkpt lat="41.6924500" lon="13.2510000"></trkpt>
      <trkpt lat="41.6925000" lon="13.2510700"></trkpt>
      <trkpt lat="41.6925400" lon="13.2511300"></trkpt>
      <trkpt lat="41.6926200" lon="13.2512500"></trkpt>
      <trkpt lat="41.6927300" lon="13.2514000"></trkpt>
      <trkpt lat="41.6928000" lon="13.2514800"></trkpt>
      <trkpt lat="41.6928500" lon="13.2515300"></trkpt>
      <trkpt lat="41.6928700" lon="13.2515500"></trkpt>
      <trkpt lat="41.6929200" lon="13.2515900"></trkpt>
      <trkpt lat="41.6929900" lon="13.2516400"></trkpt>
      <trkpt lat="41.6930600" lon="13.2516700"></trkpt>
      <trkpt lat="41.6931200" lon="13.2516700"></trkpt>
      <trkpt lat="41.6931900" lon="13.2516600"></trkpt>
      <trkpt lat="41.6932800" lon="13.2516400"></trkpt>
      <trkpt lat="41.6933500" lon="13.2516100"></trkpt>
      <trkpt lat="41.6935000" lon="13.2515500"></trkpt>
      <trkpt lat="41.6936100" lon="13.2515400"></trkpt>
      <trkpt lat="41.6937800" lon="13.2514900"></trkpt>
      <trkpt lat="41.6939900" lon="13.2514300"></trkpt>
      <trkpt lat="41.6940000" lon="13.2514300"></trkpt>
      <trkpt lat="41.6940300" lon="13.2514400"></trkpt>
      <trkpt lat="41.6940400" lon="13.2514400"></trkpt>
      <trkpt lat="41.6940600" lon="13.2514500"></trkpt>
      <trkpt lat="41.6940700" lon="13.2514600"></trkpt>
      <trkpt lat="41.6941100" lon="13.2515100"></trkpt>
      <trkpt lat="41.6941200" lon="13.2515300"></trkpt>
      <trkpt lat="41.6942200" lon="13.2518400"></trkpt>
      <trkpt lat="41.6942400" lon="13.2519100"></trkpt>
      <trkpt lat="41.6942900" lon="13.2520700"></trkpt>
      <trkpt lat="41.6944000" lon="13.2524100"></trkpt>
      <trkpt lat="41.6945300" lon="13.2527500"></trkpt>
      <trkpt lat="41.6946700" lon="13.2531300"></trkpt>
      <trkpt lat="41.6947000" lon="13.2532100"></trkpt>
      <trkpt lat="41.6947100" lon="13.2532600"></trkpt>
      <trkpt lat="41.6947300" lon="13.2534400"></trkpt>
      <trkpt lat="41.6947200" lon="13.2536400"></trkpt>
      <trkpt lat="41.6946800" lon="13.2542600"></trkpt>
      <trkpt lat="41.6946700" lon="13.2546500"></trkpt>
      <trkpt lat="41.6946700" lon="13.2547000"></trkpt>
      <trkpt lat="41.6946800" lon="13.2548900"></trkpt>
      <trkpt lat="41.6946800" lon="13.2549200"></trkpt>
      <trkpt lat="41.6947000" lon="13.2550700"></trkpt>
      <trkpt lat="41.6947100" lon="13.2551200"></trkpt>
      <trkpt lat="41.6947200" lon="13.2551600"></trkpt>
      <trkpt lat="41.6947300" lon="13.2551800"></trkpt>
      <trkpt lat="41.6948200" lon="13.2553300"></trkpt>
      <trkpt lat="41.6949600" lon="13.2554800"></trkpt>
      <trkpt lat="41.6951100" lon="13.2556300"></trkpt>
      <trkpt lat="41.6953500" lon="13.2558600"></trkpt>
      <trkpt lat="41.6954400" lon="13.2559600"></trkpt>
      <trkpt lat="41.6955000" lon="13.2560400"></trkpt>
      <trkpt lat="41.6955400" lon="13.2561400"></trkpt>
      <trkpt lat="41.6955600" lon="13.2562200"></trkpt>
      <trkpt lat="41.6955900" lon="13.2564200"></trkpt>
      <trkpt lat="41.6956400" lon="13.2567800"></trkpt>
      <trkpt lat="41.6956800" lon="13.2572200"></trkpt>
      <trkpt lat="41.6957100" lon="13.2575800"></trkpt>
      <trkpt lat="41.6958000" lon="13.2577200"></trkpt>
      <trkpt lat="41.6958100" lon="13.2577300"></trkpt>
      <trkpt lat="41.6958600" lon="13.2577500"></trkpt>
      <trkpt lat="41.6959000" lon="13.2577700"></trkpt>
      <trkpt lat="41.6959500" lon="13.2577700"></trkpt>
      <trkpt lat="41.6960500" lon="13.2577700"></trkpt>
      <trkpt lat="41.6962300" lon="13.2577500"></trkpt>
      <trkpt lat="41.6963700" lon="13.2577600"></trkpt>
      <trkpt lat="41.6964200" lon="13.2577600"></trkpt>
      <trkpt lat="41.6966000" lon="13.2577500"></trkpt>
      <trkpt lat="41.6967200" lon="13.2577500"></trkpt>
      <trkpt lat="41.6968600" lon="13.2577200"></trkpt>
      <trkpt lat="41.6969000" lon="13.2577200"></trkpt>
      <trkpt lat="41.6972900" lon="13.2576600"></trkpt>
      <trkpt lat="41.6974100" lon="13.2576400"></trkpt>
      <trkpt lat="41.6974600" lon="13.2576300"></trkpt>
      <trkpt lat="41.6974700" lon="13.2576300"></trkpt>
      <trkpt lat="41.6975300" lon="13.2576000"></trkpt>
      <trkpt lat="41.6975900" lon="13.2575500"></trkpt>
      <trkpt lat="41.6977100" lon="13.2574100"></trkpt>
      <trkpt lat="41.6977400" lon="13.2573800"></trkpt>
      <trkpt lat="41.6979100" lon="13.2572200"></trkpt>
      <trkpt lat="41.6980600" lon="13.2570800"></trkpt>
      <trkpt lat="41.6982000" lon="13.2569700"></trkpt>
      <trkpt lat="41.6984500" lon="13.2567800"></trkpt>
      <trkpt lat="41.6987500" lon="13.2565900"></trkpt>
      <trkpt lat="41.6988900" lon="13.2566400"></trkpt>
      <trkpt lat="41.6989800" lon="13.2566600"></trkpt>
      <trkpt lat="41.6991100" lon="13.2567000"></trkpt>
      <trkpt lat="41.6991600" lon="13.2567100"></trkpt>
      <trkpt lat="41.6992000" lon="13.2567200"></trkpt>
      <trkpt lat="41.6992300" lon="13.2567300"></trkpt>
      <trkpt lat="41.6992700" lon="13.2567300"></trkpt>
      <trkpt lat="41.6992800" lon="13.2567300"></trkpt>
      <trkpt lat="41.6993400" lon="13.2567300"></trkpt>
      <trkpt lat="41.6994200" lon="13.2567100"></trkpt>
      <trkpt lat="41.6994600" lon="13.2567100"></trkpt>
      <trkpt lat="41.6995300" lon="13.2567100"></trkpt>
      <trkpt lat="41.6996000" lon="13.2567200"></trkpt>
      <trkpt lat="41.6996600" lon="13.2567400"></trkpt>
      <trkpt lat="41.6999100" lon="13.2568300"></trkpt>
      <trkpt lat="41.6999600" lon="13.2568600"></trkpt>
      <trkpt lat="41.6999800" lon="13.2568700"></trkpt>
      <trkpt lat="41.7000900" lon="13.2569300"></trkpt>
      <trkpt lat="41.7004600" lon="13.2571500"></trkpt>
      <trkpt lat="41.7007800" lon="13.2573600"></trkpt>
      <trkpt lat="41.7010200" lon="13.2574500"></trkpt>
      <trkpt lat="41.7011300" lon="13.2574800"></trkpt>
      <trkpt lat="41.7012300" lon="13.2575000"></trkpt>
      <trkpt lat="41.7013100" lon="13.2575200"></trkpt>
      <trkpt lat="41.7013700" lon="13.2575400"></trkpt>
      <trkpt lat="41.7015100" lon="13.2575800"></trkpt>
      <trkpt lat="41.7017000" lon="13.2576600"></trkpt>
      <trkpt lat="41.7018300" lon="13.2577300"></trkpt>
      <trkpt lat="41.7019000" lon="13.2577600"></trkpt>
      <trkpt lat="41.7019500" lon="13.2577900"></trkpt>
      <trkpt lat="41.7021500" lon="13.2579900"></trkpt>
      <trkpt lat="41.7022900" lon="13.2581400"></trkpt>
      <trkpt lat="41.7023900" lon="13.2582900"></trkpt>
      <trkpt lat="41.7025000" lon="13.2585100"></trkpt>
      <trkpt lat="41.7025200" lon="13.2585400"></trkpt>
      <trkpt lat="41.7025300" lon="13.2585900"></trkpt>
      <trkpt lat="41.7025500" lon="13.2586100"></trkpt>
      <trkpt lat="41.7025700" lon="13.2586700"></trkpt>
      <trkpt lat="41.7025800" lon="13.2587400"></trkpt>
      <trkpt lat="41.7025900" lon="13.2588700"></trkpt>
      <trkpt lat="41.7026000" lon="13.2589600"></trkpt>
      <trkpt lat="41.7026000" lon="13.2590500"></trkpt>
      <trkpt lat="41.7025800" lon="13.2594800"></trkpt>
      <trkpt lat="41.7025100" lon="13.2598300"></trkpt>
      <trkpt lat="41.7024700" lon="13.2600300"></trkpt>
      <trkpt lat="41.7024100" lon="13.2602600"></trkpt>
      <trkpt lat="41.7023700" lon="13.2604000"></trkpt>
      <trkpt lat="41.7023200" lon="13.2605900"></trkpt>
      <trkpt lat="41.7022200" lon="13.2609200"></trkpt>
      <trkpt lat="41.7022100" lon="13.2609700"></trkpt>
      <trkpt lat="41.7021600" lon="13.2611300"></trkpt>
      <trkpt lat="41.7021400" lon="13.2612200"></trkpt>
      <trkpt lat="41.7021400" lon="13.2613800"></trkpt>
      <trkpt lat="41.7021500" lon="13.2614300"></trkpt>
      <trkpt lat="41.7021600" lon="13.2614900"></trkpt>
      <trkpt lat="41.7021800" lon="13.2615400"></trkpt>
      <trkpt lat="41.7022400" lon="13.2616400"></trkpt>
      <trkpt lat="41.7022800" lon="13.2616900"></trkpt>
      <trkpt lat="41.7023600" lon="13.2617600"></trkpt>
      <trkpt lat="41.7023700" lon="13.2617800"></trkpt>
      <trkpt lat="41.7024400" lon="13.2618200"></trkpt>
      <trkpt lat="41.7026900" lon="13.2620100"></trkpt>
      <trkpt lat="41.7027000" lon="13.2620300"></trkpt>
      <trkpt lat="41.7029400" lon="13.2621600"></trkpt>
      <trkpt lat="41.7031400" lon="13.2623000"></trkpt>
      <trkpt lat="41.7032200" lon="13.2623700"></trkpt>
      <trkpt lat="41.7033200" lon="13.2624900"></trkpt>
      <trkpt lat="41.7033300" lon="13.2625000"></trkpt>
      <trkpt lat="41.7035100" lon="13.2626900"></trkpt>
      <trkpt lat="41.7035100" lon="13.2627000"></trkpt>
      <trkpt lat="41.7036600" lon="13.2629000"></trkpt>
      <trkpt lat="41.7037400" lon="13.2630300"></trkpt>
      <trkpt lat="41.7038300" lon="13.2632200"></trkpt>
      <trkpt lat="41.7038500" lon="13.2633000"></trkpt>
      <trkpt lat="41.7038500" lon="13.2633600"></trkpt>
      <trkpt lat="41.7038600" lon="13.2634700"></trkpt>
      <trkpt lat="41.7038600" lon="13.2635100"></trkpt>
      <trkpt lat="41.7038700" lon="13.2636300"></trkpt>
      <trkpt lat="41.7038800" lon="13.2637100"></trkpt>
      <trkpt lat="41.7038900" lon="13.2637600"></trkpt>
      <trkpt lat="41.7039100" lon="13.2638400"></trkpt>
      <trkpt lat="41.7039400" lon="13.2639100"></trkpt>
      <trkpt lat="41.7040900" lon="13.2641900"></trkpt>
      <trkpt lat="41.7041000" lon="13.2642200"></trkpt>
      <trkpt lat="41.7042500" lon="13.2645300"></trkpt>
      <trkpt lat="41.7042800" lon="13.2646000"></trkpt>
      <trkpt lat="41.7043300" lon="13.2647300"></trkpt>
      <trkpt lat="41.7043800" lon="13.2649400"></trkpt>
      <trkpt lat="41.7043900" lon="13.2649600"></trkpt>
      <trkpt lat="41.7044000" lon="13.2651000"></trkpt>
      <trkpt lat="41.7044100" lon="13.2651900"></trkpt>
      <trkpt lat="41.7044100" lon="13.2652800"></trkpt>
      <trkpt lat="41.7044000" lon="13.2653800"></trkpt>
      <trkpt lat="41.7043900" lon="13.2654600"></trkpt>
      <trkpt lat="41.7043300" lon="13.2659500"></trkpt>
      <trkpt lat="41.7042800" lon="13.2661900"></trkpt>
      <trkpt lat="41.7042800" lon="13.2662200"></trkpt>
      <trkpt lat="41.7042500" lon="13.2663100"></trkpt>
      <trkpt lat="41.7042300" lon="13.2663600"></trkpt>
      <trkpt lat="41.7042200" lon="13.2664100"></trkpt>
      <trkpt lat="41.7042000" lon="13.2664400"></trkpt>
      <trkpt lat="41.7041300" lon="13.2666200"></trkpt>
      <trkpt lat="41.7041000" lon="13.2667300"></trkpt>
      <trkpt lat="41.7040700" lon="13.2668300"></trkpt>
      <trkpt lat="41.7040700" lon="13.2668500"></trkpt>
      <trkpt lat="41.7040600" lon="13.2669200"></trkpt>
      <trkpt lat="41.7040600" lon="13.2670000"></trkpt>
      <trkpt lat="41.7040800" lon="13.2670600"></trkpt>
      <trkpt lat="41.7040900" lon="13.2670800"></trkpt>
      <trkpt lat="41.7041100" lon="13.2671400"></trkpt>
      <trkpt lat="41.7041600" lon="13.2672400"></trkpt>
      <trkpt lat="41.7041900" lon="13.2672800"></trkpt>
      <trkpt lat="41.7042300" lon="13.2673300"></trkpt>
      <trkpt lat="41.7042500" lon="13.2673500"></trkpt>
      <trkpt lat="41.7042700" lon="13.2673700"></trkpt>
      <trkpt lat="41.7043000" lon="13.2673900"></trkpt>
      <trkpt lat="41.7043100" lon="13.2674000"></trkpt>
      <trkpt lat="41.7043400" lon="13.2674200"></trkpt>
      <trkpt lat="41.7043800" lon="13.2674300"></trkpt>
      <trkpt lat="41.7044400" lon="13.2674300"></trkpt>
      <trkpt lat="41.7044900" lon="13.2674400"></trkpt>
      <trkpt lat="41.7045100" lon="13.2674400"></trkpt>
      <trkpt lat="41.7047100" lon="13.2674300"></trkpt>
      <trkpt lat="41.7049900" lon="13.2673700"></trkpt>
      <trkpt lat="41.7051400" lon="13.2673700"></trkpt>
      <trkpt lat="41.7052300" lon="13.2673900"></trkpt>
      <trkpt lat="41.7053000" lon="13.2674200"></trkpt>
      <trkpt lat="41.7053400" lon="13.2674500"></trkpt>
      <trkpt lat="41.7053500" lon="13.2674600"></trkpt>
      <trkpt lat="41.7054100" lon="13.2675200"></trkpt>
      <trkpt lat="41.7054500" lon="13.2675900"></trkpt>
      <trkpt lat="41.7055400" lon="13.2677400"></trkpt>
      <trkpt lat="41.7056100" lon="13.2678700"></trkpt>
      <trkpt lat="41.7055900" lon="13.2681200"></trkpt>
      <trkpt lat="41.7055600" lon="13.2683300"></trkpt>
      <trkpt lat="41.7055400" lon="13.2684800"></trkpt>
      <trkpt lat="41.7055400" lon="13.2686900"></trkpt>
      <trkpt lat="41.7055500" lon="13.2689300"></trkpt>
      <trkpt lat="41.7055500" lon="13.2691500"></trkpt>
      <trkpt lat="41.7055700" lon="13.2695100"></trkpt>
      <trkpt lat="41.7056100" lon="13.2697700"></trkpt>
      <trkpt lat="41.7056400" lon="13.2700500"></trkpt>
      <trkpt lat="41.7056500" lon="13.2701000"></trkpt>
      <trkpt lat="41.7056600" lon="13.2702900"></trkpt>
      <trkpt lat="41.7056600" lon="13.2703200"></trkpt>
      <trkpt lat="41.7056500" lon="13.2705200"></trkpt>
      <trkpt lat="41.7056500" lon="13.2707700"></trkpt>
      <trkpt lat="41.7057000" lon="13.2711200"></trkpt>
      <trkpt lat="41.7057200" lon="13.2712600"></trkpt>
      <trkpt lat="41.7057200" lon="13.2715100"></trkpt>
      <trkpt lat="41.7057100" lon="13.2715900"></trkpt>
      <trkpt lat="41.7056800" lon="13.2717600"></trkpt>
      <trkpt lat="41.7056700" lon="13.2718300"></trkpt>
      <trkpt lat="41.7056700" lon="13.2719200"></trkpt>
      <trkpt lat="41.7056800" lon="13.2719600"></trkpt>
      <trkpt lat="41.7057600" lon="13.2721100"></trkpt>
      <trkpt lat="41.7059000" lon="13.2723600"></trkpt>
      <trkpt lat="41.7059000" lon="13.2723700"></trkpt>
      <trkpt lat="41.7059600" lon="13.2724700"></trkpt>
      <trkpt lat="41.7060100" lon="13.2725300"></trkpt>
      <trkpt lat="41.7060400" lon="13.2725800"></trkpt>
      <trkpt lat="41.7060600" lon="13.2726500"></trkpt>
      <trkpt lat="41.7060800" lon="13.2727400"></trkpt>
      <trkpt lat="41.7061000" lon="13.2728400"></trkpt>
      <trkpt lat="41.7061100" lon="13.2729100"></trkpt>
      <trkpt lat="41.7061100" lon="13.2729800"></trkpt>
      <trkpt lat="41.7060600" lon="13.2739100"></trkpt>
      <trkpt lat="41.7060500" lon="13.2741800"></trkpt>
      <trkpt lat="41.7060400" lon="13.2742700"></trkpt>
      <trkpt lat="41.7060500" lon="13.2744200"></trkpt>
      <trkpt lat="41.7060500" lon="13.2744400"></trkpt>
      <trkpt lat="41.7060600" lon="13.2745400"></trkpt>
      <trkpt lat="41.7060800" lon="13.2746200"></trkpt>
      <trkpt lat="41.7061100" lon="13.2746800"></trkpt>
      <trkpt lat="41.7061500" lon="13.2747400"></trkpt>
      <trkpt lat="41.7063400" lon="13.2749600"></trkpt>
      <trkpt lat="41.7063600" lon="13.2749700"></trkpt>
      <trkpt lat="41.7065100" lon="13.2751100"></trkpt>
      <trkpt lat="41.7065400" lon="13.2751400"></trkpt>
      <trkpt lat="41.7067500" lon="13.2753300"></trkpt>
      <trkpt lat="41.7070300" lon="13.2755700"></trkpt>
      <trkpt lat="41.7072500" lon="13.2757900"></trkpt>
      <trkpt lat="41.7073900" lon="13.2759300"></trkpt>
      <trkpt lat="41.7075300" lon="13.2760900"></trkpt>
      <trkpt lat="41.7076500" lon="13.2762100"></trkpt>
      <trkpt lat="41.7079400" lon="13.2765600"></trkpt>
      <trkpt lat="41.7080700" lon="13.2767200"></trkpt>
      <trkpt lat="41.7080800" lon="13.2767300"></trkpt>
      <trkpt lat="41.7084400" lon="13.2771600"></trkpt>
      <trkpt lat="41.7086400" lon="13.2774500"></trkpt>
      <trkpt lat="41.7088200" lon="13.2777600"></trkpt>
      <trkpt lat="41.7088800" lon="13.2778700"></trkpt>
      <trkpt lat="41.7089300" lon="13.2779500"></trkpt>
      <trkpt lat="41.7093000" lon="13.2785200"></trkpt>
      <trkpt lat="41.7096500" lon="13.2790100"></trkpt>
      <trkpt lat="41.7097600" lon="13.2791700"></trkpt>
      <trkpt lat="41.7101000" lon="13.2796700"></trkpt>
      <trkpt lat="41.7103100" lon="13.2799800"></trkpt>
      <trkpt lat="41.7104500" lon="13.2801500"></trkpt>
      <trkpt lat="41.7105300" lon="13.2802400"></trkpt>
      <trkpt lat="41.7109300" lon="13.2806200"></trkpt>
      <trkpt lat="41.7110800" lon="13.2807700"></trkpt>
      <trkpt lat="41.7114300" lon="13.2810800"></trkpt>
      <trkpt lat="41.7115300" lon="13.2811700"></trkpt>
      <trkpt lat="41.7117200" lon="13.2813000"></trkpt>
      <trkpt lat="41.7117600" lon="13.2813300"></trkpt>
      <trkpt lat="41.7118300" lon="13.2813900"></trkpt>
      <trkpt lat="41.7120300" lon="13.2815300"></trkpt>
      <trkpt lat="41.7121200" lon="13.2815900"></trkpt>
      <trkpt lat="41.7121900" lon="13.2816400"></trkpt>
      <trkpt lat="41.7125100" lon="13.2818700"></trkpt>
      <trkpt lat="41.7126000" lon="13.2819400"></trkpt>
      <trkpt lat="41.7127100" lon="13.2820300"></trkpt>
      <trkpt lat="41.7127800" lon="13.2821000"></trkpt>
      <trkpt lat="41.7131300" lon="13.2824300"></trkpt>
      <trkpt lat="41.7133600" lon="13.2826800"></trkpt>
      <trkpt lat="41.7135400" lon="13.2829100"></trkpt>
      <trkpt lat="41.7137700" lon="13.2832300"></trkpt>
      <trkpt lat="41.7139600" lon="13.2834700"></trkpt>
      <trkpt lat="41.7142200" lon="13.2838200"></trkpt>
      <trkpt lat="41.7142800" lon="13.2839100"></trkpt>
      <trkpt lat="41.7143500" lon="13.2840200"></trkpt>
      <trkpt lat="41.7144700" lon="13.2842700"></trkpt>
      <trkpt lat="41.7144900" lon="13.2843000"></trkpt>
      <trkpt lat="41.7146600" lon="13.2846500"></trkpt>
      <trkpt lat="41.7147300" lon="13.2848100"></trkpt>
      <trkpt lat="41.7148500" lon="13.2850200"></trkpt>
      <trkpt lat="41.7150000" lon="13.2852800"></trkpt>
      <trkpt lat="41.7152000" lon="13.2856300"></trkpt>
      <trkpt lat="41.7152400" lon="13.2856900"></trkpt>
      <trkpt lat="41.7153400" lon="13.2859800"></trkpt>
      <trkpt lat="41.7153700" lon="13.2860500"></trkpt>
      <trkpt lat="41.7154700" lon="13.2862600"></trkpt>
      <trkpt lat="41.7154800" lon="13.2862900"></trkpt>
      <trkpt lat="41.7155400" lon="13.2863700"></trkpt>
      <trkpt lat="41.7156100" lon="13.2864300"></trkpt>
      <trkpt lat="41.7156300" lon="13.2864500"></trkpt>
      <trkpt lat="41.7157300" lon="13.2865000"></trkpt>
      <trkpt lat="41.7157800" lon="13.2865200"></trkpt>
      <trkpt lat="41.7162900" lon="13.2866600"></trkpt>
      <trkpt lat="41.7165200" lon="13.2867200"></trkpt>
      <trkpt lat="41.7166300" lon="13.2867400"></trkpt>
      <trkpt lat="41.7166800" lon="13.2867500"></trkpt>
      <trkpt lat="41.7167900" lon="13.2867700"></trkpt>
      <trkpt lat="41.7168100" lon="13.2867600"></trkpt>
      <trkpt lat="41.7169600" lon="13.2867500"></trkpt>
      <trkpt lat="41.7171400" lon="13.2866800"></trkpt>
      <trkpt lat="41.7173800" lon="13.2865700"></trkpt>
      <trkpt lat="41.7175700" lon="13.2864800"></trkpt>
      <trkpt lat="41.7176700" lon="13.2864400"></trkpt>
      <trkpt lat="41.7181200" lon="13.2863400"></trkpt>
      <trkpt lat="41.7184100" lon="13.2862700"></trkpt>
      <trkpt lat="41.7187100" lon="13.2862700"></trkpt>
      <trkpt lat="41.7189500" lon="13.2863700"></trkpt>
      <trkpt lat="41.7191800" lon="13.2865600"></trkpt>
      <trkpt lat="41.7191800" lon="13.2865700"></trkpt>
      <trkpt lat="41.7191900" lon="13.2865800"></trkpt>
      <trkpt lat="41.7193100" lon="13.2867300"></trkpt>
      <trkpt lat="41.7193200" lon="13.2867400"></trkpt>
      <trkpt lat="41.7194100" lon="13.2868500"></trkpt>
      <trkpt lat="41.7196800" lon="13.2870500"></trkpt>
      <trkpt lat="41.7199500" lon="13.2871600"></trkpt>
      <trkpt lat="41.7201100" lon="13.2872200"></trkpt>
      <trkpt lat="41.7201200" lon="13.2872200"></trkpt>
      <trkpt lat="41.7203400" lon="13.2873000"></trkpt>
      <trkpt lat="41.7204400" lon="13.2873400"></trkpt>
      <trkpt lat="41.7205000" lon="13.2873700"></trkpt>
      <trkpt lat="41.7205600" lon="13.2874300"></trkpt>
      <trkpt lat="41.7205900" lon="13.2874800"></trkpt>
      <trkpt lat="41.7206100" lon="13.2875400"></trkpt>
      <trkpt lat="41.7206200" lon="13.2875900"></trkpt>
      <trkpt lat="41.7206100" lon="13.2876400"></trkpt>
      <trkpt lat="41.7206000" lon="13.2876800"></trkpt>
      <trkpt lat="41.7205900" lon="13.2877200"></trkpt>
      <trkpt lat="41.7205600" lon="13.2877600"></trkpt>
      <trkpt lat="41.7205200" lon="13.2877900"></trkpt>
      <trkpt lat="41.7203300" lon="13.2879200"></trkpt>
      <trkpt lat="41.7202400" lon="13.2879800"></trkpt>
      <trkpt lat="41.7200700" lon="13.2880700"></trkpt>
      <trkpt lat="41.7200000" lon="13.2881200"></trkpt>
      <trkpt lat="41.7199100" lon="13.2881700"></trkpt>
      <trkpt lat="41.7197200" lon="13.2882900"></trkpt>
      <trkpt lat="41.7196400" lon="13.2883800"></trkpt>
      <trkpt lat="41.7196200" lon="13.2884100"></trkpt>
      <trkpt lat="41.7195600" lon="13.2885700"></trkpt>
      <trkpt lat="41.7195700" lon="13.2887300"></trkpt>
      <trkpt lat="41.7195800" lon="13.2888300"></trkpt>
      <trkpt lat="41.7195900" lon="13.2889100"></trkpt>
      <trkpt lat="41.7196300" lon="13.2890400"></trkpt>
      <trkpt lat="41.7196900" lon="13.2891800"></trkpt>
      <trkpt lat="41.7197100" lon="13.2892200"></trkpt>
      <trkpt lat="41.7197400" lon="13.2893100"></trkpt>
      <trkpt lat="41.7197500" lon="13.2893300"></trkpt>
      <trkpt lat="41.7198000" lon="13.2893900"></trkpt>
      <trkpt lat="41.7198200" lon="13.2894200"></trkpt>
      <trkpt lat="41.7198500" lon="13.2894600"></trkpt>
      <trkpt lat="41.7198700" lon="13.2894700"></trkpt>
      <trkpt lat="41.7199000" lon="13.2894800"></trkpt>
      <trkpt lat="41.7199500" lon="13.2894900"></trkpt>
      <trkpt lat="41.7199900" lon="13.2894700"></trkpt>
      <trkpt lat="41.7200300" lon="13.2894400"></trkpt>
      <trkpt lat="41.7200500" lon="13.2894100"></trkpt>
      <trkpt lat="41.7200600" lon="13.2894000"></trkpt>
      <trkpt lat="41.7201100" lon="13.2893200"></trkpt>
      <trkpt lat="41.7201200" lon="13.2892900"></trkpt>
      <trkpt lat="41.7201700" lon="13.2892200"></trkpt>
      <trkpt lat="41.7201700" lon="13.2892100"></trkpt>
      <trkpt lat="41.7202800" lon="13.2891000"></trkpt>
      <trkpt lat="41.7203900" lon="13.2890400"></trkpt>
      <trkpt lat="41.7204300" lon="13.2890200"></trkpt>
      <trkpt lat="41.7204800" lon="13.2889900"></trkpt>
      <trkpt lat="41.7205600" lon="13.2889400"></trkpt>
      <trkpt lat="41.7207000" lon="13.2887900"></trkpt>
      <trkpt lat="41.7208300" lon="13.2885900"></trkpt>
      <trkpt lat="41.7208800" lon="13.2885300"></trkpt>
      <trkpt lat="41.7209500" lon="13.2884400"></trkpt>
      <trkpt lat="41.7209700" lon="13.2884100"></trkpt>
      <trkpt lat="41.7210200" lon="13.2883700"></trkpt>
      <trkpt lat="41.7210700" lon="13.2883300"></trkpt>
      <trkpt lat="41.7211000" lon="13.2883100"></trkpt>
      <trkpt lat="41.7211100" lon="13.2883000"></trkpt>
      <trkpt lat="41.7211400" lon="13.2882900"></trkpt>
      <trkpt lat="41.7211700" lon="13.2882900"></trkpt>
      <trkpt lat="41.7211800" lon="13.2883000"></trkpt>
      <trkpt lat="41.7212000" lon="13.2883000"></trkpt>
      <trkpt lat="41.7212300" lon="13.2883100"></trkpt>
      <trkpt lat="41.7212500" lon="13.2883400"></trkpt>
      <trkpt lat="41.7212900" lon="13.2883800"></trkpt>
      <trkpt lat="41.7213000" lon="13.2884000"></trkpt>
      <trkpt lat="41.7213000" lon="13.2884300"></trkpt>
      <trkpt lat="41.7213100" lon="13.2884900"></trkpt>
      <trkpt lat="41.7213100" lon="13.2885600"></trkpt>
      <trkpt lat="41.7213000" lon="13.2885900"></trkpt>
      <trkpt lat="41.7212800" lon="13.2886300"></trkpt>
      <trkpt lat="41.7212500" lon="13.2886800"></trkpt>
      <trkpt lat="41.7211700" lon="13.2888800"></trkpt>
      <trkpt lat="41.7211300" lon="13.2889900"></trkpt>
      <trkpt lat="41.7210900" lon="13.2890900"></trkpt>
      <trkpt lat="41.7210500" lon="13.2892000"></trkpt>
      <trkpt lat="41.7210000" lon="13.2893200"></trkpt>
      <trkpt lat="41.7208800" lon="13.2897200"></trkpt>
      <trkpt lat="41.7208700" lon="13.2897500"></trkpt>
      <trkpt lat="41.7208300" lon="13.2898700"></trkpt>
      <trkpt lat="41.7207900" lon="13.2899700"></trkpt>
      <trkpt lat="41.7207100" lon="13.2901600"></trkpt>
      <trkpt lat="41.7206600" lon="13.2902900"></trkpt>
      <trkpt lat="41.7206100" lon="13.2903900"></trkpt>
      <trkpt lat="41.7205100" lon="13.2905600"></trkpt>
      <trkpt lat="41.7203400" lon="13.2908200"></trkpt>
      <trkpt lat="41.7203100" lon="13.2908700"></trkpt>
      <trkpt lat="41.7202100" lon="13.2911100"></trkpt>
      <trkpt lat="41.7201500" lon="13.2912800"></trkpt>
      <trkpt lat="41.7201400" lon="13.2913700"></trkpt>
      <trkpt lat="41.7201300" lon="13.2914100"></trkpt>
      <trkpt lat="41.7201400" lon="13.2914400"></trkpt>
      <trkpt lat="41.7201400" lon="13.2914800"></trkpt>
      <trkpt lat="41.7201700" lon="13.2915300"></trkpt>
      <trkpt lat="41.7202000" lon="13.2915700"></trkpt>
      <trkpt lat="41.7203100" lon="13.2916400"></trkpt>
      <trkpt lat="41.7203800" lon="13.2916800"></trkpt>
      <trkpt lat="41.7204900" lon="13.2917100"></trkpt>
      <trkpt lat="41.7205900" lon="13.2917000"></trkpt>
      <trkpt lat="41.7206600" lon="13.2916700"></trkpt>
      <trkpt lat="41.7207200" lon="13.2916200"></trkpt>
      <trkpt lat="41.7208000" lon="13.2915100"></trkpt>
      <trkpt lat="41.7208200" lon="13.2914800"></trkpt>
      <trkpt lat="41.7209400" lon="13.2913500"></trkpt>
      <trkpt lat="41.7209500" lon="13.2913300"></trkpt>
      <trkpt lat="41.7209900" lon="13.2913100"></trkpt>
      <trkpt lat="41.7210300" lon="13.2912800"></trkpt>
      <trkpt lat="41.7210900" lon="13.2912700"></trkpt>
      <trkpt lat="41.7212300" lon="13.2914000"></trkpt>
      <trkpt lat="41.7213100" lon="13.2915300"></trkpt>
      <trkpt lat="41.7214000" lon="13.2917100"></trkpt>
      <trkpt lat="41.7214200" lon="13.2917500"></trkpt>
      <trkpt lat="41.7215100" lon="13.2919500"></trkpt>
      <trkpt lat="41.7216100" lon="13.2921700"></trkpt>
      <trkpt lat="41.7216700" lon="13.2923800"></trkpt>
      <trkpt lat="41.7217100" lon="13.2925000"></trkpt>
      <trkpt lat="41.7217500" lon="13.2926300"></trkpt>
      <trkpt lat="41.7218100" lon="13.2930300"></trkpt>
      <trkpt lat="41.7218400" lon="13.2933800"></trkpt>
      <trkpt lat="41.7219100" lon="13.2938000"></trkpt>
      <trkpt lat="41.7219500" lon="13.2939700"></trkpt>
      <trkpt lat="41.7219900" lon="13.2941300"></trkpt>
      <trkpt lat="41.7220200" lon="13.2941900"></trkpt>
      <trkpt lat="41.7221200" lon="13.2943800"></trkpt>
      <trkpt lat="41.7221200" lon="13.2943900"></trkpt>
      <trkpt lat="41.7223300" lon="13.2946100"></trkpt>
      <trkpt lat="41.7226000" lon="13.2948900"></trkpt>
      <trkpt lat="41.7227400" lon="13.2950400"></trkpt>
      <trkpt lat="41.7227800" lon="13.2950800"></trkpt>
      <trkpt lat="41.7228700" lon="13.2952000"></trkpt>
      <trkpt lat="41.7228700" lon="13.2952600"></trkpt>
      <trkpt lat="41.7228800" lon="13.2954400"></trkpt>
      <trkpt lat="41.7228800" lon="13.2955100"></trkpt>
      <trkpt lat="41.7228700" lon="13.2958600"></trkpt>
      <trkpt lat="41.7228600" lon="13.2959900"></trkpt>
      <trkpt lat="41.7228400" lon="13.2961700"></trkpt>
      <trkpt lat="41.7228400" lon="13.2962300"></trkpt>
      <trkpt lat="41.7228200" lon="13.2964800"></trkpt>
      <trkpt lat="41.7228200" lon="13.2965500"></trkpt>
      <trkpt lat="41.7228300" lon="13.2966200"></trkpt>
      <trkpt lat="41.7228600" lon="13.2967100"></trkpt>
      <trkpt lat="41.7229900" lon="13.2970100"></trkpt>
      <trkpt lat="41.7231300" lon="13.2973400"></trkpt>
      <trkpt lat="41.7232200" lon="13.2976000"></trkpt>
      <trkpt lat="41.7233200" lon="13.2979000"></trkpt>
      <trkpt lat="41.7233400" lon="13.2979600"></trkpt>
      <trkpt lat="41.7233600" lon="13.2980100"></trkpt>
      <trkpt lat="41.7235200" lon="13.2983700"></trkpt>
      <trkpt lat="41.7235400" lon="13.2984100"></trkpt>
      <trkpt lat="41.7236300" lon="13.2985700"></trkpt>
      <trkpt lat="41.7236500" lon="13.2986200"></trkpt>
      <trkpt lat="41.7236800" lon="13.2986600"></trkpt>
      <trkpt lat="41.7237500" lon="13.2987500"></trkpt>
      <trkpt lat="41.7237800" lon="13.2987900"></trkpt>
      <trkpt lat="41.7238600" lon="13.2989000"></trkpt>
      <trkpt lat="41.7241500" lon="13.2992300"></trkpt>
      <trkpt lat="41.7241800" lon="13.2992700"></trkpt>
      <trkpt lat="41.7242400" lon="13.2993300"></trkpt>
      <trkpt lat="41.7242800" lon="13.2993900"></trkpt>
      <trkpt lat="41.7244500" lon="13.2995900"></trkpt>
      <trkpt lat="41.7245500" lon="13.2997100"></trkpt>
      <trkpt lat="41.7245600" lon="13.2997200"></trkpt>
      <trkpt lat="41.7245900" lon="13.2997400"></trkpt>
      <trkpt lat="41.7247100" lon="13.2998400"></trkpt>
      <trkpt lat="41.7247500" lon="13.2998700"></trkpt>
      <trkpt lat="41.7250800" lon="13.3001300"></trkpt>
      <trkpt lat="41.7254600" lon="13.3004100"></trkpt>
      <trkpt lat="41.7254700" lon="13.3004200"></trkpt>
      <trkpt lat="41.7257800" lon="13.3006600"></trkpt>
      <trkpt lat="41.7258500" lon="13.3007300"></trkpt>
      <trkpt lat="41.7258900" lon="13.3007800"></trkpt>
      <trkpt lat="41.7258900" lon="13.3008000"></trkpt>
      <trkpt lat="41.7259200" lon="13.3008500"></trkpt>
      <trkpt lat="41.7259300" lon="13.3008800"></trkpt>
      <trkpt lat="41.7259400" lon="13.3009000"></trkpt>
      <trkpt lat="41.7259400" lon="13.3011000"></trkpt>
      <trkpt lat="41.7259300" lon="13.3011500"></trkpt>
      <trkpt lat="41.7259200" lon="13.3011900"></trkpt>
      <trkpt lat="41.7259100" lon="13.3012300"></trkpt>
      <trkpt lat="41.7259000" lon="13.3012600"></trkpt>
      <trkpt lat="41.7258900" lon="13.3012800"></trkpt>
      <trkpt lat="41.7257700" lon="13.3014100"></trkpt>
      <trkpt lat="41.7256900" lon="13.3014800"></trkpt>
      <trkpt lat="41.7256200" lon="13.3015400"></trkpt>
      <trkpt lat="41.7254600" lon="13.3016700"></trkpt>
      <trkpt lat="41.7253900" lon="13.3017300"></trkpt>
      <trkpt lat="41.7251700" lon="13.3019400"></trkpt>
      <trkpt lat="41.7250400" lon="13.3021400"></trkpt>
      <trkpt lat="41.7249900" lon="13.3022400"></trkpt>
      <trkpt lat="41.7249600" lon="13.3023400"></trkpt>
      <trkpt lat="41.7249500" lon="13.3024400"></trkpt>
      <trkpt lat="41.7249400" lon="13.3025500"></trkpt>
      <trkpt lat="41.7249500" lon="13.3025700"></trkpt>
      <trkpt lat="41.7249600" lon="13.3026900"></trkpt>
      <trkpt lat="41.7250000" lon="13.3028400"></trkpt>
      <trkpt lat="41.7250400" lon="13.3030200"></trkpt>
      <trkpt lat="41.7250500" lon="13.3030300"></trkpt>
      <trkpt lat="41.7251600" lon="13.3034900"></trkpt>
      <trkpt lat="41.7252200" lon="13.3037100"></trkpt>
      <trkpt lat="41.7252600" lon="13.3038500"></trkpt>
      <trkpt lat="41.7253400" lon="13.3041700"></trkpt>
      <trkpt lat="41.7253800" lon="13.3043400"></trkpt>
      <trkpt lat="41.7254300" lon="13.3045200"></trkpt>
      <trkpt lat="41.7254300" lon="13.3047000"></trkpt>
      <trkpt lat="41.7254200" lon="13.3047600"></trkpt>
      <trkpt lat="41.7254000" lon="13.3048100"></trkpt>
      <trkpt lat="41.7253700" lon="13.3048600"></trkpt>
      <trkpt lat="41.7253500" lon="13.3049000"></trkpt>
      <trkpt lat="41.7253300" lon="13.3049200"></trkpt>
      <trkpt lat="41.7253000" lon="13.3049500"></trkpt>
      <trkpt lat="41.7252700" lon="13.3049900"></trkpt>
      <trkpt lat="41.7252200" lon="13.3050200"></trkpt>
      <trkpt lat="41.7251800" lon="13.3050400"></trkpt>
      <trkpt lat="41.7250900" lon="13.3050800"></trkpt>
      <trkpt lat="41.7250400" lon="13.3050900"></trkpt>
      <trkpt lat="41.7250100" lon="13.3050900"></trkpt>
      <trkpt lat="41.7249200" lon="13.3051000"></trkpt>
      <trkpt lat="41.7247800" lon="13.3050800"></trkpt>
      <trkpt lat="41.7243600" lon="13.3049800"></trkpt>
      <trkpt lat="41.7241500" lon="13.3049700"></trkpt>
      <trkpt lat="41.7240900" lon="13.3049800"></trkpt>
      <trkpt lat="41.7239500" lon="13.3049900"></trkpt>
      <trkpt lat="41.7238500" lon="13.3050000"></trkpt>
      <trkpt lat="41.7237600" lon="13.3050300"></trkpt>
      <trkpt lat="41.7237300" lon="13.3050400"></trkpt>
      <trkpt lat="41.7237100" lon="13.3050500"></trkpt>
      <trkpt lat="41.7236600" lon="13.3050900"></trkpt>
      <trkpt lat="41.7235800" lon="13.3051600"></trkpt>
      <trkpt lat="41.7235400" lon="13.3052100"></trkpt>
      <trkpt lat="41.7235000" lon="13.3052600"></trkpt>
      <trkpt lat="41.7234700" lon="13.3053300"></trkpt>
      <trkpt lat="41.7234500" lon="13.3054100"></trkpt>
      <trkpt lat="41.7234500" lon="13.3055300"></trkpt>
      <trkpt lat="41.7234700" lon="13.3056000"></trkpt>
      <trkpt lat="41.7235000" lon="13.3056900"></trkpt>
      <trkpt lat="41.7235300" lon="13.3057500"></trkpt>
      <trkpt lat="41.7235400" lon="13.3057700"></trkpt>
      <trkpt lat="41.7235600" lon="13.3058000"></trkpt>
      <trkpt lat="41.7235700" lon="13.3058100"></trkpt>
      <trkpt lat="41.7235900" lon="13.3058400"></trkpt>
      <trkpt lat="41.7236300" lon="13.3058900"></trkpt>
      <trkpt lat="41.7237200" lon="13.3060100"></trkpt>
      <trkpt lat="41.7238400" lon="13.3061300"></trkpt>
      <trkpt lat="41.7239800" lon="13.3062700"></trkpt>
      <trkpt lat="41.7239800" lon="13.3062800"></trkpt>
      <trkpt lat="41.7241000" lon="13.3064000"></trkpt>
      <trkpt lat="41.7241800" lon="13.3065300"></trkpt>
      <trkpt lat="41.7242200" lon="13.3066000"></trkpt>
      <trkpt lat="41.7242300" lon="13.3066200"></trkpt>
      <trkpt lat="41.7242800" lon="13.3067200"></trkpt>
      <trkpt lat="41.7243100" lon="13.3068200"></trkpt>
      <trkpt lat="41.7243100" lon="13.3068300"></trkpt>
      <trkpt lat="41.7243300" lon="13.3069100"></trkpt>
      <trkpt lat="41.7243300" lon="13.3070000"></trkpt>
      <trkpt lat="41.7243200" lon="13.3070700"></trkpt>
      <trkpt lat="41.7243200" lon="13.3071100"></trkpt>
      <trkpt lat="41.7243000" lon="13.3071900"></trkpt>
      <trkpt lat="41.7242700" lon="13.3073000"></trkpt>
      <trkpt lat="41.7242600" lon="13.3073400"></trkpt>
      <trkpt lat="41.7242000" lon="13.3074600"></trkpt>
      <trkpt lat="41.7241500" lon="13.3075400"></trkpt>
      <trkpt lat="41.7240600" lon="13.3076100"></trkpt>
      <trkpt lat="41.7238600" lon="13.3077300"></trkpt>
      <trkpt lat="41.7238000" lon="13.3077800"></trkpt>
      <trkpt lat="41.7237000" lon="13.3078400"></trkpt>
      <trkpt lat="41.7234800" lon="13.3079800"></trkpt>
      <trkpt lat="41.7233800" lon="13.3080400"></trkpt>
      <trkpt lat="41.7231800" lon="13.3081500"></trkpt>
      <trkpt lat="41.7230200" lon="13.3082000"></trkpt>
      <trkpt lat="41.7229400" lon="13.3082200"></trkpt>
      <trkpt lat="41.7228100" lon="13.3082600"></trkpt>
      <trkpt lat="41.7227200" lon="13.3083100"></trkpt>
      <trkpt lat="41.7226900" lon="13.3083200"></trkpt>
      <trkpt lat="41.7226800" lon="13.3083300"></trkpt>
      <trkpt lat="41.7225900" lon="13.3084200"></trkpt>
      <trkpt lat="41.7225400" lon="13.3084900"></trkpt>
      <trkpt lat="41.7224300" lon="13.3086400"></trkpt>
      <trkpt lat="41.7223600" lon="13.3087300"></trkpt>
      <trkpt lat="41.7223100" lon="13.3087800"></trkpt>
      <trkpt lat="41.7222700" lon="13.3088200"></trkpt>
      <trkpt lat="41.7222000" lon="13.3088800"></trkpt>
      <trkpt lat="41.7221300" lon="13.3089200"></trkpt>
      <trkpt lat="41.7220100" lon="13.3090000"></trkpt>
      <trkpt lat="41.7219800" lon="13.3090300"></trkpt>
      <trkpt lat="41.7219200" lon="13.3090800"></trkpt>
      <trkpt lat="41.7218800" lon="13.3091300"></trkpt>
      <trkpt lat="41.7218400" lon="13.3091900"></trkpt>
      <trkpt lat="41.7218400" lon="13.3092000"></trkpt>
      <trkpt lat="41.7217500" lon="13.3094000"></trkpt>
      <trkpt lat="41.7217000" lon="13.3095300"></trkpt>
      <trkpt lat="41.7215700" lon="13.3097500"></trkpt>
      <trkpt lat="41.7215500" lon="13.3098000"></trkpt>
      <trkpt lat="41.7214700" lon="13.3099300"></trkpt>
      <trkpt lat="41.7214400" lon="13.3099900"></trkpt>
      <trkpt lat="41.7214400" lon="13.3100100"></trkpt>
      <trkpt lat="41.7214200" lon="13.3101200"></trkpt>
      <trkpt lat="41.7214200" lon="13.3102000"></trkpt>
      <trkpt lat="41.7214300" lon="13.3103000"></trkpt>
      <trkpt lat="41.7214500" lon="13.3103600"></trkpt>
      <trkpt lat="41.7214700" lon="13.3104200"></trkpt>
      <trkpt lat="41.7215100" lon="13.3104800"></trkpt>
      <trkpt lat="41.7216100" lon="13.3105800"></trkpt>
      <trkpt lat="41.7217300" lon="13.3106700"></trkpt>
      <trkpt lat="41.7218400" lon="13.3107300"></trkpt>
      <trkpt lat="41.7219700" lon="13.3107800"></trkpt>
      <trkpt lat="41.7221100" lon="13.3108300"></trkpt>
      <trkpt lat="41.7221300" lon="13.3108300"></trkpt>
      <trkpt lat="41.7223100" lon="13.3108800"></trkpt>
      <trkpt lat="41.7223600" lon="13.3108900"></trkpt>
      <trkpt lat="41.7226500" lon="13.3109900"></trkpt>
      <trkpt lat="41.7226600" lon="13.3109900"></trkpt>
      <trkpt lat="41.7228200" lon="13.3110600"></trkpt>
      <trkpt lat="41.7228300" lon="13.3110600"></trkpt>
      <trkpt lat="41.7231500" lon="13.3112300"></trkpt>
      <trkpt lat="41.7231700" lon="13.3112400"></trkpt>
      <trkpt lat="41.7233300" lon="13.3113400"></trkpt>
      <trkpt lat="41.7234100" lon="13.3113800"></trkpt>
      <trkpt lat="41.7237900" lon="13.3116500"></trkpt>
      <trkpt lat="41.7241300" lon="13.3118900"></trkpt>
      <trkpt lat="41.7245700" lon="13.3123000"></trkpt>
      <trkpt lat="41.7246000" lon="13.3123200"></trkpt>
      <trkpt lat="41.7247100" lon="13.3124200"></trkpt>
      <trkpt lat="41.7248100" lon="13.3125400"></trkpt>
      <trkpt lat="41.7248500" lon="13.3125800"></trkpt>
      <trkpt lat="41.7249000" lon="13.3126900"></trkpt>
      <trkpt lat="41.7249500" lon="13.3128400"></trkpt>
      <trkpt lat="41.7249600" lon="13.3128700"></trkpt>
      <trkpt lat="41.7249700" lon="13.3129700"></trkpt>
      <trkpt lat="41.7249700" lon="13.3130400"></trkpt>
      <trkpt lat="41.7249600" lon="13.3130800"></trkpt>
      <trkpt lat="41.7249600" lon="13.3131100"></trkpt>
      <trkpt lat="41.7249300" lon="13.3132800"></trkpt>
      <trkpt lat="41.7249200" lon="13.3133100"></trkpt>
      <trkpt lat="41.7248900" lon="13.3134400"></trkpt>
      <trkpt lat="41.7248400" lon="13.3137500"></trkpt>
      <trkpt lat="41.7248400" lon="13.3137900"></trkpt>
      <trkpt lat="41.7248300" lon="13.3140500"></trkpt>
      <trkpt lat="41.7248300" lon="13.3142300"></trkpt>
      <trkpt lat="41.7248500" lon="13.3144700"></trkpt>
      <trkpt lat="41.7248700" lon="13.3146400"></trkpt>
      <trkpt lat="41.7248800" lon="13.3147400"></trkpt>
      <trkpt lat="41.7249000" lon="13.3148400"></trkpt>
      <trkpt lat="41.7249900" lon="13.3152000"></trkpt>
      <trkpt lat="41.7250000" lon="13.3152100"></trkpt>
      <trkpt lat="41.7250700" lon="13.3153700"></trkpt>
      <trkpt lat="41.7251100" lon="13.3154600"></trkpt>
      <trkpt lat="41.7252300" lon="13.3157100"></trkpt>
      <trkpt lat="41.7252700" lon="13.3157800"></trkpt>
      <trkpt lat="41.7253300" lon="13.3159100"></trkpt>
      <trkpt lat="41.7253500" lon="13.3159400"></trkpt>
      <trkpt lat="41.7253700" lon="13.3159800"></trkpt>
      <trkpt lat="41.7255400" lon="13.3162900"></trkpt>
      <trkpt lat="41.7255700" lon="13.3163800"></trkpt>
      <trkpt lat="41.7256400" lon="13.3165700"></trkpt>
      <trkpt lat="41.7257300" lon="13.3168200"></trkpt>
      <trkpt lat="41.7257900" lon="13.3170300"></trkpt>
      <trkpt lat="41.7258300" lon="13.3171600"></trkpt>
      <trkpt lat="41.7259100" lon="13.3174000"></trkpt>
      <trkpt lat="41.7259700" lon="13.3175600"></trkpt>
      <trkpt lat="41.7260600" lon="13.3178400"></trkpt>
      <trkpt lat="41.7261300" lon="13.3180600"></trkpt>
      <trkpt lat="41.7262000" lon="13.3182900"></trkpt>
      <trkpt lat="41.7264500" lon="13.3190900"></trkpt>
      <trkpt lat="41.7264800" lon="13.3191700"></trkpt>
      <trkpt lat="41.7265800" lon="13.3193800"></trkpt>
      <trkpt lat="41.7266500" lon="13.3195500"></trkpt>
      <trkpt lat="41.7267200" lon="13.3196700"></trkpt>
      <trkpt lat="41.7268400" lon="13.3198400"></trkpt>
      <trkpt lat="41.7269100" lon="13.3199300"></trkpt>
      <trkpt lat="41.7270000" lon="13.3200200"></trkpt>
      <trkpt lat="41.7271100" lon="13.3200800"></trkpt>
      <trkpt lat="41.7271700" lon="13.3201100"></trkpt>
      <trkpt lat="41.7271800" lon="13.3201100"></trkpt>
      <trkpt lat="41.7275100" lon="13.3201900"></trkpt>
      <trkpt lat="41.7275200" lon="13.3201900"></trkpt>
      <trkpt lat="41.7276200" lon="13.3202300"></trkpt>
      <trkpt lat="41.7276900" lon="13.3202700"></trkpt>
      <trkpt lat="41.7277000" lon="13.3202800"></trkpt>
      <trkpt lat="41.7277600" lon="13.3203300"></trkpt>
      <trkpt lat="41.7278300" lon="13.3204300"></trkpt>
      <trkpt lat="41.7278800" lon="13.3205700"></trkpt>
      <trkpt lat="41.7279500" lon="13.3208800"></trkpt>
      <trkpt lat="41.7279600" lon="13.3209500"></trkpt>
      <trkpt lat="41.7279800" lon="13.3211200"></trkpt>
      <trkpt lat="41.7280700" lon="13.3215600"></trkpt>
      <trkpt lat="41.7280800" lon="13.3216100"></trkpt>
      <trkpt lat="41.7281300" lon="13.3217800"></trkpt>
      <trkpt lat="41.7281800" lon="13.3219300"></trkpt>
      <trkpt lat="41.7282100" lon="13.3220500"></trkpt>
      <trkpt lat="41.7283100" lon="13.3223100"></trkpt>
      <trkpt lat="41.7284200" lon="13.3226000"></trkpt>
      <trkpt lat="41.7285200" lon="13.3228200"></trkpt>
      <trkpt lat="41.7286100" lon="13.3229800"></trkpt>
      <trkpt lat="41.7286500" lon="13.3230500"></trkpt>
      <trkpt lat="41.7286800" lon="13.3231100"></trkpt>
      <trkpt lat="41.7288000" lon="13.3233000"></trkpt>
      <trkpt lat="41.7288700" lon="13.3234400"></trkpt>
      <trkpt lat="41.7289300" lon="13.3235500"></trkpt>
      <trkpt lat="41.7289500" lon="13.3236400"></trkpt>
      <trkpt lat="41.7289400" lon="13.3237300"></trkpt>
      <trkpt lat="41.7289300" lon="13.3237900"></trkpt>
      <trkpt lat="41.7289100" lon="13.3238200"></trkpt>
      <trkpt lat="41.7288500" lon="13.3238900"></trkpt>
      <trkpt lat="41.7288000" lon="13.3239500"></trkpt>
      <trkpt lat="41.7287900" lon="13.3239600"></trkpt>
      <trkpt lat="41.7287300" lon="13.3240400"></trkpt>
      <trkpt lat="41.7287100" lon="13.3240700"></trkpt>
      <trkpt lat="41.7286400" lon="13.3242100"></trkpt>
      <trkpt lat="41.7285600" lon="13.3244200"></trkpt>
      <trkpt lat="41.7285500" lon="13.3244500"></trkpt>
      <trkpt lat="41.7285300" lon="13.3245300"></trkpt>
      <trkpt lat="41.7285200" lon="13.3246600"></trkpt>
      <trkpt lat="41.7285200" lon="13.3248800"></trkpt>
      <trkpt lat="41.7285300" lon="13.3249300"></trkpt>
      <trkpt lat="41.7285400" lon="13.3250700"></trkpt>
      <trkpt lat="41.7285600" lon="13.3253300"></trkpt>
      <trkpt lat="41.7285700" lon="13.3254100"></trkpt>
      <trkpt lat="41.7286000" lon="13.3256100"></trkpt>
      <trkpt lat="41.7286000" lon="13.3256500"></trkpt>
      <trkpt lat="41.7286200" lon="13.3257500"></trkpt>
      <trkpt lat="41.7286800" lon="13.3262300"></trkpt>
      <trkpt lat="41.7287200" lon="13.3265200"></trkpt>
      <trkpt lat="41.7287200" lon="13.3266000"></trkpt>
      <trkpt lat="41.7287400" lon="13.3267800"></trkpt>
      <trkpt lat="41.7287400" lon="13.3270300"></trkpt>
      <trkpt lat="41.7287500" lon="13.3272100"></trkpt>
      <trkpt lat="41.7287400" lon="13.3273100"></trkpt>
      <trkpt lat="41.7287000" lon="13.3275100"></trkpt>
      <trkpt lat="41.7286300" lon="13.3277900"></trkpt>
      <trkpt lat="41.7286300" lon="13.3278100"></trkpt>
      <trkpt lat="41.7285500" lon="13.3280300"></trkpt>
      <trkpt lat="41.7284300" lon="13.3283600"></trkpt>
      <trkpt lat="41.7283800" lon="13.3285000"></trkpt>
      <trkpt lat="41.7283500" lon="13.3286200"></trkpt>
      <trkpt lat="41.7283300" lon="13.3287800"></trkpt>
      <trkpt lat="41.7283300" lon="13.3289600"></trkpt>
      <trkpt lat="41.7283500" lon="13.3291600"></trkpt>
      <trkpt lat="41.7283700" lon="13.3293400"></trkpt>
      <trkpt lat="41.7284100" lon="13.3298200"></trkpt>
      <trkpt lat="41.7284100" lon="13.3298600"></trkpt>
      <trkpt lat="41.7284600" lon="13.3300500"></trkpt>
      <trkpt lat="41.7285000" lon="13.3302000"></trkpt>
      <trkpt lat="41.7285300" lon="13.3302800"></trkpt>
      <trkpt lat="41.7286500" lon="13.3307200"></trkpt>
      <trkpt lat="41.7287000" lon="13.3309600"></trkpt>
      <trkpt lat="41.7287100" lon="13.3310400"></trkpt>
      <trkpt lat="41.7287300" lon="13.3311300"></trkpt>
      <trkpt lat="41.7287500" lon="13.3311900"></trkpt>
      <trkpt lat="41.7288000" lon="13.3314200"></trkpt>
      <trkpt lat="41.7288400" lon="13.3316500"></trkpt>
      <trkpt lat="41.7288400" lon="13.3316600"></trkpt>
      <trkpt lat="41.7288600" lon="13.3318000"></trkpt>
      <trkpt lat="41.7288700" lon="13.3319500"></trkpt>
      <trkpt lat="41.7288800" lon="13.3319900"></trkpt>
      <trkpt lat="41.7288900" lon="13.3320900"></trkpt>
      <trkpt lat="41.7289300" lon="13.3324100"></trkpt>
      <trkpt lat="41.7289300" lon="13.3326100"></trkpt>
      <trkpt lat="41.7289200" lon="13.3326700"></trkpt>
      <trkpt lat="41.7289200" lon="13.3329200"></trkpt>
      <trkpt lat="41.7289100" lon="13.3331100"></trkpt>
      <trkpt lat="41.7288500" lon="13.3335700"></trkpt>
      <trkpt lat="41.7288300" lon="13.3338300"></trkpt>
      <trkpt lat="41.7287800" lon="13.3340200"></trkpt>
      <trkpt lat="41.7287800" lon="13.3344100"></trkpt>
      <trkpt lat="41.7287900" lon="13.3346200"></trkpt>
      <trkpt lat="41.7288500" lon="13.3349400"></trkpt>
      <trkpt lat="41.7288500" lon="13.3352300"></trkpt>
      <trkpt lat="41.7288400" lon="13.3353400"></trkpt>
      <trkpt lat="41.7288100" lon="13.3354200"></trkpt>
      <trkpt lat="41.7287900" lon="13.3354800"></trkpt>
      <trkpt lat="41.7287700" lon="13.3355100"></trkpt>
      <trkpt lat="41.7287600" lon="13.3355400"></trkpt>
      <trkpt lat="41.7286800" lon="13.3356700"></trkpt>
      <trkpt lat="41.7282600" lon="13.3361600"></trkpt>
      <trkpt lat="41.7278700" lon="13.3366000"></trkpt>
      <trkpt lat="41.7278600" lon="13.3366200"></trkpt>
      <trkpt lat="41.7276700" lon="13.3368300"></trkpt>
      <trkpt lat="41.7271400" lon="13.3375500"></trkpt>
      <trkpt lat="41.7269600" lon="13.3378100"></trkpt>
      <trkpt lat="41.7268000" lon="13.3380800"></trkpt>
      <trkpt lat="41.7267700" lon="13.3381300"></trkpt>
      <trkpt lat="41.7266400" lon="13.3384000"></trkpt>
      <trkpt lat="41.7265000" lon="13.3387200"></trkpt>
      <trkpt lat="41.7264400" lon="13.3388500"></trkpt>
      <trkpt lat="41.7263700" lon="13.3389300"></trkpt>
      <trkpt lat="41.7259600" lon="13.3393800"></trkpt>
      <trkpt lat="41.7259200" lon="13.3394700"></trkpt>
      <trkpt lat="41.7256700" lon="13.3399800"></trkpt>
      <trkpt lat="41.7256300" lon="13.3400800"></trkpt>
      <trkpt lat="41.7256300" lon="13.3400900"></trkpt>
      <trkpt lat="41.7255400" lon="13.3403000"></trkpt>
      <trkpt lat="41.7255400" lon="13.3403100"></trkpt>
      <trkpt lat="41.7254600" lon="13.3405100"></trkpt>
      <trkpt lat="41.7254000" lon="13.3406700"></trkpt>
      <trkpt lat="41.7253500" lon="13.3408300"></trkpt>
      <trkpt lat="41.7253000" lon="13.3409100"></trkpt>
      <trkpt lat="41.7252900" lon="13.3409300"></trkpt>
      <trkpt lat="41.7252500" lon="13.3410000"></trkpt>
      <trkpt lat="41.7252400" lon="13.3410200"></trkpt>
      <trkpt lat="41.7252300" lon="13.3410500"></trkpt>
      <trkpt lat="41.7252300" lon="13.3410800"></trkpt>
      <trkpt lat="41.7252400" lon="13.3410900"></trkpt>
      <trkpt lat="41.7252400" lon="13.3411100"></trkpt>
      <trkpt lat="41.7252500" lon="13.3411200"></trkpt>
      <trkpt lat="41.7252700" lon="13.3411300"></trkpt>
      <trkpt lat="41.7252800" lon="13.3411400"></trkpt>
      <trkpt lat="41.7252900" lon="13.3411400"></trkpt>
      <trkpt lat="41.7253000" lon="13.3411300"></trkpt>
      <trkpt lat="41.7253100" lon="13.3411300"></trkpt>
      <trkpt lat="41.7253200" lon="13.3411200"></trkpt>
      <trkpt lat="41.7253700" lon="13.3410600"></trkpt>
      <trkpt lat="41.7253900" lon="13.3410400"></trkpt>
      <trkpt lat="41.7254500" lon="13.3409700"></trkpt>
      <trkpt lat="41.7255600" lon="13.3408200"></trkpt>
      <trkpt lat="41.7256300" lon="13.3407300"></trkpt>
      <trkpt lat="41.7256900" lon="13.3406600"></trkpt>
      <trkpt lat="41.7257100" lon="13.3406500"></trkpt>
      <trkpt lat="41.7257800" lon="13.3406100"></trkpt>
      <trkpt lat="41.7258700" lon="13.3405800"></trkpt>
      <trkpt lat="41.7259100" lon="13.3405600"></trkpt>
      <trkpt lat="41.7259600" lon="13.3405400"></trkpt>
      <trkpt lat="41.7260300" lon="13.3405200"></trkpt>
      <trkpt lat="41.7260800" lon="13.3405200"></trkpt>
      <trkpt lat="41.7262200" lon="13.3405300"></trkpt>
      <trkpt lat="41.7262600" lon="13.3405300"></trkpt>
      <trkpt lat="41.7263700" lon="13.3405500"></trkpt>
      <trkpt lat="41.7266500" lon="13.3406000"></trkpt>
      <trkpt lat="41.7266700" lon="13.3406000"></trkpt>
      <trkpt lat="41.7269000" lon="13.3406700"></trkpt>
      <trkpt lat="41.7271100" lon="13.3407400"></trkpt>
      <trkpt lat="41.7271300" lon="13.3407500"></trkpt>
      <trkpt lat="41.7272500" lon="13.3408600"></trkpt>
      <trkpt lat="41.7274400" lon="13.3410800"></trkpt>
      <trkpt lat="41.7274500" lon="13.3410900"></trkpt>
      <trkpt lat="41.7275200" lon="13.3411900"></trkpt>
      <trkpt lat="41.7275700" lon="13.3413000"></trkpt>
      <trkpt lat="41.7275800" lon="13.3413000"></trkpt>
      <trkpt lat="41.7276100" lon="13.3413600"></trkpt>
      <trkpt lat="41.7276400" lon="13.3414300"></trkpt>
      <trkpt lat="41.7276700" lon="13.3415300"></trkpt>
      <trkpt lat="41.7276900" lon="13.3416100"></trkpt>
      <trkpt lat="41.7277100" lon="13.3416800"></trkpt>
      <trkpt lat="41.7277300" lon="13.3417700"></trkpt>
      <trkpt lat="41.7277600" lon="13.3419300"></trkpt>
      <trkpt lat="41.7277100" lon="13.3419400"></trkpt>
      <trkpt lat="41.7276900" lon="13.3419400"></trkpt>
      <trkpt lat="41.7276800" lon="13.3419400"></trkpt>
      <trkpt lat="41.7276600" lon="13.3419300"></trkpt>
      <trkpt lat="41.7276500" lon="13.3419100"></trkpt>
      <trkpt lat="41.7276300" lon="13.3418600"></trkpt>
      <trkpt lat="41.7275900" lon="13.3417700"></trkpt>
      <trkpt lat="41.7275300" lon="13.3415700"></trkpt>
      <trkpt lat="41.7275200" lon="13.3415500"></trkpt>
      <trkpt lat="41.7274000" lon="13.3413200"></trkpt>
      <trkpt lat="41.7272600" lon="13.3411300"></trkpt>
      <trkpt lat="41.7271700" lon="13.3410500"></trkpt>
      <trkpt lat="41.7271500" lon="13.3410400"></trkpt>
      <trkpt lat="41.7270800" lon="13.3410000"></trkpt>
      <trkpt lat="41.7270700" lon="13.3409900"></trkpt>
      <trkpt lat="41.7269800" lon="13.3409500"></trkpt>
      <trkpt lat="41.7269200" lon="13.3409500"></trkpt>
      <trkpt lat="41.7268500" lon="13.3409600"></trkpt>
      <trkpt lat="41.7268000" lon="13.3410000"></trkpt>
      <trkpt lat="41.7267700" lon="13.3410400"></trkpt>
      <trkpt lat="41.7267600" lon="13.3410600"></trkpt>
      <trkpt lat="41.7267400" lon="13.3411000"></trkpt>
      <trkpt lat="41.7267100" lon="13.3412800"></trkpt>
      <trkpt lat="41.7267100" lon="13.3412900"></trkpt>
      <trkpt lat="41.7266700" lon="13.3416500"></trkpt>
      <trkpt lat="41.7266700" lon="13.3416800"></trkpt>
      <trkpt lat="41.7266600" lon="13.3417800"></trkpt>
      <trkpt lat="41.7266400" lon="13.3420200"></trkpt>
      <trkpt lat="41.7266300" lon="13.3420700"></trkpt>
      <trkpt lat="41.7266300" lon="13.3421600"></trkpt>
      <trkpt lat="41.7266200" lon="13.3422100"></trkpt>
      <trkpt lat="41.7266100" lon="13.3422600"></trkpt>
      <trkpt lat="41.7265900" lon="13.3423100"></trkpt>
      <trkpt lat="41.7265800" lon="13.3423400"></trkpt>
      <trkpt lat="41.7265500" lon="13.3423700"></trkpt>
      <trkpt lat="41.7265300" lon="13.3423900"></trkpt>
      <trkpt lat="41.7265200" lon="13.3423900"></trkpt>
      <trkpt lat="41.7265000" lon="13.3424000"></trkpt>
      <trkpt lat="41.7264200" lon="13.3424000"></trkpt>
      <trkpt lat="41.7263800" lon="13.3424100"></trkpt>
      <trkpt lat="41.7263700" lon="13.3424100"></trkpt>
      <trkpt lat="41.7263700" lon="13.3424200"></trkpt>
      <trkpt lat="41.7263600" lon="13.3424200"></trkpt>
      <trkpt lat="41.7263400" lon="13.3424500"></trkpt>
      <trkpt lat="41.7263100" lon="13.3424700"></trkpt>
      <trkpt lat="41.7262900" lon="13.3424800"></trkpt>
      <trkpt lat="41.7262800" lon="13.3424800"></trkpt>
      <trkpt lat="41.7262700" lon="13.3424900"></trkpt>
      <trkpt lat="41.7262100" lon="13.3424900"></trkpt>
      <trkpt lat="41.7261100" lon="13.3424900"></trkpt>
      <trkpt lat="41.7260900" lon="13.3424800"></trkpt>
      <trkpt lat="41.7260800" lon="13.3424800"></trkpt>
      <trkpt lat="41.7260800" lon="13.3424700"></trkpt>
      <trkpt lat="41.7260700" lon="13.3424600"></trkpt>
      <trkpt lat="41.7260700" lon="13.3424300"></trkpt>
      <trkpt lat="41.7260600" lon="13.3423900"></trkpt>
      <trkpt lat="41.7260600" lon="13.3423300"></trkpt>
      <trkpt lat="41.7260500" lon="13.3422800"></trkpt>
      <trkpt lat="41.7260500" lon="13.3422200"></trkpt>
      <trkpt lat="41.7260400" lon="13.3421900"></trkpt>
      <trkpt lat="41.7260300" lon="13.3421700"></trkpt>
      <trkpt lat="41.7259800" lon="13.3420800"></trkpt>
      <trkpt lat="41.7259400" lon="13.3420800"></trkpt>
      <trkpt lat="41.7259200" lon="13.3420900"></trkpt>
      <trkpt lat="41.7258500" lon="13.3421200"></trkpt>
      <trkpt lat="41.7257700" lon="13.3421500"></trkpt>
      <trkpt lat="41.7257300" lon="13.3421600"></trkpt>
      <trkpt lat="41.7256100" lon="13.3422200"></trkpt>
      <trkpt lat="41.7255900" lon="13.3422200"></trkpt>
      <trkpt lat="41.7255800" lon="13.3422300"></trkpt>
      <trkpt lat="41.7255600" lon="13.3422300"></trkpt>
      <trkpt lat="41.7255500" lon="13.3422300"></trkpt>
      <trkpt lat="41.7255400" lon="13.3422400"></trkpt>
      <trkpt lat="41.7255300" lon="13.3422600"></trkpt>
      <trkpt lat="41.7254800" lon="13.3421200"></trkpt>
      <trkpt lat="41.7253900" lon="13.3419000"></trkpt>
      <trkpt lat="41.7253100" lon="13.3416900"></trkpt>
      <trkpt lat="41.7252500" lon="13.3415200"></trkpt>
      <trkpt lat="41.7252100" lon="13.3414300"></trkpt>
      <trkpt lat="41.7252000" lon="13.3414000"></trkpt>
      <trkpt lat="41.7251800" lon="13.3413400"></trkpt>
      <trkpt lat="41.7251800" lon="13.3413100"></trkpt>
      <trkpt lat="41.7252700" lon="13.3411300"></trkpt>
      <trkpt lat="41.7252500" lon="13.3411200"></trkpt>
      <trkpt lat="41.7252400" lon="13.3411100"></trkpt>
      <trkpt lat="41.7252400" lon="13.3410900"></trkpt>
      <trkpt lat="41.7252300" lon="13.3410800"></trkpt>
      <trkpt lat="41.7252300" lon="13.3410500"></trkpt>
      <trkpt lat="41.7252400" lon="13.3410200"></trkpt>
      <trkpt lat="41.7252500" lon="13.3410000"></trkpt>
      <trkpt lat="41.7252900" lon="13.3409300"></trkpt>
      <trkpt lat="41.7253000" lon="13.3409100"></trkpt>
      <trkpt lat="41.7253500" lon="13.3408300"></trkpt>
      <trkpt lat="41.7254000" lon="13.3406700"></trkpt>
      <trkpt lat="41.7254600" lon="13.3405100"></trkpt>
      <trkpt lat="41.7255400" lon="13.3403100"></trkpt>
      <trkpt lat="41.7255400" lon="13.3403000"></trkpt>
      <trkpt lat="41.7256300" lon="13.3400900"></trkpt>
      <trkpt lat="41.7256300" lon="13.3400800"></trkpt>
      <trkpt lat="41.7256700" lon="13.3399800"></trkpt>
      <trkpt lat="41.7259200" lon="13.3394700"></trkpt>
      <trkpt lat="41.7259600" lon="13.3393800"></trkpt>
      <trkpt lat="41.7263700" lon="13.3389300"></trkpt>
      <trkpt lat="41.7264400" lon="13.3388500"></trkpt>
      <trkpt lat="41.7265900" lon="13.3387100"></trkpt>
      <trkpt lat="41.7266300" lon="13.3386700"></trkpt>
      <trkpt lat="41.7267200" lon="13.3385900"></trkpt>
      <trkpt lat="41.7268300" lon="13.3385100"></trkpt>
      <trkpt lat="41.7269400" lon="13.3384400"></trkpt>
      <trkpt lat="41.7270100" lon="13.3383600"></trkpt>
      <trkpt lat="41.7270900" lon="13.3382700"></trkpt>
      <trkpt lat="41.7271300" lon="13.3382100"></trkpt>
      <trkpt lat="41.7271400" lon="13.3381900"></trkpt>
      <trkpt lat="41.7271600" lon="13.3381500"></trkpt>
      <trkpt lat="41.7271700" lon="13.3380900"></trkpt>
      <trkpt lat="41.7271700" lon="13.3379600"></trkpt>
      <trkpt lat="41.7271300" lon="13.3379100"></trkpt>
      <trkpt lat="41.7270500" lon="13.3378500"></trkpt>
      <trkpt lat="41.7269600" lon="13.3378100"></trkpt>
      <trkpt lat="41.7268000" lon="13.3380800"></trkpt>
      <trkpt lat="41.7267700" lon="13.3381300"></trkpt>
      <trkpt lat="41.7266400" lon="13.3384000"></trkpt>
      <trkpt lat="41.7264600" lon="13.3382900"></trkpt>
      <trkpt lat="41.7263200" lon="13.3382000"></trkpt>
      <trkpt lat="41.7262000" lon="13.3381400"></trkpt>
      <trkpt lat="41.7261200" lon="13.3381100"></trkpt>
      <trkpt lat="41.7260400" lon="13.3381000"></trkpt>
      <trkpt lat="41.7258400" lon="13.3381200"></trkpt>
      <trkpt lat="41.7257700" lon="13.3381400"></trkpt>
      <trkpt lat="41.7256100" lon="13.3381900"></trkpt>
      <trkpt lat="41.7255400" lon="13.3382200"></trkpt>
      <trkpt lat="41.7250800" lon="13.3384200"></trkpt>
      <trkpt lat="41.7250500" lon="13.3384300"></trkpt>
      <trkpt lat="41.7247000" lon="13.3385900"></trkpt>
      <trkpt lat="41.7243600" lon="13.3387400"></trkpt>
      <trkpt lat="41.7241900" lon="13.3388200"></trkpt>
      <trkpt lat="41.7241100" lon="13.3388700"></trkpt>
      <trkpt lat="41.7240300" lon="13.3389100"></trkpt>
      <trkpt lat="41.7239900" lon="13.3389300"></trkpt>
      <trkpt lat="41.7239400" lon="13.3389500"></trkpt>
      <trkpt lat="41.7236800" lon="13.3390600"></trkpt>
      <trkpt lat="41.7236000" lon="13.3390900"></trkpt>
      <trkpt lat="41.7235100" lon="13.3391300"></trkpt>
      <trkpt lat="41.7234200" lon="13.3391700"></trkpt>
      <trkpt lat="41.7233900" lon="13.3391800"></trkpt>
      <trkpt lat="41.7232500" lon="13.3391800"></trkpt>
      <trkpt lat="41.7231600" lon="13.3391900"></trkpt>
      <trkpt lat="41.7231300" lon="13.3391900"></trkpt>
      <trkpt lat="41.7230100" lon="13.3391500"></trkpt>
      <trkpt lat="41.7228100" lon="13.3390500"></trkpt>
      <trkpt lat="41.7227600" lon="13.3390000"></trkpt>
      <trkpt lat="41.7226100" lon="13.3388300"></trkpt>
      <trkpt lat="41.7225200" lon="13.3386800"></trkpt>
      <trkpt lat="41.7224100" lon="13.3384300"></trkpt>
      <trkpt lat="41.7224100" lon="13.3384200"></trkpt>
      <trkpt lat="41.7224000" lon="13.3383900"></trkpt>
      <trkpt lat="41.7223800" lon="13.3383300"></trkpt>
      <trkpt lat="41.7223700" lon="13.3382800"></trkpt>
      <trkpt lat="41.7223400" lon="13.3381700"></trkpt>
      <trkpt lat="41.7223200" lon="13.3379600"></trkpt>
      <trkpt lat="41.7223000" lon="13.3377800"></trkpt>
      <trkpt lat="41.7223400" lon="13.3371700"></trkpt>
      <trkpt lat="41.7223700" lon="13.3367600"></trkpt>
      <trkpt lat="41.7224000" lon="13.3367000"></trkpt>
      <trkpt lat="41.7224000" lon="13.3366600"></trkpt>
      <trkpt lat="41.7224300" lon="13.3363000"></trkpt>
      <trkpt lat="41.7224700" lon="13.3359500"></trkpt>
      <trkpt lat="41.7224800" lon="13.3358200"></trkpt>
      <trkpt lat="41.7225200" lon="13.3354700"></trkpt>
      <trkpt lat="41.7225600" lon="13.3350200"></trkpt>
      <trkpt lat="41.7225700" lon="13.3348900"></trkpt>
      <trkpt lat="41.7226000" lon="13.3346300"></trkpt>
      <trkpt lat="41.7226300" lon="13.3344200"></trkpt>
      <trkpt lat="41.7226500" lon="13.3341800"></trkpt>
      <trkpt lat="41.7226400" lon="13.3341200"></trkpt>
      <trkpt lat="41.7226400" lon="13.3340800"></trkpt>
      <trkpt lat="41.7226700" lon="13.3339000"></trkpt>
      <trkpt lat="41.7226800" lon="13.3336900"></trkpt>
      <trkpt lat="41.7226700" lon="13.3336600"></trkpt>
      <trkpt lat="41.7226700" lon="13.3336300"></trkpt>
      <trkpt lat="41.7226300" lon="13.3333800"></trkpt>
      <trkpt lat="41.7225400" lon="13.3329600"></trkpt>
      <trkpt lat="41.7225300" lon="13.3329300"></trkpt>
      <trkpt lat="41.7224500" lon="13.3326000"></trkpt>
      <trkpt lat="41.7224200" lon="13.3324700"></trkpt>
      <trkpt lat="41.7222900" lon="13.3321900"></trkpt>
      <trkpt lat="41.7222200" lon="13.3321100"></trkpt>
      <trkpt lat="41.7222100" lon="13.3320900"></trkpt>
      <trkpt lat="41.7221400" lon="13.3320200"></trkpt>
      <trkpt lat="41.7220100" lon="13.3319300"></trkpt>
      <trkpt lat="41.7219400" lon="13.3319100"></trkpt>
      <trkpt lat="41.7218400" lon="13.3319200"></trkpt>
      <trkpt lat="41.7217300" lon="13.3319600"></trkpt>
      <trkpt lat="41.7216200" lon="13.3320500"></trkpt>
      <trkpt lat="41.7215800" lon="13.3321000"></trkpt>
      <trkpt lat="41.7215700" lon="13.3321200"></trkpt>
      <trkpt lat="41.7215400" lon="13.3321500"></trkpt>
      <trkpt lat="41.7214500" lon="13.3323800"></trkpt>
      <trkpt lat="41.7213400" lon="13.3328800"></trkpt>
      <trkpt lat="41.7213300" lon="13.3329900"></trkpt>
      <trkpt lat="41.7212800" lon="13.3333300"></trkpt>
      <trkpt lat="41.7212400" lon="13.3336300"></trkpt>
      <trkpt lat="41.7212000" lon="13.3339300"></trkpt>
      <trkpt lat="41.7211800" lon="13.3341200"></trkpt>
      <trkpt lat="41.7210400" lon="13.3353200"></trkpt>
      <trkpt lat="41.7210200" lon="13.3354300"></trkpt>
      <trkpt lat="41.7209700" lon="13.3358600"></trkpt>
      <trkpt lat="41.7209400" lon="13.3360200"></trkpt>
      <trkpt lat="41.7209100" lon="13.3362600"></trkpt>
      <trkpt lat="41.7209000" lon="13.3364000"></trkpt>
      <trkpt lat="41.7208600" lon="13.3367100"></trkpt>
      <trkpt lat="41.7207100" lon="13.3375500"></trkpt>
      <trkpt lat="41.7205800" lon="13.3380600"></trkpt>
      <trkpt lat="41.7205300" lon="13.3383000"></trkpt>
      <trkpt lat="41.7204200" lon="13.3387800"></trkpt>
      <trkpt lat="41.7203800" lon="13.3390500"></trkpt>
      <trkpt lat="41.7203700" lon="13.3393200"></trkpt>
      <trkpt lat="41.7204000" lon="13.3396500"></trkpt>
      <trkpt lat="41.7204200" lon="13.3399800"></trkpt>
      <trkpt lat="41.7204200" lon="13.3401200"></trkpt>
      <trkpt lat="41.7204600" lon="13.3407700"></trkpt>
      <trkpt lat="41.7204600" lon="13.3426600"></trkpt>
      <trkpt lat="41.7204500" lon="13.3426800"></trkpt>
      <trkpt lat="41.7204200" lon="13.3430100"></trkpt>
      <trkpt lat="41.7204200" lon="13.3430200"></trkpt>
      <trkpt lat="41.7203500" lon="13.3433000"></trkpt>
      <trkpt lat="41.7202900" lon="13.3436000"></trkpt>
      <trkpt lat="41.7202500" lon="13.3438100"></trkpt>
      <trkpt lat="41.7201100" lon="13.3442700"></trkpt>
      <trkpt lat="41.7199800" lon="13.3447300"></trkpt>
      <trkpt lat="41.7197000" lon="13.3455700"></trkpt>
      <trkpt lat="41.7196900" lon="13.3456000"></trkpt>
      <trkpt lat="41.7196600" lon="13.3457200"></trkpt>
      <trkpt lat="41.7195900" lon="13.3459400"></trkpt>
      <trkpt lat="41.7194600" lon="13.3463700"></trkpt>
      <trkpt lat="41.7193400" lon="13.3468200"></trkpt>
      <trkpt lat="41.7193200" lon="13.3468800"></trkpt>
      <trkpt lat="41.7191600" lon="13.3474400"></trkpt>
      <trkpt lat="41.7190500" lon="13.3477900"></trkpt>
      <trkpt lat="41.7189500" lon="13.3479600"></trkpt>
      <trkpt lat="41.7189000" lon="13.3480400"></trkpt>
      <trkpt lat="41.7188700" lon="13.3481300"></trkpt>
      <trkpt lat="41.7187800" lon="13.3483300"></trkpt>
      <trkpt lat="41.7187600" lon="13.3483800"></trkpt>
      <trkpt lat="41.7186900" lon="13.3485500"></trkpt>
      <trkpt lat="41.7186700" lon="13.3486000"></trkpt>
      <trkpt lat="41.7185900" lon="13.3488100"></trkpt>
      <trkpt lat="41.7184300" lon="13.3492100"></trkpt>
      <trkpt lat="41.7184000" lon="13.3492900"></trkpt>
      <trkpt lat="41.7183900" lon="13.3493200"></trkpt>
      <trkpt lat="41.7181500" lon="13.3498700"></trkpt>
      <trkpt lat="41.7181200" lon="13.3499200"></trkpt>
      <trkpt lat="41.7179400" lon="13.3503400"></trkpt>
      <trkpt lat="41.7178700" lon="13.3505000"></trkpt>
      <trkpt lat="41.7177900" lon="13.3507000"></trkpt>
      <trkpt lat="41.7176900" lon="13.3509100"></trkpt>
      <trkpt lat="41.7175800" lon="13.3511000"></trkpt>
      <trkpt lat="41.7174800" lon="13.3512400"></trkpt>
      <trkpt lat="41.7174100" lon="13.3513300"></trkpt>
      <trkpt lat="41.7172800" lon="13.3514800"></trkpt>
      <trkpt lat="41.7170100" lon="13.3517700"></trkpt>
      <trkpt lat="41.7170000" lon="13.3517800"></trkpt>
      <trkpt lat="41.7169200" lon="13.3518400"></trkpt>
      <trkpt lat="41.7168700" lon="13.3518700"></trkpt>
      <trkpt lat="41.7167900" lon="13.3519100"></trkpt>
      <trkpt lat="41.7167000" lon="13.3519500"></trkpt>
      <trkpt lat="41.7165300" lon="13.3520000"></trkpt>
      <trkpt lat="41.7164300" lon="13.3520300"></trkpt>
      <trkpt lat="41.7164100" lon="13.3520400"></trkpt>
      <trkpt lat="41.7163300" lon="13.3520500"></trkpt>
      <trkpt lat="41.7161000" lon="13.3520700"></trkpt>
      <trkpt lat="41.7158100" lon="13.3521000"></trkpt>
      <trkpt lat="41.7155800" lon="13.3521200"></trkpt>
      <trkpt lat="41.7152200" lon="13.3521600"></trkpt>
      <trkpt lat="41.7149800" lon="13.3521900"></trkpt>
      <trkpt lat="41.7149100" lon="13.3521900"></trkpt>
      <trkpt lat="41.7147000" lon="13.3522300"></trkpt>
      <trkpt lat="41.7144500" lon="13.3523100"></trkpt>
      <trkpt lat="41.7142800" lon="13.3523800"></trkpt>
      <trkpt lat="41.7139700" lon="13.3525400"></trkpt>
      <trkpt lat="41.7137500" lon="13.3527000"></trkpt>
      <trkpt lat="41.7135500" lon="13.3528700"></trkpt>
      <trkpt lat="41.7133300" lon="13.3530700"></trkpt>
      <trkpt lat="41.7131800" lon="13.3532400"></trkpt>
      <trkpt lat="41.7130200" lon="13.3534400"></trkpt>
      <trkpt lat="41.7129100" lon="13.3536000"></trkpt>
      <trkpt lat="41.7126900" lon="13.3539100"></trkpt>
      <trkpt lat="41.7124500" lon="13.3542600"></trkpt>
      <trkpt lat="41.7113300" lon="13.3558400"></trkpt>
      <trkpt lat="41.7112600" lon="13.3559400"></trkpt>
      <trkpt lat="41.7107700" lon="13.3566300"></trkpt>
      <trkpt lat="41.7103300" lon="13.3572700"></trkpt>
      <trkpt lat="41.7102100" lon="13.3574300"></trkpt>
      <trkpt lat="41.7097700" lon="13.3580600"></trkpt>
      <trkpt lat="41.7095200" lon="13.3584200"></trkpt>
      <trkpt lat="41.7094100" lon="13.3585300"></trkpt>
      <trkpt lat="41.7093300" lon="13.3586100"></trkpt>
      <trkpt lat="41.7092300" lon="13.3586900"></trkpt>
      <trkpt lat="41.7091800" lon="13.3587100"></trkpt>
      <trkpt lat="41.7092000" lon="13.3587900"></trkpt>
      <trkpt lat="41.7092600" lon="13.3591700"></trkpt>
      <trkpt lat="41.7093300" lon="13.3596800"></trkpt>
      <trkpt lat="41.7093300" lon="13.3597500"></trkpt>
      <trkpt lat="41.7093200" lon="13.3598200"></trkpt>
      <trkpt lat="41.7093200" lon="13.3598800"></trkpt>
      <trkpt lat="41.7093000" lon="13.3599100"></trkpt>
      <trkpt lat="41.7092900" lon="13.3599400"></trkpt>
      <trkpt lat="41.7092700" lon="13.3599600"></trkpt>
      <trkpt lat="41.7092400" lon="13.3599800"></trkpt>
      <trkpt lat="41.7091500" lon="13.3600100"></trkpt>
      <trkpt lat="41.7088400" lon="13.3601000"></trkpt>
      <trkpt lat="41.7086100" lon="13.3601800"></trkpt>
      <trkpt lat="41.7084200" lon="13.3602800"></trkpt>
      <trkpt lat="41.7083200" lon="13.3603900"></trkpt>
      <trkpt lat="41.7082600" lon="13.3605100"></trkpt>
      <trkpt lat="41.7082200" lon="13.3606300"></trkpt>
      <trkpt lat="41.7082000" lon="13.3607800"></trkpt>
      <trkpt lat="41.7082100" lon="13.3608800"></trkpt>
      <trkpt lat="41.7082100" lon="13.3609200"></trkpt>
      <trkpt lat="41.7082000" lon="13.3610400"></trkpt>
      <trkpt lat="41.7082000" lon="13.3610900"></trkpt>
      <trkpt lat="41.7081800" lon="13.3611200"></trkpt>
      <trkpt lat="41.7081500" lon="13.3611700"></trkpt>
      <trkpt lat="41.7080600" lon="13.3612300"></trkpt>
      <trkpt lat="41.7079800" lon="13.3612900"></trkpt>
      <trkpt lat="41.7074800" lon="13.3615800"></trkpt>
      <trkpt lat="41.7073700" lon="13.3616300"></trkpt>
      <trkpt lat="41.7072100" lon="13.3617200"></trkpt>
      <trkpt lat="41.7070400" lon="13.3618100"></trkpt>
      <trkpt lat="41.7068600" lon="13.3619100"></trkpt>
      <trkpt lat="41.7066900" lon="13.3620000"></trkpt>
      <trkpt lat="41.7063700" lon="13.3622200"></trkpt>
      <trkpt lat="41.7061900" lon="13.3623900"></trkpt>
      <trkpt lat="41.7060300" lon="13.3625400"></trkpt>
      <trkpt lat="41.7056400" lon="13.3629200"></trkpt>
      <trkpt lat="41.7055100" lon="13.3630200"></trkpt>
      <trkpt lat="41.7053900" lon="13.3631000"></trkpt>
      <trkpt lat="41.7052300" lon="13.3632000"></trkpt>
      <trkpt lat="41.7051800" lon="13.3632100"></trkpt>
      <trkpt lat="41.7048300" lon="13.3633200"></trkpt>
      <trkpt lat="41.7046700" lon="13.3633600"></trkpt>
      <trkpt lat="41.7044800" lon="13.3634300"></trkpt>
      <trkpt lat="41.7044300" lon="13.3634500"></trkpt>
      <trkpt lat="41.7041900" lon="13.3634700"></trkpt>
      <trkpt lat="41.7041200" lon="13.3634700"></trkpt>
      <trkpt lat="41.7038200" lon="13.3634600"></trkpt>
      <trkpt lat="41.7037600" lon="13.3634600"></trkpt>
      <trkpt lat="41.7033600" lon="13.3634600"></trkpt>
      <trkpt lat="41.7030900" lon="13.3635200"></trkpt>
      <trkpt lat="41.7030500" lon="13.3635300"></trkpt>
      <trkpt lat="41.7026800" lon="13.3636000"></trkpt>
      <trkpt lat="41.7024800" lon="13.3636700"></trkpt>
      <trkpt lat="41.7024200" lon="13.3637000"></trkpt>
      <trkpt lat="41.7023800" lon="13.3637300"></trkpt>
      <trkpt lat="41.7023300" lon="13.3637600"></trkpt>
      <trkpt lat="41.7025300" lon="13.3641100"></trkpt>
      <trkpt lat="41.7026500" lon="13.3644000"></trkpt>
      <trkpt lat="41.7027700" lon="13.3647200"></trkpt>
      <trkpt lat="41.7028000" lon="13.3648500"></trkpt>
      <trkpt lat="41.7028600" lon="13.3650800"></trkpt>
      <trkpt lat="41.7028700" lon="13.3650900"></trkpt>
      <trkpt lat="41.7029500" lon="13.3654100"></trkpt>
      <trkpt lat="41.7030000" lon="13.3656400"></trkpt>
      <trkpt lat="41.7030000" lon="13.3657700"></trkpt>
      <trkpt lat="41.7029800" lon="13.3660400"></trkpt>
      <trkpt lat="41.7029600" lon="13.3663000"></trkpt>
      <trkpt lat="41.7028200" lon="13.3679200"></trkpt>
      <trkpt lat="41.7028100" lon="13.3680800"></trkpt>
      <trkpt lat="41.7028000" lon="13.3684200"></trkpt>
      <trkpt lat="41.7027900" lon="13.3686800"></trkpt>
      <trkpt lat="41.7027900" lon="13.3687600"></trkpt>
      <trkpt lat="41.7027800" lon="13.3689000"></trkpt>
      <trkpt lat="41.7028100" lon="13.3694700"></trkpt>
      <trkpt lat="41.7028100" lon="13.3695400"></trkpt>
      <trkpt lat="41.7028200" lon="13.3699000"></trkpt>
      <trkpt lat="41.7028600" lon="13.3702400"></trkpt>
      <trkpt lat="41.7028700" lon="13.3702800"></trkpt>
      <trkpt lat="41.7029300" lon="13.3704600"></trkpt>
      <trkpt lat="41.7029700" lon="13.3705700"></trkpt>
      <trkpt lat="41.7030700" lon="13.3708200"></trkpt>
      <trkpt lat="41.7031900" lon="13.3711600"></trkpt>
      <trkpt lat="41.7032400" lon="13.3713600"></trkpt>
      <trkpt lat="41.7033200" lon="13.3716500"></trkpt>
      <trkpt lat="41.7033900" lon="13.3718900"></trkpt>
      <trkpt lat="41.7035300" lon="13.3723400"></trkpt>
      <trkpt lat="41.7035700" lon="13.3725000"></trkpt>
      <trkpt lat="41.7036200" lon="13.3726500"></trkpt>
      <trkpt lat="41.7037300" lon="13.3730400"></trkpt>
      <trkpt lat="41.7038200" lon="13.3734900"></trkpt>
      <trkpt lat="41.7038300" lon="13.3736200"></trkpt>
      <trkpt lat="41.7038600" lon="13.3739900"></trkpt>
      <trkpt lat="41.7038700" lon="13.3740800"></trkpt>
      <trkpt lat="41.7038800" lon="13.3741600"></trkpt>
      <trkpt lat="41.7038700" lon="13.3746500"></trkpt>
      <trkpt lat="41.7038600" lon="13.3748700"></trkpt>
      <trkpt lat="41.7038600" lon="13.3750000"></trkpt>
      <trkpt lat="41.7038700" lon="13.3751300"></trkpt>
      <trkpt lat="41.7038900" lon="13.3760000"></trkpt>
      <trkpt lat="41.7038900" lon="13.3768600"></trkpt>
      <trkpt lat="41.7039100" lon="13.3776000"></trkpt>
      <trkpt lat="41.7039200" lon="13.3778600"></trkpt>
      <trkpt lat="41.7039200" lon="13.3785600"></trkpt>
      <trkpt lat="41.7039300" lon="13.3791900"></trkpt>
      <trkpt lat="41.7039200" lon="13.3797700"></trkpt>
      <trkpt lat="41.7039200" lon="13.3798400"></trkpt>
      <trkpt lat="41.7039000" lon="13.3800500"></trkpt>
      <trkpt lat="41.7038600" lon="13.3803500"></trkpt>
      <trkpt lat="41.7037900" lon="13.3806700"></trkpt>
      <trkpt lat="41.7037700" lon="13.3807500"></trkpt>
      <trkpt lat="41.7037100" lon="13.3809800"></trkpt>
      <trkpt lat="41.7036200" lon="13.3812300"></trkpt>
      <trkpt lat="41.7036100" lon="13.3812600"></trkpt>
      <trkpt lat="41.7035800" lon="13.3813700"></trkpt>
      <trkpt lat="41.7035400" lon="13.3814600"></trkpt>
      <trkpt lat="41.7034600" lon="13.3817200"></trkpt>
      <trkpt lat="41.7034400" lon="13.3818100"></trkpt>
      <trkpt lat="41.7034300" lon="13.3819400"></trkpt>
      <trkpt lat="41.7034300" lon="13.3820500"></trkpt>
      <trkpt lat="41.7034400" lon="13.3821800"></trkpt>
      <trkpt lat="41.7034700" lon="13.3823500"></trkpt>
      <trkpt lat="41.7035600" lon="13.3827100"></trkpt>
      <trkpt lat="41.7037800" lon="13.3834500"></trkpt>
      <trkpt lat="41.7038200" lon="13.3836500"></trkpt>
      <trkpt lat="41.7038400" lon="13.3837500"></trkpt>
      <trkpt lat="41.7038400" lon="13.3840600"></trkpt>
      <trkpt lat="41.7038300" lon="13.3842300"></trkpt>
      <trkpt lat="41.7038000" lon="13.3844300"></trkpt>
      <trkpt lat="41.7037200" lon="13.3847400"></trkpt>
      <trkpt lat="41.7036600" lon="13.3849400"></trkpt>
      <trkpt lat="41.7035200" lon="13.3853800"></trkpt>
      <trkpt lat="41.7034500" lon="13.3856100"></trkpt>
      <trkpt lat="41.7034400" lon="13.3856700"></trkpt>
      <trkpt lat="41.7033800" lon="13.3858300"></trkpt>
      <trkpt lat="41.7032600" lon="13.3862100"></trkpt>
      <trkpt lat="41.7031700" lon="13.3864900"></trkpt>
      <trkpt lat="41.7030400" lon="13.3868500"></trkpt>
      <trkpt lat="41.7029400" lon="13.3871400"></trkpt>
      <trkpt lat="41.7028600" lon="13.3873600"></trkpt>
      <trkpt lat="41.7027800" lon="13.3875800"></trkpt>
      <trkpt lat="41.7027000" lon="13.3877900"></trkpt>
      <trkpt lat="41.7027000" lon="13.3878000"></trkpt>
      <trkpt lat="41.7025200" lon="13.3882100"></trkpt>
      <trkpt lat="41.7024000" lon="13.3885200"></trkpt>
      <trkpt lat="41.7023500" lon="13.3886300"></trkpt>
      <trkpt lat="41.7022800" lon="13.3888000"></trkpt>
      <trkpt lat="41.7022700" lon="13.3888500"></trkpt>
      <trkpt lat="41.7022200" lon="13.3889800"></trkpt>
      <trkpt lat="41.7021400" lon="13.3891600"></trkpt>
      <trkpt lat="41.7020700" lon="13.3892800"></trkpt>
      <trkpt lat="41.7020300" lon="13.3893500"></trkpt>
      <trkpt lat="41.7019500" lon="13.3894600"></trkpt>
      <trkpt lat="41.7018300" lon="13.3896400"></trkpt>
      <trkpt lat="41.7017600" lon="13.3897200"></trkpt>
      <trkpt lat="41.7017000" lon="13.3898000"></trkpt>
      <trkpt lat="41.7016200" lon="13.3898900"></trkpt>
      <trkpt lat="41.7015600" lon="13.3899600"></trkpt>
      <trkpt lat="41.7013100" lon="13.3902300"></trkpt>
      <trkpt lat="41.7012800" lon="13.3902600"></trkpt>
      <trkpt lat="41.7011400" lon="13.3904200"></trkpt>
      <trkpt lat="41.7011200" lon="13.3904400"></trkpt>
      <trkpt lat="41.7010200" lon="13.3905900"></trkpt>
      <trkpt lat="41.7010000" lon="13.3906100"></trkpt>
      <trkpt lat="41.7009100" lon="13.3907700"></trkpt>
      <trkpt lat="41.7008500" lon="13.3908800"></trkpt>
      <trkpt lat="41.7007100" lon="13.3911900"></trkpt>
      <trkpt lat="41.7005900" lon="13.3916000"></trkpt>
      <trkpt lat="41.7005800" lon="13.3916300"></trkpt>
      <trkpt lat="41.7005300" lon="13.3919100"></trkpt>
      <trkpt lat="41.7005100" lon="13.3921000"></trkpt>
      <trkpt lat="41.7005200" lon="13.3924000"></trkpt>
      <trkpt lat="41.7005200" lon="13.3927500"></trkpt>
      <trkpt lat="41.7005800" lon="13.3931600"></trkpt>
      <trkpt lat="41.7006600" lon="13.3937200"></trkpt>
      <trkpt lat="41.7006900" lon="13.3938600"></trkpt>
      <trkpt lat="41.7006900" lon="13.3939700"></trkpt>
      <trkpt lat="41.7006800" lon="13.3940000"></trkpt>
      <trkpt lat="41.7006600" lon="13.3940600"></trkpt>
      <trkpt lat="41.7006500" lon="13.3941000"></trkpt>
      <trkpt lat="41.7006200" lon="13.3941400"></trkpt>
      <trkpt lat="41.7005900" lon="13.3941900"></trkpt>
      <trkpt lat="41.7005400" lon="13.3942300"></trkpt>
      <trkpt lat="41.7005300" lon="13.3942400"></trkpt>
      <trkpt lat="41.7005100" lon="13.3942500"></trkpt>
      <trkpt lat="41.7005000" lon="13.3942500"></trkpt>
      <trkpt lat="41.7004600" lon="13.3942500"></trkpt>
      <trkpt lat="41.7004100" lon="13.3942400"></trkpt>
      <trkpt lat="41.7003700" lon="13.3942200"></trkpt>
      <trkpt lat="41.7003600" lon="13.3942100"></trkpt>
      <trkpt lat="41.7003000" lon="13.3941500"></trkpt>
      <trkpt lat="41.7002100" lon="13.3940300"></trkpt>
      <trkpt lat="41.7001600" lon="13.3939700"></trkpt>
      <trkpt lat="41.7000100" lon="13.3937500"></trkpt>
      <trkpt lat="41.6999600" lon="13.3936900"></trkpt>
      <trkpt lat="41.6998800" lon="13.3936200"></trkpt>
      <trkpt lat="41.6998300" lon="13.3936000"></trkpt>
      <trkpt lat="41.6997900" lon="13.3935900"></trkpt>
      <trkpt lat="41.6997800" lon="13.3935900"></trkpt>
      <trkpt lat="41.6997300" lon="13.3935900"></trkpt>
      <trkpt lat="41.6996900" lon="13.3935900"></trkpt>
      <trkpt lat="41.6996500" lon="13.3936100"></trkpt>
      <trkpt lat="41.6996200" lon="13.3936100"></trkpt>
      <trkpt lat="41.6996100" lon="13.3936200"></trkpt>
      <trkpt lat="41.6995800" lon="13.3936500"></trkpt>
      <trkpt lat="41.6995400" lon="13.3936800"></trkpt>
      <trkpt lat="41.6995000" lon="13.3937400"></trkpt>
      <trkpt lat="41.6994800" lon="13.3937700"></trkpt>
      <trkpt lat="41.6994700" lon="13.3937800"></trkpt>
      <trkpt lat="41.6994000" lon="13.3939400"></trkpt>
      <trkpt lat="41.6993800" lon="13.3939800"></trkpt>
      <trkpt lat="41.6993600" lon="13.3940500"></trkpt>
      <trkpt lat="41.6992900" lon="13.3942700"></trkpt>
      <trkpt lat="41.6991900" lon="13.3946500"></trkpt>
      <trkpt lat="41.6990600" lon="13.3951300"></trkpt>
      <trkpt lat="41.6990100" lon="13.3952900"></trkpt>
      <trkpt lat="41.6989000" lon="13.3955300"></trkpt>
      <trkpt lat="41.6987100" lon="13.3959500"></trkpt>
      <trkpt lat="41.6987100" lon="13.3959600"></trkpt>
      <trkpt lat="41.6985000" lon="13.3963500"></trkpt>
      <trkpt lat="41.6983100" lon="13.3967400"></trkpt>
      <trkpt lat="41.6981900" lon="13.3969500"></trkpt>
      <trkpt lat="41.6976500" lon="13.3979100"></trkpt>
      <trkpt lat="41.6974500" lon="13.3982800"></trkpt>
      <trkpt lat="41.6974300" lon="13.3983000"></trkpt>
      <trkpt lat="41.6974000" lon="13.3983600"></trkpt>
      <trkpt lat="41.6973400" lon="13.3984700"></trkpt>
      <trkpt lat="41.6973300" lon="13.3984900"></trkpt>
      <trkpt lat="41.6971700" lon="13.3987700"></trkpt>
      <trkpt lat="41.6970500" lon="13.3989900"></trkpt>
      <trkpt lat="41.6970200" lon="13.3990500"></trkpt>
      <trkpt lat="41.6969400" lon="13.3992000"></trkpt>
      <trkpt lat="41.6968400" lon="13.3994300"></trkpt>
      <trkpt lat="41.6968000" lon="13.3995400"></trkpt>
      <trkpt lat="41.6967400" lon="13.3997300"></trkpt>
      <trkpt lat="41.6966800" lon="13.4000500"></trkpt>
      <trkpt lat="41.6965100" lon="13.4008700"></trkpt>
      <trkpt lat="41.6965100" lon="13.4008900"></trkpt>
      <trkpt lat="41.6964700" lon="13.4010700"></trkpt>
      <trkpt lat="41.6964700" lon="13.4011000"></trkpt>
      <trkpt lat="41.6964600" lon="13.4011100"></trkpt>
      <trkpt lat="41.6964300" lon="13.4012300"></trkpt>
      <trkpt lat="41.6964000" lon="13.4012900"></trkpt>
      <trkpt lat="41.6963900" lon="13.4013200"></trkpt>
      <trkpt lat="41.6963900" lon="13.4013300"></trkpt>
      <trkpt lat="41.6963300" lon="13.4014200"></trkpt>
      <trkpt lat="41.6962800" lon="13.4014600"></trkpt>
      <trkpt lat="41.6962600" lon="13.4014800"></trkpt>
      <trkpt lat="41.6962500" lon="13.4014900"></trkpt>
      <trkpt lat="41.6961400" lon="13.4015400"></trkpt>
      <trkpt lat="41.6961100" lon="13.4015500"></trkpt>
      <trkpt lat="41.6960900" lon="13.4015500"></trkpt>
      <trkpt lat="41.6959300" lon="13.4015800"></trkpt>
      <trkpt lat="41.6959100" lon="13.4015800"></trkpt>
      <trkpt lat="41.6957600" lon="13.4016100"></trkpt>
      <trkpt lat="41.6957300" lon="13.4016200"></trkpt>
      <trkpt lat="41.6956800" lon="13.4016300"></trkpt>
      <trkpt lat="41.6955800" lon="13.4016500"></trkpt>
      <trkpt lat="41.6955600" lon="13.4016600"></trkpt>
      <trkpt lat="41.6954000" lon="13.4017000"></trkpt>
      <trkpt lat="41.6953200" lon="13.4017100"></trkpt>
      <trkpt lat="41.6952300" lon="13.4017500"></trkpt>
      <trkpt lat="41.6951300" lon="13.4017800"></trkpt>
      <trkpt lat="41.6948500" lon="13.4019100"></trkpt>
      <trkpt lat="41.6942000" lon="13.4022400"></trkpt>
      <trkpt lat="41.6938500" lon="13.4024100"></trkpt>
      <trkpt lat="41.6937100" lon="13.4024900"></trkpt>
      <trkpt lat="41.6936800" lon="13.4025000"></trkpt>
      <trkpt lat="41.6935400" lon="13.4025700"></trkpt>
      <trkpt lat="41.6935200" lon="13.4025800"></trkpt>
      <trkpt lat="41.6934000" lon="13.4026400"></trkpt>
      <trkpt lat="41.6933700" lon="13.4026700"></trkpt>
      <trkpt lat="41.6933500" lon="13.4026800"></trkpt>
      <trkpt lat="41.6933200" lon="13.4027000"></trkpt>
      <trkpt lat="41.6932600" lon="13.4028000"></trkpt>
      <trkpt lat="41.6932500" lon="13.4028300"></trkpt>
      <trkpt lat="41.6932400" lon="13.4028400"></trkpt>
      <trkpt lat="41.6932300" lon="13.4028800"></trkpt>
      <trkpt lat="41.6932200" lon="13.4029300"></trkpt>
      <trkpt lat="41.6932300" lon="13.4029800"></trkpt>
      <trkpt lat="41.6932400" lon="13.4030400"></trkpt>
      <trkpt lat="41.6932500" lon="13.4030600"></trkpt>
      <trkpt lat="41.6932600" lon="13.4030900"></trkpt>
      <trkpt lat="41.6933000" lon="13.4031700"></trkpt>
      <trkpt lat="41.6933600" lon="13.4032100"></trkpt>
      <trkpt lat="41.6933700" lon="13.4032200"></trkpt>
      <trkpt lat="41.6934700" lon="13.4032700"></trkpt>
      <trkpt lat="41.6935300" lon="13.4032700"></trkpt>
      <trkpt lat="41.6935500" lon="13.4032800"></trkpt>
      <trkpt lat="41.6935700" lon="13.4032800"></trkpt>
      <trkpt lat="41.6937400" lon="13.4032900"></trkpt>
      <trkpt lat="41.6942700" lon="13.4033000"></trkpt>
      <trkpt lat="41.6944100" lon="13.4033000"></trkpt>
      <trkpt lat="41.6944500" lon="13.4033000"></trkpt>
      <trkpt lat="41.6946300" lon="13.4033000"></trkpt>
      <trkpt lat="41.6948100" lon="13.4033100"></trkpt>
      <trkpt lat="41.6956200" lon="13.4033200"></trkpt>
      <trkpt lat="41.6957100" lon="13.4033300"></trkpt>
      <trkpt lat="41.6959400" lon="13.4033500"></trkpt>
      <trkpt lat="41.6961400" lon="13.4034000"></trkpt>
      <trkpt lat="41.6962000" lon="13.4034200"></trkpt>
      <trkpt lat="41.6962900" lon="13.4034500"></trkpt>
      <trkpt lat="41.6964600" lon="13.4035100"></trkpt>
      <trkpt lat="41.6965000" lon="13.4035300"></trkpt>
      <trkpt lat="41.6966400" lon="13.4035800"></trkpt>
      <trkpt lat="41.6969100" lon="13.4036900"></trkpt>
      <trkpt lat="41.6969300" lon="13.4036900"></trkpt>
      <trkpt lat="41.6970800" lon="13.4037800"></trkpt>
      <trkpt lat="41.6971000" lon="13.4037800"></trkpt>
      <trkpt lat="41.6972300" lon="13.4039100"></trkpt>
      <trkpt lat="41.6973100" lon="13.4040000"></trkpt>
      <trkpt lat="41.6973700" lon="13.4040700"></trkpt>
      <trkpt lat="41.6976200" lon="13.4043800"></trkpt>
      <trkpt lat="41.6976300" lon="13.4043900"></trkpt>
      <trkpt lat="41.6977700" lon="13.4045400"></trkpt>
      <trkpt lat="41.6978500" lon="13.4046200"></trkpt>
      <trkpt lat="41.6979100" lon="13.4046900"></trkpt>
      <trkpt lat="41.6980500" lon="13.4048400"></trkpt>
      <trkpt lat="41.6981100" lon="13.4048900"></trkpt>
      <trkpt lat="41.6982100" lon="13.4049600"></trkpt>
      <trkpt lat="41.6982900" lon="13.4050200"></trkpt>
      <trkpt lat="41.6984700" lon="13.4051300"></trkpt>
      <trkpt lat="41.6985400" lon="13.4051600"></trkpt>
      <trkpt lat="41.6986600" lon="13.4052100"></trkpt>
      <trkpt lat="41.6988400" lon="13.4052600"></trkpt>
      <trkpt lat="41.6990100" lon="13.4052900"></trkpt>
      <trkpt lat="41.6990600" lon="13.4052900"></trkpt>
      <trkpt lat="41.6992500" lon="13.4053100"></trkpt>
      <trkpt lat="41.6995200" lon="13.4052900"></trkpt>
      <trkpt lat="41.6996000" lon="13.4052900"></trkpt>
      <trkpt lat="41.6997800" lon="13.4052800"></trkpt>
      <trkpt lat="41.6999600" lon="13.4052700"></trkpt>
      <trkpt lat="41.6999700" lon="13.4052700"></trkpt>
      <trkpt lat="41.7001400" lon="13.4052800"></trkpt>
      <trkpt lat="41.7002300" lon="13.4052800"></trkpt>
      <trkpt lat="41.7003200" lon="13.4053000"></trkpt>
      <trkpt lat="41.7003600" lon="13.4053000"></trkpt>
      <trkpt lat="41.7005000" lon="13.4053200"></trkpt>
      <trkpt lat="41.7005300" lon="13.4053200"></trkpt>
      <trkpt lat="41.7006000" lon="13.4053400"></trkpt>
      <trkpt lat="41.7006800" lon="13.4053700"></trkpt>
      <trkpt lat="41.7007300" lon="13.4054100"></trkpt>
      <trkpt lat="41.7007700" lon="13.4054400"></trkpt>
      <trkpt lat="41.7008200" lon="13.4054900"></trkpt>
      <trkpt lat="41.7008700" lon="13.4055500"></trkpt>
      <trkpt lat="41.7009100" lon="13.4056100"></trkpt>
      <trkpt lat="41.7009400" lon="13.4056800"></trkpt>
      <trkpt lat="41.7009700" lon="13.4057700"></trkpt>
      <trkpt lat="41.7010100" lon="13.4058800"></trkpt>
      <trkpt lat="41.7010100" lon="13.4059000"></trkpt>
      <trkpt lat="41.7010300" lon="13.4059800"></trkpt>
      <trkpt lat="41.7010500" lon="13.4060900"></trkpt>
      <trkpt lat="41.7010500" lon="13.4061400"></trkpt>
      <trkpt lat="41.7010600" lon="13.4062400"></trkpt>
      <trkpt lat="41.7010700" lon="13.4063800"></trkpt>
      <trkpt lat="41.7010900" lon="13.4067000"></trkpt>
      <trkpt lat="41.7011000" lon="13.4068600"></trkpt>
      <trkpt lat="41.7012100" lon="13.4083000"></trkpt>
      <trkpt lat="41.7012200" lon="13.4084100"></trkpt>
      <trkpt lat="41.7012300" lon="13.4086600"></trkpt>
      <trkpt lat="41.7012300" lon="13.4088500"></trkpt>
      <trkpt lat="41.7012400" lon="13.4091400"></trkpt>
      <trkpt lat="41.7012300" lon="13.4092600"></trkpt>
      <trkpt lat="41.7012200" lon="13.4093800"></trkpt>
      <trkpt lat="41.7012200" lon="13.4094000"></trkpt>
      <trkpt lat="41.7011900" lon="13.4095000"></trkpt>
      <trkpt lat="41.7011700" lon="13.4095700"></trkpt>
      <trkpt lat="41.7011300" lon="13.4096700"></trkpt>
      <trkpt lat="41.7011000" lon="13.4097300"></trkpt>
      <trkpt lat="41.7010600" lon="13.4097900"></trkpt>
      <trkpt lat="41.7010200" lon="13.4098300"></trkpt>
      <trkpt lat="41.7009800" lon="13.4098800"></trkpt>
      <trkpt lat="41.7009100" lon="13.4099400"></trkpt>
      <trkpt lat="41.7008800" lon="13.4099600"></trkpt>
      <trkpt lat="41.7007800" lon="13.4100100"></trkpt>
      <trkpt lat="41.7003800" lon="13.4101200"></trkpt>
      <trkpt lat="41.7000300" lon="13.4101800"></trkpt>
      <trkpt lat="41.6997300" lon="13.4102300"></trkpt>
      <trkpt lat="41.6993100" lon="13.4103100"></trkpt>
      <trkpt lat="41.6991500" lon="13.4103700"></trkpt>
      <trkpt lat="41.6990900" lon="13.4103900"></trkpt>
      <trkpt lat="41.6988700" lon="13.4104700"></trkpt>
      <trkpt lat="41.6985700" lon="13.4105900"></trkpt>
      <trkpt lat="41.6984600" lon="13.4106400"></trkpt>
      <trkpt lat="41.6984500" lon="13.4106500"></trkpt>
      <trkpt lat="41.6983200" lon="13.4107100"></trkpt>
      <trkpt lat="41.6982600" lon="13.4107400"></trkpt>
      <trkpt lat="41.6982000" lon="13.4107800"></trkpt>
      <trkpt lat="41.6981200" lon="13.4108500"></trkpt>
      <trkpt lat="41.6980400" lon="13.4109300"></trkpt>
      <trkpt lat="41.6979300" lon="13.4110500"></trkpt>
      <trkpt lat="41.6976800" lon="13.4113700"></trkpt>
      <trkpt lat="41.6976500" lon="13.4114200"></trkpt>
      <trkpt lat="41.6975800" lon="13.4115100"></trkpt>
      <trkpt lat="41.6975500" lon="13.4115400"></trkpt>
      <trkpt lat="41.6974900" lon="13.4116100"></trkpt>
      <trkpt lat="41.6974700" lon="13.4116200"></trkpt>
      <trkpt lat="41.6971400" lon="13.4118600"></trkpt>
      <trkpt lat="41.6971200" lon="13.4118800"></trkpt>
      <trkpt lat="41.6969800" lon="13.4119700"></trkpt>
      <trkpt lat="41.6968600" lon="13.4120400"></trkpt>
      <trkpt lat="41.6968000" lon="13.4120900"></trkpt>
      <trkpt lat="41.6965900" lon="13.4122200"></trkpt>
      <trkpt lat="41.6964700" lon="13.4123100"></trkpt>
      <trkpt lat="41.6963100" lon="13.4124200"></trkpt>
      <trkpt lat="41.6960500" lon="13.4126100"></trkpt>
      <trkpt lat="41.6959300" lon="13.4127200"></trkpt>
      <trkpt lat="41.6958500" lon="13.4128000"></trkpt>
      <trkpt lat="41.6958000" lon="13.4128800"></trkpt>
      <trkpt lat="41.6957300" lon="13.4129800"></trkpt>
      <trkpt lat="41.6955900" lon="13.4133900"></trkpt>
      <trkpt lat="41.6955200" lon="13.4136100"></trkpt>
      <trkpt lat="41.6954500" lon="13.4138800"></trkpt>
      <trkpt lat="41.6954400" lon="13.4139200"></trkpt>
      <trkpt lat="41.6953800" lon="13.4141800"></trkpt>
      <trkpt lat="41.6953600" lon="13.4142800"></trkpt>
      <trkpt lat="41.6953300" lon="13.4143800"></trkpt>
      <trkpt lat="41.6952900" lon="13.4145700"></trkpt>
      <trkpt lat="41.6952800" lon="13.4145900"></trkpt>
      <trkpt lat="41.6951900" lon="13.4150200"></trkpt>
      <trkpt lat="41.6951800" lon="13.4150300"></trkpt>
      <trkpt lat="41.6951300" lon="13.4153700"></trkpt>
      <trkpt lat="41.6950900" lon="13.4155300"></trkpt>
      <trkpt lat="41.6949600" lon="13.4158800"></trkpt>
      <trkpt lat="41.6948400" lon="13.4161500"></trkpt>
      <trkpt lat="41.6947400" lon="13.4163800"></trkpt>
      <trkpt lat="41.6946400" lon="13.4165700"></trkpt>
      <trkpt lat="41.6943500" lon="13.4170600"></trkpt>
      <trkpt lat="41.6943200" lon="13.4171100"></trkpt>
      <trkpt lat="41.6943000" lon="13.4171400"></trkpt>
      <trkpt lat="41.6941400" lon="13.4173900"></trkpt>
      <trkpt lat="41.6941200" lon="13.4174200"></trkpt>
      <trkpt lat="41.6940600" lon="13.4175000"></trkpt>
      <trkpt lat="41.6939800" lon="13.4175900"></trkpt>
      <trkpt lat="41.6939100" lon="13.4176400"></trkpt>
      <trkpt lat="41.6939000" lon="13.4176500"></trkpt>
      <trkpt lat="41.6938300" lon="13.4176900"></trkpt>
      <trkpt lat="41.6937800" lon="13.4177200"></trkpt>
      <trkpt lat="41.6937100" lon="13.4177400"></trkpt>
      <trkpt lat="41.6935700" lon="13.4177600"></trkpt>
      <trkpt lat="41.6935400" lon="13.4177600"></trkpt>
      <trkpt lat="41.6934700" lon="13.4177700"></trkpt>
      <trkpt lat="41.6933400" lon="13.4177700"></trkpt>
      <trkpt lat="41.6931900" lon="13.4177600"></trkpt>
      <trkpt lat="41.6930300" lon="13.4177300"></trkpt>
      <trkpt lat="41.6929900" lon="13.4177200"></trkpt>
      <trkpt lat="41.6927700" lon="13.4176600"></trkpt>
      <trkpt lat="41.6927300" lon="13.4176600"></trkpt>
      <trkpt lat="41.6926900" lon="13.4176700"></trkpt>
      <trkpt lat="41.6926600" lon="13.4176800"></trkpt>
      <trkpt lat="41.6926100" lon="13.4177000"></trkpt>
      <trkpt lat="41.6925600" lon="13.4177300"></trkpt>
      <trkpt lat="41.6924600" lon="13.4178100"></trkpt>
      <trkpt lat="41.6924500" lon="13.4178100"></trkpt>
      <trkpt lat="41.6923700" lon="13.4178800"></trkpt>
      <trkpt lat="41.6923000" lon="13.4179400"></trkpt>
      <trkpt lat="41.6922500" lon="13.4180100"></trkpt>
      <trkpt lat="41.6922200" lon="13.4180500"></trkpt>
      <trkpt lat="41.6922100" lon="13.4180700"></trkpt>
      <trkpt lat="41.6922000" lon="13.4180900"></trkpt>
      <trkpt lat="41.6921800" lon="13.4181200"></trkpt>
      <trkpt lat="41.6921700" lon="13.4181600"></trkpt>
      <trkpt lat="41.6921700" lon="13.4182100"></trkpt>
      <trkpt lat="41.6921600" lon="13.4182600"></trkpt>
      <trkpt lat="41.6921600" lon="13.4183800"></trkpt>
      <trkpt lat="41.6921700" lon="13.4184500"></trkpt>
      <trkpt lat="41.6921700" lon="13.4185300"></trkpt>
      <trkpt lat="41.6921800" lon="13.4185900"></trkpt>
      <trkpt lat="41.6921900" lon="13.4186300"></trkpt>
      <trkpt lat="41.6922200" lon="13.4187300"></trkpt>
      <trkpt lat="41.6922300" lon="13.4187700"></trkpt>
      <trkpt lat="41.6922500" lon="13.4188200"></trkpt>
      <trkpt lat="41.6922500" lon="13.4188500"></trkpt>
      <trkpt lat="41.6923000" lon="13.4189900"></trkpt>
      <trkpt lat="41.6923100" lon="13.4190300"></trkpt>
      <trkpt lat="41.6923400" lon="13.4191400"></trkpt>
      <trkpt lat="41.6923800" lon="13.4192200"></trkpt>
      <trkpt lat="41.6924000" lon="13.4192700"></trkpt>
      <trkpt lat="41.6924100" lon="13.4192900"></trkpt>
      <trkpt lat="41.6924200" lon="13.4193100"></trkpt>
      <trkpt lat="41.6924300" lon="13.4193300"></trkpt>
      <trkpt lat="41.6925100" lon="13.4194400"></trkpt>
      <trkpt lat="41.6925500" lon="13.4195000"></trkpt>
      <trkpt lat="41.6926000" lon="13.4195700"></trkpt>
      <trkpt lat="41.6929000" lon="13.4200500"></trkpt>
      <trkpt lat="41.6930700" lon="13.4203100"></trkpt>
      <trkpt lat="41.6931400" lon="13.4204300"></trkpt>
      <trkpt lat="41.6931700" lon="13.4205000"></trkpt>
      <trkpt lat="41.6932800" lon="13.4206800"></trkpt>
      <trkpt lat="41.6933300" lon="13.4207600"></trkpt>
      <trkpt lat="41.6933800" lon="13.4208300"></trkpt>
      <trkpt lat="41.6934200" lon="13.4208700"></trkpt>
      <trkpt lat="41.6934500" lon="13.4209000"></trkpt>
      <trkpt lat="41.6935300" lon="13.4209800"></trkpt>
      <trkpt lat="41.6936200" lon="13.4210500"></trkpt>
      <trkpt lat="41.6936800" lon="13.4210900"></trkpt>
      <trkpt lat="41.6936900" lon="13.4210900"></trkpt>
      <trkpt lat="41.6937600" lon="13.4211300"></trkpt>
      <trkpt lat="41.6938300" lon="13.4211700"></trkpt>
      <trkpt lat="41.6939600" lon="13.4212200"></trkpt>
      <trkpt lat="41.6940500" lon="13.4212500"></trkpt>
      <trkpt lat="41.6941400" lon="13.4212600"></trkpt>
      <trkpt lat="41.6942100" lon="13.4212700"></trkpt>
      <trkpt lat="41.6942500" lon="13.4212700"></trkpt>
      <trkpt lat="41.6943100" lon="13.4212600"></trkpt>
      <trkpt lat="41.6943800" lon="13.4212600"></trkpt>
      <trkpt lat="41.6944300" lon="13.4212700"></trkpt>
      <trkpt lat="41.6944400" lon="13.4212700"></trkpt>
      <trkpt lat="41.6944700" lon="13.4212800"></trkpt>
      <trkpt lat="41.6944900" lon="13.4212900"></trkpt>
      <trkpt lat="41.6945100" lon="13.4213100"></trkpt>
      <trkpt lat="41.6945300" lon="13.4213400"></trkpt>
      <trkpt lat="41.6945500" lon="13.4213600"></trkpt>
      <trkpt lat="41.6945500" lon="13.4213800"></trkpt>
      <trkpt lat="41.6945600" lon="13.4214100"></trkpt>
      <trkpt lat="41.6945600" lon="13.4214300"></trkpt>
      <trkpt lat="41.6945500" lon="13.4214500"></trkpt>
      <trkpt lat="41.6945500" lon="13.4214700"></trkpt>
      <trkpt lat="41.6945400" lon="13.4214800"></trkpt>
      <trkpt lat="41.6945200" lon="13.4215000"></trkpt>
      <trkpt lat="41.6945000" lon="13.4215200"></trkpt>
      <trkpt lat="41.6944900" lon="13.4215300"></trkpt>
      <trkpt lat="41.6944700" lon="13.4215300"></trkpt>
      <trkpt lat="41.6944600" lon="13.4215300"></trkpt>
      <trkpt lat="41.6944300" lon="13.4215400"></trkpt>
      <trkpt lat="41.6942500" lon="13.4215600"></trkpt>
      <trkpt lat="41.6940700" lon="13.4215800"></trkpt>
      <trkpt lat="41.6938900" lon="13.4215900"></trkpt>
      <trkpt lat="41.6936900" lon="13.4216100"></trkpt>
      <trkpt lat="41.6936500" lon="13.4216200"></trkpt>
      <trkpt lat="41.6935900" lon="13.4216200"></trkpt>
      <trkpt lat="41.6935300" lon="13.4216100"></trkpt>
      <trkpt lat="41.6935000" lon="13.4216000"></trkpt>
      <trkpt lat="41.6934000" lon="13.4215800"></trkpt>
      <trkpt lat="41.6933600" lon="13.4215600"></trkpt>
      <trkpt lat="41.6932900" lon="13.4215400"></trkpt>
      <trkpt lat="41.6931800" lon="13.4215000"></trkpt>
      <trkpt lat="41.6931500" lon="13.4214900"></trkpt>
      <trkpt lat="41.6930600" lon="13.4214900"></trkpt>
      <trkpt lat="41.6930500" lon="13.4215200"></trkpt>
      <trkpt lat="41.6930500" lon="13.4215500"></trkpt>
      <trkpt lat="41.6930600" lon="13.4215700"></trkpt>
      <trkpt lat="41.6930600" lon="13.4216000"></trkpt>
      <trkpt lat="41.6930700" lon="13.4216300"></trkpt>
      <trkpt lat="41.6930900" lon="13.4216500"></trkpt>
      <trkpt lat="41.6931000" lon="13.4216700"></trkpt>
      <trkpt lat="41.6931300" lon="13.4216900"></trkpt>
      <trkpt lat="41.6931300" lon="13.4217000"></trkpt>
      <trkpt lat="41.6934000" lon="13.4218600"></trkpt>
      <trkpt lat="41.6935700" lon="13.4219500"></trkpt>
      <trkpt lat="41.6936300" lon="13.4219700"></trkpt>
      <trkpt lat="41.6936800" lon="13.4219900"></trkpt>
      <trkpt lat="41.6937400" lon="13.4220000"></trkpt>
      <trkpt lat="41.6937500" lon="13.4220000"></trkpt>
      <trkpt lat="41.6938000" lon="13.4220000"></trkpt>
      <trkpt lat="41.6938100" lon="13.4220000"></trkpt>
      <trkpt lat="41.6939500" lon="13.4220200"></trkpt>
      <trkpt lat="41.6939800" lon="13.4220200"></trkpt>
      <trkpt lat="41.6940800" lon="13.4220400"></trkpt>
      <trkpt lat="41.6941600" lon="13.4220500"></trkpt>
      <trkpt lat="41.6942500" lon="13.4220600"></trkpt>
      <trkpt lat="41.6943500" lon="13.4220900"></trkpt>
      <trkpt lat="41.6946900" lon="13.4221600"></trkpt>
      <trkpt lat="41.6947600" lon="13.4221900"></trkpt>
      <trkpt lat="41.6947300" lon="13.4222300"></trkpt>
      <trkpt lat="41.6947100" lon="13.4222600"></trkpt>
      <trkpt lat="41.6946900" lon="13.4222900"></trkpt>
      <trkpt lat="41.6946400" lon="13.4223400"></trkpt>
      <trkpt lat="41.6945400" lon="13.4224200"></trkpt>
      <trkpt lat="41.6944800" lon="13.4224600"></trkpt>
      <trkpt lat="41.6944600" lon="13.4224800"></trkpt>
      <trkpt lat="41.6944400" lon="13.4225000"></trkpt>
      <trkpt lat="41.6944300" lon="13.4225300"></trkpt>
      <trkpt lat="41.6944200" lon="13.4225900"></trkpt>
      <trkpt lat="41.6944300" lon="13.4226400"></trkpt>
      <trkpt lat="41.6944300" lon="13.4226500"></trkpt>
      <trkpt lat="41.6944400" lon="13.4226700"></trkpt>
      <trkpt lat="41.6944600" lon="13.4227000"></trkpt>
      <trkpt lat="41.6944900" lon="13.4227300"></trkpt>
      <trkpt lat="41.6945100" lon="13.4227600"></trkpt>
      <trkpt lat="41.6945700" lon="13.4228000"></trkpt>
      <trkpt lat="41.6946100" lon="13.4228300"></trkpt>
      <trkpt lat="41.6948100" lon="13.4229300"></trkpt>
      <trkpt lat="41.6949000" lon="13.4229800"></trkpt>
      <trkpt lat="41.6949800" lon="13.4230100"></trkpt>
      <trkpt lat="41.6950900" lon="13.4230500"></trkpt>
      <trkpt lat="41.6953500" lon="13.4231100"></trkpt>
      <trkpt lat="41.6954300" lon="13.4231300"></trkpt>
      <trkpt lat="41.6954300" lon="13.4231400"></trkpt>
      <trkpt lat="41.6955100" lon="13.4231700"></trkpt>
      <trkpt lat="41.6956200" lon="13.4232500"></trkpt>
      <trkpt lat="41.6956800" lon="13.4232700"></trkpt>
      <trkpt lat="41.6957400" lon="13.4232900"></trkpt>
      <trkpt lat="41.6957800" lon="13.4233000"></trkpt>
      <trkpt lat="41.6958200" lon="13.4233000"></trkpt>
      <trkpt lat="41.6958800" lon="13.4233000"></trkpt>
      <trkpt lat="41.6959800" lon="13.4232900"></trkpt>
      <trkpt lat="41.6960800" lon="13.4232900"></trkpt>
      <trkpt lat="41.6963000" lon="13.4232900"></trkpt>
      <trkpt lat="41.6963600" lon="13.4232800"></trkpt>
      <trkpt lat="41.6964500" lon="13.4232600"></trkpt>
      <trkpt lat="41.6964800" lon="13.4232500"></trkpt>
      <trkpt lat="41.6965600" lon="13.4232200"></trkpt>
      <trkpt lat="41.6966500" lon="13.4231900"></trkpt>
      <trkpt lat="41.6967200" lon="13.4231700"></trkpt>
      <trkpt lat="41.6967700" lon="13.4231600"></trkpt>
      <trkpt lat="41.6968100" lon="13.4231600"></trkpt>
      <trkpt lat="41.6968300" lon="13.4231600"></trkpt>
      <trkpt lat="41.6969200" lon="13.4231600"></trkpt>
      <trkpt lat="41.6969700" lon="13.4231800"></trkpt>
      <trkpt lat="41.6970100" lon="13.4231800"></trkpt>
      <trkpt lat="41.6971500" lon="13.4232200"></trkpt>
      <trkpt lat="41.6972300" lon="13.4232400"></trkpt>
      <trkpt lat="41.6973200" lon="13.4232600"></trkpt>
      <trkpt lat="41.6973600" lon="13.4232600"></trkpt>
      <trkpt lat="41.6975400" lon="13.4232600"></trkpt>
      <trkpt lat="41.6975600" lon="13.4232700"></trkpt>
      <trkpt lat="41.6976100" lon="13.4232800"></trkpt>
      <trkpt lat="41.6976700" lon="13.4233100"></trkpt>
      <trkpt lat="41.6977100" lon="13.4233400"></trkpt>
      <trkpt lat="41.6977200" lon="13.4233500"></trkpt>
      <trkpt lat="41.6977500" lon="13.4233800"></trkpt>
      <trkpt lat="41.6977700" lon="13.4234100"></trkpt>
      <trkpt lat="41.6977900" lon="13.4234500"></trkpt>
      <trkpt lat="41.6978000" lon="13.4234800"></trkpt>
      <trkpt lat="41.6978100" lon="13.4235300"></trkpt>
      <trkpt lat="41.6978100" lon="13.4236000"></trkpt>
      <trkpt lat="41.6978700" lon="13.4242400"></trkpt>
      <trkpt lat="41.6978700" lon="13.4242500"></trkpt>
      <trkpt lat="41.6979000" lon="13.4244900"></trkpt>
      <trkpt lat="41.6979100" lon="13.4245300"></trkpt>
      <trkpt lat="41.6979300" lon="13.4246800"></trkpt>
      <trkpt lat="41.6979400" lon="13.4247200"></trkpt>
      <trkpt lat="41.6979600" lon="13.4247600"></trkpt>
      <trkpt lat="41.6980000" lon="13.4248700"></trkpt>
      <trkpt lat="41.6980800" lon="13.4250500"></trkpt>
      <trkpt lat="41.6981700" lon="13.4252800"></trkpt>
      <trkpt lat="41.6982100" lon="13.4253500"></trkpt>
      <trkpt lat="41.6982200" lon="13.4253700"></trkpt>
      <trkpt lat="41.6982700" lon="13.4254600"></trkpt>
      <trkpt lat="41.6983300" lon="13.4255300"></trkpt>
      <trkpt lat="41.6983700" lon="13.4255800"></trkpt>
      <trkpt lat="41.6984900" lon="13.4257000"></trkpt>
      <trkpt lat="41.6986100" lon="13.4258100"></trkpt>
      <trkpt lat="41.6986200" lon="13.4258200"></trkpt>
      <trkpt lat="41.6986900" lon="13.4258700"></trkpt>
      <trkpt lat="41.6987600" lon="13.4259200"></trkpt>
      <trkpt lat="41.6988200" lon="13.4259500"></trkpt>
      <trkpt lat="41.6988900" lon="13.4259800"></trkpt>
      <trkpt lat="41.6989500" lon="13.4260100"></trkpt>
      <trkpt lat="41.6990000" lon="13.4260400"></trkpt>
      <trkpt lat="41.6990400" lon="13.4260900"></trkpt>
      <trkpt lat="41.6990900" lon="13.4261500"></trkpt>
      <trkpt lat="41.6991300" lon="13.4262000"></trkpt>
      <trkpt lat="41.6992200" lon="13.4263100"></trkpt>
      <trkpt lat="41.6993500" lon="13.4264800"></trkpt>
      <trkpt lat="41.6994900" lon="13.4267100"></trkpt>
      <trkpt lat="41.6996000" lon="13.4268600"></trkpt>
      <trkpt lat="41.6996300" lon="13.4269200"></trkpt>
      <trkpt lat="41.6996500" lon="13.4269700"></trkpt>
      <trkpt lat="41.6996700" lon="13.4270200"></trkpt>
      <trkpt lat="41.6997200" lon="13.4271700"></trkpt>
      <trkpt lat="41.6997900" lon="13.4273700"></trkpt>
      <trkpt lat="41.6998200" lon="13.4274600"></trkpt>
      <trkpt lat="41.6998600" lon="13.4275900"></trkpt>
      <trkpt lat="41.6998900" lon="13.4276800"></trkpt>
      <trkpt lat="41.6999300" lon="13.4278500"></trkpt>
      <trkpt lat="41.6999400" lon="13.4279200"></trkpt>
      <trkpt lat="41.6999600" lon="13.4281300"></trkpt>
      <trkpt lat="41.6999900" lon="13.4282900"></trkpt>
      <trkpt lat="41.7000100" lon="13.4284500"></trkpt>
      <trkpt lat="41.7000500" lon="13.4286900"></trkpt>
      <trkpt lat="41.7000500" lon="13.4287600"></trkpt>
      <trkpt lat="41.7000600" lon="13.4288600"></trkpt>
      <trkpt lat="41.7000800" lon="13.4290700"></trkpt>
      <trkpt lat="41.7000800" lon="13.4291400"></trkpt>
      <trkpt lat="41.7001000" lon="13.4293100"></trkpt>
      <trkpt lat="41.7001100" lon="13.4294000"></trkpt>
      <trkpt lat="41.7001300" lon="13.4295400"></trkpt>
      <trkpt lat="41.7001300" lon="13.4295800"></trkpt>
      <trkpt lat="41.7001500" lon="13.4296600"></trkpt>
      <trkpt lat="41.7001600" lon="13.4297300"></trkpt>
      <trkpt lat="41.7001500" lon="13.4297500"></trkpt>
      <trkpt lat="41.7001300" lon="13.4297800"></trkpt>
      <trkpt lat="41.7001200" lon="13.4298300"></trkpt>
      <trkpt lat="41.7001000" lon="13.4298700"></trkpt>
      <trkpt lat="41.7000900" lon="13.4299300"></trkpt>
      <trkpt lat="41.7000800" lon="13.4299900"></trkpt>
      <trkpt lat="41.7000700" lon="13.4300600"></trkpt>
      <trkpt lat="41.7000700" lon="13.4301400"></trkpt>
      <trkpt lat="41.7000600" lon="13.4302400"></trkpt>
      <trkpt lat="41.7000600" lon="13.4306900"></trkpt>
      <trkpt lat="41.7000700" lon="13.4308500"></trkpt>
      <trkpt lat="41.7000900" lon="13.4309500"></trkpt>
      <trkpt lat="41.7001000" lon="13.4310200"></trkpt>
      <trkpt lat="41.7001000" lon="13.4310500"></trkpt>
      <trkpt lat="41.7001300" lon="13.4311600"></trkpt>
      <trkpt lat="41.7001600" lon="13.4312500"></trkpt>
      <trkpt lat="41.7002000" lon="13.4313400"></trkpt>
      <trkpt lat="41.7002400" lon="13.4314200"></trkpt>
      <trkpt lat="41.7002800" lon="13.4315100"></trkpt>
      <trkpt lat="41.7003300" lon="13.4315900"></trkpt>
      <trkpt lat="41.7003900" lon="13.4316700"></trkpt>
      <trkpt lat="41.7004400" lon="13.4317400"></trkpt>
      <trkpt lat="41.7004700" lon="13.4317800"></trkpt>
      <trkpt lat="41.7005500" lon="13.4318600"></trkpt>
      <trkpt lat="41.7006400" lon="13.4319800"></trkpt>
      <trkpt lat="41.7007100" lon="13.4320600"></trkpt>
      <trkpt lat="41.7007400" lon="13.4321100"></trkpt>
      <trkpt lat="41.7007600" lon="13.4321500"></trkpt>
      <trkpt lat="41.7007900" lon="13.4322100"></trkpt>
      <trkpt lat="41.7008200" lon="13.4322800"></trkpt>
      <trkpt lat="41.7008300" lon="13.4323200"></trkpt>
      <trkpt lat="41.7008600" lon="13.4323900"></trkpt>
      <trkpt lat="41.7008700" lon="13.4324300"></trkpt>
      <trkpt lat="41.7008700" lon="13.4324400"></trkpt>
      <trkpt lat="41.7008800" lon="13.4325000"></trkpt>
      <trkpt lat="41.7008800" lon="13.4326700"></trkpt>
      <trkpt lat="41.7008600" lon="13.4327400"></trkpt>
      <trkpt lat="41.7008400" lon="13.4328000"></trkpt>
      <trkpt lat="41.7008100" lon="13.4328600"></trkpt>
      <trkpt lat="41.7007900" lon="13.4329000"></trkpt>
      <trkpt lat="41.7007600" lon="13.4329500"></trkpt>
      <trkpt lat="41.7007000" lon="13.4330200"></trkpt>
      <trkpt lat="41.7005100" lon="13.4332700"></trkpt>
      <trkpt lat="41.7004300" lon="13.4333400"></trkpt>
      <trkpt lat="41.7003500" lon="13.4334200"></trkpt>
      <trkpt lat="41.7002200" lon="13.4335600"></trkpt>
      <trkpt lat="41.7001900" lon="13.4336000"></trkpt>
      <trkpt lat="41.7001700" lon="13.4336200"></trkpt>
      <trkpt lat="41.6999300" lon="13.4338800"></trkpt>
      <trkpt lat="41.6998800" lon="13.4339300"></trkpt>
      <trkpt lat="41.6997200" lon="13.4340900"></trkpt>
      <trkpt lat="41.6995900" lon="13.4342200"></trkpt>
      <trkpt lat="41.6995300" lon="13.4342900"></trkpt>
      <trkpt lat="41.6992200" lon="13.4346100"></trkpt>
      <trkpt lat="41.6990300" lon="13.4348000"></trkpt>
      <trkpt lat="41.6989200" lon="13.4348900"></trkpt>
      <trkpt lat="41.6988100" lon="13.4349600"></trkpt>
      <trkpt lat="41.6978700" lon="13.4355000"></trkpt>
      <trkpt lat="41.6978100" lon="13.4355300"></trkpt>
      <trkpt lat="41.6975100" lon="13.4356900"></trkpt>
      <trkpt lat="41.6972300" lon="13.4358400"></trkpt>
      <trkpt lat="41.6965300" lon="13.4362100"></trkpt>
      <trkpt lat="41.6963700" lon="13.4363000"></trkpt>
      <trkpt lat="41.6963400" lon="13.4363200"></trkpt>
      <trkpt lat="41.6962500" lon="13.4363700"></trkpt>
      <trkpt lat="41.6960100" lon="13.4365000"></trkpt>
      <trkpt lat="41.6958600" lon="13.4365900"></trkpt>
      <trkpt lat="41.6958000" lon="13.4366200"></trkpt>
      <trkpt lat="41.6957600" lon="13.4366500"></trkpt>
      <trkpt lat="41.6956300" lon="13.4367300"></trkpt>
      <trkpt lat="41.6954400" lon="13.4368400"></trkpt>
      <trkpt lat="41.6954000" lon="13.4368600"></trkpt>
      <trkpt lat="41.6952700" lon="13.4369300"></trkpt>
      <trkpt lat="41.6951800" lon="13.4369800"></trkpt>
      <trkpt lat="41.6950600" lon="13.4370300"></trkpt>
      <trkpt lat="41.6948900" lon="13.4370900"></trkpt>
      <trkpt lat="41.6947600" lon="13.4371300"></trkpt>
      <trkpt lat="41.6947200" lon="13.4371400"></trkpt>
      <trkpt lat="41.6944800" lon="13.4371900"></trkpt>
      <trkpt lat="41.6942300" lon="13.4372300"></trkpt>
      <trkpt lat="41.6940400" lon="13.4372600"></trkpt>
      <trkpt lat="41.6939800" lon="13.4372900"></trkpt>
      <trkpt lat="41.6939200" lon="13.4373200"></trkpt>
      <trkpt lat="41.6938700" lon="13.4373600"></trkpt>
      <trkpt lat="41.6938200" lon="13.4374200"></trkpt>
      <trkpt lat="41.6937700" lon="13.4374900"></trkpt>
      <trkpt lat="41.6937400" lon="13.4375200"></trkpt>
      <trkpt lat="41.6937400" lon="13.4375300"></trkpt>
      <trkpt lat="41.6937200" lon="13.4375700"></trkpt>
      <trkpt lat="41.6936900" lon="13.4376400"></trkpt>
      <trkpt lat="41.6936500" lon="13.4377100"></trkpt>
      <trkpt lat="41.6936400" lon="13.4377400"></trkpt>
      <trkpt lat="41.6935600" lon="13.4379500"></trkpt>
      <trkpt lat="41.6935100" lon="13.4380900"></trkpt>
      <trkpt lat="41.6934300" lon="13.4383500"></trkpt>
      <trkpt lat="41.6934200" lon="13.4383800"></trkpt>
      <trkpt lat="41.6934100" lon="13.4384000"></trkpt>
      <trkpt lat="41.6933400" lon="13.4385700"></trkpt>
      <trkpt lat="41.6932800" lon="13.4387100"></trkpt>
      <trkpt lat="41.6932500" lon="13.4388000"></trkpt>
      <trkpt lat="41.6932100" lon="13.4388900"></trkpt>
      <trkpt lat="41.6932000" lon="13.4389200"></trkpt>
      <trkpt lat="41.6931100" lon="13.4391300"></trkpt>
      <trkpt lat="41.6930700" lon="13.4392200"></trkpt>
      <trkpt lat="41.6930000" lon="13.4393800"></trkpt>
      <trkpt lat="41.6929800" lon="13.4394300"></trkpt>
      <trkpt lat="41.6929200" lon="13.4395400"></trkpt>
      <trkpt lat="41.6929200" lon="13.4395500"></trkpt>
      <trkpt lat="41.6928700" lon="13.4396600"></trkpt>
      <trkpt lat="41.6928200" lon="13.4397700"></trkpt>
      <trkpt lat="41.6927600" lon="13.4398800"></trkpt>
      <trkpt lat="41.6927000" lon="13.4399800"></trkpt>
      <trkpt lat="41.6926600" lon="13.4400700"></trkpt>
      <trkpt lat="41.6925800" lon="13.4401800"></trkpt>
      <trkpt lat="41.6925100" lon="13.4402700"></trkpt>
      <trkpt lat="41.6924200" lon="13.4403600"></trkpt>
      <trkpt lat="41.6922100" lon="13.4405900"></trkpt>
      <trkpt lat="41.6920600" lon="13.4407200"></trkpt>
      <trkpt lat="41.6919500" lon="13.4408100"></trkpt>
      <trkpt lat="41.6918700" lon="13.4408600"></trkpt>
      <trkpt lat="41.6917900" lon="13.4409000"></trkpt>
      <trkpt lat="41.6917000" lon="13.4409300"></trkpt>
      <trkpt lat="41.6916500" lon="13.4409400"></trkpt>
      <trkpt lat="41.6916400" lon="13.4409400"></trkpt>
      <trkpt lat="41.6916000" lon="13.4409400"></trkpt>
      <trkpt lat="41.6915200" lon="13.4409500"></trkpt>
      <trkpt lat="41.6914700" lon="13.4409500"></trkpt>
      <trkpt lat="41.6914100" lon="13.4409500"></trkpt>
      <trkpt lat="41.6913000" lon="13.4409700"></trkpt>
      <trkpt lat="41.6912200" lon="13.4410000"></trkpt>
      <trkpt lat="41.6911500" lon="13.4410300"></trkpt>
      <trkpt lat="41.6910900" lon="13.4410700"></trkpt>
      <trkpt lat="41.6910300" lon="13.4411100"></trkpt>
      <trkpt lat="41.6908800" lon="13.4412300"></trkpt>
      <trkpt lat="41.6908100" lon="13.4413000"></trkpt>
      <trkpt lat="41.6907700" lon="13.4413500"></trkpt>
      <trkpt lat="41.6903300" lon="13.4417800"></trkpt>
      <trkpt lat="41.6900200" lon="13.4420700"></trkpt>
      <trkpt lat="41.6898100" lon="13.4422600"></trkpt>
      <trkpt lat="41.6896800" lon="13.4423800"></trkpt>
      <trkpt lat="41.6895200" lon="13.4425100"></trkpt>
      <trkpt lat="41.6894300" lon="13.4425900"></trkpt>
      <trkpt lat="41.6893500" lon="13.4426400"></trkpt>
      <trkpt lat="41.6892700" lon="13.4426900"></trkpt>
      <trkpt lat="41.6891800" lon="13.4427300"></trkpt>
      <trkpt lat="41.6888500" lon="13.4428600"></trkpt>
      <trkpt lat="41.6884000" lon="13.4429900"></trkpt>
      <trkpt lat="41.6880300" lon="13.4430900"></trkpt>
      <trkpt lat="41.6878000" lon="13.4431600"></trkpt>
      <trkpt lat="41.6877500" lon="13.4431700"></trkpt>
      <trkpt lat="41.6876000" lon="13.4432100"></trkpt>
      <trkpt lat="41.6874800" lon="13.4432300"></trkpt>
      <trkpt lat="41.6873500" lon="13.4432400"></trkpt>
      <trkpt lat="41.6872600" lon="13.4432400"></trkpt>
      <trkpt lat="41.6871700" lon="13.4432300"></trkpt>
      <trkpt lat="41.6868300" lon="13.4431200"></trkpt>
      <trkpt lat="41.6866400" lon="13.4430600"></trkpt>
      <trkpt lat="41.6865400" lon="13.4430300"></trkpt>
      <trkpt lat="41.6864500" lon="13.4430100"></trkpt>
      <trkpt lat="41.6863700" lon="13.4430100"></trkpt>
      <trkpt lat="41.6863000" lon="13.4430200"></trkpt>
      <trkpt lat="41.6862600" lon="13.4430400"></trkpt>
      <trkpt lat="41.6862100" lon="13.4430600"></trkpt>
      <trkpt lat="41.6861800" lon="13.4431000"></trkpt>
      <trkpt lat="41.6861500" lon="13.4431300"></trkpt>
      <trkpt lat="41.6860800" lon="13.4432400"></trkpt>
      <trkpt lat="41.6860100" lon="13.4433600"></trkpt>
      <trkpt lat="41.6858900" lon="13.4436000"></trkpt>
      <trkpt lat="41.6858600" lon="13.4436500"></trkpt>
      <trkpt lat="41.6857200" lon="13.4438800"></trkpt>
      <trkpt lat="41.6856700" lon="13.4439600"></trkpt>
      <trkpt lat="41.6854100" lon="13.4444600"></trkpt>
      <trkpt lat="41.6852300" lon="13.4448700"></trkpt>
      <trkpt lat="41.6852100" lon="13.4449200"></trkpt>
      <trkpt lat="41.6851300" lon="13.4450700"></trkpt>
      <trkpt lat="41.6850900" lon="13.4451700"></trkpt>
      <trkpt lat="41.6850400" lon="13.4452800"></trkpt>
      <trkpt lat="41.6850400" lon="13.4452900"></trkpt>
      <trkpt lat="41.6849900" lon="13.4454000"></trkpt>
      <trkpt lat="41.6849400" lon="13.4454800"></trkpt>
      <trkpt lat="41.6849300" lon="13.4454900"></trkpt>
      <trkpt lat="41.6848700" lon="13.4455800"></trkpt>
      <trkpt lat="41.6848100" lon="13.4456500"></trkpt>
      <trkpt lat="41.6847400" lon="13.4457300"></trkpt>
      <trkpt lat="41.6846700" lon="13.4457900"></trkpt>
      <trkpt lat="41.6846400" lon="13.4458200"></trkpt>
      <trkpt lat="41.6845500" lon="13.4459000"></trkpt>
      <trkpt lat="41.6845200" lon="13.4459300"></trkpt>
      <trkpt lat="41.6845000" lon="13.4459600"></trkpt>
      <trkpt lat="41.6844500" lon="13.4460400"></trkpt>
      <trkpt lat="41.6844300" lon="13.4460900"></trkpt>
      <trkpt lat="41.6844100" lon="13.4461200"></trkpt>
      <trkpt lat="41.6843900" lon="13.4461700"></trkpt>
      <trkpt lat="41.6843800" lon="13.4462200"></trkpt>
      <trkpt lat="41.6843800" lon="13.4463900"></trkpt>
      <trkpt lat="41.6843900" lon="13.4465300"></trkpt>
      <trkpt lat="41.6844000" lon="13.4465900"></trkpt>
      <trkpt lat="41.6844400" lon="13.4468200"></trkpt>
      <trkpt lat="41.6844500" lon="13.4468900"></trkpt>
      <trkpt lat="41.6844500" lon="13.4469300"></trkpt>
      <trkpt lat="41.6844400" lon="13.4469700"></trkpt>
      <trkpt lat="41.6844400" lon="13.4470100"></trkpt>
      <trkpt lat="41.6844200" lon="13.4470600"></trkpt>
      <trkpt lat="41.6844100" lon="13.4470900"></trkpt>
      <trkpt lat="41.6843900" lon="13.4471300"></trkpt>
      <trkpt lat="41.6843500" lon="13.4471900"></trkpt>
      <trkpt lat="41.6842900" lon="13.4472400"></trkpt>
      <trkpt lat="41.6842200" lon="13.4473000"></trkpt>
      <trkpt lat="41.6841400" lon="13.4473400"></trkpt>
      <trkpt lat="41.6839700" lon="13.4474200"></trkpt>
      <trkpt lat="41.6839400" lon="13.4474300"></trkpt>
      <trkpt lat="41.6838000" lon="13.4474900"></trkpt>
      <trkpt lat="41.6836400" lon="13.4475500"></trkpt>
      <trkpt lat="41.6834900" lon="13.4476000"></trkpt>
      <trkpt lat="41.6833200" lon="13.4476700"></trkpt>
      <trkpt lat="41.6831500" lon="13.4477400"></trkpt>
      <trkpt lat="41.6829900" lon="13.4478100"></trkpt>
      <trkpt lat="41.6829800" lon="13.4478100"></trkpt>
      <trkpt lat="41.6828100" lon="13.4478900"></trkpt>
      <trkpt lat="41.6826300" lon="13.4479600"></trkpt>
      <trkpt lat="41.6824900" lon="13.4480200"></trkpt>
      <trkpt lat="41.6824600" lon="13.4480300"></trkpt>
      <trkpt lat="41.6822900" lon="13.4480900"></trkpt>
      <trkpt lat="41.6821200" lon="13.4481400"></trkpt>
      <trkpt lat="41.6821100" lon="13.4481400"></trkpt>
      <trkpt lat="41.6819600" lon="13.4481800"></trkpt>
      <trkpt lat="41.6819400" lon="13.4481900"></trkpt>
      <trkpt lat="41.6814800" lon="13.4482900"></trkpt>
      <trkpt lat="41.6814000" lon="13.4483100"></trkpt>
      <trkpt lat="41.6812300" lon="13.4483500"></trkpt>
      <trkpt lat="41.6811900" lon="13.4483600"></trkpt>
      <trkpt lat="41.6810400" lon="13.4484100"></trkpt>
      <trkpt lat="41.6809700" lon="13.4484300"></trkpt>
      <trkpt lat="41.6809100" lon="13.4484600"></trkpt>
      <trkpt lat="41.6808600" lon="13.4484900"></trkpt>
      <trkpt lat="41.6808100" lon="13.4485200"></trkpt>
      <trkpt lat="41.6807800" lon="13.4485500"></trkpt>
      <trkpt lat="41.6807600" lon="13.4485800"></trkpt>
      <trkpt lat="41.6807500" lon="13.4486300"></trkpt>
      <trkpt lat="41.6804700" lon="13.4488100"></trkpt>
      <trkpt lat="41.6804400" lon="13.4488300"></trkpt>
      <trkpt lat="41.6802700" lon="13.4489300"></trkpt>
      <trkpt lat="41.6801000" lon="13.4490300"></trkpt>
      <trkpt lat="41.6800800" lon="13.4490400"></trkpt>
      <trkpt lat="41.6799400" lon="13.4491100"></trkpt>
      <trkpt lat="41.6797500" lon="13.4492100"></trkpt>
      <trkpt lat="41.6796700" lon="13.4492600"></trkpt>
      <trkpt lat="41.6796000" lon="13.4493200"></trkpt>
      <trkpt lat="41.6794500" lon="13.4494600"></trkpt>
      <trkpt lat="41.6793000" lon="13.4496200"></trkpt>
      <trkpt lat="41.6792500" lon="13.4496700"></trkpt>
      <trkpt lat="41.6789700" lon="13.4499600"></trkpt>
      <trkpt lat="41.6789400" lon="13.4500000"></trkpt>
      <trkpt lat="41.6787000" lon="13.4502800"></trkpt>
      <trkpt lat="41.6786200" lon="13.4503600"></trkpt>
      <trkpt lat="41.6785000" lon="13.4505300"></trkpt>
      <trkpt lat="41.6784300" lon="13.4507100"></trkpt>
      <trkpt lat="41.6784000" lon="13.4508600"></trkpt>
      <trkpt lat="41.6784000" lon="13.4508900"></trkpt>
      <trkpt lat="41.6783900" lon="13.4510900"></trkpt>
      <trkpt lat="41.6783900" lon="13.4511000"></trkpt>
      <trkpt lat="41.6783800" lon="13.4513400"></trkpt>
      <trkpt lat="41.6783700" lon="13.4515800"></trkpt>
      <trkpt lat="41.6783600" lon="13.4520600"></trkpt>
      <trkpt lat="41.6783500" lon="13.4521700"></trkpt>
      <trkpt lat="41.6783000" lon="13.4527800"></trkpt>
      <trkpt lat="41.6782700" lon="13.4532500"></trkpt>
      <trkpt lat="41.6782700" lon="13.4532600"></trkpt>
      <trkpt lat="41.6782400" lon="13.4535000"></trkpt>
      <trkpt lat="41.6782000" lon="13.4539700"></trkpt>
      <trkpt lat="41.6781300" lon="13.4546100"></trkpt>
      <trkpt lat="41.6780700" lon="13.4553700"></trkpt>
      <trkpt lat="41.6780500" lon="13.4556000"></trkpt>
      <trkpt lat="41.6779900" lon="13.4563200"></trkpt>
      <trkpt lat="41.6779000" lon="13.4572400"></trkpt>
      <trkpt lat="41.6778700" lon="13.4575300"></trkpt>
      <trkpt lat="41.6775500" lon="13.4585600"></trkpt>
      <trkpt lat="41.6771900" lon="13.4597100"></trkpt>
      <trkpt lat="41.6769900" lon="13.4603400"></trkpt>
      <trkpt lat="41.6769000" lon="13.4606400"></trkpt>
      <trkpt lat="41.6767000" lon="13.4612900"></trkpt>
      <trkpt lat="41.6766200" lon="13.4615400"></trkpt>
      <trkpt lat="41.6765500" lon="13.4617600"></trkpt>
      <trkpt lat="41.6764800" lon="13.4619800"></trkpt>
      <trkpt lat="41.6761100" lon="13.4631800"></trkpt>
      <trkpt lat="41.6760500" lon="13.4633700"></trkpt>
      <trkpt lat="41.6760500" lon="13.4633800"></trkpt>
      <trkpt lat="41.6759400" lon="13.4637600"></trkpt>
      <trkpt lat="41.6758800" lon="13.4639400"></trkpt>
      <trkpt lat="41.6758100" lon="13.4640700"></trkpt>
      <trkpt lat="41.6755800" lon="13.4643800"></trkpt>
      <trkpt lat="41.6754700" lon="13.4645300"></trkpt>
      <trkpt lat="41.6752000" lon="13.4649200"></trkpt>
      <trkpt lat="41.6750500" lon="13.4651300"></trkpt>
      <trkpt lat="41.6748400" lon="13.4654300"></trkpt>
      <trkpt lat="41.6745700" lon="13.4658200"></trkpt>
      <trkpt lat="41.6743800" lon="13.4661000"></trkpt>
      <trkpt lat="41.6743400" lon="13.4661600"></trkpt>
      <trkpt lat="41.6742900" lon="13.4662600"></trkpt>
      <trkpt lat="41.6741500" lon="13.4664100"></trkpt>
      <trkpt lat="41.6741500" lon="13.4666100"></trkpt>
      <trkpt lat="41.6741900" lon="13.4667800"></trkpt>
      <trkpt lat="41.6742100" lon="13.4670300"></trkpt>
      <trkpt lat="41.6742300" lon="13.4672400"></trkpt>
      <trkpt lat="41.6743300" lon="13.4677300"></trkpt>
      <trkpt lat="41.6744600" lon="13.4684300"></trkpt>
      <trkpt lat="41.6745000" lon="13.4686600"></trkpt>
      <trkpt lat="41.6745300" lon="13.4688000"></trkpt>
      <trkpt lat="41.6745400" lon="13.4688900"></trkpt>
      <trkpt lat="41.6745400" lon="13.4689000"></trkpt>
      <trkpt lat="41.6745600" lon="13.4689800"></trkpt>
      <trkpt lat="41.6745800" lon="13.4691300"></trkpt>
      <trkpt lat="41.6746200" lon="13.4693700"></trkpt>
      <trkpt lat="41.6746600" lon="13.4696000"></trkpt>
      <trkpt lat="41.6748200" lon="13.4705400"></trkpt>
      <trkpt lat="41.6749500" lon="13.4712400"></trkpt>
      <trkpt lat="41.6750200" lon="13.4716800"></trkpt>
      <trkpt lat="41.6750400" lon="13.4718100"></trkpt>
      <trkpt lat="41.6750900" lon="13.4721000"></trkpt>
      <trkpt lat="41.6751300" lon="13.4723800"></trkpt>
      <trkpt lat="41.6751400" lon="13.4724200"></trkpt>
      <trkpt lat="41.6751500" lon="13.4724900"></trkpt>
      <trkpt lat="41.6752000" lon="13.4727200"></trkpt>
      <trkpt lat="41.6752900" lon="13.4732300"></trkpt>
      <trkpt lat="41.6753800" lon="13.4738500"></trkpt>
      <trkpt lat="41.6753900" lon="13.4739400"></trkpt>
      <trkpt lat="41.6754200" lon="13.4743000"></trkpt>
      <trkpt lat="41.6753800" lon="13.4746400"></trkpt>
      <trkpt lat="41.6753800" lon="13.4746700"></trkpt>
      <trkpt lat="41.6753600" lon="13.4747700"></trkpt>
      <trkpt lat="41.6753200" lon="13.4749500"></trkpt>
      <trkpt lat="41.6753100" lon="13.4749700"></trkpt>
      <trkpt lat="41.6751800" lon="13.4754100"></trkpt>
      <trkpt lat="41.6750600" lon="13.4758800"></trkpt>
      <trkpt lat="41.6750400" lon="13.4759700"></trkpt>
      <trkpt lat="41.6750100" lon="13.4761100"></trkpt>
      <trkpt lat="41.6749700" lon="13.4762300"></trkpt>
      <trkpt lat="41.6749700" lon="13.4762400"></trkpt>
      <trkpt lat="41.6746900" lon="13.4772000"></trkpt>
      <trkpt lat="41.6745100" lon="13.4778800"></trkpt>
      <trkpt lat="41.6742700" lon="13.4787400"></trkpt>
      <trkpt lat="41.6742200" lon="13.4789700"></trkpt>
      <trkpt lat="41.6741600" lon="13.4792600"></trkpt>
      <trkpt lat="41.6740800" lon="13.4797700"></trkpt>
      <trkpt lat="41.6740300" lon="13.4799600"></trkpt>
      <trkpt lat="41.6740000" lon="13.4800800"></trkpt>
      <trkpt lat="41.6738600" lon="13.4804300"></trkpt>
      <trkpt lat="41.6737400" lon="13.4806200"></trkpt>
      <trkpt lat="41.6735300" lon="13.4808600"></trkpt>
      <trkpt lat="41.6733800" lon="13.4810300"></trkpt>
      <trkpt lat="41.6732400" lon="13.4812500"></trkpt>
      <trkpt lat="41.6731500" lon="13.4814500"></trkpt>
      <trkpt lat="41.6730900" lon="13.4815900"></trkpt>
      <trkpt lat="41.6730700" lon="13.4816600"></trkpt>
      <trkpt lat="41.6730700" lon="13.4816700"></trkpt>
      <trkpt lat="41.6729900" lon="13.4818800"></trkpt>
      <trkpt lat="41.6729100" lon="13.4822500"></trkpt>
      <trkpt lat="41.6728100" lon="13.4827400"></trkpt>
      <trkpt lat="41.6727800" lon="13.4828700"></trkpt>
      <trkpt lat="41.6727700" lon="13.4829200"></trkpt>
      <trkpt lat="41.6726300" lon="13.4835300"></trkpt>
      <trkpt lat="41.6725700" lon="13.4837800"></trkpt>
      <trkpt lat="41.6725300" lon="13.4839600"></trkpt>
      <trkpt lat="41.6724700" lon="13.4842500"></trkpt>
      <trkpt lat="41.6724200" lon="13.4844800"></trkpt>
      <trkpt lat="41.6723600" lon="13.4847800"></trkpt>
      <trkpt lat="41.6722000" lon="13.4854200"></trkpt>
      <trkpt lat="41.6721000" lon="13.4856100"></trkpt>
      <trkpt lat="41.6720400" lon="13.4856700"></trkpt>
      <trkpt lat="41.6717700" lon="13.4859600"></trkpt>
      <trkpt lat="41.6717500" lon="13.4859800"></trkpt>
      <trkpt lat="41.6716800" lon="13.4860300"></trkpt>
      <trkpt lat="41.6715300" lon="13.4861000"></trkpt>
      <trkpt lat="41.6715000" lon="13.4861100"></trkpt>
      <trkpt lat="41.6711500" lon="13.4862100"></trkpt>
      <trkpt lat="41.6709800" lon="13.4862700"></trkpt>
      <trkpt lat="41.6709100" lon="13.4863200"></trkpt>
      <trkpt lat="41.6707600" lon="13.4864300"></trkpt>
      <trkpt lat="41.6706600" lon="13.4865400"></trkpt>
      <trkpt lat="41.6705600" lon="13.4866900"></trkpt>
      <trkpt lat="41.6705500" lon="13.4867000"></trkpt>
      <trkpt lat="41.6704600" lon="13.4869000"></trkpt>
      <trkpt lat="41.6703900" lon="13.4870600"></trkpt>
      <trkpt lat="41.6701500" lon="13.4877600"></trkpt>
      <trkpt lat="41.6701300" lon="13.4878300"></trkpt>
      <trkpt lat="41.6700900" lon="13.4879400"></trkpt>
      <trkpt lat="41.6699800" lon="13.4881400"></trkpt>
      <trkpt lat="41.6699500" lon="13.4882000"></trkpt>
      <trkpt lat="41.6698700" lon="13.4883300"></trkpt>
      <trkpt lat="41.6698500" lon="13.4883600"></trkpt>
      <trkpt lat="41.6697500" lon="13.4885000"></trkpt>
      <trkpt lat="41.6696600" lon="13.4886300"></trkpt>
      <trkpt lat="41.6696200" lon="13.4886800"></trkpt>
      <trkpt lat="41.6695500" lon="13.4887700"></trkpt>
      <trkpt lat="41.6695000" lon="13.4888500"></trkpt>
      <trkpt lat="41.6693800" lon="13.4890300"></trkpt>
      <trkpt lat="41.6692900" lon="13.4892400"></trkpt>
      <trkpt lat="41.6692800" lon="13.4892700"></trkpt>
      <trkpt lat="41.6692500" lon="13.4894100"></trkpt>
      <trkpt lat="41.6692200" lon="13.4895400"></trkpt>
      <trkpt lat="41.6692200" lon="13.4897900"></trkpt>
      <trkpt lat="41.6692400" lon="13.4899500"></trkpt>
      <trkpt lat="41.6692800" lon="13.4900800"></trkpt>
      <trkpt lat="41.6694600" lon="13.4905300"></trkpt>
      <trkpt lat="41.6695400" lon="13.4907100"></trkpt>
      <trkpt lat="41.6695700" lon="13.4908000"></trkpt>
      <trkpt lat="41.6696200" lon="13.4909200"></trkpt>
      <trkpt lat="41.6696300" lon="13.4909400"></trkpt>
      <trkpt lat="41.6697100" lon="13.4911300"></trkpt>
      <trkpt lat="41.6697200" lon="13.4911500"></trkpt>
      <trkpt lat="41.6698400" lon="13.4914400"></trkpt>
      <trkpt lat="41.6698800" lon="13.4915500"></trkpt>
      <trkpt lat="41.6699200" lon="13.4916500"></trkpt>
      <trkpt lat="41.6699500" lon="13.4917200"></trkpt>
      <trkpt lat="41.6699700" lon="13.4918000"></trkpt>
      <trkpt lat="41.6700100" lon="13.4919600"></trkpt>
      <trkpt lat="41.6700500" lon="13.4921700"></trkpt>
      <trkpt lat="41.6700800" lon="13.4924000"></trkpt>
      <trkpt lat="41.6700900" lon="13.4926400"></trkpt>
      <trkpt lat="41.6700600" lon="13.4941800"></trkpt>
      <trkpt lat="41.6700600" lon="13.4942500"></trkpt>
      <trkpt lat="41.6700500" lon="13.4944200"></trkpt>
      <trkpt lat="41.6700500" lon="13.4946600"></trkpt>
      <trkpt lat="41.6700300" lon="13.4951800"></trkpt>
      <trkpt lat="41.6700400" lon="13.4952100"></trkpt>
      <trkpt lat="41.6700400" lon="13.4959500"></trkpt>
      <trkpt lat="41.6700500" lon="13.4961800"></trkpt>
      <trkpt lat="41.6700500" lon="13.4962300"></trkpt>
      <trkpt lat="41.6700600" lon="13.4964100"></trkpt>
      <trkpt lat="41.6700700" lon="13.4964300"></trkpt>
      <trkpt lat="41.6701300" lon="13.4971800"></trkpt>
      <trkpt lat="41.6701500" lon="13.4973700"></trkpt>
      <trkpt lat="41.6701600" lon="13.4974300"></trkpt>
      <trkpt lat="41.6701600" lon="13.4974900"></trkpt>
      <trkpt lat="41.6701800" lon="13.4976200"></trkpt>
      <trkpt lat="41.6702100" lon="13.4979000"></trkpt>
      <trkpt lat="41.6702400" lon="13.4981500"></trkpt>
      <trkpt lat="41.6702900" lon="13.4988700"></trkpt>
      <trkpt lat="41.6703100" lon="13.4992500"></trkpt>
      <trkpt lat="41.6703700" lon="13.4997200"></trkpt>
      <trkpt lat="41.6704000" lon="13.5000500"></trkpt>
      <trkpt lat="41.6704200" lon="13.5003400"></trkpt>
      <trkpt lat="41.6704300" lon="13.5004900"></trkpt>
      <trkpt lat="41.6704700" lon="13.5009000"></trkpt>
      <trkpt lat="41.6704800" lon="13.5010100"></trkpt>
      <trkpt lat="41.6705200" lon="13.5015200"></trkpt>
      <trkpt lat="41.6705500" lon="13.5019900"></trkpt>
      <trkpt lat="41.6705500" lon="13.5020600"></trkpt>
      <trkpt lat="41.6706000" lon="13.5026300"></trkpt>
      <trkpt lat="41.6706000" lon="13.5026500"></trkpt>
      <trkpt lat="41.6706300" lon="13.5029900"></trkpt>
      <trkpt lat="41.6706400" lon="13.5032600"></trkpt>
      <trkpt lat="41.6707300" lon="13.5041700"></trkpt>
      <trkpt lat="41.6708300" lon="13.5052400"></trkpt>
      <trkpt lat="41.6708300" lon="13.5053100"></trkpt>
      <trkpt lat="41.6708500" lon="13.5055200"></trkpt>
      <trkpt lat="41.6708700" lon="13.5057800"></trkpt>
      <trkpt lat="41.6708700" lon="13.5058000"></trkpt>
      <trkpt lat="41.6709000" lon="13.5062200"></trkpt>
      <trkpt lat="41.6709000" lon="13.5062300"></trkpt>
      <trkpt lat="41.6709300" lon="13.5065100"></trkpt>
      <trkpt lat="41.6709400" lon="13.5066000"></trkpt>
      <trkpt lat="41.6709500" lon="13.5067500"></trkpt>
      <trkpt lat="41.6709700" lon="13.5069900"></trkpt>
      <trkpt lat="41.6709700" lon="13.5070000"></trkpt>
      <trkpt lat="41.6709800" lon="13.5071400"></trkpt>
      <trkpt lat="41.6709900" lon="13.5072300"></trkpt>
      <trkpt lat="41.6710200" lon="13.5075900"></trkpt>
      <trkpt lat="41.6710700" lon="13.5082100"></trkpt>
      <trkpt lat="41.6710900" lon="13.5084300"></trkpt>
      <trkpt lat="41.6710900" lon="13.5084400"></trkpt>
      <trkpt lat="41.6711100" lon="13.5086700"></trkpt>
      <trkpt lat="41.6711100" lon="13.5086800"></trkpt>
      <trkpt lat="41.6711300" lon="13.5089100"></trkpt>
      <trkpt lat="41.6711300" lon="13.5089200"></trkpt>
      <trkpt lat="41.6711400" lon="13.5090900"></trkpt>
      <trkpt lat="41.6711600" lon="13.5094600"></trkpt>
      <trkpt lat="41.6711600" lon="13.5095100"></trkpt>
      <trkpt lat="41.6711900" lon="13.5098400"></trkpt>
      <trkpt lat="41.6712700" lon="13.5101000"></trkpt>
      <trkpt lat="41.6713100" lon="13.5102500"></trkpt>
      <trkpt lat="41.6714400" lon="13.5105900"></trkpt>
      <trkpt lat="41.6714500" lon="13.5106400"></trkpt>
      <trkpt lat="41.6714700" lon="13.5106800"></trkpt>
      <trkpt lat="41.6715600" lon="13.5109000"></trkpt>
      <trkpt lat="41.6716000" lon="13.5110100"></trkpt>
      <trkpt lat="41.6716400" lon="13.5111400"></trkpt>
      <trkpt lat="41.6716400" lon="13.5111600"></trkpt>
      <trkpt lat="41.6716600" lon="13.5112600"></trkpt>
      <trkpt lat="41.6716800" lon="13.5113600"></trkpt>
      <trkpt lat="41.6716900" lon="13.5114900"></trkpt>
      <trkpt lat="41.6717000" lon="13.5117000"></trkpt>
      <trkpt lat="41.6716900" lon="13.5117300"></trkpt>
      <trkpt lat="41.6716900" lon="13.5118700"></trkpt>
      <trkpt lat="41.6716800" lon="13.5119100"></trkpt>
      <trkpt lat="41.6716600" lon="13.5122200"></trkpt>
      <trkpt lat="41.6716500" lon="13.5123200"></trkpt>
      <trkpt lat="41.6716600" lon="13.5124000"></trkpt>
      <trkpt lat="41.6716800" lon="13.5125000"></trkpt>
      <trkpt lat="41.6717000" lon="13.5125600"></trkpt>
      <trkpt lat="41.6717300" lon="13.5126200"></trkpt>
      <trkpt lat="41.6717800" lon="13.5127300"></trkpt>
      <trkpt lat="41.6720300" lon="13.5130700"></trkpt>
      <trkpt lat="41.6721200" lon="13.5132100"></trkpt>
      <trkpt lat="41.6723400" lon="13.5135000"></trkpt>
      <trkpt lat="41.6725200" lon="13.5137400"></trkpt>
      <trkpt lat="41.6726400" lon="13.5139100"></trkpt>
      <trkpt lat="41.6730200" lon="13.5144000"></trkpt>
      <trkpt lat="41.6732500" lon="13.5147300"></trkpt>
      <trkpt lat="41.6732800" lon="13.5147700"></trkpt>
      <trkpt lat="41.6733300" lon="13.5148300"></trkpt>
      <trkpt lat="41.6734800" lon="13.5150100"></trkpt>
      <trkpt lat="41.6735100" lon="13.5150500"></trkpt>
      <trkpt lat="41.6735600" lon="13.5151000"></trkpt>
      <trkpt lat="41.6736300" lon="13.5151500"></trkpt>
      <trkpt lat="41.6736800" lon="13.5152000"></trkpt>
      <trkpt lat="41.6739300" lon="13.5154400"></trkpt>
      <trkpt lat="41.6739400" lon="13.5154500"></trkpt>
      <trkpt lat="41.6740900" lon="13.5155800"></trkpt>
      <trkpt lat="41.6743900" lon="13.5158400"></trkpt>
      <trkpt lat="41.6745500" lon="13.5159800"></trkpt>
      <trkpt lat="41.6747000" lon="13.5161100"></trkpt>
      <trkpt lat="41.6747600" lon="13.5161500"></trkpt>
      <trkpt lat="41.6750700" lon="13.5164300"></trkpt>
      <trkpt lat="41.6752100" lon="13.5165600"></trkpt>
      <trkpt lat="41.6752900" lon="13.5166400"></trkpt>
      <trkpt lat="41.6755800" lon="13.5169600"></trkpt>
      <trkpt lat="41.6758000" lon="13.5173000"></trkpt>
      <trkpt lat="41.6761100" lon="13.5177800"></trkpt>
      <trkpt lat="41.6761400" lon="13.5178200"></trkpt>
      <trkpt lat="41.6762600" lon="13.5179900"></trkpt>
      <trkpt lat="41.6768400" lon="13.5188700"></trkpt>
      <trkpt lat="41.6769400" lon="13.5190300"></trkpt>
      <trkpt lat="41.6769700" lon="13.5190700"></trkpt>
      <trkpt lat="41.6770500" lon="13.5192400"></trkpt>
      <trkpt lat="41.6771000" lon="13.5193300"></trkpt>
      <trkpt lat="41.6771900" lon="13.5196600"></trkpt>
      <trkpt lat="41.6772300" lon="13.5199300"></trkpt>
      <trkpt lat="41.6772500" lon="13.5201400"></trkpt>
      <trkpt lat="41.6772500" lon="13.5202100"></trkpt>
      <trkpt lat="41.6772600" lon="13.5203300"></trkpt>
      <trkpt lat="41.6772600" lon="13.5213500"></trkpt>
      <trkpt lat="41.6772500" lon="13.5216200"></trkpt>
      <trkpt lat="41.6772500" lon="13.5216600"></trkpt>
      <trkpt lat="41.6772800" lon="13.5218600"></trkpt>
      <trkpt lat="41.6772800" lon="13.5218700"></trkpt>
      <trkpt lat="41.6773100" lon="13.5220400"></trkpt>
      <trkpt lat="41.6773800" lon="13.5222500"></trkpt>
      <trkpt lat="41.6774700" lon="13.5224700"></trkpt>
      <trkpt lat="41.6777000" lon="13.5229000"></trkpt>
      <trkpt lat="41.6780100" lon="13.5234900"></trkpt>
      <trkpt lat="41.6780600" lon="13.5236000"></trkpt>
      <trkpt lat="41.6781500" lon="13.5237800"></trkpt>
      <trkpt lat="41.6782000" lon="13.5239000"></trkpt>
      <trkpt lat="41.6782300" lon="13.5239500"></trkpt>
      <trkpt lat="41.6783600" lon="13.5242400"></trkpt>
      <trkpt lat="41.6785600" lon="13.5246400"></trkpt>
      <trkpt lat="41.6786600" lon="13.5248400"></trkpt>
      <trkpt lat="41.6786900" lon="13.5248900"></trkpt>
      <trkpt lat="41.6787900" lon="13.5251100"></trkpt>
      <trkpt lat="41.6790900" lon="13.5257400"></trkpt>
      <trkpt lat="41.6793100" lon="13.5262200"></trkpt>
      <trkpt lat="41.6794600" lon="13.5265300"></trkpt>
      <trkpt lat="41.6795900" lon="13.5267900"></trkpt>
      <trkpt lat="41.6800500" lon="13.5277200"></trkpt>
      <trkpt lat="41.6802800" lon="13.5281800"></trkpt>
      <trkpt lat="41.6803800" lon="13.5283900"></trkpt>
      <trkpt lat="41.6804000" lon="13.5284400"></trkpt>
      <trkpt lat="41.6804400" lon="13.5285400"></trkpt>
      <trkpt lat="41.6804900" lon="13.5286400"></trkpt>
      <trkpt lat="41.6805200" lon="13.5287500"></trkpt>
      <trkpt lat="41.6805400" lon="13.5288300"></trkpt>
      <trkpt lat="41.6805600" lon="13.5289200"></trkpt>
      <trkpt lat="41.6805600" lon="13.5289700"></trkpt>
      <trkpt lat="41.6806200" lon="13.5292300"></trkpt>
      <trkpt lat="41.6806600" lon="13.5294500"></trkpt>
      <trkpt lat="41.6807000" lon="13.5296800"></trkpt>
      <trkpt lat="41.6807500" lon="13.5299400"></trkpt>
      <trkpt lat="41.6807800" lon="13.5301100"></trkpt>
      <trkpt lat="41.6808600" lon="13.5305100"></trkpt>
      <trkpt lat="41.6809600" lon="13.5310200"></trkpt>
      <trkpt lat="41.6810200" lon="13.5313100"></trkpt>
      <trkpt lat="41.6810500" lon="13.5314900"></trkpt>
      <trkpt lat="41.6811100" lon="13.5317800"></trkpt>
      <trkpt lat="41.6811800" lon="13.5321400"></trkpt>
      <trkpt lat="41.6812100" lon="13.5322800"></trkpt>
      <trkpt lat="41.6812300" lon="13.5323500"></trkpt>
      <trkpt lat="41.6812800" lon="13.5325600"></trkpt>
      <trkpt lat="41.6813300" lon="13.5328200"></trkpt>
      <trkpt lat="41.6813400" lon="13.5329100"></trkpt>
      <trkpt lat="41.6813600" lon="13.5330400"></trkpt>
      <trkpt lat="41.6813600" lon="13.5331400"></trkpt>
      <trkpt lat="41.6813500" lon="13.5332700"></trkpt>
      <trkpt lat="41.6813000" lon="13.5334100"></trkpt>
      <trkpt lat="41.6812200" lon="13.5335200"></trkpt>
      <trkpt lat="41.6811100" lon="13.5336300"></trkpt>
      <trkpt lat="41.6810600" lon="13.5336900"></trkpt>
      <trkpt lat="41.6810400" lon="13.5337000"></trkpt>
      <trkpt lat="41.6809600" lon="13.5337600"></trkpt>
      <trkpt lat="41.6809000" lon="13.5338100"></trkpt>
      <trkpt lat="41.6808100" lon="13.5338800"></trkpt>
      <trkpt lat="41.6807500" lon="13.5339300"></trkpt>
      <trkpt lat="41.6805000" lon="13.5341300"></trkpt>
      <trkpt lat="41.6803400" lon="13.5342500"></trkpt>
      <trkpt lat="41.6797100" lon="13.5346400"></trkpt>
      <trkpt lat="41.6795300" lon="13.5347600"></trkpt>
      <trkpt lat="41.6794000" lon="13.5348900"></trkpt>
      <trkpt lat="41.6793700" lon="13.5349100"></trkpt>
      <trkpt lat="41.6793000" lon="13.5350500"></trkpt>
      <trkpt lat="41.6791800" lon="13.5352100"></trkpt>
      <trkpt lat="41.6791000" lon="13.5354100"></trkpt>
      <trkpt lat="41.6790500" lon="13.5355800"></trkpt>
      <trkpt lat="41.6789800" lon="13.5358700"></trkpt>
      <trkpt lat="41.6789600" lon="13.5359800"></trkpt>
      <trkpt lat="41.6789100" lon="13.5363400"></trkpt>
      <trkpt lat="41.6789100" lon="13.5363900"></trkpt>
      <trkpt lat="41.6788800" lon="13.5365800"></trkpt>
      <trkpt lat="41.6787700" lon="13.5374500"></trkpt>
      <trkpt lat="41.6787200" lon="13.5378800"></trkpt>
      <trkpt lat="41.6787100" lon="13.5379500"></trkpt>
      <trkpt lat="41.6787000" lon="13.5381700"></trkpt>
      <trkpt lat="41.6786700" lon="13.5384500"></trkpt>
      <trkpt lat="41.6786700" lon="13.5388500"></trkpt>
      <trkpt lat="41.6787000" lon="13.5390800"></trkpt>
      <trkpt lat="41.6787100" lon="13.5391600"></trkpt>
      <trkpt lat="41.6787800" lon="13.5396200"></trkpt>
      <trkpt lat="41.6788400" lon="13.5400000"></trkpt>
      <trkpt lat="41.6788500" lon="13.5400900"></trkpt>
      <trkpt lat="41.6789300" lon="13.5405300"></trkpt>
      <trkpt lat="41.6789500" lon="13.5406400"></trkpt>
      <trkpt lat="41.6789800" lon="13.5407800"></trkpt>
      <trkpt lat="41.6790400" lon="13.5409100"></trkpt>
      <trkpt lat="41.6791300" lon="13.5410900"></trkpt>
      <trkpt lat="41.6794100" lon="13.5416200"></trkpt>
      <trkpt lat="41.6794500" lon="13.5417000"></trkpt>
      <trkpt lat="41.6795000" lon="13.5418300"></trkpt>
      <trkpt lat="41.6796000" lon="13.5420300"></trkpt>
      <trkpt lat="41.6796200" lon="13.5420900"></trkpt>
      <trkpt lat="41.6797200" lon="13.5423400"></trkpt>
      <trkpt lat="41.6798000" lon="13.5426000"></trkpt>
      <trkpt lat="41.6799800" lon="13.5432400"></trkpt>
      <trkpt lat="41.6800000" lon="13.5433000"></trkpt>
      <trkpt lat="41.6800300" lon="13.5434700"></trkpt>
      <trkpt lat="41.6800700" lon="13.5436900"></trkpt>
      <trkpt lat="41.6800800" lon="13.5437400"></trkpt>
      <trkpt lat="41.6801900" lon="13.5442200"></trkpt>
      <trkpt lat="41.6802400" lon="13.5444500"></trkpt>
      <trkpt lat="41.6803200" lon="13.5448500"></trkpt>
      <trkpt lat="41.6803300" lon="13.5449000"></trkpt>
      <trkpt lat="41.6803600" lon="13.5450400"></trkpt>
      <trkpt lat="41.6803600" lon="13.5453300"></trkpt>
      <trkpt lat="41.6803400" lon="13.5454600"></trkpt>
      <trkpt lat="41.6803200" lon="13.5455800"></trkpt>
      <trkpt lat="41.6802900" lon="13.5456400"></trkpt>
      <trkpt lat="41.6802100" lon="13.5458100"></trkpt>
      <trkpt lat="41.6801900" lon="13.5458700"></trkpt>
      <trkpt lat="41.6800800" lon="13.5460300"></trkpt>
      <trkpt lat="41.6799600" lon="13.5462100"></trkpt>
      <trkpt lat="41.6797400" lon="13.5465400"></trkpt>
      <trkpt lat="41.6796200" lon="13.5467200"></trkpt>
      <trkpt lat="41.6793600" lon="13.5470700"></trkpt>
      <trkpt lat="41.6793600" lon="13.5470800"></trkpt>
      <trkpt lat="41.6791600" lon="13.5472900"></trkpt>
      <trkpt lat="41.6789400" lon="13.5474500"></trkpt>
      <trkpt lat="41.6789100" lon="13.5474600"></trkpt>
      <trkpt lat="41.6787400" lon="13.5475400"></trkpt>
      <trkpt lat="41.6785700" lon="13.5476200"></trkpt>
      <trkpt lat="41.6785500" lon="13.5476300"></trkpt>
      <trkpt lat="41.6784000" lon="13.5476800"></trkpt>
      <trkpt lat="41.6782300" lon="13.5477500"></trkpt>
      <trkpt lat="41.6781100" lon="13.5477900"></trkpt>
      <trkpt lat="41.6780500" lon="13.5478100"></trkpt>
      <trkpt lat="41.6778800" lon="13.5478700"></trkpt>
      <trkpt lat="41.6778500" lon="13.5478800"></trkpt>
      <trkpt lat="41.6777100" lon="13.5479600"></trkpt>
      <trkpt lat="41.6776500" lon="13.5480200"></trkpt>
      <trkpt lat="41.6775600" lon="13.5480900"></trkpt>
      <trkpt lat="41.6775100" lon="13.5481600"></trkpt>
      <trkpt lat="41.6774700" lon="13.5482100"></trkpt>
      <trkpt lat="41.6774000" lon="13.5483500"></trkpt>
      <trkpt lat="41.6773900" lon="13.5483800"></trkpt>
      <trkpt lat="41.6773200" lon="13.5485700"></trkpt>
      <trkpt lat="41.6773200" lon="13.5486000"></trkpt>
      <trkpt lat="41.6772700" lon="13.5488000"></trkpt>
      <trkpt lat="41.6772500" lon="13.5489100"></trkpt>
      <trkpt lat="41.6772400" lon="13.5490400"></trkpt>
      <trkpt lat="41.6771300" lon="13.5499200"></trkpt>
      <trkpt lat="41.6770000" lon="13.5503700"></trkpt>
      <trkpt lat="41.6769700" lon="13.5505000"></trkpt>
      <trkpt lat="41.6769600" lon="13.5506100"></trkpt>
      <trkpt lat="41.6769700" lon="13.5507800"></trkpt>
      <trkpt lat="41.6770700" lon="13.5511500"></trkpt>
      <trkpt lat="41.6771100" lon="13.5513000"></trkpt>
      <trkpt lat="41.6771300" lon="13.5513800"></trkpt>
      <trkpt lat="41.6773000" lon="13.5520800"></trkpt>
      <trkpt lat="41.6774800" lon="13.5528100"></trkpt>
      <trkpt lat="41.6775100" lon="13.5529000"></trkpt>
      <trkpt lat="41.6775700" lon="13.5531600"></trkpt>
      <trkpt lat="41.6776900" lon="13.5536300"></trkpt>
      <trkpt lat="41.6777500" lon="13.5538800"></trkpt>
      <trkpt lat="41.6778100" lon="13.5540200"></trkpt>
      <trkpt lat="41.6778400" lon="13.5541100"></trkpt>
      <trkpt lat="41.6780000" lon="13.5545000"></trkpt>
      <trkpt lat="41.6780500" lon="13.5545900"></trkpt>
      <trkpt lat="41.6782300" lon="13.5548300"></trkpt>
      <trkpt lat="41.6783100" lon="13.5549500"></trkpt>
      <trkpt lat="41.6783900" lon="13.5550900"></trkpt>
      <trkpt lat="41.6784900" lon="13.5552500"></trkpt>
      <trkpt lat="41.6785000" lon="13.5552700"></trkpt>
      <trkpt lat="41.6786000" lon="13.5554600"></trkpt>
      <trkpt lat="41.6786800" lon="13.5556300"></trkpt>
      <trkpt lat="41.6787000" lon="13.5557200"></trkpt>
      <trkpt lat="41.6787400" lon="13.5558900"></trkpt>
      <trkpt lat="41.6787400" lon="13.5559200"></trkpt>
      <trkpt lat="41.6787900" lon="13.5561900"></trkpt>
      <trkpt lat="41.6788600" lon="13.5566100"></trkpt>
      <trkpt lat="41.6788700" lon="13.5566900"></trkpt>
      <trkpt lat="41.6789000" lon="13.5569000"></trkpt>
      <trkpt lat="41.6790100" lon="13.5575500"></trkpt>
      <trkpt lat="41.6790700" lon="13.5578600"></trkpt>
      <trkpt lat="41.6791200" lon="13.5581800"></trkpt>
      <trkpt lat="41.6792300" lon="13.5587900"></trkpt>
      <trkpt lat="41.6793100" lon="13.5592000"></trkpt>
      <trkpt lat="41.6793300" lon="13.5593300"></trkpt>
      <trkpt lat="41.6793700" lon="13.5594800"></trkpt>
      <trkpt lat="41.6794000" lon="13.5596900"></trkpt>
      <trkpt lat="41.6794500" lon="13.5599900"></trkpt>
      <trkpt lat="41.6794700" lon="13.5601300"></trkpt>
      <trkpt lat="41.6795000" lon="13.5603200"></trkpt>
      <trkpt lat="41.6795700" lon="13.5607100"></trkpt>
      <trkpt lat="41.6796400" lon="13.5611000"></trkpt>
      <trkpt lat="41.6796700" lon="13.5613000"></trkpt>
      <trkpt lat="41.6797000" lon="13.5615000"></trkpt>
      <trkpt lat="41.6797500" lon="13.5617600"></trkpt>
      <trkpt lat="41.6797800" lon="13.5620500"></trkpt>
      <trkpt lat="41.6798000" lon="13.5621800"></trkpt>
      <trkpt lat="41.6798100" lon="13.5621900"></trkpt>
      <trkpt lat="41.6798100" lon="13.5622300"></trkpt>
      <trkpt lat="41.6798400" lon="13.5623700"></trkpt>
      <trkpt lat="41.6798700" lon="13.5625800"></trkpt>
      <trkpt lat="41.6798800" lon="13.5626100"></trkpt>
      <trkpt lat="41.6799000" lon="13.5627800"></trkpt>
      <trkpt lat="41.6798900" lon="13.5627900"></trkpt>
      <trkpt lat="41.6798900" lon="13.5628000"></trkpt>
      <trkpt lat="41.6798800" lon="13.5628000"></trkpt>
      <trkpt lat="41.6798800" lon="13.5628200"></trkpt>
      <trkpt lat="41.6798700" lon="13.5628200"></trkpt>
      <trkpt lat="41.6798700" lon="13.5628500"></trkpt>
      <trkpt lat="41.6798100" lon="13.5629000"></trkpt>
      <trkpt lat="41.6796900" lon="13.5629900"></trkpt>
      <trkpt lat="41.6796200" lon="13.5630200"></trkpt>
      <trkpt lat="41.6795800" lon="13.5630400"></trkpt>
      <trkpt lat="41.6793700" lon="13.5631400"></trkpt>
      <trkpt lat="41.6792500" lon="13.5632000"></trkpt>
      <trkpt lat="41.6791500" lon="13.5632700"></trkpt>
      <trkpt lat="41.6788300" lon="13.5634600"></trkpt>
      <trkpt lat="41.6785100" lon="13.5636500"></trkpt>
      <trkpt lat="41.6783500" lon="13.5637500"></trkpt>
      <trkpt lat="41.6772300" lon="13.5644700"></trkpt>
      <trkpt lat="41.6764400" lon="13.5648800"></trkpt>
      <trkpt lat="41.6762200" lon="13.5650100"></trkpt>
      <trkpt lat="41.6760100" lon="13.5649800"></trkpt>
      <trkpt lat="41.6759900" lon="13.5649600"></trkpt>
      <trkpt lat="41.6759900" lon="13.5649500"></trkpt>
      <trkpt lat="41.6759700" lon="13.5649400"></trkpt>
      <trkpt lat="41.6759400" lon="13.5649400"></trkpt>
      <trkpt lat="41.6759200" lon="13.5649400"></trkpt>
      <trkpt lat="41.6758900" lon="13.5649600"></trkpt>
      <trkpt lat="41.6758700" lon="13.5649800"></trkpt>
      <trkpt lat="41.6758600" lon="13.5649900"></trkpt>
      <trkpt lat="41.6758500" lon="13.5650000"></trkpt>
      <trkpt lat="41.6758400" lon="13.5650400"></trkpt>
      <trkpt lat="41.6758400" lon="13.5651100"></trkpt>
      <trkpt lat="41.6758500" lon="13.5651400"></trkpt>
      <trkpt lat="41.6758700" lon="13.5651700"></trkpt>
      <trkpt lat="41.6758900" lon="13.5651900"></trkpt>
      <trkpt lat="41.6759400" lon="13.5654200"></trkpt>
      <trkpt lat="41.6759400" lon="13.5654900"></trkpt>
      <trkpt lat="41.6760000" lon="13.5660500"></trkpt>
      <trkpt lat="41.6760900" lon="13.5667600"></trkpt>
      <trkpt lat="41.6761000" lon="13.5668700"></trkpt>
      <trkpt lat="41.6761600" lon="13.5672100"></trkpt>
      <trkpt lat="41.6762600" lon="13.5679600"></trkpt>
      <trkpt lat="41.6764000" lon="13.5689200"></trkpt>
      <trkpt lat="41.6764700" lon="13.5693800"></trkpt>
      <trkpt lat="41.6766200" lon="13.5704300"></trkpt>
      <trkpt lat="41.6766100" lon="13.5704400"></trkpt>
      <trkpt lat="41.6766000" lon="13.5704400"></trkpt>
      <trkpt lat="41.6766000" lon="13.5704500"></trkpt>
      <trkpt lat="41.6765900" lon="13.5704500"></trkpt>
      <trkpt lat="41.6765900" lon="13.5704600"></trkpt>
      <trkpt lat="41.6765800" lon="13.5704600"></trkpt>
      <trkpt lat="41.6765800" lon="13.5704800"></trkpt>
      <trkpt lat="41.6765700" lon="13.5704800"></trkpt>
      <trkpt lat="41.6765700" lon="13.5705600"></trkpt>
      <trkpt lat="41.6765800" lon="13.5705700"></trkpt>
      <trkpt lat="41.6765800" lon="13.5705800"></trkpt>
      <trkpt lat="41.6765900" lon="13.5705900"></trkpt>
      <trkpt lat="41.6765900" lon="13.5706000"></trkpt>
      <trkpt lat="41.6766000" lon="13.5706000"></trkpt>
      <trkpt lat="41.6766100" lon="13.5706100"></trkpt>
      <trkpt lat="41.6766500" lon="13.5706100"></trkpt>
      <trkpt lat="41.6766700" lon="13.5708200"></trkpt>
      <trkpt lat="41.6767200" lon="13.5711300"></trkpt>
      <trkpt lat="41.6768500" lon="13.5721200"></trkpt>
      <trkpt lat="41.6769500" lon="13.5727700"></trkpt>
      <trkpt lat="41.6770200" lon="13.5732900"></trkpt>
      <trkpt lat="41.6770600" lon="13.5735900"></trkpt>
      <trkpt lat="41.6771200" lon="13.5740100"></trkpt>
      <trkpt lat="41.6771600" lon="13.5742700"></trkpt>
      <trkpt lat="41.6772100" lon="13.5747100"></trkpt>
      <trkpt lat="41.6771900" lon="13.5748500"></trkpt>
      <trkpt lat="41.6771100" lon="13.5749900"></trkpt>
      <trkpt lat="41.6770200" lon="13.5749000"></trkpt>
      <trkpt lat="41.6768900" lon="13.5750400"></trkpt>
      <trkpt lat="41.6763300" lon="13.5756000"></trkpt>
      <trkpt lat="41.6761600" lon="13.5757700"></trkpt>
      <trkpt lat="41.6760500" lon="13.5758800"></trkpt>
      <trkpt lat="41.6760200" lon="13.5759000"></trkpt>
      <trkpt lat="41.6756900" lon="13.5762400"></trkpt>
      <trkpt lat="41.6756900" lon="13.5763000"></trkpt>
      <trkpt lat="41.6757000" lon="13.5763200"></trkpt>
      <trkpt lat="41.6757000" lon="13.5763500"></trkpt>
      <trkpt lat="41.6756900" lon="13.5763800"></trkpt>
      <trkpt lat="41.6756900" lon="13.5764100"></trkpt>
      <trkpt lat="41.6754900" lon="13.5774900"></trkpt>
      <trkpt lat="41.6754600" lon="13.5776500"></trkpt>
      <trkpt lat="41.6754300" lon="13.5777900"></trkpt>
      <trkpt lat="41.6754200" lon="13.5778200"></trkpt>
      <trkpt lat="41.6753800" lon="13.5783300"></trkpt>
      <trkpt lat="41.6753400" lon="13.5788700"></trkpt>
      <trkpt lat="41.6753300" lon="13.5789600"></trkpt>
      <trkpt lat="41.6753200" lon="13.5790800"></trkpt>
      <trkpt lat="41.6752900" lon="13.5791900"></trkpt>
      <trkpt lat="41.6752700" lon="13.5793000"></trkpt>
      <trkpt lat="41.6752600" lon="13.5793400"></trkpt>
      <trkpt lat="41.6752500" lon="13.5793500"></trkpt>
      <trkpt lat="41.6752400" lon="13.5793700"></trkpt>
      <trkpt lat="41.6752400" lon="13.5793800"></trkpt>
      <trkpt lat="41.6752300" lon="13.5794000"></trkpt>
      <trkpt lat="41.6752200" lon="13.5794100"></trkpt>
      <trkpt lat="41.6752100" lon="13.5794200"></trkpt>
      <trkpt lat="41.6752000" lon="13.5794400"></trkpt>
      <trkpt lat="41.6751900" lon="13.5794500"></trkpt>
      <trkpt lat="41.6751800" lon="13.5794700"></trkpt>
      <trkpt lat="41.6751500" lon="13.5794900"></trkpt>
      <trkpt lat="41.6751000" lon="13.5795200"></trkpt>
      <trkpt lat="41.6750400" lon="13.5795700"></trkpt>
      <trkpt lat="41.6750300" lon="13.5795800"></trkpt>
      <trkpt lat="41.6750200" lon="13.5795900"></trkpt>
      <trkpt lat="41.6750000" lon="13.5796200"></trkpt>
      <trkpt lat="41.6749800" lon="13.5796400"></trkpt>
      <trkpt lat="41.6749700" lon="13.5796500"></trkpt>
      <trkpt lat="41.6749700" lon="13.5796600"></trkpt>
      <trkpt lat="41.6749600" lon="13.5796800"></trkpt>
      <trkpt lat="41.6749500" lon="13.5796900"></trkpt>
      <trkpt lat="41.6749400" lon="13.5797000"></trkpt>
      <trkpt lat="41.6749400" lon="13.5797200"></trkpt>
      <trkpt lat="41.6749300" lon="13.5797400"></trkpt>
      <trkpt lat="41.6749200" lon="13.5797600"></trkpt>
      <trkpt lat="41.6749200" lon="13.5797700"></trkpt>
      <trkpt lat="41.6749100" lon="13.5797900"></trkpt>
      <trkpt lat="41.6749100" lon="13.5798200"></trkpt>
      <trkpt lat="41.6749000" lon="13.5798600"></trkpt>
      <trkpt lat="41.6748800" lon="13.5799200"></trkpt>
      <trkpt lat="41.6748800" lon="13.5799400"></trkpt>
      <trkpt lat="41.6748700" lon="13.5799500"></trkpt>
      <trkpt lat="41.6748700" lon="13.5799600"></trkpt>
      <trkpt lat="41.6748600" lon="13.5799700"></trkpt>
      <trkpt lat="41.6748600" lon="13.5799800"></trkpt>
      <trkpt lat="41.6748500" lon="13.5799900"></trkpt>
      <trkpt lat="41.6748300" lon="13.5800000"></trkpt>
      <trkpt lat="41.6748300" lon="13.5800100"></trkpt>
      <trkpt lat="41.6748100" lon="13.5800100"></trkpt>
      <trkpt lat="41.6747900" lon="13.5800200"></trkpt>
      <trkpt lat="41.6747800" lon="13.5800300"></trkpt>
      <trkpt lat="41.6747700" lon="13.5800300"></trkpt>
      <trkpt lat="41.6747700" lon="13.5800400"></trkpt>
      <trkpt lat="41.6747600" lon="13.5800400"></trkpt>
      <trkpt lat="41.6747600" lon="13.5800600"></trkpt>
      <trkpt lat="41.6747500" lon="13.5800800"></trkpt>
      <trkpt lat="41.6747400" lon="13.5801200"></trkpt>
      <trkpt lat="41.6747400" lon="13.5801700"></trkpt>
      <trkpt lat="41.6747300" lon="13.5801800"></trkpt>
      <trkpt lat="41.6747300" lon="13.5803200"></trkpt>
      <trkpt lat="41.6747400" lon="13.5804100"></trkpt>
      <trkpt lat="41.6747500" lon="13.5804400"></trkpt>
      <trkpt lat="41.6747400" lon="13.5804700"></trkpt>
      <trkpt lat="41.6747300" lon="13.5805500"></trkpt>
      <trkpt lat="41.6747100" lon="13.5806600"></trkpt>
      <trkpt lat="41.6747100" lon="13.5806800"></trkpt>
      <trkpt lat="41.6746700" lon="13.5808800"></trkpt>
      <trkpt lat="41.6746600" lon="13.5809100"></trkpt>
      <trkpt lat="41.6746400" lon="13.5810300"></trkpt>
      <trkpt lat="41.6746300" lon="13.5810800"></trkpt>
      <trkpt lat="41.6746300" lon="13.5811200"></trkpt>
      <trkpt lat="41.6746200" lon="13.5811500"></trkpt>
      <trkpt lat="41.6746200" lon="13.5812400"></trkpt>
      <trkpt lat="41.6746300" lon="13.5812900"></trkpt>
      <trkpt lat="41.6746300" lon="13.5813400"></trkpt>
      <trkpt lat="41.6746400" lon="13.5813800"></trkpt>
      <trkpt lat="41.6746500" lon="13.5814300"></trkpt>
      <trkpt lat="41.6746800" lon="13.5814900"></trkpt>
      <trkpt lat="41.6747200" lon="13.5816000"></trkpt>
      <trkpt lat="41.6747400" lon="13.5816400"></trkpt>
      <trkpt lat="41.6747800" lon="13.5817300"></trkpt>
      <trkpt lat="41.6748100" lon="13.5818100"></trkpt>
      <trkpt lat="41.6748100" lon="13.5818200"></trkpt>
      <trkpt lat="41.6748200" lon="13.5818700"></trkpt>
      <trkpt lat="41.6748200" lon="13.5819300"></trkpt>
      <trkpt lat="41.6748100" lon="13.5819900"></trkpt>
      <trkpt lat="41.6747900" lon="13.5820600"></trkpt>
      <trkpt lat="41.6747800" lon="13.5821200"></trkpt>
      <trkpt lat="41.6747400" lon="13.5822300"></trkpt>
      <trkpt lat="41.6747100" lon="13.5823300"></trkpt>
      <trkpt lat="41.6746700" lon="13.5824600"></trkpt>
      <trkpt lat="41.6746600" lon="13.5824900"></trkpt>
      <trkpt lat="41.6746300" lon="13.5825700"></trkpt>
      <trkpt lat="41.6746200" lon="13.5825900"></trkpt>
      <trkpt lat="41.6746000" lon="13.5826000"></trkpt>
      <trkpt lat="41.6745800" lon="13.5826200"></trkpt>
      <trkpt lat="41.6745600" lon="13.5826400"></trkpt>
      <trkpt lat="41.6745300" lon="13.5826500"></trkpt>
      <trkpt lat="41.6744600" lon="13.5826700"></trkpt>
      <trkpt lat="41.6743600" lon="13.5827000"></trkpt>
      <trkpt lat="41.6741800" lon="13.5827500"></trkpt>
      <trkpt lat="41.6740700" lon="13.5827900"></trkpt>
      <trkpt lat="41.6740100" lon="13.5828100"></trkpt>
      <trkpt lat="41.6739000" lon="13.5828400"></trkpt>
      <trkpt lat="41.6736900" lon="13.5829000"></trkpt>
      <trkpt lat="41.6736600" lon="13.5829100"></trkpt>
      <trkpt lat="41.6735300" lon="13.5829600"></trkpt>
      <trkpt lat="41.6733100" lon="13.5830400"></trkpt>
      <trkpt lat="41.6732000" lon="13.5831000"></trkpt>
      <trkpt lat="41.6731400" lon="13.5831600"></trkpt>
      <trkpt lat="41.6731200" lon="13.5831900"></trkpt>
      <trkpt lat="41.6731100" lon="13.5832200"></trkpt>
      <trkpt lat="41.6730900" lon="13.5832700"></trkpt>
      <trkpt lat="41.6730800" lon="13.5833300"></trkpt>
      <trkpt lat="41.6730800" lon="13.5833600"></trkpt>
      <trkpt lat="41.6730700" lon="13.5835000"></trkpt>
      <trkpt lat="41.6730600" lon="13.5836000"></trkpt>
      <trkpt lat="41.6730500" lon="13.5836300"></trkpt>
      <trkpt lat="41.6730300" lon="13.5837200"></trkpt>
      <trkpt lat="41.6729900" lon="13.5838200"></trkpt>
      <trkpt lat="41.6729500" lon="13.5839300"></trkpt>
      <trkpt lat="41.6729100" lon="13.5840400"></trkpt>
      <trkpt lat="41.6728300" lon="13.5842500"></trkpt>
      <trkpt lat="41.6728200" lon="13.5842800"></trkpt>
      <trkpt lat="41.6727400" lon="13.5844600"></trkpt>
      <trkpt lat="41.6727300" lon="13.5844900"></trkpt>
      <trkpt lat="41.6727000" lon="13.5845400"></trkpt>
      <trkpt lat="41.6726700" lon="13.5845900"></trkpt>
      <trkpt lat="41.6726200" lon="13.5846300"></trkpt>
      <trkpt lat="41.6726100" lon="13.5846400"></trkpt>
      <trkpt lat="41.6725400" lon="13.5846900"></trkpt>
      <trkpt lat="41.6724600" lon="13.5847300"></trkpt>
      <trkpt lat="41.6724100" lon="13.5847600"></trkpt>
      <trkpt lat="41.6722900" lon="13.5848000"></trkpt>
      <trkpt lat="41.6721800" lon="13.5848600"></trkpt>
      <trkpt lat="41.6720600" lon="13.5849500"></trkpt>
      <trkpt lat="41.6719900" lon="13.5850300"></trkpt>
      <trkpt lat="41.6719800" lon="13.5850500"></trkpt>
      <trkpt lat="41.6719100" lon="13.5851700"></trkpt>
      <trkpt lat="41.6718700" lon="13.5852400"></trkpt>
      <trkpt lat="41.6717600" lon="13.5854300"></trkpt>
      <trkpt lat="41.6717600" lon="13.5854400"></trkpt>
      <trkpt lat="41.6716600" lon="13.5856300"></trkpt>
      <trkpt lat="41.6715800" lon="13.5858000"></trkpt>
      <trkpt lat="41.6715600" lon="13.5858300"></trkpt>
      <trkpt lat="41.6714300" lon="13.5860800"></trkpt>
      <trkpt lat="41.6714100" lon="13.5862000"></trkpt>
      <trkpt lat="41.6714000" lon="13.5862500"></trkpt>
      <trkpt lat="41.6713800" lon="13.5862800"></trkpt>
      <trkpt lat="41.6713800" lon="13.5863000"></trkpt>
      <trkpt lat="41.6713600" lon="13.5863400"></trkpt>
      <trkpt lat="41.6712500" lon="13.5866200"></trkpt>
      <trkpt lat="41.6712000" lon="13.5867300"></trkpt>
      <trkpt lat="41.6711800" lon="13.5867900"></trkpt>
      <trkpt lat="41.6711200" lon="13.5869400"></trkpt>
      <trkpt lat="41.6710300" lon="13.5871400"></trkpt>
      <trkpt lat="41.6708500" lon="13.5875700"></trkpt>
      <trkpt lat="41.6708200" lon="13.5876300"></trkpt>
      <trkpt lat="41.6707600" lon="13.5877600"></trkpt>
      <trkpt lat="41.6705400" lon="13.5883200"></trkpt>
      <trkpt lat="41.6704900" lon="13.5884000"></trkpt>
      <trkpt lat="41.6704400" lon="13.5884900"></trkpt>
      <trkpt lat="41.6703400" lon="13.5885900"></trkpt>
      <trkpt lat="41.6702100" lon="13.5887000"></trkpt>
      <trkpt lat="41.6700600" lon="13.5888300"></trkpt>
      <trkpt lat="41.6700000" lon="13.5888900"></trkpt>
      <trkpt lat="41.6699100" lon="13.5889700"></trkpt>
      <trkpt lat="41.6698700" lon="13.5890100"></trkpt>
      <trkpt lat="41.6698600" lon="13.5890200"></trkpt>
      <trkpt lat="41.6698000" lon="13.5890800"></trkpt>
      <trkpt lat="41.6697800" lon="13.5891300"></trkpt>
      <trkpt lat="41.6697600" lon="13.5891700"></trkpt>
      <trkpt lat="41.6696900" lon="13.5893400"></trkpt>
      <trkpt lat="41.6695800" lon="13.5896100"></trkpt>
      <trkpt lat="41.6695600" lon="13.5896600"></trkpt>
      <trkpt lat="41.6695200" lon="13.5897600"></trkpt>
      <trkpt lat="41.6694800" lon="13.5898800"></trkpt>
      <trkpt lat="41.6693700" lon="13.5902000"></trkpt>
      <trkpt lat="41.6693600" lon="13.5902200"></trkpt>
      <trkpt lat="41.6693500" lon="13.5902500"></trkpt>
      <trkpt lat="41.6693500" lon="13.5902600"></trkpt>
      <trkpt lat="41.6693000" lon="13.5904200"></trkpt>
      <trkpt lat="41.6692700" lon="13.5904900"></trkpt>
      <trkpt lat="41.6691200" lon="13.5907200"></trkpt>
      <trkpt lat="41.6689600" lon="13.5909300"></trkpt>
      <trkpt lat="41.6688400" lon="13.5910800"></trkpt>
      <trkpt lat="41.6687900" lon="13.5911600"></trkpt>
      <trkpt lat="41.6687700" lon="13.5911900"></trkpt>
      <trkpt lat="41.6687400" lon="13.5912300"></trkpt>
      <trkpt lat="41.6687300" lon="13.5912500"></trkpt>
      <trkpt lat="41.6687100" lon="13.5912800"></trkpt>
      <trkpt lat="41.6686800" lon="13.5913100"></trkpt>
      <trkpt lat="41.6686200" lon="13.5914200"></trkpt>
      <trkpt lat="41.6685500" lon="13.5915700"></trkpt>
      <trkpt lat="41.6685200" lon="13.5916400"></trkpt>
      <trkpt lat="41.6685000" lon="13.5917100"></trkpt>
      <trkpt lat="41.6684600" lon="13.5918400"></trkpt>
      <trkpt lat="41.6684500" lon="13.5918800"></trkpt>
      <trkpt lat="41.6684400" lon="13.5919200"></trkpt>
      <trkpt lat="41.6684400" lon="13.5919700"></trkpt>
      <trkpt lat="41.6684500" lon="13.5920300"></trkpt>
      <trkpt lat="41.6684500" lon="13.5921000"></trkpt>
      <trkpt lat="41.6684800" lon="13.5922100"></trkpt>
      <trkpt lat="41.6684900" lon="13.5922600"></trkpt>
      <trkpt lat="41.6685300" lon="13.5923600"></trkpt>
      <trkpt lat="41.6685700" lon="13.5924400"></trkpt>
      <trkpt lat="41.6686700" lon="13.5925600"></trkpt>
      <trkpt lat="41.6687800" lon="13.5926900"></trkpt>
      <trkpt lat="41.6691700" lon="13.5931200"></trkpt>
      <trkpt lat="41.6692100" lon="13.5931900"></trkpt>
      <trkpt lat="41.6692200" lon="13.5932000"></trkpt>
      <trkpt lat="41.6693700" lon="13.5934400"></trkpt>
      <trkpt lat="41.6694300" lon="13.5935700"></trkpt>
      <trkpt lat="41.6694500" lon="13.5936300"></trkpt>
      <trkpt lat="41.6694700" lon="13.5937000"></trkpt>
      <trkpt lat="41.6694900" lon="13.5938100"></trkpt>
      <trkpt lat="41.6694800" lon="13.5939200"></trkpt>
      <trkpt lat="41.6694700" lon="13.5940200"></trkpt>
      <trkpt lat="41.6694400" lon="13.5941600"></trkpt>
      <trkpt lat="41.6694100" lon="13.5942500"></trkpt>
      <trkpt lat="41.6693900" lon="13.5942900"></trkpt>
      <trkpt lat="41.6693900" lon="13.5943000"></trkpt>
      <trkpt lat="41.6693600" lon="13.5943200"></trkpt>
      <trkpt lat="41.6693400" lon="13.5943300"></trkpt>
      <trkpt lat="41.6693100" lon="13.5943400"></trkpt>
      <trkpt lat="41.6692100" lon="13.5943400"></trkpt>
      <trkpt lat="41.6691400" lon="13.5943200"></trkpt>
      <trkpt lat="41.6690700" lon="13.5942900"></trkpt>
      <trkpt lat="41.6689200" lon="13.5942400"></trkpt>
      <trkpt lat="41.6687700" lon="13.5941400"></trkpt>
      <trkpt lat="41.6687100" lon="13.5941200"></trkpt>
      <trkpt lat="41.6686900" lon="13.5941100"></trkpt>
      <trkpt lat="41.6686700" lon="13.5941100"></trkpt>
      <trkpt lat="41.6686200" lon="13.5941000"></trkpt>
      <trkpt lat="41.6685800" lon="13.5941000"></trkpt>
      <trkpt lat="41.6685600" lon="13.5941100"></trkpt>
      <trkpt lat="41.6685400" lon="13.5941100"></trkpt>
      <trkpt lat="41.6685300" lon="13.5941200"></trkpt>
      <trkpt lat="41.6684700" lon="13.5942100"></trkpt>
      <trkpt lat="41.6684500" lon="13.5942700"></trkpt>
      <trkpt lat="41.6684200" lon="13.5943100"></trkpt>
      <trkpt lat="41.6683900" lon="13.5944100"></trkpt>
      <trkpt lat="41.6682100" lon="13.5947400"></trkpt>
      <trkpt lat="41.6681500" lon="13.5948500"></trkpt>
      <trkpt lat="41.6679700" lon="13.5951100"></trkpt>
      <trkpt lat="41.6677700" lon="13.5952800"></trkpt>
      <trkpt lat="41.6677100" lon="13.5953500"></trkpt>
      <trkpt lat="41.6676800" lon="13.5953800"></trkpt>
      <trkpt lat="41.6676700" lon="13.5954000"></trkpt>
      <trkpt lat="41.6676200" lon="13.5954600"></trkpt>
      <trkpt lat="41.6675800" lon="13.5955100"></trkpt>
      <trkpt lat="41.6675100" lon="13.5956600"></trkpt>
      <trkpt lat="41.6674600" lon="13.5958000"></trkpt>
      <trkpt lat="41.6673900" lon="13.5959500"></trkpt>
      <trkpt lat="41.6672500" lon="13.5963200"></trkpt>
      <trkpt lat="41.6672000" lon="13.5965000"></trkpt>
      <trkpt lat="41.6671600" lon="13.5966700"></trkpt>
      <trkpt lat="41.6671500" lon="13.5968200"></trkpt>
      <trkpt lat="41.6671500" lon="13.5969600"></trkpt>
      <trkpt lat="41.6671400" lon="13.5970300"></trkpt>
      <trkpt lat="41.6671400" lon="13.5970400"></trkpt>
      <trkpt lat="41.6671300" lon="13.5971100"></trkpt>
      <trkpt lat="41.6670900" lon="13.5972200"></trkpt>
      <trkpt lat="41.6670500" lon="13.5973500"></trkpt>
      <trkpt lat="41.6669600" lon="13.5975500"></trkpt>
      <trkpt lat="41.6669600" lon="13.5975600"></trkpt>
      <trkpt lat="41.6668500" lon="13.5976700"></trkpt>
      <trkpt lat="41.6667000" lon="13.5977700"></trkpt>
      <trkpt lat="41.6664000" lon="13.5980400"></trkpt>
      <trkpt lat="41.6663100" lon="13.5981200"></trkpt>
      <trkpt lat="41.6660900" lon="13.5984100"></trkpt>
      <trkpt lat="41.6657700" lon="13.5987300"></trkpt>
      <trkpt lat="41.6656900" lon="13.5988200"></trkpt>
      <trkpt lat="41.6656200" lon="13.5989400"></trkpt>
      <trkpt lat="41.6656100" lon="13.5989700"></trkpt>
      <trkpt lat="41.6655500" lon="13.5991100"></trkpt>
      <trkpt lat="41.6655400" lon="13.5991900"></trkpt>
      <trkpt lat="41.6655200" lon="13.5993100"></trkpt>
      <trkpt lat="41.6654900" lon="13.5994500"></trkpt>
      <trkpt lat="41.6654600" lon="13.5996700"></trkpt>
      <trkpt lat="41.6654400" lon="13.5998900"></trkpt>
      <trkpt lat="41.6654400" lon="13.6001400"></trkpt>
      <trkpt lat="41.6654700" lon="13.6003500"></trkpt>
      <trkpt lat="41.6655000" lon="13.6005700"></trkpt>
      <trkpt lat="41.6655000" lon="13.6006400"></trkpt>
      <trkpt lat="41.6654900" lon="13.6006700"></trkpt>
      <trkpt lat="41.6654800" lon="13.6007100"></trkpt>
      <trkpt lat="41.6654700" lon="13.6007300"></trkpt>
      <trkpt lat="41.6654500" lon="13.6007900"></trkpt>
      <trkpt lat="41.6654000" lon="13.6008200"></trkpt>
      <trkpt lat="41.6653500" lon="13.6008500"></trkpt>
      <trkpt lat="41.6652900" lon="13.6008700"></trkpt>
      <trkpt lat="41.6652200" lon="13.6008900"></trkpt>
      <trkpt lat="41.6651700" lon="13.6009000"></trkpt>
      <trkpt lat="41.6650600" lon="13.6009000"></trkpt>
      <trkpt lat="41.6649600" lon="13.6008900"></trkpt>
      <trkpt lat="41.6648800" lon="13.6008800"></trkpt>
      <trkpt lat="41.6647400" lon="13.6008800"></trkpt>
      <trkpt lat="41.6646400" lon="13.6009000"></trkpt>
      <trkpt lat="41.6646200" lon="13.6009100"></trkpt>
      <trkpt lat="41.6645900" lon="13.6009400"></trkpt>
      <trkpt lat="41.6645400" lon="13.6010000"></trkpt>
      <trkpt lat="41.6645300" lon="13.6010100"></trkpt>
      <trkpt lat="41.6645200" lon="13.6010300"></trkpt>
      <trkpt lat="41.6644800" lon="13.6011200"></trkpt>
      <trkpt lat="41.6644300" lon="13.6012700"></trkpt>
      <trkpt lat="41.6642900" lon="13.6016700"></trkpt>
      <trkpt lat="41.6642500" lon="13.6017200"></trkpt>
      <trkpt lat="41.6642300" lon="13.6017400"></trkpt>
      <trkpt lat="41.6642200" lon="13.6017500"></trkpt>
      <trkpt lat="41.6642100" lon="13.6017700"></trkpt>
      <trkpt lat="41.6641800" lon="13.6018500"></trkpt>
      <trkpt lat="41.6641700" lon="13.6018500"></trkpt>
      <trkpt lat="41.6641000" lon="13.6020700"></trkpt>
      <trkpt lat="41.6640900" lon="13.6021000"></trkpt>
      <trkpt lat="41.6640600" lon="13.6021700"></trkpt>
      <trkpt lat="41.6640400" lon="13.6022200"></trkpt>
      <trkpt lat="41.6640200" lon="13.6022600"></trkpt>
      <trkpt lat="41.6640100" lon="13.6022800"></trkpt>
      <trkpt lat="41.6640000" lon="13.6023000"></trkpt>
      <trkpt lat="41.6639800" lon="13.6023400"></trkpt>
      <trkpt lat="41.6639500" lon="13.6023700"></trkpt>
      <trkpt lat="41.6638900" lon="13.6024600"></trkpt>
      <trkpt lat="41.6636500" lon="13.6027800"></trkpt>
      <trkpt lat="41.6636300" lon="13.6028000"></trkpt>
      <trkpt lat="41.6633700" lon="13.6031200"></trkpt>
      <trkpt lat="41.6631100" lon="13.6034400"></trkpt>
      <trkpt lat="41.6630000" lon="13.6035900"></trkpt>
      <trkpt lat="41.6629100" lon="13.6037100"></trkpt>
      <trkpt lat="41.6628600" lon="13.6037800"></trkpt>
      <trkpt lat="41.6628400" lon="13.6038000"></trkpt>
      <trkpt lat="41.6628000" lon="13.6038400"></trkpt>
      <trkpt lat="41.6627100" lon="13.6039200"></trkpt>
      <trkpt lat="41.6626500" lon="13.6039800"></trkpt>
      <trkpt lat="41.6625400" lon="13.6040800"></trkpt>
      <trkpt lat="41.6624000" lon="13.6041700"></trkpt>
      <trkpt lat="41.6623400" lon="13.6042200"></trkpt>
      <trkpt lat="41.6622500" lon="13.6042800"></trkpt>
      <trkpt lat="41.6620400" lon="13.6044300"></trkpt>
      <trkpt lat="41.6618300" lon="13.6046400"></trkpt>
      <trkpt lat="41.6617000" lon="13.6048100"></trkpt>
      <trkpt lat="41.6616400" lon="13.6048700"></trkpt>
      <trkpt lat="41.6615600" lon="13.6049500"></trkpt>
      <trkpt lat="41.6615000" lon="13.6049900"></trkpt>
      <trkpt lat="41.6612200" lon="13.6051700"></trkpt>
      <trkpt lat="41.6611200" lon="13.6052200"></trkpt>
      <trkpt lat="41.6608700" lon="13.6053600"></trkpt>
      <trkpt lat="41.6608000" lon="13.6053900"></trkpt>
      <trkpt lat="41.6607400" lon="13.6054200"></trkpt>
      <trkpt lat="41.6605600" lon="13.6055200"></trkpt>
      <trkpt lat="41.6604500" lon="13.6055900"></trkpt>
      <trkpt lat="41.6604200" lon="13.6056000"></trkpt>
      <trkpt lat="41.6602600" lon="13.6056800"></trkpt>
      <trkpt lat="41.6602100" lon="13.6057000"></trkpt>
      <trkpt lat="41.6601100" lon="13.6057400"></trkpt>
      <trkpt lat="41.6600800" lon="13.6057500"></trkpt>
      <trkpt lat="41.6600400" lon="13.6057600"></trkpt>
      <trkpt lat="41.6599600" lon="13.6057700"></trkpt>
      <trkpt lat="41.6599000" lon="13.6057800"></trkpt>
      <trkpt lat="41.6598900" lon="13.6057800"></trkpt>
      <trkpt lat="41.6596900" lon="13.6057600"></trkpt>
      <trkpt lat="41.6595500" lon="13.6057300"></trkpt>
      <trkpt lat="41.6594600" lon="13.6057300"></trkpt>
      <trkpt lat="41.6592900" lon="13.6057400"></trkpt>
      <trkpt lat="41.6592600" lon="13.6057500"></trkpt>
      <trkpt lat="41.6591400" lon="13.6057500"></trkpt>
      <trkpt lat="41.6589800" lon="13.6057700"></trkpt>
      <trkpt lat="41.6588900" lon="13.6058100"></trkpt>
      <trkpt lat="41.6588200" lon="13.6058400"></trkpt>
      <trkpt lat="41.6588000" lon="13.6058400"></trkpt>
      <trkpt lat="41.6587300" lon="13.6058900"></trkpt>
      <trkpt lat="41.6586700" lon="13.6059700"></trkpt>
      <trkpt lat="41.6586500" lon="13.6060000"></trkpt>
      <trkpt lat="41.6584900" lon="13.6062500"></trkpt>
      <trkpt lat="41.6584200" lon="13.6064100"></trkpt>
      <trkpt lat="41.6582900" lon="13.6065800"></trkpt>
      <trkpt lat="41.6580700" lon="13.6068300"></trkpt>
      <trkpt lat="41.6579100" lon="13.6069900"></trkpt>
      <trkpt lat="41.6578300" lon="13.6070800"></trkpt>
      <trkpt lat="41.6577800" lon="13.6071500"></trkpt>
      <trkpt lat="41.6577700" lon="13.6071600"></trkpt>
      <trkpt lat="41.6577400" lon="13.6072600"></trkpt>
      <trkpt lat="41.6577100" lon="13.6074000"></trkpt>
      <trkpt lat="41.6576800" lon="13.6076100"></trkpt>
      <trkpt lat="41.6576700" lon="13.6076400"></trkpt>
      <trkpt lat="41.6576200" lon="13.6078300"></trkpt>
      <trkpt lat="41.6575800" lon="13.6079600"></trkpt>
      <trkpt lat="41.6574700" lon="13.6082800"></trkpt>
      <trkpt lat="41.6574500" lon="13.6083400"></trkpt>
      <trkpt lat="41.6572300" lon="13.6089800"></trkpt>
      <trkpt lat="41.6571100" lon="13.6094200"></trkpt>
      <trkpt lat="41.6570500" lon="13.6096400"></trkpt>
      <trkpt lat="41.6570100" lon="13.6097900"></trkpt>
      <trkpt lat="41.6570100" lon="13.6099800"></trkpt>
      <trkpt lat="41.6569900" lon="13.6100900"></trkpt>
      <trkpt lat="41.6569700" lon="13.6101500"></trkpt>
      <trkpt lat="41.6569500" lon="13.6102300"></trkpt>
      <trkpt lat="41.6568300" lon="13.6105100"></trkpt>
      <trkpt lat="41.6568100" lon="13.6105600"></trkpt>
      <trkpt lat="41.6567400" lon="13.6107100"></trkpt>
      <trkpt lat="41.6565900" lon="13.6111000"></trkpt>
      <trkpt lat="41.6564800" lon="13.6113600"></trkpt>
      <trkpt lat="41.6563900" lon="13.6115400"></trkpt>
      <trkpt lat="41.6562900" lon="13.6117000"></trkpt>
      <trkpt lat="41.6558700" lon="13.6122900"></trkpt>
      <trkpt lat="41.6558500" lon="13.6123200"></trkpt>
      <trkpt lat="41.6558000" lon="13.6123800"></trkpt>
      <trkpt lat="41.6557600" lon="13.6124100"></trkpt>
      <trkpt lat="41.6557500" lon="13.6124200"></trkpt>
      <trkpt lat="41.6557000" lon="13.6124400"></trkpt>
      <trkpt lat="41.6556900" lon="13.6124500"></trkpt>
      <trkpt lat="41.6556300" lon="13.6124600"></trkpt>
      <trkpt lat="41.6555900" lon="13.6124600"></trkpt>
      <trkpt lat="41.6555700" lon="13.6124600"></trkpt>
      <trkpt lat="41.6554900" lon="13.6124400"></trkpt>
      <trkpt lat="41.6554100" lon="13.6124100"></trkpt>
      <trkpt lat="41.6552400" lon="13.6123300"></trkpt>
      <trkpt lat="41.6552200" lon="13.6123100"></trkpt>
      <trkpt lat="41.6551400" lon="13.6122900"></trkpt>
      <trkpt lat="41.6550900" lon="13.6122900"></trkpt>
      <trkpt lat="41.6549600" lon="13.6123000"></trkpt>
      <trkpt lat="41.6547100" lon="13.6123700"></trkpt>
      <trkpt lat="41.6547100" lon="13.6123800"></trkpt>
      <trkpt lat="41.6546500" lon="13.6123900"></trkpt>
      <trkpt lat="41.6545400" lon="13.6124200"></trkpt>
      <trkpt lat="41.6545300" lon="13.6124200"></trkpt>
      <trkpt lat="41.6543900" lon="13.6124300"></trkpt>
      <trkpt lat="41.6542600" lon="13.6124300"></trkpt>
      <trkpt lat="41.6541500" lon="13.6124100"></trkpt>
      <trkpt lat="41.6540300" lon="13.6123700"></trkpt>
      <trkpt lat="41.6539300" lon="13.6123200"></trkpt>
      <trkpt lat="41.6538900" lon="13.6122900"></trkpt>
      <trkpt lat="41.6538400" lon="13.6122500"></trkpt>
      <trkpt lat="41.6537000" lon="13.6120100"></trkpt>
      <trkpt lat="41.6536900" lon="13.6120100"></trkpt>
      <trkpt lat="41.6536300" lon="13.6118700"></trkpt>
      <trkpt lat="41.6536000" lon="13.6117700"></trkpt>
      <trkpt lat="41.6535700" lon="13.6116400"></trkpt>
      <trkpt lat="41.6535500" lon="13.6114900"></trkpt>
      <trkpt lat="41.6535200" lon="13.6114000"></trkpt>
      <trkpt lat="41.6534900" lon="13.6113300"></trkpt>
      <trkpt lat="41.6534600" lon="13.6112900"></trkpt>
      <trkpt lat="41.6534300" lon="13.6112400"></trkpt>
      <trkpt lat="41.6533200" lon="13.6111300"></trkpt>
      <trkpt lat="41.6531000" lon="13.6109500"></trkpt>
      <trkpt lat="41.6530300" lon="13.6109000"></trkpt>
      <trkpt lat="41.6529600" lon="13.6108800"></trkpt>
      <trkpt lat="41.6528600" lon="13.6108700"></trkpt>
      <trkpt lat="41.6526900" lon="13.6108900"></trkpt>
      <trkpt lat="41.6526500" lon="13.6109000"></trkpt>
      <trkpt lat="41.6524900" lon="13.6109300"></trkpt>
      <trkpt lat="41.6523700" lon="13.6109400"></trkpt>
      <trkpt lat="41.6523000" lon="13.6109300"></trkpt>
      <trkpt lat="41.6522400" lon="13.6109200"></trkpt>
      <trkpt lat="41.6521500" lon="13.6108500"></trkpt>
      <trkpt lat="41.6521400" lon="13.6108300"></trkpt>
      <trkpt lat="41.6520700" lon="13.6107500"></trkpt>
      <trkpt lat="41.6519900" lon="13.6106700"></trkpt>
      <trkpt lat="41.6519500" lon="13.6106400"></trkpt>
      <trkpt lat="41.6519000" lon="13.6106000"></trkpt>
      <trkpt lat="41.6518300" lon="13.6105700"></trkpt>
      <trkpt lat="41.6517000" lon="13.6105700"></trkpt>
      <trkpt lat="41.6516600" lon="13.6105600"></trkpt>
      <trkpt lat="41.6514800" lon="13.6105400"></trkpt>
      <trkpt lat="41.6513900" lon="13.6105300"></trkpt>
      <trkpt lat="41.6513000" lon="13.6105000"></trkpt>
      <trkpt lat="41.6512000" lon="13.6104200"></trkpt>
      <trkpt lat="41.6509100" lon="13.6101800"></trkpt>
      <trkpt lat="41.6506800" lon="13.6100000"></trkpt>
      <trkpt lat="41.6505300" lon="13.6098800"></trkpt>
      <trkpt lat="41.6495900" lon="13.6091700"></trkpt>
      <trkpt lat="41.6493900" lon="13.6090000"></trkpt>
      <trkpt lat="41.6493100" lon="13.6089300"></trkpt>
      <trkpt lat="41.6492900" lon="13.6089200"></trkpt>
      <trkpt lat="41.6492800" lon="13.6089200"></trkpt>
      <trkpt lat="41.6491500" lon="13.6088900"></trkpt>
      <trkpt lat="41.6490600" lon="13.6088900"></trkpt>
      <trkpt lat="41.6491000" lon="13.6088900"></trkpt>
      <trkpt lat="41.6491500" lon="13.6088900"></trkpt>
      <trkpt lat="41.6492800" lon="13.6089200"></trkpt>
      <trkpt lat="41.6492900" lon="13.6089200"></trkpt>
      <trkpt lat="41.6493100" lon="13.6089300"></trkpt>
      <trkpt lat="41.6493900" lon="13.6090000"></trkpt>
      <trkpt lat="41.6495900" lon="13.6091700"></trkpt>
      <trkpt lat="41.6505300" lon="13.6098800"></trkpt>
      <trkpt lat="41.6506800" lon="13.6100000"></trkpt>
      <trkpt lat="41.6509100" lon="13.6101800"></trkpt>
      <trkpt lat="41.6512000" lon="13.6104200"></trkpt>
      <trkpt lat="41.6513000" lon="13.6105000"></trkpt>
      <trkpt lat="41.6513900" lon="13.6105300"></trkpt>
      <trkpt lat="41.6514800" lon="13.6105400"></trkpt>
      <trkpt lat="41.6516600" lon="13.6105600"></trkpt>
      <trkpt lat="41.6517000" lon="13.6105700"></trkpt>
      <trkpt lat="41.6518300" lon="13.6105700"></trkpt>
      <trkpt lat="41.6519000" lon="13.6106000"></trkpt>
      <trkpt lat="41.6519500" lon="13.6106400"></trkpt>
      <trkpt lat="41.6519900" lon="13.6106700"></trkpt>
      <trkpt lat="41.6520000" lon="13.6106800"></trkpt>
      <trkpt lat="41.6520700" lon="13.6107500"></trkpt>
      <trkpt lat="41.6521400" lon="13.6108300"></trkpt>
      <trkpt lat="41.6521500" lon="13.6108500"></trkpt>
      <trkpt lat="41.6522400" lon="13.6109200"></trkpt>
      <trkpt lat="41.6523000" lon="13.6109300"></trkpt>
      <trkpt lat="41.6523700" lon="13.6109400"></trkpt>
      <trkpt lat="41.6524900" lon="13.6109300"></trkpt>
      <trkpt lat="41.6526500" lon="13.6109000"></trkpt>
      <trkpt lat="41.6526900" lon="13.6108900"></trkpt>
      <trkpt lat="41.6528600" lon="13.6108700"></trkpt>
      <trkpt lat="41.6529600" lon="13.6108800"></trkpt>
      <trkpt lat="41.6530300" lon="13.6109000"></trkpt>
      <trkpt lat="41.6531000" lon="13.6109500"></trkpt>
      <trkpt lat="41.6533200" lon="13.6111300"></trkpt>
      <trkpt lat="41.6533600" lon="13.6111700"></trkpt>
      <trkpt lat="41.6534300" lon="13.6112400"></trkpt>
      <trkpt lat="41.6534600" lon="13.6112900"></trkpt>
      <trkpt lat="41.6534900" lon="13.6113300"></trkpt>
      <trkpt lat="41.6535200" lon="13.6114000"></trkpt>
      <trkpt lat="41.6535500" lon="13.6114900"></trkpt>
      <trkpt lat="41.6535700" lon="13.6116400"></trkpt>
      <trkpt lat="41.6536000" lon="13.6117700"></trkpt>
      <trkpt lat="41.6536300" lon="13.6118700"></trkpt>
      <trkpt lat="41.6536900" lon="13.6120100"></trkpt>
      <trkpt lat="41.6537000" lon="13.6120100"></trkpt>
      <trkpt lat="41.6538400" lon="13.6122500"></trkpt>
      <trkpt lat="41.6538900" lon="13.6122900"></trkpt>
      <trkpt lat="41.6539300" lon="13.6123200"></trkpt>
      <trkpt lat="41.6540300" lon="13.6123700"></trkpt>
      <trkpt lat="41.6541500" lon="13.6124100"></trkpt>
      <trkpt lat="41.6542600" lon="13.6124300"></trkpt>
      <trkpt lat="41.6543900" lon="13.6124300"></trkpt>
      <trkpt lat="41.6545300" lon="13.6124200"></trkpt>
      <trkpt lat="41.6545400" lon="13.6124200"></trkpt>
      <trkpt lat="41.6546500" lon="13.6123900"></trkpt>
      <trkpt lat="41.6547100" lon="13.6123800"></trkpt>
      <trkpt lat="41.6547100" lon="13.6123700"></trkpt>
      <trkpt lat="41.6549600" lon="13.6123000"></trkpt>
      <trkpt lat="41.6550900" lon="13.6122900"></trkpt>
      <trkpt lat="41.6551400" lon="13.6122900"></trkpt>
      <trkpt lat="41.6552200" lon="13.6123100"></trkpt>
      <trkpt lat="41.6552400" lon="13.6123300"></trkpt>
      <trkpt lat="41.6554100" lon="13.6124100"></trkpt>
      <trkpt lat="41.6554900" lon="13.6124400"></trkpt>
      <trkpt lat="41.6555700" lon="13.6124600"></trkpt>
      <trkpt lat="41.6555900" lon="13.6124600"></trkpt>
      <trkpt lat="41.6556300" lon="13.6124600"></trkpt>
      <trkpt lat="41.6556900" lon="13.6124500"></trkpt>
      <trkpt lat="41.6557000" lon="13.6124400"></trkpt>
      <trkpt lat="41.6557500" lon="13.6124200"></trkpt>
      <trkpt lat="41.6557600" lon="13.6124100"></trkpt>
      <trkpt lat="41.6558000" lon="13.6123800"></trkpt>
      <trkpt lat="41.6558500" lon="13.6123200"></trkpt>
      <trkpt lat="41.6558700" lon="13.6122900"></trkpt>
      <trkpt lat="41.6562900" lon="13.6117000"></trkpt>
      <trkpt lat="41.6563900" lon="13.6115400"></trkpt>
      <trkpt lat="41.6564800" lon="13.6113600"></trkpt>
      <trkpt lat="41.6565900" lon="13.6111000"></trkpt>
      <trkpt lat="41.6567400" lon="13.6107100"></trkpt>
      <trkpt lat="41.6568100" lon="13.6105600"></trkpt>
      <trkpt lat="41.6568300" lon="13.6105100"></trkpt>
      <trkpt lat="41.6569500" lon="13.6102300"></trkpt>
      <trkpt lat="41.6569700" lon="13.6101500"></trkpt>
      <trkpt lat="41.6569900" lon="13.6100900"></trkpt>
      <trkpt lat="41.6570100" lon="13.6099800"></trkpt>
      <trkpt lat="41.6570100" lon="13.6097900"></trkpt>
      <trkpt lat="41.6570500" lon="13.6096400"></trkpt>
      <trkpt lat="41.6571100" lon="13.6094200"></trkpt>
      <trkpt lat="41.6572300" lon="13.6089800"></trkpt>
      <trkpt lat="41.6574500" lon="13.6083400"></trkpt>
      <trkpt lat="41.6574700" lon="13.6082800"></trkpt>
      <trkpt lat="41.6575800" lon="13.6079600"></trkpt>
      <trkpt lat="41.6576200" lon="13.6078300"></trkpt>
      <trkpt lat="41.6576700" lon="13.6076400"></trkpt>
      <trkpt lat="41.6576800" lon="13.6076100"></trkpt>
      <trkpt lat="41.6577100" lon="13.6074000"></trkpt>
      <trkpt lat="41.6577400" lon="13.6072600"></trkpt>
      <trkpt lat="41.6577700" lon="13.6071600"></trkpt>
      <trkpt lat="41.6577800" lon="13.6071500"></trkpt>
      <trkpt lat="41.6578300" lon="13.6070800"></trkpt>
      <trkpt lat="41.6579100" lon="13.6069900"></trkpt>
      <trkpt lat="41.6580700" lon="13.6068300"></trkpt>
      <trkpt lat="41.6582900" lon="13.6065800"></trkpt>
      <trkpt lat="41.6584200" lon="13.6064100"></trkpt>
      <trkpt lat="41.6584900" lon="13.6062500"></trkpt>
      <trkpt lat="41.6586500" lon="13.6060000"></trkpt>
      <trkpt lat="41.6586700" lon="13.6059700"></trkpt>
      <trkpt lat="41.6587300" lon="13.6058900"></trkpt>
      <trkpt lat="41.6588000" lon="13.6058400"></trkpt>
      <trkpt lat="41.6588200" lon="13.6058400"></trkpt>
      <trkpt lat="41.6588900" lon="13.6058100"></trkpt>
      <trkpt lat="41.6589800" lon="13.6057700"></trkpt>
      <trkpt lat="41.6591400" lon="13.6057500"></trkpt>
      <trkpt lat="41.6592600" lon="13.6057500"></trkpt>
      <trkpt lat="41.6592900" lon="13.6057400"></trkpt>
      <trkpt lat="41.6594600" lon="13.6057300"></trkpt>
      <trkpt lat="41.6595500" lon="13.6057300"></trkpt>
      <trkpt lat="41.6596900" lon="13.6057600"></trkpt>
      <trkpt lat="41.6598900" lon="13.6057800"></trkpt>
      <trkpt lat="41.6599000" lon="13.6057800"></trkpt>
      <trkpt lat="41.6599600" lon="13.6057700"></trkpt>
      <trkpt lat="41.6600400" lon="13.6057600"></trkpt>
      <trkpt lat="41.6600800" lon="13.6057500"></trkpt>
      <trkpt lat="41.6601100" lon="13.6057400"></trkpt>
      <trkpt lat="41.6602100" lon="13.6057000"></trkpt>
      <trkpt lat="41.6602600" lon="13.6056800"></trkpt>
      <trkpt lat="41.6604200" lon="13.6056000"></trkpt>
      <trkpt lat="41.6604500" lon="13.6055900"></trkpt>
      <trkpt lat="41.6605600" lon="13.6055200"></trkpt>
      <trkpt lat="41.6607400" lon="13.6054200"></trkpt>
      <trkpt lat="41.6608000" lon="13.6053900"></trkpt>
      <trkpt lat="41.6608700" lon="13.6053600"></trkpt>
      <trkpt lat="41.6611200" lon="13.6052200"></trkpt>
      <trkpt lat="41.6612200" lon="13.6051700"></trkpt>
      <trkpt lat="41.6615000" lon="13.6049900"></trkpt>
      <trkpt lat="41.6615600" lon="13.6049500"></trkpt>
      <trkpt lat="41.6616400" lon="13.6048700"></trkpt>
      <trkpt lat="41.6617000" lon="13.6048100"></trkpt>
      <trkpt lat="41.6618300" lon="13.6046400"></trkpt>
      <trkpt lat="41.6620400" lon="13.6044300"></trkpt>
      <trkpt lat="41.6622500" lon="13.6042800"></trkpt>
      <trkpt lat="41.6623400" lon="13.6042200"></trkpt>
      <trkpt lat="41.6624000" lon="13.6041700"></trkpt>
      <trkpt lat="41.6625400" lon="13.6040800"></trkpt>
      <trkpt lat="41.6626500" lon="13.6039800"></trkpt>
      <trkpt lat="41.6627100" lon="13.6039200"></trkpt>
      <trkpt lat="41.6628000" lon="13.6038400"></trkpt>
      <trkpt lat="41.6628400" lon="13.6038000"></trkpt>
      <trkpt lat="41.6628600" lon="13.6037800"></trkpt>
      <trkpt lat="41.6629100" lon="13.6037100"></trkpt>
      <trkpt lat="41.6630000" lon="13.6035900"></trkpt>
      <trkpt lat="41.6631100" lon="13.6034400"></trkpt>
      <trkpt lat="41.6633700" lon="13.6031200"></trkpt>
      <trkpt lat="41.6636300" lon="13.6028000"></trkpt>
      <trkpt lat="41.6636500" lon="13.6027800"></trkpt>
      <trkpt lat="41.6638900" lon="13.6024600"></trkpt>
      <trkpt lat="41.6639500" lon="13.6023700"></trkpt>
      <trkpt lat="41.6639800" lon="13.6023400"></trkpt>
      <trkpt lat="41.6640000" lon="13.6023000"></trkpt>
      <trkpt lat="41.6640100" lon="13.6022800"></trkpt>
      <trkpt lat="41.6640200" lon="13.6022600"></trkpt>
      <trkpt lat="41.6640400" lon="13.6022200"></trkpt>
      <trkpt lat="41.6640600" lon="13.6021700"></trkpt>
      <trkpt lat="41.6640900" lon="13.6021000"></trkpt>
      <trkpt lat="41.6641000" lon="13.6020700"></trkpt>
      <trkpt lat="41.6641700" lon="13.6018500"></trkpt>
      <trkpt lat="41.6641800" lon="13.6018500"></trkpt>
      <trkpt lat="41.6642100" lon="13.6017700"></trkpt>
      <trkpt lat="41.6642200" lon="13.6017500"></trkpt>
      <trkpt lat="41.6642300" lon="13.6017400"></trkpt>
      <trkpt lat="41.6642500" lon="13.6017200"></trkpt>
      <trkpt lat="41.6642900" lon="13.6016700"></trkpt>
      <trkpt lat="41.6644300" lon="13.6012700"></trkpt>
      <trkpt lat="41.6644800" lon="13.6011200"></trkpt>
      <trkpt lat="41.6645200" lon="13.6010300"></trkpt>
      <trkpt lat="41.6645300" lon="13.6010100"></trkpt>
      <trkpt lat="41.6645400" lon="13.6010000"></trkpt>
      <trkpt lat="41.6645900" lon="13.6009400"></trkpt>
      <trkpt lat="41.6646200" lon="13.6009100"></trkpt>
      <trkpt lat="41.6646400" lon="13.6009000"></trkpt>
      <trkpt lat="41.6647400" lon="13.6008800"></trkpt>
      <trkpt lat="41.6648000" lon="13.6008800"></trkpt>
      <trkpt lat="41.6648800" lon="13.6008800"></trkpt>
      <trkpt lat="41.6649600" lon="13.6008900"></trkpt>
      <trkpt lat="41.6650600" lon="13.6009000"></trkpt>
      <trkpt lat="41.6651700" lon="13.6009000"></trkpt>
      <trkpt lat="41.6652200" lon="13.6008900"></trkpt>
      <trkpt lat="41.6652900" lon="13.6008700"></trkpt>
      <trkpt lat="41.6653500" lon="13.6008500"></trkpt>
      <trkpt lat="41.6654000" lon="13.6008200"></trkpt>
      <trkpt lat="41.6654500" lon="13.6007900"></trkpt>
      <trkpt lat="41.6654700" lon="13.6007300"></trkpt>
      <trkpt lat="41.6654800" lon="13.6007100"></trkpt>
      <trkpt lat="41.6654900" lon="13.6006700"></trkpt>
      <trkpt lat="41.6655000" lon="13.6006400"></trkpt>
      <trkpt lat="41.6655000" lon="13.6005700"></trkpt>
      <trkpt lat="41.6654700" lon="13.6003500"></trkpt>
      <trkpt lat="41.6654400" lon="13.6001400"></trkpt>
      <trkpt lat="41.6654400" lon="13.5998900"></trkpt>
      <trkpt lat="41.6654600" lon="13.5996700"></trkpt>
      <trkpt lat="41.6654900" lon="13.5994500"></trkpt>
      <trkpt lat="41.6655200" lon="13.5993100"></trkpt>
      <trkpt lat="41.6655400" lon="13.5991900"></trkpt>
      <trkpt lat="41.6655500" lon="13.5991100"></trkpt>
      <trkpt lat="41.6656100" lon="13.5989700"></trkpt>
      <trkpt lat="41.6656200" lon="13.5989400"></trkpt>
      <trkpt lat="41.6656900" lon="13.5988200"></trkpt>
      <trkpt lat="41.6657700" lon="13.5987300"></trkpt>
      <trkpt lat="41.6660900" lon="13.5984100"></trkpt>
      <trkpt lat="41.6663100" lon="13.5981200"></trkpt>
      <trkpt lat="41.6664000" lon="13.5980400"></trkpt>
      <trkpt lat="41.6667000" lon="13.5977700"></trkpt>
      <trkpt lat="41.6668500" lon="13.5976700"></trkpt>
      <trkpt lat="41.6669600" lon="13.5975600"></trkpt>
      <trkpt lat="41.6669600" lon="13.5975500"></trkpt>
      <trkpt lat="41.6670500" lon="13.5973500"></trkpt>
      <trkpt lat="41.6670900" lon="13.5972200"></trkpt>
      <trkpt lat="41.6671300" lon="13.5971100"></trkpt>
      <trkpt lat="41.6671400" lon="13.5970400"></trkpt>
      <trkpt lat="41.6671400" lon="13.5970300"></trkpt>
      <trkpt lat="41.6671500" lon="13.5969600"></trkpt>
      <trkpt lat="41.6671500" lon="13.5968200"></trkpt>
      <trkpt lat="41.6671600" lon="13.5966700"></trkpt>
      <trkpt lat="41.6672000" lon="13.5965000"></trkpt>
      <trkpt lat="41.6672500" lon="13.5963200"></trkpt>
      <trkpt lat="41.6673900" lon="13.5959500"></trkpt>
      <trkpt lat="41.6674600" lon="13.5958000"></trkpt>
      <trkpt lat="41.6675100" lon="13.5956600"></trkpt>
      <trkpt lat="41.6675800" lon="13.5955100"></trkpt>
      <trkpt lat="41.6676200" lon="13.5954600"></trkpt>
      <trkpt lat="41.6676700" lon="13.5954000"></trkpt>
      <trkpt lat="41.6676800" lon="13.5953800"></trkpt>
      <trkpt lat="41.6677100" lon="13.5953500"></trkpt>
      <trkpt lat="41.6677700" lon="13.5952800"></trkpt>
      <trkpt lat="41.6679700" lon="13.5951100"></trkpt>
      <trkpt lat="41.6681500" lon="13.5948500"></trkpt>
      <trkpt lat="41.6682100" lon="13.5947400"></trkpt>
      <trkpt lat="41.6683900" lon="13.5944100"></trkpt>
      <trkpt lat="41.6684200" lon="13.5943100"></trkpt>
      <trkpt lat="41.6684500" lon="13.5942700"></trkpt>
      <trkpt lat="41.6684700" lon="13.5942100"></trkpt>
      <trkpt lat="41.6685100" lon="13.5941500"></trkpt>
      <trkpt lat="41.6685300" lon="13.5941200"></trkpt>
      <trkpt lat="41.6685400" lon="13.5941100"></trkpt>
      <trkpt lat="41.6685600" lon="13.5941100"></trkpt>
      <trkpt lat="41.6685800" lon="13.5941000"></trkpt>
      <trkpt lat="41.6686200" lon="13.5941000"></trkpt>
      <trkpt lat="41.6686700" lon="13.5941100"></trkpt>
      <trkpt lat="41.6686900" lon="13.5941100"></trkpt>
      <trkpt lat="41.6687100" lon="13.5941200"></trkpt>
      <trkpt lat="41.6687700" lon="13.5941400"></trkpt>
      <trkpt lat="41.6689200" lon="13.5942400"></trkpt>
      <trkpt lat="41.6690700" lon="13.5942900"></trkpt>
      <trkpt lat="41.6691400" lon="13.5943200"></trkpt>
      <trkpt lat="41.6692100" lon="13.5943400"></trkpt>
      <trkpt lat="41.6693100" lon="13.5943400"></trkpt>
      <trkpt lat="41.6693400" lon="13.5943300"></trkpt>
      <trkpt lat="41.6693600" lon="13.5943200"></trkpt>
      <trkpt lat="41.6693900" lon="13.5943000"></trkpt>
      <trkpt lat="41.6693900" lon="13.5942900"></trkpt>
      <trkpt lat="41.6694100" lon="13.5942500"></trkpt>
      <trkpt lat="41.6694400" lon="13.5941600"></trkpt>
      <trkpt lat="41.6694700" lon="13.5940200"></trkpt>
      <trkpt lat="41.6694800" lon="13.5939200"></trkpt>
      <trkpt lat="41.6694900" lon="13.5938100"></trkpt>
      <trkpt lat="41.6694700" lon="13.5937000"></trkpt>
      <trkpt lat="41.6694500" lon="13.5936300"></trkpt>
      <trkpt lat="41.6694300" lon="13.5935700"></trkpt>
      <trkpt lat="41.6693700" lon="13.5934400"></trkpt>
      <trkpt lat="41.6692200" lon="13.5932000"></trkpt>
      <trkpt lat="41.6692100" lon="13.5931900"></trkpt>
      <trkpt lat="41.6691700" lon="13.5931200"></trkpt>
      <trkpt lat="41.6687800" lon="13.5926900"></trkpt>
      <trkpt lat="41.6686700" lon="13.5925600"></trkpt>
      <trkpt lat="41.6685700" lon="13.5924400"></trkpt>
      <trkpt lat="41.6685300" lon="13.5923600"></trkpt>
      <trkpt lat="41.6684900" lon="13.5922600"></trkpt>
      <trkpt lat="41.6684800" lon="13.5922100"></trkpt>
      <trkpt lat="41.6684500" lon="13.5921000"></trkpt>
      <trkpt lat="41.6684500" lon="13.5920300"></trkpt>
      <trkpt lat="41.6684400" lon="13.5919700"></trkpt>
      <trkpt lat="41.6684400" lon="13.5919200"></trkpt>
      <trkpt lat="41.6684500" lon="13.5918800"></trkpt>
      <trkpt lat="41.6684600" lon="13.5918400"></trkpt>
      <trkpt lat="41.6685000" lon="13.5917100"></trkpt>
      <trkpt lat="41.6685200" lon="13.5916400"></trkpt>
      <trkpt lat="41.6685500" lon="13.5915700"></trkpt>
      <trkpt lat="41.6686200" lon="13.5914200"></trkpt>
      <trkpt lat="41.6686800" lon="13.5913100"></trkpt>
      <trkpt lat="41.6687100" lon="13.5912800"></trkpt>
      <trkpt lat="41.6687300" lon="13.5912500"></trkpt>
      <trkpt lat="41.6687400" lon="13.5912300"></trkpt>
      <trkpt lat="41.6687700" lon="13.5911900"></trkpt>
      <trkpt lat="41.6687900" lon="13.5911600"></trkpt>
      <trkpt lat="41.6688400" lon="13.5910800"></trkpt>
      <trkpt lat="41.6689600" lon="13.5909300"></trkpt>
      <trkpt lat="41.6691200" lon="13.5907200"></trkpt>
      <trkpt lat="41.6692700" lon="13.5904900"></trkpt>
      <trkpt lat="41.6693000" lon="13.5904200"></trkpt>
      <trkpt lat="41.6693500" lon="13.5902600"></trkpt>
      <trkpt lat="41.6693500" lon="13.5902500"></trkpt>
      <trkpt lat="41.6693600" lon="13.5902200"></trkpt>
      <trkpt lat="41.6693700" lon="13.5902000"></trkpt>
      <trkpt lat="41.6694800" lon="13.5898800"></trkpt>
      <trkpt lat="41.6695200" lon="13.5897600"></trkpt>
      <trkpt lat="41.6695600" lon="13.5896600"></trkpt>
      <trkpt lat="41.6695800" lon="13.5896100"></trkpt>
      <trkpt lat="41.6696900" lon="13.5893400"></trkpt>
      <trkpt lat="41.6697600" lon="13.5891700"></trkpt>
      <trkpt lat="41.6697800" lon="13.5891300"></trkpt>
      <trkpt lat="41.6698000" lon="13.5890800"></trkpt>
      <trkpt lat="41.6698600" lon="13.5890200"></trkpt>
      <trkpt lat="41.6698700" lon="13.5890100"></trkpt>
      <trkpt lat="41.6699100" lon="13.5889700"></trkpt>
      <trkpt lat="41.6700000" lon="13.5888900"></trkpt>
      <trkpt lat="41.6700600" lon="13.5888300"></trkpt>
      <trkpt lat="41.6702100" lon="13.5887000"></trkpt>
      <trkpt lat="41.6703400" lon="13.5885900"></trkpt>
      <trkpt lat="41.6704400" lon="13.5884900"></trkpt>
      <trkpt lat="41.6704900" lon="13.5884000"></trkpt>
      <trkpt lat="41.6705400" lon="13.5883200"></trkpt>
      <trkpt lat="41.6707600" lon="13.5877600"></trkpt>
      <trkpt lat="41.6708200" lon="13.5876300"></trkpt>
      <trkpt lat="41.6708500" lon="13.5875700"></trkpt>
      <trkpt lat="41.6710300" lon="13.5871400"></trkpt>
      <trkpt lat="41.6711200" lon="13.5869400"></trkpt>
      <trkpt lat="41.6711800" lon="13.5867900"></trkpt>
      <trkpt lat="41.6712000" lon="13.5867300"></trkpt>
      <trkpt lat="41.6712500" lon="13.5866200"></trkpt>
      <trkpt lat="41.6713600" lon="13.5863400"></trkpt>
      <trkpt lat="41.6713800" lon="13.5863000"></trkpt>
      <trkpt lat="41.6713800" lon="13.5862800"></trkpt>
      <trkpt lat="41.6714000" lon="13.5862500"></trkpt>
      <trkpt lat="41.6714100" lon="13.5862000"></trkpt>
      <trkpt lat="41.6714300" lon="13.5860800"></trkpt>
      <trkpt lat="41.6715600" lon="13.5858300"></trkpt>
      <trkpt lat="41.6715800" lon="13.5858000"></trkpt>
      <trkpt lat="41.6716600" lon="13.5856300"></trkpt>
      <trkpt lat="41.6717600" lon="13.5854400"></trkpt>
      <trkpt lat="41.6717600" lon="13.5854300"></trkpt>
      <trkpt lat="41.6718700" lon="13.5852400"></trkpt>
      <trkpt lat="41.6719100" lon="13.5851700"></trkpt>
      <trkpt lat="41.6719800" lon="13.5850500"></trkpt>
      <trkpt lat="41.6719900" lon="13.5850300"></trkpt>
      <trkpt lat="41.6720600" lon="13.5849500"></trkpt>
      <trkpt lat="41.6721800" lon="13.5848600"></trkpt>
      <trkpt lat="41.6722900" lon="13.5848000"></trkpt>
      <trkpt lat="41.6724100" lon="13.5847600"></trkpt>
      <trkpt lat="41.6724600" lon="13.5847300"></trkpt>
      <trkpt lat="41.6725400" lon="13.5846900"></trkpt>
      <trkpt lat="41.6726100" lon="13.5846400"></trkpt>
      <trkpt lat="41.6726200" lon="13.5846300"></trkpt>
      <trkpt lat="41.6726700" lon="13.5845900"></trkpt>
      <trkpt lat="41.6727000" lon="13.5845400"></trkpt>
      <trkpt lat="41.6727300" lon="13.5844900"></trkpt>
      <trkpt lat="41.6727400" lon="13.5844600"></trkpt>
      <trkpt lat="41.6728200" lon="13.5842800"></trkpt>
      <trkpt lat="41.6728300" lon="13.5842500"></trkpt>
      <trkpt lat="41.6729100" lon="13.5840400"></trkpt>
      <trkpt lat="41.6729500" lon="13.5839300"></trkpt>
      <trkpt lat="41.6729900" lon="13.5838200"></trkpt>
      <trkpt lat="41.6730300" lon="13.5837200"></trkpt>
      <trkpt lat="41.6730500" lon="13.5836300"></trkpt>
      <trkpt lat="41.6730600" lon="13.5836000"></trkpt>
      <trkpt lat="41.6730700" lon="13.5835000"></trkpt>
      <trkpt lat="41.6730800" lon="13.5833600"></trkpt>
      <trkpt lat="41.6730800" lon="13.5833300"></trkpt>
      <trkpt lat="41.6730900" lon="13.5832700"></trkpt>
      <trkpt lat="41.6731100" lon="13.5832200"></trkpt>
      <trkpt lat="41.6731200" lon="13.5831900"></trkpt>
      <trkpt lat="41.6731400" lon="13.5831600"></trkpt>
      <trkpt lat="41.6732000" lon="13.5831000"></trkpt>
      <trkpt lat="41.6733100" lon="13.5830400"></trkpt>
      <trkpt lat="41.6735300" lon="13.5829600"></trkpt>
      <trkpt lat="41.6736600" lon="13.5829100"></trkpt>
      <trkpt lat="41.6736900" lon="13.5829000"></trkpt>
      <trkpt lat="41.6739000" lon="13.5828400"></trkpt>
      <trkpt lat="41.6740100" lon="13.5828100"></trkpt>
      <trkpt lat="41.6740700" lon="13.5827900"></trkpt>
      <trkpt lat="41.6741800" lon="13.5827500"></trkpt>
      <trkpt lat="41.6743600" lon="13.5827000"></trkpt>
      <trkpt lat="41.6744600" lon="13.5826700"></trkpt>
      <trkpt lat="41.6745300" lon="13.5826500"></trkpt>
      <trkpt lat="41.6745600" lon="13.5826400"></trkpt>
      <trkpt lat="41.6745800" lon="13.5826200"></trkpt>
      <trkpt lat="41.6746000" lon="13.5826000"></trkpt>
      <trkpt lat="41.6746200" lon="13.5825900"></trkpt>
      <trkpt lat="41.6746300" lon="13.5825700"></trkpt>
      <trkpt lat="41.6746600" lon="13.5824900"></trkpt>
      <trkpt lat="41.6746700" lon="13.5824600"></trkpt>
      <trkpt lat="41.6747100" lon="13.5823300"></trkpt>
      <trkpt lat="41.6747400" lon="13.5822300"></trkpt>
      <trkpt lat="41.6747800" lon="13.5821200"></trkpt>
      <trkpt lat="41.6747900" lon="13.5820600"></trkpt>
      <trkpt lat="41.6748100" lon="13.5819900"></trkpt>
      <trkpt lat="41.6748200" lon="13.5819300"></trkpt>
      <trkpt lat="41.6748200" lon="13.5818700"></trkpt>
      <trkpt lat="41.6748100" lon="13.5818200"></trkpt>
      <trkpt lat="41.6748100" lon="13.5818100"></trkpt>
      <trkpt lat="41.6747800" lon="13.5817300"></trkpt>
      <trkpt lat="41.6747400" lon="13.5816400"></trkpt>
      <trkpt lat="41.6747200" lon="13.5816000"></trkpt>
      <trkpt lat="41.6746800" lon="13.5814900"></trkpt>
      <trkpt lat="41.6746500" lon="13.5814300"></trkpt>
      <trkpt lat="41.6746400" lon="13.5813800"></trkpt>
      <trkpt lat="41.6746300" lon="13.5813400"></trkpt>
      <trkpt lat="41.6746300" lon="13.5812900"></trkpt>
      <trkpt lat="41.6746200" lon="13.5812400"></trkpt>
      <trkpt lat="41.6746200" lon="13.5811500"></trkpt>
      <trkpt lat="41.6746300" lon="13.5811200"></trkpt>
      <trkpt lat="41.6746300" lon="13.5810800"></trkpt>
      <trkpt lat="41.6746400" lon="13.5810300"></trkpt>
      <trkpt lat="41.6746600" lon="13.5809100"></trkpt>
      <trkpt lat="41.6746700" lon="13.5808800"></trkpt>
      <trkpt lat="41.6747100" lon="13.5806800"></trkpt>
      <trkpt lat="41.6747100" lon="13.5806600"></trkpt>
      <trkpt lat="41.6747300" lon="13.5805500"></trkpt>
      <trkpt lat="41.6747400" lon="13.5804700"></trkpt>
      <trkpt lat="41.6747500" lon="13.5804400"></trkpt>
      <trkpt lat="41.6747400" lon="13.5804100"></trkpt>
      <trkpt lat="41.6747300" lon="13.5803200"></trkpt>
      <trkpt lat="41.6747300" lon="13.5801800"></trkpt>
      <trkpt lat="41.6747400" lon="13.5801700"></trkpt>
      <trkpt lat="41.6747400" lon="13.5801200"></trkpt>
      <trkpt lat="41.6747500" lon="13.5800800"></trkpt>
      <trkpt lat="41.6747600" lon="13.5800600"></trkpt>
      <trkpt lat="41.6747600" lon="13.5800400"></trkpt>
      <trkpt lat="41.6747700" lon="13.5800400"></trkpt>
      <trkpt lat="41.6747700" lon="13.5800300"></trkpt>
      <trkpt lat="41.6747800" lon="13.5800300"></trkpt>
      <trkpt lat="41.6747900" lon="13.5800200"></trkpt>
      <trkpt lat="41.6748100" lon="13.5800100"></trkpt>
      <trkpt lat="41.6748300" lon="13.5800100"></trkpt>
      <trkpt lat="41.6748300" lon="13.5800000"></trkpt>
      <trkpt lat="41.6748500" lon="13.5799900"></trkpt>
      <trkpt lat="41.6748600" lon="13.5799800"></trkpt>
      <trkpt lat="41.6748600" lon="13.5799700"></trkpt>
      <trkpt lat="41.6748700" lon="13.5799600"></trkpt>
      <trkpt lat="41.6748700" lon="13.5799500"></trkpt>
      <trkpt lat="41.6748800" lon="13.5799400"></trkpt>
      <trkpt lat="41.6748800" lon="13.5799200"></trkpt>
      <trkpt lat="41.6749000" lon="13.5798600"></trkpt>
      <trkpt lat="41.6749100" lon="13.5798200"></trkpt>
      <trkpt lat="41.6749100" lon="13.5797900"></trkpt>
      <trkpt lat="41.6749200" lon="13.5797700"></trkpt>
      <trkpt lat="41.6749200" lon="13.5797600"></trkpt>
      <trkpt lat="41.6749300" lon="13.5797400"></trkpt>
      <trkpt lat="41.6749400" lon="13.5797200"></trkpt>
      <trkpt lat="41.6749400" lon="13.5797000"></trkpt>
      <trkpt lat="41.6749500" lon="13.5796900"></trkpt>
      <trkpt lat="41.6749600" lon="13.5796800"></trkpt>
      <trkpt lat="41.6749700" lon="13.5796600"></trkpt>
      <trkpt lat="41.6749700" lon="13.5796500"></trkpt>
      <trkpt lat="41.6749800" lon="13.5796400"></trkpt>
      <trkpt lat="41.6750000" lon="13.5796200"></trkpt>
      <trkpt lat="41.6750200" lon="13.5795900"></trkpt>
      <trkpt lat="41.6750300" lon="13.5795800"></trkpt>
      <trkpt lat="41.6750400" lon="13.5795700"></trkpt>
      <trkpt lat="41.6751000" lon="13.5795200"></trkpt>
      <trkpt lat="41.6751500" lon="13.5794900"></trkpt>
      <trkpt lat="41.6751800" lon="13.5794700"></trkpt>
      <trkpt lat="41.6751900" lon="13.5794500"></trkpt>
      <trkpt lat="41.6752000" lon="13.5794400"></trkpt>
      <trkpt lat="41.6752100" lon="13.5794200"></trkpt>
      <trkpt lat="41.6752200" lon="13.5794100"></trkpt>
      <trkpt lat="41.6752300" lon="13.5794000"></trkpt>
      <trkpt lat="41.6752400" lon="13.5793800"></trkpt>
      <trkpt lat="41.6752400" lon="13.5793700"></trkpt>
      <trkpt lat="41.6752500" lon="13.5793500"></trkpt>
      <trkpt lat="41.6752600" lon="13.5793400"></trkpt>
      <trkpt lat="41.6752700" lon="13.5793000"></trkpt>
      <trkpt lat="41.6752900" lon="13.5791900"></trkpt>
      <trkpt lat="41.6753200" lon="13.5790800"></trkpt>
      <trkpt lat="41.6753300" lon="13.5789600"></trkpt>
      <trkpt lat="41.6753400" lon="13.5788700"></trkpt>
      <trkpt lat="41.6753600" lon="13.5786000"></trkpt>
      <trkpt lat="41.6753800" lon="13.5783300"></trkpt>
      <trkpt lat="41.6754200" lon="13.5778200"></trkpt>
      <trkpt lat="41.6754300" lon="13.5777900"></trkpt>
      <trkpt lat="41.6754600" lon="13.5776500"></trkpt>
      <trkpt lat="41.6754900" lon="13.5774900"></trkpt>
      <trkpt lat="41.6756900" lon="13.5764100"></trkpt>
      <trkpt lat="41.6756900" lon="13.5763800"></trkpt>
      <trkpt lat="41.6757000" lon="13.5763500"></trkpt>
      <trkpt lat="41.6757000" lon="13.5763200"></trkpt>
      <trkpt lat="41.6756900" lon="13.5763000"></trkpt>
      <trkpt lat="41.6756900" lon="13.5762400"></trkpt>
      <trkpt lat="41.6760200" lon="13.5759000"></trkpt>
      <trkpt lat="41.6760500" lon="13.5758800"></trkpt>
      <trkpt lat="41.6761600" lon="13.5757700"></trkpt>
      <trkpt lat="41.6763300" lon="13.5756000"></trkpt>
      <trkpt lat="41.6763000" lon="13.5754500"></trkpt>
      <trkpt lat="41.6762400" lon="13.5750000"></trkpt>
      <trkpt lat="41.6762300" lon="13.5748800"></trkpt>
      <trkpt lat="41.6762100" lon="13.5747400"></trkpt>
      <trkpt lat="41.6761400" lon="13.5742300"></trkpt>
      <trkpt lat="41.6761200" lon="13.5741200"></trkpt>
      <trkpt lat="41.6760600" lon="13.5736400"></trkpt>
      <trkpt lat="41.6760500" lon="13.5735600"></trkpt>
      <trkpt lat="41.6760000" lon="13.5732600"></trkpt>
      <trkpt lat="41.6759500" lon="13.5729200"></trkpt>
      <trkpt lat="41.6758900" lon="13.5726100"></trkpt>
      <trkpt lat="41.6758800" lon="13.5725600"></trkpt>
      <trkpt lat="41.6758700" lon="13.5725000"></trkpt>
      <trkpt lat="41.6758800" lon="13.5724400"></trkpt>
      <trkpt lat="41.6756500" lon="13.5720200"></trkpt>
      <trkpt lat="41.6755100" lon="13.5717700"></trkpt>
      <trkpt lat="41.6754300" lon="13.5716300"></trkpt>
      <trkpt lat="41.6753700" lon="13.5715500"></trkpt>
      <trkpt lat="41.6752800" lon="13.5714300"></trkpt>
      <trkpt lat="41.6751600" lon="13.5713100"></trkpt>
      <trkpt lat="41.6751200" lon="13.5712500"></trkpt>
      <trkpt lat="41.6750900" lon="13.5712000"></trkpt>
      <trkpt lat="41.6750600" lon="13.5711500"></trkpt>
      <trkpt lat="41.6750400" lon="13.5710900"></trkpt>
      <trkpt lat="41.6750100" lon="13.5709600"></trkpt>
      <trkpt lat="41.6752200" lon="13.5709100"></trkpt>
      <trkpt lat="41.6753700" lon="13.5708700"></trkpt>
      <trkpt lat="41.6757500" lon="13.5707600"></trkpt>
      <trkpt lat="41.6761600" lon="13.5706500"></trkpt>
      <trkpt lat="41.6763600" lon="13.5706000"></trkpt>
      <trkpt lat="41.6765700" lon="13.5705400"></trkpt>
      <trkpt lat="41.6765700" lon="13.5705600"></trkpt>
      <trkpt lat="41.6765800" lon="13.5705700"></trkpt>
      <trkpt lat="41.6765800" lon="13.5705800"></trkpt>
      <trkpt lat="41.6765900" lon="13.5705900"></trkpt>
      <trkpt lat="41.6765900" lon="13.5706000"></trkpt>
      <trkpt lat="41.6766000" lon="13.5706000"></trkpt>
      <trkpt lat="41.6766100" lon="13.5706100"></trkpt>
      <trkpt lat="41.6766500" lon="13.5706100"></trkpt>
      <trkpt lat="41.6766600" lon="13.5706000"></trkpt>
      <trkpt lat="41.6766700" lon="13.5706000"></trkpt>
      <trkpt lat="41.6766800" lon="13.5705900"></trkpt>
      <trkpt lat="41.6766800" lon="13.5705700"></trkpt>
      <trkpt lat="41.6766900" lon="13.5705600"></trkpt>
      <trkpt lat="41.6767000" lon="13.5705400"></trkpt>
      <trkpt lat="41.6767000" lon="13.5705100"></trkpt>
      <trkpt lat="41.6766900" lon="13.5705000"></trkpt>
      <trkpt lat="41.6766900" lon="13.5704900"></trkpt>
      <trkpt lat="41.6766800" lon="13.5704800"></trkpt>
      <trkpt lat="41.6766700" lon="13.5704600"></trkpt>
      <trkpt lat="41.6766600" lon="13.5704500"></trkpt>
      <trkpt lat="41.6766500" lon="13.5704400"></trkpt>
      <trkpt lat="41.6766400" lon="13.5704300"></trkpt>
      <trkpt lat="41.6766300" lon="13.5704300"></trkpt>
      <trkpt lat="41.6766200" lon="13.5704300"></trkpt>
      <trkpt lat="41.6764700" lon="13.5693800"></trkpt>
      <trkpt lat="41.6764000" lon="13.5689200"></trkpt>
      <trkpt lat="41.6762600" lon="13.5679600"></trkpt>
      <trkpt lat="41.6761600" lon="13.5672100"></trkpt>
      <trkpt lat="41.6761000" lon="13.5668700"></trkpt>
      <trkpt lat="41.6760900" lon="13.5667600"></trkpt>
      <trkpt lat="41.6760000" lon="13.5660500"></trkpt>
      <trkpt lat="41.6759400" lon="13.5654900"></trkpt>
      <trkpt lat="41.6759400" lon="13.5654200"></trkpt>
      <trkpt lat="41.6759800" lon="13.5651900"></trkpt>
      <trkpt lat="41.6759900" lon="13.5651900"></trkpt>
      <trkpt lat="41.6760100" lon="13.5651700"></trkpt>
      <trkpt lat="41.6760300" lon="13.5651400"></trkpt>
      <trkpt lat="41.6760300" lon="13.5651300"></trkpt>
      <trkpt lat="41.6762200" lon="13.5650100"></trkpt>
      <trkpt lat="41.6764400" lon="13.5648800"></trkpt>
      <trkpt lat="41.6772300" lon="13.5644700"></trkpt>
      <trkpt lat="41.6783500" lon="13.5637500"></trkpt>
      <trkpt lat="41.6785100" lon="13.5636500"></trkpt>
      <trkpt lat="41.6788300" lon="13.5634600"></trkpt>
      <trkpt lat="41.6791500" lon="13.5632700"></trkpt>
      <trkpt lat="41.6792500" lon="13.5632000"></trkpt>
      <trkpt lat="41.6793700" lon="13.5631400"></trkpt>
      <trkpt lat="41.6795800" lon="13.5630400"></trkpt>
      <trkpt lat="41.6796200" lon="13.5630200"></trkpt>
      <trkpt lat="41.6796900" lon="13.5629900"></trkpt>
      <trkpt lat="41.6798200" lon="13.5629600"></trkpt>
      <trkpt lat="41.6798900" lon="13.5629400"></trkpt>
      <trkpt lat="41.6798900" lon="13.5629500"></trkpt>
      <trkpt lat="41.6799000" lon="13.5629500"></trkpt>
      <trkpt lat="41.6799000" lon="13.5629600"></trkpt>
      <trkpt lat="41.6799100" lon="13.5629600"></trkpt>
      <trkpt lat="41.6799100" lon="13.5629700"></trkpt>
      <trkpt lat="41.6799200" lon="13.5629700"></trkpt>
      <trkpt lat="41.6799300" lon="13.5629700"></trkpt>
      <trkpt lat="41.6799400" lon="13.5629800"></trkpt>
      <trkpt lat="41.6799600" lon="13.5629800"></trkpt>
      <trkpt lat="41.6799700" lon="13.5629700"></trkpt>
      <trkpt lat="41.6799800" lon="13.5629700"></trkpt>
      <trkpt lat="41.6799900" lon="13.5629700"></trkpt>
      <trkpt lat="41.6799900" lon="13.5629600"></trkpt>
      <trkpt lat="41.6800000" lon="13.5629600"></trkpt>
      <trkpt lat="41.6800000" lon="13.5629500"></trkpt>
      <trkpt lat="41.6800100" lon="13.5629500"></trkpt>
      <trkpt lat="41.6800100" lon="13.5629300"></trkpt>
      <trkpt lat="41.6800200" lon="13.5629300"></trkpt>
      <trkpt lat="41.6800200" lon="13.5629100"></trkpt>
      <trkpt lat="41.6800300" lon="13.5629100"></trkpt>
      <trkpt lat="41.6800300" lon="13.5628200"></trkpt>
      <trkpt lat="41.6800200" lon="13.5628200"></trkpt>
      <trkpt lat="41.6800200" lon="13.5628000"></trkpt>
      <trkpt lat="41.6800100" lon="13.5627900"></trkpt>
      <trkpt lat="41.6800100" lon="13.5627800"></trkpt>
      <trkpt lat="41.6800000" lon="13.5627800"></trkpt>
      <trkpt lat="41.6799600" lon="13.5626100"></trkpt>
      <trkpt lat="41.6799000" lon="13.5623700"></trkpt>
      <trkpt lat="41.6798600" lon="13.5622200"></trkpt>
      <trkpt lat="41.6798500" lon="13.5621700"></trkpt>
      <trkpt lat="41.6798200" lon="13.5620300"></trkpt>
      <trkpt lat="41.6798200" lon="13.5620100"></trkpt>
      <trkpt lat="41.6797500" lon="13.5617600"></trkpt>
      <trkpt lat="41.6797000" lon="13.5615000"></trkpt>
      <trkpt lat="41.6796700" lon="13.5613000"></trkpt>
      <trkpt lat="41.6796400" lon="13.5611000"></trkpt>
      <trkpt lat="41.6795000" lon="13.5603200"></trkpt>
      <trkpt lat="41.6794700" lon="13.5601300"></trkpt>
      <trkpt lat="41.6794500" lon="13.5599900"></trkpt>
      <trkpt lat="41.6794000" lon="13.5596900"></trkpt>
      <trkpt lat="41.6793700" lon="13.5594800"></trkpt>
      <trkpt lat="41.6793300" lon="13.5593300"></trkpt>
      <trkpt lat="41.6793100" lon="13.5592000"></trkpt>
      <trkpt lat="41.6792300" lon="13.5587900"></trkpt>
      <trkpt lat="41.6791200" lon="13.5581800"></trkpt>
      <trkpt lat="41.6790700" lon="13.5578600"></trkpt>
      <trkpt lat="41.6790100" lon="13.5575500"></trkpt>
      <trkpt lat="41.6789000" lon="13.5569000"></trkpt>
      <trkpt lat="41.6788700" lon="13.5566900"></trkpt>
      <trkpt lat="41.6788600" lon="13.5566100"></trkpt>
      <trkpt lat="41.6787900" lon="13.5561900"></trkpt>
      <trkpt lat="41.6787400" lon="13.5559200"></trkpt>
      <trkpt lat="41.6787400" lon="13.5558900"></trkpt>
      <trkpt lat="41.6787000" lon="13.5557200"></trkpt>
      <trkpt lat="41.6786800" lon="13.5556300"></trkpt>
      <trkpt lat="41.6786000" lon="13.5554600"></trkpt>
      <trkpt lat="41.6785000" lon="13.5552700"></trkpt>
      <trkpt lat="41.6784900" lon="13.5552500"></trkpt>
      <trkpt lat="41.6783900" lon="13.5550900"></trkpt>
      <trkpt lat="41.6783100" lon="13.5549500"></trkpt>
      <trkpt lat="41.6782300" lon="13.5548300"></trkpt>
      <trkpt lat="41.6780500" lon="13.5545900"></trkpt>
      <trkpt lat="41.6780000" lon="13.5545000"></trkpt>
      <trkpt lat="41.6778400" lon="13.5541100"></trkpt>
      <trkpt lat="41.6778100" lon="13.5540200"></trkpt>
      <trkpt lat="41.6777500" lon="13.5538800"></trkpt>
      <trkpt lat="41.6776900" lon="13.5536300"></trkpt>
      <trkpt lat="41.6775700" lon="13.5531600"></trkpt>
      <trkpt lat="41.6775100" lon="13.5529000"></trkpt>
      <trkpt lat="41.6774800" lon="13.5528100"></trkpt>
      <trkpt lat="41.6773000" lon="13.5520800"></trkpt>
      <trkpt lat="41.6771300" lon="13.5513800"></trkpt>
      <trkpt lat="41.6771100" lon="13.5513000"></trkpt>
      <trkpt lat="41.6770700" lon="13.5511500"></trkpt>
      <trkpt lat="41.6769700" lon="13.5507800"></trkpt>
      <trkpt lat="41.6769600" lon="13.5506100"></trkpt>
      <trkpt lat="41.6769700" lon="13.5505000"></trkpt>
      <trkpt lat="41.6770000" lon="13.5503700"></trkpt>
      <trkpt lat="41.6771300" lon="13.5499200"></trkpt>
      <trkpt lat="41.6772400" lon="13.5490400"></trkpt>
      <trkpt lat="41.6772500" lon="13.5489100"></trkpt>
      <trkpt lat="41.6772700" lon="13.5488000"></trkpt>
      <trkpt lat="41.6773200" lon="13.5486000"></trkpt>
      <trkpt lat="41.6773200" lon="13.5485700"></trkpt>
      <trkpt lat="41.6773900" lon="13.5483800"></trkpt>
      <trkpt lat="41.6774000" lon="13.5483500"></trkpt>
      <trkpt lat="41.6774700" lon="13.5482100"></trkpt>
      <trkpt lat="41.6775100" lon="13.5481600"></trkpt>
      <trkpt lat="41.6775600" lon="13.5480900"></trkpt>
      <trkpt lat="41.6776500" lon="13.5480200"></trkpt>
      <trkpt lat="41.6777100" lon="13.5479600"></trkpt>
      <trkpt lat="41.6778500" lon="13.5478800"></trkpt>
      <trkpt lat="41.6778800" lon="13.5478700"></trkpt>
      <trkpt lat="41.6780500" lon="13.5478100"></trkpt>
      <trkpt lat="41.6781100" lon="13.5477900"></trkpt>
      <trkpt lat="41.6782300" lon="13.5477500"></trkpt>
      <trkpt lat="41.6784000" lon="13.5476800"></trkpt>
      <trkpt lat="41.6785500" lon="13.5476300"></trkpt>
      <trkpt lat="41.6785700" lon="13.5476200"></trkpt>
      <trkpt lat="41.6787400" lon="13.5475400"></trkpt>
      <trkpt lat="41.6789100" lon="13.5474600"></trkpt>
      <trkpt lat="41.6789400" lon="13.5474500"></trkpt>
      <trkpt lat="41.6791600" lon="13.5472900"></trkpt>
      <trkpt lat="41.6793600" lon="13.5470800"></trkpt>
      <trkpt lat="41.6793600" lon="13.5470700"></trkpt>
      <trkpt lat="41.6796200" lon="13.5467200"></trkpt>
      <trkpt lat="41.6797400" lon="13.5465400"></trkpt>
      <trkpt lat="41.6799600" lon="13.5462100"></trkpt>
      <trkpt lat="41.6800800" lon="13.5460300"></trkpt>
      <trkpt lat="41.6801900" lon="13.5458700"></trkpt>
      <trkpt lat="41.6802100" lon="13.5458100"></trkpt>
      <trkpt lat="41.6802900" lon="13.5456400"></trkpt>
      <trkpt lat="41.6803200" lon="13.5455800"></trkpt>
      <trkpt lat="41.6803400" lon="13.5454600"></trkpt>
      <trkpt lat="41.6803600" lon="13.5453300"></trkpt>
      <trkpt lat="41.6803600" lon="13.5450400"></trkpt>
      <trkpt lat="41.6803300" lon="13.5449000"></trkpt>
      <trkpt lat="41.6803200" lon="13.5448500"></trkpt>
      <trkpt lat="41.6802400" lon="13.5444500"></trkpt>
      <trkpt lat="41.6801900" lon="13.5442200"></trkpt>
      <trkpt lat="41.6800800" lon="13.5437400"></trkpt>
      <trkpt lat="41.6800700" lon="13.5436900"></trkpt>
      <trkpt lat="41.6800300" lon="13.5434700"></trkpt>
      <trkpt lat="41.6800000" lon="13.5433000"></trkpt>
      <trkpt lat="41.6799800" lon="13.5432400"></trkpt>
      <trkpt lat="41.6798000" lon="13.5426000"></trkpt>
      <trkpt lat="41.6797200" lon="13.5423400"></trkpt>
      <trkpt lat="41.6796200" lon="13.5420900"></trkpt>
      <trkpt lat="41.6796000" lon="13.5420300"></trkpt>
      <trkpt lat="41.6795000" lon="13.5418300"></trkpt>
      <trkpt lat="41.6794500" lon="13.5417000"></trkpt>
      <trkpt lat="41.6794100" lon="13.5416200"></trkpt>
      <trkpt lat="41.6791300" lon="13.5410900"></trkpt>
      <trkpt lat="41.6790400" lon="13.5409100"></trkpt>
      <trkpt lat="41.6789800" lon="13.5407800"></trkpt>
      <trkpt lat="41.6789500" lon="13.5406400"></trkpt>
      <trkpt lat="41.6789300" lon="13.5405300"></trkpt>
      <trkpt lat="41.6788500" lon="13.5400900"></trkpt>
      <trkpt lat="41.6788400" lon="13.5400000"></trkpt>
      <trkpt lat="41.6787800" lon="13.5396200"></trkpt>
      <trkpt lat="41.6787100" lon="13.5391600"></trkpt>
      <trkpt lat="41.6787000" lon="13.5390800"></trkpt>
      <trkpt lat="41.6786700" lon="13.5388500"></trkpt>
      <trkpt lat="41.6786700" lon="13.5384500"></trkpt>
      <trkpt lat="41.6787000" lon="13.5381700"></trkpt>
      <trkpt lat="41.6787100" lon="13.5379500"></trkpt>
      <trkpt lat="41.6787200" lon="13.5378800"></trkpt>
      <trkpt lat="41.6787700" lon="13.5374500"></trkpt>
      <trkpt lat="41.6788800" lon="13.5365800"></trkpt>
      <trkpt lat="41.6789100" lon="13.5363900"></trkpt>
      <trkpt lat="41.6789100" lon="13.5363400"></trkpt>
      <trkpt lat="41.6789600" lon="13.5359800"></trkpt>
      <trkpt lat="41.6789800" lon="13.5358700"></trkpt>
      <trkpt lat="41.6790500" lon="13.5355800"></trkpt>
      <trkpt lat="41.6791000" lon="13.5354100"></trkpt>
      <trkpt lat="41.6791800" lon="13.5352100"></trkpt>
      <trkpt lat="41.6793000" lon="13.5350500"></trkpt>
      <trkpt lat="41.6793700" lon="13.5349100"></trkpt>
      <trkpt lat="41.6794000" lon="13.5348900"></trkpt>
      <trkpt lat="41.6795300" lon="13.5347600"></trkpt>
      <trkpt lat="41.6797100" lon="13.5346400"></trkpt>
      <trkpt lat="41.6803400" lon="13.5342500"></trkpt>
      <trkpt lat="41.6805000" lon="13.5341300"></trkpt>
      <trkpt lat="41.6807500" lon="13.5339300"></trkpt>
      <trkpt lat="41.6808100" lon="13.5338800"></trkpt>
      <trkpt lat="41.6809000" lon="13.5338100"></trkpt>
      <trkpt lat="41.6809600" lon="13.5337600"></trkpt>
      <trkpt lat="41.6810400" lon="13.5337000"></trkpt>
      <trkpt lat="41.6810600" lon="13.5336900"></trkpt>
      <trkpt lat="41.6811100" lon="13.5336300"></trkpt>
      <trkpt lat="41.6812200" lon="13.5335200"></trkpt>
      <trkpt lat="41.6813000" lon="13.5334100"></trkpt>
      <trkpt lat="41.6813500" lon="13.5332700"></trkpt>
      <trkpt lat="41.6813600" lon="13.5331400"></trkpt>
      <trkpt lat="41.6813600" lon="13.5330400"></trkpt>
      <trkpt lat="41.6813400" lon="13.5329100"></trkpt>
      <trkpt lat="41.6813300" lon="13.5328200"></trkpt>
      <trkpt lat="41.6812800" lon="13.5325600"></trkpt>
      <trkpt lat="41.6812300" lon="13.5323500"></trkpt>
      <trkpt lat="41.6812100" lon="13.5322800"></trkpt>
      <trkpt lat="41.6811800" lon="13.5321400"></trkpt>
      <trkpt lat="41.6811100" lon="13.5317800"></trkpt>
      <trkpt lat="41.6810500" lon="13.5314900"></trkpt>
      <trkpt lat="41.6810200" lon="13.5313100"></trkpt>
      <trkpt lat="41.6809600" lon="13.5310200"></trkpt>
      <trkpt lat="41.6808600" lon="13.5305100"></trkpt>
      <trkpt lat="41.6807800" lon="13.5301100"></trkpt>
      <trkpt lat="41.6807500" lon="13.5299400"></trkpt>
      <trkpt lat="41.6807000" lon="13.5296800"></trkpt>
      <trkpt lat="41.6806600" lon="13.5294500"></trkpt>
      <trkpt lat="41.6806200" lon="13.5292300"></trkpt>
      <trkpt lat="41.6805600" lon="13.5289700"></trkpt>
      <trkpt lat="41.6805600" lon="13.5289200"></trkpt>
      <trkpt lat="41.6805400" lon="13.5288300"></trkpt>
      <trkpt lat="41.6805200" lon="13.5287500"></trkpt>
      <trkpt lat="41.6805700" lon="13.5283600"></trkpt>
      <trkpt lat="41.6806000" lon="13.5282900"></trkpt>
      <trkpt lat="41.6806200" lon="13.5282200"></trkpt>
      <trkpt lat="41.6806400" lon="13.5281300"></trkpt>
      <trkpt lat="41.6806500" lon="13.5280700"></trkpt>
      <trkpt lat="41.6806600" lon="13.5280000"></trkpt>
      <trkpt lat="41.6806500" lon="13.5279200"></trkpt>
      <trkpt lat="41.6806500" lon="13.5278300"></trkpt>
      <trkpt lat="41.6806400" lon="13.5278000"></trkpt>
      <trkpt lat="41.6806400" lon="13.5277700"></trkpt>
      <trkpt lat="41.6806300" lon="13.5277300"></trkpt>
      <trkpt lat="41.6806100" lon="13.5276800"></trkpt>
      <trkpt lat="41.6805900" lon="13.5276500"></trkpt>
      <trkpt lat="41.6805900" lon="13.5276400"></trkpt>
      <trkpt lat="41.6805800" lon="13.5276000"></trkpt>
      <trkpt lat="41.6805500" lon="13.5275500"></trkpt>
      <trkpt lat="41.6805400" lon="13.5275200"></trkpt>
      <trkpt lat="41.6805200" lon="13.5274800"></trkpt>
      <trkpt lat="41.6804900" lon="13.5274100"></trkpt>
      <trkpt lat="41.6804500" lon="13.5273100"></trkpt>
      <trkpt lat="41.6804300" lon="13.5272400"></trkpt>
      <trkpt lat="41.6804200" lon="13.5271700"></trkpt>
      <trkpt lat="41.6804000" lon="13.5270800"></trkpt>
      <trkpt lat="41.6803900" lon="13.5270000"></trkpt>
      <trkpt lat="41.6803900" lon="13.5268100"></trkpt>
      <trkpt lat="41.6804000" lon="13.5267300"></trkpt>
      <trkpt lat="41.6804000" lon="13.5267200"></trkpt>
      <trkpt lat="41.6804100" lon="13.5266300"></trkpt>
      <trkpt lat="41.6804300" lon="13.5265400"></trkpt>
      <trkpt lat="41.6804400" lon="13.5265100"></trkpt>
      <trkpt lat="41.6804700" lon="13.5263900"></trkpt>
      <trkpt lat="41.6804900" lon="13.5263400"></trkpt>
      <trkpt lat="41.6805200" lon="13.5262600"></trkpt>
      <trkpt lat="41.6805700" lon="13.5261500"></trkpt>
      <trkpt lat="41.6806100" lon="13.5261000"></trkpt>
      <trkpt lat="41.6806800" lon="13.5259900"></trkpt>
      <trkpt lat="41.6807400" lon="13.5259100"></trkpt>
      <trkpt lat="41.6808100" lon="13.5258300"></trkpt>
      <trkpt lat="41.6808200" lon="13.5258300"></trkpt>
      <trkpt lat="41.6808700" lon="13.5257800"></trkpt>
      <trkpt lat="41.6808800" lon="13.5257700"></trkpt>
      <trkpt lat="41.6808900" lon="13.5257700"></trkpt>
      <trkpt lat="41.6809500" lon="13.5257300"></trkpt>
      <trkpt lat="41.6810000" lon="13.5257000"></trkpt>
      <trkpt lat="41.6810200" lon="13.5256800"></trkpt>
      <trkpt lat="41.6810700" lon="13.5256600"></trkpt>
      <trkpt lat="41.6811000" lon="13.5256500"></trkpt>
      <trkpt lat="41.6811600" lon="13.5256200"></trkpt>
      <trkpt lat="41.6812400" lon="13.5256100"></trkpt>
      <trkpt lat="41.6813200" lon="13.5255900"></trkpt>
      <trkpt lat="41.6813500" lon="13.5256000"></trkpt>
      <trkpt lat="41.6813800" lon="13.5256000"></trkpt>
      <trkpt lat="41.6814100" lon="13.5256200"></trkpt>
      <trkpt lat="41.6814400" lon="13.5256300"></trkpt>
      <trkpt lat="41.6814700" lon="13.5256500"></trkpt>
      <trkpt lat="41.6815100" lon="13.5256900"></trkpt>
      <trkpt lat="41.6815400" lon="13.5257300"></trkpt>
      <trkpt lat="41.6815700" lon="13.5257700"></trkpt>
      <trkpt lat="41.6815800" lon="13.5258000"></trkpt>
      <trkpt lat="41.6816100" lon="13.5258500"></trkpt>
      <trkpt lat="41.6816200" lon="13.5258900"></trkpt>
      <trkpt lat="41.6816300" lon="13.5259000"></trkpt>
      <trkpt lat="41.6816400" lon="13.5259700"></trkpt>
      <trkpt lat="41.6816500" lon="13.5260400"></trkpt>
      <trkpt lat="41.6816500" lon="13.5261400"></trkpt>
      <trkpt lat="41.6816200" lon="13.5262500"></trkpt>
      <trkpt lat="41.6816000" lon="13.5263300"></trkpt>
      <trkpt lat="41.6815900" lon="13.5263700"></trkpt>
      <trkpt lat="41.6815700" lon="13.5264000"></trkpt>
      <trkpt lat="41.6815500" lon="13.5264400"></trkpt>
      <trkpt lat="41.6815300" lon="13.5264800"></trkpt>
      <trkpt lat="41.6814900" lon="13.5265200"></trkpt>
      <trkpt lat="41.6814600" lon="13.5265500"></trkpt>
      <trkpt lat="41.6814300" lon="13.5265800"></trkpt>
      <trkpt lat="41.6814000" lon="13.5265900"></trkpt>
      <trkpt lat="41.6813700" lon="13.5266100"></trkpt>
      <trkpt lat="41.6813400" lon="13.5266200"></trkpt>
      <trkpt lat="41.6813200" lon="13.5266300"></trkpt>
      <trkpt lat="41.6812800" lon="13.5266400"></trkpt>
      <trkpt lat="41.6812500" lon="13.5266400"></trkpt>
      <trkpt lat="41.6812200" lon="13.5266300"></trkpt>
      <trkpt lat="41.6811800" lon="13.5266200"></trkpt>
      <trkpt lat="41.6811400" lon="13.5266000"></trkpt>
      <trkpt lat="41.6811100" lon="13.5265800"></trkpt>
      <trkpt lat="41.6811000" lon="13.5265800"></trkpt>
      <trkpt lat="41.6810700" lon="13.5265500"></trkpt>
      <trkpt lat="41.6810300" lon="13.5265100"></trkpt>
      <trkpt lat="41.6810200" lon="13.5264800"></trkpt>
      <trkpt lat="41.6810000" lon="13.5264400"></trkpt>
      <trkpt lat="41.6809700" lon="13.5263800"></trkpt>
      <trkpt lat="41.6809000" lon="13.5262100"></trkpt>
      <trkpt lat="41.6808300" lon="13.5260100"></trkpt>
      <trkpt lat="41.6808100" lon="13.5259600"></trkpt>
      <trkpt lat="41.6807700" lon="13.5258700"></trkpt>
      <trkpt lat="41.6807400" lon="13.5257900"></trkpt>
      <trkpt lat="41.6807100" lon="13.5257100"></trkpt>
      <trkpt lat="41.6806800" lon="13.5256400"></trkpt>
      <trkpt lat="41.6806400" lon="13.5255500"></trkpt>
      <trkpt lat="41.6806200" lon="13.5255100"></trkpt>
      <trkpt lat="41.6806000" lon="13.5254600"></trkpt>
      <trkpt lat="41.6805800" lon="13.5254200"></trkpt>
      <trkpt lat="41.6804800" lon="13.5252600"></trkpt>
      <trkpt lat="41.6803800" lon="13.5250200"></trkpt>
      <trkpt lat="41.6803400" lon="13.5249100"></trkpt>
      <trkpt lat="41.6803400" lon="13.5248900"></trkpt>
      <trkpt lat="41.6803100" lon="13.5248200"></trkpt>
      <trkpt lat="41.6800800" lon="13.5242200"></trkpt>
      <trkpt lat="41.6798000" lon="13.5235400"></trkpt>
      <trkpt lat="41.6793900" lon="13.5225000"></trkpt>
      <trkpt lat="41.6793300" lon="13.5223600"></trkpt>
      <trkpt lat="41.6792800" lon="13.5222100"></trkpt>
      <trkpt lat="41.6791100" lon="13.5217800"></trkpt>
      <trkpt lat="41.6790100" lon="13.5215100"></trkpt>
      <trkpt lat="41.6789200" lon="13.5212800"></trkpt>
      <trkpt lat="41.6787500" lon="13.5208400"></trkpt>
      <trkpt lat="41.6786300" lon="13.5205200"></trkpt>
      <trkpt lat="41.6785100" lon="13.5202300"></trkpt>
      <trkpt lat="41.6783000" lon="13.5197000"></trkpt>
      <trkpt lat="41.6782300" lon="13.5195000"></trkpt>
      <trkpt lat="41.6781800" lon="13.5193800"></trkpt>
      <trkpt lat="41.6780600" lon="13.5190300"></trkpt>
      <trkpt lat="41.6779700" lon="13.5187700"></trkpt>
      <trkpt lat="41.6778800" lon="13.5185200"></trkpt>
      <trkpt lat="41.6778000" lon="13.5182600"></trkpt>
      <trkpt lat="41.6777100" lon="13.5179900"></trkpt>
      <trkpt lat="41.6776200" lon="13.5177100"></trkpt>
      <trkpt lat="41.6776200" lon="13.5176900"></trkpt>
      <trkpt lat="41.6775300" lon="13.5174200"></trkpt>
      <trkpt lat="41.6774800" lon="13.5172200"></trkpt>
      <trkpt lat="41.6774400" lon="13.5171000"></trkpt>
      <trkpt lat="41.6774100" lon="13.5169800"></trkpt>
      <trkpt lat="41.6773500" lon="13.5167800"></trkpt>
      <trkpt lat="41.6772000" lon="13.5161800"></trkpt>
      <trkpt lat="41.6770100" lon="13.5153900"></trkpt>
      <trkpt lat="41.6769500" lon="13.5151600"></trkpt>
      <trkpt lat="41.6769200" lon="13.5150500"></trkpt>
      <trkpt lat="41.6767800" lon="13.5144700"></trkpt>
      <trkpt lat="41.6767200" lon="13.5142500"></trkpt>
      <trkpt lat="41.6766100" lon="13.5138100"></trkpt>
      <trkpt lat="41.6765700" lon="13.5136700"></trkpt>
      <trkpt lat="41.6765400" lon="13.5135200"></trkpt>
      <trkpt lat="41.6764900" lon="13.5133100"></trkpt>
      <trkpt lat="41.6764300" lon="13.5130600"></trkpt>
      <trkpt lat="41.6763600" lon="13.5127700"></trkpt>
      <trkpt lat="41.6762900" lon="13.5125000"></trkpt>
      <trkpt lat="41.6762300" lon="13.5122800"></trkpt>
      <trkpt lat="41.6761800" lon="13.5120800"></trkpt>
      <trkpt lat="41.6761200" lon="13.5118100"></trkpt>
      <trkpt lat="41.6760600" lon="13.5115700"></trkpt>
      <trkpt lat="41.6760100" lon="13.5113700"></trkpt>
      <trkpt lat="41.6759700" lon="13.5111300"></trkpt>
      <trkpt lat="41.6759200" lon="13.5109000"></trkpt>
      <trkpt lat="41.6758900" lon="13.5106700"></trkpt>
      <trkpt lat="41.6758500" lon="13.5103800"></trkpt>
      <trkpt lat="41.6758200" lon="13.5101100"></trkpt>
      <trkpt lat="41.6758000" lon="13.5098600"></trkpt>
      <trkpt lat="41.6757800" lon="13.5096200"></trkpt>
      <trkpt lat="41.6757600" lon="13.5093400"></trkpt>
      <trkpt lat="41.6757600" lon="13.5086500"></trkpt>
      <trkpt lat="41.6757700" lon="13.5084700"></trkpt>
      <trkpt lat="41.6757800" lon="13.5083500"></trkpt>
      <trkpt lat="41.6758000" lon="13.5080600"></trkpt>
      <trkpt lat="41.6758100" lon="13.5078900"></trkpt>
      <trkpt lat="41.6758200" lon="13.5077500"></trkpt>
      <trkpt lat="41.6758400" lon="13.5076500"></trkpt>
      <trkpt lat="41.6758400" lon="13.5076200"></trkpt>
      <trkpt lat="41.6758500" lon="13.5075200"></trkpt>
      <trkpt lat="41.6758600" lon="13.5074100"></trkpt>
      <trkpt lat="41.6758800" lon="13.5072800"></trkpt>
      <trkpt lat="41.6759000" lon="13.5071600"></trkpt>
      <trkpt lat="41.6759200" lon="13.5070500"></trkpt>
      <trkpt lat="41.6759400" lon="13.5069300"></trkpt>
      <trkpt lat="41.6759800" lon="13.5067300"></trkpt>
      <trkpt lat="41.6760200" lon="13.5065600"></trkpt>
      <trkpt lat="41.6760400" lon="13.5064800"></trkpt>
      <trkpt lat="41.6760400" lon="13.5064400"></trkpt>
      <trkpt lat="41.6760700" lon="13.5063200"></trkpt>
      <trkpt lat="41.6760900" lon="13.5062500"></trkpt>
      <trkpt lat="41.6761000" lon="13.5062100"></trkpt>
      <trkpt lat="41.6761400" lon="13.5060700"></trkpt>
      <trkpt lat="41.6761500" lon="13.5060200"></trkpt>
      <trkpt lat="41.6761700" lon="13.5059200"></trkpt>
      <trkpt lat="41.6762200" lon="13.5057500"></trkpt>
      <trkpt lat="41.6763100" lon="13.5054800"></trkpt>
      <trkpt lat="41.6763500" lon="13.5053800"></trkpt>
      <trkpt lat="41.6763500" lon="13.5053500"></trkpt>
      <trkpt lat="41.6764000" lon="13.5052200"></trkpt>
      <trkpt lat="41.6765000" lon="13.5049500"></trkpt>
      <trkpt lat="41.6766200" lon="13.5046600"></trkpt>
      <trkpt lat="41.6767500" lon="13.5043500"></trkpt>
      <trkpt lat="41.6768400" lon="13.5041300"></trkpt>
      <trkpt lat="41.6770300" lon="13.5036800"></trkpt>
      <trkpt lat="41.6770400" lon="13.5036600"></trkpt>
      <trkpt lat="41.6771700" lon="13.5033200"></trkpt>
      <trkpt lat="41.6773100" lon="13.5030000"></trkpt>
      <trkpt lat="41.6774000" lon="13.5027700"></trkpt>
      <trkpt lat="41.6775200" lon="13.5024500"></trkpt>
      <trkpt lat="41.6776200" lon="13.5021800"></trkpt>
      <trkpt lat="41.6777400" lon="13.5018900"></trkpt>
      <trkpt lat="41.6777900" lon="13.5017400"></trkpt>
      <trkpt lat="41.6778500" lon="13.5015700"></trkpt>
      <trkpt lat="41.6778500" lon="13.5015600"></trkpt>
      <trkpt lat="41.6779300" lon="13.5013200"></trkpt>
      <trkpt lat="41.6780200" lon="13.5010500"></trkpt>
      <trkpt lat="41.6780700" lon="13.5009100"></trkpt>
      <trkpt lat="41.6780700" lon="13.5009000"></trkpt>
      <trkpt lat="41.6781200" lon="13.5007400"></trkpt>
      <trkpt lat="41.6781400" lon="13.5006900"></trkpt>
      <trkpt lat="41.6781400" lon="13.5006800"></trkpt>
      <trkpt lat="41.6782100" lon="13.5004600"></trkpt>
      <trkpt lat="41.6782100" lon="13.5004500"></trkpt>
      <trkpt lat="41.6782700" lon="13.5002400"></trkpt>
      <trkpt lat="41.6783400" lon="13.5000100"></trkpt>
      <trkpt lat="41.6783600" lon="13.4999300"></trkpt>
      <trkpt lat="41.6784000" lon="13.4997900"></trkpt>
      <trkpt lat="41.6784300" lon="13.4997100"></trkpt>
      <trkpt lat="41.6784700" lon="13.4995600"></trkpt>
      <trkpt lat="41.6785000" lon="13.4994500"></trkpt>
      <trkpt lat="41.6785300" lon="13.4993400"></trkpt>
      <trkpt lat="41.6785900" lon="13.4991100"></trkpt>
      <trkpt lat="41.6785900" lon="13.4990900"></trkpt>
      <trkpt lat="41.6786400" lon="13.4988800"></trkpt>
      <trkpt lat="41.6787000" lon="13.4986500"></trkpt>
      <trkpt lat="41.6787100" lon="13.4986000"></trkpt>
      <trkpt lat="41.6787500" lon="13.4984200"></trkpt>
      <trkpt lat="41.6788100" lon="13.4981900"></trkpt>
      <trkpt lat="41.6788100" lon="13.4981500"></trkpt>
      <trkpt lat="41.6788500" lon="13.4979600"></trkpt>
      <trkpt lat="41.6789000" lon="13.4977300"></trkpt>
      <trkpt lat="41.6789400" lon="13.4974900"></trkpt>
      <trkpt lat="41.6789600" lon="13.4973800"></trkpt>
      <trkpt lat="41.6790600" lon="13.4968400"></trkpt>
      <trkpt lat="41.6791100" lon="13.4965400"></trkpt>
      <trkpt lat="41.6791300" lon="13.4964500"></trkpt>
      <trkpt lat="41.6791600" lon="13.4962100"></trkpt>
      <trkpt lat="41.6791600" lon="13.4962000"></trkpt>
      <trkpt lat="41.6792000" lon="13.4959800"></trkpt>
      <trkpt lat="41.6792400" lon="13.4956400"></trkpt>
      <trkpt lat="41.6793300" lon="13.4949500"></trkpt>
      <trkpt lat="41.6794400" lon="13.4941300"></trkpt>
      <trkpt lat="41.6795700" lon="13.4931100"></trkpt>
      <trkpt lat="41.6795800" lon="13.4930000"></trkpt>
      <trkpt lat="41.6795900" lon="13.4929100"></trkpt>
      <trkpt lat="41.6796000" lon="13.4928400"></trkpt>
      <trkpt lat="41.6796200" lon="13.4927000"></trkpt>
      <trkpt lat="41.6796600" lon="13.4923900"></trkpt>
      <trkpt lat="41.6796800" lon="13.4921300"></trkpt>
      <trkpt lat="41.6796800" lon="13.4920900"></trkpt>
      <trkpt lat="41.6797000" lon="13.4918500"></trkpt>
      <trkpt lat="41.6797100" lon="13.4916500"></trkpt>
      <trkpt lat="41.6797200" lon="13.4915300"></trkpt>
      <trkpt lat="41.6797200" lon="13.4913000"></trkpt>
      <trkpt lat="41.6797300" lon="13.4911700"></trkpt>
      <trkpt lat="41.6797300" lon="13.4907200"></trkpt>
      <trkpt lat="41.6797200" lon="13.4903600"></trkpt>
      <trkpt lat="41.6797000" lon="13.4900500"></trkpt>
      <trkpt lat="41.6796900" lon="13.4898200"></trkpt>
      <trkpt lat="41.6796800" lon="13.4897400"></trkpt>
      <trkpt lat="41.6796500" lon="13.4893900"></trkpt>
      <trkpt lat="41.6796400" lon="13.4893400"></trkpt>
      <trkpt lat="41.6796400" lon="13.4893300"></trkpt>
      <trkpt lat="41.6796200" lon="13.4891600"></trkpt>
      <trkpt lat="41.6796200" lon="13.4891000"></trkpt>
      <trkpt lat="41.6795900" lon="13.4888800"></trkpt>
      <trkpt lat="41.6795600" lon="13.4886300"></trkpt>
      <trkpt lat="41.6795500" lon="13.4885700"></trkpt>
      <trkpt lat="41.6795200" lon="13.4883900"></trkpt>
      <trkpt lat="41.6795000" lon="13.4882700"></trkpt>
      <trkpt lat="41.6794900" lon="13.4882500"></trkpt>
      <trkpt lat="41.6794800" lon="13.4881600"></trkpt>
      <trkpt lat="41.6794500" lon="13.4879800"></trkpt>
      <trkpt lat="41.6794300" lon="13.4879300"></trkpt>
      <trkpt lat="41.6793800" lon="13.4877000"></trkpt>
      <trkpt lat="41.6793700" lon="13.4876300"></trkpt>
      <trkpt lat="41.6793600" lon="13.4876100"></trkpt>
      <trkpt lat="41.6793300" lon="13.4874700"></trkpt>
      <trkpt lat="41.6792900" lon="13.4873200"></trkpt>
      <trkpt lat="41.6792300" lon="13.4871100"></trkpt>
      <trkpt lat="41.6792200" lon="13.4870700"></trkpt>
      <trkpt lat="41.6792000" lon="13.4870100"></trkpt>
      <trkpt lat="41.6791300" lon="13.4867900"></trkpt>
      <trkpt lat="41.6790500" lon="13.4865400"></trkpt>
      <trkpt lat="41.6789500" lon="13.4862600"></trkpt>
      <trkpt lat="41.6788500" lon="13.4859600"></trkpt>
      <trkpt lat="41.6788400" lon="13.4859500"></trkpt>
      <trkpt lat="41.6788300" lon="13.4859300"></trkpt>
      <trkpt lat="41.6788100" lon="13.4858700"></trkpt>
      <trkpt lat="41.6788100" lon="13.4858600"></trkpt>
      <trkpt lat="41.6787200" lon="13.4855900"></trkpt>
      <trkpt lat="41.6786300" lon="13.4853300"></trkpt>
      <trkpt lat="41.6785300" lon="13.4850400"></trkpt>
      <trkpt lat="41.6785200" lon="13.4849900"></trkpt>
      <trkpt lat="41.6784500" lon="13.4847800"></trkpt>
      <trkpt lat="41.6783800" lon="13.4845900"></trkpt>
      <trkpt lat="41.6783300" lon="13.4844400"></trkpt>
      <trkpt lat="41.6783200" lon="13.4844100"></trkpt>
      <trkpt lat="41.6782400" lon="13.4841700"></trkpt>
      <trkpt lat="41.6781700" lon="13.4839600"></trkpt>
      <trkpt lat="41.6781200" lon="13.4838000"></trkpt>
      <trkpt lat="41.6780200" lon="13.4834900"></trkpt>
      <trkpt lat="41.6779600" lon="13.4833000"></trkpt>
      <trkpt lat="41.6779100" lon="13.4831100"></trkpt>
      <trkpt lat="41.6778600" lon="13.4828900"></trkpt>
      <trkpt lat="41.6778100" lon="13.4826800"></trkpt>
      <trkpt lat="41.6777300" lon="13.4823900"></trkpt>
      <trkpt lat="41.6776800" lon="13.4821600"></trkpt>
      <trkpt lat="41.6776500" lon="13.4819900"></trkpt>
      <trkpt lat="41.6776300" lon="13.4818800"></trkpt>
      <trkpt lat="41.6776200" lon="13.4818600"></trkpt>
      <trkpt lat="41.6776100" lon="13.4817500"></trkpt>
      <trkpt lat="41.6776000" lon="13.4817100"></trkpt>
      <trkpt lat="41.6775600" lon="13.4814700"></trkpt>
      <trkpt lat="41.6775100" lon="13.4811000"></trkpt>
      <trkpt lat="41.6775100" lon="13.4810300"></trkpt>
      <trkpt lat="41.6774900" lon="13.4808000"></trkpt>
      <trkpt lat="41.6774900" lon="13.4807700"></trkpt>
      <trkpt lat="41.6774700" lon="13.4805200"></trkpt>
      <trkpt lat="41.6774600" lon="13.4802600"></trkpt>
      <trkpt lat="41.6774600" lon="13.4799500"></trkpt>
      <trkpt lat="41.6774700" lon="13.4791600"></trkpt>
      <trkpt lat="41.6774700" lon="13.4777100"></trkpt>
      <trkpt lat="41.6774800" lon="13.4771100"></trkpt>
      <trkpt lat="41.6774900" lon="13.4767600"></trkpt>
      <trkpt lat="41.6774900" lon="13.4748700"></trkpt>
      <trkpt lat="41.6774800" lon="13.4747200"></trkpt>
      <trkpt lat="41.6774700" lon="13.4746000"></trkpt>
      <trkpt lat="41.6774600" lon="13.4743100"></trkpt>
      <trkpt lat="41.6774500" lon="13.4741300"></trkpt>
      <trkpt lat="41.6774300" lon="13.4739600"></trkpt>
      <trkpt lat="41.6774100" lon="13.4738300"></trkpt>
      <trkpt lat="41.6773800" lon="13.4735900"></trkpt>
      <trkpt lat="41.6773500" lon="13.4734300"></trkpt>
      <trkpt lat="41.6772700" lon="13.4730400"></trkpt>
      <trkpt lat="41.6771800" lon="13.4726600"></trkpt>
      <trkpt lat="41.6771100" lon="13.4724000"></trkpt>
      <trkpt lat="41.6770200" lon="13.4721700"></trkpt>
      <trkpt lat="41.6769400" lon="13.4719400"></trkpt>
      <trkpt lat="41.6768700" lon="13.4717600"></trkpt>
      <trkpt lat="41.6768200" lon="13.4716300"></trkpt>
      <trkpt lat="41.6767100" lon="13.4714100"></trkpt>
      <trkpt lat="41.6766400" lon="13.4712700"></trkpt>
      <trkpt lat="41.6766200" lon="13.4712200"></trkpt>
      <trkpt lat="41.6765600" lon="13.4711100"></trkpt>
      <trkpt lat="41.6764600" lon="13.4709400"></trkpt>
      <trkpt lat="41.6763500" lon="13.4707500"></trkpt>
      <trkpt lat="41.6763100" lon="13.4706700"></trkpt>
      <trkpt lat="41.6761700" lon="13.4704700"></trkpt>
      <trkpt lat="41.6759000" lon="13.4701200"></trkpt>
      <trkpt lat="41.6757300" lon="13.4699300"></trkpt>
      <trkpt lat="41.6754100" lon="13.4696100"></trkpt>
      <trkpt lat="41.6752300" lon="13.4694300"></trkpt>
      <trkpt lat="41.6751100" lon="13.4693200"></trkpt>
      <trkpt lat="41.6748000" lon="13.4690400"></trkpt>
      <trkpt lat="41.6746500" lon="13.4689200"></trkpt>
      <trkpt lat="41.6744300" lon="13.4687400"></trkpt>
      <trkpt lat="41.6742800" lon="13.4686200"></trkpt>
      <trkpt lat="41.6738500" lon="13.4682600"></trkpt>
      <trkpt lat="41.6734000" lon="13.4679000"></trkpt>
      <trkpt lat="41.6732500" lon="13.4677700"></trkpt>
      <trkpt lat="41.6731000" lon="13.4676500"></trkpt>
      <trkpt lat="41.6724900" lon="13.4671300"></trkpt>
      <trkpt lat="41.6721400" lon="13.4668300"></trkpt>
      <trkpt lat="41.6718800" lon="13.4666300"></trkpt>
      <trkpt lat="41.6718200" lon="13.4665700"></trkpt>
      <trkpt lat="41.6710400" lon="13.4660000"></trkpt>
      <trkpt lat="41.6709400" lon="13.4659200"></trkpt>
      <trkpt lat="41.6707900" lon="13.4658100"></trkpt>
      <trkpt lat="41.6707900" lon="13.4658000"></trkpt>
      <trkpt lat="41.6706300" lon="13.4656800"></trkpt>
      <trkpt lat="41.6704800" lon="13.4655500"></trkpt>
      <trkpt lat="41.6703100" lon="13.4654200"></trkpt>
      <trkpt lat="41.6700400" lon="13.4651700"></trkpt>
      <trkpt lat="41.6700000" lon="13.4651300"></trkpt>
      <trkpt lat="41.6698300" lon="13.4649400"></trkpt>
      <trkpt lat="41.6696200" lon="13.4647400"></trkpt>
      <trkpt lat="41.6692900" lon="13.4643200"></trkpt>
      <trkpt lat="41.6691600" lon="13.4641300"></trkpt>
      <trkpt lat="41.6691100" lon="13.4640600"></trkpt>
      <trkpt lat="41.6690800" lon="13.4640000"></trkpt>
      <trkpt lat="41.6690400" lon="13.4639400"></trkpt>
      <trkpt lat="41.6690100" lon="13.4639100"></trkpt>
      <trkpt lat="41.6688000" lon="13.4635200"></trkpt>
      <trkpt lat="41.6687500" lon="13.4634400"></trkpt>
      <trkpt lat="41.6686700" lon="13.4633100"></trkpt>
      <trkpt lat="41.6686100" lon="13.4631900"></trkpt>
      <trkpt lat="41.6685100" lon="13.4629900"></trkpt>
      <trkpt lat="41.6684700" lon="13.4629200"></trkpt>
      <trkpt lat="41.6684300" lon="13.4628500"></trkpt>
      <trkpt lat="41.6684000" lon="13.4627900"></trkpt>
      <trkpt lat="41.6683400" lon="13.4626400"></trkpt>
      <trkpt lat="41.6683200" lon="13.4626000"></trkpt>
      <trkpt lat="41.6682900" lon="13.4625400"></trkpt>
      <trkpt lat="41.6682500" lon="13.4624600"></trkpt>
      <trkpt lat="41.6682500" lon="13.4624400"></trkpt>
      <trkpt lat="41.6681800" lon="13.4623000"></trkpt>
      <trkpt lat="41.6681000" lon="13.4621000"></trkpt>
      <trkpt lat="41.6676800" lon="13.4610400"></trkpt>
      <trkpt lat="41.6676000" lon="13.4608000"></trkpt>
      <trkpt lat="41.6674700" lon="13.4604600"></trkpt>
      <trkpt lat="41.6674200" lon="13.4603200"></trkpt>
      <trkpt lat="41.6673800" lon="13.4602300"></trkpt>
      <trkpt lat="41.6672300" lon="13.4598300"></trkpt>
      <trkpt lat="41.6670800" lon="13.4593800"></trkpt>
      <trkpt lat="41.6670200" lon="13.4592100"></trkpt>
      <trkpt lat="41.6670000" lon="13.4591200"></trkpt>
      <trkpt lat="41.6669500" lon="13.4589700"></trkpt>
      <trkpt lat="41.6668900" lon="13.4588100"></trkpt>
      <trkpt lat="41.6668800" lon="13.4587900"></trkpt>
      <trkpt lat="41.6668200" lon="13.4585800"></trkpt>
      <trkpt lat="41.6667800" lon="13.4584000"></trkpt>
      <trkpt lat="41.6667300" lon="13.4581100"></trkpt>
      <trkpt lat="41.6666800" lon="13.4577100"></trkpt>
      <trkpt lat="41.6666500" lon="13.4573800"></trkpt>
      <trkpt lat="41.6666300" lon="13.4571600"></trkpt>
      <trkpt lat="41.6666300" lon="13.4570600"></trkpt>
      <trkpt lat="41.6666200" lon="13.4568200"></trkpt>
      <trkpt lat="41.6666200" lon="13.4563500"></trkpt>
      <trkpt lat="41.6666900" lon="13.4557100"></trkpt>
      <trkpt lat="41.6667000" lon="13.4555800"></trkpt>
      <trkpt lat="41.6667700" lon="13.4551700"></trkpt>
      <trkpt lat="41.6668100" lon="13.4549900"></trkpt>
      <trkpt lat="41.6668700" lon="13.4547200"></trkpt>
      <trkpt lat="41.6669200" lon="13.4545300"></trkpt>
      <trkpt lat="41.6669600" lon="13.4544000"></trkpt>
      <trkpt lat="41.6670000" lon="13.4542500"></trkpt>
      <trkpt lat="41.6670900" lon="13.4539400"></trkpt>
      <trkpt lat="41.6671300" lon="13.4537900"></trkpt>
      <trkpt lat="41.6676200" lon="13.4522300"></trkpt>
      <trkpt lat="41.6678400" lon="13.4515700"></trkpt>
      <trkpt lat="41.6679100" lon="13.4513500"></trkpt>
      <trkpt lat="41.6679400" lon="13.4512600"></trkpt>
      <trkpt lat="41.6680600" lon="13.4509100"></trkpt>
      <trkpt lat="41.6681300" lon="13.4506900"></trkpt>
      <trkpt lat="41.6684200" lon="13.4498200"></trkpt>
      <trkpt lat="41.6686300" lon="13.4491800"></trkpt>
      <trkpt lat="41.6688100" lon="13.4486100"></trkpt>
      <trkpt lat="41.6689400" lon="13.4482200"></trkpt>
      <trkpt lat="41.6689500" lon="13.4481700"></trkpt>
      <trkpt lat="41.6690700" lon="13.4477700"></trkpt>
      <trkpt lat="41.6691300" lon="13.4475900"></trkpt>
      <trkpt lat="41.6692000" lon="13.4474000"></trkpt>
      <trkpt lat="41.6692200" lon="13.4473500"></trkpt>
      <trkpt lat="41.6693200" lon="13.4470400"></trkpt>
      <trkpt lat="41.6695700" lon="13.4462200"></trkpt>
      <trkpt lat="41.6695700" lon="13.4462000"></trkpt>
      <trkpt lat="41.6696400" lon="13.4459400"></trkpt>
      <trkpt lat="41.6696800" lon="13.4457400"></trkpt>
      <trkpt lat="41.6697000" lon="13.4456800"></trkpt>
      <trkpt lat="41.6697500" lon="13.4454200"></trkpt>
      <trkpt lat="41.6697700" lon="13.4453200"></trkpt>
      <trkpt lat="41.6697800" lon="13.4452800"></trkpt>
      <trkpt lat="41.6698100" lon="13.4450800"></trkpt>
      <trkpt lat="41.6698300" lon="13.4449800"></trkpt>
      <trkpt lat="41.6698600" lon="13.4448000"></trkpt>
      <trkpt lat="41.6698800" lon="13.4446500"></trkpt>
      <trkpt lat="41.6698900" lon="13.4445700"></trkpt>
      <trkpt lat="41.6699000" lon="13.4444500"></trkpt>
      <trkpt lat="41.6699100" lon="13.4443300"></trkpt>
      <trkpt lat="41.6699500" lon="13.4436100"></trkpt>
      <trkpt lat="41.6699500" lon="13.4431300"></trkpt>
      <trkpt lat="41.6699400" lon="13.4427900"></trkpt>
      <trkpt lat="41.6698900" lon="13.4421200"></trkpt>
      <trkpt lat="41.6698700" lon="13.4419300"></trkpt>
      <trkpt lat="41.6698500" lon="13.4417700"></trkpt>
      <trkpt lat="41.6698300" lon="13.4416000"></trkpt>
      <trkpt lat="41.6698100" lon="13.4415000"></trkpt>
      <trkpt lat="41.6697700" lon="13.4411900"></trkpt>
      <trkpt lat="41.6697000" lon="13.4407800"></trkpt>
      <trkpt lat="41.6695000" lon="13.4396700"></trkpt>
      <trkpt lat="41.6693800" lon="13.4390400"></trkpt>
      <trkpt lat="41.6693600" lon="13.4389400"></trkpt>
      <trkpt lat="41.6693400" lon="13.4388400"></trkpt>
      <trkpt lat="41.6691400" lon="13.4376900"></trkpt>
      <trkpt lat="41.6691300" lon="13.4376700"></trkpt>
      <trkpt lat="41.6689400" lon="13.4367100"></trkpt>
      <trkpt lat="41.6688000" lon="13.4360600"></trkpt>
      <trkpt lat="41.6687600" lon="13.4359000"></trkpt>
      <trkpt lat="41.6687200" lon="13.4357300"></trkpt>
      <trkpt lat="41.6685400" lon="13.4350500"></trkpt>
      <trkpt lat="41.6684400" lon="13.4346500"></trkpt>
      <trkpt lat="41.6682500" lon="13.4339500"></trkpt>
      <trkpt lat="41.6681300" lon="13.4335100"></trkpt>
      <trkpt lat="41.6676500" lon="13.4317400"></trkpt>
      <trkpt lat="41.6676000" lon="13.4315500"></trkpt>
      <trkpt lat="41.6675900" lon="13.4315100"></trkpt>
      <trkpt lat="41.6674200" lon="13.4309000"></trkpt>
      <trkpt lat="41.6673400" lon="13.4306100"></trkpt>
      <trkpt lat="41.6673400" lon="13.4306000"></trkpt>
      <trkpt lat="41.6672700" lon="13.4303900"></trkpt>
      <trkpt lat="41.6672400" lon="13.4302600"></trkpt>
      <trkpt lat="41.6672100" lon="13.4301600"></trkpt>
      <trkpt lat="41.6671300" lon="13.4299100"></trkpt>
      <trkpt lat="41.6670000" lon="13.4294900"></trkpt>
      <trkpt lat="41.6669900" lon="13.4294500"></trkpt>
      <trkpt lat="41.6667700" lon="13.4288600"></trkpt>
      <trkpt lat="41.6667700" lon="13.4288400"></trkpt>
      <trkpt lat="41.6666800" lon="13.4286400"></trkpt>
      <trkpt lat="41.6666100" lon="13.4284900"></trkpt>
      <trkpt lat="41.6664400" lon="13.4281100"></trkpt>
      <trkpt lat="41.6663900" lon="13.4280300"></trkpt>
      <trkpt lat="41.6662800" lon="13.4278300"></trkpt>
      <trkpt lat="41.6661800" lon="13.4276600"></trkpt>
      <trkpt lat="41.6660500" lon="13.4274500"></trkpt>
      <trkpt lat="41.6659400" lon="13.4272800"></trkpt>
      <trkpt lat="41.6658800" lon="13.4271900"></trkpt>
      <trkpt lat="41.6657300" lon="13.4269800"></trkpt>
      <trkpt lat="41.6655200" lon="13.4267200"></trkpt>
      <trkpt lat="41.6652900" lon="13.4264600"></trkpt>
      <trkpt lat="41.6650900" lon="13.4262700"></trkpt>
      <trkpt lat="41.6649400" lon="13.4261100"></trkpt>
      <trkpt lat="41.6648000" lon="13.4259900"></trkpt>
      <trkpt lat="41.6647200" lon="13.4259200"></trkpt>
      <trkpt lat="41.6646500" lon="13.4258700"></trkpt>
      <trkpt lat="41.6646500" lon="13.4258600"></trkpt>
      <trkpt lat="41.6645000" lon="13.4257400"></trkpt>
      <trkpt lat="41.6642100" lon="13.4255200"></trkpt>
      <trkpt lat="41.6640600" lon="13.4254200"></trkpt>
      <trkpt lat="41.6639200" lon="13.4253200"></trkpt>
      <trkpt lat="41.6637400" lon="13.4252000"></trkpt>
      <trkpt lat="41.6636600" lon="13.4251500"></trkpt>
      <trkpt lat="41.6630200" lon="13.4246800"></trkpt>
      <trkpt lat="41.6629800" lon="13.4246600"></trkpt>
      <trkpt lat="41.6628000" lon="13.4245300"></trkpt>
      <trkpt lat="41.6626300" lon="13.4244000"></trkpt>
      <trkpt lat="41.6624000" lon="13.4241900"></trkpt>
      <trkpt lat="41.6622900" lon="13.4240400"></trkpt>
      <trkpt lat="41.6621900" lon="13.4239500"></trkpt>
      <trkpt lat="41.6620200" lon="13.4237900"></trkpt>
      <trkpt lat="41.6618700" lon="13.4236400"></trkpt>
      <trkpt lat="41.6616800" lon="13.4234100"></trkpt>
      <trkpt lat="41.6615400" lon="13.4232100"></trkpt>
      <trkpt lat="41.6614600" lon="13.4230700"></trkpt>
      <trkpt lat="41.6614300" lon="13.4230300"></trkpt>
      <trkpt lat="41.6614000" lon="13.4229700"></trkpt>
      <trkpt lat="41.6613200" lon="13.4228300"></trkpt>
      <trkpt lat="41.6612900" lon="13.4227800"></trkpt>
      <trkpt lat="41.6612200" lon="13.4226300"></trkpt>
      <trkpt lat="41.6611700" lon="13.4225200"></trkpt>
      <trkpt lat="41.6610800" lon="13.4223100"></trkpt>
      <trkpt lat="41.6610500" lon="13.4222100"></trkpt>
      <trkpt lat="41.6610100" lon="13.4220700"></trkpt>
      <trkpt lat="41.6609800" lon="13.4219900"></trkpt>
      <trkpt lat="41.6609600" lon="13.4219000"></trkpt>
      <trkpt lat="41.6609500" lon="13.4218800"></trkpt>
      <trkpt lat="41.6609300" lon="13.4218000"></trkpt>
      <trkpt lat="41.6609200" lon="13.4217600"></trkpt>
      <trkpt lat="41.6608800" lon="13.4216100"></trkpt>
      <trkpt lat="41.6608400" lon="13.4214300"></trkpt>
      <trkpt lat="41.6608000" lon="13.4211500"></trkpt>
      <trkpt lat="41.6607900" lon="13.4210800"></trkpt>
      <trkpt lat="41.6607700" lon="13.4208500"></trkpt>
      <trkpt lat="41.6607500" lon="13.4205800"></trkpt>
      <trkpt lat="41.6607500" lon="13.4202900"></trkpt>
      <trkpt lat="41.6607600" lon="13.4201000"></trkpt>
      <trkpt lat="41.6607600" lon="13.4200500"></trkpt>
      <trkpt lat="41.6607700" lon="13.4198700"></trkpt>
      <trkpt lat="41.6607900" lon="13.4197000"></trkpt>
      <trkpt lat="41.6608400" lon="13.4192500"></trkpt>
      <trkpt lat="41.6609100" lon="13.4187800"></trkpt>
      <trkpt lat="41.6609800" lon="13.4184200"></trkpt>
      <trkpt lat="41.6610600" lon="13.4179800"></trkpt>
      <trkpt lat="41.6610700" lon="13.4179200"></trkpt>
      <trkpt lat="41.6611100" lon="13.4176000"></trkpt>
      <trkpt lat="41.6611700" lon="13.4172400"></trkpt>
      <trkpt lat="41.6612400" lon="13.4165900"></trkpt>
      <trkpt lat="41.6612500" lon="13.4165000"></trkpt>
      <trkpt lat="41.6612800" lon="13.4162600"></trkpt>
      <trkpt lat="41.6613000" lon="13.4161000"></trkpt>
      <trkpt lat="41.6613800" lon="13.4152400"></trkpt>
      <trkpt lat="41.6613900" lon="13.4150700"></trkpt>
      <trkpt lat="41.6614100" lon="13.4147800"></trkpt>
      <trkpt lat="41.6614300" lon="13.4143700"></trkpt>
      <trkpt lat="41.6614500" lon="13.4134000"></trkpt>
      <trkpt lat="41.6614500" lon="13.4124600"></trkpt>
      <trkpt lat="41.6614400" lon="13.4120200"></trkpt>
      <trkpt lat="41.6614300" lon="13.4115100"></trkpt>
      <trkpt lat="41.6614100" lon="13.4109200"></trkpt>
      <trkpt lat="41.6614100" lon="13.4097600"></trkpt>
      <trkpt lat="41.6614200" lon="13.4094000"></trkpt>
      <trkpt lat="41.6614500" lon="13.4088400"></trkpt>
      <trkpt lat="41.6614700" lon="13.4083500"></trkpt>
      <trkpt lat="41.6614800" lon="13.4082200"></trkpt>
      <trkpt lat="41.6614800" lon="13.4080900"></trkpt>
      <trkpt lat="41.6615800" lon="13.4062400"></trkpt>
      <trkpt lat="41.6616300" lon="13.4055000"></trkpt>
      <trkpt lat="41.6617200" lon="13.4046300"></trkpt>
      <trkpt lat="41.6617400" lon="13.4044900"></trkpt>
      <trkpt lat="41.6617900" lon="13.4040800"></trkpt>
      <trkpt lat="41.6618200" lon="13.4038800"></trkpt>
      <trkpt lat="41.6619700" lon="13.4029400"></trkpt>
      <trkpt lat="41.6621000" lon="13.4021900"></trkpt>
      <trkpt lat="41.6621200" lon="13.4020800"></trkpt>
      <trkpt lat="41.6624300" lon="13.4002800"></trkpt>
      <trkpt lat="41.6624900" lon="13.3998100"></trkpt>
      <trkpt lat="41.6625100" lon="13.3997000"></trkpt>
      <trkpt lat="41.6625300" lon="13.3995800"></trkpt>
      <trkpt lat="41.6626400" lon="13.3989800"></trkpt>
      <trkpt lat="41.6627700" lon="13.3982500"></trkpt>
      <trkpt lat="41.6628700" lon="13.3976800"></trkpt>
      <trkpt lat="41.6629800" lon="13.3971500"></trkpt>
      <trkpt lat="41.6631000" lon="13.3965800"></trkpt>
      <trkpt lat="41.6632500" lon="13.3959600"></trkpt>
      <trkpt lat="41.6632900" lon="13.3957900"></trkpt>
      <trkpt lat="41.6633000" lon="13.3957800"></trkpt>
      <trkpt lat="41.6634300" lon="13.3952800"></trkpt>
      <trkpt lat="41.6635900" lon="13.3947100"></trkpt>
      <trkpt lat="41.6636700" lon="13.3943700"></trkpt>
      <trkpt lat="41.6637500" lon="13.3940200"></trkpt>
      <trkpt lat="41.6637800" lon="13.3938800"></trkpt>
      <trkpt lat="41.6638700" lon="13.3934400"></trkpt>
      <trkpt lat="41.6639200" lon="13.3932300"></trkpt>
      <trkpt lat="41.6639200" lon="13.3932100"></trkpt>
      <trkpt lat="41.6639700" lon="13.3929700"></trkpt>
      <trkpt lat="41.6640100" lon="13.3927000"></trkpt>
      <trkpt lat="41.6640800" lon="13.3922200"></trkpt>
      <trkpt lat="41.6641000" lon="13.3920100"></trkpt>
      <trkpt lat="41.6641300" lon="13.3917000"></trkpt>
      <trkpt lat="41.6641400" lon="13.3915500"></trkpt>
      <trkpt lat="41.6641500" lon="13.3914000"></trkpt>
      <trkpt lat="41.6642100" lon="13.3904900"></trkpt>
      <trkpt lat="41.6642400" lon="13.3898900"></trkpt>
      <trkpt lat="41.6642400" lon="13.3897600"></trkpt>
      <trkpt lat="41.6642500" lon="13.3896500"></trkpt>
      <trkpt lat="41.6643100" lon="13.3879700"></trkpt>
      <trkpt lat="41.6643200" lon="13.3876000"></trkpt>
      <trkpt lat="41.6643300" lon="13.3875300"></trkpt>
      <trkpt lat="41.6643600" lon="13.3866100"></trkpt>
      <trkpt lat="41.6643700" lon="13.3862800"></trkpt>
      <trkpt lat="41.6643900" lon="13.3858500"></trkpt>
      <trkpt lat="41.6644000" lon="13.3855500"></trkpt>
      <trkpt lat="41.6644200" lon="13.3850800"></trkpt>
      <trkpt lat="41.6644200" lon="13.3849300"></trkpt>
      <trkpt lat="41.6644300" lon="13.3848400"></trkpt>
      <trkpt lat="41.6644300" lon="13.3846600"></trkpt>
      <trkpt lat="41.6644400" lon="13.3845800"></trkpt>
      <trkpt lat="41.6644500" lon="13.3842600"></trkpt>
      <trkpt lat="41.6644600" lon="13.3838800"></trkpt>
      <trkpt lat="41.6644700" lon="13.3837400"></trkpt>
      <trkpt lat="41.6644700" lon="13.3836400"></trkpt>
      <trkpt lat="41.6645000" lon="13.3830100"></trkpt>
      <trkpt lat="41.6645100" lon="13.3824500"></trkpt>
      <trkpt lat="41.6645000" lon="13.3818000"></trkpt>
      <trkpt lat="41.6644800" lon="13.3813300"></trkpt>
      <trkpt lat="41.6644500" lon="13.3808000"></trkpt>
      <trkpt lat="41.6644300" lon="13.3806100"></trkpt>
      <trkpt lat="41.6644100" lon="13.3804100"></trkpt>
      <trkpt lat="41.6643400" lon="13.3795000"></trkpt>
      <trkpt lat="41.6642900" lon="13.3790900"></trkpt>
      <trkpt lat="41.6642500" lon="13.3786900"></trkpt>
      <trkpt lat="41.6642300" lon="13.3785400"></trkpt>
      <trkpt lat="41.6641500" lon="13.3779100"></trkpt>
      <trkpt lat="41.6641300" lon="13.3777900"></trkpt>
      <trkpt lat="41.6640900" lon="13.3775500"></trkpt>
      <trkpt lat="41.6640900" lon="13.3775100"></trkpt>
      <trkpt lat="41.6640300" lon="13.3771700"></trkpt>
      <trkpt lat="41.6639900" lon="13.3769200"></trkpt>
      <trkpt lat="41.6638600" lon="13.3762200"></trkpt>
      <trkpt lat="41.6637600" lon="13.3757100"></trkpt>
      <trkpt lat="41.6637500" lon="13.3756700"></trkpt>
      <trkpt lat="41.6637400" lon="13.3756400"></trkpt>
      <trkpt lat="41.6637000" lon="13.3754100"></trkpt>
      <trkpt lat="41.6636800" lon="13.3753400"></trkpt>
      <trkpt lat="41.6635600" lon="13.3747400"></trkpt>
      <trkpt lat="41.6635500" lon="13.3746900"></trkpt>
      <trkpt lat="41.6635500" lon="13.3746700"></trkpt>
      <trkpt lat="41.6635400" lon="13.3746100"></trkpt>
      <trkpt lat="41.6635000" lon="13.3744100"></trkpt>
      <trkpt lat="41.6633500" lon="13.3736700"></trkpt>
      <trkpt lat="41.6633100" lon="13.3734800"></trkpt>
      <trkpt lat="41.6632800" lon="13.3733300"></trkpt>
      <trkpt lat="41.6631700" lon="13.3727700"></trkpt>
      <trkpt lat="41.6630300" lon="13.3720800"></trkpt>
      <trkpt lat="41.6630100" lon="13.3719800"></trkpt>
      <trkpt lat="41.6630400" lon="13.3718500"></trkpt>
      <trkpt lat="41.6630300" lon="13.3717700"></trkpt>
      <trkpt lat="41.6630200" lon="13.3716900"></trkpt>
      <trkpt lat="41.6630300" lon="13.3715700"></trkpt>
      <trkpt lat="41.6630400" lon="13.3715100"></trkpt>
      <trkpt lat="41.6630700" lon="13.3713800"></trkpt>
      <trkpt lat="41.6631000" lon="13.3713000"></trkpt>
      <trkpt lat="41.6631200" lon="13.3712300"></trkpt>
      <trkpt lat="41.6631700" lon="13.3711400"></trkpt>
      <trkpt lat="41.6632200" lon="13.3710800"></trkpt>
      <trkpt lat="41.6632700" lon="13.3710100"></trkpt>
      <trkpt lat="41.6633300" lon="13.3709500"></trkpt>
      <trkpt lat="41.6633700" lon="13.3709100"></trkpt>
      <trkpt lat="41.6634300" lon="13.3708600"></trkpt>
      <trkpt lat="41.6634700" lon="13.3708400"></trkpt>
      <trkpt lat="41.6635100" lon="13.3708000"></trkpt>
      <trkpt lat="41.6635700" lon="13.3707100"></trkpt>
      <trkpt lat="41.6636000" lon="13.3706300"></trkpt>
      <trkpt lat="41.6636100" lon="13.3705800"></trkpt>
      <trkpt lat="41.6636200" lon="13.3705300"></trkpt>
      <trkpt lat="41.6636300" lon="13.3704700"></trkpt>
      <trkpt lat="41.6636300" lon="13.3703300"></trkpt>
      <trkpt lat="41.6636200" lon="13.3703000"></trkpt>
      <trkpt lat="41.6636000" lon="13.3702400"></trkpt>
      <trkpt lat="41.6635900" lon="13.3701900"></trkpt>
      <trkpt lat="41.6635700" lon="13.3701600"></trkpt>
      <trkpt lat="41.6635400" lon="13.3701100"></trkpt>
      <trkpt lat="41.6635300" lon="13.3700900"></trkpt>
      <trkpt lat="41.6635100" lon="13.3700600"></trkpt>
      <trkpt lat="41.6634800" lon="13.3700300"></trkpt>
      <trkpt lat="41.6634500" lon="13.3700100"></trkpt>
      <trkpt lat="41.6634300" lon="13.3699900"></trkpt>
      <trkpt lat="41.6634000" lon="13.3699700"></trkpt>
      <trkpt lat="41.6633800" lon="13.3699600"></trkpt>
      <trkpt lat="41.6633500" lon="13.3699500"></trkpt>
      <trkpt lat="41.6632100" lon="13.3699500"></trkpt>
      <trkpt lat="41.6631600" lon="13.3699600"></trkpt>
      <trkpt lat="41.6631200" lon="13.3699700"></trkpt>
      <trkpt lat="41.6626400" lon="13.3700600"></trkpt>
      <trkpt lat="41.6625100" lon="13.3700900"></trkpt>
      <trkpt lat="41.6624500" lon="13.3701000"></trkpt>
      <trkpt lat="41.6624400" lon="13.3701000"></trkpt>
      <trkpt lat="41.6620500" lon="13.3701900"></trkpt>
      <trkpt lat="41.6619600" lon="13.3702000"></trkpt>
      <trkpt lat="41.6618900" lon="13.3702100"></trkpt>
      <trkpt lat="41.6618800" lon="13.3702200"></trkpt>
      <trkpt lat="41.6618700" lon="13.3702100"></trkpt>
      <trkpt lat="41.6618600" lon="13.3702000"></trkpt>
      <trkpt lat="41.6618400" lon="13.3702000"></trkpt>
      <trkpt lat="41.6617600" lon="13.3702000"></trkpt>
      <trkpt lat="41.6617400" lon="13.3702000"></trkpt>
      <trkpt lat="41.6617200" lon="13.3701900"></trkpt>
      <trkpt lat="41.6616900" lon="13.3701900"></trkpt>
      <trkpt lat="41.6616600" lon="13.3701700"></trkpt>
      <trkpt lat="41.6616400" lon="13.3701600"></trkpt>
      <trkpt lat="41.6616100" lon="13.3701400"></trkpt>
      <trkpt lat="41.6616000" lon="13.3701300"></trkpt>
      <trkpt lat="41.6615800" lon="13.3701100"></trkpt>
      <trkpt lat="41.6615700" lon="13.3700900"></trkpt>
      <trkpt lat="41.6615500" lon="13.3700700"></trkpt>
      <trkpt lat="41.6615400" lon="13.3700600"></trkpt>
      <trkpt lat="41.6615300" lon="13.3700300"></trkpt>
      <trkpt lat="41.6615200" lon="13.3700100"></trkpt>
      <trkpt lat="41.6615200" lon="13.3700000"></trkpt>
      <trkpt lat="41.6615100" lon="13.3699800"></trkpt>
      <trkpt lat="41.6615000" lon="13.3699500"></trkpt>
      <trkpt lat="41.6614900" lon="13.3699300"></trkpt>
      <trkpt lat="41.6614900" lon="13.3699000"></trkpt>
      <trkpt lat="41.6614800" lon="13.3698800"></trkpt>
      <trkpt lat="41.6614800" lon="13.3698700"></trkpt>
      <trkpt lat="41.6614700" lon="13.3698500"></trkpt>
      <trkpt lat="41.6613900" lon="13.3697200"></trkpt>
      <trkpt lat="41.6613800" lon="13.3696500"></trkpt>
      <trkpt lat="41.6613600" lon="13.3694300"></trkpt>
      <trkpt lat="41.6613400" lon="13.3692900"></trkpt>
      <trkpt lat="41.6613000" lon="13.3689300"></trkpt>
      <trkpt lat="41.6612600" lon="13.3686000"></trkpt>
      <trkpt lat="41.6612400" lon="13.3684600"></trkpt>
      <trkpt lat="41.6612400" lon="13.3683800"></trkpt>
      <trkpt lat="41.6612100" lon="13.3681500"></trkpt>
      <trkpt lat="41.6612100" lon="13.3681300"></trkpt>
      <trkpt lat="41.6611600" lon="13.3677800"></trkpt>
      <trkpt lat="41.6611400" lon="13.3675700"></trkpt>
      <trkpt lat="41.6611000" lon="13.3673100"></trkpt>
      <trkpt lat="41.6610700" lon="13.3671800"></trkpt>
      <trkpt lat="41.6610400" lon="13.3669800"></trkpt>
      <trkpt lat="41.6610000" lon="13.3667700"></trkpt>
      <trkpt lat="41.6609800" lon="13.3666700"></trkpt>
      <trkpt lat="41.6609500" lon="13.3665500"></trkpt>
      <trkpt lat="41.6608900" lon="13.3663000"></trkpt>
      <trkpt lat="41.6608500" lon="13.3661600"></trkpt>
      <trkpt lat="41.6608200" lon="13.3660300"></trkpt>
      <trkpt lat="41.6607500" lon="13.3657800"></trkpt>
      <trkpt lat="41.6607000" lon="13.3656100"></trkpt>
      <trkpt lat="41.6606400" lon="13.3653800"></trkpt>
      <trkpt lat="41.6606100" lon="13.3652800"></trkpt>
      <trkpt lat="41.6606000" lon="13.3652300"></trkpt>
      <trkpt lat="41.6605600" lon="13.3651000"></trkpt>
      <trkpt lat="41.6605100" lon="13.3649300"></trkpt>
      <trkpt lat="41.6604800" lon="13.3648400"></trkpt>
      <trkpt lat="41.6604500" lon="13.3647000"></trkpt>
      <trkpt lat="41.6604300" lon="13.3646300"></trkpt>
      <trkpt lat="41.6603600" lon="13.3644000"></trkpt>
      <trkpt lat="41.6602900" lon="13.3641400"></trkpt>
      <trkpt lat="41.6602100" lon="13.3638700"></trkpt>
      <trkpt lat="41.6601900" lon="13.3638000"></trkpt>
      <trkpt lat="41.6601100" lon="13.3635100"></trkpt>
      <trkpt lat="41.6599200" lon="13.3629000"></trkpt>
      <trkpt lat="41.6599200" lon="13.3628400"></trkpt>
      <trkpt lat="41.6599100" lon="13.3628000"></trkpt>
      <trkpt lat="41.6598200" lon="13.3625400"></trkpt>
      <trkpt lat="41.6597100" lon="13.3622500"></trkpt>
      <trkpt lat="41.6596900" lon="13.3621900"></trkpt>
      <trkpt lat="41.6595900" lon="13.3619500"></trkpt>
      <trkpt lat="41.6595000" lon="13.3617700"></trkpt>
      <trkpt lat="41.6594000" lon="13.3615800"></trkpt>
      <trkpt lat="41.6593200" lon="13.3613900"></trkpt>
      <trkpt lat="41.6592700" lon="13.3612500"></trkpt>
      <trkpt lat="41.6591600" lon="13.3609600"></trkpt>
      <trkpt lat="41.6591100" lon="13.3607800"></trkpt>
      <trkpt lat="41.6590700" lon="13.3606300"></trkpt>
      <trkpt lat="41.6590100" lon="13.3603300"></trkpt>
      <trkpt lat="41.6589600" lon="13.3599300"></trkpt>
      <trkpt lat="41.6588800" lon="13.3593400"></trkpt>
      <trkpt lat="41.6588500" lon="13.3592400"></trkpt>
      <trkpt lat="41.6588200" lon="13.3590100"></trkpt>
      <trkpt lat="41.6587800" lon="13.3586800"></trkpt>
      <trkpt lat="41.6587700" lon="13.3586100"></trkpt>
      <trkpt lat="41.6587200" lon="13.3583300"></trkpt>
      <trkpt lat="41.6586800" lon="13.3579700"></trkpt>
      <trkpt lat="41.6585900" lon="13.3572400"></trkpt>
      <trkpt lat="41.6584600" lon="13.3562900"></trkpt>
      <trkpt lat="41.6584300" lon="13.3560600"></trkpt>
      <trkpt lat="41.6581400" lon="13.3539200"></trkpt>
      <trkpt lat="41.6581100" lon="13.3536900"></trkpt>
      <trkpt lat="41.6580200" lon="13.3529800"></trkpt>
      <trkpt lat="41.6579700" lon="13.3526100"></trkpt>
      <trkpt lat="41.6579500" lon="13.3524800"></trkpt>
      <trkpt lat="41.6579200" lon="13.3522500"></trkpt>
      <trkpt lat="41.6578800" lon="13.3519400"></trkpt>
      <trkpt lat="41.6577700" lon="13.3512300"></trkpt>
      <trkpt lat="41.6577500" lon="13.3510400"></trkpt>
      <trkpt lat="41.6576400" lon="13.3505300"></trkpt>
      <trkpt lat="41.6575200" lon="13.3496600"></trkpt>
      <trkpt lat="41.6573200" lon="13.3488500"></trkpt>
      <trkpt lat="41.6570100" lon="13.3479100"></trkpt>
      <trkpt lat="41.6568000" lon="13.3474100"></trkpt>
      <trkpt lat="41.6567800" lon="13.3473700"></trkpt>
      <trkpt lat="41.6566200" lon="13.3470400"></trkpt>
      <trkpt lat="41.6566100" lon="13.3470100"></trkpt>
      <trkpt lat="41.6563000" lon="13.3464600"></trkpt>
      <trkpt lat="41.6562100" lon="13.3462900"></trkpt>
      <trkpt lat="41.6559300" lon="13.3457900"></trkpt>
      <trkpt lat="41.6557100" lon="13.3454000"></trkpt>
      <trkpt lat="41.6555700" lon="13.3451400"></trkpt>
      <trkpt lat="41.6553900" lon="13.3448200"></trkpt>
      <trkpt lat="41.6553800" lon="13.3448000"></trkpt>
      <trkpt lat="41.6553100" lon="13.3446900"></trkpt>
      <trkpt lat="41.6552000" lon="13.3445000"></trkpt>
      <trkpt lat="41.6550500" lon="13.3442300"></trkpt>
      <trkpt lat="41.6548700" lon="13.3439300"></trkpt>
      <trkpt lat="41.6548300" lon="13.3438700"></trkpt>
      <trkpt lat="41.6546900" lon="13.3436200"></trkpt>
      <trkpt lat="41.6546300" lon="13.3434400"></trkpt>
      <trkpt lat="41.6545700" lon="13.3433300"></trkpt>
      <trkpt lat="41.6544300" lon="13.3430800"></trkpt>
      <trkpt lat="41.6544000" lon="13.3430200"></trkpt>
      <trkpt lat="41.6543700" lon="13.3429600"></trkpt>
      <trkpt lat="41.6543400" lon="13.3428600"></trkpt>
      <trkpt lat="41.6543200" lon="13.3427700"></trkpt>
      <trkpt lat="41.6543300" lon="13.3427700"></trkpt>
      <trkpt lat="41.6543300" lon="13.3427600"></trkpt>
      <trkpt lat="41.6543400" lon="13.3427600"></trkpt>
      <trkpt lat="41.6543400" lon="13.3427500"></trkpt>
      <trkpt lat="41.6543500" lon="13.3427500"></trkpt>
      <trkpt lat="41.6543500" lon="13.3427400"></trkpt>
      <trkpt lat="41.6543600" lon="13.3427300"></trkpt>
      <trkpt lat="41.6543600" lon="13.3427200"></trkpt>
      <trkpt lat="41.6543700" lon="13.3427000"></trkpt>
      <trkpt lat="41.6543700" lon="13.3426800"></trkpt>
      <trkpt lat="41.6543800" lon="13.3426800"></trkpt>
      <trkpt lat="41.6543800" lon="13.3426000"></trkpt>
      <trkpt lat="41.6543700" lon="13.3425900"></trkpt>
      <trkpt lat="41.6543700" lon="13.3425700"></trkpt>
      <trkpt lat="41.6543600" lon="13.3425600"></trkpt>
      <trkpt lat="41.6543600" lon="13.3425400"></trkpt>
      <trkpt lat="41.6543500" lon="13.3425400"></trkpt>
      <trkpt lat="41.6543500" lon="13.3425300"></trkpt>
      <trkpt lat="41.6543400" lon="13.3425300"></trkpt>
      <trkpt lat="41.6543400" lon="13.3425200"></trkpt>
      <trkpt lat="41.6543300" lon="13.3425200"></trkpt>
      <trkpt lat="41.6543300" lon="13.3425100"></trkpt>
      <trkpt lat="41.6543200" lon="13.3425100"></trkpt>
      <trkpt lat="41.6543200" lon="13.3425000"></trkpt>
      <trkpt lat="41.6543100" lon="13.3425000"></trkpt>
      <trkpt lat="41.6543000" lon="13.3425000"></trkpt>
      <trkpt lat="41.6543000" lon="13.3424900"></trkpt>
      <trkpt lat="41.6539200" lon="13.3421700"></trkpt>
      <trkpt lat="41.6538000" lon="13.3420700"></trkpt>
      <trkpt lat="41.6536800" lon="13.3419800"></trkpt>
      <trkpt lat="41.6535700" lon="13.3418700"></trkpt>
      <trkpt lat="41.6533100" lon="13.3416400"></trkpt>
      <trkpt lat="41.6532300" lon="13.3415700"></trkpt>
      <trkpt lat="41.6531700" lon="13.3415100"></trkpt>
      <trkpt lat="41.6530600" lon="13.3414200"></trkpt>
      <trkpt lat="41.6529100" lon="13.3413000"></trkpt>
      <trkpt lat="41.6527800" lon="13.3411900"></trkpt>
      <trkpt lat="41.6526900" lon="13.3411600"></trkpt>
      <trkpt lat="41.6526200" lon="13.3411000"></trkpt>
      <trkpt lat="41.6521500" lon="13.3407000"></trkpt>
      <trkpt lat="41.6516300" lon="13.3402700"></trkpt>
      <trkpt lat="41.6509800" lon="13.3397300"></trkpt>
      <trkpt lat="41.6504800" lon="13.3393100"></trkpt>
      <trkpt lat="41.6501400" lon="13.3390300"></trkpt>
      <trkpt lat="41.6499700" lon="13.3388800"></trkpt>
      <trkpt lat="41.6498400" lon="13.3387700"></trkpt>
      <trkpt lat="41.6497900" lon="13.3387300"></trkpt>
      <trkpt lat="41.6497800" lon="13.3386600"></trkpt>
      <trkpt lat="41.6497800" lon="13.3386500"></trkpt>
      <trkpt lat="41.6497000" lon="13.3385200"></trkpt>
      <trkpt lat="41.6497000" lon="13.3384200"></trkpt>
      <trkpt lat="41.6496900" lon="13.3384000"></trkpt>
      <trkpt lat="41.6496800" lon="13.3383700"></trkpt>
      <trkpt lat="41.6496700" lon="13.3383500"></trkpt>
      <trkpt lat="41.6496600" lon="13.3383300"></trkpt>
      <trkpt lat="41.6496500" lon="13.3383000"></trkpt>
      <trkpt lat="41.6496300" lon="13.3382800"></trkpt>
      <trkpt lat="41.6496100" lon="13.3382600"></trkpt>
      <trkpt lat="41.6496000" lon="13.3382500"></trkpt>
      <trkpt lat="41.6495900" lon="13.3382500"></trkpt>
      <trkpt lat="41.6495800" lon="13.3382400"></trkpt>
      <trkpt lat="41.6495700" lon="13.3382300"></trkpt>
      <trkpt lat="41.6495600" lon="13.3382300"></trkpt>
      <trkpt lat="41.6495500" lon="13.3382200"></trkpt>
      <trkpt lat="41.6495400" lon="13.3382200"></trkpt>
      <trkpt lat="41.6495300" lon="13.3382100"></trkpt>
      <trkpt lat="41.6494500" lon="13.3382100"></trkpt>
      <trkpt lat="41.6494400" lon="13.3382200"></trkpt>
      <trkpt lat="41.6494200" lon="13.3382300"></trkpt>
      <trkpt lat="41.6494000" lon="13.3382400"></trkpt>
      <trkpt lat="41.6492900" lon="13.3382300"></trkpt>
      <trkpt lat="41.6492600" lon="13.3382200"></trkpt>
      <trkpt lat="41.6492200" lon="13.3382000"></trkpt>
      <trkpt lat="41.6491900" lon="13.3381800"></trkpt>
      <trkpt lat="41.6491400" lon="13.3381400"></trkpt>
      <trkpt lat="41.6491000" lon="13.3381300"></trkpt>
      <trkpt lat="41.6488400" lon="13.3379000"></trkpt>
      <trkpt lat="41.6476300" lon="13.3368200"></trkpt>
      <trkpt lat="41.6474900" lon="13.3367000"></trkpt>
      <trkpt lat="41.6472900" lon="13.3365200"></trkpt>
      <trkpt lat="41.6472300" lon="13.3364600"></trkpt>
      <trkpt lat="41.6471600" lon="13.3364000"></trkpt>
      <trkpt lat="41.6470300" lon="13.3362800"></trkpt>
      <trkpt lat="41.6470000" lon="13.3362500"></trkpt>
      <trkpt lat="41.6468600" lon="13.3361300"></trkpt>
      <trkpt lat="41.6467900" lon="13.3360600"></trkpt>
      <trkpt lat="41.6467600" lon="13.3360300"></trkpt>
      <trkpt lat="41.6466200" lon="13.3359000"></trkpt>
      <trkpt lat="41.6463600" lon="13.3356400"></trkpt>
      <trkpt lat="41.6462400" lon="13.3355300"></trkpt>
      <trkpt lat="41.6461200" lon="13.3354200"></trkpt>
      <trkpt lat="41.6460300" lon="13.3353400"></trkpt>
      <trkpt lat="41.6458200" lon="13.3351500"></trkpt>
      <trkpt lat="41.6457500" lon="13.3350900"></trkpt>
      <trkpt lat="41.6455800" lon="13.3349400"></trkpt>
      <trkpt lat="41.6454500" lon="13.3348300"></trkpt>
      <trkpt lat="41.6453800" lon="13.3347700"></trkpt>
      <trkpt lat="41.6453200" lon="13.3347200"></trkpt>
      <trkpt lat="41.6452800" lon="13.3346800"></trkpt>
      <trkpt lat="41.6452700" lon="13.3346700"></trkpt>
      <trkpt lat="41.6452300" lon="13.3346400"></trkpt>
      <trkpt lat="41.6450500" lon="13.3344900"></trkpt>
      <trkpt lat="41.6449600" lon="13.3344100"></trkpt>
      <trkpt lat="41.6449000" lon="13.3343600"></trkpt>
      <trkpt lat="41.6446200" lon="13.3341100"></trkpt>
      <trkpt lat="41.6444500" lon="13.3339700"></trkpt>
      <trkpt lat="41.6442500" lon="13.3338000"></trkpt>
      <trkpt lat="41.6441300" lon="13.3337100"></trkpt>
      <trkpt lat="41.6440500" lon="13.3336500"></trkpt>
      <trkpt lat="41.6439700" lon="13.3335900"></trkpt>
      <trkpt lat="41.6439100" lon="13.3335500"></trkpt>
      <trkpt lat="41.6438000" lon="13.3335000"></trkpt>
      <trkpt lat="41.6437600" lon="13.3334700"></trkpt>
      <trkpt lat="41.6436900" lon="13.3334400"></trkpt>
      <trkpt lat="41.6436200" lon="13.3334000"></trkpt>
      <trkpt lat="41.6435100" lon="13.3333400"></trkpt>
      <trkpt lat="41.6434700" lon="13.3333200"></trkpt>
      <trkpt lat="41.6433400" lon="13.3332600"></trkpt>
      <trkpt lat="41.6432000" lon="13.3332000"></trkpt>
      <trkpt lat="41.6431400" lon="13.3331400"></trkpt>
      <trkpt lat="41.6430900" lon="13.3331100"></trkpt>
      <trkpt lat="41.6430300" lon="13.3330600"></trkpt>
      <trkpt lat="41.6429700" lon="13.3330300"></trkpt>
      <trkpt lat="41.6429700" lon="13.3330000"></trkpt>
      <trkpt lat="41.6429600" lon="13.3329900"></trkpt>
      <trkpt lat="41.6429600" lon="13.3329800"></trkpt>
      <trkpt lat="41.6429500" lon="13.3329700"></trkpt>
      <trkpt lat="41.6429500" lon="13.3329500"></trkpt>
      <trkpt lat="41.6429400" lon="13.3329400"></trkpt>
      <trkpt lat="41.6429400" lon="13.3329300"></trkpt>
      <trkpt lat="41.6429300" lon="13.3329200"></trkpt>
      <trkpt lat="41.6429300" lon="13.3329100"></trkpt>
      <trkpt lat="41.6429200" lon="13.3329000"></trkpt>
      <trkpt lat="41.6429100" lon="13.3329000"></trkpt>
      <trkpt lat="41.6429000" lon="13.3328900"></trkpt>
      <trkpt lat="41.6428900" lon="13.3328800"></trkpt>
      <trkpt lat="41.6428700" lon="13.3328700"></trkpt>
      <trkpt lat="41.6428600" lon="13.3328600"></trkpt>
      <trkpt lat="41.6428500" lon="13.3328600"></trkpt>
      <trkpt lat="41.6428400" lon="13.3328500"></trkpt>
      <trkpt lat="41.6428200" lon="13.3328500"></trkpt>
      <trkpt lat="41.6428100" lon="13.3328500"></trkpt>
      <trkpt lat="41.6427900" lon="13.3328500"></trkpt>
      <trkpt lat="41.6427700" lon="13.3328600"></trkpt>
      <trkpt lat="41.6427600" lon="13.3328600"></trkpt>
      <trkpt lat="41.6427500" lon="13.3328700"></trkpt>
      <trkpt lat="41.6427400" lon="13.3328800"></trkpt>
      <trkpt lat="41.6427300" lon="13.3328800"></trkpt>
      <trkpt lat="41.6427200" lon="13.3328900"></trkpt>
      <trkpt lat="41.6427200" lon="13.3329000"></trkpt>
      <trkpt lat="41.6427100" lon="13.3329100"></trkpt>
      <trkpt lat="41.6426300" lon="13.3329000"></trkpt>
      <trkpt lat="41.6425700" lon="13.3328800"></trkpt>
      <trkpt lat="41.6425300" lon="13.3328700"></trkpt>
      <trkpt lat="41.6424200" lon="13.3328500"></trkpt>
      <trkpt lat="41.6423300" lon="13.3328100"></trkpt>
      <trkpt lat="41.6423100" lon="13.3328000"></trkpt>
      <trkpt lat="41.6421200" lon="13.3327200"></trkpt>
      <trkpt lat="41.6420300" lon="13.3326800"></trkpt>
      <trkpt lat="41.6419100" lon="13.3326300"></trkpt>
      <trkpt lat="41.6418200" lon="13.3325800"></trkpt>
      <trkpt lat="41.6417000" lon="13.3325300"></trkpt>
      <trkpt lat="41.6415300" lon="13.3324600"></trkpt>
      <trkpt lat="41.6415100" lon="13.3324500"></trkpt>
      <trkpt lat="41.6414400" lon="13.3324200"></trkpt>
      <trkpt lat="41.6413900" lon="13.3324000"></trkpt>
      <trkpt lat="41.6413000" lon="13.3323600"></trkpt>
      <trkpt lat="41.6412300" lon="13.3323300"></trkpt>
      <trkpt lat="41.6411300" lon="13.3322900"></trkpt>
      <trkpt lat="41.6408900" lon="13.3321900"></trkpt>
      <trkpt lat="41.6407500" lon="13.3321300"></trkpt>
      <trkpt lat="41.6403400" lon="13.3319400"></trkpt>
      <trkpt lat="41.6400100" lon="13.3318000"></trkpt>
      <trkpt lat="41.6395300" lon="13.3315900"></trkpt>
      <trkpt lat="41.6394400" lon="13.3315500"></trkpt>
      <trkpt lat="41.6394400" lon="13.3314200"></trkpt>
      <trkpt lat="41.6394300" lon="13.3314100"></trkpt>
      <trkpt lat="41.6394300" lon="13.3313900"></trkpt>
      <trkpt lat="41.6394200" lon="13.3313700"></trkpt>
      <trkpt lat="41.6394100" lon="13.3313600"></trkpt>
      <trkpt lat="41.6394100" lon="13.3313400"></trkpt>
      <trkpt lat="41.6394000" lon="13.3313200"></trkpt>
      <trkpt lat="41.6393900" lon="13.3313100"></trkpt>
      <trkpt lat="41.6393800" lon="13.3313000"></trkpt>
      <trkpt lat="41.6393700" lon="13.3312900"></trkpt>
      <trkpt lat="41.6393600" lon="13.3312700"></trkpt>
      <trkpt lat="41.6393500" lon="13.3312600"></trkpt>
      <trkpt lat="41.6393400" lon="13.3312500"></trkpt>
      <trkpt lat="41.6393200" lon="13.3312500"></trkpt>
      <trkpt lat="41.6393100" lon="13.3312400"></trkpt>
      <trkpt lat="41.6393000" lon="13.3312400"></trkpt>
      <trkpt lat="41.6392800" lon="13.3312400"></trkpt>
      <trkpt lat="41.6392700" lon="13.3312400"></trkpt>
      <trkpt lat="41.6392600" lon="13.3312400"></trkpt>
      <trkpt lat="41.6392400" lon="13.3312400"></trkpt>
      <trkpt lat="41.6392300" lon="13.3312500"></trkpt>
      <trkpt lat="41.6392200" lon="13.3312500"></trkpt>
      <trkpt lat="41.6392100" lon="13.3312600"></trkpt>
      <trkpt lat="41.6391900" lon="13.3312700"></trkpt>
      <trkpt lat="41.6391800" lon="13.3312800"></trkpt>
      <trkpt lat="41.6391700" lon="13.3312900"></trkpt>
      <trkpt lat="41.6391600" lon="13.3313000"></trkpt>
      <trkpt lat="41.6391500" lon="13.3313100"></trkpt>
      <trkpt lat="41.6391400" lon="13.3313200"></trkpt>
      <trkpt lat="41.6391300" lon="13.3313400"></trkpt>
      <trkpt lat="41.6391300" lon="13.3313500"></trkpt>
      <trkpt lat="41.6391200" lon="13.3313700"></trkpt>
      <trkpt lat="41.6391100" lon="13.3313900"></trkpt>
      <trkpt lat="41.6390300" lon="13.3313500"></trkpt>
      <trkpt lat="41.6388700" lon="13.3312800"></trkpt>
      <trkpt lat="41.6384500" lon="13.3310900"></trkpt>
      <trkpt lat="41.6383100" lon="13.3310300"></trkpt>
      <trkpt lat="41.6376100" lon="13.3307300"></trkpt>
      <trkpt lat="41.6372100" lon="13.3305500"></trkpt>
      <trkpt lat="41.6370400" lon="13.3304700"></trkpt>
      <trkpt lat="41.6369200" lon="13.3304100"></trkpt>
      <trkpt lat="41.6367800" lon="13.3303500"></trkpt>
      <trkpt lat="41.6366300" lon="13.3302800"></trkpt>
      <trkpt lat="41.6366100" lon="13.3302700"></trkpt>
      <trkpt lat="41.6364900" lon="13.3301900"></trkpt>
      <trkpt lat="41.6363300" lon="13.3301000"></trkpt>
      <trkpt lat="41.6363300" lon="13.3300900"></trkpt>
      <trkpt lat="41.6361900" lon="13.3299900"></trkpt>
      <trkpt lat="41.6360400" lon="13.3298700"></trkpt>
      <trkpt lat="41.6360100" lon="13.3298400"></trkpt>
      <trkpt lat="41.6359000" lon="13.3297300"></trkpt>
      <trkpt lat="41.6357600" lon="13.3296000"></trkpt>
      <trkpt lat="41.6356300" lon="13.3294500"></trkpt>
      <trkpt lat="41.6353300" lon="13.3290800"></trkpt>
      <trkpt lat="41.6352400" lon="13.3288000"></trkpt>
      <trkpt lat="41.6352500" lon="13.3287800"></trkpt>
      <trkpt lat="41.6352700" lon="13.3287500"></trkpt>
      <trkpt lat="41.6352800" lon="13.3287200"></trkpt>
      <trkpt lat="41.6352900" lon="13.3286900"></trkpt>
      <trkpt lat="41.6352900" lon="13.3286600"></trkpt>
      <trkpt lat="41.6353000" lon="13.3286200"></trkpt>
      <trkpt lat="41.6353000" lon="13.3285900"></trkpt>
      <trkpt lat="41.6352900" lon="13.3285500"></trkpt>
      <trkpt lat="41.6352900" lon="13.3285200"></trkpt>
      <trkpt lat="41.6352800" lon="13.3284900"></trkpt>
      <trkpt lat="41.6352700" lon="13.3284500"></trkpt>
      <trkpt lat="41.6352600" lon="13.3284200"></trkpt>
      <trkpt lat="41.6352400" lon="13.3284000"></trkpt>
      <trkpt lat="41.6352300" lon="13.3283700"></trkpt>
      <trkpt lat="41.6352100" lon="13.3283500"></trkpt>
      <trkpt lat="41.6351900" lon="13.3283300"></trkpt>
      <trkpt lat="41.6351600" lon="13.3283100"></trkpt>
      <trkpt lat="41.6351400" lon="13.3283000"></trkpt>
      <trkpt lat="41.6351100" lon="13.3282900"></trkpt>
      <trkpt lat="41.6350800" lon="13.3282800"></trkpt>
      <trkpt lat="41.6350600" lon="13.3282800"></trkpt>
      <trkpt lat="41.6350000" lon="13.3282800"></trkpt>
      <trkpt lat="41.6349800" lon="13.3282900"></trkpt>
      <trkpt lat="41.6349600" lon="13.3283000"></trkpt>
      <trkpt lat="41.6349300" lon="13.3283200"></trkpt>
      <trkpt lat="41.6349100" lon="13.3283400"></trkpt>
      <trkpt lat="41.6348900" lon="13.3283600"></trkpt>
      <trkpt lat="41.6348800" lon="13.3283700"></trkpt>
      <trkpt lat="41.6348700" lon="13.3283800"></trkpt>
      <trkpt lat="41.6347500" lon="13.3283000"></trkpt>
      <trkpt lat="41.6347200" lon="13.3282800"></trkpt>
      <trkpt lat="41.6345200" lon="13.3280200"></trkpt>
      <trkpt lat="41.6344600" lon="13.3279400"></trkpt>
      <trkpt lat="41.6344000" lon="13.3278500"></trkpt>
      <trkpt lat="41.6342800" lon="13.3277100"></trkpt>
      <trkpt lat="41.6341200" lon="13.3275100"></trkpt>
      <trkpt lat="41.6340600" lon="13.3274500"></trkpt>
      <trkpt lat="41.6339500" lon="13.3273400"></trkpt>
      <trkpt lat="41.6337900" lon="13.3271600"></trkpt>
      <trkpt lat="41.6336500" lon="13.3270200"></trkpt>
      <trkpt lat="41.6334900" lon="13.3268900"></trkpt>
      <trkpt lat="41.6333300" lon="13.3267600"></trkpt>
      <trkpt lat="41.6332900" lon="13.3267300"></trkpt>
      <trkpt lat="41.6331300" lon="13.3266200"></trkpt>
      <trkpt lat="41.6329600" lon="13.3265100"></trkpt>
      <trkpt lat="41.6327700" lon="13.3264100"></trkpt>
      <trkpt lat="41.6326300" lon="13.3263400"></trkpt>
      <trkpt lat="41.6326000" lon="13.3263200"></trkpt>
      <trkpt lat="41.6323900" lon="13.3262300"></trkpt>
      <trkpt lat="41.6318800" lon="13.3260100"></trkpt>
      <trkpt lat="41.6310100" lon="13.3256600"></trkpt>
      <trkpt lat="41.6306500" lon="13.3255000"></trkpt>
      <trkpt lat="41.6305400" lon="13.3254500"></trkpt>
      <trkpt lat="41.6302700" lon="13.3253200"></trkpt>
      <trkpt lat="41.6295000" lon="13.3250100"></trkpt>
      <trkpt lat="41.6294600" lon="13.3249900"></trkpt>
      <trkpt lat="41.6294000" lon="13.3249700"></trkpt>
      <trkpt lat="41.6293900" lon="13.3249600"></trkpt>
      <trkpt lat="41.6293300" lon="13.3249400"></trkpt>
      <trkpt lat="41.6292200" lon="13.3249000"></trkpt>
      <trkpt lat="41.6289800" lon="13.3248000"></trkpt>
      <trkpt lat="41.6288400" lon="13.3247400"></trkpt>
      <trkpt lat="41.6288100" lon="13.3247300"></trkpt>
      <trkpt lat="41.6286300" lon="13.3246500"></trkpt>
      <trkpt lat="41.6284600" lon="13.3245700"></trkpt>
      <trkpt lat="41.6282900" lon="13.3245000"></trkpt>
      <trkpt lat="41.6281000" lon="13.3244100"></trkpt>
      <trkpt lat="41.6279100" lon="13.3243400"></trkpt>
      <trkpt lat="41.6278200" lon="13.3243000"></trkpt>
      <trkpt lat="41.6274500" lon="13.3241500"></trkpt>
      <trkpt lat="41.6271700" lon="13.3240300"></trkpt>
      <trkpt lat="41.6268100" lon="13.3238700"></trkpt>
      <trkpt lat="41.6264500" lon="13.3236800"></trkpt>
      <trkpt lat="41.6263500" lon="13.3236300"></trkpt>
      <trkpt lat="41.6262300" lon="13.3235600"></trkpt>
      <trkpt lat="41.6261600" lon="13.3235100"></trkpt>
      <trkpt lat="41.6260800" lon="13.3234600"></trkpt>
      <trkpt lat="41.6258500" lon="13.3233100"></trkpt>
      <trkpt lat="41.6256100" lon="13.3231500"></trkpt>
      <trkpt lat="41.6255800" lon="13.3231200"></trkpt>
      <trkpt lat="41.6253400" lon="13.3229500"></trkpt>
      <trkpt lat="41.6252700" lon="13.3229000"></trkpt>
      <trkpt lat="41.6251400" lon="13.3228000"></trkpt>
      <trkpt lat="41.6246300" lon="13.3224200"></trkpt>
      <trkpt lat="41.6246100" lon="13.3224000"></trkpt>
      <trkpt lat="41.6244800" lon="13.3223000"></trkpt>
      <trkpt lat="41.6243200" lon="13.3221900"></trkpt>
      <trkpt lat="41.6242800" lon="13.3221600"></trkpt>
      <trkpt lat="41.6239600" lon="13.3219200"></trkpt>
      <trkpt lat="41.6237900" lon="13.3218000"></trkpt>
      <trkpt lat="41.6236000" lon="13.3216600"></trkpt>
      <trkpt lat="41.6229300" lon="13.3211700"></trkpt>
      <trkpt lat="41.6225700" lon="13.3208700"></trkpt>
      <trkpt lat="41.6224300" lon="13.3207500"></trkpt>
      <trkpt lat="41.6223600" lon="13.3206800"></trkpt>
      <trkpt lat="41.6220900" lon="13.3204300"></trkpt>
      <trkpt lat="41.6220300" lon="13.3202900"></trkpt>
      <trkpt lat="41.6219300" lon="13.3201800"></trkpt>
      <trkpt lat="41.6217800" lon="13.3200000"></trkpt>
      <trkpt lat="41.6216200" lon="13.3198100"></trkpt>
      <trkpt lat="41.6213200" lon="13.3194400"></trkpt>
      <trkpt lat="41.6209700" lon="13.3189900"></trkpt>
      <trkpt lat="41.6206700" lon="13.3185100"></trkpt>
      <trkpt lat="41.6205700" lon="13.3183500"></trkpt>
      <trkpt lat="41.6204800" lon="13.3182200"></trkpt>
      <trkpt lat="41.6204200" lon="13.3181100"></trkpt>
      <trkpt lat="41.6203400" lon="13.3179800"></trkpt>
      <trkpt lat="41.6202300" lon="13.3177600"></trkpt>
      <trkpt lat="41.6201500" lon="13.3175700"></trkpt>
      <trkpt lat="41.6201200" lon="13.3175200"></trkpt>
      <trkpt lat="41.6200400" lon="13.3173600"></trkpt>
      <trkpt lat="41.6199800" lon="13.3172300"></trkpt>
      <trkpt lat="41.6198600" lon="13.3169600"></trkpt>
      <trkpt lat="41.6198500" lon="13.3169500"></trkpt>
      <trkpt lat="41.6197600" lon="13.3167300"></trkpt>
      <trkpt lat="41.6197500" lon="13.3167100"></trkpt>
      <trkpt lat="41.6197400" lon="13.3167000"></trkpt>
      <trkpt lat="41.6197000" lon="13.3166700"></trkpt>
      <trkpt lat="41.6196700" lon="13.3165900"></trkpt>
      <trkpt lat="41.6196100" lon="13.3164400"></trkpt>
      <trkpt lat="41.6195300" lon="13.3162200"></trkpt>
      <trkpt lat="41.6194800" lon="13.3160200"></trkpt>
      <trkpt lat="41.6194600" lon="13.3159800"></trkpt>
      <trkpt lat="41.6194200" lon="13.3158200"></trkpt>
      <trkpt lat="41.6193600" lon="13.3156000"></trkpt>
      <trkpt lat="41.6193000" lon="13.3154300"></trkpt>
      <trkpt lat="41.6192600" lon="13.3153100"></trkpt>
      <trkpt lat="41.6192400" lon="13.3152500"></trkpt>
      <trkpt lat="41.6191600" lon="13.3150400"></trkpt>
      <trkpt lat="41.6191000" lon="13.3148900"></trkpt>
      <trkpt lat="41.6189400" lon="13.3145000"></trkpt>
      <trkpt lat="41.6189400" lon="13.3144900"></trkpt>
      <trkpt lat="41.6189300" lon="13.3144600"></trkpt>
      <trkpt lat="41.6189100" lon="13.3144300"></trkpt>
      <trkpt lat="41.6188200" lon="13.3142000"></trkpt>
      <trkpt lat="41.6187600" lon="13.3140400"></trkpt>
      <trkpt lat="41.6187300" lon="13.3139700"></trkpt>
      <trkpt lat="41.6186400" lon="13.3137700"></trkpt>
      <trkpt lat="41.6185700" lon="13.3135900"></trkpt>
      <trkpt lat="41.6185300" lon="13.3135100"></trkpt>
      <trkpt lat="41.6185100" lon="13.3134700"></trkpt>
      <trkpt lat="41.6185000" lon="13.3134500"></trkpt>
      <trkpt lat="41.6184700" lon="13.3134000"></trkpt>
      <trkpt lat="41.6184500" lon="13.3133500"></trkpt>
      <trkpt lat="41.6184400" lon="13.3133500"></trkpt>
      <trkpt lat="41.6183900" lon="13.3132500"></trkpt>
      <trkpt lat="41.6183400" lon="13.3131700"></trkpt>
      <trkpt lat="41.6182700" lon="13.3130500"></trkpt>
      <trkpt lat="41.6182200" lon="13.3129700"></trkpt>
      <trkpt lat="41.6181800" lon="13.3129000"></trkpt>
      <trkpt lat="41.6181800" lon="13.3128900"></trkpt>
      <trkpt lat="41.6181100" lon="13.3127800"></trkpt>
      <trkpt lat="41.6180400" lon="13.3126700"></trkpt>
      <trkpt lat="41.6179700" lon="13.3125500"></trkpt>
      <trkpt lat="41.6178900" lon="13.3124300"></trkpt>
      <trkpt lat="41.6178700" lon="13.3124000"></trkpt>
      <trkpt lat="41.6178400" lon="13.3123500"></trkpt>
      <trkpt lat="41.6177900" lon="13.3122700"></trkpt>
      <trkpt lat="41.6177400" lon="13.3121800"></trkpt>
      <trkpt lat="41.6176800" lon="13.3121000"></trkpt>
      <trkpt lat="41.6176000" lon="13.3119700"></trkpt>
      <trkpt lat="41.6175300" lon="13.3118700"></trkpt>
      <trkpt lat="41.6173000" lon="13.3115000"></trkpt>
      <trkpt lat="41.6170800" lon="13.3111700"></trkpt>
      <trkpt lat="41.6170100" lon="13.3110500"></trkpt>
      <trkpt lat="41.6168100" lon="13.3107500"></trkpt>
      <trkpt lat="41.6167400" lon="13.3106600"></trkpt>
      <trkpt lat="41.6166000" lon="13.3104500"></trkpt>
      <trkpt lat="41.6162700" lon="13.3099300"></trkpt>
      <trkpt lat="41.6159900" lon="13.3094900"></trkpt>
      <trkpt lat="41.6158800" lon="13.3093400"></trkpt>
      <trkpt lat="41.6157800" lon="13.3091100"></trkpt>
      <trkpt lat="41.6156400" lon="13.3087700"></trkpt>
      <trkpt lat="41.6156300" lon="13.3087500"></trkpt>
      <trkpt lat="41.6156200" lon="13.3087300"></trkpt>
      <trkpt lat="41.6155900" lon="13.3086400"></trkpt>
      <trkpt lat="41.6155100" lon="13.3084200"></trkpt>
      <trkpt lat="41.6154700" lon="13.3083300"></trkpt>
      <trkpt lat="41.6154600" lon="13.3083000"></trkpt>
      <trkpt lat="41.6153800" lon="13.3081100"></trkpt>
      <trkpt lat="41.6153400" lon="13.3079900"></trkpt>
      <trkpt lat="41.6152700" lon="13.3078100"></trkpt>
      <trkpt lat="41.6152200" lon="13.3076800"></trkpt>
      <trkpt lat="41.6151100" lon="13.3073800"></trkpt>
      <trkpt lat="41.6150200" lon="13.3071400"></trkpt>
      <trkpt lat="41.6149200" lon="13.3068800"></trkpt>
      <trkpt lat="41.6148200" lon="13.3066300"></trkpt>
      <trkpt lat="41.6147900" lon="13.3065500"></trkpt>
      <trkpt lat="41.6147600" lon="13.3064800"></trkpt>
      <trkpt lat="41.6146900" lon="13.3063100"></trkpt>
      <trkpt lat="41.6146400" lon="13.3061600"></trkpt>
      <trkpt lat="41.6146200" lon="13.3061100"></trkpt>
      <trkpt lat="41.6145700" lon="13.3060200"></trkpt>
      <trkpt lat="41.6145400" lon="13.3059600"></trkpt>
      <trkpt lat="41.6144900" lon="13.3058800"></trkpt>
      <trkpt lat="41.6144000" lon="13.3057500"></trkpt>
      <trkpt lat="41.6143300" lon="13.3056600"></trkpt>
      <trkpt lat="41.6141800" lon="13.3054600"></trkpt>
      <trkpt lat="41.6140700" lon="13.3053000"></trkpt>
      <trkpt lat="41.6140000" lon="13.3052100"></trkpt>
      <trkpt lat="41.6137700" lon="13.3049100"></trkpt>
      <trkpt lat="41.6137300" lon="13.3048600"></trkpt>
      <trkpt lat="41.6135500" lon="13.3046100"></trkpt>
      <trkpt lat="41.6133800" lon="13.3043900"></trkpt>
      <trkpt lat="41.6129200" lon="13.3037600"></trkpt>
      <trkpt lat="41.6127700" lon="13.3035300"></trkpt>
      <trkpt lat="41.6125800" lon="13.3032600"></trkpt>
      <trkpt lat="41.6125200" lon="13.3031700"></trkpt>
      <trkpt lat="41.6124800" lon="13.3031200"></trkpt>
      <trkpt lat="41.6121800" lon="13.3026900"></trkpt>
      <trkpt lat="41.6120700" lon="13.3025500"></trkpt>
      <trkpt lat="41.6118500" lon="13.3022500"></trkpt>
      <trkpt lat="41.6116900" lon="13.3020500"></trkpt>
      <trkpt lat="41.6116800" lon="13.3020400"></trkpt>
      <trkpt lat="41.6116400" lon="13.3019900"></trkpt>
      <trkpt lat="41.6115300" lon="13.3018500"></trkpt>
      <trkpt lat="41.6114500" lon="13.3017500"></trkpt>
      <trkpt lat="41.6114000" lon="13.3017000"></trkpt>
      <trkpt lat="41.6113200" lon="13.3016100"></trkpt>
      <trkpt lat="41.6112000" lon="13.3014900"></trkpt>
      <trkpt lat="41.6111900" lon="13.3014800"></trkpt>
      <trkpt lat="41.6110800" lon="13.3013800"></trkpt>
      <trkpt lat="41.6108800" lon="13.3012300"></trkpt>
      <trkpt lat="41.6108500" lon="13.3012100"></trkpt>
      <trkpt lat="41.6106300" lon="13.3010600"></trkpt>
      <trkpt lat="41.6103500" lon="13.3009200"></trkpt>
      <trkpt lat="41.6099100" lon="13.3008400"></trkpt>
      <trkpt lat="41.6091000" lon="13.3007600"></trkpt>
      <trkpt lat="41.6085400" lon="13.3007000"></trkpt>
      <trkpt lat="41.6082400" lon="13.3006600"></trkpt>
      <trkpt lat="41.6078400" lon="13.3006200"></trkpt>
      <trkpt lat="41.6077900" lon="13.3006100"></trkpt>
      <trkpt lat="41.6075100" lon="13.3005800"></trkpt>
      <trkpt lat="41.6073900" lon="13.3005700"></trkpt>
      <trkpt lat="41.6072900" lon="13.3005600"></trkpt>
      <trkpt lat="41.6067500" lon="13.3005200"></trkpt>
      <trkpt lat="41.6065700" lon="13.3005000"></trkpt>
      <trkpt lat="41.6063100" lon="13.3004800"></trkpt>
      <trkpt lat="41.6060500" lon="13.3004500"></trkpt>
      <trkpt lat="41.6054500" lon="13.3003800"></trkpt>
      <trkpt lat="41.6050900" lon="13.3003400"></trkpt>
      <trkpt lat="41.6050400" lon="13.3003300"></trkpt>
      <trkpt lat="41.6048000" lon="13.3003000"></trkpt>
      <trkpt lat="41.6044200" lon="13.3002700"></trkpt>
      <trkpt lat="41.6044000" lon="13.3002700"></trkpt>
      <trkpt lat="41.6041700" lon="13.3002400"></trkpt>
      <trkpt lat="41.6036500" lon="13.3001800"></trkpt>
      <trkpt lat="41.6035800" lon="13.3001700"></trkpt>
      <trkpt lat="41.6034400" lon="13.3001600"></trkpt>
      <trkpt lat="41.6032200" lon="13.3001400"></trkpt>
      <trkpt lat="41.6027600" lon="13.3000900"></trkpt>
      <trkpt lat="41.6026900" lon="13.3000800"></trkpt>
      <trkpt lat="41.6024600" lon="13.3000400"></trkpt>
      <trkpt lat="41.6024200" lon="13.3000300"></trkpt>
      <trkpt lat="41.6022900" lon="13.3000000"></trkpt>
      <trkpt lat="41.6021900" lon="13.2999800"></trkpt>
      <trkpt lat="41.6021000" lon="13.2999600"></trkpt>
      <trkpt lat="41.6020300" lon="13.2999300"></trkpt>
      <trkpt lat="41.6019700" lon="13.2998900"></trkpt>
      <trkpt lat="41.6018900" lon="13.2998400"></trkpt>
      <trkpt lat="41.6018000" lon="13.2997600"></trkpt>
      <trkpt lat="41.6017800" lon="13.2997400"></trkpt>
      <trkpt lat="41.6016300" lon="13.2995800"></trkpt>
      <trkpt lat="41.6015600" lon="13.2995000"></trkpt>
      <trkpt lat="41.6015300" lon="13.2994800"></trkpt>
      <trkpt lat="41.6014700" lon="13.2993800"></trkpt>
      <trkpt lat="41.6014500" lon="13.2993500"></trkpt>
      <trkpt lat="41.6013400" lon="13.2991500"></trkpt>
      <trkpt lat="41.6012900" lon="13.2990400"></trkpt>
      <trkpt lat="41.6012400" lon="13.2989300"></trkpt>
      <trkpt lat="41.6011700" lon="13.2987700"></trkpt>
      <trkpt lat="41.6011300" lon="13.2986500"></trkpt>
      <trkpt lat="41.6011100" lon="13.2986000"></trkpt>
      <trkpt lat="41.6010800" lon="13.2984700"></trkpt>
      <trkpt lat="41.6010500" lon="13.2982600"></trkpt>
      <trkpt lat="41.6010500" lon="13.2982000"></trkpt>
      <trkpt lat="41.6010400" lon="13.2981800"></trkpt>
      <trkpt lat="41.6010400" lon="13.2981400"></trkpt>
      <trkpt lat="41.6010300" lon="13.2981000"></trkpt>
      <trkpt lat="41.6010300" lon="13.2977400"></trkpt>
      <trkpt lat="41.6010200" lon="13.2974200"></trkpt>
      <trkpt lat="41.6010200" lon="13.2961800"></trkpt>
      <trkpt lat="41.6010100" lon="13.2959200"></trkpt>
      <trkpt lat="41.6009900" lon="13.2957300"></trkpt>
      <trkpt lat="41.6009700" lon="13.2955600"></trkpt>
      <trkpt lat="41.6009400" lon="13.2953900"></trkpt>
      <trkpt lat="41.6009300" lon="13.2953100"></trkpt>
      <trkpt lat="41.6009100" lon="13.2952200"></trkpt>
      <trkpt lat="41.6008900" lon="13.2951600"></trkpt>
      <trkpt lat="41.6008900" lon="13.2951400"></trkpt>
      <trkpt lat="41.6008500" lon="13.2949900"></trkpt>
      <trkpt lat="41.6008300" lon="13.2949400"></trkpt>
      <trkpt lat="41.6007500" lon="13.2947000"></trkpt>
      <trkpt lat="41.6006600" lon="13.2945100"></trkpt>
      <trkpt lat="41.6005900" lon="13.2943600"></trkpt>
      <trkpt lat="41.6005800" lon="13.2943400"></trkpt>
      <trkpt lat="41.6005600" lon="13.2943100"></trkpt>
      <trkpt lat="41.6004700" lon="13.2941800"></trkpt>
      <trkpt lat="41.6004000" lon="13.2940600"></trkpt>
      <trkpt lat="41.6002300" lon="13.2938800"></trkpt>
      <trkpt lat="41.6000300" lon="13.2936700"></trkpt>
      <trkpt lat="41.5999100" lon="13.2935700"></trkpt>
      <trkpt lat="41.5998400" lon="13.2935200"></trkpt>
      <trkpt lat="41.5997200" lon="13.2934400"></trkpt>
      <trkpt lat="41.5995900" lon="13.2933600"></trkpt>
      <trkpt lat="41.5994500" lon="13.2933000"></trkpt>
      <trkpt lat="41.5994200" lon="13.2932900"></trkpt>
      <trkpt lat="41.5993800" lon="13.2932700"></trkpt>
      <trkpt lat="41.5993200" lon="13.2932500"></trkpt>
      <trkpt lat="41.5991500" lon="13.2931900"></trkpt>
      <trkpt lat="41.5990200" lon="13.2931400"></trkpt>
      <trkpt lat="41.5988100" lon="13.2930600"></trkpt>
      <trkpt lat="41.5987100" lon="13.2930200"></trkpt>
      <trkpt lat="41.5980800" lon="13.2927800"></trkpt>
      <trkpt lat="41.5977700" lon="13.2926700"></trkpt>
      <trkpt lat="41.5976900" lon="13.2926400"></trkpt>
      <trkpt lat="41.5974200" lon="13.2925500"></trkpt>
      <trkpt lat="41.5971100" lon="13.2924300"></trkpt>
      <trkpt lat="41.5969900" lon="13.2923900"></trkpt>
      <trkpt lat="41.5969500" lon="13.2923800"></trkpt>
      <trkpt lat="41.5969000" lon="13.2923600"></trkpt>
      <trkpt lat="41.5968200" lon="13.2923300"></trkpt>
      <trkpt lat="41.5964700" lon="13.2922000"></trkpt>
      <trkpt lat="41.5962600" lon="13.2921200"></trkpt>
      <trkpt lat="41.5955600" lon="13.2918600"></trkpt>
      <trkpt lat="41.5948100" lon="13.2915800"></trkpt>
      <trkpt lat="41.5939800" lon="13.2912700"></trkpt>
      <trkpt lat="41.5939500" lon="13.2912500"></trkpt>
      <trkpt lat="41.5938300" lon="13.2912100"></trkpt>
      <trkpt lat="41.5937800" lon="13.2911900"></trkpt>
      <trkpt lat="41.5937200" lon="13.2911700"></trkpt>
      <trkpt lat="41.5936700" lon="13.2911200"></trkpt>
      <trkpt lat="41.5936500" lon="13.2911100"></trkpt>
      <trkpt lat="41.5932600" lon="13.2909500"></trkpt>
      <trkpt lat="41.5931800" lon="13.2909100"></trkpt>
      <trkpt lat="41.5930600" lon="13.2908400"></trkpt>
      <trkpt lat="41.5929200" lon="13.2907500"></trkpt>
      <trkpt lat="41.5927100" lon="13.2906000"></trkpt>
      <trkpt lat="41.5924400" lon="13.2903400"></trkpt>
      <trkpt lat="41.5924000" lon="13.2903100"></trkpt>
      <trkpt lat="41.5922300" lon="13.2901300"></trkpt>
      <trkpt lat="41.5922300" lon="13.2901200"></trkpt>
      <trkpt lat="41.5919200" lon="13.2897600"></trkpt>
      <trkpt lat="41.5917600" lon="13.2895700"></trkpt>
      <trkpt lat="41.5915100" lon="13.2893000"></trkpt>
      <trkpt lat="41.5912400" lon="13.2890000"></trkpt>
      <trkpt lat="41.5907800" lon="13.2885000"></trkpt>
      <trkpt lat="41.5906400" lon="13.2883200"></trkpt>
      <trkpt lat="41.5905300" lon="13.2882000"></trkpt>
      <trkpt lat="41.5904500" lon="13.2881100"></trkpt>
      <trkpt lat="41.5901600" lon="13.2877800"></trkpt>
      <trkpt lat="41.5900200" lon="13.2876300"></trkpt>
      <trkpt lat="41.5900100" lon="13.2876200"></trkpt>
      <trkpt lat="41.5898600" lon="13.2874700"></trkpt>
      <trkpt lat="41.5898200" lon="13.2874200"></trkpt>
      <trkpt lat="41.5897500" lon="13.2874000"></trkpt>
      <trkpt lat="41.5894700" lon="13.2870700"></trkpt>
      <trkpt lat="41.5892000" lon="13.2867800"></trkpt>
      <trkpt lat="41.5888100" lon="13.2863400"></trkpt>
      <trkpt lat="41.5885400" lon="13.2860300"></trkpt>
      <trkpt lat="41.5884000" lon="13.2858700"></trkpt>
      <trkpt lat="41.5881200" lon="13.2855500"></trkpt>
      <trkpt lat="41.5880400" lon="13.2854700"></trkpt>
      <trkpt lat="41.5879100" lon="13.2853300"></trkpt>
      <trkpt lat="41.5873800" lon="13.2847200"></trkpt>
      <trkpt lat="41.5871900" lon="13.2844900"></trkpt>
      <trkpt lat="41.5868500" lon="13.2841100"></trkpt>
      <trkpt lat="41.5864600" lon="13.2836200"></trkpt>
      <trkpt lat="41.5864400" lon="13.2836000"></trkpt>
      <trkpt lat="41.5854200" lon="13.2821400"></trkpt>
      <trkpt lat="41.5848300" lon="13.2812900"></trkpt>
      <trkpt lat="41.5847100" lon="13.2811100"></trkpt>
      <trkpt lat="41.5842700" lon="13.2805100"></trkpt>
      <trkpt lat="41.5838700" lon="13.2800000"></trkpt>
      <trkpt lat="41.5837500" lon="13.2798700"></trkpt>
      <trkpt lat="41.5834300" lon="13.2795000"></trkpt>
      <trkpt lat="41.5831500" lon="13.2791600"></trkpt>
      <trkpt lat="41.5823000" lon="13.2781700"></trkpt>
      <trkpt lat="41.5822300" lon="13.2780200"></trkpt>
      <trkpt lat="41.5821600" lon="13.2779400"></trkpt>
      <trkpt lat="41.5820300" lon="13.2777800"></trkpt>
      <trkpt lat="41.5818200" lon="13.2775200"></trkpt>
      <trkpt lat="41.5815900" lon="13.2772100"></trkpt>
      <trkpt lat="41.5814800" lon="13.2770600"></trkpt>
      <trkpt lat="41.5812300" lon="13.2766800"></trkpt>
      <trkpt lat="41.5804200" lon="13.2753500"></trkpt>
      <trkpt lat="41.5799800" lon="13.2746200"></trkpt>
      <trkpt lat="41.5799500" lon="13.2745900"></trkpt>
      <trkpt lat="41.5799000" lon="13.2744900"></trkpt>
      <trkpt lat="41.5797800" lon="13.2743000"></trkpt>
      <trkpt lat="41.5797300" lon="13.2741900"></trkpt>
      <trkpt lat="41.5795800" lon="13.2739600"></trkpt>
      <trkpt lat="41.5792300" lon="13.2734000"></trkpt>
      <trkpt lat="41.5792000" lon="13.2733500"></trkpt>
      <trkpt lat="41.5790100" lon="13.2730300"></trkpt>
      <trkpt lat="41.5788600" lon="13.2728000"></trkpt>
      <trkpt lat="41.5788200" lon="13.2727400"></trkpt>
      <trkpt lat="41.5785800" lon="13.2723500"></trkpt>
      <trkpt lat="41.5784000" lon="13.2721000"></trkpt>
      <trkpt lat="41.5783200" lon="13.2719900"></trkpt>
      <trkpt lat="41.5782900" lon="13.2719500"></trkpt>
      <trkpt lat="41.5781900" lon="13.2718800"></trkpt>
      <trkpt lat="41.5781100" lon="13.2717900"></trkpt>
      <trkpt lat="41.5780000" lon="13.2716600"></trkpt>
      <trkpt lat="41.5779100" lon="13.2715700"></trkpt>
      <trkpt lat="41.5777700" lon="13.2714300"></trkpt>
      <trkpt lat="41.5776100" lon="13.2712800"></trkpt>
      <trkpt lat="41.5774600" lon="13.2711500"></trkpt>
      <trkpt lat="41.5773100" lon="13.2710200"></trkpt>
      <trkpt lat="41.5772900" lon="13.2710000"></trkpt>
      <trkpt lat="41.5771500" lon="13.2709000"></trkpt>
      <trkpt lat="41.5770900" lon="13.2708600"></trkpt>
      <trkpt lat="41.5768800" lon="13.2707300"></trkpt>
      <trkpt lat="41.5768000" lon="13.2706700"></trkpt>
      <trkpt lat="41.5762200" lon="13.2703600"></trkpt>
      <trkpt lat="41.5759300" lon="13.2702500"></trkpt>
      <trkpt lat="41.5754200" lon="13.2700600"></trkpt>
      <trkpt lat="41.5751900" lon="13.2699700"></trkpt>
      <trkpt lat="41.5741600" lon="13.2695900"></trkpt>
      <trkpt lat="41.5740600" lon="13.2695600"></trkpt>
      <trkpt lat="41.5733000" lon="13.2692800"></trkpt>
      <trkpt lat="41.5730400" lon="13.2691800"></trkpt>
      <trkpt lat="41.5729900" lon="13.2691600"></trkpt>
      <trkpt lat="41.5727200" lon="13.2690600"></trkpt>
      <trkpt lat="41.5721700" lon="13.2688600"></trkpt>
      <trkpt lat="41.5720900" lon="13.2688300"></trkpt>
      <trkpt lat="41.5717500" lon="13.2687100"></trkpt>
      <trkpt lat="41.5713300" lon="13.2685700"></trkpt>
      <trkpt lat="41.5712800" lon="13.2685500"></trkpt>
      <trkpt lat="41.5711500" lon="13.2685100"></trkpt>
      <trkpt lat="41.5711200" lon="13.2685000"></trkpt>
      <trkpt lat="41.5709500" lon="13.2684500"></trkpt>
      <trkpt lat="41.5706800" lon="13.2683800"></trkpt>
      <trkpt lat="41.5706800" lon="13.2683700"></trkpt>
      <trkpt lat="41.5706300" lon="13.2683600"></trkpt>
      <trkpt lat="41.5701600" lon="13.2682600"></trkpt>
      <trkpt lat="41.5692300" lon="13.2681100"></trkpt>
      <trkpt lat="41.5685200" lon="13.2680300"></trkpt>
      <trkpt lat="41.5683800" lon="13.2680100"></trkpt>
      <trkpt lat="41.5675200" lon="13.2679700"></trkpt>
      <trkpt lat="41.5673400" lon="13.2679600"></trkpt>
      <trkpt lat="41.5672800" lon="13.2679600"></trkpt>
      <trkpt lat="41.5666200" lon="13.2679300"></trkpt>
      <trkpt lat="41.5664400" lon="13.2679200"></trkpt>
      <trkpt lat="41.5661600" lon="13.2679000"></trkpt>
      <trkpt lat="41.5658800" lon="13.2678900"></trkpt>
      <trkpt lat="41.5657300" lon="13.2678800"></trkpt>
      <trkpt lat="41.5655500" lon="13.2678700"></trkpt>
      <trkpt lat="41.5654100" lon="13.2678600"></trkpt>
      <trkpt lat="41.5649000" lon="13.2678200"></trkpt>
      <trkpt lat="41.5645100" lon="13.2677900"></trkpt>
      <trkpt lat="41.5644700" lon="13.2677900"></trkpt>
      <trkpt lat="41.5642900" lon="13.2677600"></trkpt>
      <trkpt lat="41.5641100" lon="13.2677400"></trkpt>
      <trkpt lat="41.5640600" lon="13.2677300"></trkpt>
      <trkpt lat="41.5632200" lon="13.2675500"></trkpt>
      <trkpt lat="41.5630200" lon="13.2675000"></trkpt>
      <trkpt lat="41.5626300" lon="13.2674000"></trkpt>
      <trkpt lat="41.5617600" lon="13.2671600"></trkpt>
      <trkpt lat="41.5595500" lon="13.2665700"></trkpt>
      <trkpt lat="41.5589800" lon="13.2664200"></trkpt>
      <trkpt lat="41.5587600" lon="13.2663700"></trkpt>
      <trkpt lat="41.5585300" lon="13.2663200"></trkpt>
      <trkpt lat="41.5582700" lon="13.2662700"></trkpt>
      <trkpt lat="41.5582200" lon="13.2662600"></trkpt>
      <trkpt lat="41.5581300" lon="13.2662500"></trkpt>
      <trkpt lat="41.5580800" lon="13.2662500"></trkpt>
      <trkpt lat="41.5578700" lon="13.2662300"></trkpt>
      <trkpt lat="41.5576700" lon="13.2662300"></trkpt>
      <trkpt lat="41.5575000" lon="13.2662400"></trkpt>
      <trkpt lat="41.5574400" lon="13.2662400"></trkpt>
      <trkpt lat="41.5572900" lon="13.2662600"></trkpt>
      <trkpt lat="41.5570800" lon="13.2662700"></trkpt>
      <trkpt lat="41.5568800" lon="13.2663000"></trkpt>
      <trkpt lat="41.5567900" lon="13.2663100"></trkpt>
      <trkpt lat="41.5567000" lon="13.2663200"></trkpt>
      <trkpt lat="41.5566400" lon="13.2663200"></trkpt>
      <trkpt lat="41.5566100" lon="13.2663300"></trkpt>
      <trkpt lat="41.5564100" lon="13.2663500"></trkpt>
      <trkpt lat="41.5562700" lon="13.2663700"></trkpt>
      <trkpt lat="41.5558900" lon="13.2664200"></trkpt>
      <trkpt lat="41.5542900" lon="13.2666200"></trkpt>
      <trkpt lat="41.5541500" lon="13.2666500"></trkpt>
      <trkpt lat="41.5540700" lon="13.2666700"></trkpt>
      <trkpt lat="41.5540100" lon="13.2666900"></trkpt>
      <trkpt lat="41.5538800" lon="13.2667300"></trkpt>
      <trkpt lat="41.5535300" lon="13.2668500"></trkpt>
      <trkpt lat="41.5535100" lon="13.2668600"></trkpt>
      <trkpt lat="41.5532400" lon="13.2669400"></trkpt>
      <trkpt lat="41.5531000" lon="13.2669900"></trkpt>
      <trkpt lat="41.5528000" lon="13.2671200"></trkpt>
      <trkpt lat="41.5526700" lon="13.2671800"></trkpt>
      <trkpt lat="41.5525000" lon="13.2672500"></trkpt>
      <trkpt lat="41.5523800" lon="13.2673000"></trkpt>
      <trkpt lat="41.5523300" lon="13.2673300"></trkpt>
      <trkpt lat="41.5522900" lon="13.2673400"></trkpt>
      <trkpt lat="41.5522400" lon="13.2673600"></trkpt>
      <trkpt lat="41.5520400" lon="13.2674500"></trkpt>
      <trkpt lat="41.5518700" lon="13.2675200"></trkpt>
      <trkpt lat="41.5516500" lon="13.2676200"></trkpt>
      <trkpt lat="41.5515600" lon="13.2676600"></trkpt>
      <trkpt lat="41.5513600" lon="13.2677500"></trkpt>
      <trkpt lat="41.5513000" lon="13.2677700"></trkpt>
      <trkpt lat="41.5511400" lon="13.2678400"></trkpt>
      <trkpt lat="41.5510500" lon="13.2678800"></trkpt>
      <trkpt lat="41.5506300" lon="13.2680600"></trkpt>
      <trkpt lat="41.5505300" lon="13.2681000"></trkpt>
      <trkpt lat="41.5505000" lon="13.2681200"></trkpt>
      <trkpt lat="41.5504600" lon="13.2681400"></trkpt>
      <trkpt lat="41.5503700" lon="13.2681800"></trkpt>
      <trkpt lat="41.5503600" lon="13.2681800"></trkpt>
      <trkpt lat="41.5502900" lon="13.2682100"></trkpt>
      <trkpt lat="41.5501900" lon="13.2682500"></trkpt>
      <trkpt lat="41.5499400" lon="13.2683600"></trkpt>
      <trkpt lat="41.5497700" lon="13.2684400"></trkpt>
      <trkpt lat="41.5493200" lon="13.2686400"></trkpt>
      <trkpt lat="41.5485400" lon="13.2689900"></trkpt>
      <trkpt lat="41.5480900" lon="13.2691800"></trkpt>
      <trkpt lat="41.5477500" lon="13.2692800"></trkpt>
      <trkpt lat="41.5476900" lon="13.2693000"></trkpt>
      <trkpt lat="41.5474000" lon="13.2693900"></trkpt>
      <trkpt lat="41.5471200" lon="13.2694400"></trkpt>
      <trkpt lat="41.5468400" lon="13.2694800"></trkpt>
      <trkpt lat="41.5467300" lon="13.2695200"></trkpt>
      <trkpt lat="41.5466500" lon="13.2695400"></trkpt>
      <trkpt lat="41.5465000" lon="13.2695600"></trkpt>
      <trkpt lat="41.5461700" lon="13.2695600"></trkpt>
      <trkpt lat="41.5458400" lon="13.2695500"></trkpt>
      <trkpt lat="41.5456300" lon="13.2695300"></trkpt>
      <trkpt lat="41.5454300" lon="13.2695000"></trkpt>
      <trkpt lat="41.5451300" lon="13.2694500"></trkpt>
      <trkpt lat="41.5451000" lon="13.2694500"></trkpt>
      <trkpt lat="41.5448900" lon="13.2694000"></trkpt>
      <trkpt lat="41.5447700" lon="13.2693500"></trkpt>
      <trkpt lat="41.5444300" lon="13.2692200"></trkpt>
      <trkpt lat="41.5443400" lon="13.2691900"></trkpt>
      <trkpt lat="41.5440900" lon="13.2690800"></trkpt>
      <trkpt lat="41.5435900" lon="13.2688400"></trkpt>
      <trkpt lat="41.5434400" lon="13.2687600"></trkpt>
      <trkpt lat="41.5434100" lon="13.2687400"></trkpt>
      <trkpt lat="41.5429000" lon="13.2685000"></trkpt>
      <trkpt lat="41.5425900" lon="13.2683400"></trkpt>
      <trkpt lat="41.5419600" lon="13.2680400"></trkpt>
      <trkpt lat="41.5418900" lon="13.2680000"></trkpt>
      <trkpt lat="41.5415300" lon="13.2678200"></trkpt>
      <trkpt lat="41.5412700" lon="13.2677000"></trkpt>
      <trkpt lat="41.5410500" lon="13.2676000"></trkpt>
      <trkpt lat="41.5409900" lon="13.2675600"></trkpt>
      <trkpt lat="41.5408600" lon="13.2675100"></trkpt>
      <trkpt lat="41.5406500" lon="13.2674300"></trkpt>
      <trkpt lat="41.5403900" lon="13.2673500"></trkpt>
      <trkpt lat="41.5401100" lon="13.2672700"></trkpt>
      <trkpt lat="41.5399000" lon="13.2672300"></trkpt>
      <trkpt lat="41.5397200" lon="13.2672000"></trkpt>
      <trkpt lat="41.5385400" lon="13.2670600"></trkpt>
      <trkpt lat="41.5384700" lon="13.2670500"></trkpt>
      <trkpt lat="41.5384400" lon="13.2670400"></trkpt>
      <trkpt lat="41.5383900" lon="13.2670400"></trkpt>
      <trkpt lat="41.5379100" lon="13.2669800"></trkpt>
      <trkpt lat="41.5375300" lon="13.2669200"></trkpt>
      <trkpt lat="41.5375000" lon="13.2669200"></trkpt>
      <trkpt lat="41.5373300" lon="13.2669000"></trkpt>
      <trkpt lat="41.5372400" lon="13.2668800"></trkpt>
      <trkpt lat="41.5367800" lon="13.2668200"></trkpt>
      <trkpt lat="41.5367400" lon="13.2668100"></trkpt>
      <trkpt lat="41.5366800" lon="13.2668100"></trkpt>
      <trkpt lat="41.5361400" lon="13.2667300"></trkpt>
      <trkpt lat="41.5360600" lon="13.2667200"></trkpt>
      <trkpt lat="41.5360200" lon="13.2667200"></trkpt>
      <trkpt lat="41.5358000" lon="13.2666900"></trkpt>
      <trkpt lat="41.5357400" lon="13.2666800"></trkpt>
      <trkpt lat="41.5355600" lon="13.2666600"></trkpt>
      <trkpt lat="41.5353900" lon="13.2666400"></trkpt>
      <trkpt lat="41.5350600" lon="13.2665900"></trkpt>
      <trkpt lat="41.5350200" lon="13.2665900"></trkpt>
      <trkpt lat="41.5348600" lon="13.2665700"></trkpt>
      <trkpt lat="41.5348500" lon="13.2665700"></trkpt>
      <trkpt lat="41.5346700" lon="13.2665400"></trkpt>
      <trkpt lat="41.5346200" lon="13.2665400"></trkpt>
      <trkpt lat="41.5345000" lon="13.2665200"></trkpt>
      <trkpt lat="41.5343100" lon="13.2665100"></trkpt>
      <trkpt lat="41.5341300" lon="13.2665000"></trkpt>
      <trkpt lat="41.5339500" lon="13.2665000"></trkpt>
      <trkpt lat="41.5338900" lon="13.2665100"></trkpt>
      <trkpt lat="41.5337700" lon="13.2665200"></trkpt>
      <trkpt lat="41.5336700" lon="13.2665200"></trkpt>
      <trkpt lat="41.5335900" lon="13.2665300"></trkpt>
      <trkpt lat="41.5335400" lon="13.2665400"></trkpt>
      <trkpt lat="41.5334100" lon="13.2665600"></trkpt>
      <trkpt lat="41.5332600" lon="13.2665800"></trkpt>
      <trkpt lat="41.5330900" lon="13.2666200"></trkpt>
      <trkpt lat="41.5330200" lon="13.2666400"></trkpt>
      <trkpt lat="41.5327400" lon="13.2667200"></trkpt>
      <trkpt lat="41.5324300" lon="13.2668200"></trkpt>
      <trkpt lat="41.5323700" lon="13.2668400"></trkpt>
      <trkpt lat="41.5323500" lon="13.2668400"></trkpt>
      <trkpt lat="41.5323200" lon="13.2668400"></trkpt>
      <trkpt lat="41.5323000" lon="13.2668300"></trkpt>
      <trkpt lat="41.5322700" lon="13.2668300"></trkpt>
      <trkpt lat="41.5322400" lon="13.2668400"></trkpt>
      <trkpt lat="41.5321400" lon="13.2668600"></trkpt>
      <trkpt lat="41.5318300" lon="13.2669500"></trkpt>
      <trkpt lat="41.5317800" lon="13.2669600"></trkpt>
      <trkpt lat="41.5315400" lon="13.2670400"></trkpt>
      <trkpt lat="41.5314700" lon="13.2670600"></trkpt>
      <trkpt lat="41.5314100" lon="13.2670800"></trkpt>
      <trkpt lat="41.5312900" lon="13.2671300"></trkpt>
      <trkpt lat="41.5310800" lon="13.2672000"></trkpt>
      <trkpt lat="41.5309000" lon="13.2672500"></trkpt>
      <trkpt lat="41.5307000" lon="13.2673200"></trkpt>
      <trkpt lat="41.5304900" lon="13.2673900"></trkpt>
      <trkpt lat="41.5303800" lon="13.2674300"></trkpt>
      <trkpt lat="41.5302000" lon="13.2674900"></trkpt>
      <trkpt lat="41.5300100" lon="13.2675600"></trkpt>
      <trkpt lat="41.5299900" lon="13.2675700"></trkpt>
      <trkpt lat="41.5299800" lon="13.2675800"></trkpt>
      <trkpt lat="41.5299600" lon="13.2675900"></trkpt>
      <trkpt lat="41.5299400" lon="13.2676100"></trkpt>
      <trkpt lat="41.5298100" lon="13.2676600"></trkpt>
      <trkpt lat="41.5296300" lon="13.2677100"></trkpt>
      <trkpt lat="41.5291900" lon="13.2678500"></trkpt>
      <trkpt lat="41.5284700" lon="13.2680800"></trkpt>
      <trkpt lat="41.5283900" lon="13.2681000"></trkpt>
      <trkpt lat="41.5279400" lon="13.2682400"></trkpt>
      <trkpt lat="41.5268100" lon="13.2685900"></trkpt>
      <trkpt lat="41.5265500" lon="13.2686800"></trkpt>
      <trkpt lat="41.5263700" lon="13.2687600"></trkpt>
      <trkpt lat="41.5262200" lon="13.2688300"></trkpt>
      <trkpt lat="41.5260300" lon="13.2689300"></trkpt>
      <trkpt lat="41.5257900" lon="13.2690700"></trkpt>
      <trkpt lat="41.5255500" lon="13.2692300"></trkpt>
      <trkpt lat="41.5251800" lon="13.2695100"></trkpt>
      <trkpt lat="41.5248900" lon="13.2697400"></trkpt>
      <trkpt lat="41.5240400" lon="13.2703800"></trkpt>
      <trkpt lat="41.5237600" lon="13.2706000"></trkpt>
      <trkpt lat="41.5231600" lon="13.2710500"></trkpt>
      <trkpt lat="41.5231200" lon="13.2710800"></trkpt>
      <trkpt lat="41.5231100" lon="13.2710800"></trkpt>
      <trkpt lat="41.5225500" lon="13.2715200"></trkpt>
      <trkpt lat="41.5221600" lon="13.2718200"></trkpt>
      <trkpt lat="41.5218000" lon="13.2720900"></trkpt>
      <trkpt lat="41.5217800" lon="13.2721100"></trkpt>
      <trkpt lat="41.5216400" lon="13.2721900"></trkpt>
      <trkpt lat="41.5216300" lon="13.2722000"></trkpt>
      <trkpt lat="41.5214800" lon="13.2722900"></trkpt>
      <trkpt lat="41.5214400" lon="13.2723200"></trkpt>
      <trkpt lat="41.5213100" lon="13.2723800"></trkpt>
      <trkpt lat="41.5211500" lon="13.2724600"></trkpt>
      <trkpt lat="41.5211400" lon="13.2724700"></trkpt>
      <trkpt lat="41.5209700" lon="13.2725400"></trkpt>
      <trkpt lat="41.5208600" lon="13.2725900"></trkpt>
      <trkpt lat="41.5208000" lon="13.2726100"></trkpt>
      <trkpt lat="41.5205700" lon="13.2726900"></trkpt>
      <trkpt lat="41.5203900" lon="13.2727400"></trkpt>
      <trkpt lat="41.5202700" lon="13.2727800"></trkpt>
      <trkpt lat="41.5200300" lon="13.2728400"></trkpt>
      <trkpt lat="41.5197200" lon="13.2729000"></trkpt>
      <trkpt lat="41.5195600" lon="13.2729200"></trkpt>
      <trkpt lat="41.5193900" lon="13.2729300"></trkpt>
      <trkpt lat="41.5192000" lon="13.2729500"></trkpt>
      <trkpt lat="41.5188600" lon="13.2729500"></trkpt>
      <trkpt lat="41.5188400" lon="13.2729500"></trkpt>
      <trkpt lat="41.5184800" lon="13.2729200"></trkpt>
      <trkpt lat="41.5184600" lon="13.2729200"></trkpt>
      <trkpt lat="41.5183000" lon="13.2729000"></trkpt>
      <trkpt lat="41.5181900" lon="13.2728900"></trkpt>
      <trkpt lat="41.5178500" lon="13.2728200"></trkpt>
      <trkpt lat="41.5175100" lon="13.2727300"></trkpt>
      <trkpt lat="41.5172400" lon="13.2726400"></trkpt>
      <trkpt lat="41.5170500" lon="13.2725600"></trkpt>
      <trkpt lat="41.5169000" lon="13.2725000"></trkpt>
      <trkpt lat="41.5167300" lon="13.2724100"></trkpt>
      <trkpt lat="41.5166300" lon="13.2723600"></trkpt>
      <trkpt lat="41.5165600" lon="13.2723300"></trkpt>
      <trkpt lat="41.5164900" lon="13.2722900"></trkpt>
      <trkpt lat="41.5164000" lon="13.2722300"></trkpt>
      <trkpt lat="41.5163800" lon="13.2722200"></trkpt>
      <trkpt lat="41.5162300" lon="13.2721300"></trkpt>
      <trkpt lat="41.5161900" lon="13.2721000"></trkpt>
      <trkpt lat="41.5160700" lon="13.2720300"></trkpt>
      <trkpt lat="41.5160000" lon="13.2719800"></trkpt>
      <trkpt lat="41.5159200" lon="13.2719100"></trkpt>
      <trkpt lat="41.5158200" lon="13.2718500"></trkpt>
      <trkpt lat="41.5157600" lon="13.2717900"></trkpt>
      <trkpt lat="41.5157000" lon="13.2717400"></trkpt>
      <trkpt lat="41.5156100" lon="13.2716700"></trkpt>
      <trkpt lat="41.5156000" lon="13.2716600"></trkpt>
      <trkpt lat="41.5154600" lon="13.2715300"></trkpt>
      <trkpt lat="41.5153700" lon="13.2714500"></trkpt>
      <trkpt lat="41.5152700" lon="13.2713500"></trkpt>
      <trkpt lat="41.5151700" lon="13.2712500"></trkpt>
      <trkpt lat="41.5148300" lon="13.2709100"></trkpt>
      <trkpt lat="41.5146900" lon="13.2707600"></trkpt>
      <trkpt lat="41.5145200" lon="13.2706000"></trkpt>
      <trkpt lat="41.5144000" lon="13.2704700"></trkpt>
      <trkpt lat="41.5140900" lon="13.2701700"></trkpt>
      <trkpt lat="41.5136600" lon="13.2697400"></trkpt>
      <trkpt lat="41.5134200" lon="13.2695200"></trkpt>
      <trkpt lat="41.5131500" lon="13.2692400"></trkpt>
      <trkpt lat="41.5128400" lon="13.2689400"></trkpt>
      <trkpt lat="41.5124800" lon="13.2685800"></trkpt>
      <trkpt lat="41.5123900" lon="13.2684900"></trkpt>
      <trkpt lat="41.5121500" lon="13.2682600"></trkpt>
      <trkpt lat="41.5119700" lon="13.2680500"></trkpt>
      <trkpt lat="41.5117900" lon="13.2678500"></trkpt>
      <trkpt lat="41.5116700" lon="13.2677000"></trkpt>
      <trkpt lat="41.5115900" lon="13.2676000"></trkpt>
      <trkpt lat="41.5115500" lon="13.2675500"></trkpt>
      <trkpt lat="41.5115100" lon="13.2674900"></trkpt>
      <trkpt lat="41.5112900" lon="13.2672000"></trkpt>
      <trkpt lat="41.5110900" lon="13.2669300"></trkpt>
      <trkpt lat="41.5110100" lon="13.2668000"></trkpt>
      <trkpt lat="41.5109400" lon="13.2667100"></trkpt>
      <trkpt lat="41.5108900" lon="13.2666200"></trkpt>
      <trkpt lat="41.5107600" lon="13.2664200"></trkpt>
      <trkpt lat="41.5106500" lon="13.2662300"></trkpt>
      <trkpt lat="41.5105700" lon="13.2660800"></trkpt>
      <trkpt lat="41.5105100" lon="13.2659700"></trkpt>
      <trkpt lat="41.5104300" lon="13.2658100"></trkpt>
      <trkpt lat="41.5102800" lon="13.2655000"></trkpt>
      <trkpt lat="41.5102600" lon="13.2654500"></trkpt>
      <trkpt lat="41.5101200" lon="13.2651500"></trkpt>
      <trkpt lat="41.5100200" lon="13.2649100"></trkpt>
      <trkpt lat="41.5099300" lon="13.2646800"></trkpt>
      <trkpt lat="41.5098600" lon="13.2644900"></trkpt>
      <trkpt lat="41.5097900" lon="13.2642800"></trkpt>
      <trkpt lat="41.5097300" lon="13.2641100"></trkpt>
      <trkpt lat="41.5096700" lon="13.2639300"></trkpt>
      <trkpt lat="41.5096200" lon="13.2637800"></trkpt>
      <trkpt lat="41.5095700" lon="13.2635900"></trkpt>
      <trkpt lat="41.5095100" lon="13.2633900"></trkpt>
      <trkpt lat="41.5094800" lon="13.2632500"></trkpt>
      <trkpt lat="41.5094300" lon="13.2630700"></trkpt>
      <trkpt lat="41.5093800" lon="13.2628500"></trkpt>
      <trkpt lat="41.5092600" lon="13.2622700"></trkpt>
      <trkpt lat="41.5091500" lon="13.2616800"></trkpt>
      <trkpt lat="41.5089400" lon="13.2605100"></trkpt>
      <trkpt lat="41.5089000" lon="13.2602800"></trkpt>
      <trkpt lat="41.5084400" lon="13.2577900"></trkpt>
      <trkpt lat="41.5084100" lon="13.2576300"></trkpt>
      <trkpt lat="41.5084000" lon="13.2575500"></trkpt>
      <trkpt lat="41.5083900" lon="13.2574700"></trkpt>
      <trkpt lat="41.5083800" lon="13.2574200"></trkpt>
      <trkpt lat="41.5081700" lon="13.2562500"></trkpt>
      <trkpt lat="41.5081000" lon="13.2559000"></trkpt>
      <trkpt lat="41.5079500" lon="13.2550600"></trkpt>
      <trkpt lat="41.5078500" lon="13.2544800"></trkpt>
      <trkpt lat="41.5078100" lon="13.2542800"></trkpt>
      <trkpt lat="41.5075600" lon="13.2528900"></trkpt>
      <trkpt lat="41.5074000" lon="13.2519800"></trkpt>
      <trkpt lat="41.5073300" lon="13.2516200"></trkpt>
      <trkpt lat="41.5063700" lon="13.2462600"></trkpt>
      <trkpt lat="41.5063700" lon="13.2461500"></trkpt>
      <trkpt lat="41.5063500" lon="13.2460200"></trkpt>
      <trkpt lat="41.5063100" lon="13.2457800"></trkpt>
      <trkpt lat="41.5062600" lon="13.2455500"></trkpt>
      <trkpt lat="41.5062200" lon="13.2453200"></trkpt>
      <trkpt lat="41.5061900" lon="13.2451500"></trkpt>
      <trkpt lat="41.5061800" lon="13.2450800"></trkpt>
      <trkpt lat="41.5061400" lon="13.2448500"></trkpt>
      <trkpt lat="41.5061200" lon="13.2447500"></trkpt>
      <trkpt lat="41.5060200" lon="13.2441500"></trkpt>
      <trkpt lat="41.5060100" lon="13.2441000"></trkpt>
      <trkpt lat="41.5059700" lon="13.2439200"></trkpt>
      <trkpt lat="41.5059100" lon="13.2435800"></trkpt>
      <trkpt lat="41.5058500" lon="13.2432100"></trkpt>
      <trkpt lat="41.5057700" lon="13.2428000"></trkpt>
      <trkpt lat="41.5057600" lon="13.2427500"></trkpt>
      <trkpt lat="41.5055200" lon="13.2414200"></trkpt>
      <trkpt lat="41.5054500" lon="13.2410100"></trkpt>
      <trkpt lat="41.5052200" lon="13.2397200"></trkpt>
      <trkpt lat="41.5052100" lon="13.2396700"></trkpt>
      <trkpt lat="41.5051300" lon="13.2391600"></trkpt>
      <trkpt lat="41.5050700" lon="13.2387400"></trkpt>
      <trkpt lat="41.5050100" lon="13.2383500"></trkpt>
      <trkpt lat="41.5048900" lon="13.2375200"></trkpt>
      <trkpt lat="41.5048400" lon="13.2372100"></trkpt>
      <trkpt lat="41.5048000" lon="13.2370900"></trkpt>
      <trkpt lat="41.5047500" lon="13.2367000"></trkpt>
      <trkpt lat="41.5047200" lon="13.2364200"></trkpt>
      <trkpt lat="41.5047100" lon="13.2363200"></trkpt>
      <trkpt lat="41.5047000" lon="13.2362100"></trkpt>
      <trkpt lat="41.5046800" lon="13.2359500"></trkpt>
      <trkpt lat="41.5046700" lon="13.2356900"></trkpt>
      <trkpt lat="41.5046600" lon="13.2355200"></trkpt>
      <trkpt lat="41.5046600" lon="13.2349700"></trkpt>
      <trkpt lat="41.5046700" lon="13.2345800"></trkpt>
      <trkpt lat="41.5046800" lon="13.2342100"></trkpt>
      <trkpt lat="41.5046800" lon="13.2338900"></trkpt>
      <trkpt lat="41.5046700" lon="13.2337200"></trkpt>
      <trkpt lat="41.5046600" lon="13.2335100"></trkpt>
      <trkpt lat="41.5046300" lon="13.2332400"></trkpt>
      <trkpt lat="41.5046200" lon="13.2331000"></trkpt>
      <trkpt lat="41.5046100" lon="13.2329700"></trkpt>
      <trkpt lat="41.5045900" lon="13.2328400"></trkpt>
      <trkpt lat="41.5045500" lon="13.2326100"></trkpt>
      <trkpt lat="41.5045300" lon="13.2324900"></trkpt>
      <trkpt lat="41.5045100" lon="13.2323800"></trkpt>
      <trkpt lat="41.5045000" lon="13.2323300"></trkpt>
      <trkpt lat="41.5044800" lon="13.2322300"></trkpt>
      <trkpt lat="41.5044500" lon="13.2320900"></trkpt>
      <trkpt lat="41.5043800" lon="13.2317600"></trkpt>
      <trkpt lat="41.5043200" lon="13.2315400"></trkpt>
      <trkpt lat="41.5042700" lon="13.2313200"></trkpt>
      <trkpt lat="41.5038800" lon="13.2296500"></trkpt>
      <trkpt lat="41.5034600" lon="13.2279200"></trkpt>
      <trkpt lat="41.5033300" lon="13.2273600"></trkpt>
      <trkpt lat="41.5033100" lon="13.2272900"></trkpt>
      <trkpt lat="41.5032800" lon="13.2271600"></trkpt>
      <trkpt lat="41.5032700" lon="13.2271200"></trkpt>
      <trkpt lat="41.5032200" lon="13.2269500"></trkpt>
      <trkpt lat="41.5031700" lon="13.2267900"></trkpt>
      <trkpt lat="41.5031400" lon="13.2267000"></trkpt>
      <trkpt lat="41.5031400" lon="13.2266900"></trkpt>
      <trkpt lat="41.5031200" lon="13.2266200"></trkpt>
      <trkpt lat="41.5030600" lon="13.2264800"></trkpt>
      <trkpt lat="41.5030600" lon="13.2264700"></trkpt>
      <trkpt lat="41.5030200" lon="13.2263500"></trkpt>
      <trkpt lat="41.5029200" lon="13.2261300"></trkpt>
      <trkpt lat="41.5028800" lon="13.2260200"></trkpt>
      <trkpt lat="41.5028300" lon="13.2259100"></trkpt>
      <trkpt lat="41.5027400" lon="13.2257300"></trkpt>
      <trkpt lat="41.5026900" lon="13.2256400"></trkpt>
      <trkpt lat="41.5026500" lon="13.2255700"></trkpt>
      <trkpt lat="41.5025900" lon="13.2254600"></trkpt>
      <trkpt lat="41.5025600" lon="13.2253700"></trkpt>
      <trkpt lat="41.5025200" lon="13.2253100"></trkpt>
      <trkpt lat="41.5024400" lon="13.2251900"></trkpt>
      <trkpt lat="41.5022300" lon="13.2249000"></trkpt>
      <trkpt lat="41.5021400" lon="13.2247700"></trkpt>
      <trkpt lat="41.5020700" lon="13.2246000"></trkpt>
      <trkpt lat="41.5020600" lon="13.2245700"></trkpt>
      <trkpt lat="41.5020600" lon="13.2245500"></trkpt>
      <trkpt lat="41.5020500" lon="13.2245400"></trkpt>
      <trkpt lat="41.5020500" lon="13.2245200"></trkpt>
      <trkpt lat="41.5020400" lon="13.2245100"></trkpt>
      <trkpt lat="41.5020400" lon="13.2245000"></trkpt>
      <trkpt lat="41.5020300" lon="13.2244900"></trkpt>
      <trkpt lat="41.5020300" lon="13.2244800"></trkpt>
      <trkpt lat="41.5020200" lon="13.2244700"></trkpt>
      <trkpt lat="41.5020100" lon="13.2244600"></trkpt>
      <trkpt lat="41.5020000" lon="13.2244500"></trkpt>
      <trkpt lat="41.5019900" lon="13.2244500"></trkpt>
      <trkpt lat="41.5019900" lon="13.2244400"></trkpt>
      <trkpt lat="41.5019800" lon="13.2244300"></trkpt>
      <trkpt lat="41.5019700" lon="13.2244300"></trkpt>
      <trkpt lat="41.5019600" lon="13.2244200"></trkpt>
      <trkpt lat="41.5019400" lon="13.2244200"></trkpt>
      <trkpt lat="41.5019300" lon="13.2244100"></trkpt>
      <trkpt lat="41.5019200" lon="13.2244100"></trkpt>
      <trkpt lat="41.5018800" lon="13.2244100"></trkpt>
      <trkpt lat="41.5018700" lon="13.2244200"></trkpt>
      <trkpt lat="41.5018600" lon="13.2244200"></trkpt>
      <trkpt lat="41.5018500" lon="13.2244300"></trkpt>
      <trkpt lat="41.5018400" lon="13.2244300"></trkpt>
      <trkpt lat="41.5016000" lon="13.2242100"></trkpt>
      <trkpt lat="41.5015100" lon="13.2241000"></trkpt>
      <trkpt lat="41.5013300" lon="13.2239200"></trkpt>
      <trkpt lat="41.5012100" lon="13.2238100"></trkpt>
      <trkpt lat="41.5011300" lon="13.2237200"></trkpt>
      <trkpt lat="41.5010500" lon="13.2236800"></trkpt>
      <trkpt lat="41.5008700" lon="13.2234900"></trkpt>
      <trkpt lat="41.5006600" lon="13.2232500"></trkpt>
      <trkpt lat="41.5006000" lon="13.2231700"></trkpt>
      <trkpt lat="41.5005700" lon="13.2231300"></trkpt>
      <trkpt lat="41.5005600" lon="13.2231200"></trkpt>
      <trkpt lat="41.5004400" lon="13.2229700"></trkpt>
      <trkpt lat="41.5003400" lon="13.2228500"></trkpt>
      <trkpt lat="41.5002700" lon="13.2227400"></trkpt>
      <trkpt lat="41.5001400" lon="13.2225500"></trkpt>
      <trkpt lat="41.5000500" lon="13.2224100"></trkpt>
      <trkpt lat="41.4999800" lon="13.2222700"></trkpt>
      <trkpt lat="41.4998400" lon="13.2220100"></trkpt>
      <trkpt lat="41.4997900" lon="13.2219000"></trkpt>
      <trkpt lat="41.4997800" lon="13.2218700"></trkpt>
      <trkpt lat="41.4997100" lon="13.2217300"></trkpt>
      <trkpt lat="41.4995900" lon="13.2214500"></trkpt>
      <trkpt lat="41.4995400" lon="13.2213000"></trkpt>
      <trkpt lat="41.4994900" lon="13.2211800"></trkpt>
      <trkpt lat="41.4994600" lon="13.2210800"></trkpt>
      <trkpt lat="41.4994100" lon="13.2209400"></trkpt>
      <trkpt lat="41.4993600" lon="13.2207800"></trkpt>
      <trkpt lat="41.4991800" lon="13.2201400"></trkpt>
      <trkpt lat="41.4988600" lon="13.2190400"></trkpt>
      <trkpt lat="41.4988500" lon="13.2190000"></trkpt>
      <trkpt lat="41.4987900" lon="13.2187800"></trkpt>
      <trkpt lat="41.4985400" lon="13.2178800"></trkpt>
      <trkpt lat="41.4985100" lon="13.2177900"></trkpt>
      <trkpt lat="41.4984600" lon="13.2176200"></trkpt>
      <trkpt lat="41.4983700" lon="13.2172800"></trkpt>
      <trkpt lat="41.4983200" lon="13.2171100"></trkpt>
      <trkpt lat="41.4982600" lon="13.2169300"></trkpt>
      <trkpt lat="41.4981600" lon="13.2166100"></trkpt>
      <trkpt lat="41.4981200" lon="13.2165000"></trkpt>
      <trkpt lat="41.4980700" lon="13.2163700"></trkpt>
      <trkpt lat="41.4980100" lon="13.2162100"></trkpt>
      <trkpt lat="41.4979500" lon="13.2160700"></trkpt>
      <trkpt lat="41.4978500" lon="13.2158800"></trkpt>
      <trkpt lat="41.4977600" lon="13.2156900"></trkpt>
      <trkpt lat="41.4976700" lon="13.2155200"></trkpt>
      <trkpt lat="41.4976000" lon="13.2153800"></trkpt>
      <trkpt lat="41.4975300" lon="13.2152500"></trkpt>
      <trkpt lat="41.4974200" lon="13.2150500"></trkpt>
      <trkpt lat="41.4970000" lon="13.2143100"></trkpt>
      <trkpt lat="41.4968100" lon="13.2139700"></trkpt>
      <trkpt lat="41.4964800" lon="13.2133800"></trkpt>
      <trkpt lat="41.4964500" lon="13.2133200"></trkpt>
      <trkpt lat="41.4963700" lon="13.2131700"></trkpt>
      <trkpt lat="41.4962800" lon="13.2130000"></trkpt>
      <trkpt lat="41.4962000" lon="13.2128400"></trkpt>
      <trkpt lat="41.4961300" lon="13.2126900"></trkpt>
      <trkpt lat="41.4961100" lon="13.2126100"></trkpt>
      <trkpt lat="41.4960900" lon="13.2125300"></trkpt>
      <trkpt lat="41.4959100" lon="13.2120300"></trkpt>
      <trkpt lat="41.4956400" lon="13.2112900"></trkpt>
      <trkpt lat="41.4955000" lon="13.2109000"></trkpt>
      <trkpt lat="41.4952900" lon="13.2103100"></trkpt>
      <trkpt lat="41.4950600" lon="13.2096600"></trkpt>
      <trkpt lat="41.4950500" lon="13.2096400"></trkpt>
      <trkpt lat="41.4948700" lon="13.2091500"></trkpt>
      <trkpt lat="41.4946900" lon="13.2086400"></trkpt>
      <trkpt lat="41.4945800" lon="13.2083200"></trkpt>
      <trkpt lat="41.4945400" lon="13.2082100"></trkpt>
      <trkpt lat="41.4944200" lon="13.2078700"></trkpt>
      <trkpt lat="41.4943800" lon="13.2077600"></trkpt>
      <trkpt lat="41.4943400" lon="13.2076700"></trkpt>
      <trkpt lat="41.4943200" lon="13.2076100"></trkpt>
      <trkpt lat="41.4942700" lon="13.2074900"></trkpt>
      <trkpt lat="41.4941600" lon="13.2072700"></trkpt>
      <trkpt lat="41.4940900" lon="13.2071300"></trkpt>
      <trkpt lat="41.4940400" lon="13.2070700"></trkpt>
      <trkpt lat="41.4939600" lon="13.2069000"></trkpt>
      <trkpt lat="41.4939000" lon="13.2067900"></trkpt>
      <trkpt lat="41.4938600" lon="13.2067200"></trkpt>
      <trkpt lat="41.4936800" lon="13.2064600"></trkpt>
      <trkpt lat="41.4936300" lon="13.2063700"></trkpt>
      <trkpt lat="41.4935500" lon="13.2062600"></trkpt>
      <trkpt lat="41.4935500" lon="13.2062500"></trkpt>
      <trkpt lat="41.4935200" lon="13.2062100"></trkpt>
      <trkpt lat="41.4934400" lon="13.2061000"></trkpt>
      <trkpt lat="41.4933600" lon="13.2059800"></trkpt>
      <trkpt lat="41.4932900" lon="13.2058900"></trkpt>
      <trkpt lat="41.4932300" lon="13.2058100"></trkpt>
      <trkpt lat="41.4931500" lon="13.2057200"></trkpt>
      <trkpt lat="41.4930900" lon="13.2056500"></trkpt>
      <trkpt lat="41.4930200" lon="13.2055700"></trkpt>
      <trkpt lat="41.4929400" lon="13.2054800"></trkpt>
      <trkpt lat="41.4926700" lon="13.2052100"></trkpt>
      <trkpt lat="41.4925800" lon="13.2051300"></trkpt>
      <trkpt lat="41.4923800" lon="13.2049600"></trkpt>
      <trkpt lat="41.4922900" lon="13.2048900"></trkpt>
      <trkpt lat="41.4921800" lon="13.2048000"></trkpt>
      <trkpt lat="41.4920400" lon="13.2047000"></trkpt>
      <trkpt lat="41.4919300" lon="13.2046200"></trkpt>
      <trkpt lat="41.4918100" lon="13.2045400"></trkpt>
      <trkpt lat="41.4913900" lon="13.2042600"></trkpt>
      <trkpt lat="41.4908600" lon="13.2039200"></trkpt>
      <trkpt lat="41.4903900" lon="13.2036300"></trkpt>
      <trkpt lat="41.4900100" lon="13.2033700"></trkpt>
      <trkpt lat="41.4898500" lon="13.2032700"></trkpt>
      <trkpt lat="41.4898000" lon="13.2032300"></trkpt>
      <trkpt lat="41.4895400" lon="13.2030300"></trkpt>
      <trkpt lat="41.4893800" lon="13.2029200"></trkpt>
      <trkpt lat="41.4892300" lon="13.2028000"></trkpt>
      <trkpt lat="41.4891100" lon="13.2027100"></trkpt>
      <trkpt lat="41.4890700" lon="13.2026700"></trkpt>
      <trkpt lat="41.4889200" lon="13.2025500"></trkpt>
      <trkpt lat="41.4889200" lon="13.2025400"></trkpt>
      <trkpt lat="41.4886300" lon="13.2022900"></trkpt>
      <trkpt lat="41.4883900" lon="13.2020700"></trkpt>
      <trkpt lat="41.4882000" lon="13.2018800"></trkpt>
      <trkpt lat="41.4880700" lon="13.2017500"></trkpt>
      <trkpt lat="41.4877700" lon="13.2014200"></trkpt>
      <trkpt lat="41.4874900" lon="13.2010900"></trkpt>
      <trkpt lat="41.4874800" lon="13.2010800"></trkpt>
      <trkpt lat="41.4872600" lon="13.2008200"></trkpt>
      <trkpt lat="41.4871000" lon="13.2006000"></trkpt>
      <trkpt lat="41.4870700" lon="13.2005700"></trkpt>
      <trkpt lat="41.4869000" lon="13.2003300"></trkpt>
      <trkpt lat="41.4867700" lon="13.2001300"></trkpt>
      <trkpt lat="41.4866400" lon="13.1999500"></trkpt>
      <trkpt lat="41.4864900" lon="13.1997100"></trkpt>
      <trkpt lat="41.4863700" lon="13.1995300"></trkpt>
      <trkpt lat="41.4863000" lon="13.1994100"></trkpt>
      <trkpt lat="41.4861400" lon="13.1991400"></trkpt>
      <trkpt lat="41.4860300" lon="13.1989500"></trkpt>
      <trkpt lat="41.4859100" lon="13.1987200"></trkpt>
      <trkpt lat="41.4857100" lon="13.1983300"></trkpt>
      <trkpt lat="41.4855900" lon="13.1980900"></trkpt>
      <trkpt lat="41.4854600" lon="13.1978000"></trkpt>
      <trkpt lat="41.4853200" lon="13.1974800"></trkpt>
      <trkpt lat="41.4851900" lon="13.1971700"></trkpt>
      <trkpt lat="41.4851000" lon="13.1969200"></trkpt>
      <trkpt lat="41.4850100" lon="13.1966800"></trkpt>
      <trkpt lat="41.4849200" lon="13.1964500"></trkpt>
      <trkpt lat="41.4848100" lon="13.1961200"></trkpt>
      <trkpt lat="41.4847600" lon="13.1959600"></trkpt>
      <trkpt lat="41.4847100" lon="13.1957800"></trkpt>
      <trkpt lat="41.4846200" lon="13.1954500"></trkpt>
      <trkpt lat="41.4845300" lon="13.1951400"></trkpt>
      <trkpt lat="41.4844500" lon="13.1948100"></trkpt>
      <trkpt lat="41.4843900" lon="13.1945600"></trkpt>
      <trkpt lat="41.4843400" lon="13.1943200"></trkpt>
      <trkpt lat="41.4842600" lon="13.1939400"></trkpt>
      <trkpt lat="41.4841900" lon="13.1935400"></trkpt>
      <trkpt lat="41.4841500" lon="13.1933200"></trkpt>
      <trkpt lat="41.4841200" lon="13.1931000"></trkpt>
      <trkpt lat="41.4841100" lon="13.1929900"></trkpt>
      <trkpt lat="41.4840700" lon="13.1926800"></trkpt>
      <trkpt lat="41.4840400" lon="13.1923900"></trkpt>
      <trkpt lat="41.4840000" lon="13.1920200"></trkpt>
      <trkpt lat="41.4839800" lon="13.1917700"></trkpt>
      <trkpt lat="41.4839700" lon="13.1916000"></trkpt>
      <trkpt lat="41.4839600" lon="13.1914300"></trkpt>
      <trkpt lat="41.4839500" lon="13.1911100"></trkpt>
      <trkpt lat="41.4839400" lon="13.1908300"></trkpt>
      <trkpt lat="41.4839300" lon="13.1906100"></trkpt>
      <trkpt lat="41.4839300" lon="13.1902200"></trkpt>
      <trkpt lat="41.4839400" lon="13.1900700"></trkpt>
      <trkpt lat="41.4839400" lon="13.1898400"></trkpt>
      <trkpt lat="41.4839500" lon="13.1897300"></trkpt>
      <trkpt lat="41.4839500" lon="13.1896000"></trkpt>
      <trkpt lat="41.4839600" lon="13.1894400"></trkpt>
      <trkpt lat="41.4839800" lon="13.1891500"></trkpt>
      <trkpt lat="41.4839800" lon="13.1891200"></trkpt>
      <trkpt lat="41.4839900" lon="13.1889000"></trkpt>
      <trkpt lat="41.4840600" lon="13.1880200"></trkpt>
      <trkpt lat="41.4840600" lon="13.1879300"></trkpt>
      <trkpt lat="41.4840700" lon="13.1877700"></trkpt>
      <trkpt lat="41.4841000" lon="13.1873600"></trkpt>
      <trkpt lat="41.4841500" lon="13.1865700"></trkpt>
      <trkpt lat="41.4841500" lon="13.1864900"></trkpt>
      <trkpt lat="41.4841600" lon="13.1863300"></trkpt>
      <trkpt lat="41.4841800" lon="13.1860200"></trkpt>
      <trkpt lat="41.4842000" lon="13.1857800"></trkpt>
      <trkpt lat="41.4842200" lon="13.1854300"></trkpt>
      <trkpt lat="41.4842200" lon="13.1853000"></trkpt>
      <trkpt lat="41.4842400" lon="13.1850600"></trkpt>
      <trkpt lat="41.4842400" lon="13.1850000"></trkpt>
      <trkpt lat="41.4842700" lon="13.1844100"></trkpt>
      <trkpt lat="41.4842800" lon="13.1841700"></trkpt>
      <trkpt lat="41.4842900" lon="13.1840900"></trkpt>
      <trkpt lat="41.4843200" lon="13.1832600"></trkpt>
      <trkpt lat="41.4843300" lon="13.1832200"></trkpt>
      <trkpt lat="41.4843500" lon="13.1825700"></trkpt>
      <trkpt lat="41.4843600" lon="13.1824200"></trkpt>
      <trkpt lat="41.4843700" lon="13.1820700"></trkpt>
      <trkpt lat="41.4844200" lon="13.1807400"></trkpt>
      <trkpt lat="41.4845400" lon="13.1771400"></trkpt>
      <trkpt lat="41.4845500" lon="13.1766400"></trkpt>
      <trkpt lat="41.4845600" lon="13.1764200"></trkpt>
      <trkpt lat="41.4845600" lon="13.1764000"></trkpt>
      <trkpt lat="41.4845800" lon="13.1757000"></trkpt>
      <trkpt lat="41.4845900" lon="13.1754600"></trkpt>
      <trkpt lat="41.4845900" lon="13.1753500"></trkpt>
      <trkpt lat="41.4846000" lon="13.1752200"></trkpt>
      <trkpt lat="41.4846200" lon="13.1747200"></trkpt>
      <trkpt lat="41.4846400" lon="13.1740200"></trkpt>
      <trkpt lat="41.4846500" lon="13.1737800"></trkpt>
      <trkpt lat="41.4846500" lon="13.1737400"></trkpt>
      <trkpt lat="41.4846700" lon="13.1731800"></trkpt>
      <trkpt lat="41.4846700" lon="13.1729900"></trkpt>
      <trkpt lat="41.4846800" lon="13.1727500"></trkpt>
      <trkpt lat="41.4847000" lon="13.1722700"></trkpt>
      <trkpt lat="41.4847000" lon="13.1720300"></trkpt>
      <trkpt lat="41.4847200" lon="13.1714700"></trkpt>
      <trkpt lat="41.4847300" lon="13.1710700"></trkpt>
      <trkpt lat="41.4847300" lon="13.1708800"></trkpt>
      <trkpt lat="41.4847400" lon="13.1705900"></trkpt>
      <trkpt lat="41.4847500" lon="13.1703600"></trkpt>
      <trkpt lat="41.4847600" lon="13.1698800"></trkpt>
      <trkpt lat="41.4847600" lon="13.1695200"></trkpt>
      <trkpt lat="41.4847700" lon="13.1693900"></trkpt>
      <trkpt lat="41.4847700" lon="13.1690000"></trkpt>
      <trkpt lat="41.4847800" lon="13.1686700"></trkpt>
      <trkpt lat="41.4847800" lon="13.1683200"></trkpt>
      <trkpt lat="41.4847900" lon="13.1678500"></trkpt>
      <trkpt lat="41.4848000" lon="13.1672600"></trkpt>
      <trkpt lat="41.4848100" lon="13.1663300"></trkpt>
      <trkpt lat="41.4848200" lon="13.1663100"></trkpt>
      <trkpt lat="41.4848200" lon="13.1661000"></trkpt>
      <trkpt lat="41.4848300" lon="13.1657900"></trkpt>
      <trkpt lat="41.4848300" lon="13.1657600"></trkpt>
      <trkpt lat="41.4848400" lon="13.1656500"></trkpt>
      <trkpt lat="41.4848500" lon="13.1653900"></trkpt>
      <trkpt lat="41.4849200" lon="13.1643500"></trkpt>
      <trkpt lat="41.4849400" lon="13.1640700"></trkpt>
      <trkpt lat="41.4849800" lon="13.1635600"></trkpt>
      <trkpt lat="41.4850200" lon="13.1630000"></trkpt>
      <trkpt lat="41.4850600" lon="13.1624500"></trkpt>
      <trkpt lat="41.4850900" lon="13.1620100"></trkpt>
      <trkpt lat="41.4851100" lon="13.1615900"></trkpt>
      <trkpt lat="41.4851200" lon="13.1612400"></trkpt>
      <trkpt lat="41.4851400" lon="13.1607600"></trkpt>
      <trkpt lat="41.4851400" lon="13.1597700"></trkpt>
      <trkpt lat="41.4851300" lon="13.1593000"></trkpt>
      <trkpt lat="41.4851200" lon="13.1591000"></trkpt>
      <trkpt lat="41.4851000" lon="13.1588400"></trkpt>
      <trkpt lat="41.4850900" lon="13.1585900"></trkpt>
      <trkpt lat="41.4850700" lon="13.1583600"></trkpt>
      <trkpt lat="41.4850500" lon="13.1581200"></trkpt>
      <trkpt lat="41.4850300" lon="13.1578400"></trkpt>
      <trkpt lat="41.4849900" lon="13.1575100"></trkpt>
      <trkpt lat="41.4849800" lon="13.1574100"></trkpt>
      <trkpt lat="41.4849600" lon="13.1572000"></trkpt>
      <trkpt lat="41.4849200" lon="13.1569300"></trkpt>
      <trkpt lat="41.4848700" lon="13.1564800"></trkpt>
      <trkpt lat="41.4848000" lon="13.1560000"></trkpt>
      <trkpt lat="41.4847500" lon="13.1556400"></trkpt>
      <trkpt lat="41.4847000" lon="13.1553000"></trkpt>
      <trkpt lat="41.4846600" lon="13.1550000"></trkpt>
      <trkpt lat="41.4846400" lon="13.1548100"></trkpt>
      <trkpt lat="41.4846300" lon="13.1547700"></trkpt>
      <trkpt lat="41.4845900" lon="13.1544300"></trkpt>
      <trkpt lat="41.4845800" lon="13.1543400"></trkpt>
      <trkpt lat="41.4845400" lon="13.1540400"></trkpt>
      <trkpt lat="41.4845200" lon="13.1538000"></trkpt>
      <trkpt lat="41.4845000" lon="13.1537000"></trkpt>
      <trkpt lat="41.4844900" lon="13.1535300"></trkpt>
      <trkpt lat="41.4844800" lon="13.1533900"></trkpt>
      <trkpt lat="41.4844600" lon="13.1532200"></trkpt>
      <trkpt lat="41.4844400" lon="13.1529700"></trkpt>
      <trkpt lat="41.4844200" lon="13.1527100"></trkpt>
      <trkpt lat="41.4844200" lon="13.1526700"></trkpt>
      <trkpt lat="41.4844100" lon="13.1524300"></trkpt>
      <trkpt lat="41.4844100" lon="13.1524100"></trkpt>
      <trkpt lat="41.4843900" lon="13.1521100"></trkpt>
      <trkpt lat="41.4843800" lon="13.1518600"></trkpt>
      <trkpt lat="41.4843800" lon="13.1508200"></trkpt>
      <trkpt lat="41.4843900" lon="13.1504900"></trkpt>
      <trkpt lat="41.4843900" lon="13.1502600"></trkpt>
      <trkpt lat="41.4844100" lon="13.1499600"></trkpt>
      <trkpt lat="41.4844200" lon="13.1496900"></trkpt>
      <trkpt lat="41.4844300" lon="13.1495600"></trkpt>
      <trkpt lat="41.4844400" lon="13.1495100"></trkpt>
      <trkpt lat="41.4844400" lon="13.1494200"></trkpt>
      <trkpt lat="41.4844700" lon="13.1491400"></trkpt>
      <trkpt lat="41.4844700" lon="13.1490300"></trkpt>
      <trkpt lat="41.4844900" lon="13.1488300"></trkpt>
      <trkpt lat="41.4845000" lon="13.1488000"></trkpt>
      <trkpt lat="41.4845000" lon="13.1487900"></trkpt>
      <trkpt lat="41.4845200" lon="13.1485000"></trkpt>
      <trkpt lat="41.4845600" lon="13.1481900"></trkpt>
      <trkpt lat="41.4845700" lon="13.1480800"></trkpt>
      <trkpt lat="41.4845800" lon="13.1479500"></trkpt>
      <trkpt lat="41.4846400" lon="13.1474800"></trkpt>
      <trkpt lat="41.4846400" lon="13.1474100"></trkpt>
      <trkpt lat="41.4847500" lon="13.1465400"></trkpt>
      <trkpt lat="41.4847600" lon="13.1464200"></trkpt>
      <trkpt lat="41.4848100" lon="13.1459500"></trkpt>
      <trkpt lat="41.4848300" lon="13.1457500"></trkpt>
      <trkpt lat="41.4848500" lon="13.1455100"></trkpt>
      <trkpt lat="41.4848600" lon="13.1454800"></trkpt>
      <trkpt lat="41.4848800" lon="13.1452300"></trkpt>
      <trkpt lat="41.4849000" lon="13.1450500"></trkpt>
      <trkpt lat="41.4849000" lon="13.1450000"></trkpt>
      <trkpt lat="41.4849200" lon="13.1448000"></trkpt>
      <trkpt lat="41.4849400" lon="13.1445800"></trkpt>
      <trkpt lat="41.4849500" lon="13.1445200"></trkpt>
      <trkpt lat="41.4849700" lon="13.1442100"></trkpt>
      <trkpt lat="41.4849900" lon="13.1439400"></trkpt>
      <trkpt lat="41.4850100" lon="13.1436500"></trkpt>
      <trkpt lat="41.4850300" lon="13.1431900"></trkpt>
      <trkpt lat="41.4850500" lon="13.1428500"></trkpt>
      <trkpt lat="41.4850600" lon="13.1426200"></trkpt>
      <trkpt lat="41.4850600" lon="13.1423600"></trkpt>
      <trkpt lat="41.4850700" lon="13.1421700"></trkpt>
      <trkpt lat="41.4850700" lon="13.1409800"></trkpt>
      <trkpt lat="41.4850600" lon="13.1408900"></trkpt>
      <trkpt lat="41.4850600" lon="13.1407900"></trkpt>
      <trkpt lat="41.4850500" lon="13.1404300"></trkpt>
      <trkpt lat="41.4850500" lon="13.1403700"></trkpt>
      <trkpt lat="41.4850400" lon="13.1401400"></trkpt>
      <trkpt lat="41.4850300" lon="13.1399200"></trkpt>
      <trkpt lat="41.4850200" lon="13.1398000"></trkpt>
      <trkpt lat="41.4850100" lon="13.1394900"></trkpt>
      <trkpt lat="41.4849900" lon="13.1391900"></trkpt>
      <trkpt lat="41.4849700" lon="13.1388900"></trkpt>
      <trkpt lat="41.4849300" lon="13.1383500"></trkpt>
      <trkpt lat="41.4849000" lon="13.1381200"></trkpt>
      <trkpt lat="41.4848800" lon="13.1378800"></trkpt>
      <trkpt lat="41.4848500" lon="13.1376400"></trkpt>
      <trkpt lat="41.4848200" lon="13.1374000"></trkpt>
      <trkpt lat="41.4848200" lon="13.1373700"></trkpt>
      <trkpt lat="41.4848000" lon="13.1371700"></trkpt>
      <trkpt lat="41.4847900" lon="13.1370900"></trkpt>
      <trkpt lat="41.4847200" lon="13.1366000"></trkpt>
      <trkpt lat="41.4847100" lon="13.1365200"></trkpt>
      <trkpt lat="41.4846800" lon="13.1363600"></trkpt>
      <trkpt lat="41.4846800" lon="13.1363500"></trkpt>
      <trkpt lat="41.4846700" lon="13.1362800"></trkpt>
      <trkpt lat="41.4846600" lon="13.1362100"></trkpt>
      <trkpt lat="41.4846200" lon="13.1359400"></trkpt>
      <trkpt lat="41.4845300" lon="13.1354400"></trkpt>
      <trkpt lat="41.4844500" lon="13.1349900"></trkpt>
      <trkpt lat="41.4843600" lon="13.1345800"></trkpt>
      <trkpt lat="41.4842200" lon="13.1339100"></trkpt>
      <trkpt lat="41.4841900" lon="13.1337700"></trkpt>
      <trkpt lat="41.4841500" lon="13.1335800"></trkpt>
      <trkpt lat="41.4841200" lon="13.1334500"></trkpt>
      <trkpt lat="41.4841000" lon="13.1333600"></trkpt>
      <trkpt lat="41.4840700" lon="13.1332500"></trkpt>
      <trkpt lat="41.4840500" lon="13.1331400"></trkpt>
      <trkpt lat="41.4840400" lon="13.1331100"></trkpt>
      <trkpt lat="41.4840200" lon="13.1330500"></trkpt>
      <trkpt lat="41.4839400" lon="13.1327000"></trkpt>
      <trkpt lat="41.4838700" lon="13.1324400"></trkpt>
      <trkpt lat="41.4837800" lon="13.1321300"></trkpt>
      <trkpt lat="41.4837000" lon="13.1318800"></trkpt>
      <trkpt lat="41.4836100" lon="13.1315900"></trkpt>
      <trkpt lat="41.4834600" lon="13.1311400"></trkpt>
      <trkpt lat="41.4833000" lon="13.1306600"></trkpt>
      <trkpt lat="41.4831600" lon="13.1302200"></trkpt>
      <trkpt lat="41.4828700" lon="13.1294000"></trkpt>
      <trkpt lat="41.4826100" lon="13.1286700"></trkpt>
      <trkpt lat="41.4823600" lon="13.1279800"></trkpt>
      <trkpt lat="41.4822100" lon="13.1275700"></trkpt>
      <trkpt lat="41.4820400" lon="13.1270800"></trkpt>
      <trkpt lat="41.4817500" lon="13.1262700"></trkpt>
      <trkpt lat="41.4816700" lon="13.1260600"></trkpt>
      <trkpt lat="41.4816600" lon="13.1260400"></trkpt>
      <trkpt lat="41.4815900" lon="13.1258400"></trkpt>
      <trkpt lat="41.4815100" lon="13.1256300"></trkpt>
      <trkpt lat="41.4814200" lon="13.1254100"></trkpt>
      <trkpt lat="41.4813400" lon="13.1252000"></trkpt>
      <trkpt lat="41.4812900" lon="13.1250700"></trkpt>
      <trkpt lat="41.4812600" lon="13.1249900"></trkpt>
      <trkpt lat="41.4811800" lon="13.1247700"></trkpt>
      <trkpt lat="41.4810900" lon="13.1245600"></trkpt>
      <trkpt lat="41.4810100" lon="13.1243500"></trkpt>
      <trkpt lat="41.4810100" lon="13.1243400"></trkpt>
      <trkpt lat="41.4808300" lon="13.1239400"></trkpt>
      <trkpt lat="41.4807400" lon="13.1237400"></trkpt>
      <trkpt lat="41.4806300" lon="13.1235300"></trkpt>
      <trkpt lat="41.4805800" lon="13.1234400"></trkpt>
      <trkpt lat="41.4805300" lon="13.1233400"></trkpt>
      <trkpt lat="41.4804600" lon="13.1232300"></trkpt>
      <trkpt lat="41.4802100" lon="13.1228400"></trkpt>
      <trkpt lat="41.4798100" lon="13.1223000"></trkpt>
      <trkpt lat="41.4797700" lon="13.1222500"></trkpt>
      <trkpt lat="41.4796100" lon="13.1220800"></trkpt>
      <trkpt lat="41.4795900" lon="13.1220600"></trkpt>
      <trkpt lat="41.4794500" lon="13.1219000"></trkpt>
      <trkpt lat="41.4792800" lon="13.1217200"></trkpt>
      <trkpt lat="41.4791700" lon="13.1216000"></trkpt>
      <trkpt lat="41.4791400" lon="13.1215700"></trkpt>
      <trkpt lat="41.4790500" lon="13.1214900"></trkpt>
      <trkpt lat="41.4788800" lon="13.1213100"></trkpt>
      <trkpt lat="41.4785300" lon="13.1209600"></trkpt>
      <trkpt lat="41.4783300" lon="13.1207500"></trkpt>
      <trkpt lat="41.4781100" lon="13.1205200"></trkpt>
      <trkpt lat="41.4778900" lon="13.1202800"></trkpt>
      <trkpt lat="41.4778600" lon="13.1202500"></trkpt>
      <trkpt lat="41.4778100" lon="13.1201900"></trkpt>
      <trkpt lat="41.4776700" lon="13.1200300"></trkpt>
      <trkpt lat="41.4775900" lon="13.1199300"></trkpt>
      <trkpt lat="41.4774700" lon="13.1197800"></trkpt>
      <trkpt lat="41.4773600" lon="13.1196300"></trkpt>
      <trkpt lat="41.4772600" lon="13.1194900"></trkpt>
      <trkpt lat="41.4771800" lon="13.1193600"></trkpt>
      <trkpt lat="41.4770300" lon="13.1191400"></trkpt>
      <trkpt lat="41.4768500" lon="13.1188400"></trkpt>
      <trkpt lat="41.4767600" lon="13.1186800"></trkpt>
      <trkpt lat="41.4766800" lon="13.1185300"></trkpt>
      <trkpt lat="41.4765600" lon="13.1183000"></trkpt>
      <trkpt lat="41.4764500" lon="13.1180800"></trkpt>
      <trkpt lat="41.4764000" lon="13.1179600"></trkpt>
      <trkpt lat="41.4763200" lon="13.1178000"></trkpt>
      <trkpt lat="41.4763200" lon="13.1177900"></trkpt>
      <trkpt lat="41.4762500" lon="13.1176500"></trkpt>
      <trkpt lat="41.4762300" lon="13.1176000"></trkpt>
      <trkpt lat="41.4761700" lon="13.1174600"></trkpt>
      <trkpt lat="41.4761400" lon="13.1173900"></trkpt>
      <trkpt lat="41.4761000" lon="13.1173000"></trkpt>
      <trkpt lat="41.4760800" lon="13.1172600"></trkpt>
      <trkpt lat="41.4758600" lon="13.1167600"></trkpt>
      <trkpt lat="41.4756400" lon="13.1162600"></trkpt>
      <trkpt lat="41.4753400" lon="13.1156100"></trkpt>
      <trkpt lat="41.4752500" lon="13.1154000"></trkpt>
      <trkpt lat="41.4752200" lon="13.1153300"></trkpt>
      <trkpt lat="41.4751800" lon="13.1152400"></trkpt>
      <trkpt lat="41.4749900" lon="13.1148400"></trkpt>
      <trkpt lat="41.4749700" lon="13.1147900"></trkpt>
      <trkpt lat="41.4749300" lon="13.1147100"></trkpt>
      <trkpt lat="41.4747600" lon="13.1143500"></trkpt>
      <trkpt lat="41.4746800" lon="13.1141800"></trkpt>
      <trkpt lat="41.4745800" lon="13.1139700"></trkpt>
      <trkpt lat="41.4742900" lon="13.1133700"></trkpt>
      <trkpt lat="41.4742800" lon="13.1133400"></trkpt>
      <trkpt lat="41.4742100" lon="13.1132000"></trkpt>
      <trkpt lat="41.4741100" lon="13.1130000"></trkpt>
      <trkpt lat="41.4740200" lon="13.1127900"></trkpt>
      <trkpt lat="41.4740100" lon="13.1127800"></trkpt>
      <trkpt lat="41.4738200" lon="13.1123900"></trkpt>
      <trkpt lat="41.4738000" lon="13.1123500"></trkpt>
      <trkpt lat="41.4737900" lon="13.1123400"></trkpt>
      <trkpt lat="41.4737700" lon="13.1122900"></trkpt>
      <trkpt lat="41.4734000" lon="13.1115300"></trkpt>
      <trkpt lat="41.4732400" lon="13.1112000"></trkpt>
      <trkpt lat="41.4732300" lon="13.1111800"></trkpt>
      <trkpt lat="41.4731200" lon="13.1109200"></trkpt>
      <trkpt lat="41.4729400" lon="13.1104700"></trkpt>
      <trkpt lat="41.4728400" lon="13.1102200"></trkpt>
      <trkpt lat="41.4727600" lon="13.1099600"></trkpt>
      <trkpt lat="41.4726900" lon="13.1097200"></trkpt>
      <trkpt lat="41.4726200" lon="13.1094500"></trkpt>
      <trkpt lat="41.4726000" lon="13.1093900"></trkpt>
      <trkpt lat="41.4725600" lon="13.1092200"></trkpt>
      <trkpt lat="41.4725200" lon="13.1090800"></trkpt>
      <trkpt lat="41.4724500" lon="13.1087900"></trkpt>
      <trkpt lat="41.4724100" lon="13.1085600"></trkpt>
      <trkpt lat="41.4723700" lon="13.1083000"></trkpt>
      <trkpt lat="41.4723500" lon="13.1081900"></trkpt>
      <trkpt lat="41.4723300" lon="13.1079600"></trkpt>
      <trkpt lat="41.4723000" lon="13.1075800"></trkpt>
      <trkpt lat="41.4722900" lon="13.1074900"></trkpt>
      <trkpt lat="41.4722600" lon="13.1067300"></trkpt>
      <trkpt lat="41.4722800" lon="13.1061300"></trkpt>
      <trkpt lat="41.4722900" lon="13.1059400"></trkpt>
      <trkpt lat="41.4723300" lon="13.1055100"></trkpt>
      <trkpt lat="41.4723700" lon="13.1051900"></trkpt>
      <trkpt lat="41.4724300" lon="13.1048200"></trkpt>
      <trkpt lat="41.4724400" lon="13.1047500"></trkpt>
      <trkpt lat="41.4724800" lon="13.1045000"></trkpt>
      <trkpt lat="41.4725300" lon="13.1042800"></trkpt>
      <trkpt lat="41.4725900" lon="13.1040300"></trkpt>
      <trkpt lat="41.4726200" lon="13.1038900"></trkpt>
      <trkpt lat="41.4727200" lon="13.1035800"></trkpt>
      <trkpt lat="41.4728600" lon="13.1031700"></trkpt>
      <trkpt lat="41.4728800" lon="13.1031000"></trkpt>
      <trkpt lat="41.4729200" lon="13.1029900"></trkpt>
      <trkpt lat="41.4729800" lon="13.1028500"></trkpt>
      <trkpt lat="41.4730800" lon="13.1026100"></trkpt>
      <trkpt lat="41.4733000" lon="13.1021300"></trkpt>
      <trkpt lat="41.4733100" lon="13.1021000"></trkpt>
      <trkpt lat="41.4734000" lon="13.1019300"></trkpt>
      <trkpt lat="41.4735100" lon="13.1017100"></trkpt>
      <trkpt lat="41.4735900" lon="13.1015600"></trkpt>
      <trkpt lat="41.4736700" lon="13.1014200"></trkpt>
      <trkpt lat="41.4736800" lon="13.1014100"></trkpt>
      <trkpt lat="41.4737100" lon="13.1013500"></trkpt>
      <trkpt lat="41.4738500" lon="13.1011200"></trkpt>
      <trkpt lat="41.4741800" lon="13.1005800"></trkpt>
      <trkpt lat="41.4742900" lon="13.1004200"></trkpt>
      <trkpt lat="41.4742900" lon="13.1004000"></trkpt>
      <trkpt lat="41.4743200" lon="13.1003600"></trkpt>
      <trkpt lat="41.4743500" lon="13.1003100"></trkpt>
      <trkpt lat="41.4746500" lon="13.0998300"></trkpt>
      <trkpt lat="41.4748200" lon="13.0995800"></trkpt>
      <trkpt lat="41.4748200" lon="13.0995700"></trkpt>
      <trkpt lat="41.4749800" lon="13.0993200"></trkpt>
      <trkpt lat="41.4752300" lon="13.0989500"></trkpt>
      <trkpt lat="41.4752300" lon="13.0989400"></trkpt>
      <trkpt lat="41.4754600" lon="13.0985800"></trkpt>
      <trkpt lat="41.4754900" lon="13.0985400"></trkpt>
      <trkpt lat="41.4756500" lon="13.0982900"></trkpt>
      <trkpt lat="41.4757000" lon="13.0982200"></trkpt>
      <trkpt lat="41.4757100" lon="13.0981900"></trkpt>
      <trkpt lat="41.4757600" lon="13.0981200"></trkpt>
      <trkpt lat="41.4757600" lon="13.0981100"></trkpt>
      <trkpt lat="41.4758100" lon="13.0980400"></trkpt>
      <trkpt lat="41.4758300" lon="13.0980100"></trkpt>
      <trkpt lat="41.4759300" lon="13.0978400"></trkpt>
      <trkpt lat="41.4760300" lon="13.0976800"></trkpt>
      <trkpt lat="41.4760800" lon="13.0976100"></trkpt>
      <trkpt lat="41.4761000" lon="13.0975700"></trkpt>
      <trkpt lat="41.4761100" lon="13.0975600"></trkpt>
      <trkpt lat="41.4761400" lon="13.0975000"></trkpt>
      <trkpt lat="41.4761500" lon="13.0974800"></trkpt>
      <trkpt lat="41.4762100" lon="13.0973500"></trkpt>
      <trkpt lat="41.4762400" lon="13.0972700"></trkpt>
      <trkpt lat="41.4762500" lon="13.0972700"></trkpt>
      <trkpt lat="41.4762600" lon="13.0972400"></trkpt>
      <trkpt lat="41.4762800" lon="13.0971800"></trkpt>
      <trkpt lat="41.4762900" lon="13.0971700"></trkpt>
      <trkpt lat="41.4763000" lon="13.0971500"></trkpt>
      <trkpt lat="41.4763400" lon="13.0970800"></trkpt>
      <trkpt lat="41.4763500" lon="13.0970600"></trkpt>
      <trkpt lat="41.4764900" lon="13.0968400"></trkpt>
      <trkpt lat="41.4766800" lon="13.0965600"></trkpt>
      <trkpt lat="41.4767600" lon="13.0964400"></trkpt>
      <trkpt lat="41.4767700" lon="13.0964300"></trkpt>
      <trkpt lat="41.4768100" lon="13.0963500"></trkpt>
      <trkpt lat="41.4768200" lon="13.0963500"></trkpt>
      <trkpt lat="41.4768200" lon="13.0963400"></trkpt>
      <trkpt lat="41.4768300" lon="13.0963200"></trkpt>
      <trkpt lat="41.4769400" lon="13.0961700"></trkpt>
      <trkpt lat="41.4771600" lon="13.0958300"></trkpt>
      <trkpt lat="41.4773200" lon="13.0956100"></trkpt>
      <trkpt lat="41.4774000" lon="13.0954900"></trkpt>
      <trkpt lat="41.4774600" lon="13.0954100"></trkpt>
      <trkpt lat="41.4776200" lon="13.0951900"></trkpt>
      <trkpt lat="41.4777500" lon="13.0950100"></trkpt>
      <trkpt lat="41.4778300" lon="13.0949000"></trkpt>
      <trkpt lat="41.4778700" lon="13.0948300"></trkpt>
      <trkpt lat="41.4779300" lon="13.0947500"></trkpt>
      <trkpt lat="41.4780300" lon="13.0945900"></trkpt>
      <trkpt lat="41.4781100" lon="13.0944500"></trkpt>
      <trkpt lat="41.4781900" lon="13.0942900"></trkpt>
      <trkpt lat="41.4782400" lon="13.0941700"></trkpt>
      <trkpt lat="41.4783000" lon="13.0940400"></trkpt>
      <trkpt lat="41.4783500" lon="13.0939300"></trkpt>
      <trkpt lat="41.4784000" lon="13.0938100"></trkpt>
      <trkpt lat="41.4784200" lon="13.0937500"></trkpt>
      <trkpt lat="41.4785200" lon="13.0935000"></trkpt>
      <trkpt lat="41.4786500" lon="13.0931900"></trkpt>
      <trkpt lat="41.4787500" lon="13.0929300"></trkpt>
      <trkpt lat="41.4788600" lon="13.0926700"></trkpt>
      <trkpt lat="41.4788600" lon="13.0926500"></trkpt>
      <trkpt lat="41.4789200" lon="13.0924900"></trkpt>
      <trkpt lat="41.4790000" lon="13.0922800"></trkpt>
      <trkpt lat="41.4790100" lon="13.0922400"></trkpt>
      <trkpt lat="41.4790700" lon="13.0920800"></trkpt>
      <trkpt lat="41.4791400" lon="13.0918800"></trkpt>
      <trkpt lat="41.4791900" lon="13.0917200"></trkpt>
      <trkpt lat="41.4792300" lon="13.0916000"></trkpt>
      <trkpt lat="41.4792300" lon="13.0915900"></trkpt>
      <trkpt lat="41.4792400" lon="13.0915700"></trkpt>
      <trkpt lat="41.4792800" lon="13.0914300"></trkpt>
      <trkpt lat="41.4792800" lon="13.0914200"></trkpt>
      <trkpt lat="41.4793800" lon="13.0911300"></trkpt>
      <trkpt lat="41.4795200" lon="13.0907100"></trkpt>
      <trkpt lat="41.4795900" lon="13.0903900"></trkpt>
      <trkpt lat="41.4797300" lon="13.0896900"></trkpt>
      <trkpt lat="41.4797500" lon="13.0895700"></trkpt>
      <trkpt lat="41.4798400" lon="13.0890500"></trkpt>
      <trkpt lat="41.4799100" lon="13.0886700"></trkpt>
      <trkpt lat="41.4800200" lon="13.0880500"></trkpt>
      <trkpt lat="41.4800300" lon="13.0879700"></trkpt>
      <trkpt lat="41.4800700" lon="13.0877700"></trkpt>
      <trkpt lat="41.4801100" lon="13.0875200"></trkpt>
      <trkpt lat="41.4801800" lon="13.0870800"></trkpt>
      <trkpt lat="41.4803300" lon="13.0862100"></trkpt>
      <trkpt lat="41.4803800" lon="13.0859200"></trkpt>
      <trkpt lat="41.4805700" lon="13.0849400"></trkpt>
      <trkpt lat="41.4806200" lon="13.0847000"></trkpt>
      <trkpt lat="41.4806700" lon="13.0844400"></trkpt>
      <trkpt lat="41.4807000" lon="13.0842600"></trkpt>
      <trkpt lat="41.4807100" lon="13.0842200"></trkpt>
      <trkpt lat="41.4808600" lon="13.0835500"></trkpt>
      <trkpt lat="41.4809000" lon="13.0833600"></trkpt>
      <trkpt lat="41.4809000" lon="13.0833500"></trkpt>
      <trkpt lat="41.4809100" lon="13.0833200"></trkpt>
      <trkpt lat="41.4809700" lon="13.0830200"></trkpt>
      <trkpt lat="41.4810500" lon="13.0825800"></trkpt>
      <trkpt lat="41.4812900" lon="13.0813300"></trkpt>
      <trkpt lat="41.4814200" lon="13.0807300"></trkpt>
      <trkpt lat="41.4817500" lon="13.0792400"></trkpt>
      <trkpt lat="41.4817600" lon="13.0792000"></trkpt>
      <trkpt lat="41.4818800" lon="13.0786100"></trkpt>
      <trkpt lat="41.4820300" lon="13.0779100"></trkpt>
      <trkpt lat="41.4820900" lon="13.0776100"></trkpt>
      <trkpt lat="41.4824300" lon="13.0760400"></trkpt>
      <trkpt lat="41.4824600" lon="13.0759200"></trkpt>
      <trkpt lat="41.4825300" lon="13.0755900"></trkpt>
      <trkpt lat="41.4825600" lon="13.0754200"></trkpt>
      <trkpt lat="41.4825700" lon="13.0753600"></trkpt>
      <trkpt lat="41.4826100" lon="13.0751800"></trkpt>
      <trkpt lat="41.4826500" lon="13.0749800"></trkpt>
      <trkpt lat="41.4826800" lon="13.0748400"></trkpt>
      <trkpt lat="41.4827100" lon="13.0747300"></trkpt>
      <trkpt lat="41.4827100" lon="13.0746800"></trkpt>
      <trkpt lat="41.4829300" lon="13.0737400"></trkpt>
      <trkpt lat="41.4829800" lon="13.0735100"></trkpt>
      <trkpt lat="41.4830000" lon="13.0734300"></trkpt>
      <trkpt lat="41.4831100" lon="13.0729600"></trkpt>
      <trkpt lat="41.4832700" lon="13.0723000"></trkpt>
      <trkpt lat="41.4834100" lon="13.0717400"></trkpt>
      <trkpt lat="41.4834900" lon="13.0714200"></trkpt>
      <trkpt lat="41.4836800" lon="13.0706700"></trkpt>
      <trkpt lat="41.4838300" lon="13.0700800"></trkpt>
      <trkpt lat="41.4838900" lon="13.0698700"></trkpt>
      <trkpt lat="41.4839200" lon="13.0697300"></trkpt>
      <trkpt lat="41.4839500" lon="13.0696400"></trkpt>
      <trkpt lat="41.4841800" lon="13.0687900"></trkpt>
      <trkpt lat="41.4842600" lon="13.0685100"></trkpt>
      <trkpt lat="41.4843200" lon="13.0682900"></trkpt>
      <trkpt lat="41.4844100" lon="13.0679700"></trkpt>
      <trkpt lat="41.4845100" lon="13.0676100"></trkpt>
      <trkpt lat="41.4846500" lon="13.0671100"></trkpt>
      <trkpt lat="41.4847700" lon="13.0667200"></trkpt>
      <trkpt lat="41.4849000" lon="13.0662700"></trkpt>
      <trkpt lat="41.4849500" lon="13.0661200"></trkpt>
      <trkpt lat="41.4849700" lon="13.0660500"></trkpt>
      <trkpt lat="41.4850200" lon="13.0658900"></trkpt>
      <trkpt lat="41.4851100" lon="13.0655900"></trkpt>
      <trkpt lat="41.4854100" lon="13.0646100"></trkpt>
      <trkpt lat="41.4856300" lon="13.0638900"></trkpt>
      <trkpt lat="41.4856600" lon="13.0638000"></trkpt>
      <trkpt lat="41.4856800" lon="13.0637100"></trkpt>
      <trkpt lat="41.4857900" lon="13.0633700"></trkpt>
      <trkpt lat="41.4859300" lon="13.0629400"></trkpt>
      <trkpt lat="41.4860400" lon="13.0626100"></trkpt>
      <trkpt lat="41.4861000" lon="13.0624300"></trkpt>
      <trkpt lat="41.4862000" lon="13.0621700"></trkpt>
      <trkpt lat="41.4862400" lon="13.0620500"></trkpt>
      <trkpt lat="41.4864300" lon="13.0615200"></trkpt>
      <trkpt lat="41.4864400" lon="13.0614900"></trkpt>
      <trkpt lat="41.4865100" lon="13.0613100"></trkpt>
      <trkpt lat="41.4866600" lon="13.0609100"></trkpt>
      <trkpt lat="41.4867500" lon="13.0606700"></trkpt>
      <trkpt lat="41.4868300" lon="13.0604700"></trkpt>
      <trkpt lat="41.4868300" lon="13.0604500"></trkpt>
      <trkpt lat="41.4868900" lon="13.0603000"></trkpt>
      <trkpt lat="41.4869100" lon="13.0602500"></trkpt>
      <trkpt lat="41.4869200" lon="13.0602400"></trkpt>
      <trkpt lat="41.4870000" lon="13.0600300"></trkpt>
      <trkpt lat="41.4870800" lon="13.0598100"></trkpt>
      <trkpt lat="41.4871000" lon="13.0597600"></trkpt>
      <trkpt lat="41.4871600" lon="13.0596200"></trkpt>
      <trkpt lat="41.4871700" lon="13.0596000"></trkpt>
      <trkpt lat="41.4872500" lon="13.0594100"></trkpt>
      <trkpt lat="41.4872600" lon="13.0593900"></trkpt>
      <trkpt lat="41.4873200" lon="13.0592400"></trkpt>
      <trkpt lat="41.4873500" lon="13.0591800"></trkpt>
      <trkpt lat="41.4874700" lon="13.0588900"></trkpt>
      <trkpt lat="41.4875200" lon="13.0587800"></trkpt>
      <trkpt lat="41.4875200" lon="13.0587700"></trkpt>
      <trkpt lat="41.4875400" lon="13.0587300"></trkpt>
      <trkpt lat="41.4875400" lon="13.0587200"></trkpt>
      <trkpt lat="41.4876100" lon="13.0585600"></trkpt>
      <trkpt lat="41.4876900" lon="13.0583800"></trkpt>
      <trkpt lat="41.4877600" lon="13.0582200"></trkpt>
      <trkpt lat="41.4878000" lon="13.0581500"></trkpt>
      <trkpt lat="41.4879800" lon="13.0577300"></trkpt>
      <trkpt lat="41.4880200" lon="13.0576400"></trkpt>
      <trkpt lat="41.4880600" lon="13.0575500"></trkpt>
      <trkpt lat="41.4880700" lon="13.0575200"></trkpt>
      <trkpt lat="41.4881600" lon="13.0572900"></trkpt>
      <trkpt lat="41.4882200" lon="13.0571200"></trkpt>
      <trkpt lat="41.4882300" lon="13.0571000"></trkpt>
      <trkpt lat="41.4882400" lon="13.0570700"></trkpt>
      <trkpt lat="41.4883100" lon="13.0568800"></trkpt>
      <trkpt lat="41.4883300" lon="13.0568000"></trkpt>
      <trkpt lat="41.4883600" lon="13.0566800"></trkpt>
      <trkpt lat="41.4884300" lon="13.0564500"></trkpt>
      <trkpt lat="41.4884900" lon="13.0562300"></trkpt>
      <trkpt lat="41.4884900" lon="13.0562000"></trkpt>
      <trkpt lat="41.4885300" lon="13.0560000"></trkpt>
      <trkpt lat="41.4885400" lon="13.0559700"></trkpt>
      <trkpt lat="41.4885800" lon="13.0557700"></trkpt>
      <trkpt lat="41.4885800" lon="13.0557600"></trkpt>
      <trkpt lat="41.4886100" lon="13.0555300"></trkpt>
      <trkpt lat="41.4886200" lon="13.0554700"></trkpt>
      <trkpt lat="41.4886400" lon="13.0552900"></trkpt>
      <trkpt lat="41.4886600" lon="13.0551100"></trkpt>
      <trkpt lat="41.4886600" lon="13.0550800"></trkpt>
      <trkpt lat="41.4886700" lon="13.0548700"></trkpt>
      <trkpt lat="41.4886800" lon="13.0547100"></trkpt>
      <trkpt lat="41.4886900" lon="13.0545400"></trkpt>
      <trkpt lat="41.4886900" lon="13.0542600"></trkpt>
      <trkpt lat="41.4886700" lon="13.0539200"></trkpt>
      <trkpt lat="41.4886500" lon="13.0536600"></trkpt>
      <trkpt lat="41.4886200" lon="13.0533700"></trkpt>
      <trkpt lat="41.4885800" lon="13.0530500"></trkpt>
      <trkpt lat="41.4885500" lon="13.0528400"></trkpt>
      <trkpt lat="41.4885300" lon="13.0526300"></trkpt>
      <trkpt lat="41.4884800" lon="13.0523200"></trkpt>
      <trkpt lat="41.4884700" lon="13.0522400"></trkpt>
      <trkpt lat="41.4884600" lon="13.0521600"></trkpt>
      <trkpt lat="41.4884500" lon="13.0520600"></trkpt>
      <trkpt lat="41.4883700" lon="13.0514600"></trkpt>
      <trkpt lat="41.4883700" lon="13.0514500"></trkpt>
      <trkpt lat="41.4883200" lon="13.0510100"></trkpt>
      <trkpt lat="41.4882900" lon="13.0507400"></trkpt>
      <trkpt lat="41.4882700" lon="13.0505200"></trkpt>
      <trkpt lat="41.4882700" lon="13.0505000"></trkpt>
      <trkpt lat="41.4882600" lon="13.0502900"></trkpt>
      <trkpt lat="41.4882500" lon="13.0500600"></trkpt>
      <trkpt lat="41.4882400" lon="13.0498200"></trkpt>
      <trkpt lat="41.4882400" lon="13.0497800"></trkpt>
      <trkpt lat="41.4882500" lon="13.0496500"></trkpt>
      <trkpt lat="41.4882500" lon="13.0494900"></trkpt>
      <trkpt lat="41.4882600" lon="13.0492500"></trkpt>
      <trkpt lat="41.4882700" lon="13.0491100"></trkpt>
      <trkpt lat="41.4882800" lon="13.0490100"></trkpt>
      <trkpt lat="41.4882900" lon="13.0488600"></trkpt>
      <trkpt lat="41.4883000" lon="13.0487500"></trkpt>
      <trkpt lat="41.4883200" lon="13.0486200"></trkpt>
      <trkpt lat="41.4883300" lon="13.0485400"></trkpt>
      <trkpt lat="41.4883300" lon="13.0485000"></trkpt>
      <trkpt lat="41.4883700" lon="13.0483000"></trkpt>
      <trkpt lat="41.4883900" lon="13.0481700"></trkpt>
      <trkpt lat="41.4884100" lon="13.0480700"></trkpt>
      <trkpt lat="41.4884300" lon="13.0479200"></trkpt>
      <trkpt lat="41.4884400" lon="13.0478800"></trkpt>
      <trkpt lat="41.4885000" lon="13.0475900"></trkpt>
      <trkpt lat="41.4885100" lon="13.0475500"></trkpt>
      <trkpt lat="41.4885200" lon="13.0475300"></trkpt>
      <trkpt lat="41.4886500" lon="13.0469900"></trkpt>
      <trkpt lat="41.4888200" lon="13.0462800"></trkpt>
      <trkpt lat="41.4889200" lon="13.0458600"></trkpt>
      <trkpt lat="41.4890100" lon="13.0455000"></trkpt>
      <trkpt lat="41.4890900" lon="13.0451700"></trkpt>
      <trkpt lat="41.4891100" lon="13.0450800"></trkpt>
      <trkpt lat="41.4891500" lon="13.0449500"></trkpt>
      <trkpt lat="41.4891800" lon="13.0448200"></trkpt>
      <trkpt lat="41.4893400" lon="13.0441700"></trkpt>
      <trkpt lat="41.4893600" lon="13.0440700"></trkpt>
      <trkpt lat="41.4895200" lon="13.0434200"></trkpt>
      <trkpt lat="41.4895400" lon="13.0433500"></trkpt>
      <trkpt lat="41.4895700" lon="13.0432500"></trkpt>
      <trkpt lat="41.4896000" lon="13.0431200"></trkpt>
      <trkpt lat="41.4899000" lon="13.0418800"></trkpt>
      <trkpt lat="41.4901100" lon="13.0410000"></trkpt>
      <trkpt lat="41.4901800" lon="13.0406700"></trkpt>
      <trkpt lat="41.4902400" lon="13.0404400"></trkpt>
      <trkpt lat="41.4902500" lon="13.0403600"></trkpt>
      <trkpt lat="41.4902600" lon="13.0403300"></trkpt>
      <trkpt lat="41.4902700" lon="13.0402700"></trkpt>
      <trkpt lat="41.4902900" lon="13.0402200"></trkpt>
      <trkpt lat="41.4903700" lon="13.0398400"></trkpt>
      <trkpt lat="41.4904900" lon="13.0393000"></trkpt>
      <trkpt lat="41.4905100" lon="13.0392100"></trkpt>
      <trkpt lat="41.4905400" lon="13.0390600"></trkpt>
      <trkpt lat="41.4905500" lon="13.0390100"></trkpt>
      <trkpt lat="41.4906700" lon="13.0384200"></trkpt>
      <trkpt lat="41.4907700" lon="13.0379400"></trkpt>
      <trkpt lat="41.4908000" lon="13.0377900"></trkpt>
      <trkpt lat="41.4908200" lon="13.0376700"></trkpt>
      <trkpt lat="41.4908800" lon="13.0373900"></trkpt>
      <trkpt lat="41.4909700" lon="13.0369300"></trkpt>
      <trkpt lat="41.4909900" lon="13.0368100"></trkpt>
      <trkpt lat="41.4910200" lon="13.0367000"></trkpt>
      <trkpt lat="41.4910300" lon="13.0366700"></trkpt>
      <trkpt lat="41.4910400" lon="13.0366100"></trkpt>
      <trkpt lat="41.4910600" lon="13.0365600"></trkpt>
      <trkpt lat="41.4911000" lon="13.0365000"></trkpt>
      <trkpt lat="41.4911000" lon="13.0364900"></trkpt>
      <trkpt lat="41.4911400" lon="13.0364400"></trkpt>
      <trkpt lat="41.4912000" lon="13.0363600"></trkpt>
      <trkpt lat="41.4912400" lon="13.0363400"></trkpt>
      <trkpt lat="41.4912600" lon="13.0363200"></trkpt>
      <trkpt lat="41.4912900" lon="13.0363100"></trkpt>
      <trkpt lat="41.4913100" lon="13.0363000"></trkpt>
      <trkpt lat="41.4913300" lon="13.0362900"></trkpt>
      <trkpt lat="41.4913600" lon="13.0362800"></trkpt>
      <trkpt lat="41.4913800" lon="13.0362700"></trkpt>
      <trkpt lat="41.4914100" lon="13.0362700"></trkpt>
      <trkpt lat="41.4914800" lon="13.0362700"></trkpt>
      <trkpt lat="41.4915600" lon="13.0362900"></trkpt>
      <trkpt lat="41.4915900" lon="13.0363000"></trkpt>
      <trkpt lat="41.4916100" lon="13.0363100"></trkpt>
      <trkpt lat="41.4917600" lon="13.0365000"></trkpt>
      <trkpt lat="41.4917700" lon="13.0365200"></trkpt>
      <trkpt lat="41.4917700" lon="13.0365300"></trkpt>
      <trkpt lat="41.4917800" lon="13.0365500"></trkpt>
      <trkpt lat="41.4917900" lon="13.0365600"></trkpt>
      <trkpt lat="41.4917900" lon="13.0365800"></trkpt>
      <trkpt lat="41.4918000" lon="13.0365900"></trkpt>
      <trkpt lat="41.4918100" lon="13.0366000"></trkpt>
      <trkpt lat="41.4918200" lon="13.0366100"></trkpt>
      <trkpt lat="41.4918300" lon="13.0366200"></trkpt>
      <trkpt lat="41.4918400" lon="13.0366300"></trkpt>
      <trkpt lat="41.4918500" lon="13.0366400"></trkpt>
      <trkpt lat="41.4918700" lon="13.0366400"></trkpt>
      <trkpt lat="41.4918800" lon="13.0366500"></trkpt>
      <trkpt lat="41.4918900" lon="13.0366500"></trkpt>
      <trkpt lat="41.4919000" lon="13.0366600"></trkpt>
      <trkpt lat="41.4919400" lon="13.0366600"></trkpt>
      <trkpt lat="41.4919600" lon="13.0366500"></trkpt>
      <trkpt lat="41.4919800" lon="13.0366500"></trkpt>
      <trkpt lat="41.4919900" lon="13.0366400"></trkpt>
      <trkpt lat="41.4920100" lon="13.0366300"></trkpt>
      <trkpt lat="41.4920200" lon="13.0366200"></trkpt>
      <trkpt lat="41.4920300" lon="13.0366100"></trkpt>
      <trkpt lat="41.4920400" lon="13.0366000"></trkpt>
      <trkpt lat="41.4920500" lon="13.0365900"></trkpt>
      <trkpt lat="41.4920500" lon="13.0365800"></trkpt>
      <trkpt lat="41.4920600" lon="13.0365600"></trkpt>
      <trkpt lat="41.4920700" lon="13.0365500"></trkpt>
      <trkpt lat="41.4920800" lon="13.0365400"></trkpt>
      <trkpt lat="41.4920800" lon="13.0365200"></trkpt>
      <trkpt lat="41.4920900" lon="13.0365000"></trkpt>
      <trkpt lat="41.4920900" lon="13.0363700"></trkpt>
      <trkpt lat="41.4921200" lon="13.0362500"></trkpt>
      <trkpt lat="41.4921300" lon="13.0361400"></trkpt>
      <trkpt lat="41.4921600" lon="13.0360100"></trkpt>
      <trkpt lat="41.4922300" lon="13.0355900"></trkpt>
      <trkpt lat="41.4923200" lon="13.0351100"></trkpt>
      <trkpt lat="41.4925000" lon="13.0341100"></trkpt>
      <trkpt lat="41.4926600" lon="13.0332600"></trkpt>
      <trkpt lat="41.4927000" lon="13.0330300"></trkpt>
      <trkpt lat="41.4927400" lon="13.0327800"></trkpt>
      <trkpt lat="41.4927500" lon="13.0327200"></trkpt>
      <trkpt lat="41.4928500" lon="13.0322000"></trkpt>
      <trkpt lat="41.4928700" lon="13.0320800"></trkpt>
      <trkpt lat="41.4929700" lon="13.0315500"></trkpt>
      <trkpt lat="41.4932200" lon="13.0302200"></trkpt>
      <trkpt lat="41.4932600" lon="13.0299800"></trkpt>
      <trkpt lat="41.4932700" lon="13.0299600"></trkpt>
      <trkpt lat="41.4933300" lon="13.0296200"></trkpt>
      <trkpt lat="41.4934800" lon="13.0287900"></trkpt>
      <trkpt lat="41.4935800" lon="13.0282200"></trkpt>
      <trkpt lat="41.4936200" lon="13.0279600"></trkpt>
      <trkpt lat="41.4937200" lon="13.0274700"></trkpt>
      <trkpt lat="41.4937400" lon="13.0273700"></trkpt>
      <trkpt lat="41.4939700" lon="13.0260600"></trkpt>
      <trkpt lat="41.4940600" lon="13.0256700"></trkpt>
      <trkpt lat="41.4940600" lon="13.0256500"></trkpt>
      <trkpt lat="41.4941400" lon="13.0251900"></trkpt>
      <trkpt lat="41.4942700" lon="13.0245200"></trkpt>
      <trkpt lat="41.4943200" lon="13.0242000"></trkpt>
      <trkpt lat="41.4945400" lon="13.0230700"></trkpt>
      <trkpt lat="41.4946300" lon="13.0225900"></trkpt>
      <trkpt lat="41.4948500" lon="13.0215000"></trkpt>
      <trkpt lat="41.4948600" lon="13.0214200"></trkpt>
      <trkpt lat="41.4950100" lon="13.0205700"></trkpt>
      <trkpt lat="41.4950800" lon="13.0202300"></trkpt>
      <trkpt lat="41.4951100" lon="13.0200400"></trkpt>
      <trkpt lat="41.4951900" lon="13.0196100"></trkpt>
      <trkpt lat="41.4952600" lon="13.0192300"></trkpt>
      <trkpt lat="41.4952700" lon="13.0191900"></trkpt>
      <trkpt lat="41.4953600" lon="13.0186400"></trkpt>
      <trkpt lat="41.4953700" lon="13.0186400"></trkpt>
      <trkpt lat="41.4956000" lon="13.0173900"></trkpt>
      <trkpt lat="41.4956400" lon="13.0171300"></trkpt>
      <trkpt lat="41.4958200" lon="13.0161500"></trkpt>
      <trkpt lat="41.4959800" lon="13.0153400"></trkpt>
      <trkpt lat="41.4961600" lon="13.0143600"></trkpt>
      <trkpt lat="41.4962200" lon="13.0140100"></trkpt>
      <trkpt lat="41.4962300" lon="13.0139500"></trkpt>
      <trkpt lat="41.4962500" lon="13.0139000"></trkpt>
      <trkpt lat="41.4963800" lon="13.0132100"></trkpt>
      <trkpt lat="41.4964000" lon="13.0130800"></trkpt>
      <trkpt lat="41.4965500" lon="13.0122900"></trkpt>
      <trkpt lat="41.4965900" lon="13.0120800"></trkpt>
      <trkpt lat="41.4966200" lon="13.0119000"></trkpt>
      <trkpt lat="41.4968400" lon="13.0107500"></trkpt>
      <trkpt lat="41.4968700" lon="13.0105300"></trkpt>
      <trkpt lat="41.4969900" lon="13.0098300"></trkpt>
      <trkpt lat="41.4970000" lon="13.0098100"></trkpt>
      <trkpt lat="41.4971400" lon="13.0090200"></trkpt>
      <trkpt lat="41.4971900" lon="13.0087700"></trkpt>
      <trkpt lat="41.4973400" lon="13.0079100"></trkpt>
      <trkpt lat="41.4974000" lon="13.0076300"></trkpt>
      <trkpt lat="41.4975100" lon="13.0070400"></trkpt>
      <trkpt lat="41.4975900" lon="13.0066200"></trkpt>
      <trkpt lat="41.4976700" lon="13.0061900"></trkpt>
      <trkpt lat="41.4977500" lon="13.0057900"></trkpt>
      <trkpt lat="41.4977600" lon="13.0057400"></trkpt>
      <trkpt lat="41.4980000" lon="13.0044700"></trkpt>
      <trkpt lat="41.4980800" lon="13.0039900"></trkpt>
      <trkpt lat="41.4981400" lon="13.0034800"></trkpt>
      <trkpt lat="41.4981700" lon="13.0030900"></trkpt>
      <trkpt lat="41.4981700" lon="13.0029000"></trkpt>
      <trkpt lat="41.4981600" lon="13.0024100"></trkpt>
      <trkpt lat="41.4981500" lon="13.0023800"></trkpt>
      <trkpt lat="41.4980900" lon="13.0016000"></trkpt>
      <trkpt lat="41.4980200" lon="13.0007700"></trkpt>
      <trkpt lat="41.4980100" lon="13.0006600"></trkpt>
      <trkpt lat="41.4979300" lon="12.9998700"></trkpt>
      <trkpt lat="41.4979000" lon="12.9994800"></trkpt>
      <trkpt lat="41.4978300" lon="12.9987200"></trkpt>
      <trkpt lat="41.4977800" lon="12.9982900"></trkpt>
      <trkpt lat="41.4977700" lon="12.9981400"></trkpt>
      <trkpt lat="41.4977600" lon="12.9980500"></trkpt>
      <trkpt lat="41.4977100" lon="12.9976000"></trkpt>
      <trkpt lat="41.4976000" lon="12.9963900"></trkpt>
      <trkpt lat="41.4975000" lon="12.9953600"></trkpt>
      <trkpt lat="41.4974400" lon="12.9948100"></trkpt>
      <trkpt lat="41.4974200" lon="12.9947100"></trkpt>
      <trkpt lat="41.4973900" lon="12.9943600"></trkpt>
      <trkpt lat="41.4973600" lon="12.9940800"></trkpt>
      <trkpt lat="41.4973000" lon="12.9935800"></trkpt>
      <trkpt lat="41.4972300" lon="12.9927600"></trkpt>
      <trkpt lat="41.4972100" lon="12.9925700"></trkpt>
      <trkpt lat="41.4971900" lon="12.9923200"></trkpt>
      <trkpt lat="41.4971600" lon="12.9922000"></trkpt>
      <trkpt lat="41.4971600" lon="12.9921700"></trkpt>
      <trkpt lat="41.4971500" lon="12.9921400"></trkpt>
      <trkpt lat="41.4971000" lon="12.9919500"></trkpt>
      <trkpt lat="41.4970100" lon="12.9917300"></trkpt>
      <trkpt lat="41.4969500" lon="12.9916100"></trkpt>
      <trkpt lat="41.4969200" lon="12.9915600"></trkpt>
      <trkpt lat="41.4968800" lon="12.9914600"></trkpt>
      <trkpt lat="41.4968300" lon="12.9913100"></trkpt>
      <trkpt lat="41.4967500" lon="12.9911400"></trkpt>
      <trkpt lat="41.4966600" lon="12.9910000"></trkpt>
      <trkpt lat="41.4966500" lon="12.9909900"></trkpt>
      <trkpt lat="41.4964700" lon="12.9907500"></trkpt>
      <trkpt lat="41.4962000" lon="12.9904400"></trkpt>
      <trkpt lat="41.4959800" lon="12.9902100"></trkpt>
      <trkpt lat="41.4952000" lon="12.9893900"></trkpt>
      <trkpt lat="41.4944900" lon="12.9886200"></trkpt>
      <trkpt lat="41.4938000" lon="12.9878400"></trkpt>
      <trkpt lat="41.4937500" lon="12.9877800"></trkpt>
      <trkpt lat="41.4932300" lon="12.9872000"></trkpt>
      <trkpt lat="41.4926600" lon="12.9865800"></trkpt>
      <trkpt lat="41.4921900" lon="12.9860800"></trkpt>
      <trkpt lat="41.4919900" lon="12.9858500"></trkpt>
      <trkpt lat="41.4916200" lon="12.9854400"></trkpt>
      <trkpt lat="41.4914600" lon="12.9852700"></trkpt>
      <trkpt lat="41.4909300" lon="12.9845900"></trkpt>
      <trkpt lat="41.4906600" lon="12.9842100"></trkpt>
      <trkpt lat="41.4904800" lon="12.9839600"></trkpt>
      <trkpt lat="41.4901400" lon="12.9835200"></trkpt>
      <trkpt lat="41.4901200" lon="12.9835000"></trkpt>
      <trkpt lat="41.4900200" lon="12.9833600"></trkpt>
      <trkpt lat="41.4897700" lon="12.9830100"></trkpt>
      <trkpt lat="41.4896400" lon="12.9828400"></trkpt>
      <trkpt lat="41.4893700" lon="12.9824700"></trkpt>
      <trkpt lat="41.4893400" lon="12.9824300"></trkpt>
      <trkpt lat="41.4893100" lon="12.9823800"></trkpt>
      <trkpt lat="41.4892300" lon="12.9822800"></trkpt>
      <trkpt lat="41.4888900" lon="12.9818300"></trkpt>
      <trkpt lat="41.4887800" lon="12.9816700"></trkpt>
      <trkpt lat="41.4887500" lon="12.9816300"></trkpt>
      <trkpt lat="41.4887100" lon="12.9815800"></trkpt>
      <trkpt lat="41.4884500" lon="12.9812200"></trkpt>
      <trkpt lat="41.4883800" lon="12.9811300"></trkpt>
      <trkpt lat="41.4882500" lon="12.9809400"></trkpt>
      <trkpt lat="41.4879600" lon="12.9805400"></trkpt>
      <trkpt lat="41.4879000" lon="12.9804500"></trkpt>
      <trkpt lat="41.4878600" lon="12.9804100"></trkpt>
      <trkpt lat="41.4876800" lon="12.9801600"></trkpt>
      <trkpt lat="41.4874800" lon="12.9798800"></trkpt>
      <trkpt lat="41.4870500" lon="12.9792900"></trkpt>
      <trkpt lat="41.4869800" lon="12.9792000"></trkpt>
      <trkpt lat="41.4869000" lon="12.9791000"></trkpt>
      <trkpt lat="41.4865000" lon="12.9785600"></trkpt>
      <trkpt lat="41.4862800" lon="12.9782700"></trkpt>
      <trkpt lat="41.4859700" lon="12.9778600"></trkpt>
      <trkpt lat="41.4853700" lon="12.9770500"></trkpt>
      <trkpt lat="41.4849500" lon="12.9764800"></trkpt>
      <trkpt lat="41.4849200" lon="12.9764400"></trkpt>
      <trkpt lat="41.4848900" lon="12.9763900"></trkpt>
      <trkpt lat="41.4848700" lon="12.9763700"></trkpt>
      <trkpt lat="41.4848500" lon="12.9763400"></trkpt>
      <trkpt lat="41.4841900" lon="12.9754200"></trkpt>
      <trkpt lat="41.4841300" lon="12.9753500"></trkpt>
      <trkpt lat="41.4845100" lon="12.9748600"></trkpt>
      <trkpt lat="41.4845400" lon="12.9748200"></trkpt>
      <trkpt lat="41.4848400" lon="12.9744400"></trkpt>
      <trkpt lat="41.4858800" lon="12.9731100"></trkpt>
      <trkpt lat="41.4874300" lon="12.9711100"></trkpt>
      <trkpt lat="41.4901400" lon="12.9676200"></trkpt>
      <trkpt lat="41.4902700" lon="12.9674500"></trkpt>
      <trkpt lat="41.4902800" lon="12.9674400"></trkpt>
      <trkpt lat="41.4922100" lon="12.9649500"></trkpt>
      <trkpt lat="41.4930200" lon="12.9639100"></trkpt>
      <trkpt lat="41.4930500" lon="12.9638700"></trkpt>
      <trkpt lat="41.4930800" lon="12.9638300"></trkpt>
      <trkpt lat="41.4935100" lon="12.9632800"></trkpt>
      <trkpt lat="41.4938700" lon="12.9628100"></trkpt>
      <trkpt lat="41.4942900" lon="12.9622800"></trkpt>
      <trkpt lat="41.4943200" lon="12.9622400"></trkpt>
      <trkpt lat="41.4943500" lon="12.9621900"></trkpt>
      <trkpt lat="41.4952500" lon="12.9610400"></trkpt>
      <trkpt lat="41.4955000" lon="12.9607200"></trkpt>
      <trkpt lat="41.4962600" lon="12.9597400"></trkpt>
      <trkpt lat="41.4962900" lon="12.9597000"></trkpt>
      <trkpt lat="41.4991500" lon="12.9560300"></trkpt>
      <trkpt lat="41.4993900" lon="12.9557100"></trkpt>
      <trkpt lat="41.4996800" lon="12.9553400"></trkpt>
      <trkpt lat="41.5004800" lon="12.9543000"></trkpt>
      <trkpt lat="41.5012400" lon="12.9533300"></trkpt>
      <trkpt lat="41.5020300" lon="12.9523100"></trkpt>
      <trkpt lat="41.5023600" lon="12.9518900"></trkpt>
      <trkpt lat="41.5024000" lon="12.9518400"></trkpt>
      <trkpt lat="41.5028000" lon="12.9513200"></trkpt>
      <trkpt lat="41.5028500" lon="12.9512600"></trkpt>
      <trkpt lat="41.5029000" lon="12.9511900"></trkpt>
      <trkpt lat="41.5029800" lon="12.9510900"></trkpt>
      <trkpt lat="41.5034000" lon="12.9505400"></trkpt>
      <trkpt lat="41.5034200" lon="12.9505100"></trkpt>
      <trkpt lat="41.5034900" lon="12.9504200"></trkpt>
      <trkpt lat="41.5035200" lon="12.9503800"></trkpt>
      <trkpt lat="41.5035200" lon="12.9503700"></trkpt>
      <trkpt lat="41.5041500" lon="12.9495600"></trkpt>
      <trkpt lat="41.5042200" lon="12.9494700"></trkpt>
      <trkpt lat="41.5045200" lon="12.9490800"></trkpt>
      <trkpt lat="41.5046000" lon="12.9489800"></trkpt>
      <trkpt lat="41.5050600" lon="12.9483900"></trkpt>
      <trkpt lat="41.5052100" lon="12.9482000"></trkpt>
      <trkpt lat="41.5053000" lon="12.9480800"></trkpt>
      <trkpt lat="41.5056500" lon="12.9476300"></trkpt>
      <trkpt lat="41.5057000" lon="12.9475500"></trkpt>
      <trkpt lat="41.5057500" lon="12.9474900"></trkpt>
      <trkpt lat="41.5058600" lon="12.9473600"></trkpt>
      <trkpt lat="41.5059600" lon="12.9472200"></trkpt>
      <trkpt lat="41.5059900" lon="12.9471800"></trkpt>
      <trkpt lat="41.5061700" lon="12.9469600"></trkpt>
      <trkpt lat="41.5063000" lon="12.9467900"></trkpt>
      <trkpt lat="41.5066500" lon="12.9463300"></trkpt>
      <trkpt lat="41.5069500" lon="12.9459400"></trkpt>
      <trkpt lat="41.5072400" lon="12.9455600"></trkpt>
      <trkpt lat="41.5073500" lon="12.9454600"></trkpt>
      <trkpt lat="41.5075100" lon="12.9452400"></trkpt>
      <trkpt lat="41.5075900" lon="12.9451500"></trkpt>
      <trkpt lat="41.5076200" lon="12.9451000"></trkpt>
      <trkpt lat="41.5077900" lon="12.9448800"></trkpt>
      <trkpt lat="41.5078800" lon="12.9447600"></trkpt>
      <trkpt lat="41.5079100" lon="12.9447100"></trkpt>
      <trkpt lat="41.5080500" lon="12.9445300"></trkpt>
      <trkpt lat="41.5080800" lon="12.9444900"></trkpt>
      <trkpt lat="41.5086400" lon="12.9437600"></trkpt>
      <trkpt lat="41.5088300" lon="12.9435100"></trkpt>
      <trkpt lat="41.5089400" lon="12.9433700"></trkpt>
      <trkpt lat="41.5091300" lon="12.9431000"></trkpt>
      <trkpt lat="41.5092600" lon="12.9429300"></trkpt>
      <trkpt lat="41.5092900" lon="12.9429000"></trkpt>
      <trkpt lat="41.5093900" lon="12.9427700"></trkpt>
      <trkpt lat="41.5103400" lon="12.9415900"></trkpt>
      <trkpt lat="41.5103900" lon="12.9415100"></trkpt>
      <trkpt lat="41.5108200" lon="12.9409600"></trkpt>
      <trkpt lat="41.5108300" lon="12.9409400"></trkpt>
      <trkpt lat="41.5113800" lon="12.9402400"></trkpt>
      <trkpt lat="41.5120900" lon="12.9393100"></trkpt>
      <trkpt lat="41.5121200" lon="12.9392700"></trkpt>
      <trkpt lat="41.5129800" lon="12.9381700"></trkpt>
      <trkpt lat="41.5130000" lon="12.9381400"></trkpt>
      <trkpt lat="41.5130500" lon="12.9380800"></trkpt>
      <trkpt lat="41.5131300" lon="12.9379800"></trkpt>
      <trkpt lat="41.5131600" lon="12.9379400"></trkpt>
      <trkpt lat="41.5131800" lon="12.9379100"></trkpt>
      <trkpt lat="41.5135700" lon="12.9374100"></trkpt>
      <trkpt lat="41.5137000" lon="12.9372400"></trkpt>
      <trkpt lat="41.5137700" lon="12.9371500"></trkpt>
      <trkpt lat="41.5138100" lon="12.9370900"></trkpt>
      <trkpt lat="41.5138300" lon="12.9370800"></trkpt>
      <trkpt lat="41.5139100" lon="12.9369700"></trkpt>
      <trkpt lat="41.5139300" lon="12.9369400"></trkpt>
      <trkpt lat="41.5143300" lon="12.9364200"></trkpt>
      <trkpt lat="41.5143800" lon="12.9363600"></trkpt>
      <trkpt lat="41.5144100" lon="12.9363200"></trkpt>
      <trkpt lat="41.5146600" lon="12.9360000"></trkpt>
      <trkpt lat="41.5148100" lon="12.9358100"></trkpt>
      <trkpt lat="41.5148800" lon="12.9357200"></trkpt>
      <trkpt lat="41.5150300" lon="12.9355200"></trkpt>
      <trkpt lat="41.5150900" lon="12.9354500"></trkpt>
      <trkpt lat="41.5152300" lon="12.9352700"></trkpt>
      <trkpt lat="41.5152800" lon="12.9352000"></trkpt>
      <trkpt lat="41.5157600" lon="12.9345900"></trkpt>
      <trkpt lat="41.5160600" lon="12.9342100"></trkpt>
      <trkpt lat="41.5165800" lon="12.9335300"></trkpt>
      <trkpt lat="41.5167000" lon="12.9333700"></trkpt>
      <trkpt lat="41.5167100" lon="12.9333700"></trkpt>
      <trkpt lat="41.5176100" lon="12.9322000"></trkpt>
      <trkpt lat="41.5184600" lon="12.9311200"></trkpt>
      <trkpt lat="41.5195800" lon="12.9296500"></trkpt>
      <trkpt lat="41.5197000" lon="12.9294900"></trkpt>
      <trkpt lat="41.5199600" lon="12.9291500"></trkpt>
      <trkpt lat="41.5202700" lon="12.9287400"></trkpt>
      <trkpt lat="41.5206000" lon="12.9283100"></trkpt>
      <trkpt lat="41.5232600" lon="12.9248900"></trkpt>
      <trkpt lat="41.5241100" lon="12.9238100"></trkpt>
      <trkpt lat="41.5252700" lon="12.9223100"></trkpt>
      <trkpt lat="41.5254000" lon="12.9221400"></trkpt>
      <trkpt lat="41.5254600" lon="12.9220500"></trkpt>
      <trkpt lat="41.5256900" lon="12.9217600"></trkpt>
      <trkpt lat="41.5264400" lon="12.9207800"></trkpt>
      <trkpt lat="41.5264800" lon="12.9207300"></trkpt>
      <trkpt lat="41.5267000" lon="12.9204400"></trkpt>
      <trkpt lat="41.5269500" lon="12.9201100"></trkpt>
      <trkpt lat="41.5271400" lon="12.9199400"></trkpt>
      <trkpt lat="41.5272700" lon="12.9198700"></trkpt>
      <trkpt lat="41.5274900" lon="12.9197500"></trkpt>
      <trkpt lat="41.5277000" lon="12.9196700"></trkpt>
      <trkpt lat="41.5277900" lon="12.9196700"></trkpt>
      <trkpt lat="41.5278100" lon="12.9196600"></trkpt>
      <trkpt lat="41.5278200" lon="12.9196500"></trkpt>
      <trkpt lat="41.5278300" lon="12.9196400"></trkpt>
      <trkpt lat="41.5278500" lon="12.9196400"></trkpt>
      <trkpt lat="41.5278600" lon="12.9196300"></trkpt>
      <trkpt lat="41.5278700" lon="12.9196200"></trkpt>
      <trkpt lat="41.5278900" lon="12.9196100"></trkpt>
      <trkpt lat="41.5279000" lon="12.9196000"></trkpt>
      <trkpt lat="41.5279300" lon="12.9195600"></trkpt>
      <trkpt lat="41.5279600" lon="12.9195400"></trkpt>
      <trkpt lat="41.5279900" lon="12.9194900"></trkpt>
      <trkpt lat="41.5280100" lon="12.9194500"></trkpt>
      <trkpt lat="41.5280300" lon="12.9194000"></trkpt>
      <trkpt lat="41.5280400" lon="12.9193500"></trkpt>
      <trkpt lat="41.5280600" lon="12.9192800"></trkpt>
      <trkpt lat="41.5280700" lon="12.9192100"></trkpt>
      <trkpt lat="41.5280700" lon="12.9191000"></trkpt>
      <trkpt lat="41.5280800" lon="12.9190800"></trkpt>
      <trkpt lat="41.5281300" lon="12.9188800"></trkpt>
      <trkpt lat="41.5282300" lon="12.9185900"></trkpt>
      <trkpt lat="41.5283000" lon="12.9184300"></trkpt>
      <trkpt lat="41.5284000" lon="12.9182200"></trkpt>
      <trkpt lat="41.5287300" lon="12.9178000"></trkpt>
      <trkpt lat="41.5291300" lon="12.9172900"></trkpt>
      <trkpt lat="41.5291800" lon="12.9172300"></trkpt>
      <trkpt lat="41.5292200" lon="12.9171800"></trkpt>
      <trkpt lat="41.5295200" lon="12.9167900"></trkpt>
      <trkpt lat="41.5296300" lon="12.9166400"></trkpt>
      <trkpt lat="41.5302000" lon="12.9158900"></trkpt>
      <trkpt lat="41.5304300" lon="12.9156000"></trkpt>
      <trkpt lat="41.5305300" lon="12.9154600"></trkpt>
      <trkpt lat="41.5311100" lon="12.9147200"></trkpt>
      <trkpt lat="41.5314800" lon="12.9142500"></trkpt>
      <trkpt lat="41.5315800" lon="12.9141100"></trkpt>
      <trkpt lat="41.5326600" lon="12.9127100"></trkpt>
      <trkpt lat="41.5326900" lon="12.9126700"></trkpt>
      <trkpt lat="41.5327300" lon="12.9126300"></trkpt>
      <trkpt lat="41.5328400" lon="12.9124800"></trkpt>
      <trkpt lat="41.5331500" lon="12.9120800"></trkpt>
      <trkpt lat="41.5334500" lon="12.9117000"></trkpt>
      <trkpt lat="41.5337800" lon="12.9112700"></trkpt>
      <trkpt lat="41.5338300" lon="12.9112000"></trkpt>
      <trkpt lat="41.5338300" lon="12.9111900"></trkpt>
      <trkpt lat="41.5341800" lon="12.9107500"></trkpt>
      <trkpt lat="41.5342500" lon="12.9106500"></trkpt>
      <trkpt lat="41.5351600" lon="12.9094800"></trkpt>
      <trkpt lat="41.5360700" lon="12.9083100"></trkpt>
      <trkpt lat="41.5366700" lon="12.9075300"></trkpt>
      <trkpt lat="41.5377000" lon="12.9062000"></trkpt>
      <trkpt lat="41.5380100" lon="12.9057900"></trkpt>
      <trkpt lat="41.5380900" lon="12.9056900"></trkpt>
      <trkpt lat="41.5381400" lon="12.9056200"></trkpt>
      <trkpt lat="41.5386300" lon="12.9049900"></trkpt>
      <trkpt lat="41.5386900" lon="12.9049100"></trkpt>
      <trkpt lat="41.5387800" lon="12.9047900"></trkpt>
      <trkpt lat="41.5392600" lon="12.9041700"></trkpt>
      <trkpt lat="41.5387500" lon="12.9034700"></trkpt>
      <trkpt lat="41.5386800" lon="12.9033800"></trkpt>
      <trkpt lat="41.5385500" lon="12.9032100"></trkpt>
      <trkpt lat="41.5374800" lon="12.9017800"></trkpt>
      <trkpt lat="41.5363200" lon="12.9002000"></trkpt>
      <trkpt lat="41.5358600" lon="12.8995800"></trkpt>
      <trkpt lat="41.5349300" lon="12.8983000"></trkpt>
      <trkpt lat="41.5338000" lon="12.8967600"></trkpt>
      <trkpt lat="41.5335900" lon="12.8964700"></trkpt>
      <trkpt lat="41.5332700" lon="12.8960400"></trkpt>
      <trkpt lat="41.5332600" lon="12.8960200"></trkpt>
      <trkpt lat="41.5325400" lon="12.8950600"></trkpt>
      <trkpt lat="41.5315100" lon="12.8936700"></trkpt>
      <trkpt lat="41.5304900" lon="12.8922800"></trkpt>
      <trkpt lat="41.5302900" lon="12.8920000"></trkpt>
      <trkpt lat="41.5290000" lon="12.8902100"></trkpt>
      <trkpt lat="41.5286400" lon="12.8897200"></trkpt>
      <trkpt lat="41.5284200" lon="12.8894000"></trkpt>
      <trkpt lat="41.5283300" lon="12.8893000"></trkpt>
      <trkpt lat="41.5280900" lon="12.8890100"></trkpt>
      <trkpt lat="41.5278300" lon="12.8885600"></trkpt>
      <trkpt lat="41.5276200" lon="12.8881800"></trkpt>
      <trkpt lat="41.5275800" lon="12.8881200"></trkpt>
      <trkpt lat="41.5274100" lon="12.8878000"></trkpt>
      <trkpt lat="41.5272900" lon="12.8875900"></trkpt>
      <trkpt lat="41.5272300" lon="12.8874900"></trkpt>
      <trkpt lat="41.5267500" lon="12.8866200"></trkpt>
      <trkpt lat="41.5266400" lon="12.8864200"></trkpt>
      <trkpt lat="41.5265500" lon="12.8862200"></trkpt>
      <trkpt lat="41.5265400" lon="12.8862100"></trkpt>
      <trkpt lat="41.5264800" lon="12.8860600"></trkpt>
      <trkpt lat="41.5264600" lon="12.8860200"></trkpt>
      <trkpt lat="41.5264500" lon="12.8860000"></trkpt>
      <trkpt lat="41.5259800" lon="12.8848900"></trkpt>
      <trkpt lat="41.5255700" lon="12.8839200"></trkpt>
      <trkpt lat="41.5252100" lon="12.8830900"></trkpt>
      <trkpt lat="41.5246800" lon="12.8818400"></trkpt>
      <trkpt lat="41.5244100" lon="12.8812100"></trkpt>
      <trkpt lat="41.5240600" lon="12.8803900"></trkpt>
      <trkpt lat="41.5238400" lon="12.8798700"></trkpt>
      <trkpt lat="41.5230200" lon="12.8779500"></trkpt>
      <trkpt lat="41.5220600" lon="12.8757000"></trkpt>
      <trkpt lat="41.5217900" lon="12.8750600"></trkpt>
      <trkpt lat="41.5215600" lon="12.8745300"></trkpt>
      <trkpt lat="41.5213200" lon="12.8739700"></trkpt>
      <trkpt lat="41.5211600" lon="12.8736100"></trkpt>
      <trkpt lat="41.5206600" lon="12.8724200"></trkpt>
      <trkpt lat="41.5202700" lon="12.8715300"></trkpt>
      <trkpt lat="41.5197800" lon="12.8703900"></trkpt>
      <trkpt lat="41.5195000" lon="12.8697200"></trkpt>
      <trkpt lat="41.5186800" lon="12.8678100"></trkpt>
      <trkpt lat="41.5179100" lon="12.8660200"></trkpt>
      <trkpt lat="41.5170600" lon="12.8640200"></trkpt>
      <trkpt lat="41.5170300" lon="12.8639600"></trkpt>
      <trkpt lat="41.5167900" lon="12.8634100"></trkpt>
      <trkpt lat="41.5166100" lon="12.8629900"></trkpt>
      <trkpt lat="41.5165200" lon="12.8627800"></trkpt>
      <trkpt lat="41.5163900" lon="12.8624800"></trkpt>
      <trkpt lat="41.5163100" lon="12.8622900"></trkpt>
      <trkpt lat="41.5159500" lon="12.8614600"></trkpt>
      <trkpt lat="41.5154300" lon="12.8602600"></trkpt>
      <trkpt lat="41.5151000" lon="12.8594700"></trkpt>
      <trkpt lat="41.5149000" lon="12.8590100"></trkpt>
      <trkpt lat="41.5147300" lon="12.8586200"></trkpt>
      <trkpt lat="41.5146700" lon="12.8584100"></trkpt>
      <trkpt lat="41.5146300" lon="12.8583100"></trkpt>
      <trkpt lat="41.5146000" lon="12.8582000"></trkpt>
      <trkpt lat="41.5145700" lon="12.8581100"></trkpt>
      <trkpt lat="41.5145300" lon="12.8579300"></trkpt>
      <trkpt lat="41.5145100" lon="12.8578200"></trkpt>
      <trkpt lat="41.5144300" lon="12.8574500"></trkpt>
      <trkpt lat="41.5144000" lon="12.8572600"></trkpt>
      <trkpt lat="41.5143600" lon="12.8570900"></trkpt>
      <trkpt lat="41.5143300" lon="12.8569200"></trkpt>
      <trkpt lat="41.5141100" lon="12.8554800"></trkpt>
      <trkpt lat="41.5140800" lon="12.8552500"></trkpt>
      <trkpt lat="41.5140600" lon="12.8551100"></trkpt>
      <trkpt lat="41.5140100" lon="12.8547700"></trkpt>
      <trkpt lat="41.5139900" lon="12.8546000"></trkpt>
      <trkpt lat="41.5139000" lon="12.8540800"></trkpt>
      <trkpt lat="41.5138700" lon="12.8539100"></trkpt>
      <trkpt lat="41.5137600" lon="12.8532100"></trkpt>
      <trkpt lat="41.5135700" lon="12.8521000"></trkpt>
      <trkpt lat="41.5135400" lon="12.8519400"></trkpt>
      <trkpt lat="41.5134500" lon="12.8513200"></trkpt>
      <trkpt lat="41.5133700" lon="12.8507800"></trkpt>
      <trkpt lat="41.5133000" lon="12.8504100"></trkpt>
      <trkpt lat="41.5132400" lon="12.8500800"></trkpt>
      <trkpt lat="41.5131800" lon="12.8496500"></trkpt>
      <trkpt lat="41.5131300" lon="12.8493600"></trkpt>
      <trkpt lat="41.5131000" lon="12.8491000"></trkpt>
      <trkpt lat="41.5130100" lon="12.8486400"></trkpt>
      <trkpt lat="41.5129400" lon="12.8481700"></trkpt>
      <trkpt lat="41.5129000" lon="12.8479500"></trkpt>
      <trkpt lat="41.5128700" lon="12.8477600"></trkpt>
      <trkpt lat="41.5127400" lon="12.8469600"></trkpt>
      <trkpt lat="41.5126900" lon="12.8466400"></trkpt>
      <trkpt lat="41.5126500" lon="12.8464400"></trkpt>
      <trkpt lat="41.5125900" lon="12.8460600"></trkpt>
      <trkpt lat="41.5124400" lon="12.8451300"></trkpt>
      <trkpt lat="41.5123200" lon="12.8443700"></trkpt>
      <trkpt lat="41.5122500" lon="12.8439600"></trkpt>
      <trkpt lat="41.5121700" lon="12.8434600"></trkpt>
      <trkpt lat="41.5116300" lon="12.8403800"></trkpt>
      <trkpt lat="41.5114900" lon="12.8396100"></trkpt>
      <trkpt lat="41.5114800" lon="12.8395200"></trkpt>
      <trkpt lat="41.5114300" lon="12.8392000"></trkpt>
      <trkpt lat="41.5114000" lon="12.8390200"></trkpt>
      <trkpt lat="41.5113100" lon="12.8384300"></trkpt>
      <trkpt lat="41.5112800" lon="12.8382500"></trkpt>
      <trkpt lat="41.5112100" lon="12.8377200"></trkpt>
      <trkpt lat="41.5111900" lon="12.8376100"></trkpt>
      <trkpt lat="41.5110900" lon="12.8369100"></trkpt>
      <trkpt lat="41.5110800" lon="12.8368200"></trkpt>
      <trkpt lat="41.5110700" lon="12.8367600"></trkpt>
      <trkpt lat="41.5110300" lon="12.8364300"></trkpt>
      <trkpt lat="41.5110100" lon="12.8363500"></trkpt>
      <trkpt lat="41.5108900" lon="12.8356900"></trkpt>
      <trkpt lat="41.5108500" lon="12.8354400"></trkpt>
      <trkpt lat="41.5107900" lon="12.8350100"></trkpt>
      <trkpt lat="41.5107600" lon="12.8348500"></trkpt>
      <trkpt lat="41.5107200" lon="12.8345500"></trkpt>
      <trkpt lat="41.5107000" lon="12.8341100"></trkpt>
      <trkpt lat="41.5107000" lon="12.8340500"></trkpt>
      <trkpt lat="41.5106700" lon="12.8332200"></trkpt>
      <trkpt lat="41.5106700" lon="12.8331800"></trkpt>
      <trkpt lat="41.5106600" lon="12.8329400"></trkpt>
      <trkpt lat="41.5106600" lon="12.8327700"></trkpt>
      <trkpt lat="41.5106200" lon="12.8306100"></trkpt>
      <trkpt lat="41.5105900" lon="12.8287700"></trkpt>
      <trkpt lat="41.5105600" lon="12.8268400"></trkpt>
      <trkpt lat="41.5105400" lon="12.8258700"></trkpt>
      <trkpt lat="41.5105000" lon="12.8234600"></trkpt>
      <trkpt lat="41.5105000" lon="12.8231000"></trkpt>
      <trkpt lat="41.5104900" lon="12.8229000"></trkpt>
      <trkpt lat="41.5104800" lon="12.8225100"></trkpt>
      <trkpt lat="41.5104800" lon="12.8224500"></trkpt>
      <trkpt lat="41.5104400" lon="12.8208900"></trkpt>
      <trkpt lat="41.5104300" lon="12.8206200"></trkpt>
      <trkpt lat="41.5104000" lon="12.8192500"></trkpt>
      <trkpt lat="41.5103800" lon="12.8184600"></trkpt>
      <trkpt lat="41.5104000" lon="12.8183800"></trkpt>
      <trkpt lat="41.5104100" lon="12.8181700"></trkpt>
      <trkpt lat="41.5104200" lon="12.8181700"></trkpt>
      <trkpt lat="41.5104200" lon="12.8181600"></trkpt>
      <trkpt lat="41.5104300" lon="12.8181600"></trkpt>
      <trkpt lat="41.5104300" lon="12.8181500"></trkpt>
      <trkpt lat="41.5104400" lon="12.8181400"></trkpt>
      <trkpt lat="41.5104400" lon="12.8181300"></trkpt>
      <trkpt lat="41.5104500" lon="12.8181200"></trkpt>
      <trkpt lat="41.5104500" lon="12.8181100"></trkpt>
      <trkpt lat="41.5104600" lon="12.8181000"></trkpt>
      <trkpt lat="41.5104600" lon="12.8180600"></trkpt>
      <trkpt lat="41.5104700" lon="12.8180500"></trkpt>
      <trkpt lat="41.5104700" lon="12.8180200"></trkpt>
      <trkpt lat="41.5104600" lon="12.8180100"></trkpt>
      <trkpt lat="41.5104600" lon="12.8179700"></trkpt>
      <trkpt lat="41.5104500" lon="12.8179600"></trkpt>
      <trkpt lat="41.5104500" lon="12.8179400"></trkpt>
      <trkpt lat="41.5104400" lon="12.8179300"></trkpt>
      <trkpt lat="41.5104400" lon="12.8179200"></trkpt>
      <trkpt lat="41.5104300" lon="12.8179100"></trkpt>
      <trkpt lat="41.5104200" lon="12.8179000"></trkpt>
      <trkpt lat="41.5104200" lon="12.8178900"></trkpt>
      <trkpt lat="41.5104100" lon="12.8178900"></trkpt>
      <trkpt lat="41.5104000" lon="12.8178800"></trkpt>
      <trkpt lat="41.5103900" lon="12.8178700"></trkpt>
      <trkpt lat="41.5103800" lon="12.8178700"></trkpt>
      <trkpt lat="41.5103700" lon="12.8178600"></trkpt>
      <trkpt lat="41.5103600" lon="12.8178600"></trkpt>
      <trkpt lat="41.5103500" lon="12.8178600"></trkpt>
      <trkpt lat="41.5103000" lon="12.8178600"></trkpt>
      <trkpt lat="41.5102900" lon="12.8178700"></trkpt>
      <trkpt lat="41.5102800" lon="12.8178700"></trkpt>
      <trkpt lat="41.5102700" lon="12.8178800"></trkpt>
      <trkpt lat="41.5102600" lon="12.8178800"></trkpt>
      <trkpt lat="41.5102600" lon="12.8178900"></trkpt>
      <trkpt lat="41.5102500" lon="12.8179000"></trkpt>
      <trkpt lat="41.5102400" lon="12.8179100"></trkpt>
      <trkpt lat="41.5102300" lon="12.8179200"></trkpt>
      <trkpt lat="41.5102300" lon="12.8179400"></trkpt>
      <trkpt lat="41.5102200" lon="12.8179500"></trkpt>
      <trkpt lat="41.5100800" lon="12.8179500"></trkpt>
      <trkpt lat="41.5100200" lon="12.8179600"></trkpt>
      <trkpt lat="41.5093800" lon="12.8178400"></trkpt>
      <trkpt lat="41.5092900" lon="12.8178200"></trkpt>
      <trkpt lat="41.5092400" lon="12.8178000"></trkpt>
      <trkpt lat="41.5081700" lon="12.8175700"></trkpt>
      <trkpt lat="41.5057400" lon="12.8170600"></trkpt>
      <trkpt lat="41.5056800" lon="12.8170400"></trkpt>
      <trkpt lat="41.5052500" lon="12.8169500"></trkpt>
      <trkpt lat="41.5040300" lon="12.8167000"></trkpt>
      <trkpt lat="41.5033900" lon="12.8165600"></trkpt>
      <trkpt lat="41.5027800" lon="12.8164400"></trkpt>
      <trkpt lat="41.5025500" lon="12.8164000"></trkpt>
      <trkpt lat="41.5024200" lon="12.8163700"></trkpt>
      <trkpt lat="41.5022000" lon="12.8163300"></trkpt>
      <trkpt lat="41.5019000" lon="12.8162700"></trkpt>
      <trkpt lat="41.5018200" lon="12.8162600"></trkpt>
      <trkpt lat="41.5013500" lon="12.8161600"></trkpt>
      <trkpt lat="41.5007000" lon="12.8160400"></trkpt>
      <trkpt lat="41.5004800" lon="12.8159900"></trkpt>
      <trkpt lat="41.5004700" lon="12.8159900"></trkpt>
      <trkpt lat="41.5004000" lon="12.8159700"></trkpt>
      <trkpt lat="41.5003800" lon="12.8159700"></trkpt>
      <trkpt lat="41.5003700" lon="12.8159600"></trkpt>
      <trkpt lat="41.5003100" lon="12.8159500"></trkpt>
      <trkpt lat="41.5002400" lon="12.8159300"></trkpt>
      <trkpt lat="41.5002000" lon="12.8159200"></trkpt>
      <trkpt lat="41.5000300" lon="12.8158800"></trkpt>
      <trkpt lat="41.4995600" lon="12.8157800"></trkpt>
      <trkpt lat="41.4990700" lon="12.8156700"></trkpt>
      <trkpt lat="41.4990100" lon="12.8156600"></trkpt>
      <trkpt lat="41.4988500" lon="12.8156300"></trkpt>
      <trkpt lat="41.4985100" lon="12.8155500"></trkpt>
      <trkpt lat="41.4983800" lon="12.8155300"></trkpt>
      <trkpt lat="41.4982400" lon="12.8155000"></trkpt>
      <trkpt lat="41.4980300" lon="12.8154500"></trkpt>
      <trkpt lat="41.4977000" lon="12.8153800"></trkpt>
      <trkpt lat="41.4975300" lon="12.8153400"></trkpt>
      <trkpt lat="41.4974200" lon="12.8153200"></trkpt>
      <trkpt lat="41.4970600" lon="12.8152400"></trkpt>
      <trkpt lat="41.4952400" lon="12.8148500"></trkpt>
      <trkpt lat="41.4952000" lon="12.8148400"></trkpt>
      <trkpt lat="41.4950000" lon="12.8147900"></trkpt>
      <trkpt lat="41.4950300" lon="12.8140700"></trkpt>
      <trkpt lat="41.4950900" lon="12.8126900"></trkpt>
      <trkpt lat="41.4952000" lon="12.8108800"></trkpt>
      <trkpt lat="41.4952600" lon="12.8092400"></trkpt>
      <trkpt lat="41.4954300" lon="12.8057300"></trkpt>
      <trkpt lat="41.4954600" lon="12.8054400"></trkpt>
      <trkpt lat="41.4955300" lon="12.8045500"></trkpt>
      <trkpt lat="41.4956400" lon="12.8015400"></trkpt>
      <trkpt lat="41.4956600" lon="12.8010600"></trkpt>
      <trkpt lat="41.4956900" lon="12.8005000"></trkpt>
      <trkpt lat="41.4957300" lon="12.7996800"></trkpt>
      <trkpt lat="41.4958200" lon="12.7980000"></trkpt>
      <trkpt lat="41.4957600" lon="12.7979800"></trkpt>
      <trkpt lat="41.4957200" lon="12.7979700"></trkpt>
      <trkpt lat="41.4956300" lon="12.7979400"></trkpt>
      <trkpt lat="41.4952400" lon="12.7977700"></trkpt>
      <trkpt lat="41.4950400" lon="12.7976800"></trkpt>
      <trkpt lat="41.4942100" lon="12.7973400"></trkpt>
      <trkpt lat="41.4941500" lon="12.7973200"></trkpt>
      <trkpt lat="41.4937700" lon="12.7971600"></trkpt>
      <trkpt lat="41.4932900" lon="12.7969700"></trkpt>
      <trkpt lat="41.4932500" lon="12.7969500"></trkpt>
      <trkpt lat="41.4929600" lon="12.7968300"></trkpt>
      <trkpt lat="41.4921500" lon="12.7965000"></trkpt>
      <trkpt lat="41.4919400" lon="12.7964100"></trkpt>
      <trkpt lat="41.4917200" lon="12.7963200"></trkpt>
      <trkpt lat="41.4905700" lon="12.7958400"></trkpt>
      <trkpt lat="41.4902200" lon="12.7957000"></trkpt>
      <trkpt lat="41.4896700" lon="12.7954700"></trkpt>
      <trkpt lat="41.4895000" lon="12.7954000"></trkpt>
      <trkpt lat="41.4888100" lon="12.7951100"></trkpt>
      <trkpt lat="41.4883700" lon="12.7949300"></trkpt>
      <trkpt lat="41.4883400" lon="12.7949200"></trkpt>
      <trkpt lat="41.4880300" lon="12.7947900"></trkpt>
      <trkpt lat="41.4880100" lon="12.7947800"></trkpt>
      <trkpt lat="41.4876500" lon="12.7946300"></trkpt>
      <trkpt lat="41.4871700" lon="12.7944300"></trkpt>
      <trkpt lat="41.4867200" lon="12.7942500"></trkpt>
      <trkpt lat="41.4860000" lon="12.7939600"></trkpt>
      <trkpt lat="41.4856600" lon="12.7938200"></trkpt>
      <trkpt lat="41.4851900" lon="12.7936300"></trkpt>
      <trkpt lat="41.4851400" lon="12.7936100"></trkpt>
      <trkpt lat="41.4844500" lon="12.7933300"></trkpt>
      <trkpt lat="41.4843100" lon="12.7932700"></trkpt>
      <trkpt lat="41.4840200" lon="12.7931500"></trkpt>
      <trkpt lat="41.4838300" lon="12.7930800"></trkpt>
    </trkseg>
  </trk>
</gpx>
