<?xml version="1.0" encoding="UTF-8"?>
<gpx version="1.1" creator="GPX2Maps" xmlns="http://www.topografix.com/GPX/1/1" xmlns:xsi="http://www.w3.org/2001/XMLSchema-instance" xsi:schemaLocation="http://www.topografix.com/GPX/1/1 http://www.topografix.com/GPX/1/1/gpx.xsd">
  <metadata>
    <name>Conca reatina</name>
    <desc>Converted from Google Maps
Distance: 67.4 km
Duration: 954 min
Via: Via Fonte Colombo</desc>
    <link href="https://gpx2maps.com">
      <text>Created with GPX2Maps</text>
    </link>
    <time>2026-07-12T06:21:49Z</time>
  </metadata>
  <wpt lat="42.4046000" lon="12.8567600">
    <name>Start</name>
    <sym>Flag, Green</sym>
  </wpt>
  <wpt lat="42.4365300" lon="12.8747500">
    <name>End</name>
    <sym>Flag, Red</sym>
  </wpt>
  <trk>
    <name>Conca reatina</name>
    <trkseg>
      <trkpt lat="42.4046000" lon="12.8567600"></trkpt>
      <trkpt lat="42.4045600" lon="12.8567600"></trkpt>
      <trkpt lat="42.4045700" lon="12.8567400"></trkpt>
      <trkpt lat="42.4045700" lon="12.8567300"></trkpt>
      <trkpt lat="42.4045700" lon="12.8567200"></trkpt>
      <trkpt lat="42.4045700" lon="12.8567100"></trkpt>
      <trkpt lat="42.4045700" lon="12.8567000"></trkpt>
      <trkpt lat="42.4045600" lon="12.8566900"></trkpt>
      <trkpt lat="42.4045600" lon="12.8566800"></trkpt>
      <trkpt lat="42.4045600" lon="12.8566700"></trkpt>
      <trkpt lat="42.4045600" lon="12.8566600"></trkpt>
      <trkpt lat="42.4045600" lon="12.8566500"></trkpt>
      <trkpt lat="42.4045500" lon="12.8566400"></trkpt>
      <trkpt lat="42.4045500" lon="12.8566300"></trkpt>
      <trkpt lat="42.4045400" lon="12.8566200"></trkpt>
      <trkpt lat="42.4045400" lon="12.8566100"></trkpt>
      <trkpt lat="42.4045300" lon="12.8566000"></trkpt>
      <trkpt lat="42.4045300" lon="12.8565900"></trkpt>
      <trkpt lat="42.4045000" lon="12.8565600"></trkpt>
      <trkpt lat="42.4044900" lon="12.8565500"></trkpt>
      <trkpt lat="42.4044800" lon="12.8565500"></trkpt>
      <trkpt lat="42.4044800" lon="12.8565400"></trkpt>
      <trkpt lat="42.4044700" lon="12.8565400"></trkpt>
      <trkpt lat="42.4044600" lon="12.8565400"></trkpt>
      <trkpt lat="42.4044500" lon="12.8565300"></trkpt>
      <trkpt lat="42.4044400" lon="12.8565300"></trkpt>
      <trkpt lat="42.4044300" lon="12.8565300"></trkpt>
      <trkpt lat="42.4044200" lon="12.8565300"></trkpt>
      <trkpt lat="42.4044100" lon="12.8565300"></trkpt>
      <trkpt lat="42.4044000" lon="12.8565300"></trkpt>
      <trkpt lat="42.4044000" lon="12.8565400"></trkpt>
      <trkpt lat="42.4043900" lon="12.8565400"></trkpt>
      <trkpt lat="42.4043800" lon="12.8565400"></trkpt>
      <trkpt lat="42.4043700" lon="12.8565500"></trkpt>
      <trkpt lat="42.4043600" lon="12.8565500"></trkpt>
      <trkpt lat="42.4043600" lon="12.8565600"></trkpt>
      <trkpt lat="42.4043400" lon="12.8565700"></trkpt>
      <trkpt lat="42.4043300" lon="12.8565200"></trkpt>
      <trkpt lat="42.4043100" lon="12.8564100"></trkpt>
      <trkpt lat="42.4043100" lon="12.8563600"></trkpt>
      <trkpt lat="42.4043000" lon="12.8563000"></trkpt>
      <trkpt lat="42.4042900" lon="12.8561900"></trkpt>
      <trkpt lat="42.4042900" lon="12.8556400"></trkpt>
      <trkpt lat="42.4042700" lon="12.8547800"></trkpt>
      <trkpt lat="42.4042700" lon="12.8547000"></trkpt>
      <trkpt lat="42.4042900" lon="12.8545500"></trkpt>
      <trkpt lat="42.4042300" lon="12.8543400"></trkpt>
      <trkpt lat="42.4041000" lon="12.8542500"></trkpt>
      <trkpt lat="42.4034400" lon="12.8538200"></trkpt>
      <trkpt lat="42.4027900" lon="12.8533900"></trkpt>
      <trkpt lat="42.4025500" lon="12.8532200"></trkpt>
      <trkpt lat="42.4023600" lon="12.8531000"></trkpt>
      <trkpt lat="42.4023200" lon="12.8530100"></trkpt>
      <trkpt lat="42.4022600" lon="12.8529500"></trkpt>
      <trkpt lat="42.4022000" lon="12.8529100"></trkpt>
      <trkpt lat="42.4021000" lon="12.8528000"></trkpt>
      <trkpt lat="42.4020800" lon="12.8527700"></trkpt>
      <trkpt lat="42.4019600" lon="12.8526000"></trkpt>
      <trkpt lat="42.4018800" lon="12.8524500"></trkpt>
      <trkpt lat="42.4017800" lon="12.8523100"></trkpt>
      <trkpt lat="42.4016900" lon="12.8521900"></trkpt>
      <trkpt lat="42.4012300" lon="12.8514600"></trkpt>
      <trkpt lat="42.4012100" lon="12.8514300"></trkpt>
      <trkpt lat="42.4009900" lon="12.8511100"></trkpt>
      <trkpt lat="42.4009200" lon="12.8509800"></trkpt>
      <trkpt lat="42.4006900" lon="12.8506400"></trkpt>
      <trkpt lat="42.4006200" lon="12.8505400"></trkpt>
      <trkpt lat="42.4004800" lon="12.8505200"></trkpt>
      <trkpt lat="42.4004500" lon="12.8505400"></trkpt>
      <trkpt lat="42.4003400" lon="12.8505000"></trkpt>
      <trkpt lat="42.4002100" lon="12.8504300"></trkpt>
      <trkpt lat="42.3997400" lon="12.8502300"></trkpt>
      <trkpt lat="42.3996800" lon="12.8502100"></trkpt>
      <trkpt lat="42.3996400" lon="12.8502100"></trkpt>
      <trkpt lat="42.3996000" lon="12.8502300"></trkpt>
      <trkpt lat="42.3995500" lon="12.8502700"></trkpt>
      <trkpt lat="42.3994200" lon="12.8501800"></trkpt>
      <trkpt lat="42.3993900" lon="12.8501700"></trkpt>
      <trkpt lat="42.3993800" lon="12.8501800"></trkpt>
      <trkpt lat="42.3993800" lon="12.8501900"></trkpt>
      <trkpt lat="42.3993600" lon="12.8503300"></trkpt>
      <trkpt lat="42.3993500" lon="12.8504000"></trkpt>
      <trkpt lat="42.3993500" lon="12.8504100"></trkpt>
      <trkpt lat="42.3993400" lon="12.8504900"></trkpt>
      <trkpt lat="42.3993100" lon="12.8506400"></trkpt>
      <trkpt lat="42.3991300" lon="12.8506400"></trkpt>
      <trkpt lat="42.3989500" lon="12.8506300"></trkpt>
      <trkpt lat="42.3989000" lon="12.8506200"></trkpt>
      <trkpt lat="42.3989000" lon="12.8505900"></trkpt>
      <trkpt lat="42.3989000" lon="12.8505500"></trkpt>
      <trkpt lat="42.3989100" lon="12.8504500"></trkpt>
      <trkpt lat="42.3989100" lon="12.8504300"></trkpt>
      <trkpt lat="42.3989200" lon="12.8503500"></trkpt>
      <trkpt lat="42.3989200" lon="12.8502200"></trkpt>
      <trkpt lat="42.3989200" lon="12.8502000"></trkpt>
      <trkpt lat="42.3989100" lon="12.8501900"></trkpt>
      <trkpt lat="42.3988900" lon="12.8501600"></trkpt>
      <trkpt lat="42.3988200" lon="12.8501400"></trkpt>
      <trkpt lat="42.3988200" lon="12.8499900"></trkpt>
      <trkpt lat="42.3988200" lon="12.8498400"></trkpt>
      <trkpt lat="42.3988200" lon="12.8497400"></trkpt>
      <trkpt lat="42.3988100" lon="12.8496200"></trkpt>
      <trkpt lat="42.3988100" lon="12.8495200"></trkpt>
      <trkpt lat="42.3987900" lon="12.8493900"></trkpt>
      <trkpt lat="42.3987700" lon="12.8492700"></trkpt>
      <trkpt lat="42.3987500" lon="12.8491700"></trkpt>
      <trkpt lat="42.3987300" lon="12.8490700"></trkpt>
      <trkpt lat="42.3986800" lon="12.8489400"></trkpt>
      <trkpt lat="42.3986300" lon="12.8488200"></trkpt>
      <trkpt lat="42.3985800" lon="12.8486800"></trkpt>
      <trkpt lat="42.3984700" lon="12.8484800"></trkpt>
      <trkpt lat="42.3982600" lon="12.8480700"></trkpt>
      <trkpt lat="42.3982200" lon="12.8479800"></trkpt>
      <trkpt lat="42.3981800" lon="12.8479000"></trkpt>
      <trkpt lat="42.3981400" lon="12.8478200"></trkpt>
      <trkpt lat="42.3981100" lon="12.8477400"></trkpt>
      <trkpt lat="42.3980900" lon="12.8476600"></trkpt>
      <trkpt lat="42.3980700" lon="12.8475600"></trkpt>
      <trkpt lat="42.3980600" lon="12.8474400"></trkpt>
      <trkpt lat="42.3980500" lon="12.8473400"></trkpt>
      <trkpt lat="42.3980400" lon="12.8472700"></trkpt>
      <trkpt lat="42.3980400" lon="12.8471600"></trkpt>
      <trkpt lat="42.3980400" lon="12.8471100"></trkpt>
      <trkpt lat="42.3980300" lon="12.8470500"></trkpt>
      <trkpt lat="42.3980400" lon="12.8470100"></trkpt>
      <trkpt lat="42.3980400" lon="12.8469700"></trkpt>
      <trkpt lat="42.3980400" lon="12.8469500"></trkpt>
      <trkpt lat="42.3980500" lon="12.8469200"></trkpt>
      <trkpt lat="42.3980600" lon="12.8468700"></trkpt>
      <trkpt lat="42.3980700" lon="12.8468100"></trkpt>
      <trkpt lat="42.3980900" lon="12.8467600"></trkpt>
      <trkpt lat="42.3981000" lon="12.8467200"></trkpt>
      <trkpt lat="42.3981300" lon="12.8466400"></trkpt>
      <trkpt lat="42.3981700" lon="12.8465100"></trkpt>
      <trkpt lat="42.3982300" lon="12.8462500"></trkpt>
      <trkpt lat="42.3986100" lon="12.8455000"></trkpt>
      <trkpt lat="42.3986200" lon="12.8453500"></trkpt>
      <trkpt lat="42.3986100" lon="12.8452100"></trkpt>
      <trkpt lat="42.3986100" lon="12.8450800"></trkpt>
      <trkpt lat="42.3985900" lon="12.8449700"></trkpt>
      <trkpt lat="42.3984500" lon="12.8447500"></trkpt>
      <trkpt lat="42.3984200" lon="12.8447400"></trkpt>
      <trkpt lat="42.3984000" lon="12.8447400"></trkpt>
      <trkpt lat="42.3983900" lon="12.8447300"></trkpt>
      <trkpt lat="42.3983800" lon="12.8447300"></trkpt>
      <trkpt lat="42.3983700" lon="12.8447200"></trkpt>
      <trkpt lat="42.3983600" lon="12.8447100"></trkpt>
      <trkpt lat="42.3983400" lon="12.8447000"></trkpt>
      <trkpt lat="42.3983300" lon="12.8446900"></trkpt>
      <trkpt lat="42.3983300" lon="12.8446800"></trkpt>
      <trkpt lat="42.3983200" lon="12.8446600"></trkpt>
      <trkpt lat="42.3983100" lon="12.8446500"></trkpt>
      <trkpt lat="42.3983000" lon="12.8446400"></trkpt>
      <trkpt lat="42.3983000" lon="12.8446200"></trkpt>
      <trkpt lat="42.3982900" lon="12.8446000"></trkpt>
      <trkpt lat="42.3982800" lon="12.8445900"></trkpt>
      <trkpt lat="42.3982800" lon="12.8445700"></trkpt>
      <trkpt lat="42.3982800" lon="12.8445500"></trkpt>
      <trkpt lat="42.3982800" lon="12.8445200"></trkpt>
      <trkpt lat="42.3982300" lon="12.8444900"></trkpt>
      <trkpt lat="42.3981800" lon="12.8444500"></trkpt>
      <trkpt lat="42.3980800" lon="12.8443700"></trkpt>
      <trkpt lat="42.3977300" lon="12.8442200"></trkpt>
      <trkpt lat="42.3975900" lon="12.8441700"></trkpt>
      <trkpt lat="42.3972600" lon="12.8440600"></trkpt>
      <trkpt lat="42.3968400" lon="12.8439200"></trkpt>
      <trkpt lat="42.3964200" lon="12.8437600"></trkpt>
      <trkpt lat="42.3961200" lon="12.8436500"></trkpt>
      <trkpt lat="42.3950400" lon="12.8432600"></trkpt>
      <trkpt lat="42.3941400" lon="12.8429800"></trkpt>
      <trkpt lat="42.3937200" lon="12.8428800"></trkpt>
      <trkpt lat="42.3936000" lon="12.8428600"></trkpt>
      <trkpt lat="42.3935400" lon="12.8428500"></trkpt>
      <trkpt lat="42.3934800" lon="12.8428100"></trkpt>
      <trkpt lat="42.3932500" lon="12.8428000"></trkpt>
      <trkpt lat="42.3931900" lon="12.8428000"></trkpt>
      <trkpt lat="42.3930700" lon="12.8427600"></trkpt>
      <trkpt lat="42.3930600" lon="12.8427400"></trkpt>
      <trkpt lat="42.3930300" lon="12.8427000"></trkpt>
      <trkpt lat="42.3930000" lon="12.8426700"></trkpt>
      <trkpt lat="42.3929700" lon="12.8426500"></trkpt>
      <trkpt lat="42.3929400" lon="12.8426300"></trkpt>
      <trkpt lat="42.3929000" lon="12.8426300"></trkpt>
      <trkpt lat="42.3928600" lon="12.8426300"></trkpt>
      <trkpt lat="42.3927000" lon="12.8425100"></trkpt>
      <trkpt lat="42.3926400" lon="12.8424900"></trkpt>
      <trkpt lat="42.3926100" lon="12.8424600"></trkpt>
      <trkpt lat="42.3920700" lon="12.8420100"></trkpt>
      <trkpt lat="42.3920400" lon="12.8420000"></trkpt>
      <trkpt lat="42.3920100" lon="12.8419100"></trkpt>
      <trkpt lat="42.3920000" lon="12.8417800"></trkpt>
      <trkpt lat="42.3920300" lon="12.8411300"></trkpt>
      <trkpt lat="42.3920400" lon="12.8410300"></trkpt>
      <trkpt lat="42.3919100" lon="12.8397300"></trkpt>
      <trkpt lat="42.3918900" lon="12.8396400"></trkpt>
      <trkpt lat="42.3918900" lon="12.8395900"></trkpt>
      <trkpt lat="42.3918900" lon="12.8394800"></trkpt>
      <trkpt lat="42.3919200" lon="12.8392900"></trkpt>
      <trkpt lat="42.3919400" lon="12.8392600"></trkpt>
      <trkpt lat="42.3919400" lon="12.8392500"></trkpt>
      <trkpt lat="42.3919500" lon="12.8392400"></trkpt>
      <trkpt lat="42.3919500" lon="12.8392300"></trkpt>
      <trkpt lat="42.3919600" lon="12.8392200"></trkpt>
      <trkpt lat="42.3919600" lon="12.8392000"></trkpt>
      <trkpt lat="42.3919600" lon="12.8391900"></trkpt>
      <trkpt lat="42.3919600" lon="12.8391800"></trkpt>
      <trkpt lat="42.3919600" lon="12.8391600"></trkpt>
      <trkpt lat="42.3919700" lon="12.8391500"></trkpt>
      <trkpt lat="42.3919700" lon="12.8391400"></trkpt>
      <trkpt lat="42.3919600" lon="12.8391200"></trkpt>
      <trkpt lat="42.3919600" lon="12.8391100"></trkpt>
      <trkpt lat="42.3919600" lon="12.8391000"></trkpt>
      <trkpt lat="42.3919600" lon="12.8390800"></trkpt>
      <trkpt lat="42.3919600" lon="12.8390700"></trkpt>
      <trkpt lat="42.3919500" lon="12.8390600"></trkpt>
      <trkpt lat="42.3919500" lon="12.8390400"></trkpt>
      <trkpt lat="42.3919400" lon="12.8390300"></trkpt>
      <trkpt lat="42.3919400" lon="12.8390200"></trkpt>
      <trkpt lat="42.3919300" lon="12.8390100"></trkpt>
      <trkpt lat="42.3919200" lon="12.8390000"></trkpt>
      <trkpt lat="42.3919200" lon="12.8389900"></trkpt>
      <trkpt lat="42.3919100" lon="12.8389800"></trkpt>
      <trkpt lat="42.3919000" lon="12.8389700"></trkpt>
      <trkpt lat="42.3918900" lon="12.8389600"></trkpt>
      <trkpt lat="42.3918800" lon="12.8389500"></trkpt>
      <trkpt lat="42.3918200" lon="12.8388100"></trkpt>
      <trkpt lat="42.3917900" lon="12.8387000"></trkpt>
      <trkpt lat="42.3917700" lon="12.8385900"></trkpt>
      <trkpt lat="42.3917500" lon="12.8384100"></trkpt>
      <trkpt lat="42.3917500" lon="12.8381600"></trkpt>
      <trkpt lat="42.3917400" lon="12.8379200"></trkpt>
      <trkpt lat="42.3917400" lon="12.8377900"></trkpt>
      <trkpt lat="42.3917300" lon="12.8376800"></trkpt>
      <trkpt lat="42.3917200" lon="12.8375900"></trkpt>
      <trkpt lat="42.3917100" lon="12.8375300"></trkpt>
      <trkpt lat="42.3917100" lon="12.8375100"></trkpt>
      <trkpt lat="42.3916900" lon="12.8374400"></trkpt>
      <trkpt lat="42.3916800" lon="12.8373600"></trkpt>
      <trkpt lat="42.3916600" lon="12.8373000"></trkpt>
      <trkpt lat="42.3916300" lon="12.8372200"></trkpt>
      <trkpt lat="42.3916000" lon="12.8371600"></trkpt>
      <trkpt lat="42.3915600" lon="12.8370900"></trkpt>
      <trkpt lat="42.3915400" lon="12.8370400"></trkpt>
      <trkpt lat="42.3915100" lon="12.8370000"></trkpt>
      <trkpt lat="42.3914800" lon="12.8369500"></trkpt>
      <trkpt lat="42.3914400" lon="12.8368800"></trkpt>
      <trkpt lat="42.3914000" lon="12.8368200"></trkpt>
      <trkpt lat="42.3913500" lon="12.8367500"></trkpt>
      <trkpt lat="42.3912300" lon="12.8366000"></trkpt>
      <trkpt lat="42.3911600" lon="12.8365000"></trkpt>
      <trkpt lat="42.3911200" lon="12.8364600"></trkpt>
      <trkpt lat="42.3910900" lon="12.8364200"></trkpt>
      <trkpt lat="42.3908800" lon="12.8361900"></trkpt>
      <trkpt lat="42.3907200" lon="12.8360200"></trkpt>
      <trkpt lat="42.3906100" lon="12.8359300"></trkpt>
      <trkpt lat="42.3905000" lon="12.8358200"></trkpt>
      <trkpt lat="42.3904700" lon="12.8357900"></trkpt>
      <trkpt lat="42.3902800" lon="12.8355900"></trkpt>
      <trkpt lat="42.3902200" lon="12.8355400"></trkpt>
      <trkpt lat="42.3901900" lon="12.8355200"></trkpt>
      <trkpt lat="42.3901700" lon="12.8355200"></trkpt>
      <trkpt lat="42.3901600" lon="12.8355000"></trkpt>
      <trkpt lat="42.3894200" lon="12.8347800"></trkpt>
      <trkpt lat="42.3893900" lon="12.8347400"></trkpt>
      <trkpt lat="42.3892800" lon="12.8346200"></trkpt>
      <trkpt lat="42.3892600" lon="12.8345800"></trkpt>
      <trkpt lat="42.3892400" lon="12.8345200"></trkpt>
      <trkpt lat="42.3892100" lon="12.8344600"></trkpt>
      <trkpt lat="42.3892000" lon="12.8344000"></trkpt>
      <trkpt lat="42.3891900" lon="12.8343600"></trkpt>
      <trkpt lat="42.3891800" lon="12.8342700"></trkpt>
      <trkpt lat="42.3891800" lon="12.8341900"></trkpt>
      <trkpt lat="42.3891700" lon="12.8341000"></trkpt>
      <trkpt lat="42.3891800" lon="12.8339800"></trkpt>
      <trkpt lat="42.3891900" lon="12.8337700"></trkpt>
      <trkpt lat="42.3892000" lon="12.8337300"></trkpt>
      <trkpt lat="42.3892100" lon="12.8336200"></trkpt>
      <trkpt lat="42.3892200" lon="12.8335200"></trkpt>
      <trkpt lat="42.3892500" lon="12.8331500"></trkpt>
      <trkpt lat="42.3892700" lon="12.8330400"></trkpt>
      <trkpt lat="42.3892900" lon="12.8328000"></trkpt>
      <trkpt lat="42.3893200" lon="12.8325600"></trkpt>
      <trkpt lat="42.3893400" lon="12.8323300"></trkpt>
      <trkpt lat="42.3893500" lon="12.8322500"></trkpt>
      <trkpt lat="42.3893600" lon="12.8321200"></trkpt>
      <trkpt lat="42.3893700" lon="12.8319400"></trkpt>
      <trkpt lat="42.3893700" lon="12.8318800"></trkpt>
      <trkpt lat="42.3893700" lon="12.8318300"></trkpt>
      <trkpt lat="42.3893100" lon="12.8313300"></trkpt>
      <trkpt lat="42.3893000" lon="12.8312600"></trkpt>
      <trkpt lat="42.3891300" lon="12.8302500"></trkpt>
      <trkpt lat="42.3890500" lon="12.8301600"></trkpt>
      <trkpt lat="42.3889600" lon="12.8301700"></trkpt>
      <trkpt lat="42.3888500" lon="12.8301900"></trkpt>
      <trkpt lat="42.3887800" lon="12.8302000"></trkpt>
      <trkpt lat="42.3886000" lon="12.8302300"></trkpt>
      <trkpt lat="42.3883900" lon="12.8302700"></trkpt>
      <trkpt lat="42.3883300" lon="12.8302700"></trkpt>
      <trkpt lat="42.3882800" lon="12.8302600"></trkpt>
      <trkpt lat="42.3882500" lon="12.8302500"></trkpt>
      <trkpt lat="42.3882100" lon="12.8302400"></trkpt>
      <trkpt lat="42.3881800" lon="12.8302200"></trkpt>
      <trkpt lat="42.3881000" lon="12.8301200"></trkpt>
      <trkpt lat="42.3880900" lon="12.8301100"></trkpt>
      <trkpt lat="42.3880500" lon="12.8300300"></trkpt>
      <trkpt lat="42.3880400" lon="12.8300000"></trkpt>
      <trkpt lat="42.3880200" lon="12.8299200"></trkpt>
      <trkpt lat="42.3880200" lon="12.8299000"></trkpt>
      <trkpt lat="42.3879700" lon="12.8296800"></trkpt>
      <trkpt lat="42.3879300" lon="12.8294700"></trkpt>
      <trkpt lat="42.3878600" lon="12.8293000"></trkpt>
      <trkpt lat="42.3877400" lon="12.8291200"></trkpt>
      <trkpt lat="42.3876200" lon="12.8289900"></trkpt>
      <trkpt lat="42.3874000" lon="12.8287900"></trkpt>
      <trkpt lat="42.3874000" lon="12.8287800"></trkpt>
      <trkpt lat="42.3873100" lon="12.8287200"></trkpt>
      <trkpt lat="42.3873000" lon="12.8287200"></trkpt>
      <trkpt lat="42.3872300" lon="12.8286800"></trkpt>
      <trkpt lat="42.3872000" lon="12.8286600"></trkpt>
      <trkpt lat="42.3871100" lon="12.8286300"></trkpt>
      <trkpt lat="42.3870600" lon="12.8286200"></trkpt>
      <trkpt lat="42.3870100" lon="12.8286100"></trkpt>
      <trkpt lat="42.3867800" lon="12.8285800"></trkpt>
      <trkpt lat="42.3866000" lon="12.8285600"></trkpt>
      <trkpt lat="42.3865500" lon="12.8285600"></trkpt>
      <trkpt lat="42.3865200" lon="12.8285500"></trkpt>
      <trkpt lat="42.3865100" lon="12.8285500"></trkpt>
      <trkpt lat="42.3864900" lon="12.8285400"></trkpt>
      <trkpt lat="42.3864700" lon="12.8285200"></trkpt>
      <trkpt lat="42.3864500" lon="12.8284800"></trkpt>
      <trkpt lat="42.3864500" lon="12.8284600"></trkpt>
      <trkpt lat="42.3864400" lon="12.8284400"></trkpt>
      <trkpt lat="42.3864400" lon="12.8284100"></trkpt>
      <trkpt lat="42.3864400" lon="12.8283700"></trkpt>
      <trkpt lat="42.3864400" lon="12.8283600"></trkpt>
      <trkpt lat="42.3864500" lon="12.8283400"></trkpt>
      <trkpt lat="42.3864800" lon="12.8282900"></trkpt>
      <trkpt lat="42.3865000" lon="12.8282700"></trkpt>
      <trkpt lat="42.3865300" lon="12.8282400"></trkpt>
      <trkpt lat="42.3865500" lon="12.8282400"></trkpt>
      <trkpt lat="42.3865700" lon="12.8282400"></trkpt>
      <trkpt lat="42.3866800" lon="12.8282200"></trkpt>
      <trkpt lat="42.3867600" lon="12.8282200"></trkpt>
      <trkpt lat="42.3868600" lon="12.8282100"></trkpt>
      <trkpt lat="42.3869300" lon="12.8282000"></trkpt>
      <trkpt lat="42.3871100" lon="12.8281800"></trkpt>
      <trkpt lat="42.3872200" lon="12.8281700"></trkpt>
      <trkpt lat="42.3872800" lon="12.8281600"></trkpt>
      <trkpt lat="42.3872900" lon="12.8281600"></trkpt>
      <trkpt lat="42.3873100" lon="12.8281600"></trkpt>
      <trkpt lat="42.3873400" lon="12.8281500"></trkpt>
      <trkpt lat="42.3873700" lon="12.8281300"></trkpt>
      <trkpt lat="42.3873800" lon="12.8281200"></trkpt>
      <trkpt lat="42.3874000" lon="12.8281000"></trkpt>
      <trkpt lat="42.3874100" lon="12.8280800"></trkpt>
      <trkpt lat="42.3874300" lon="12.8280300"></trkpt>
      <trkpt lat="42.3874500" lon="12.8279500"></trkpt>
      <trkpt lat="42.3874400" lon="12.8278900"></trkpt>
      <trkpt lat="42.3874400" lon="12.8278600"></trkpt>
      <trkpt lat="42.3874200" lon="12.8278300"></trkpt>
      <trkpt lat="42.3874100" lon="12.8278100"></trkpt>
      <trkpt lat="42.3873800" lon="12.8277900"></trkpt>
      <trkpt lat="42.3873600" lon="12.8277700"></trkpt>
      <trkpt lat="42.3873300" lon="12.8277600"></trkpt>
      <trkpt lat="42.3873000" lon="12.8277500"></trkpt>
      <trkpt lat="42.3872600" lon="12.8277500"></trkpt>
      <trkpt lat="42.3871400" lon="12.8277300"></trkpt>
      <trkpt lat="42.3870800" lon="12.8277300"></trkpt>
      <trkpt lat="42.3869000" lon="12.8277100"></trkpt>
      <trkpt lat="42.3865100" lon="12.8276800"></trkpt>
      <trkpt lat="42.3862900" lon="12.8276800"></trkpt>
      <trkpt lat="42.3859600" lon="12.8277300"></trkpt>
      <trkpt lat="42.3854700" lon="12.8278100"></trkpt>
      <trkpt lat="42.3847200" lon="12.8279300"></trkpt>
      <trkpt lat="42.3846700" lon="12.8279300"></trkpt>
      <trkpt lat="42.3846300" lon="12.8279400"></trkpt>
      <trkpt lat="42.3845400" lon="12.8279500"></trkpt>
      <trkpt lat="42.3842700" lon="12.8278100"></trkpt>
      <trkpt lat="42.3834300" lon="12.8273700"></trkpt>
      <trkpt lat="42.3833900" lon="12.8273500"></trkpt>
      <trkpt lat="42.3833400" lon="12.8272900"></trkpt>
      <trkpt lat="42.3833100" lon="12.8272500"></trkpt>
      <trkpt lat="42.3832500" lon="12.8271500"></trkpt>
      <trkpt lat="42.3832100" lon="12.8270100"></trkpt>
      <trkpt lat="42.3832000" lon="12.8270100"></trkpt>
      <trkpt lat="42.3831300" lon="12.8267300"></trkpt>
      <trkpt lat="42.3830700" lon="12.8265600"></trkpt>
      <trkpt lat="42.3829800" lon="12.8264300"></trkpt>
      <trkpt lat="42.3829400" lon="12.8263900"></trkpt>
      <trkpt lat="42.3828100" lon="12.8262200"></trkpt>
      <trkpt lat="42.3827800" lon="12.8261800"></trkpt>
      <trkpt lat="42.3827000" lon="12.8260600"></trkpt>
      <trkpt lat="42.3826400" lon="12.8258500"></trkpt>
      <trkpt lat="42.3826400" lon="12.8258100"></trkpt>
      <trkpt lat="42.3826400" lon="12.8255300"></trkpt>
      <trkpt lat="42.3826400" lon="12.8254300"></trkpt>
      <trkpt lat="42.3826600" lon="12.8253600"></trkpt>
      <trkpt lat="42.3826700" lon="12.8253300"></trkpt>
      <trkpt lat="42.3827100" lon="12.8252400"></trkpt>
      <trkpt lat="42.3827700" lon="12.8251300"></trkpt>
      <trkpt lat="42.3828500" lon="12.8250200"></trkpt>
      <trkpt lat="42.3828700" lon="12.8249800"></trkpt>
      <trkpt lat="42.3828800" lon="12.8249400"></trkpt>
      <trkpt lat="42.3828800" lon="12.8248800"></trkpt>
      <trkpt lat="42.3828800" lon="12.8248300"></trkpt>
      <trkpt lat="42.3828600" lon="12.8247700"></trkpt>
      <trkpt lat="42.3828400" lon="12.8247600"></trkpt>
      <trkpt lat="42.3828100" lon="12.8247400"></trkpt>
      <trkpt lat="42.3827600" lon="12.8247300"></trkpt>
      <trkpt lat="42.3827000" lon="12.8247600"></trkpt>
      <trkpt lat="42.3826500" lon="12.8248000"></trkpt>
      <trkpt lat="42.3826100" lon="12.8249000"></trkpt>
      <trkpt lat="42.3825700" lon="12.8250300"></trkpt>
      <trkpt lat="42.3825400" lon="12.8251600"></trkpt>
      <trkpt lat="42.3825200" lon="12.8252600"></trkpt>
      <trkpt lat="42.3824800" lon="12.8254300"></trkpt>
      <trkpt lat="42.3824800" lon="12.8255000"></trkpt>
      <trkpt lat="42.3824600" lon="12.8257400"></trkpt>
      <trkpt lat="42.3824400" lon="12.8259400"></trkpt>
      <trkpt lat="42.3824400" lon="12.8259800"></trkpt>
      <trkpt lat="42.3824300" lon="12.8262300"></trkpt>
      <trkpt lat="42.3824200" lon="12.8263700"></trkpt>
      <trkpt lat="42.3824100" lon="12.8264700"></trkpt>
      <trkpt lat="42.3823900" lon="12.8267100"></trkpt>
      <trkpt lat="42.3823800" lon="12.8267700"></trkpt>
      <trkpt lat="42.3823500" lon="12.8269500"></trkpt>
      <trkpt lat="42.3823400" lon="12.8269900"></trkpt>
      <trkpt lat="42.3823000" lon="12.8271800"></trkpt>
      <trkpt lat="42.3822700" lon="12.8273300"></trkpt>
      <trkpt lat="42.3822400" lon="12.8274100"></trkpt>
      <trkpt lat="42.3821800" lon="12.8276200"></trkpt>
      <trkpt lat="42.3821700" lon="12.8276300"></trkpt>
      <trkpt lat="42.3821100" lon="12.8277700"></trkpt>
      <trkpt lat="42.3820900" lon="12.8278200"></trkpt>
      <trkpt lat="42.3820500" lon="12.8278400"></trkpt>
      <trkpt lat="42.3820300" lon="12.8278600"></trkpt>
      <trkpt lat="42.3819800" lon="12.8278900"></trkpt>
      <trkpt lat="42.3819300" lon="12.8279000"></trkpt>
      <trkpt lat="42.3819000" lon="12.8278900"></trkpt>
      <trkpt lat="42.3818900" lon="12.8278900"></trkpt>
      <trkpt lat="42.3818100" lon="12.8278500"></trkpt>
      <trkpt lat="42.3817400" lon="12.8277900"></trkpt>
      <trkpt lat="42.3817100" lon="12.8277600"></trkpt>
      <trkpt lat="42.3815900" lon="12.8276500"></trkpt>
      <trkpt lat="42.3814400" lon="12.8275100"></trkpt>
      <trkpt lat="42.3812900" lon="12.8273800"></trkpt>
      <trkpt lat="42.3811400" lon="12.8272400"></trkpt>
      <trkpt lat="42.3810800" lon="12.8271800"></trkpt>
      <trkpt lat="42.3810000" lon="12.8271000"></trkpt>
      <trkpt lat="42.3808500" lon="12.8269500"></trkpt>
      <trkpt lat="42.3807100" lon="12.8268100"></trkpt>
      <trkpt lat="42.3804200" lon="12.8265200"></trkpt>
      <trkpt lat="42.3802100" lon="12.8263000"></trkpt>
      <trkpt lat="42.3801400" lon="12.8262200"></trkpt>
      <trkpt lat="42.3800000" lon="12.8260600"></trkpt>
      <trkpt lat="42.3799600" lon="12.8260200"></trkpt>
      <trkpt lat="42.3798800" lon="12.8258800"></trkpt>
      <trkpt lat="42.3798300" lon="12.8258000"></trkpt>
      <trkpt lat="42.3797800" lon="12.8256800"></trkpt>
      <trkpt lat="42.3797100" lon="12.8255200"></trkpt>
      <trkpt lat="42.3796800" lon="12.8254700"></trkpt>
      <trkpt lat="42.3796700" lon="12.8254400"></trkpt>
      <trkpt lat="42.3796100" lon="12.8253800"></trkpt>
      <trkpt lat="42.3795600" lon="12.8253400"></trkpt>
      <trkpt lat="42.3795000" lon="12.8253300"></trkpt>
      <trkpt lat="42.3793600" lon="12.8253300"></trkpt>
      <trkpt lat="42.3793400" lon="12.8253300"></trkpt>
      <trkpt lat="42.3791700" lon="12.8253400"></trkpt>
      <trkpt lat="42.3790500" lon="12.8254100"></trkpt>
      <trkpt lat="42.3789400" lon="12.8255200"></trkpt>
      <trkpt lat="42.3789000" lon="12.8256000"></trkpt>
      <trkpt lat="42.3789000" lon="12.8256100"></trkpt>
      <trkpt lat="42.3788700" lon="12.8257000"></trkpt>
      <trkpt lat="42.3788700" lon="12.8258800"></trkpt>
      <trkpt lat="42.3788900" lon="12.8259900"></trkpt>
      <trkpt lat="42.3789000" lon="12.8261100"></trkpt>
      <trkpt lat="42.3788900" lon="12.8262400"></trkpt>
      <trkpt lat="42.3788700" lon="12.8263500"></trkpt>
      <trkpt lat="42.3788700" lon="12.8263700"></trkpt>
      <trkpt lat="42.3788200" lon="12.8264700"></trkpt>
      <trkpt lat="42.3787700" lon="12.8265600"></trkpt>
      <trkpt lat="42.3787700" lon="12.8265800"></trkpt>
      <trkpt lat="42.3787300" lon="12.8266900"></trkpt>
      <trkpt lat="42.3787200" lon="12.8267900"></trkpt>
      <trkpt lat="42.3787200" lon="12.8268000"></trkpt>
      <trkpt lat="42.3787400" lon="12.8269200"></trkpt>
      <trkpt lat="42.3787800" lon="12.8270300"></trkpt>
      <trkpt lat="42.3788400" lon="12.8271200"></trkpt>
      <trkpt lat="42.3788700" lon="12.8271600"></trkpt>
      <trkpt lat="42.3788900" lon="12.8272000"></trkpt>
      <trkpt lat="42.3789100" lon="12.8272300"></trkpt>
      <trkpt lat="42.3789700" lon="12.8273400"></trkpt>
      <trkpt lat="42.3790000" lon="12.8273800"></trkpt>
      <trkpt lat="42.3790100" lon="12.8274100"></trkpt>
      <trkpt lat="42.3790000" lon="12.8274300"></trkpt>
      <trkpt lat="42.3791100" lon="12.8275600"></trkpt>
      <trkpt lat="42.3791700" lon="12.8276300"></trkpt>
      <trkpt lat="42.3792000" lon="12.8277100"></trkpt>
      <trkpt lat="42.3792300" lon="12.8278000"></trkpt>
      <trkpt lat="42.3793000" lon="12.8280200"></trkpt>
      <trkpt lat="42.3793500" lon="12.8281700"></trkpt>
      <trkpt lat="42.3793800" lon="12.8282900"></trkpt>
      <trkpt lat="42.3793500" lon="12.8281700"></trkpt>
      <trkpt lat="42.3793000" lon="12.8280200"></trkpt>
      <trkpt lat="42.3792300" lon="12.8278000"></trkpt>
      <trkpt lat="42.3792000" lon="12.8277100"></trkpt>
      <trkpt lat="42.3791700" lon="12.8276300"></trkpt>
      <trkpt lat="42.3791100" lon="12.8275600"></trkpt>
      <trkpt lat="42.3790000" lon="12.8274400"></trkpt>
      <trkpt lat="42.3789800" lon="12.8274500"></trkpt>
      <trkpt lat="42.3789700" lon="12.8274500"></trkpt>
      <trkpt lat="42.3789600" lon="12.8274500"></trkpt>
      <trkpt lat="42.3789500" lon="12.8274500"></trkpt>
      <trkpt lat="42.3789400" lon="12.8274500"></trkpt>
      <trkpt lat="42.3788600" lon="12.8273800"></trkpt>
      <trkpt lat="42.3788200" lon="12.8273300"></trkpt>
      <trkpt lat="42.3787800" lon="12.8272800"></trkpt>
      <trkpt lat="42.3787100" lon="12.8271900"></trkpt>
      <trkpt lat="42.3786400" lon="12.8271200"></trkpt>
      <trkpt lat="42.3785200" lon="12.8270000"></trkpt>
      <trkpt lat="42.3784900" lon="12.8269600"></trkpt>
      <trkpt lat="42.3784200" lon="12.8268600"></trkpt>
      <trkpt lat="42.3784000" lon="12.8268200"></trkpt>
      <trkpt lat="42.3783800" lon="12.8267600"></trkpt>
      <trkpt lat="42.3783700" lon="12.8267400"></trkpt>
      <trkpt lat="42.3783700" lon="12.8267200"></trkpt>
      <trkpt lat="42.3783700" lon="12.8266900"></trkpt>
      <trkpt lat="42.3783700" lon="12.8266500"></trkpt>
      <trkpt lat="42.3784000" lon="12.8265300"></trkpt>
      <trkpt lat="42.3784500" lon="12.8264000"></trkpt>
      <trkpt lat="42.3784600" lon="12.8263700"></trkpt>
      <trkpt lat="42.3784900" lon="12.8262900"></trkpt>
      <trkpt lat="42.3784900" lon="12.8262600"></trkpt>
      <trkpt lat="42.3784900" lon="12.8262400"></trkpt>
      <trkpt lat="42.3784900" lon="12.8262300"></trkpt>
      <trkpt lat="42.3784800" lon="12.8262100"></trkpt>
      <trkpt lat="42.3784700" lon="12.8262100"></trkpt>
      <trkpt lat="42.3784500" lon="12.8262000"></trkpt>
      <trkpt lat="42.3784400" lon="12.8262000"></trkpt>
      <trkpt lat="42.3783800" lon="12.8262500"></trkpt>
      <trkpt lat="42.3783000" lon="12.8263400"></trkpt>
      <trkpt lat="42.3782800" lon="12.8263600"></trkpt>
      <trkpt lat="42.3782300" lon="12.8264400"></trkpt>
      <trkpt lat="42.3781700" lon="12.8265400"></trkpt>
      <trkpt lat="42.3781400" lon="12.8266300"></trkpt>
      <trkpt lat="42.3781100" lon="12.8266900"></trkpt>
      <trkpt lat="42.3781100" lon="12.8267100"></trkpt>
      <trkpt lat="42.3781000" lon="12.8267300"></trkpt>
      <trkpt lat="42.3781000" lon="12.8267500"></trkpt>
      <trkpt lat="42.3781100" lon="12.8267700"></trkpt>
      <trkpt lat="42.3781500" lon="12.8268700"></trkpt>
      <trkpt lat="42.3781900" lon="12.8269700"></trkpt>
      <trkpt lat="42.3781900" lon="12.8269800"></trkpt>
      <trkpt lat="42.3782000" lon="12.8269900"></trkpt>
      <trkpt lat="42.3782000" lon="12.8270200"></trkpt>
      <trkpt lat="42.3782000" lon="12.8270600"></trkpt>
      <trkpt lat="42.3782000" lon="12.8270900"></trkpt>
      <trkpt lat="42.3781500" lon="12.8272000"></trkpt>
      <trkpt lat="42.3780100" lon="12.8270400"></trkpt>
      <trkpt lat="42.3778800" lon="12.8268800"></trkpt>
      <trkpt lat="42.3778300" lon="12.8268200"></trkpt>
      <trkpt lat="42.3778100" lon="12.8267800"></trkpt>
      <trkpt lat="42.3778000" lon="12.8267300"></trkpt>
      <trkpt lat="42.3778000" lon="12.8266700"></trkpt>
      <trkpt lat="42.3777900" lon="12.8265200"></trkpt>
      <trkpt lat="42.3778000" lon="12.8262900"></trkpt>
      <trkpt lat="42.3777900" lon="12.8262200"></trkpt>
      <trkpt lat="42.3777800" lon="12.8261600"></trkpt>
      <trkpt lat="42.3777300" lon="12.8259600"></trkpt>
      <trkpt lat="42.3776600" lon="12.8256900"></trkpt>
      <trkpt lat="42.3776500" lon="12.8256500"></trkpt>
      <trkpt lat="42.3776600" lon="12.8256200"></trkpt>
      <trkpt lat="42.3776600" lon="12.8255700"></trkpt>
      <trkpt lat="42.3776800" lon="12.8254900"></trkpt>
      <trkpt lat="42.3777900" lon="12.8250300"></trkpt>
      <trkpt lat="42.3778400" lon="12.8247900"></trkpt>
      <trkpt lat="42.3778800" lon="12.8247000"></trkpt>
      <trkpt lat="42.3778900" lon="12.8246700"></trkpt>
      <trkpt lat="42.3779200" lon="12.8245800"></trkpt>
      <trkpt lat="42.3779500" lon="12.8244500"></trkpt>
      <trkpt lat="42.3780100" lon="12.8242200"></trkpt>
      <trkpt lat="42.3780400" lon="12.8241200"></trkpt>
      <trkpt lat="42.3780900" lon="12.8240000"></trkpt>
      <trkpt lat="42.3781700" lon="12.8237800"></trkpt>
      <trkpt lat="42.3782500" lon="12.8236000"></trkpt>
      <trkpt lat="42.3783300" lon="12.8234500"></trkpt>
      <trkpt lat="42.3783600" lon="12.8234200"></trkpt>
      <trkpt lat="42.3783900" lon="12.8234200"></trkpt>
      <trkpt lat="42.3784100" lon="12.8234200"></trkpt>
      <trkpt lat="42.3785900" lon="12.8234300"></trkpt>
      <trkpt lat="42.3788600" lon="12.8234600"></trkpt>
      <trkpt lat="42.3789500" lon="12.8234800"></trkpt>
      <trkpt lat="42.3791200" lon="12.8235200"></trkpt>
      <trkpt lat="42.3792300" lon="12.8235400"></trkpt>
      <trkpt lat="42.3793000" lon="12.8235400"></trkpt>
      <trkpt lat="42.3793200" lon="12.8235400"></trkpt>
      <trkpt lat="42.3793900" lon="12.8235400"></trkpt>
      <trkpt lat="42.3795500" lon="12.8235400"></trkpt>
      <trkpt lat="42.3795700" lon="12.8235300"></trkpt>
      <trkpt lat="42.3797000" lon="12.8234400"></trkpt>
      <trkpt lat="42.3798100" lon="12.8233500"></trkpt>
      <trkpt lat="42.3799600" lon="12.8232300"></trkpt>
      <trkpt lat="42.3800100" lon="12.8231900"></trkpt>
      <trkpt lat="42.3801100" lon="12.8231000"></trkpt>
      <trkpt lat="42.3801200" lon="12.8230900"></trkpt>
      <trkpt lat="42.3802500" lon="12.8229300"></trkpt>
      <trkpt lat="42.3802600" lon="12.8228900"></trkpt>
      <trkpt lat="42.3802600" lon="12.8228600"></trkpt>
      <trkpt lat="42.3802500" lon="12.8228100"></trkpt>
      <trkpt lat="42.3802600" lon="12.8227800"></trkpt>
      <trkpt lat="42.3802600" lon="12.8227700"></trkpt>
      <trkpt lat="42.3802800" lon="12.8227500"></trkpt>
      <trkpt lat="42.3804700" lon="12.8226200"></trkpt>
      <trkpt lat="42.3805800" lon="12.8225500"></trkpt>
      <trkpt lat="42.3805900" lon="12.8225200"></trkpt>
      <trkpt lat="42.3805900" lon="12.8224900"></trkpt>
      <trkpt lat="42.3805800" lon="12.8224700"></trkpt>
      <trkpt lat="42.3805800" lon="12.8224600"></trkpt>
      <trkpt lat="42.3805700" lon="12.8224500"></trkpt>
      <trkpt lat="42.3805500" lon="12.8224400"></trkpt>
      <trkpt lat="42.3805300" lon="12.8224400"></trkpt>
      <trkpt lat="42.3804200" lon="12.8224400"></trkpt>
      <trkpt lat="42.3804100" lon="12.8224400"></trkpt>
      <trkpt lat="42.3804100" lon="12.8224100"></trkpt>
      <trkpt lat="42.3804200" lon="12.8224000"></trkpt>
      <trkpt lat="42.3804500" lon="12.8223700"></trkpt>
      <trkpt lat="42.3805500" lon="12.8223200"></trkpt>
      <trkpt lat="42.3807000" lon="12.8222400"></trkpt>
      <trkpt lat="42.3807200" lon="12.8222500"></trkpt>
      <trkpt lat="42.3807800" lon="12.8222500"></trkpt>
      <trkpt lat="42.3808900" lon="12.8222800"></trkpt>
      <trkpt lat="42.3809400" lon="12.8223000"></trkpt>
      <trkpt lat="42.3810700" lon="12.8223500"></trkpt>
      <trkpt lat="42.3811000" lon="12.8223600"></trkpt>
      <trkpt lat="42.3811400" lon="12.8223200"></trkpt>
      <trkpt lat="42.3811800" lon="12.8222100"></trkpt>
      <trkpt lat="42.3812700" lon="12.8220000"></trkpt>
      <trkpt lat="42.3813000" lon="12.8219200"></trkpt>
      <trkpt lat="42.3813500" lon="12.8218000"></trkpt>
      <trkpt lat="42.3813600" lon="12.8217900"></trkpt>
      <trkpt lat="42.3814300" lon="12.8217000"></trkpt>
      <trkpt lat="42.3815000" lon="12.8216400"></trkpt>
      <trkpt lat="42.3816100" lon="12.8215400"></trkpt>
      <trkpt lat="42.3816600" lon="12.8215100"></trkpt>
      <trkpt lat="42.3818100" lon="12.8213800"></trkpt>
      <trkpt lat="42.3819600" lon="12.8212700"></trkpt>
      <trkpt lat="42.3819700" lon="12.8212600"></trkpt>
      <trkpt lat="42.3821400" lon="12.8212200"></trkpt>
      <trkpt lat="42.3823100" lon="12.8211400"></trkpt>
      <trkpt lat="42.3824000" lon="12.8211100"></trkpt>
      <trkpt lat="42.3824900" lon="12.8210900"></trkpt>
      <trkpt lat="42.3826700" lon="12.8210400"></trkpt>
      <trkpt lat="42.3827400" lon="12.8210200"></trkpt>
      <trkpt lat="42.3828400" lon="12.8210000"></trkpt>
      <trkpt lat="42.3830200" lon="12.8209800"></trkpt>
      <trkpt lat="42.3830300" lon="12.8209800"></trkpt>
      <trkpt lat="42.3831200" lon="12.8209700"></trkpt>
      <trkpt lat="42.3832000" lon="12.8209900"></trkpt>
      <trkpt lat="42.3832400" lon="12.8210000"></trkpt>
      <trkpt lat="42.3833800" lon="12.8210500"></trkpt>
      <trkpt lat="42.3835400" lon="12.8211100"></trkpt>
      <trkpt lat="42.3835500" lon="12.8211100"></trkpt>
      <trkpt lat="42.3837300" lon="12.8211300"></trkpt>
      <trkpt lat="42.3839100" lon="12.8211500"></trkpt>
      <trkpt lat="42.3840000" lon="12.8211600"></trkpt>
      <trkpt lat="42.3840900" lon="12.8211500"></trkpt>
      <trkpt lat="42.3841700" lon="12.8211500"></trkpt>
      <trkpt lat="42.3842100" lon="12.8211300"></trkpt>
      <trkpt lat="42.3842900" lon="12.8210800"></trkpt>
      <trkpt lat="42.3843300" lon="12.8210500"></trkpt>
      <trkpt lat="42.3843600" lon="12.8210100"></trkpt>
      <trkpt lat="42.3845000" lon="12.8208600"></trkpt>
      <trkpt lat="42.3846400" lon="12.8207000"></trkpt>
      <trkpt lat="42.3847000" lon="12.8206300"></trkpt>
      <trkpt lat="42.3847900" lon="12.8205600"></trkpt>
      <trkpt lat="42.3848100" lon="12.8205400"></trkpt>
      <trkpt lat="42.3848700" lon="12.8205200"></trkpt>
      <trkpt lat="42.3849600" lon="12.8205000"></trkpt>
      <trkpt lat="42.3851400" lon="12.8205400"></trkpt>
      <trkpt lat="42.3852900" lon="12.8205800"></trkpt>
      <trkpt lat="42.3853100" lon="12.8205800"></trkpt>
      <trkpt lat="42.3854300" lon="12.8206100"></trkpt>
      <trkpt lat="42.3854600" lon="12.8206100"></trkpt>
      <trkpt lat="42.3856000" lon="12.8206400"></trkpt>
      <trkpt lat="42.3856400" lon="12.8206200"></trkpt>
      <trkpt lat="42.3856600" lon="12.8206100"></trkpt>
      <trkpt lat="42.3859000" lon="12.8208000"></trkpt>
      <trkpt lat="42.3860500" lon="12.8209200"></trkpt>
      <trkpt lat="42.3865500" lon="12.8212100"></trkpt>
      <trkpt lat="42.3865800" lon="12.8212400"></trkpt>
      <trkpt lat="42.3867000" lon="12.8213300"></trkpt>
      <trkpt lat="42.3869500" lon="12.8216800"></trkpt>
      <trkpt lat="42.3870900" lon="12.8218600"></trkpt>
      <trkpt lat="42.3871100" lon="12.8218900"></trkpt>
      <trkpt lat="42.3871500" lon="12.8219000"></trkpt>
      <trkpt lat="42.3871900" lon="12.8219200"></trkpt>
      <trkpt lat="42.3872700" lon="12.8218600"></trkpt>
      <trkpt lat="42.3873000" lon="12.8218600"></trkpt>
      <trkpt lat="42.3873400" lon="12.8218600"></trkpt>
      <trkpt lat="42.3873600" lon="12.8218600"></trkpt>
      <trkpt lat="42.3873900" lon="12.8218600"></trkpt>
      <trkpt lat="42.3875400" lon="12.8218700"></trkpt>
      <trkpt lat="42.3877200" lon="12.8218800"></trkpt>
      <trkpt lat="42.3879000" lon="12.8219000"></trkpt>
      <trkpt lat="42.3881100" lon="12.8219100"></trkpt>
      <trkpt lat="42.3881500" lon="12.8217900"></trkpt>
      <trkpt lat="42.3881600" lon="12.8216800"></trkpt>
      <trkpt lat="42.3881600" lon="12.8216300"></trkpt>
      <trkpt lat="42.3881600" lon="12.8215400"></trkpt>
      <trkpt lat="42.3881500" lon="12.8214400"></trkpt>
      <trkpt lat="42.3881400" lon="12.8213900"></trkpt>
      <trkpt lat="42.3881000" lon="12.8212100"></trkpt>
      <trkpt lat="42.3880500" lon="12.8209700"></trkpt>
      <trkpt lat="42.3880200" lon="12.8208700"></trkpt>
      <trkpt lat="42.3880200" lon="12.8207300"></trkpt>
      <trkpt lat="42.3880100" lon="12.8206800"></trkpt>
      <trkpt lat="42.3880200" lon="12.8204900"></trkpt>
      <trkpt lat="42.3880300" lon="12.8202500"></trkpt>
      <trkpt lat="42.3880300" lon="12.8201500"></trkpt>
      <trkpt lat="42.3880300" lon="12.8200000"></trkpt>
      <trkpt lat="42.3880400" lon="12.8199100"></trkpt>
      <trkpt lat="42.3880400" lon="12.8198700"></trkpt>
      <trkpt lat="42.3880500" lon="12.8197800"></trkpt>
      <trkpt lat="42.3880500" lon="12.8197600"></trkpt>
      <trkpt lat="42.3880700" lon="12.8197200"></trkpt>
      <trkpt lat="42.3880900" lon="12.8196800"></trkpt>
      <trkpt lat="42.3881000" lon="12.8196500"></trkpt>
      <trkpt lat="42.3881500" lon="12.8196000"></trkpt>
      <trkpt lat="42.3881700" lon="12.8195900"></trkpt>
      <trkpt lat="42.3882300" lon="12.8195400"></trkpt>
      <trkpt lat="42.3882500" lon="12.8195300"></trkpt>
      <trkpt lat="42.3883400" lon="12.8195000"></trkpt>
      <trkpt lat="42.3884300" lon="12.8194700"></trkpt>
      <trkpt lat="42.3885200" lon="12.8194600"></trkpt>
      <trkpt lat="42.3885800" lon="12.8194800"></trkpt>
      <trkpt lat="42.3886900" lon="12.8195000"></trkpt>
      <trkpt lat="42.3887600" lon="12.8195100"></trkpt>
      <trkpt lat="42.3887600" lon="12.8194800"></trkpt>
      <trkpt lat="42.3887400" lon="12.8192700"></trkpt>
      <trkpt lat="42.3887300" lon="12.8191900"></trkpt>
      <trkpt lat="42.3887100" lon="12.8190600"></trkpt>
      <trkpt lat="42.3888700" lon="12.8189800"></trkpt>
      <trkpt lat="42.3890400" lon="12.8189000"></trkpt>
      <trkpt lat="42.3893800" lon="12.8187300"></trkpt>
      <trkpt lat="42.3894700" lon="12.8186900"></trkpt>
      <trkpt lat="42.3895500" lon="12.8186400"></trkpt>
      <trkpt lat="42.3896400" lon="12.8185800"></trkpt>
      <trkpt lat="42.3897100" lon="12.8185300"></trkpt>
      <trkpt lat="42.3899800" lon="12.8184200"></trkpt>
      <trkpt lat="42.3900300" lon="12.8183900"></trkpt>
      <trkpt lat="42.3900300" lon="12.8183600"></trkpt>
      <trkpt lat="42.3900400" lon="12.8183100"></trkpt>
      <trkpt lat="42.3901000" lon="12.8181600"></trkpt>
      <trkpt lat="42.3901000" lon="12.8176900"></trkpt>
      <trkpt lat="42.3901100" lon="12.8176200"></trkpt>
      <trkpt lat="42.3901100" lon="12.8175600"></trkpt>
      <trkpt lat="42.3901100" lon="12.8173800"></trkpt>
      <trkpt lat="42.3901100" lon="12.8173400"></trkpt>
      <trkpt lat="42.3901100" lon="12.8168300"></trkpt>
      <trkpt lat="42.3901200" lon="12.8166500"></trkpt>
      <trkpt lat="42.3901200" lon="12.8165100"></trkpt>
      <trkpt lat="42.3901200" lon="12.8163300"></trkpt>
      <trkpt lat="42.3901400" lon="12.8162000"></trkpt>
      <trkpt lat="42.3901800" lon="12.8160400"></trkpt>
      <trkpt lat="42.3902000" lon="12.8159600"></trkpt>
      <trkpt lat="42.3902600" lon="12.8158400"></trkpt>
      <trkpt lat="42.3903200" lon="12.8156900"></trkpt>
      <trkpt lat="42.3904500" lon="12.8154200"></trkpt>
      <trkpt lat="42.3905000" lon="12.8152800"></trkpt>
      <trkpt lat="42.3908700" lon="12.8144900"></trkpt>
      <trkpt lat="42.3908900" lon="12.8144300"></trkpt>
      <trkpt lat="42.3909700" lon="12.8142800"></trkpt>
      <trkpt lat="42.3909900" lon="12.8142300"></trkpt>
      <trkpt lat="42.3910900" lon="12.8140000"></trkpt>
      <trkpt lat="42.3912700" lon="12.8135700"></trkpt>
      <trkpt lat="42.3913300" lon="12.8133500"></trkpt>
      <trkpt lat="42.3913300" lon="12.8133200"></trkpt>
      <trkpt lat="42.3914100" lon="12.8124700"></trkpt>
      <trkpt lat="42.3914500" lon="12.8123200"></trkpt>
      <trkpt lat="42.3914700" lon="12.8120300"></trkpt>
      <trkpt lat="42.3915300" lon="12.8113600"></trkpt>
      <trkpt lat="42.3915300" lon="12.8112800"></trkpt>
      <trkpt lat="42.3915900" lon="12.8107000"></trkpt>
      <trkpt lat="42.3916900" lon="12.8097300"></trkpt>
      <trkpt lat="42.3917000" lon="12.8096500"></trkpt>
      <trkpt lat="42.3917200" lon="12.8094600"></trkpt>
      <trkpt lat="42.3917200" lon="12.8093700"></trkpt>
      <trkpt lat="42.3917300" lon="12.8091400"></trkpt>
      <trkpt lat="42.3917200" lon="12.8090900"></trkpt>
      <trkpt lat="42.3917100" lon="12.8089900"></trkpt>
      <trkpt lat="42.3917000" lon="12.8089000"></trkpt>
      <trkpt lat="42.3916800" lon="12.8087600"></trkpt>
      <trkpt lat="42.3916500" lon="12.8086500"></trkpt>
      <trkpt lat="42.3916100" lon="12.8084900"></trkpt>
      <trkpt lat="42.3915900" lon="12.8083900"></trkpt>
      <trkpt lat="42.3914900" lon="12.8080400"></trkpt>
      <trkpt lat="42.3914600" lon="12.8079400"></trkpt>
      <trkpt lat="42.3913800" lon="12.8075400"></trkpt>
      <trkpt lat="42.3913600" lon="12.8072900"></trkpt>
      <trkpt lat="42.3913500" lon="12.8072700"></trkpt>
      <trkpt lat="42.3913100" lon="12.8067200"></trkpt>
      <trkpt lat="42.3913000" lon="12.8066300"></trkpt>
      <trkpt lat="42.3913400" lon="12.8058100"></trkpt>
      <trkpt lat="42.3913500" lon="12.8057500"></trkpt>
      <trkpt lat="42.3913500" lon="12.8056800"></trkpt>
      <trkpt lat="42.3914500" lon="12.8048700"></trkpt>
      <trkpt lat="42.3914700" lon="12.8046300"></trkpt>
      <trkpt lat="42.3915300" lon="12.8041500"></trkpt>
      <trkpt lat="42.3915400" lon="12.8040300"></trkpt>
      <trkpt lat="42.3915700" lon="12.8037900"></trkpt>
      <trkpt lat="42.3917000" lon="12.8026500"></trkpt>
      <trkpt lat="42.3917700" lon="12.8019800"></trkpt>
      <trkpt lat="42.3918000" lon="12.8017400"></trkpt>
      <trkpt lat="42.3918800" lon="12.8010200"></trkpt>
      <trkpt lat="42.3919000" lon="12.8007800"></trkpt>
      <trkpt lat="42.3919100" lon="12.8007200"></trkpt>
      <trkpt lat="42.3919300" lon="12.8005400"></trkpt>
      <trkpt lat="42.3919400" lon="12.8004100"></trkpt>
      <trkpt lat="42.3919800" lon="12.8000300"></trkpt>
      <trkpt lat="42.3920000" lon="12.7998400"></trkpt>
      <trkpt lat="42.3920200" lon="12.7997200"></trkpt>
      <trkpt lat="42.3920200" lon="12.7996600"></trkpt>
      <trkpt lat="42.3920400" lon="12.7995700"></trkpt>
      <trkpt lat="42.3921900" lon="12.7990800"></trkpt>
      <trkpt lat="42.3923600" lon="12.7986200"></trkpt>
      <trkpt lat="42.3925200" lon="12.7979900"></trkpt>
      <trkpt lat="42.3925800" lon="12.7977700"></trkpt>
      <trkpt lat="42.3928000" lon="12.7971400"></trkpt>
      <trkpt lat="42.3928400" lon="12.7970600"></trkpt>
      <trkpt lat="42.3928500" lon="12.7970100"></trkpt>
      <trkpt lat="42.3930700" lon="12.7963700"></trkpt>
      <trkpt lat="42.3931300" lon="12.7961900"></trkpt>
      <trkpt lat="42.3931400" lon="12.7961700"></trkpt>
      <trkpt lat="42.3931600" lon="12.7960900"></trkpt>
      <trkpt lat="42.3934100" lon="12.7955500"></trkpt>
      <trkpt lat="42.3934200" lon="12.7955300"></trkpt>
      <trkpt lat="42.3935100" lon="12.7952100"></trkpt>
      <trkpt lat="42.3935300" lon="12.7951600"></trkpt>
      <trkpt lat="42.3937600" lon="12.7945000"></trkpt>
      <trkpt lat="42.3937800" lon="12.7944600"></trkpt>
      <trkpt lat="42.3938200" lon="12.7942100"></trkpt>
      <trkpt lat="42.3938300" lon="12.7936200"></trkpt>
      <trkpt lat="42.3938200" lon="12.7935300"></trkpt>
      <trkpt lat="42.3937400" lon="12.7928700"></trkpt>
      <trkpt lat="42.3937100" lon="12.7926600"></trkpt>
      <trkpt lat="42.3937000" lon="12.7925200"></trkpt>
      <trkpt lat="42.3934600" lon="12.7905400"></trkpt>
      <trkpt lat="42.3934500" lon="12.7903900"></trkpt>
      <trkpt lat="42.3934900" lon="12.7891100"></trkpt>
      <trkpt lat="42.3935000" lon="12.7890000"></trkpt>
      <trkpt lat="42.3935100" lon="12.7886100"></trkpt>
      <trkpt lat="42.3935500" lon="12.7884800"></trkpt>
      <trkpt lat="42.3935500" lon="12.7884200"></trkpt>
      <trkpt lat="42.3935400" lon="12.7883200"></trkpt>
      <trkpt lat="42.3935300" lon="12.7882200"></trkpt>
      <trkpt lat="42.3935200" lon="12.7881300"></trkpt>
      <trkpt lat="42.3934900" lon="12.7880400"></trkpt>
      <trkpt lat="42.3934500" lon="12.7879400"></trkpt>
      <trkpt lat="42.3933200" lon="12.7877100"></trkpt>
      <trkpt lat="42.3930200" lon="12.7872800"></trkpt>
      <trkpt lat="42.3928900" lon="12.7871000"></trkpt>
      <trkpt lat="42.3928300" lon="12.7869900"></trkpt>
      <trkpt lat="42.3927500" lon="12.7868300"></trkpt>
      <trkpt lat="42.3927000" lon="12.7867000"></trkpt>
      <trkpt lat="42.3926800" lon="12.7866000"></trkpt>
      <trkpt lat="42.3926600" lon="12.7865100"></trkpt>
      <trkpt lat="42.3926600" lon="12.7864200"></trkpt>
      <trkpt lat="42.3926600" lon="12.7862600"></trkpt>
      <trkpt lat="42.3926800" lon="12.7860800"></trkpt>
      <trkpt lat="42.3926900" lon="12.7859800"></trkpt>
      <trkpt lat="42.3927500" lon="12.7857200"></trkpt>
      <trkpt lat="42.3927600" lon="12.7856500"></trkpt>
      <trkpt lat="42.3927900" lon="12.7855700"></trkpt>
      <trkpt lat="42.3930200" lon="12.7851200"></trkpt>
      <trkpt lat="42.3932100" lon="12.7848100"></trkpt>
      <trkpt lat="42.3936500" lon="12.7841100"></trkpt>
      <trkpt lat="42.3936800" lon="12.7840400"></trkpt>
      <trkpt lat="42.3937300" lon="12.7839400"></trkpt>
      <trkpt lat="42.3938500" lon="12.7837700"></trkpt>
      <trkpt lat="42.3938900" lon="12.7837100"></trkpt>
      <trkpt lat="42.3939700" lon="12.7835900"></trkpt>
      <trkpt lat="42.3940200" lon="12.7835200"></trkpt>
      <trkpt lat="42.3941200" lon="12.7834100"></trkpt>
      <trkpt lat="42.3942300" lon="12.7833000"></trkpt>
      <trkpt lat="42.3944300" lon="12.7830900"></trkpt>
      <trkpt lat="42.3945800" lon="12.7829000"></trkpt>
      <trkpt lat="42.3947600" lon="12.7826600"></trkpt>
      <trkpt lat="42.3949000" lon="12.7824500"></trkpt>
      <trkpt lat="42.3950800" lon="12.7821700"></trkpt>
      <trkpt lat="42.3951000" lon="12.7821300"></trkpt>
      <trkpt lat="42.3953700" lon="12.7816300"></trkpt>
      <trkpt lat="42.3954000" lon="12.7815600"></trkpt>
      <trkpt lat="42.3954700" lon="12.7814300"></trkpt>
      <trkpt lat="42.3958800" lon="12.7805400"></trkpt>
      <trkpt lat="42.3959600" lon="12.7803700"></trkpt>
      <trkpt lat="42.3960900" lon="12.7801100"></trkpt>
      <trkpt lat="42.3963000" lon="12.7797500"></trkpt>
      <trkpt lat="42.3963700" lon="12.7796700"></trkpt>
      <trkpt lat="42.3964500" lon="12.7796000"></trkpt>
      <trkpt lat="42.3964900" lon="12.7795600"></trkpt>
      <trkpt lat="42.3965800" lon="12.7794800"></trkpt>
      <trkpt lat="42.3966400" lon="12.7794400"></trkpt>
      <trkpt lat="42.3966900" lon="12.7794100"></trkpt>
      <trkpt lat="42.3967600" lon="12.7793700"></trkpt>
      <trkpt lat="42.3968700" lon="12.7793200"></trkpt>
      <trkpt lat="42.3969400" lon="12.7792800"></trkpt>
      <trkpt lat="42.3970100" lon="12.7792600"></trkpt>
      <trkpt lat="42.3973800" lon="12.7792100"></trkpt>
      <trkpt lat="42.3974700" lon="12.7792100"></trkpt>
      <trkpt lat="42.3976200" lon="12.7792100"></trkpt>
      <trkpt lat="42.3977400" lon="12.7792400"></trkpt>
      <trkpt lat="42.3977700" lon="12.7792400"></trkpt>
      <trkpt lat="42.3979100" lon="12.7793000"></trkpt>
      <trkpt lat="42.3980600" lon="12.7793900"></trkpt>
      <trkpt lat="42.3982100" lon="12.7794900"></trkpt>
      <trkpt lat="42.3984000" lon="12.7796000"></trkpt>
      <trkpt lat="42.3984300" lon="12.7796200"></trkpt>
      <trkpt lat="42.3985600" lon="12.7796600"></trkpt>
      <trkpt lat="42.3986500" lon="12.7796600"></trkpt>
      <trkpt lat="42.3987600" lon="12.7796200"></trkpt>
      <trkpt lat="42.3989000" lon="12.7795400"></trkpt>
      <trkpt lat="42.3989300" lon="12.7795100"></trkpt>
      <trkpt lat="42.3994800" lon="12.7791200"></trkpt>
      <trkpt lat="42.3995600" lon="12.7790700"></trkpt>
      <trkpt lat="42.3997600" lon="12.7789300"></trkpt>
      <trkpt lat="42.3999200" lon="12.7788500"></trkpt>
      <trkpt lat="42.4000100" lon="12.7788100"></trkpt>
      <trkpt lat="42.4000600" lon="12.7787900"></trkpt>
      <trkpt lat="42.4001400" lon="12.7787700"></trkpt>
      <trkpt lat="42.4002000" lon="12.7787700"></trkpt>
      <trkpt lat="42.4003000" lon="12.7787700"></trkpt>
      <trkpt lat="42.4005800" lon="12.7787900"></trkpt>
      <trkpt lat="42.4007000" lon="12.7787900"></trkpt>
      <trkpt lat="42.4007700" lon="12.7787600"></trkpt>
      <trkpt lat="42.4008200" lon="12.7787300"></trkpt>
      <trkpt lat="42.4008600" lon="12.7786900"></trkpt>
      <trkpt lat="42.4009000" lon="12.7786500"></trkpt>
      <trkpt lat="42.4009400" lon="12.7785700"></trkpt>
      <trkpt lat="42.4009600" lon="12.7785400"></trkpt>
      <trkpt lat="42.4010000" lon="12.7784600"></trkpt>
      <trkpt lat="42.4010400" lon="12.7783800"></trkpt>
      <trkpt lat="42.4010800" lon="12.7783000"></trkpt>
      <trkpt lat="42.4011400" lon="12.7781800"></trkpt>
      <trkpt lat="42.4011800" lon="12.7780900"></trkpt>
      <trkpt lat="42.4012000" lon="12.7780600"></trkpt>
      <trkpt lat="42.4012600" lon="12.7779700"></trkpt>
      <trkpt lat="42.4013000" lon="12.7779200"></trkpt>
      <trkpt lat="42.4013300" lon="12.7778700"></trkpt>
      <trkpt lat="42.4013800" lon="12.7778100"></trkpt>
      <trkpt lat="42.4015200" lon="12.7777200"></trkpt>
      <trkpt lat="42.4015400" lon="12.7777100"></trkpt>
      <trkpt lat="42.4016800" lon="12.7776500"></trkpt>
      <trkpt lat="42.4022600" lon="12.7773800"></trkpt>
      <trkpt lat="42.4024300" lon="12.7772800"></trkpt>
      <trkpt lat="42.4026300" lon="12.7771900"></trkpt>
      <trkpt lat="42.4035100" lon="12.7767800"></trkpt>
      <trkpt lat="42.4035800" lon="12.7767600"></trkpt>
      <trkpt lat="42.4036400" lon="12.7767200"></trkpt>
      <trkpt lat="42.4036700" lon="12.7767100"></trkpt>
      <trkpt lat="42.4040500" lon="12.7765200"></trkpt>
      <trkpt lat="42.4042300" lon="12.7764400"></trkpt>
      <trkpt lat="42.4043000" lon="12.7764100"></trkpt>
      <trkpt lat="42.4043400" lon="12.7763900"></trkpt>
      <trkpt lat="42.4044200" lon="12.7763300"></trkpt>
      <trkpt lat="42.4046200" lon="12.7762100"></trkpt>
      <trkpt lat="42.4047500" lon="12.7760800"></trkpt>
      <trkpt lat="42.4048300" lon="12.7759600"></trkpt>
      <trkpt lat="42.4048700" lon="12.7759000"></trkpt>
      <trkpt lat="42.4049100" lon="12.7758100"></trkpt>
      <trkpt lat="42.4050000" lon="12.7756400"></trkpt>
      <trkpt lat="42.4051900" lon="12.7750700"></trkpt>
      <trkpt lat="42.4053600" lon="12.7746000"></trkpt>
      <trkpt lat="42.4054800" lon="12.7742800"></trkpt>
      <trkpt lat="42.4054400" lon="12.7742300"></trkpt>
      <trkpt lat="42.4054500" lon="12.7741900"></trkpt>
      <trkpt lat="42.4054900" lon="12.7740800"></trkpt>
      <trkpt lat="42.4055200" lon="12.7739900"></trkpt>
      <trkpt lat="42.4055600" lon="12.7738700"></trkpt>
      <trkpt lat="42.4056300" lon="12.7736900"></trkpt>
      <trkpt lat="42.4057900" lon="12.7732200"></trkpt>
      <trkpt lat="42.4059500" lon="12.7728000"></trkpt>
      <trkpt lat="42.4060700" lon="12.7724500"></trkpt>
      <trkpt lat="42.4062100" lon="12.7721700"></trkpt>
      <trkpt lat="42.4062600" lon="12.7720800"></trkpt>
      <trkpt lat="42.4063100" lon="12.7720300"></trkpt>
      <trkpt lat="42.4063800" lon="12.7719300"></trkpt>
      <trkpt lat="42.4064600" lon="12.7718900"></trkpt>
      <trkpt lat="42.4066300" lon="12.7717300"></trkpt>
      <trkpt lat="42.4067000" lon="12.7716600"></trkpt>
      <trkpt lat="42.4067900" lon="12.7715900"></trkpt>
      <trkpt lat="42.4068100" lon="12.7715700"></trkpt>
      <trkpt lat="42.4073300" lon="12.7711300"></trkpt>
      <trkpt lat="42.4075100" lon="12.7709600"></trkpt>
      <trkpt lat="42.4075700" lon="12.7709100"></trkpt>
      <trkpt lat="42.4077000" lon="12.7708000"></trkpt>
      <trkpt lat="42.4077600" lon="12.7707300"></trkpt>
      <trkpt lat="42.4080100" lon="12.7705500"></trkpt>
      <trkpt lat="42.4082800" lon="12.7704000"></trkpt>
      <trkpt lat="42.4083100" lon="12.7703900"></trkpt>
      <trkpt lat="42.4084500" lon="12.7703200"></trkpt>
      <trkpt lat="42.4084700" lon="12.7703000"></trkpt>
      <trkpt lat="42.4085500" lon="12.7702900"></trkpt>
      <trkpt lat="42.4089800" lon="12.7701500"></trkpt>
      <trkpt lat="42.4091600" lon="12.7701000"></trkpt>
      <trkpt lat="42.4092000" lon="12.7700800"></trkpt>
      <trkpt lat="42.4092000" lon="12.7700700"></trkpt>
      <trkpt lat="42.4092000" lon="12.7700600"></trkpt>
      <trkpt lat="42.4092000" lon="12.7700700"></trkpt>
      <trkpt lat="42.4092100" lon="12.7700600"></trkpt>
      <trkpt lat="42.4092100" lon="12.7700500"></trkpt>
      <trkpt lat="42.4092200" lon="12.7700500"></trkpt>
      <trkpt lat="42.4092300" lon="12.7700500"></trkpt>
      <trkpt lat="42.4092200" lon="12.7700500"></trkpt>
      <trkpt lat="42.4092300" lon="12.7700500"></trkpt>
      <trkpt lat="42.4092300" lon="12.7700400"></trkpt>
      <trkpt lat="42.4092400" lon="12.7700400"></trkpt>
      <trkpt lat="42.4092500" lon="12.7700400"></trkpt>
      <trkpt lat="42.4092500" lon="12.7700500"></trkpt>
      <trkpt lat="42.4092600" lon="12.7700500"></trkpt>
      <trkpt lat="42.4092700" lon="12.7700500"></trkpt>
      <trkpt lat="42.4092700" lon="12.7700600"></trkpt>
      <trkpt lat="42.4093400" lon="12.7700400"></trkpt>
      <trkpt lat="42.4094400" lon="12.7700100"></trkpt>
      <trkpt lat="42.4099400" lon="12.7698500"></trkpt>
      <trkpt lat="42.4100500" lon="12.7698100"></trkpt>
      <trkpt lat="42.4105300" lon="12.7696600"></trkpt>
      <trkpt lat="42.4106100" lon="12.7696000"></trkpt>
      <trkpt lat="42.4110500" lon="12.7694600"></trkpt>
      <trkpt lat="42.4111500" lon="12.7694600"></trkpt>
      <trkpt lat="42.4113400" lon="12.7694000"></trkpt>
      <trkpt lat="42.4114200" lon="12.7693700"></trkpt>
      <trkpt lat="42.4116600" lon="12.7693000"></trkpt>
      <trkpt lat="42.4121100" lon="12.7691700"></trkpt>
      <trkpt lat="42.4123800" lon="12.7690700"></trkpt>
      <trkpt lat="42.4125400" lon="12.7690100"></trkpt>
      <trkpt lat="42.4127300" lon="12.7689500"></trkpt>
      <trkpt lat="42.4129700" lon="12.7688800"></trkpt>
      <trkpt lat="42.4131100" lon="12.7689100"></trkpt>
      <trkpt lat="42.4131300" lon="12.7689100"></trkpt>
      <trkpt lat="42.4131700" lon="12.7689000"></trkpt>
      <trkpt lat="42.4132400" lon="12.7688900"></trkpt>
      <trkpt lat="42.4132900" lon="12.7688900"></trkpt>
      <trkpt lat="42.4133500" lon="12.7689100"></trkpt>
      <trkpt lat="42.4135900" lon="12.7689600"></trkpt>
      <trkpt lat="42.4136600" lon="12.7689700"></trkpt>
      <trkpt lat="42.4137100" lon="12.7689800"></trkpt>
      <trkpt lat="42.4137500" lon="12.7689700"></trkpt>
      <trkpt lat="42.4138100" lon="12.7689300"></trkpt>
      <trkpt lat="42.4139200" lon="12.7689000"></trkpt>
      <trkpt lat="42.4145600" lon="12.7686600"></trkpt>
      <trkpt lat="42.4150200" lon="12.7684800"></trkpt>
      <trkpt lat="42.4153700" lon="12.7683400"></trkpt>
      <trkpt lat="42.4154900" lon="12.7682900"></trkpt>
      <trkpt lat="42.4156800" lon="12.7681600"></trkpt>
      <trkpt lat="42.4156900" lon="12.7681500"></trkpt>
      <trkpt lat="42.4158800" lon="12.7680600"></trkpt>
      <trkpt lat="42.4160200" lon="12.7679600"></trkpt>
      <trkpt lat="42.4160700" lon="12.7679200"></trkpt>
      <trkpt lat="42.4161900" lon="12.7678100"></trkpt>
      <trkpt lat="42.4163400" lon="12.7676700"></trkpt>
      <trkpt lat="42.4166200" lon="12.7674300"></trkpt>
      <trkpt lat="42.4166400" lon="12.7674100"></trkpt>
      <trkpt lat="42.4167600" lon="12.7672900"></trkpt>
      <trkpt lat="42.4168300" lon="12.7672000"></trkpt>
      <trkpt lat="42.4168900" lon="12.7671100"></trkpt>
      <trkpt lat="42.4170900" lon="12.7667700"></trkpt>
      <trkpt lat="42.4171500" lon="12.7666800"></trkpt>
      <trkpt lat="42.4172100" lon="12.7665800"></trkpt>
      <trkpt lat="42.4172200" lon="12.7665600"></trkpt>
      <trkpt lat="42.4172800" lon="12.7664800"></trkpt>
      <trkpt lat="42.4173800" lon="12.7663300"></trkpt>
      <trkpt lat="42.4174000" lon="12.7663000"></trkpt>
      <trkpt lat="42.4174400" lon="12.7662300"></trkpt>
      <trkpt lat="42.4176200" lon="12.7659700"></trkpt>
      <trkpt lat="42.4176300" lon="12.7659400"></trkpt>
      <trkpt lat="42.4176900" lon="12.7658100"></trkpt>
      <trkpt lat="42.4177000" lon="12.7658000"></trkpt>
      <trkpt lat="42.4177300" lon="12.7657300"></trkpt>
      <trkpt lat="42.4177400" lon="12.7657000"></trkpt>
      <trkpt lat="42.4177900" lon="12.7655600"></trkpt>
      <trkpt lat="42.4178100" lon="12.7655200"></trkpt>
      <trkpt lat="42.4178600" lon="12.7653500"></trkpt>
      <trkpt lat="42.4178900" lon="12.7651900"></trkpt>
      <trkpt lat="42.4179300" lon="12.7650300"></trkpt>
      <trkpt lat="42.4179300" lon="12.7650000"></trkpt>
      <trkpt lat="42.4179600" lon="12.7648300"></trkpt>
      <trkpt lat="42.4179800" lon="12.7647400"></trkpt>
      <trkpt lat="42.4180000" lon="12.7645900"></trkpt>
      <trkpt lat="42.4180100" lon="12.7645600"></trkpt>
      <trkpt lat="42.4180200" lon="12.7644900"></trkpt>
      <trkpt lat="42.4180600" lon="12.7643300"></trkpt>
      <trkpt lat="42.4181400" lon="12.7641600"></trkpt>
      <trkpt lat="42.4181500" lon="12.7641300"></trkpt>
      <trkpt lat="42.4182300" lon="12.7640000"></trkpt>
      <trkpt lat="42.4182600" lon="12.7639400"></trkpt>
      <trkpt lat="42.4183000" lon="12.7638800"></trkpt>
      <trkpt lat="42.4183400" lon="12.7638100"></trkpt>
      <trkpt lat="42.4183600" lon="12.7637900"></trkpt>
      <trkpt lat="42.4183900" lon="12.7637300"></trkpt>
      <trkpt lat="42.4184100" lon="12.7636900"></trkpt>
      <trkpt lat="42.4184200" lon="12.7636500"></trkpt>
      <trkpt lat="42.4184300" lon="12.7635900"></trkpt>
      <trkpt lat="42.4184400" lon="12.7635400"></trkpt>
      <trkpt lat="42.4184400" lon="12.7635200"></trkpt>
      <trkpt lat="42.4184400" lon="12.7634700"></trkpt>
      <trkpt lat="42.4184300" lon="12.7633800"></trkpt>
      <trkpt lat="42.4184100" lon="12.7633400"></trkpt>
      <trkpt lat="42.4184100" lon="12.7633300"></trkpt>
      <trkpt lat="42.4183900" lon="12.7632800"></trkpt>
      <trkpt lat="42.4183400" lon="12.7632200"></trkpt>
      <trkpt lat="42.4183300" lon="12.7632100"></trkpt>
      <trkpt lat="42.4182400" lon="12.7630900"></trkpt>
      <trkpt lat="42.4181100" lon="12.7629200"></trkpt>
      <trkpt lat="42.4180500" lon="12.7628600"></trkpt>
      <trkpt lat="42.4180300" lon="12.7628300"></trkpt>
      <trkpt lat="42.4180200" lon="12.7628000"></trkpt>
      <trkpt lat="42.4179800" lon="12.7627300"></trkpt>
      <trkpt lat="42.4179900" lon="12.7626600"></trkpt>
      <trkpt lat="42.4179900" lon="12.7625900"></trkpt>
      <trkpt lat="42.4180200" lon="12.7624600"></trkpt>
      <trkpt lat="42.4180400" lon="12.7623800"></trkpt>
      <trkpt lat="42.4180800" lon="12.7623100"></trkpt>
      <trkpt lat="42.4180900" lon="12.7622900"></trkpt>
      <trkpt lat="42.4181000" lon="12.7622800"></trkpt>
      <trkpt lat="42.4181300" lon="12.7622300"></trkpt>
      <trkpt lat="42.4182200" lon="12.7620800"></trkpt>
      <trkpt lat="42.4183200" lon="12.7619400"></trkpt>
      <trkpt lat="42.4184500" lon="12.7617500"></trkpt>
      <trkpt lat="42.4184500" lon="12.7617400"></trkpt>
      <trkpt lat="42.4185100" lon="12.7616400"></trkpt>
      <trkpt lat="42.4185200" lon="12.7616000"></trkpt>
      <trkpt lat="42.4185500" lon="12.7615200"></trkpt>
      <trkpt lat="42.4185700" lon="12.7614500"></trkpt>
      <trkpt lat="42.4185800" lon="12.7613400"></trkpt>
      <trkpt lat="42.4185900" lon="12.7611200"></trkpt>
      <trkpt lat="42.4185900" lon="12.7610900"></trkpt>
      <trkpt lat="42.4186000" lon="12.7608800"></trkpt>
      <trkpt lat="42.4186000" lon="12.7608400"></trkpt>
      <trkpt lat="42.4186300" lon="12.7606300"></trkpt>
      <trkpt lat="42.4186300" lon="12.7606000"></trkpt>
      <trkpt lat="42.4186500" lon="12.7604700"></trkpt>
      <trkpt lat="42.4186900" lon="12.7602900"></trkpt>
      <trkpt lat="42.4187300" lon="12.7601900"></trkpt>
      <trkpt lat="42.4187500" lon="12.7601300"></trkpt>
      <trkpt lat="42.4187600" lon="12.7601200"></trkpt>
      <trkpt lat="42.4187700" lon="12.7600900"></trkpt>
      <trkpt lat="42.4188100" lon="12.7600600"></trkpt>
      <trkpt lat="42.4188500" lon="12.7600500"></trkpt>
      <trkpt lat="42.4189200" lon="12.7600600"></trkpt>
      <trkpt lat="42.4189400" lon="12.7600600"></trkpt>
      <trkpt lat="42.4189500" lon="12.7600700"></trkpt>
      <trkpt lat="42.4190300" lon="12.7601100"></trkpt>
      <trkpt lat="42.4191800" lon="12.7602300"></trkpt>
      <trkpt lat="42.4192600" lon="12.7602900"></trkpt>
      <trkpt lat="42.4193200" lon="12.7603300"></trkpt>
      <trkpt lat="42.4193600" lon="12.7603400"></trkpt>
      <trkpt lat="42.4193800" lon="12.7603400"></trkpt>
      <trkpt lat="42.4194000" lon="12.7603400"></trkpt>
      <trkpt lat="42.4194200" lon="12.7603300"></trkpt>
      <trkpt lat="42.4194300" lon="12.7603300"></trkpt>
      <trkpt lat="42.4194500" lon="12.7603200"></trkpt>
      <trkpt lat="42.4194700" lon="12.7602900"></trkpt>
      <trkpt lat="42.4194900" lon="12.7602500"></trkpt>
      <trkpt lat="42.4195100" lon="12.7602000"></trkpt>
      <trkpt lat="42.4195200" lon="12.7601800"></trkpt>
      <trkpt lat="42.4195200" lon="12.7601600"></trkpt>
      <trkpt lat="42.4195300" lon="12.7601000"></trkpt>
      <trkpt lat="42.4195300" lon="12.7600500"></trkpt>
      <trkpt lat="42.4195300" lon="12.7599600"></trkpt>
      <trkpt lat="42.4195300" lon="12.7599300"></trkpt>
      <trkpt lat="42.4195100" lon="12.7596800"></trkpt>
      <trkpt lat="42.4195100" lon="12.7594300"></trkpt>
      <trkpt lat="42.4195400" lon="12.7592900"></trkpt>
      <trkpt lat="42.4195500" lon="12.7592500"></trkpt>
      <trkpt lat="42.4196100" lon="12.7590600"></trkpt>
      <trkpt lat="42.4196200" lon="12.7590200"></trkpt>
      <trkpt lat="42.4196300" lon="12.7589900"></trkpt>
      <trkpt lat="42.4196700" lon="12.7588600"></trkpt>
      <trkpt lat="42.4196800" lon="12.7588000"></trkpt>
      <trkpt lat="42.4196900" lon="12.7587700"></trkpt>
      <trkpt lat="42.4197000" lon="12.7586300"></trkpt>
      <trkpt lat="42.4197000" lon="12.7585400"></trkpt>
      <trkpt lat="42.4197000" lon="12.7580700"></trkpt>
      <trkpt lat="42.4196300" lon="12.7573400"></trkpt>
      <trkpt lat="42.4196200" lon="12.7572700"></trkpt>
      <trkpt lat="42.4196000" lon="12.7571300"></trkpt>
      <trkpt lat="42.4196000" lon="12.7570900"></trkpt>
      <trkpt lat="42.4195500" lon="12.7566100"></trkpt>
      <trkpt lat="42.4195300" lon="12.7563700"></trkpt>
      <trkpt lat="42.4195100" lon="12.7561600"></trkpt>
      <trkpt lat="42.4195100" lon="12.7561300"></trkpt>
      <trkpt lat="42.4195000" lon="12.7560700"></trkpt>
      <trkpt lat="42.4194900" lon="12.7560500"></trkpt>
      <trkpt lat="42.4194800" lon="12.7559900"></trkpt>
      <trkpt lat="42.4194700" lon="12.7559700"></trkpt>
      <trkpt lat="42.4194600" lon="12.7559700"></trkpt>
      <trkpt lat="42.4194500" lon="12.7559500"></trkpt>
      <trkpt lat="42.4194500" lon="12.7559400"></trkpt>
      <trkpt lat="42.4194400" lon="12.7559200"></trkpt>
      <trkpt lat="42.4194300" lon="12.7559200"></trkpt>
      <trkpt lat="42.4194100" lon="12.7559100"></trkpt>
      <trkpt lat="42.4193900" lon="12.7559100"></trkpt>
      <trkpt lat="42.4193800" lon="12.7559100"></trkpt>
      <trkpt lat="42.4193700" lon="12.7559100"></trkpt>
      <trkpt lat="42.4193500" lon="12.7559300"></trkpt>
      <trkpt lat="42.4193400" lon="12.7559300"></trkpt>
      <trkpt lat="42.4193300" lon="12.7559500"></trkpt>
      <trkpt lat="42.4193200" lon="12.7559600"></trkpt>
      <trkpt lat="42.4193200" lon="12.7559700"></trkpt>
      <trkpt lat="42.4193100" lon="12.7560100"></trkpt>
      <trkpt lat="42.4193100" lon="12.7560200"></trkpt>
      <trkpt lat="42.4193100" lon="12.7560600"></trkpt>
      <trkpt lat="42.4193200" lon="12.7560900"></trkpt>
      <trkpt lat="42.4193300" lon="12.7561600"></trkpt>
      <trkpt lat="42.4193300" lon="12.7561700"></trkpt>
      <trkpt lat="42.4193600" lon="12.7563300"></trkpt>
      <trkpt lat="42.4193700" lon="12.7563900"></trkpt>
      <trkpt lat="42.4194000" lon="12.7565300"></trkpt>
      <trkpt lat="42.4194600" lon="12.7568000"></trkpt>
      <trkpt lat="42.4195000" lon="12.7572500"></trkpt>
      <trkpt lat="42.4195000" lon="12.7572600"></trkpt>
      <trkpt lat="42.4195000" lon="12.7572900"></trkpt>
      <trkpt lat="42.4195100" lon="12.7575300"></trkpt>
      <trkpt lat="42.4195100" lon="12.7575400"></trkpt>
      <trkpt lat="42.4195200" lon="12.7577500"></trkpt>
      <trkpt lat="42.4195100" lon="12.7581900"></trkpt>
      <trkpt lat="42.4194900" lon="12.7583800"></trkpt>
      <trkpt lat="42.4194600" lon="12.7584900"></trkpt>
      <trkpt lat="42.4194500" lon="12.7585600"></trkpt>
      <trkpt lat="42.4194400" lon="12.7585900"></trkpt>
      <trkpt lat="42.4194100" lon="12.7586700"></trkpt>
      <trkpt lat="42.4193900" lon="12.7587400"></trkpt>
      <trkpt lat="42.4193800" lon="12.7587600"></trkpt>
      <trkpt lat="42.4193600" lon="12.7588100"></trkpt>
      <trkpt lat="42.4193200" lon="12.7589100"></trkpt>
      <trkpt lat="42.4192800" lon="12.7589700"></trkpt>
      <trkpt lat="42.4192500" lon="12.7590300"></trkpt>
      <trkpt lat="42.4191800" lon="12.7591000"></trkpt>
      <trkpt lat="42.4191300" lon="12.7591400"></trkpt>
      <trkpt lat="42.4191200" lon="12.7591400"></trkpt>
      <trkpt lat="42.4190800" lon="12.7591500"></trkpt>
      <trkpt lat="42.4190200" lon="12.7591500"></trkpt>
      <trkpt lat="42.4189700" lon="12.7591400"></trkpt>
      <trkpt lat="42.4189500" lon="12.7591300"></trkpt>
      <trkpt lat="42.4189200" lon="12.7591100"></trkpt>
      <trkpt lat="42.4189000" lon="12.7591100"></trkpt>
      <trkpt lat="42.4184900" lon="12.7587100"></trkpt>
      <trkpt lat="42.4183400" lon="12.7585700"></trkpt>
      <trkpt lat="42.4182100" lon="12.7584500"></trkpt>
      <trkpt lat="42.4181900" lon="12.7584400"></trkpt>
      <trkpt lat="42.4181700" lon="12.7584200"></trkpt>
      <trkpt lat="42.4181500" lon="12.7584000"></trkpt>
      <trkpt lat="42.4180700" lon="12.7583400"></trkpt>
      <trkpt lat="42.4180300" lon="12.7583200"></trkpt>
      <trkpt lat="42.4180100" lon="12.7583200"></trkpt>
      <trkpt lat="42.4180000" lon="12.7583100"></trkpt>
      <trkpt lat="42.4179900" lon="12.7583100"></trkpt>
      <trkpt lat="42.4179700" lon="12.7583200"></trkpt>
      <trkpt lat="42.4179500" lon="12.7583400"></trkpt>
      <trkpt lat="42.4179200" lon="12.7583700"></trkpt>
      <trkpt lat="42.4178900" lon="12.7584100"></trkpt>
      <trkpt lat="42.4178700" lon="12.7584400"></trkpt>
      <trkpt lat="42.4178500" lon="12.7584900"></trkpt>
      <trkpt lat="42.4178400" lon="12.7585200"></trkpt>
      <trkpt lat="42.4178300" lon="12.7585700"></trkpt>
      <trkpt lat="42.4178200" lon="12.7586400"></trkpt>
      <trkpt lat="42.4178200" lon="12.7586500"></trkpt>
      <trkpt lat="42.4178000" lon="12.7587700"></trkpt>
      <trkpt lat="42.4178000" lon="12.7587800"></trkpt>
      <trkpt lat="42.4178000" lon="12.7588000"></trkpt>
      <trkpt lat="42.4178000" lon="12.7588900"></trkpt>
      <trkpt lat="42.4178000" lon="12.7590000"></trkpt>
      <trkpt lat="42.4178100" lon="12.7590300"></trkpt>
      <trkpt lat="42.4178900" lon="12.7596500"></trkpt>
      <trkpt lat="42.4179100" lon="12.7597500"></trkpt>
      <trkpt lat="42.4179400" lon="12.7599800"></trkpt>
      <trkpt lat="42.4179800" lon="12.7602200"></trkpt>
      <trkpt lat="42.4179800" lon="12.7602300"></trkpt>
      <trkpt lat="42.4180000" lon="12.7604300"></trkpt>
      <trkpt lat="42.4180000" lon="12.7604500"></trkpt>
      <trkpt lat="42.4180000" lon="12.7604800"></trkpt>
      <trkpt lat="42.4179900" lon="12.7605700"></trkpt>
      <trkpt lat="42.4179700" lon="12.7606900"></trkpt>
      <trkpt lat="42.4179600" lon="12.7607100"></trkpt>
      <trkpt lat="42.4179400" lon="12.7607400"></trkpt>
      <trkpt lat="42.4179200" lon="12.7607800"></trkpt>
      <trkpt lat="42.4178800" lon="12.7608300"></trkpt>
      <trkpt lat="42.4178200" lon="12.7608800"></trkpt>
      <trkpt lat="42.4178000" lon="12.7608900"></trkpt>
      <trkpt lat="42.4177800" lon="12.7609000"></trkpt>
      <trkpt lat="42.4177700" lon="12.7609000"></trkpt>
      <trkpt lat="42.4177300" lon="12.7609100"></trkpt>
      <trkpt lat="42.4176900" lon="12.7609100"></trkpt>
      <trkpt lat="42.4176200" lon="12.7609000"></trkpt>
      <trkpt lat="42.4175800" lon="12.7608900"></trkpt>
      <trkpt lat="42.4174900" lon="12.7608600"></trkpt>
      <trkpt lat="42.4174600" lon="12.7608500"></trkpt>
      <trkpt lat="42.4173100" lon="12.7608000"></trkpt>
      <trkpt lat="42.4172700" lon="12.7607900"></trkpt>
      <trkpt lat="42.4172300" lon="12.7607800"></trkpt>
      <trkpt lat="42.4172000" lon="12.7607900"></trkpt>
      <trkpt lat="42.4171700" lon="12.7607900"></trkpt>
      <trkpt lat="42.4171300" lon="12.7608300"></trkpt>
      <trkpt lat="42.4171100" lon="12.7608400"></trkpt>
      <trkpt lat="42.4170900" lon="12.7608600"></trkpt>
      <trkpt lat="42.4170500" lon="12.7608800"></trkpt>
      <trkpt lat="42.4170100" lon="12.7609100"></trkpt>
      <trkpt lat="42.4163300" lon="12.7614000"></trkpt>
      <trkpt lat="42.4160500" lon="12.7615900"></trkpt>
      <trkpt lat="42.4159900" lon="12.7616200"></trkpt>
      <trkpt lat="42.4159300" lon="12.7616700"></trkpt>
      <trkpt lat="42.4158900" lon="12.7616900"></trkpt>
      <trkpt lat="42.4158300" lon="12.7617300"></trkpt>
      <trkpt lat="42.4156700" lon="12.7618400"></trkpt>
      <trkpt lat="42.4156000" lon="12.7619000"></trkpt>
      <trkpt lat="42.4155900" lon="12.7619200"></trkpt>
      <trkpt lat="42.4155700" lon="12.7619500"></trkpt>
      <trkpt lat="42.4155700" lon="12.7619600"></trkpt>
      <trkpt lat="42.4155600" lon="12.7619900"></trkpt>
      <trkpt lat="42.4155600" lon="12.7620200"></trkpt>
      <trkpt lat="42.4155600" lon="12.7620400"></trkpt>
      <trkpt lat="42.4155700" lon="12.7620500"></trkpt>
      <trkpt lat="42.4155800" lon="12.7620900"></trkpt>
      <trkpt lat="42.4156000" lon="12.7621600"></trkpt>
      <trkpt lat="42.4156100" lon="12.7621800"></trkpt>
      <trkpt lat="42.4156400" lon="12.7622300"></trkpt>
      <trkpt lat="42.4156900" lon="12.7623100"></trkpt>
      <trkpt lat="42.4157600" lon="12.7623900"></trkpt>
      <trkpt lat="42.4158400" lon="12.7624900"></trkpt>
      <trkpt lat="42.4158700" lon="12.7625400"></trkpt>
      <trkpt lat="42.4158900" lon="12.7625600"></trkpt>
      <trkpt lat="42.4159200" lon="12.7626000"></trkpt>
      <trkpt lat="42.4159700" lon="12.7626500"></trkpt>
      <trkpt lat="42.4160600" lon="12.7627600"></trkpt>
      <trkpt lat="42.4162000" lon="12.7629200"></trkpt>
      <trkpt lat="42.4162100" lon="12.7629400"></trkpt>
      <trkpt lat="42.4162400" lon="12.7629700"></trkpt>
      <trkpt lat="42.4162600" lon="12.7630000"></trkpt>
      <trkpt lat="42.4163200" lon="12.7630700"></trkpt>
      <trkpt lat="42.4163300" lon="12.7630800"></trkpt>
      <trkpt lat="42.4164000" lon="12.7631600"></trkpt>
      <trkpt lat="42.4164300" lon="12.7632000"></trkpt>
      <trkpt lat="42.4165100" lon="12.7633200"></trkpt>
      <trkpt lat="42.4165300" lon="12.7633900"></trkpt>
      <trkpt lat="42.4165500" lon="12.7634700"></trkpt>
      <trkpt lat="42.4165600" lon="12.7635900"></trkpt>
      <trkpt lat="42.4165300" lon="12.7637500"></trkpt>
      <trkpt lat="42.4165200" lon="12.7637600"></trkpt>
      <trkpt lat="42.4165000" lon="12.7638400"></trkpt>
      <trkpt lat="42.4164900" lon="12.7638700"></trkpt>
      <trkpt lat="42.4164700" lon="12.7639100"></trkpt>
      <trkpt lat="42.4163900" lon="12.7640700"></trkpt>
      <trkpt lat="42.4162900" lon="12.7642400"></trkpt>
      <trkpt lat="42.4162200" lon="12.7643100"></trkpt>
      <trkpt lat="42.4161400" lon="12.7643600"></trkpt>
      <trkpt lat="42.4160600" lon="12.7643800"></trkpt>
      <trkpt lat="42.4160100" lon="12.7643800"></trkpt>
      <trkpt lat="42.4159700" lon="12.7643800"></trkpt>
      <trkpt lat="42.4159200" lon="12.7643800"></trkpt>
      <trkpt lat="42.4158700" lon="12.7643600"></trkpt>
      <trkpt lat="42.4157800" lon="12.7643400"></trkpt>
      <trkpt lat="42.4157400" lon="12.7643200"></trkpt>
      <trkpt lat="42.4156500" lon="12.7643000"></trkpt>
      <trkpt lat="42.4156100" lon="12.7642900"></trkpt>
      <trkpt lat="42.4154700" lon="12.7642500"></trkpt>
      <trkpt lat="42.4153700" lon="12.7642200"></trkpt>
      <trkpt lat="42.4153500" lon="12.7642100"></trkpt>
      <trkpt lat="42.4151200" lon="12.7641400"></trkpt>
      <trkpt lat="42.4149300" lon="12.7640600"></trkpt>
      <trkpt lat="42.4147800" lon="12.7640000"></trkpt>
      <trkpt lat="42.4146800" lon="12.7639300"></trkpt>
      <trkpt lat="42.4146500" lon="12.7639100"></trkpt>
      <trkpt lat="42.4146100" lon="12.7638700"></trkpt>
      <trkpt lat="42.4145700" lon="12.7638200"></trkpt>
      <trkpt lat="42.4145500" lon="12.7638000"></trkpt>
      <trkpt lat="42.4145100" lon="12.7637300"></trkpt>
      <trkpt lat="42.4144800" lon="12.7636800"></trkpt>
      <trkpt lat="42.4141100" lon="12.7628700"></trkpt>
      <trkpt lat="42.4138900" lon="12.7623800"></trkpt>
      <trkpt lat="42.4137800" lon="12.7621400"></trkpt>
      <trkpt lat="42.4136900" lon="12.7619800"></trkpt>
      <trkpt lat="42.4136000" lon="12.7618300"></trkpt>
      <trkpt lat="42.4135400" lon="12.7617400"></trkpt>
      <trkpt lat="42.4134800" lon="12.7616700"></trkpt>
      <trkpt lat="42.4134500" lon="12.7616400"></trkpt>
      <trkpt lat="42.4133700" lon="12.7615700"></trkpt>
      <trkpt lat="42.4133000" lon="12.7615100"></trkpt>
      <trkpt lat="42.4132600" lon="12.7614800"></trkpt>
      <trkpt lat="42.4132300" lon="12.7614500"></trkpt>
      <trkpt lat="42.4131300" lon="12.7613800"></trkpt>
      <trkpt lat="42.4129500" lon="12.7612400"></trkpt>
      <trkpt lat="42.4126100" lon="12.7610500"></trkpt>
      <trkpt lat="42.4124500" lon="12.7609700"></trkpt>
      <trkpt lat="42.4124000" lon="12.7609100"></trkpt>
      <trkpt lat="42.4123500" lon="12.7608500"></trkpt>
      <trkpt lat="42.4123100" lon="12.7607500"></trkpt>
      <trkpt lat="42.4122900" lon="12.7606700"></trkpt>
      <trkpt lat="42.4122600" lon="12.7606000"></trkpt>
      <trkpt lat="42.4122500" lon="12.7604600"></trkpt>
      <trkpt lat="42.4122500" lon="12.7603300"></trkpt>
      <trkpt lat="42.4122500" lon="12.7602500"></trkpt>
      <trkpt lat="42.4122600" lon="12.7600900"></trkpt>
      <trkpt lat="42.4122700" lon="12.7600700"></trkpt>
      <trkpt lat="42.4123200" lon="12.7598400"></trkpt>
      <trkpt lat="42.4123500" lon="12.7597200"></trkpt>
      <trkpt lat="42.4123600" lon="12.7596700"></trkpt>
      <trkpt lat="42.4125300" lon="12.7591500"></trkpt>
      <trkpt lat="42.4125600" lon="12.7590500"></trkpt>
      <trkpt lat="42.4126000" lon="12.7589300"></trkpt>
      <trkpt lat="42.4127600" lon="12.7584500"></trkpt>
      <trkpt lat="42.4127700" lon="12.7584100"></trkpt>
      <trkpt lat="42.4128300" lon="12.7582000"></trkpt>
      <trkpt lat="42.4128500" lon="12.7581000"></trkpt>
      <trkpt lat="42.4128600" lon="12.7580100"></trkpt>
      <trkpt lat="42.4128600" lon="12.7579600"></trkpt>
      <trkpt lat="42.4128700" lon="12.7578700"></trkpt>
      <trkpt lat="42.4128600" lon="12.7578100"></trkpt>
      <trkpt lat="42.4128600" lon="12.7577400"></trkpt>
      <trkpt lat="42.4128500" lon="12.7577000"></trkpt>
      <trkpt lat="42.4128400" lon="12.7575900"></trkpt>
      <trkpt lat="42.4128100" lon="12.7574800"></trkpt>
      <trkpt lat="42.4127600" lon="12.7573400"></trkpt>
      <trkpt lat="42.4126800" lon="12.7571900"></trkpt>
      <trkpt lat="42.4126200" lon="12.7571000"></trkpt>
      <trkpt lat="42.4125600" lon="12.7570200"></trkpt>
      <trkpt lat="42.4125000" lon="12.7569700"></trkpt>
      <trkpt lat="42.4124800" lon="12.7569500"></trkpt>
      <trkpt lat="42.4124000" lon="12.7568800"></trkpt>
      <trkpt lat="42.4123300" lon="12.7568200"></trkpt>
      <trkpt lat="42.4122600" lon="12.7567400"></trkpt>
      <trkpt lat="42.4122300" lon="12.7567100"></trkpt>
      <trkpt lat="42.4121700" lon="12.7566200"></trkpt>
      <trkpt lat="42.4121300" lon="12.7565500"></trkpt>
      <trkpt lat="42.4121100" lon="12.7565100"></trkpt>
      <trkpt lat="42.4120900" lon="12.7564800"></trkpt>
      <trkpt lat="42.4120800" lon="12.7564400"></trkpt>
      <trkpt lat="42.4120700" lon="12.7564000"></trkpt>
      <trkpt lat="42.4120500" lon="12.7563500"></trkpt>
      <trkpt lat="42.4120400" lon="12.7562900"></trkpt>
      <trkpt lat="42.4120400" lon="12.7562200"></trkpt>
      <trkpt lat="42.4120400" lon="12.7561500"></trkpt>
      <trkpt lat="42.4120500" lon="12.7560800"></trkpt>
      <trkpt lat="42.4120600" lon="12.7560400"></trkpt>
      <trkpt lat="42.4120600" lon="12.7560200"></trkpt>
      <trkpt lat="42.4120800" lon="12.7559500"></trkpt>
      <trkpt lat="42.4121000" lon="12.7559200"></trkpt>
      <trkpt lat="42.4121100" lon="12.7558900"></trkpt>
      <trkpt lat="42.4121500" lon="12.7558000"></trkpt>
      <trkpt lat="42.4122300" lon="12.7556600"></trkpt>
      <trkpt lat="42.4126100" lon="12.7553100"></trkpt>
      <trkpt lat="42.4126400" lon="12.7552800"></trkpt>
      <trkpt lat="42.4126700" lon="12.7552300"></trkpt>
      <trkpt lat="42.4126900" lon="12.7552000"></trkpt>
      <trkpt lat="42.4126900" lon="12.7551900"></trkpt>
      <trkpt lat="42.4127000" lon="12.7551700"></trkpt>
      <trkpt lat="42.4127000" lon="12.7551600"></trkpt>
      <trkpt lat="42.4127100" lon="12.7551400"></trkpt>
      <trkpt lat="42.4127100" lon="12.7551200"></trkpt>
      <trkpt lat="42.4127100" lon="12.7551000"></trkpt>
      <trkpt lat="42.4127100" lon="12.7550800"></trkpt>
      <trkpt lat="42.4127100" lon="12.7550600"></trkpt>
      <trkpt lat="42.4127000" lon="12.7550300"></trkpt>
      <trkpt lat="42.4127000" lon="12.7550000"></trkpt>
      <trkpt lat="42.4126800" lon="12.7549400"></trkpt>
      <trkpt lat="42.4126100" lon="12.7547700"></trkpt>
      <trkpt lat="42.4125700" lon="12.7545500"></trkpt>
      <trkpt lat="42.4125500" lon="12.7544800"></trkpt>
      <trkpt lat="42.4125100" lon="12.7543100"></trkpt>
      <trkpt lat="42.4124900" lon="12.7541200"></trkpt>
      <trkpt lat="42.4124800" lon="12.7540700"></trkpt>
      <trkpt lat="42.4124700" lon="12.7539700"></trkpt>
      <trkpt lat="42.4124700" lon="12.7539400"></trkpt>
      <trkpt lat="42.4124800" lon="12.7538300"></trkpt>
      <trkpt lat="42.4124800" lon="12.7538100"></trkpt>
      <trkpt lat="42.4124900" lon="12.7537400"></trkpt>
      <trkpt lat="42.4125200" lon="12.7536300"></trkpt>
      <trkpt lat="42.4125400" lon="12.7535700"></trkpt>
      <trkpt lat="42.4125400" lon="12.7535400"></trkpt>
      <trkpt lat="42.4125900" lon="12.7534000"></trkpt>
      <trkpt lat="42.4128200" lon="12.7528400"></trkpt>
      <trkpt lat="42.4128300" lon="12.7528100"></trkpt>
      <trkpt lat="42.4129000" lon="12.7526300"></trkpt>
      <trkpt lat="42.4132800" lon="12.7516800"></trkpt>
      <trkpt lat="42.4136300" lon="12.7510400"></trkpt>
      <trkpt lat="42.4136900" lon="12.7509300"></trkpt>
      <trkpt lat="42.4137300" lon="12.7508400"></trkpt>
      <trkpt lat="42.4138300" lon="12.7506400"></trkpt>
      <trkpt lat="42.4138400" lon="12.7506100"></trkpt>
      <trkpt lat="42.4138700" lon="12.7505100"></trkpt>
      <trkpt lat="42.4138900" lon="12.7504300"></trkpt>
      <trkpt lat="42.4138900" lon="12.7504100"></trkpt>
      <trkpt lat="42.4139000" lon="12.7503500"></trkpt>
      <trkpt lat="42.4139000" lon="12.7503200"></trkpt>
      <trkpt lat="42.4139100" lon="12.7502900"></trkpt>
      <trkpt lat="42.4139200" lon="12.7501800"></trkpt>
      <trkpt lat="42.4139200" lon="12.7499600"></trkpt>
      <trkpt lat="42.4139200" lon="12.7498800"></trkpt>
      <trkpt lat="42.4139400" lon="12.7496400"></trkpt>
      <trkpt lat="42.4139600" lon="12.7494500"></trkpt>
      <trkpt lat="42.4140000" lon="12.7491700"></trkpt>
      <trkpt lat="42.4140500" lon="12.7489300"></trkpt>
      <trkpt lat="42.4140600" lon="12.7488500"></trkpt>
      <trkpt lat="42.4140600" lon="12.7487800"></trkpt>
      <trkpt lat="42.4140600" lon="12.7487600"></trkpt>
      <trkpt lat="42.4140600" lon="12.7487200"></trkpt>
      <trkpt lat="42.4140500" lon="12.7486400"></trkpt>
      <trkpt lat="42.4140400" lon="12.7485900"></trkpt>
      <trkpt lat="42.4140200" lon="12.7485500"></trkpt>
      <trkpt lat="42.4140000" lon="12.7485100"></trkpt>
      <trkpt lat="42.4139000" lon="12.7483700"></trkpt>
      <trkpt lat="42.4138200" lon="12.7482700"></trkpt>
      <trkpt lat="42.4137400" lon="12.7481500"></trkpt>
      <trkpt lat="42.4136600" lon="12.7480300"></trkpt>
      <trkpt lat="42.4136200" lon="12.7479300"></trkpt>
      <trkpt lat="42.4135800" lon="12.7478400"></trkpt>
      <trkpt lat="42.4135200" lon="12.7477200"></trkpt>
      <trkpt lat="42.4135000" lon="12.7476900"></trkpt>
      <trkpt lat="42.4134600" lon="12.7476400"></trkpt>
      <trkpt lat="42.4134400" lon="12.7476200"></trkpt>
      <trkpt lat="42.4134200" lon="12.7476100"></trkpt>
      <trkpt lat="42.4134000" lon="12.7476100"></trkpt>
      <trkpt lat="42.4133900" lon="12.7476000"></trkpt>
      <trkpt lat="42.4133700" lon="12.7476000"></trkpt>
      <trkpt lat="42.4133600" lon="12.7476100"></trkpt>
      <trkpt lat="42.4133300" lon="12.7476200"></trkpt>
      <trkpt lat="42.4133000" lon="12.7476300"></trkpt>
      <trkpt lat="42.4132800" lon="12.7476500"></trkpt>
      <trkpt lat="42.4132700" lon="12.7476700"></trkpt>
      <trkpt lat="42.4132400" lon="12.7477000"></trkpt>
      <trkpt lat="42.4132100" lon="12.7477400"></trkpt>
      <trkpt lat="42.4131600" lon="12.7478400"></trkpt>
      <trkpt lat="42.4130400" lon="12.7480400"></trkpt>
      <trkpt lat="42.4129900" lon="12.7481200"></trkpt>
      <trkpt lat="42.4129400" lon="12.7481700"></trkpt>
      <trkpt lat="42.4128600" lon="12.7482300"></trkpt>
      <trkpt lat="42.4128000" lon="12.7482500"></trkpt>
      <trkpt lat="42.4127400" lon="12.7482600"></trkpt>
      <trkpt lat="42.4126600" lon="12.7482700"></trkpt>
      <trkpt lat="42.4126100" lon="12.7482600"></trkpt>
      <trkpt lat="42.4125500" lon="12.7482400"></trkpt>
      <trkpt lat="42.4124100" lon="12.7481700"></trkpt>
      <trkpt lat="42.4122600" lon="12.7480800"></trkpt>
      <trkpt lat="42.4121200" lon="12.7479900"></trkpt>
      <trkpt lat="42.4120000" lon="12.7479200"></trkpt>
      <trkpt lat="42.4118200" lon="12.7478400"></trkpt>
      <trkpt lat="42.4117300" lon="12.7478100"></trkpt>
      <trkpt lat="42.4116900" lon="12.7477900"></trkpt>
      <trkpt lat="42.4115600" lon="12.7477500"></trkpt>
      <trkpt lat="42.4115200" lon="12.7477400"></trkpt>
      <trkpt lat="42.4112900" lon="12.7476700"></trkpt>
      <trkpt lat="42.4112600" lon="12.7476600"></trkpt>
      <trkpt lat="42.4111700" lon="12.7476300"></trkpt>
      <trkpt lat="42.4111100" lon="12.7476000"></trkpt>
      <trkpt lat="42.4110500" lon="12.7475600"></trkpt>
      <trkpt lat="42.4110100" lon="12.7475300"></trkpt>
      <trkpt lat="42.4109700" lon="12.7474900"></trkpt>
      <trkpt lat="42.4109300" lon="12.7474400"></trkpt>
      <trkpt lat="42.4108900" lon="12.7473800"></trkpt>
      <trkpt lat="42.4108800" lon="12.7473700"></trkpt>
      <trkpt lat="42.4108700" lon="12.7473500"></trkpt>
      <trkpt lat="42.4108400" lon="12.7472800"></trkpt>
      <trkpt lat="42.4108100" lon="12.7472200"></trkpt>
      <trkpt lat="42.4107900" lon="12.7471700"></trkpt>
      <trkpt lat="42.4107800" lon="12.7471100"></trkpt>
      <trkpt lat="42.4107600" lon="12.7470400"></trkpt>
      <trkpt lat="42.4107300" lon="12.7468300"></trkpt>
      <trkpt lat="42.4106900" lon="12.7465600"></trkpt>
      <trkpt lat="42.4106600" lon="12.7463100"></trkpt>
      <trkpt lat="42.4106400" lon="12.7462000"></trkpt>
      <trkpt lat="42.4106400" lon="12.7461900"></trkpt>
      <trkpt lat="42.4106400" lon="12.7461800"></trkpt>
      <trkpt lat="42.4106100" lon="12.7460500"></trkpt>
      <trkpt lat="42.4105900" lon="12.7460100"></trkpt>
      <trkpt lat="42.4105800" lon="12.7459900"></trkpt>
      <trkpt lat="42.4105900" lon="12.7460000"></trkpt>
      <trkpt lat="42.4105700" lon="12.7459800"></trkpt>
      <trkpt lat="42.4105400" lon="12.7459600"></trkpt>
      <trkpt lat="42.4105300" lon="12.7459600"></trkpt>
      <trkpt lat="42.4105000" lon="12.7459600"></trkpt>
      <trkpt lat="42.4104700" lon="12.7459600"></trkpt>
      <trkpt lat="42.4104400" lon="12.7459600"></trkpt>
      <trkpt lat="42.4104100" lon="12.7459700"></trkpt>
      <trkpt lat="42.4103600" lon="12.7459900"></trkpt>
      <trkpt lat="42.4103100" lon="12.7460200"></trkpt>
      <trkpt lat="42.4103000" lon="12.7460300"></trkpt>
      <trkpt lat="42.4102900" lon="12.7460300"></trkpt>
      <trkpt lat="42.4102400" lon="12.7460600"></trkpt>
      <trkpt lat="42.4101500" lon="12.7461500"></trkpt>
      <trkpt lat="42.4101400" lon="12.7461600"></trkpt>
      <trkpt lat="42.4100700" lon="12.7462200"></trkpt>
      <trkpt lat="42.4100000" lon="12.7462900"></trkpt>
      <trkpt lat="42.4099900" lon="12.7463000"></trkpt>
      <trkpt lat="42.4099600" lon="12.7463300"></trkpt>
      <trkpt lat="42.4098600" lon="12.7464200"></trkpt>
      <trkpt lat="42.4098100" lon="12.7464400"></trkpt>
      <trkpt lat="42.4097700" lon="12.7464600"></trkpt>
      <trkpt lat="42.4097200" lon="12.7464700"></trkpt>
      <trkpt lat="42.4096900" lon="12.7464600"></trkpt>
      <trkpt lat="42.4096700" lon="12.7464600"></trkpt>
      <trkpt lat="42.4096400" lon="12.7464600"></trkpt>
      <trkpt lat="42.4095900" lon="12.7464400"></trkpt>
      <trkpt lat="42.4094800" lon="12.7463800"></trkpt>
      <trkpt lat="42.4094700" lon="12.7463700"></trkpt>
      <trkpt lat="42.4094500" lon="12.7463700"></trkpt>
      <trkpt lat="42.4093900" lon="12.7463300"></trkpt>
      <trkpt lat="42.4093500" lon="12.7463200"></trkpt>
      <trkpt lat="42.4093200" lon="12.7463100"></trkpt>
      <trkpt lat="42.4093000" lon="12.7463100"></trkpt>
      <trkpt lat="42.4092500" lon="12.7463200"></trkpt>
      <trkpt lat="42.4091900" lon="12.7463500"></trkpt>
      <trkpt lat="42.4091400" lon="12.7463700"></trkpt>
      <trkpt lat="42.4090900" lon="12.7464000"></trkpt>
      <trkpt lat="42.4089900" lon="12.7464600"></trkpt>
      <trkpt lat="42.4089800" lon="12.7464600"></trkpt>
      <trkpt lat="42.4088200" lon="12.7465500"></trkpt>
      <trkpt lat="42.4087100" lon="12.7466100"></trkpt>
      <trkpt lat="42.4086400" lon="12.7466400"></trkpt>
      <trkpt lat="42.4085600" lon="12.7466600"></trkpt>
      <trkpt lat="42.4084700" lon="12.7466800"></trkpt>
      <trkpt lat="42.4083900" lon="12.7466900"></trkpt>
      <trkpt lat="42.4083500" lon="12.7466900"></trkpt>
      <trkpt lat="42.4083100" lon="12.7466800"></trkpt>
      <trkpt lat="42.4082900" lon="12.7466800"></trkpt>
      <trkpt lat="42.4082600" lon="12.7466700"></trkpt>
      <trkpt lat="42.4082400" lon="12.7466700"></trkpt>
      <trkpt lat="42.4081600" lon="12.7466500"></trkpt>
      <trkpt lat="42.4080800" lon="12.7466100"></trkpt>
      <trkpt lat="42.4080600" lon="12.7466000"></trkpt>
      <trkpt lat="42.4080000" lon="12.7465600"></trkpt>
      <trkpt lat="42.4079400" lon="12.7465100"></trkpt>
      <trkpt lat="42.4078900" lon="12.7464500"></trkpt>
      <trkpt lat="42.4077800" lon="12.7463000"></trkpt>
      <trkpt lat="42.4077800" lon="12.7462900"></trkpt>
      <trkpt lat="42.4077200" lon="12.7462000"></trkpt>
      <trkpt lat="42.4076800" lon="12.7461100"></trkpt>
      <trkpt lat="42.4076700" lon="12.7460900"></trkpt>
      <trkpt lat="42.4076500" lon="12.7460200"></trkpt>
      <trkpt lat="42.4076300" lon="12.7459300"></trkpt>
      <trkpt lat="42.4076100" lon="12.7458500"></trkpt>
      <trkpt lat="42.4076000" lon="12.7458300"></trkpt>
      <trkpt lat="42.4075700" lon="12.7453100"></trkpt>
      <trkpt lat="42.4075800" lon="12.7451200"></trkpt>
      <trkpt lat="42.4075800" lon="12.7450600"></trkpt>
      <trkpt lat="42.4075800" lon="12.7449800"></trkpt>
      <trkpt lat="42.4075800" lon="12.7447800"></trkpt>
      <trkpt lat="42.4076000" lon="12.7439100"></trkpt>
      <trkpt lat="42.4076100" lon="12.7436600"></trkpt>
      <trkpt lat="42.4076200" lon="12.7432000"></trkpt>
      <trkpt lat="42.4076000" lon="12.7426900"></trkpt>
      <trkpt lat="42.4076000" lon="12.7425400"></trkpt>
      <trkpt lat="42.4076000" lon="12.7424400"></trkpt>
      <trkpt lat="42.4076000" lon="12.7423800"></trkpt>
      <trkpt lat="42.4075900" lon="12.7423000"></trkpt>
      <trkpt lat="42.4075900" lon="12.7421400"></trkpt>
      <trkpt lat="42.4075800" lon="12.7417700"></trkpt>
      <trkpt lat="42.4075800" lon="12.7417000"></trkpt>
      <trkpt lat="42.4075800" lon="12.7416500"></trkpt>
      <trkpt lat="42.4075900" lon="12.7412100"></trkpt>
      <trkpt lat="42.4075900" lon="12.7409600"></trkpt>
      <trkpt lat="42.4075900" lon="12.7408900"></trkpt>
      <trkpt lat="42.4075900" lon="12.7406000"></trkpt>
      <trkpt lat="42.4076300" lon="12.7399800"></trkpt>
      <trkpt lat="42.4076400" lon="12.7398400"></trkpt>
      <trkpt lat="42.4076200" lon="12.7395000"></trkpt>
      <trkpt lat="42.4075900" lon="12.7391500"></trkpt>
      <trkpt lat="42.4075700" lon="12.7388300"></trkpt>
      <trkpt lat="42.4075800" lon="12.7387300"></trkpt>
      <trkpt lat="42.4075800" lon="12.7386300"></trkpt>
      <trkpt lat="42.4076100" lon="12.7385100"></trkpt>
      <trkpt lat="42.4076200" lon="12.7384800"></trkpt>
      <trkpt lat="42.4076600" lon="12.7383600"></trkpt>
      <trkpt lat="42.4076900" lon="12.7382800"></trkpt>
      <trkpt lat="42.4077300" lon="12.7381600"></trkpt>
      <trkpt lat="42.4077400" lon="12.7381500"></trkpt>
      <trkpt lat="42.4079100" lon="12.7377100"></trkpt>
      <trkpt lat="42.4079300" lon="12.7376300"></trkpt>
      <trkpt lat="42.4080000" lon="12.7373800"></trkpt>
      <trkpt lat="42.4080100" lon="12.7373200"></trkpt>
      <trkpt lat="42.4080300" lon="12.7371700"></trkpt>
      <trkpt lat="42.4080300" lon="12.7371500"></trkpt>
      <trkpt lat="42.4080500" lon="12.7370500"></trkpt>
      <trkpt lat="42.4080600" lon="12.7369300"></trkpt>
      <trkpt lat="42.4080900" lon="12.7366900"></trkpt>
      <trkpt lat="42.4081200" lon="12.7364300"></trkpt>
      <trkpt lat="42.4081300" lon="12.7363200"></trkpt>
      <trkpt lat="42.4081500" lon="12.7361900"></trkpt>
      <trkpt lat="42.4081800" lon="12.7359400"></trkpt>
      <trkpt lat="42.4082100" lon="12.7357900"></trkpt>
      <trkpt lat="42.4082400" lon="12.7356800"></trkpt>
      <trkpt lat="42.4082700" lon="12.7355800"></trkpt>
      <trkpt lat="42.4083300" lon="12.7354600"></trkpt>
      <trkpt lat="42.4084100" lon="12.7352700"></trkpt>
      <trkpt lat="42.4085000" lon="12.7350900"></trkpt>
      <trkpt lat="42.4085100" lon="12.7350500"></trkpt>
      <trkpt lat="42.4085300" lon="12.7349600"></trkpt>
      <trkpt lat="42.4085400" lon="12.7349100"></trkpt>
      <trkpt lat="42.4085400" lon="12.7348800"></trkpt>
      <trkpt lat="42.4085400" lon="12.7348600"></trkpt>
      <trkpt lat="42.4085400" lon="12.7348500"></trkpt>
      <trkpt lat="42.4085300" lon="12.7348200"></trkpt>
      <trkpt lat="42.4085100" lon="12.7347700"></trkpt>
      <trkpt lat="42.4084800" lon="12.7347300"></trkpt>
      <trkpt lat="42.4084600" lon="12.7346900"></trkpt>
      <trkpt lat="42.4084300" lon="12.7346700"></trkpt>
      <trkpt lat="42.4083100" lon="12.7346300"></trkpt>
      <trkpt lat="42.4082900" lon="12.7346200"></trkpt>
      <trkpt lat="42.4081600" lon="12.7346000"></trkpt>
      <trkpt lat="42.4081400" lon="12.7345900"></trkpt>
      <trkpt lat="42.4081300" lon="12.7345900"></trkpt>
      <trkpt lat="42.4080300" lon="12.7345700"></trkpt>
      <trkpt lat="42.4079600" lon="12.7345500"></trkpt>
      <trkpt lat="42.4079400" lon="12.7345500"></trkpt>
      <trkpt lat="42.4078000" lon="12.7345000"></trkpt>
      <trkpt lat="42.4077700" lon="12.7344900"></trkpt>
      <trkpt lat="42.4077400" lon="12.7344700"></trkpt>
      <trkpt lat="42.4077100" lon="12.7344500"></trkpt>
      <trkpt lat="42.4076700" lon="12.7344200"></trkpt>
      <trkpt lat="42.4076300" lon="12.7343900"></trkpt>
      <trkpt lat="42.4076100" lon="12.7343600"></trkpt>
      <trkpt lat="42.4076000" lon="12.7343500"></trkpt>
      <trkpt lat="42.4076000" lon="12.7343400"></trkpt>
      <trkpt lat="42.4075800" lon="12.7343000"></trkpt>
      <trkpt lat="42.4075600" lon="12.7342500"></trkpt>
      <trkpt lat="42.4075300" lon="12.7341700"></trkpt>
      <trkpt lat="42.4075300" lon="12.7340900"></trkpt>
      <trkpt lat="42.4075300" lon="12.7340100"></trkpt>
      <trkpt lat="42.4075200" lon="12.7338600"></trkpt>
      <trkpt lat="42.4075200" lon="12.7338500"></trkpt>
      <trkpt lat="42.4075200" lon="12.7336800"></trkpt>
      <trkpt lat="42.4074800" lon="12.7334100"></trkpt>
      <trkpt lat="42.4074600" lon="12.7332200"></trkpt>
      <trkpt lat="42.4074600" lon="12.7331100"></trkpt>
      <trkpt lat="42.4074700" lon="12.7329700"></trkpt>
      <trkpt lat="42.4074800" lon="12.7327600"></trkpt>
      <trkpt lat="42.4074800" lon="12.7326200"></trkpt>
      <trkpt lat="42.4074800" lon="12.7325600"></trkpt>
      <trkpt lat="42.4074600" lon="12.7324700"></trkpt>
      <trkpt lat="42.4074500" lon="12.7324300"></trkpt>
      <trkpt lat="42.4074100" lon="12.7323200"></trkpt>
      <trkpt lat="42.4072700" lon="12.7320400"></trkpt>
      <trkpt lat="42.4071800" lon="12.7318800"></trkpt>
      <trkpt lat="42.4071500" lon="12.7318100"></trkpt>
      <trkpt lat="42.4071300" lon="12.7317400"></trkpt>
      <trkpt lat="42.4071200" lon="12.7316800"></trkpt>
      <trkpt lat="42.4071000" lon="12.7316000"></trkpt>
      <trkpt lat="42.4071100" lon="12.7315100"></trkpt>
      <trkpt lat="42.4071300" lon="12.7314100"></trkpt>
      <trkpt lat="42.4071700" lon="12.7312800"></trkpt>
      <trkpt lat="42.4072000" lon="12.7311800"></trkpt>
      <trkpt lat="42.4072900" lon="12.7308900"></trkpt>
      <trkpt lat="42.4073700" lon="12.7306300"></trkpt>
      <trkpt lat="42.4073700" lon="12.7306000"></trkpt>
      <trkpt lat="42.4074100" lon="12.7304000"></trkpt>
      <trkpt lat="42.4074300" lon="12.7301700"></trkpt>
      <trkpt lat="42.4074200" lon="12.7299200"></trkpt>
      <trkpt lat="42.4074200" lon="12.7299100"></trkpt>
      <trkpt lat="42.4074000" lon="12.7297700"></trkpt>
      <trkpt lat="42.4073900" lon="12.7297200"></trkpt>
      <trkpt lat="42.4072900" lon="12.7294500"></trkpt>
      <trkpt lat="42.4072200" lon="12.7292400"></trkpt>
      <trkpt lat="42.4071900" lon="12.7291800"></trkpt>
      <trkpt lat="42.4071700" lon="12.7290000"></trkpt>
      <trkpt lat="42.4071600" lon="12.7287700"></trkpt>
      <trkpt lat="42.4071800" lon="12.7282400"></trkpt>
      <trkpt lat="42.4071800" lon="12.7280900"></trkpt>
      <trkpt lat="42.4071800" lon="12.7280100"></trkpt>
      <trkpt lat="42.4071800" lon="12.7279500"></trkpt>
      <trkpt lat="42.4071900" lon="12.7277500"></trkpt>
      <trkpt lat="42.4072100" lon="12.7270200"></trkpt>
      <trkpt lat="42.4072100" lon="12.7269100"></trkpt>
      <trkpt lat="42.4072200" lon="12.7267700"></trkpt>
      <trkpt lat="42.4072200" lon="12.7266900"></trkpt>
      <trkpt lat="42.4072400" lon="12.7265200"></trkpt>
      <trkpt lat="42.4072600" lon="12.7263800"></trkpt>
      <trkpt lat="42.4072700" lon="12.7263300"></trkpt>
      <trkpt lat="42.4072800" lon="12.7262900"></trkpt>
      <trkpt lat="42.4072800" lon="12.7262700"></trkpt>
      <trkpt lat="42.4073000" lon="12.7261800"></trkpt>
      <trkpt lat="42.4073500" lon="12.7260700"></trkpt>
      <trkpt lat="42.4074200" lon="12.7259400"></trkpt>
      <trkpt lat="42.4074500" lon="12.7258800"></trkpt>
      <trkpt lat="42.4075000" lon="12.7258200"></trkpt>
      <trkpt lat="42.4076300" lon="12.7256600"></trkpt>
      <trkpt lat="42.4077500" lon="12.7255300"></trkpt>
      <trkpt lat="42.4078100" lon="12.7254600"></trkpt>
      <trkpt lat="42.4078400" lon="12.7254300"></trkpt>
      <trkpt lat="42.4078600" lon="12.7253900"></trkpt>
      <trkpt lat="42.4078800" lon="12.7253700"></trkpt>
      <trkpt lat="42.4078900" lon="12.7253600"></trkpt>
      <trkpt lat="42.4080200" lon="12.7252000"></trkpt>
      <trkpt lat="42.4080300" lon="12.7252000"></trkpt>
      <trkpt lat="42.4081500" lon="12.7250300"></trkpt>
      <trkpt lat="42.4083700" lon="12.7246500"></trkpt>
      <trkpt lat="42.4084600" lon="12.7245000"></trkpt>
      <trkpt lat="42.4085700" lon="12.7243100"></trkpt>
      <trkpt lat="42.4085900" lon="12.7242900"></trkpt>
      <trkpt lat="42.4086000" lon="12.7242600"></trkpt>
      <trkpt lat="42.4087000" lon="12.7241000"></trkpt>
      <trkpt lat="42.4087400" lon="12.7240400"></trkpt>
      <trkpt lat="42.4087900" lon="12.7239700"></trkpt>
      <trkpt lat="42.4088200" lon="12.7239100"></trkpt>
      <trkpt lat="42.4089200" lon="12.7237500"></trkpt>
      <trkpt lat="42.4089300" lon="12.7237200"></trkpt>
      <trkpt lat="42.4090500" lon="12.7235400"></trkpt>
      <trkpt lat="42.4090700" lon="12.7235100"></trkpt>
      <trkpt lat="42.4091800" lon="12.7233200"></trkpt>
      <trkpt lat="42.4095300" lon="12.7227400"></trkpt>
      <trkpt lat="42.4095800" lon="12.7226300"></trkpt>
      <trkpt lat="42.4096300" lon="12.7225500"></trkpt>
      <trkpt lat="42.4097900" lon="12.7222400"></trkpt>
      <trkpt lat="42.4098300" lon="12.7221900"></trkpt>
      <trkpt lat="42.4101200" lon="12.7218500"></trkpt>
      <trkpt lat="42.4101600" lon="12.7218000"></trkpt>
      <trkpt lat="42.4101800" lon="12.7217700"></trkpt>
      <trkpt lat="42.4102400" lon="12.7217100"></trkpt>
      <trkpt lat="42.4102900" lon="12.7216400"></trkpt>
      <trkpt lat="42.4103100" lon="12.7216100"></trkpt>
      <trkpt lat="42.4103300" lon="12.7215800"></trkpt>
      <trkpt lat="42.4103500" lon="12.7215300"></trkpt>
      <trkpt lat="42.4103700" lon="12.7214800"></trkpt>
      <trkpt lat="42.4103800" lon="12.7214400"></trkpt>
      <trkpt lat="42.4103800" lon="12.7214300"></trkpt>
      <trkpt lat="42.4103900" lon="12.7214000"></trkpt>
      <trkpt lat="42.4104100" lon="12.7213200"></trkpt>
      <trkpt lat="42.4104100" lon="12.7213000"></trkpt>
      <trkpt lat="42.4104300" lon="12.7212100"></trkpt>
      <trkpt lat="42.4104400" lon="12.7211700"></trkpt>
      <trkpt lat="42.4104500" lon="12.7210900"></trkpt>
      <trkpt lat="42.4104700" lon="12.7209800"></trkpt>
      <trkpt lat="42.4104800" lon="12.7209400"></trkpt>
      <trkpt lat="42.4105200" lon="12.7207700"></trkpt>
      <trkpt lat="42.4105200" lon="12.7207400"></trkpt>
      <trkpt lat="42.4105300" lon="12.7207000"></trkpt>
      <trkpt lat="42.4105800" lon="12.7205000"></trkpt>
      <trkpt lat="42.4105900" lon="12.7204700"></trkpt>
      <trkpt lat="42.4106200" lon="12.7203600"></trkpt>
      <trkpt lat="42.4106500" lon="12.7202800"></trkpt>
      <trkpt lat="42.4106600" lon="12.7202600"></trkpt>
      <trkpt lat="42.4106600" lon="12.7202400"></trkpt>
      <trkpt lat="42.4107000" lon="12.7201600"></trkpt>
      <trkpt lat="42.4107600" lon="12.7200500"></trkpt>
      <trkpt lat="42.4107700" lon="12.7200300"></trkpt>
      <trkpt lat="42.4108100" lon="12.7199700"></trkpt>
      <trkpt lat="42.4108700" lon="12.7198900"></trkpt>
      <trkpt lat="42.4108700" lon="12.7198800"></trkpt>
      <trkpt lat="42.4109400" lon="12.7197900"></trkpt>
      <trkpt lat="42.4110100" lon="12.7197200"></trkpt>
      <trkpt lat="42.4113400" lon="12.7192900"></trkpt>
      <trkpt lat="42.4115300" lon="12.7190500"></trkpt>
      <trkpt lat="42.4115500" lon="12.7190200"></trkpt>
      <trkpt lat="42.4116000" lon="12.7189600"></trkpt>
      <trkpt lat="42.4116600" lon="12.7188800"></trkpt>
      <trkpt lat="42.4116800" lon="12.7188500"></trkpt>
      <trkpt lat="42.4117900" lon="12.7187100"></trkpt>
      <trkpt lat="42.4118600" lon="12.7186200"></trkpt>
      <trkpt lat="42.4119000" lon="12.7185700"></trkpt>
      <trkpt lat="42.4119900" lon="12.7184600"></trkpt>
      <trkpt lat="42.4120500" lon="12.7183800"></trkpt>
      <trkpt lat="42.4120800" lon="12.7183400"></trkpt>
      <trkpt lat="42.4122100" lon="12.7181600"></trkpt>
      <trkpt lat="42.4123700" lon="12.7179400"></trkpt>
      <trkpt lat="42.4123800" lon="12.7179400"></trkpt>
      <trkpt lat="42.4124400" lon="12.7178700"></trkpt>
      <trkpt lat="42.4124600" lon="12.7178400"></trkpt>
      <trkpt lat="42.4125200" lon="12.7177800"></trkpt>
      <trkpt lat="42.4125600" lon="12.7177300"></trkpt>
      <trkpt lat="42.4125800" lon="12.7177200"></trkpt>
      <trkpt lat="42.4127200" lon="12.7175600"></trkpt>
      <trkpt lat="42.4127400" lon="12.7175400"></trkpt>
      <trkpt lat="42.4127700" lon="12.7175100"></trkpt>
      <trkpt lat="42.4128000" lon="12.7174800"></trkpt>
      <trkpt lat="42.4128700" lon="12.7174200"></trkpt>
      <trkpt lat="42.4129500" lon="12.7173400"></trkpt>
      <trkpt lat="42.4130200" lon="12.7172800"></trkpt>
      <trkpt lat="42.4130300" lon="12.7172600"></trkpt>
      <trkpt lat="42.4133800" lon="12.7169000"></trkpt>
      <trkpt lat="42.4134400" lon="12.7168400"></trkpt>
      <trkpt lat="42.4134700" lon="12.7168100"></trkpt>
      <trkpt lat="42.4135900" lon="12.7166900"></trkpt>
      <trkpt lat="42.4137500" lon="12.7165200"></trkpt>
      <trkpt lat="42.4138700" lon="12.7163900"></trkpt>
      <trkpt lat="42.4139000" lon="12.7163700"></trkpt>
      <trkpt lat="42.4139500" lon="12.7163100"></trkpt>
      <trkpt lat="42.4140400" lon="12.7162200"></trkpt>
      <trkpt lat="42.4142400" lon="12.7160100"></trkpt>
      <trkpt lat="42.4143000" lon="12.7159500"></trkpt>
      <trkpt lat="42.4143800" lon="12.7158600"></trkpt>
      <trkpt lat="42.4144700" lon="12.7157800"></trkpt>
      <trkpt lat="42.4145900" lon="12.7156500"></trkpt>
      <trkpt lat="42.4146700" lon="12.7155700"></trkpt>
      <trkpt lat="42.4147500" lon="12.7154700"></trkpt>
      <trkpt lat="42.4148800" lon="12.7153100"></trkpt>
      <trkpt lat="42.4149900" lon="12.7151700"></trkpt>
      <trkpt lat="42.4150600" lon="12.7150900"></trkpt>
      <trkpt lat="42.4152400" lon="12.7148400"></trkpt>
      <trkpt lat="42.4153100" lon="12.7147300"></trkpt>
      <trkpt lat="42.4153600" lon="12.7146500"></trkpt>
      <trkpt lat="42.4154200" lon="12.7145400"></trkpt>
      <trkpt lat="42.4154900" lon="12.7144200"></trkpt>
      <trkpt lat="42.4155900" lon="12.7142300"></trkpt>
      <trkpt lat="42.4156200" lon="12.7141400"></trkpt>
      <trkpt lat="42.4156500" lon="12.7140700"></trkpt>
      <trkpt lat="42.4157100" lon="12.7139300"></trkpt>
      <trkpt lat="42.4157200" lon="12.7138800"></trkpt>
      <trkpt lat="42.4157800" lon="12.7137100"></trkpt>
      <trkpt lat="42.4158200" lon="12.7136000"></trkpt>
      <trkpt lat="42.4158500" lon="12.7133900"></trkpt>
      <trkpt lat="42.4158500" lon="12.7133500"></trkpt>
      <trkpt lat="42.4158800" lon="12.7131500"></trkpt>
      <trkpt lat="42.4158900" lon="12.7131100"></trkpt>
      <trkpt lat="42.4158900" lon="12.7130500"></trkpt>
      <trkpt lat="42.4159100" lon="12.7130100"></trkpt>
      <trkpt lat="42.4159200" lon="12.7129700"></trkpt>
      <trkpt lat="42.4159400" lon="12.7129100"></trkpt>
      <trkpt lat="42.4159500" lon="12.7128700"></trkpt>
      <trkpt lat="42.4159800" lon="12.7127800"></trkpt>
      <trkpt lat="42.4160100" lon="12.7127000"></trkpt>
      <trkpt lat="42.4160200" lon="12.7126900"></trkpt>
      <trkpt lat="42.4161500" lon="12.7124100"></trkpt>
      <trkpt lat="42.4162400" lon="12.7121900"></trkpt>
      <trkpt lat="42.4162500" lon="12.7121500"></trkpt>
      <trkpt lat="42.4162900" lon="12.7120600"></trkpt>
      <trkpt lat="42.4163300" lon="12.7119300"></trkpt>
      <trkpt lat="42.4163600" lon="12.7118400"></trkpt>
      <trkpt lat="42.4163600" lon="12.7118300"></trkpt>
      <trkpt lat="42.4163700" lon="12.7118000"></trkpt>
      <trkpt lat="42.4164100" lon="12.7117100"></trkpt>
      <trkpt lat="42.4164300" lon="12.7116700"></trkpt>
      <trkpt lat="42.4164500" lon="12.7116200"></trkpt>
      <trkpt lat="42.4165100" lon="12.7115100"></trkpt>
      <trkpt lat="42.4165600" lon="12.7114200"></trkpt>
      <trkpt lat="42.4165700" lon="12.7114100"></trkpt>
      <trkpt lat="42.4166300" lon="12.7113200"></trkpt>
      <trkpt lat="42.4167000" lon="12.7112100"></trkpt>
      <trkpt lat="42.4167000" lon="12.7112000"></trkpt>
      <trkpt lat="42.4167500" lon="12.7111400"></trkpt>
      <trkpt lat="42.4168000" lon="12.7110600"></trkpt>
      <trkpt lat="42.4168200" lon="12.7110300"></trkpt>
      <trkpt lat="42.4168300" lon="12.7110200"></trkpt>
      <trkpt lat="42.4168900" lon="12.7109700"></trkpt>
      <trkpt lat="42.4169200" lon="12.7109400"></trkpt>
      <trkpt lat="42.4169600" lon="12.7109100"></trkpt>
      <trkpt lat="42.4170200" lon="12.7108700"></trkpt>
      <trkpt lat="42.4170600" lon="12.7108500"></trkpt>
      <trkpt lat="42.4171300" lon="12.7108200"></trkpt>
      <trkpt lat="42.4171500" lon="12.7108100"></trkpt>
      <trkpt lat="42.4172300" lon="12.7107700"></trkpt>
      <trkpt lat="42.4173000" lon="12.7107400"></trkpt>
      <trkpt lat="42.4173500" lon="12.7107200"></trkpt>
      <trkpt lat="42.4174000" lon="12.7106900"></trkpt>
      <trkpt lat="42.4174600" lon="12.7106500"></trkpt>
      <trkpt lat="42.4174900" lon="12.7106300"></trkpt>
      <trkpt lat="42.4175200" lon="12.7106200"></trkpt>
      <trkpt lat="42.4175600" lon="12.7105900"></trkpt>
      <trkpt lat="42.4176200" lon="12.7105400"></trkpt>
      <trkpt lat="42.4177100" lon="12.7104700"></trkpt>
      <trkpt lat="42.4177400" lon="12.7104500"></trkpt>
      <trkpt lat="42.4177800" lon="12.7104200"></trkpt>
      <trkpt lat="42.4178900" lon="12.7103300"></trkpt>
      <trkpt lat="42.4179200" lon="12.7102900"></trkpt>
      <trkpt lat="42.4179700" lon="12.7102300"></trkpt>
      <trkpt lat="42.4180100" lon="12.7101800"></trkpt>
      <trkpt lat="42.4180100" lon="12.7101400"></trkpt>
      <trkpt lat="42.4180200" lon="12.7101300"></trkpt>
      <trkpt lat="42.4180200" lon="12.7101100"></trkpt>
      <trkpt lat="42.4180200" lon="12.7100400"></trkpt>
      <trkpt lat="42.4180100" lon="12.7100000"></trkpt>
      <trkpt lat="42.4180100" lon="12.7099600"></trkpt>
      <trkpt lat="42.4179900" lon="12.7099100"></trkpt>
      <trkpt lat="42.4179800" lon="12.7098700"></trkpt>
      <trkpt lat="42.4179500" lon="12.7097800"></trkpt>
      <trkpt lat="42.4179400" lon="12.7097500"></trkpt>
      <trkpt lat="42.4179200" lon="12.7096900"></trkpt>
      <trkpt lat="42.4178500" lon="12.7095100"></trkpt>
      <trkpt lat="42.4178000" lon="12.7093500"></trkpt>
      <trkpt lat="42.4177300" lon="12.7091200"></trkpt>
      <trkpt lat="42.4177200" lon="12.7091200"></trkpt>
      <trkpt lat="42.4176900" lon="12.7090300"></trkpt>
      <trkpt lat="42.4176600" lon="12.7089400"></trkpt>
      <trkpt lat="42.4176500" lon="12.7089100"></trkpt>
      <trkpt lat="42.4176300" lon="12.7088500"></trkpt>
      <trkpt lat="42.4176100" lon="12.7088100"></trkpt>
      <trkpt lat="42.4175900" lon="12.7087600"></trkpt>
      <trkpt lat="42.4175200" lon="12.7086300"></trkpt>
      <trkpt lat="42.4174400" lon="12.7085400"></trkpt>
      <trkpt lat="42.4173800" lon="12.7084700"></trkpt>
      <trkpt lat="42.4173700" lon="12.7084600"></trkpt>
      <trkpt lat="42.4173000" lon="12.7084200"></trkpt>
      <trkpt lat="42.4172400" lon="12.7083800"></trkpt>
      <trkpt lat="42.4172200" lon="12.7083700"></trkpt>
      <trkpt lat="42.4171400" lon="12.7083200"></trkpt>
      <trkpt lat="42.4171200" lon="12.7083100"></trkpt>
      <trkpt lat="42.4170100" lon="12.7082500"></trkpt>
      <trkpt lat="42.4168600" lon="12.7081800"></trkpt>
      <trkpt lat="42.4168100" lon="12.7081400"></trkpt>
      <trkpt lat="42.4167500" lon="12.7081000"></trkpt>
      <trkpt lat="42.4167300" lon="12.7080900"></trkpt>
      <trkpt lat="42.4166500" lon="12.7080500"></trkpt>
      <trkpt lat="42.4165700" lon="12.7080000"></trkpt>
      <trkpt lat="42.4165200" lon="12.7079600"></trkpt>
      <trkpt lat="42.4164600" lon="12.7079000"></trkpt>
      <trkpt lat="42.4164200" lon="12.7078500"></trkpt>
      <trkpt lat="42.4163900" lon="12.7078000"></trkpt>
      <trkpt lat="42.4163600" lon="12.7077600"></trkpt>
      <trkpt lat="42.4162900" lon="12.7076400"></trkpt>
      <trkpt lat="42.4162200" lon="12.7075000"></trkpt>
      <trkpt lat="42.4161900" lon="12.7074400"></trkpt>
      <trkpt lat="42.4161300" lon="12.7073000"></trkpt>
      <trkpt lat="42.4160800" lon="12.7072100"></trkpt>
      <trkpt lat="42.4160600" lon="12.7071900"></trkpt>
      <trkpt lat="42.4160100" lon="12.7071200"></trkpt>
      <trkpt lat="42.4159700" lon="12.7070800"></trkpt>
      <trkpt lat="42.4159200" lon="12.7070300"></trkpt>
      <trkpt lat="42.4158300" lon="12.7069300"></trkpt>
      <trkpt lat="42.4157800" lon="12.7068800"></trkpt>
      <trkpt lat="42.4156300" lon="12.7067300"></trkpt>
      <trkpt lat="42.4156200" lon="12.7067200"></trkpt>
      <trkpt lat="42.4155400" lon="12.7066300"></trkpt>
      <trkpt lat="42.4154100" lon="12.7064700"></trkpt>
      <trkpt lat="42.4152800" lon="12.7063000"></trkpt>
      <trkpt lat="42.4151500" lon="12.7061400"></trkpt>
      <trkpt lat="42.4150900" lon="12.7060600"></trkpt>
      <trkpt lat="42.4150100" lon="12.7059700"></trkpt>
      <trkpt lat="42.4149500" lon="12.7059000"></trkpt>
      <trkpt lat="42.4149000" lon="12.7058300"></trkpt>
      <trkpt lat="42.4148800" lon="12.7058100"></trkpt>
      <trkpt lat="42.4141700" lon="12.7048700"></trkpt>
      <trkpt lat="42.4141500" lon="12.7048500"></trkpt>
      <trkpt lat="42.4141300" lon="12.7048200"></trkpt>
      <trkpt lat="42.4140000" lon="12.7046500"></trkpt>
      <trkpt lat="42.4139200" lon="12.7045000"></trkpt>
      <trkpt lat="42.4138700" lon="12.7043700"></trkpt>
      <trkpt lat="42.4138400" lon="12.7042400"></trkpt>
      <trkpt lat="42.4138300" lon="12.7042000"></trkpt>
      <trkpt lat="42.4138000" lon="12.7039900"></trkpt>
      <trkpt lat="42.4137900" lon="12.7038900"></trkpt>
      <trkpt lat="42.4137500" lon="12.7035000"></trkpt>
      <trkpt lat="42.4137500" lon="12.7034800"></trkpt>
      <trkpt lat="42.4137100" lon="12.7032700"></trkpt>
      <trkpt lat="42.4136400" lon="12.7031200"></trkpt>
      <trkpt lat="42.4135900" lon="12.7030400"></trkpt>
      <trkpt lat="42.4135500" lon="12.7030200"></trkpt>
      <trkpt lat="42.4135000" lon="12.7029900"></trkpt>
      <trkpt lat="42.4134700" lon="12.7029900"></trkpt>
      <trkpt lat="42.4134400" lon="12.7029800"></trkpt>
      <trkpt lat="42.4134000" lon="12.7029900"></trkpt>
      <trkpt lat="42.4133300" lon="12.7030200"></trkpt>
      <trkpt lat="42.4132100" lon="12.7031400"></trkpt>
      <trkpt lat="42.4131700" lon="12.7031800"></trkpt>
      <trkpt lat="42.4131100" lon="12.7032400"></trkpt>
      <trkpt lat="42.4130600" lon="12.7032800"></trkpt>
      <trkpt lat="42.4130100" lon="12.7033400"></trkpt>
      <trkpt lat="42.4128800" lon="12.7034300"></trkpt>
      <trkpt lat="42.4126900" lon="12.7035300"></trkpt>
      <trkpt lat="42.4126800" lon="12.7035400"></trkpt>
      <trkpt lat="42.4125400" lon="12.7035600"></trkpt>
      <trkpt lat="42.4124000" lon="12.7035600"></trkpt>
      <trkpt lat="42.4123700" lon="12.7035600"></trkpt>
      <trkpt lat="42.4123500" lon="12.7035500"></trkpt>
      <trkpt lat="42.4122700" lon="12.7035400"></trkpt>
      <trkpt lat="42.4121800" lon="12.7035000"></trkpt>
      <trkpt lat="42.4121300" lon="12.7034800"></trkpt>
      <trkpt lat="42.4120500" lon="12.7034300"></trkpt>
      <trkpt lat="42.4119600" lon="12.7033700"></trkpt>
      <trkpt lat="42.4118600" lon="12.7032700"></trkpt>
      <trkpt lat="42.4117600" lon="12.7031400"></trkpt>
      <trkpt lat="42.4116900" lon="12.7030400"></trkpt>
      <trkpt lat="42.4116800" lon="12.7030400"></trkpt>
      <trkpt lat="42.4115100" lon="12.7028200"></trkpt>
      <trkpt lat="42.4114200" lon="12.7027300"></trkpt>
      <trkpt lat="42.4113900" lon="12.7027100"></trkpt>
      <trkpt lat="42.4113200" lon="12.7026400"></trkpt>
      <trkpt lat="42.4113000" lon="12.7026200"></trkpt>
      <trkpt lat="42.4112600" lon="12.7025900"></trkpt>
      <trkpt lat="42.4112400" lon="12.7025900"></trkpt>
      <trkpt lat="42.4111200" lon="12.7025100"></trkpt>
      <trkpt lat="42.4109800" lon="12.7023900"></trkpt>
      <trkpt lat="42.4109300" lon="12.7023500"></trkpt>
      <trkpt lat="42.4109200" lon="12.7023500"></trkpt>
      <trkpt lat="42.4107800" lon="12.7022200"></trkpt>
      <trkpt lat="42.4107700" lon="12.7022200"></trkpt>
      <trkpt lat="42.4106200" lon="12.7020900"></trkpt>
      <trkpt lat="42.4106100" lon="12.7020900"></trkpt>
      <trkpt lat="42.4104600" lon="12.7019700"></trkpt>
      <trkpt lat="42.4103300" lon="12.7018700"></trkpt>
      <trkpt lat="42.4101500" lon="12.7017500"></trkpt>
      <trkpt lat="42.4100900" lon="12.7017200"></trkpt>
      <trkpt lat="42.4099800" lon="12.7016600"></trkpt>
      <trkpt lat="42.4098700" lon="12.7016000"></trkpt>
      <trkpt lat="42.4098000" lon="12.7015600"></trkpt>
      <trkpt lat="42.4097000" lon="12.7015100"></trkpt>
      <trkpt lat="42.4095800" lon="12.7014300"></trkpt>
      <trkpt lat="42.4094700" lon="12.7013200"></trkpt>
      <trkpt lat="42.4094100" lon="12.7012700"></trkpt>
      <trkpt lat="42.4093400" lon="12.7012000"></trkpt>
      <trkpt lat="42.4093200" lon="12.7011800"></trkpt>
      <trkpt lat="42.4091600" lon="12.7010200"></trkpt>
      <trkpt lat="42.4090300" lon="12.7008900"></trkpt>
      <trkpt lat="42.4089200" lon="12.7007800"></trkpt>
      <trkpt lat="42.4088700" lon="12.7007500"></trkpt>
      <trkpt lat="42.4087800" lon="12.7006700"></trkpt>
      <trkpt lat="42.4087200" lon="12.7006300"></trkpt>
      <trkpt lat="42.4086900" lon="12.7006300"></trkpt>
      <trkpt lat="42.4086300" lon="12.7006300"></trkpt>
      <trkpt lat="42.4085300" lon="12.7006400"></trkpt>
      <trkpt lat="42.4084000" lon="12.7006800"></trkpt>
      <trkpt lat="42.4083500" lon="12.7007000"></trkpt>
      <trkpt lat="42.4083400" lon="12.7007000"></trkpt>
      <trkpt lat="42.4082800" lon="12.7007400"></trkpt>
      <trkpt lat="42.4082100" lon="12.7007900"></trkpt>
      <trkpt lat="42.4081500" lon="12.7008800"></trkpt>
      <trkpt lat="42.4081300" lon="12.7009100"></trkpt>
      <trkpt lat="42.4080900" lon="12.7009900"></trkpt>
      <trkpt lat="42.4080400" lon="12.7011400"></trkpt>
      <trkpt lat="42.4080000" lon="12.7013000"></trkpt>
      <trkpt lat="42.4079300" lon="12.7015200"></trkpt>
      <trkpt lat="42.4079200" lon="12.7015700"></trkpt>
      <trkpt lat="42.4079000" lon="12.7016100"></trkpt>
      <trkpt lat="42.4078900" lon="12.7016400"></trkpt>
      <trkpt lat="42.4078500" lon="12.7017300"></trkpt>
      <trkpt lat="42.4077500" lon="12.7019100"></trkpt>
      <trkpt lat="42.4076700" lon="12.7020400"></trkpt>
      <trkpt lat="42.4075700" lon="12.7021600"></trkpt>
      <trkpt lat="42.4074800" lon="12.7022600"></trkpt>
      <trkpt lat="42.4074200" lon="12.7023000"></trkpt>
      <trkpt lat="42.4073900" lon="12.7023200"></trkpt>
      <trkpt lat="42.4073600" lon="12.7023300"></trkpt>
      <trkpt lat="42.4073500" lon="12.7023400"></trkpt>
      <trkpt lat="42.4072900" lon="12.7023600"></trkpt>
      <trkpt lat="42.4072100" lon="12.7023600"></trkpt>
      <trkpt lat="42.4072000" lon="12.7023600"></trkpt>
      <trkpt lat="42.4071600" lon="12.7023500"></trkpt>
      <trkpt lat="42.4071000" lon="12.7023400"></trkpt>
      <trkpt lat="42.4066700" lon="12.7022400"></trkpt>
      <trkpt lat="42.4066300" lon="12.7022300"></trkpt>
      <trkpt lat="42.4066200" lon="12.7022300"></trkpt>
      <trkpt lat="42.4064900" lon="12.7022000"></trkpt>
      <trkpt lat="42.4063500" lon="12.7021600"></trkpt>
      <trkpt lat="42.4062700" lon="12.7021200"></trkpt>
      <trkpt lat="42.4062500" lon="12.7021100"></trkpt>
      <trkpt lat="42.4061800" lon="12.7020800"></trkpt>
      <trkpt lat="42.4061400" lon="12.7020600"></trkpt>
      <trkpt lat="42.4061300" lon="12.7020500"></trkpt>
      <trkpt lat="42.4060800" lon="12.7020200"></trkpt>
      <trkpt lat="42.4060300" lon="12.7019700"></trkpt>
      <trkpt lat="42.4059800" lon="12.7019200"></trkpt>
      <trkpt lat="42.4059700" lon="12.7019000"></trkpt>
      <trkpt lat="42.4059500" lon="12.7018800"></trkpt>
      <trkpt lat="42.4058800" lon="12.7017900"></trkpt>
      <trkpt lat="42.4058500" lon="12.7017400"></trkpt>
      <trkpt lat="42.4058200" lon="12.7016900"></trkpt>
      <trkpt lat="42.4058000" lon="12.7016500"></trkpt>
      <trkpt lat="42.4056800" lon="12.7013800"></trkpt>
      <trkpt lat="42.4055800" lon="12.7012200"></trkpt>
      <trkpt lat="42.4055400" lon="12.7011700"></trkpt>
      <trkpt lat="42.4054800" lon="12.7011300"></trkpt>
      <trkpt lat="42.4054300" lon="12.7011000"></trkpt>
      <trkpt lat="42.4053100" lon="12.7010300"></trkpt>
      <trkpt lat="42.4052100" lon="12.7010000"></trkpt>
      <trkpt lat="42.4051600" lon="12.7009900"></trkpt>
      <trkpt lat="42.4050000" lon="12.7009500"></trkpt>
      <trkpt lat="42.4049000" lon="12.7009400"></trkpt>
      <trkpt lat="42.4048600" lon="12.7009500"></trkpt>
      <trkpt lat="42.4048200" lon="12.7009500"></trkpt>
      <trkpt lat="42.4047400" lon="12.7009500"></trkpt>
      <trkpt lat="42.4046600" lon="12.7009700"></trkpt>
      <trkpt lat="42.4046500" lon="12.7009800"></trkpt>
      <trkpt lat="42.4045600" lon="12.7010100"></trkpt>
      <trkpt lat="42.4044800" lon="12.7010400"></trkpt>
      <trkpt lat="42.4044700" lon="12.7010400"></trkpt>
      <trkpt lat="42.4044200" lon="12.7010600"></trkpt>
      <trkpt lat="42.4043600" lon="12.7010700"></trkpt>
      <trkpt lat="42.4043300" lon="12.7010700"></trkpt>
      <trkpt lat="42.4043000" lon="12.7010700"></trkpt>
      <trkpt lat="42.4042600" lon="12.7010500"></trkpt>
      <trkpt lat="42.4042300" lon="12.7010200"></trkpt>
      <trkpt lat="42.4042000" lon="12.7009800"></trkpt>
      <trkpt lat="42.4041800" lon="12.7009400"></trkpt>
      <trkpt lat="42.4041700" lon="12.7008700"></trkpt>
      <trkpt lat="42.4041900" lon="12.7008200"></trkpt>
      <trkpt lat="42.4042100" lon="12.7007700"></trkpt>
      <trkpt lat="42.4042500" lon="12.7007200"></trkpt>
      <trkpt lat="42.4042600" lon="12.7007100"></trkpt>
      <trkpt lat="42.4042700" lon="12.7007100"></trkpt>
      <trkpt lat="42.4043000" lon="12.7006900"></trkpt>
      <trkpt lat="42.4043100" lon="12.7006900"></trkpt>
      <trkpt lat="42.4043800" lon="12.7006700"></trkpt>
      <trkpt lat="42.4044500" lon="12.7006600"></trkpt>
      <trkpt lat="42.4046200" lon="12.7006500"></trkpt>
      <trkpt lat="42.4049100" lon="12.7006400"></trkpt>
      <trkpt lat="42.4051700" lon="12.7006400"></trkpt>
      <trkpt lat="42.4051800" lon="12.7006400"></trkpt>
      <trkpt lat="42.4053500" lon="12.7006700"></trkpt>
      <trkpt lat="42.4055200" lon="12.7007200"></trkpt>
      <trkpt lat="42.4056800" lon="12.7007700"></trkpt>
      <trkpt lat="42.4057100" lon="12.7008000"></trkpt>
      <trkpt lat="42.4057300" lon="12.7008100"></trkpt>
      <trkpt lat="42.4058600" lon="12.7009200"></trkpt>
      <trkpt lat="42.4059500" lon="12.7010000"></trkpt>
      <trkpt lat="42.4060000" lon="12.7010100"></trkpt>
      <trkpt lat="42.4060200" lon="12.7010100"></trkpt>
      <trkpt lat="42.4060500" lon="12.7010100"></trkpt>
      <trkpt lat="42.4060700" lon="12.7009900"></trkpt>
      <trkpt lat="42.4061000" lon="12.7009600"></trkpt>
      <trkpt lat="42.4061200" lon="12.7009100"></trkpt>
      <trkpt lat="42.4061300" lon="12.7008500"></trkpt>
      <trkpt lat="42.4061300" lon="12.7007900"></trkpt>
      <trkpt lat="42.4061300" lon="12.7007100"></trkpt>
      <trkpt lat="42.4061300" lon="12.7006900"></trkpt>
      <trkpt lat="42.4061200" lon="12.7006300"></trkpt>
      <trkpt lat="42.4061200" lon="12.7006200"></trkpt>
      <trkpt lat="42.4060900" lon="12.7004300"></trkpt>
      <trkpt lat="42.4060500" lon="12.7002600"></trkpt>
      <trkpt lat="42.4060400" lon="12.7002100"></trkpt>
      <trkpt lat="42.4060200" lon="12.7001200"></trkpt>
      <trkpt lat="42.4059900" lon="12.6999900"></trkpt>
      <trkpt lat="42.4059800" lon="12.6999700"></trkpt>
      <trkpt lat="42.4059700" lon="12.6999200"></trkpt>
      <trkpt lat="42.4058900" lon="12.6996100"></trkpt>
      <trkpt lat="42.4056800" lon="12.6990100"></trkpt>
      <trkpt lat="42.4056300" lon="12.6988800"></trkpt>
      <trkpt lat="42.4056100" lon="12.6988300"></trkpt>
      <trkpt lat="42.4055700" lon="12.6987100"></trkpt>
      <trkpt lat="42.4055600" lon="12.6986900"></trkpt>
      <trkpt lat="42.4055500" lon="12.6986600"></trkpt>
      <trkpt lat="42.4055200" lon="12.6985400"></trkpt>
      <trkpt lat="42.4055000" lon="12.6984300"></trkpt>
      <trkpt lat="42.4054900" lon="12.6983400"></trkpt>
      <trkpt lat="42.4054900" lon="12.6982300"></trkpt>
      <trkpt lat="42.4055000" lon="12.6981200"></trkpt>
      <trkpt lat="42.4055000" lon="12.6981000"></trkpt>
      <trkpt lat="42.4055200" lon="12.6980300"></trkpt>
      <trkpt lat="42.4055300" lon="12.6979700"></trkpt>
      <trkpt lat="42.4055400" lon="12.6979400"></trkpt>
      <trkpt lat="42.4055800" lon="12.6978300"></trkpt>
      <trkpt lat="42.4056100" lon="12.6977500"></trkpt>
      <trkpt lat="42.4056300" lon="12.6977100"></trkpt>
      <trkpt lat="42.4057200" lon="12.6975400"></trkpt>
      <trkpt lat="42.4057400" lon="12.6975000"></trkpt>
      <trkpt lat="42.4057500" lon="12.6975000"></trkpt>
      <trkpt lat="42.4057800" lon="12.6974600"></trkpt>
      <trkpt lat="42.4060600" lon="12.6970500"></trkpt>
      <trkpt lat="42.4062000" lon="12.6968900"></trkpt>
      <trkpt lat="42.4063000" lon="12.6967800"></trkpt>
      <trkpt lat="42.4063000" lon="12.6967700"></trkpt>
      <trkpt lat="42.4063900" lon="12.6967100"></trkpt>
      <trkpt lat="42.4065200" lon="12.6966200"></trkpt>
      <trkpt lat="42.4069200" lon="12.6963500"></trkpt>
      <trkpt lat="42.4071500" lon="12.6962500"></trkpt>
      <trkpt lat="42.4073000" lon="12.6962200"></trkpt>
      <trkpt lat="42.4074400" lon="12.6962300"></trkpt>
      <trkpt lat="42.4075600" lon="12.6962400"></trkpt>
      <trkpt lat="42.4075800" lon="12.6962500"></trkpt>
      <trkpt lat="42.4076300" lon="12.6962500"></trkpt>
      <trkpt lat="42.4076700" lon="12.6962500"></trkpt>
      <trkpt lat="42.4077100" lon="12.6962400"></trkpt>
      <trkpt lat="42.4077600" lon="12.6962000"></trkpt>
      <trkpt lat="42.4077900" lon="12.6961700"></trkpt>
      <trkpt lat="42.4078200" lon="12.6961000"></trkpt>
      <trkpt lat="42.4078300" lon="12.6960400"></trkpt>
      <trkpt lat="42.4078100" lon="12.6958700"></trkpt>
      <trkpt lat="42.4078000" lon="12.6958000"></trkpt>
      <trkpt lat="42.4077700" lon="12.6956000"></trkpt>
      <trkpt lat="42.4077000" lon="12.6950500"></trkpt>
      <trkpt lat="42.4076900" lon="12.6949900"></trkpt>
      <trkpt lat="42.4076800" lon="12.6949000"></trkpt>
      <trkpt lat="42.4076400" lon="12.6945900"></trkpt>
      <trkpt lat="42.4076400" lon="12.6945200"></trkpt>
      <trkpt lat="42.4076400" lon="12.6945000"></trkpt>
      <trkpt lat="42.4076500" lon="12.6944500"></trkpt>
      <trkpt lat="42.4076500" lon="12.6944200"></trkpt>
      <trkpt lat="42.4076600" lon="12.6944100"></trkpt>
      <trkpt lat="42.4076600" lon="12.6944000"></trkpt>
      <trkpt lat="42.4076700" lon="12.6943400"></trkpt>
      <trkpt lat="42.4076900" lon="12.6943100"></trkpt>
      <trkpt lat="42.4077000" lon="12.6942800"></trkpt>
      <trkpt lat="42.4077200" lon="12.6942600"></trkpt>
      <trkpt lat="42.4077500" lon="12.6942200"></trkpt>
      <trkpt lat="42.4077700" lon="12.6942100"></trkpt>
      <trkpt lat="42.4077700" lon="12.6942000"></trkpt>
      <trkpt lat="42.4077800" lon="12.6942000"></trkpt>
      <trkpt lat="42.4078200" lon="12.6941700"></trkpt>
      <trkpt lat="42.4078500" lon="12.6941700"></trkpt>
      <trkpt lat="42.4078900" lon="12.6941800"></trkpt>
      <trkpt lat="42.4079200" lon="12.6942100"></trkpt>
      <trkpt lat="42.4079600" lon="12.6942500"></trkpt>
      <trkpt lat="42.4079800" lon="12.6942900"></trkpt>
      <trkpt lat="42.4080000" lon="12.6943500"></trkpt>
      <trkpt lat="42.4080000" lon="12.6943600"></trkpt>
      <trkpt lat="42.4080000" lon="12.6944200"></trkpt>
      <trkpt lat="42.4080000" lon="12.6944300"></trkpt>
      <trkpt lat="42.4080100" lon="12.6946200"></trkpt>
      <trkpt lat="42.4080300" lon="12.6947300"></trkpt>
      <trkpt lat="42.4080600" lon="12.6948300"></trkpt>
      <trkpt lat="42.4080800" lon="12.6948800"></trkpt>
      <trkpt lat="42.4081100" lon="12.6949500"></trkpt>
      <trkpt lat="42.4081200" lon="12.6949600"></trkpt>
      <trkpt lat="42.4081700" lon="12.6950600"></trkpt>
      <trkpt lat="42.4082300" lon="12.6951600"></trkpt>
      <trkpt lat="42.4083500" lon="12.6952800"></trkpt>
      <trkpt lat="42.4085400" lon="12.6954700"></trkpt>
      <trkpt lat="42.4087100" lon="12.6956200"></trkpt>
      <trkpt lat="42.4087500" lon="12.6956500"></trkpt>
      <trkpt lat="42.4087500" lon="12.6956600"></trkpt>
      <trkpt lat="42.4089400" lon="12.6957400"></trkpt>
      <trkpt lat="42.4091400" lon="12.6958200"></trkpt>
      <trkpt lat="42.4093500" lon="12.6959300"></trkpt>
      <trkpt lat="42.4094900" lon="12.6960200"></trkpt>
      <trkpt lat="42.4095900" lon="12.6961100"></trkpt>
      <trkpt lat="42.4096200" lon="12.6961300"></trkpt>
      <trkpt lat="42.4097200" lon="12.6961700"></trkpt>
      <trkpt lat="42.4097800" lon="12.6961700"></trkpt>
      <trkpt lat="42.4098500" lon="12.6961700"></trkpt>
      <trkpt lat="42.4099500" lon="12.6961400"></trkpt>
      <trkpt lat="42.4100500" lon="12.6961000"></trkpt>
      <trkpt lat="42.4102200" lon="12.6960900"></trkpt>
      <trkpt lat="42.4104600" lon="12.6960900"></trkpt>
      <trkpt lat="42.4105400" lon="12.6960900"></trkpt>
      <trkpt lat="42.4106800" lon="12.6960900"></trkpt>
      <trkpt lat="42.4109000" lon="12.6960400"></trkpt>
      <trkpt lat="42.4110500" lon="12.6959800"></trkpt>
      <trkpt lat="42.4110600" lon="12.6959800"></trkpt>
      <trkpt lat="42.4111600" lon="12.6959400"></trkpt>
      <trkpt lat="42.4112200" lon="12.6959200"></trkpt>
      <trkpt lat="42.4113500" lon="12.6958700"></trkpt>
      <trkpt lat="42.4114200" lon="12.6958700"></trkpt>
      <trkpt lat="42.4115100" lon="12.6958900"></trkpt>
      <trkpt lat="42.4116100" lon="12.6959500"></trkpt>
      <trkpt lat="42.4117400" lon="12.6960500"></trkpt>
      <trkpt lat="42.4119100" lon="12.6962000"></trkpt>
      <trkpt lat="42.4119600" lon="12.6962200"></trkpt>
      <trkpt lat="42.4120200" lon="12.6962400"></trkpt>
      <trkpt lat="42.4121000" lon="12.6962300"></trkpt>
      <trkpt lat="42.4122300" lon="12.6962100"></trkpt>
      <trkpt lat="42.4122800" lon="12.6962100"></trkpt>
      <trkpt lat="42.4123000" lon="12.6962100"></trkpt>
      <trkpt lat="42.4123300" lon="12.6962100"></trkpt>
      <trkpt lat="42.4124700" lon="12.6962300"></trkpt>
      <trkpt lat="42.4125900" lon="12.6962500"></trkpt>
      <trkpt lat="42.4126700" lon="12.6962400"></trkpt>
      <trkpt lat="42.4127500" lon="12.6962200"></trkpt>
      <trkpt lat="42.4128800" lon="12.6961300"></trkpt>
      <trkpt lat="42.4129300" lon="12.6961000"></trkpt>
      <trkpt lat="42.4129800" lon="12.6960600"></trkpt>
      <trkpt lat="42.4129900" lon="12.6960500"></trkpt>
      <trkpt lat="42.4130200" lon="12.6960200"></trkpt>
      <trkpt lat="42.4130300" lon="12.6960000"></trkpt>
      <trkpt lat="42.4130500" lon="12.6959500"></trkpt>
      <trkpt lat="42.4130600" lon="12.6958900"></trkpt>
      <trkpt lat="42.4130700" lon="12.6958800"></trkpt>
      <trkpt lat="42.4130700" lon="12.6958700"></trkpt>
      <trkpt lat="42.4130700" lon="12.6957900"></trkpt>
      <trkpt lat="42.4130700" lon="12.6956300"></trkpt>
      <trkpt lat="42.4130800" lon="12.6952700"></trkpt>
      <trkpt lat="42.4130700" lon="12.6951900"></trkpt>
      <trkpt lat="42.4130700" lon="12.6951600"></trkpt>
      <trkpt lat="42.4130600" lon="12.6951200"></trkpt>
      <trkpt lat="42.4130300" lon="12.6950900"></trkpt>
      <trkpt lat="42.4130100" lon="12.6950700"></trkpt>
      <trkpt lat="42.4129500" lon="12.6950500"></trkpt>
      <trkpt lat="42.4126300" lon="12.6950200"></trkpt>
      <trkpt lat="42.4125300" lon="12.6950100"></trkpt>
      <trkpt lat="42.4124500" lon="12.6949900"></trkpt>
      <trkpt lat="42.4123800" lon="12.6949500"></trkpt>
      <trkpt lat="42.4123300" lon="12.6949100"></trkpt>
      <trkpt lat="42.4122800" lon="12.6948600"></trkpt>
      <trkpt lat="42.4122300" lon="12.6948100"></trkpt>
      <trkpt lat="42.4121400" lon="12.6946600"></trkpt>
      <trkpt lat="42.4121300" lon="12.6946400"></trkpt>
      <trkpt lat="42.4120200" lon="12.6944500"></trkpt>
      <trkpt lat="42.4120100" lon="12.6944300"></trkpt>
      <trkpt lat="42.4119700" lon="12.6944000"></trkpt>
      <trkpt lat="42.4119400" lon="12.6943900"></trkpt>
      <trkpt lat="42.4118800" lon="12.6943800"></trkpt>
      <trkpt lat="42.4118200" lon="12.6943800"></trkpt>
      <trkpt lat="42.4116100" lon="12.6944100"></trkpt>
      <trkpt lat="42.4114700" lon="12.6944400"></trkpt>
      <trkpt lat="42.4114200" lon="12.6944500"></trkpt>
      <trkpt lat="42.4113800" lon="12.6944500"></trkpt>
      <trkpt lat="42.4112900" lon="12.6944500"></trkpt>
      <trkpt lat="42.4112300" lon="12.6944600"></trkpt>
      <trkpt lat="42.4111500" lon="12.6944400"></trkpt>
      <trkpt lat="42.4110600" lon="12.6944100"></trkpt>
      <trkpt lat="42.4108600" lon="12.6942900"></trkpt>
      <trkpt lat="42.4106800" lon="12.6941900"></trkpt>
      <trkpt lat="42.4106100" lon="12.6941500"></trkpt>
      <trkpt lat="42.4105200" lon="12.6940800"></trkpt>
      <trkpt lat="42.4104900" lon="12.6940700"></trkpt>
      <trkpt lat="42.4103800" lon="12.6940000"></trkpt>
      <trkpt lat="42.4103500" lon="12.6939900"></trkpt>
      <trkpt lat="42.4102900" lon="12.6939500"></trkpt>
      <trkpt lat="42.4102400" lon="12.6939100"></trkpt>
      <trkpt lat="42.4102100" lon="12.6938800"></trkpt>
      <trkpt lat="42.4101900" lon="12.6938400"></trkpt>
      <trkpt lat="42.4101800" lon="12.6938100"></trkpt>
      <trkpt lat="42.4101600" lon="12.6937600"></trkpt>
      <trkpt lat="42.4101500" lon="12.6937000"></trkpt>
      <trkpt lat="42.4101500" lon="12.6936400"></trkpt>
      <trkpt lat="42.4101500" lon="12.6935700"></trkpt>
      <trkpt lat="42.4101500" lon="12.6935100"></trkpt>
      <trkpt lat="42.4101500" lon="12.6934200"></trkpt>
      <trkpt lat="42.4101500" lon="12.6932900"></trkpt>
      <trkpt lat="42.4101300" lon="12.6931800"></trkpt>
      <trkpt lat="42.4101100" lon="12.6930800"></trkpt>
      <trkpt lat="42.4100900" lon="12.6929700"></trkpt>
      <trkpt lat="42.4100600" lon="12.6928300"></trkpt>
      <trkpt lat="42.4100500" lon="12.6927000"></trkpt>
      <trkpt lat="42.4100400" lon="12.6926300"></trkpt>
      <trkpt lat="42.4100500" lon="12.6925600"></trkpt>
      <trkpt lat="42.4100600" lon="12.6924700"></trkpt>
      <trkpt lat="42.4100800" lon="12.6924000"></trkpt>
      <trkpt lat="42.4100900" lon="12.6923600"></trkpt>
      <trkpt lat="42.4101100" lon="12.6923200"></trkpt>
      <trkpt lat="42.4102400" lon="12.6920100"></trkpt>
      <trkpt lat="42.4104400" lon="12.6916200"></trkpt>
      <trkpt lat="42.4104500" lon="12.6915700"></trkpt>
      <trkpt lat="42.4104600" lon="12.6915400"></trkpt>
      <trkpt lat="42.4104600" lon="12.6915200"></trkpt>
      <trkpt lat="42.4104600" lon="12.6914900"></trkpt>
      <trkpt lat="42.4104600" lon="12.6914300"></trkpt>
      <trkpt lat="42.4103600" lon="12.6906000"></trkpt>
      <trkpt lat="42.4103200" lon="12.6903600"></trkpt>
      <trkpt lat="42.4103000" lon="12.6901100"></trkpt>
      <trkpt lat="42.4102900" lon="12.6900300"></trkpt>
      <trkpt lat="42.4102800" lon="12.6899800"></trkpt>
      <trkpt lat="42.4102800" lon="12.6899400"></trkpt>
      <trkpt lat="42.4102700" lon="12.6899000"></trkpt>
      <trkpt lat="42.4102600" lon="12.6898800"></trkpt>
      <trkpt lat="42.4102400" lon="12.6898400"></trkpt>
      <trkpt lat="42.4102200" lon="12.6898100"></trkpt>
      <trkpt lat="42.4102000" lon="12.6897700"></trkpt>
      <trkpt lat="42.4101900" lon="12.6897600"></trkpt>
      <trkpt lat="42.4100800" lon="12.6896100"></trkpt>
      <trkpt lat="42.4100000" lon="12.6895100"></trkpt>
      <trkpt lat="42.4099000" lon="12.6893800"></trkpt>
      <trkpt lat="42.4098800" lon="12.6893600"></trkpt>
      <trkpt lat="42.4097900" lon="12.6892400"></trkpt>
      <trkpt lat="42.4097000" lon="12.6890800"></trkpt>
      <trkpt lat="42.4095800" lon="12.6888200"></trkpt>
      <trkpt lat="42.4092400" lon="12.6881700"></trkpt>
      <trkpt lat="42.4092100" lon="12.6881200"></trkpt>
      <trkpt lat="42.4092000" lon="12.6881000"></trkpt>
      <trkpt lat="42.4088700" lon="12.6876700"></trkpt>
      <trkpt lat="42.4087000" lon="12.6874200"></trkpt>
      <trkpt lat="42.4087400" lon="12.6873800"></trkpt>
      <trkpt lat="42.4089100" lon="12.6876200"></trkpt>
      <trkpt lat="42.4092300" lon="12.6880500"></trkpt>
      <trkpt lat="42.4092600" lon="12.6880800"></trkpt>
      <trkpt lat="42.4092800" lon="12.6881300"></trkpt>
      <trkpt lat="42.4096200" lon="12.6887900"></trkpt>
      <trkpt lat="42.4097400" lon="12.6890400"></trkpt>
      <trkpt lat="42.4098300" lon="12.6891900"></trkpt>
      <trkpt lat="42.4099100" lon="12.6893100"></trkpt>
      <trkpt lat="42.4099300" lon="12.6893300"></trkpt>
      <trkpt lat="42.4100400" lon="12.6894600"></trkpt>
      <trkpt lat="42.4101100" lon="12.6895600"></trkpt>
      <trkpt lat="42.4102300" lon="12.6897100"></trkpt>
      <trkpt lat="42.4102400" lon="12.6897300"></trkpt>
      <trkpt lat="42.4102700" lon="12.6897600"></trkpt>
      <trkpt lat="42.4102900" lon="12.6898100"></trkpt>
      <trkpt lat="42.4103000" lon="12.6898500"></trkpt>
      <trkpt lat="42.4103100" lon="12.6898800"></trkpt>
      <trkpt lat="42.4103200" lon="12.6899200"></trkpt>
      <trkpt lat="42.4103300" lon="12.6899700"></trkpt>
      <trkpt lat="42.4103400" lon="12.6900200"></trkpt>
      <trkpt lat="42.4103500" lon="12.6901000"></trkpt>
      <trkpt lat="42.4103700" lon="12.6903500"></trkpt>
      <trkpt lat="42.4104100" lon="12.6905900"></trkpt>
      <trkpt lat="42.4105100" lon="12.6914200"></trkpt>
      <trkpt lat="42.4105100" lon="12.6914800"></trkpt>
      <trkpt lat="42.4105100" lon="12.6915200"></trkpt>
      <trkpt lat="42.4105100" lon="12.6915600"></trkpt>
      <trkpt lat="42.4105000" lon="12.6916000"></trkpt>
      <trkpt lat="42.4104800" lon="12.6916500"></trkpt>
      <trkpt lat="42.4102900" lon="12.6920500"></trkpt>
      <trkpt lat="42.4101500" lon="12.6923500"></trkpt>
      <trkpt lat="42.4101400" lon="12.6923900"></trkpt>
      <trkpt lat="42.4101300" lon="12.6924300"></trkpt>
      <trkpt lat="42.4101100" lon="12.6924900"></trkpt>
      <trkpt lat="42.4101000" lon="12.6925700"></trkpt>
      <trkpt lat="42.4101000" lon="12.6926400"></trkpt>
      <trkpt lat="42.4101000" lon="12.6926900"></trkpt>
      <trkpt lat="42.4101100" lon="12.6928200"></trkpt>
      <trkpt lat="42.4101400" lon="12.6929500"></trkpt>
      <trkpt lat="42.4101600" lon="12.6930600"></trkpt>
      <trkpt lat="42.4101800" lon="12.6931700"></trkpt>
      <trkpt lat="42.4102000" lon="12.6932800"></trkpt>
      <trkpt lat="42.4102000" lon="12.6934200"></trkpt>
      <trkpt lat="42.4102000" lon="12.6935200"></trkpt>
      <trkpt lat="42.4102000" lon="12.6935700"></trkpt>
      <trkpt lat="42.4102000" lon="12.6936300"></trkpt>
      <trkpt lat="42.4102000" lon="12.6936900"></trkpt>
      <trkpt lat="42.4102100" lon="12.6937400"></trkpt>
      <trkpt lat="42.4102200" lon="12.6937800"></trkpt>
      <trkpt lat="42.4102300" lon="12.6938000"></trkpt>
      <trkpt lat="42.4102500" lon="12.6938300"></trkpt>
      <trkpt lat="42.4102700" lon="12.6938500"></trkpt>
      <trkpt lat="42.4103100" lon="12.6938800"></trkpt>
      <trkpt lat="42.4103800" lon="12.6939200"></trkpt>
      <trkpt lat="42.4104000" lon="12.6939400"></trkpt>
      <trkpt lat="42.4105100" lon="12.6940000"></trkpt>
      <trkpt lat="42.4105400" lon="12.6940200"></trkpt>
      <trkpt lat="42.4106300" lon="12.6940800"></trkpt>
      <trkpt lat="42.4107000" lon="12.6941200"></trkpt>
      <trkpt lat="42.4108800" lon="12.6942300"></trkpt>
      <trkpt lat="42.4110800" lon="12.6943500"></trkpt>
      <trkpt lat="42.4111600" lon="12.6943700"></trkpt>
      <trkpt lat="42.4112300" lon="12.6943900"></trkpt>
      <trkpt lat="42.4112900" lon="12.6943900"></trkpt>
      <trkpt lat="42.4113700" lon="12.6943800"></trkpt>
      <trkpt lat="42.4114200" lon="12.6943800"></trkpt>
      <trkpt lat="42.4114600" lon="12.6943700"></trkpt>
      <trkpt lat="42.4116000" lon="12.6943400"></trkpt>
      <trkpt lat="42.4118200" lon="12.6943100"></trkpt>
      <trkpt lat="42.4118800" lon="12.6943100"></trkpt>
      <trkpt lat="42.4119500" lon="12.6943200"></trkpt>
      <trkpt lat="42.4119900" lon="12.6943400"></trkpt>
      <trkpt lat="42.4120400" lon="12.6943800"></trkpt>
      <trkpt lat="42.4120600" lon="12.6944100"></trkpt>
      <trkpt lat="42.4121700" lon="12.6946000"></trkpt>
      <trkpt lat="42.4121800" lon="12.6946100"></trkpt>
      <trkpt lat="42.4122700" lon="12.6947600"></trkpt>
      <trkpt lat="42.4123100" lon="12.6948100"></trkpt>
      <trkpt lat="42.4123500" lon="12.6948500"></trkpt>
      <trkpt lat="42.4124100" lon="12.6948900"></trkpt>
      <trkpt lat="42.4124600" lon="12.6949200"></trkpt>
      <trkpt lat="42.4125400" lon="12.6949400"></trkpt>
      <trkpt lat="42.4126300" lon="12.6949500"></trkpt>
      <trkpt lat="42.4129600" lon="12.6949800"></trkpt>
      <trkpt lat="42.4130300" lon="12.6950000"></trkpt>
      <trkpt lat="42.4130700" lon="12.6950300"></trkpt>
      <trkpt lat="42.4131000" lon="12.6950800"></trkpt>
      <trkpt lat="42.4131300" lon="12.6951700"></trkpt>
      <trkpt lat="42.4131300" lon="12.6952700"></trkpt>
      <trkpt lat="42.4131200" lon="12.6956300"></trkpt>
      <trkpt lat="42.4131200" lon="12.6957900"></trkpt>
      <trkpt lat="42.4131200" lon="12.6958700"></trkpt>
      <trkpt lat="42.4131200" lon="12.6958900"></trkpt>
      <trkpt lat="42.4131200" lon="12.6959100"></trkpt>
      <trkpt lat="42.4131000" lon="12.6959800"></trkpt>
      <trkpt lat="42.4130700" lon="12.6960400"></trkpt>
      <trkpt lat="42.4130600" lon="12.6960700"></trkpt>
      <trkpt lat="42.4130300" lon="12.6961100"></trkpt>
      <trkpt lat="42.4130100" lon="12.6961200"></trkpt>
      <trkpt lat="42.4129600" lon="12.6961600"></trkpt>
      <trkpt lat="42.4129100" lon="12.6962000"></trkpt>
      <trkpt lat="42.4127700" lon="12.6962900"></trkpt>
      <trkpt lat="42.4126800" lon="12.6963200"></trkpt>
      <trkpt lat="42.4125800" lon="12.6963200"></trkpt>
      <trkpt lat="42.4124600" lon="12.6963000"></trkpt>
      <trkpt lat="42.4123200" lon="12.6962800"></trkpt>
      <trkpt lat="42.4123000" lon="12.6962800"></trkpt>
      <trkpt lat="42.4122800" lon="12.6962800"></trkpt>
      <trkpt lat="42.4122400" lon="12.6962900"></trkpt>
      <trkpt lat="42.4121100" lon="12.6963000"></trkpt>
      <trkpt lat="42.4120200" lon="12.6963100"></trkpt>
      <trkpt lat="42.4119500" lon="12.6962900"></trkpt>
      <trkpt lat="42.4118900" lon="12.6962600"></trkpt>
      <trkpt lat="42.4117200" lon="12.6961100"></trkpt>
      <trkpt lat="42.4115900" lon="12.6960100"></trkpt>
      <trkpt lat="42.4114900" lon="12.6959600"></trkpt>
      <trkpt lat="42.4114200" lon="12.6959400"></trkpt>
      <trkpt lat="42.4113600" lon="12.6959400"></trkpt>
      <trkpt lat="42.4112400" lon="12.6959900"></trkpt>
      <trkpt lat="42.4111800" lon="12.6960100"></trkpt>
      <trkpt lat="42.4110800" lon="12.6960500"></trkpt>
      <trkpt lat="42.4110600" lon="12.6960500"></trkpt>
      <trkpt lat="42.4109100" lon="12.6961100"></trkpt>
      <trkpt lat="42.4106900" lon="12.6961600"></trkpt>
      <trkpt lat="42.4105400" lon="12.6961700"></trkpt>
      <trkpt lat="42.4104600" lon="12.6961700"></trkpt>
      <trkpt lat="42.4102200" lon="12.6961600"></trkpt>
      <trkpt lat="42.4100600" lon="12.6961700"></trkpt>
      <trkpt lat="42.4099700" lon="12.6962100"></trkpt>
      <trkpt lat="42.4098500" lon="12.6962400"></trkpt>
      <trkpt lat="42.4097900" lon="12.6962400"></trkpt>
      <trkpt lat="42.4097800" lon="12.6962400"></trkpt>
      <trkpt lat="42.4097100" lon="12.6962400"></trkpt>
      <trkpt lat="42.4096000" lon="12.6962000"></trkpt>
      <trkpt lat="42.4095600" lon="12.6961700"></trkpt>
      <trkpt lat="42.4094600" lon="12.6960800"></trkpt>
      <trkpt lat="42.4093200" lon="12.6960000"></trkpt>
      <trkpt lat="42.4091200" lon="12.6958900"></trkpt>
      <trkpt lat="42.4089200" lon="12.6958100"></trkpt>
      <trkpt lat="42.4087300" lon="12.6957200"></trkpt>
      <trkpt lat="42.4087200" lon="12.6957100"></trkpt>
      <trkpt lat="42.4086800" lon="12.6956800"></trkpt>
      <trkpt lat="42.4085100" lon="12.6955300"></trkpt>
      <trkpt lat="42.4083200" lon="12.6953400"></trkpt>
      <trkpt lat="42.4081900" lon="12.6952200"></trkpt>
      <trkpt lat="42.4081200" lon="12.6951000"></trkpt>
      <trkpt lat="42.4080700" lon="12.6950000"></trkpt>
      <trkpt lat="42.4080700" lon="12.6949900"></trkpt>
      <trkpt lat="42.4080300" lon="12.6949200"></trkpt>
      <trkpt lat="42.4080100" lon="12.6948600"></trkpt>
      <trkpt lat="42.4079800" lon="12.6947500"></trkpt>
      <trkpt lat="42.4079600" lon="12.6946300"></trkpt>
      <trkpt lat="42.4079500" lon="12.6944300"></trkpt>
      <trkpt lat="42.4079400" lon="12.6943700"></trkpt>
      <trkpt lat="42.4079300" lon="12.6943200"></trkpt>
      <trkpt lat="42.4079200" lon="12.6943000"></trkpt>
      <trkpt lat="42.4078900" lon="12.6942700"></trkpt>
      <trkpt lat="42.4078700" lon="12.6942500"></trkpt>
      <trkpt lat="42.4078500" lon="12.6942500"></trkpt>
      <trkpt lat="42.4078300" lon="12.6942500"></trkpt>
      <trkpt lat="42.4078000" lon="12.6942700"></trkpt>
      <trkpt lat="42.4077800" lon="12.6942800"></trkpt>
      <trkpt lat="42.4077500" lon="12.6943100"></trkpt>
      <trkpt lat="42.4077400" lon="12.6943300"></trkpt>
      <trkpt lat="42.4077300" lon="12.6943500"></trkpt>
      <trkpt lat="42.4077200" lon="12.6943800"></trkpt>
      <trkpt lat="42.4077100" lon="12.6944200"></trkpt>
      <trkpt lat="42.4077100" lon="12.6944300"></trkpt>
      <trkpt lat="42.4077100" lon="12.6944400"></trkpt>
      <trkpt lat="42.4077000" lon="12.6944700"></trkpt>
      <trkpt lat="42.4077000" lon="12.6945100"></trkpt>
      <trkpt lat="42.4077000" lon="12.6945300"></trkpt>
      <trkpt lat="42.4077000" lon="12.6945900"></trkpt>
      <trkpt lat="42.4077300" lon="12.6948900"></trkpt>
      <trkpt lat="42.4077400" lon="12.6949800"></trkpt>
      <trkpt lat="42.4077500" lon="12.6950400"></trkpt>
      <trkpt lat="42.4078300" lon="12.6955900"></trkpt>
      <trkpt lat="42.4078600" lon="12.6958200"></trkpt>
      <trkpt lat="42.4078600" lon="12.6959100"></trkpt>
      <trkpt lat="42.4078800" lon="12.6960400"></trkpt>
      <trkpt lat="42.4078600" lon="12.6961300"></trkpt>
      <trkpt lat="42.4078300" lon="12.6962100"></trkpt>
      <trkpt lat="42.4077900" lon="12.6962600"></trkpt>
      <trkpt lat="42.4077200" lon="12.6963000"></trkpt>
      <trkpt lat="42.4076700" lon="12.6963100"></trkpt>
      <trkpt lat="42.4076300" lon="12.6963200"></trkpt>
      <trkpt lat="42.4075800" lon="12.6963100"></trkpt>
      <trkpt lat="42.4075500" lon="12.6963100"></trkpt>
      <trkpt lat="42.4074400" lon="12.6963000"></trkpt>
      <trkpt lat="42.4073000" lon="12.6962800"></trkpt>
      <trkpt lat="42.4071600" lon="12.6963100"></trkpt>
      <trkpt lat="42.4069400" lon="12.6964100"></trkpt>
      <trkpt lat="42.4065400" lon="12.6966800"></trkpt>
      <trkpt lat="42.4064100" lon="12.6967700"></trkpt>
      <trkpt lat="42.4063300" lon="12.6968300"></trkpt>
      <trkpt lat="42.4062300" lon="12.6969400"></trkpt>
      <trkpt lat="42.4061000" lon="12.6971000"></trkpt>
      <trkpt lat="42.4058100" lon="12.6975000"></trkpt>
      <trkpt lat="42.4057900" lon="12.6975400"></trkpt>
      <trkpt lat="42.4057800" lon="12.6975500"></trkpt>
      <trkpt lat="42.4057600" lon="12.6975800"></trkpt>
      <trkpt lat="42.4056700" lon="12.6977400"></trkpt>
      <trkpt lat="42.4056500" lon="12.6977800"></trkpt>
      <trkpt lat="42.4056200" lon="12.6978600"></trkpt>
      <trkpt lat="42.4055800" lon="12.6979700"></trkpt>
      <trkpt lat="42.4055800" lon="12.6979900"></trkpt>
      <trkpt lat="42.4055600" lon="12.6980500"></trkpt>
      <trkpt lat="42.4055500" lon="12.6981200"></trkpt>
      <trkpt lat="42.4055500" lon="12.6981300"></trkpt>
      <trkpt lat="42.4055400" lon="12.6982400"></trkpt>
      <trkpt lat="42.4055400" lon="12.6983400"></trkpt>
      <trkpt lat="42.4055500" lon="12.6984200"></trkpt>
      <trkpt lat="42.4055700" lon="12.6985200"></trkpt>
      <trkpt lat="42.4056000" lon="12.6986400"></trkpt>
      <trkpt lat="42.4056000" lon="12.6986600"></trkpt>
      <trkpt lat="42.4056100" lon="12.6986800"></trkpt>
      <trkpt lat="42.4056500" lon="12.6988000"></trkpt>
      <trkpt lat="42.4056700" lon="12.6988500"></trkpt>
      <trkpt lat="42.4057200" lon="12.6989800"></trkpt>
      <trkpt lat="42.4059300" lon="12.6995800"></trkpt>
      <trkpt lat="42.4060100" lon="12.6998900"></trkpt>
      <trkpt lat="42.4060300" lon="12.6999500"></trkpt>
      <trkpt lat="42.4060300" lon="12.6999700"></trkpt>
      <trkpt lat="42.4060700" lon="12.7001000"></trkpt>
      <trkpt lat="42.4060900" lon="12.7001900"></trkpt>
      <trkpt lat="42.4061000" lon="12.7002400"></trkpt>
      <trkpt lat="42.4061400" lon="12.7004200"></trkpt>
      <trkpt lat="42.4061700" lon="12.7006000"></trkpt>
      <trkpt lat="42.4061700" lon="12.7006200"></trkpt>
      <trkpt lat="42.4061800" lon="12.7006800"></trkpt>
      <trkpt lat="42.4061800" lon="12.7007000"></trkpt>
      <trkpt lat="42.4061800" lon="12.7007900"></trkpt>
      <trkpt lat="42.4061800" lon="12.7008600"></trkpt>
      <trkpt lat="42.4061700" lon="12.7009300"></trkpt>
      <trkpt lat="42.4061700" lon="12.7009400"></trkpt>
      <trkpt lat="42.4061400" lon="12.7010100"></trkpt>
      <trkpt lat="42.4061000" lon="12.7010500"></trkpt>
      <trkpt lat="42.4060600" lon="12.7010700"></trkpt>
      <trkpt lat="42.4060200" lon="12.7010800"></trkpt>
      <trkpt lat="42.4059900" lon="12.7010800"></trkpt>
      <trkpt lat="42.4059300" lon="12.7010600"></trkpt>
      <trkpt lat="42.4058300" lon="12.7009800"></trkpt>
      <trkpt lat="42.4057100" lon="12.7008700"></trkpt>
      <trkpt lat="42.4056900" lon="12.7008500"></trkpt>
      <trkpt lat="42.4056600" lon="12.7008400"></trkpt>
      <trkpt lat="42.4055100" lon="12.7007900"></trkpt>
      <trkpt lat="42.4053400" lon="12.7007400"></trkpt>
      <trkpt lat="42.4051800" lon="12.7007100"></trkpt>
      <trkpt lat="42.4051700" lon="12.7007100"></trkpt>
      <trkpt lat="42.4049200" lon="12.7007100"></trkpt>
      <trkpt lat="42.4046300" lon="12.7007200"></trkpt>
      <trkpt lat="42.4044500" lon="12.7007300"></trkpt>
      <trkpt lat="42.4043900" lon="12.7007400"></trkpt>
      <trkpt lat="42.4043200" lon="12.7007500"></trkpt>
      <trkpt lat="42.4042900" lon="12.7007700"></trkpt>
      <trkpt lat="42.4042800" lon="12.7007700"></trkpt>
      <trkpt lat="42.4042500" lon="12.7008100"></trkpt>
      <trkpt lat="42.4042300" lon="12.7008400"></trkpt>
      <trkpt lat="42.4042300" lon="12.7008800"></trkpt>
      <trkpt lat="42.4042300" lon="12.7009200"></trkpt>
      <trkpt lat="42.4042400" lon="12.7009400"></trkpt>
      <trkpt lat="42.4042700" lon="12.7009800"></trkpt>
      <trkpt lat="42.4042900" lon="12.7009900"></trkpt>
      <trkpt lat="42.4043100" lon="12.7010000"></trkpt>
      <trkpt lat="42.4043400" lon="12.7010000"></trkpt>
      <trkpt lat="42.4043500" lon="12.7010000"></trkpt>
      <trkpt lat="42.4044100" lon="12.7009900"></trkpt>
      <trkpt lat="42.4044600" lon="12.7009800"></trkpt>
      <trkpt lat="42.4044700" lon="12.7009800"></trkpt>
      <trkpt lat="42.4045400" lon="12.7009500"></trkpt>
      <trkpt lat="42.4046300" lon="12.7009100"></trkpt>
      <trkpt lat="42.4046500" lon="12.7009100"></trkpt>
      <trkpt lat="42.4047400" lon="12.7008800"></trkpt>
      <trkpt lat="42.4048100" lon="12.7008800"></trkpt>
      <trkpt lat="42.4048200" lon="12.7008800"></trkpt>
      <trkpt lat="42.4048600" lon="12.7008800"></trkpt>
      <trkpt lat="42.4049000" lon="12.7008800"></trkpt>
      <trkpt lat="42.4050100" lon="12.7008900"></trkpt>
      <trkpt lat="42.4051700" lon="12.7009200"></trkpt>
      <trkpt lat="42.4052200" lon="12.7009400"></trkpt>
      <trkpt lat="42.4053300" lon="12.7009700"></trkpt>
      <trkpt lat="42.4054500" lon="12.7010400"></trkpt>
      <trkpt lat="42.4055100" lon="12.7010700"></trkpt>
      <trkpt lat="42.4055600" lon="12.7011200"></trkpt>
      <trkpt lat="42.4056100" lon="12.7011700"></trkpt>
      <trkpt lat="42.4057200" lon="12.7013400"></trkpt>
      <trkpt lat="42.4058400" lon="12.7016100"></trkpt>
      <trkpt lat="42.4058600" lon="12.7016500"></trkpt>
      <trkpt lat="42.4058900" lon="12.7017000"></trkpt>
      <trkpt lat="42.4059100" lon="12.7017400"></trkpt>
      <trkpt lat="42.4059800" lon="12.7018300"></trkpt>
      <trkpt lat="42.4060000" lon="12.7018500"></trkpt>
      <trkpt lat="42.4060100" lon="12.7018700"></trkpt>
      <trkpt lat="42.4060600" lon="12.7019200"></trkpt>
      <trkpt lat="42.4061000" lon="12.7019600"></trkpt>
      <trkpt lat="42.4061500" lon="12.7019900"></trkpt>
      <trkpt lat="42.4061600" lon="12.7020000"></trkpt>
      <trkpt lat="42.4062000" lon="12.7020200"></trkpt>
      <trkpt lat="42.4062600" lon="12.7020500"></trkpt>
      <trkpt lat="42.4062800" lon="12.7020600"></trkpt>
      <trkpt lat="42.4063600" lon="12.7020900"></trkpt>
      <trkpt lat="42.4065000" lon="12.7021300"></trkpt>
      <trkpt lat="42.4066300" lon="12.7021700"></trkpt>
      <trkpt lat="42.4066400" lon="12.7021700"></trkpt>
      <trkpt lat="42.4066800" lon="12.7021800"></trkpt>
      <trkpt lat="42.4071100" lon="12.7022700"></trkpt>
      <trkpt lat="42.4071600" lon="12.7022800"></trkpt>
      <trkpt lat="42.4072100" lon="12.7022900"></trkpt>
      <trkpt lat="42.4072200" lon="12.7022900"></trkpt>
      <trkpt lat="42.4072800" lon="12.7022900"></trkpt>
      <trkpt lat="42.4073300" lon="12.7022700"></trkpt>
      <trkpt lat="42.4073500" lon="12.7022700"></trkpt>
      <trkpt lat="42.4073700" lon="12.7022500"></trkpt>
      <trkpt lat="42.4074000" lon="12.7022400"></trkpt>
      <trkpt lat="42.4074500" lon="12.7022000"></trkpt>
      <trkpt lat="42.4075400" lon="12.7021100"></trkpt>
      <trkpt lat="42.4076300" lon="12.7019900"></trkpt>
      <trkpt lat="42.4077100" lon="12.7018700"></trkpt>
      <trkpt lat="42.4078000" lon="12.7017000"></trkpt>
      <trkpt lat="42.4078500" lon="12.7016100"></trkpt>
      <trkpt lat="42.4078600" lon="12.7015800"></trkpt>
      <trkpt lat="42.4078700" lon="12.7015400"></trkpt>
      <trkpt lat="42.4078900" lon="12.7014900"></trkpt>
      <trkpt lat="42.4079500" lon="12.7012800"></trkpt>
      <trkpt lat="42.4080000" lon="12.7011200"></trkpt>
      <trkpt lat="42.4080500" lon="12.7009600"></trkpt>
      <trkpt lat="42.4080500" lon="12.7009500"></trkpt>
      <trkpt lat="42.4080900" lon="12.7008700"></trkpt>
      <trkpt lat="42.4081100" lon="12.7008300"></trkpt>
      <trkpt lat="42.4081800" lon="12.7007400"></trkpt>
      <trkpt lat="42.4082500" lon="12.7006800"></trkpt>
      <trkpt lat="42.4083200" lon="12.7006400"></trkpt>
      <trkpt lat="42.4083400" lon="12.7006300"></trkpt>
      <trkpt lat="42.4083900" lon="12.7006100"></trkpt>
      <trkpt lat="42.4085200" lon="12.7005700"></trkpt>
      <trkpt lat="42.4086300" lon="12.7005600"></trkpt>
      <trkpt lat="42.4086900" lon="12.7005600"></trkpt>
      <trkpt lat="42.4087300" lon="12.7005600"></trkpt>
      <trkpt lat="42.4087600" lon="12.7005700"></trkpt>
      <trkpt lat="42.4088100" lon="12.7006000"></trkpt>
      <trkpt lat="42.4089100" lon="12.7006800"></trkpt>
      <trkpt lat="42.4089500" lon="12.7007200"></trkpt>
      <trkpt lat="42.4090600" lon="12.7008300"></trkpt>
      <trkpt lat="42.4092000" lon="12.7009500"></trkpt>
      <trkpt lat="42.4093500" lon="12.7011100"></trkpt>
      <trkpt lat="42.4093800" lon="12.7011400"></trkpt>
      <trkpt lat="42.4094500" lon="12.7012100"></trkpt>
      <trkpt lat="42.4095000" lon="12.7012600"></trkpt>
      <trkpt lat="42.4096100" lon="12.7013600"></trkpt>
      <trkpt lat="42.4097300" lon="12.7014300"></trkpt>
      <trkpt lat="42.4098200" lon="12.7014900"></trkpt>
      <trkpt lat="42.4098900" lon="12.7015300"></trkpt>
      <trkpt lat="42.4100000" lon="12.7015900"></trkpt>
      <trkpt lat="42.4101100" lon="12.7016400"></trkpt>
      <trkpt lat="42.4101700" lon="12.7016800"></trkpt>
      <trkpt lat="42.4103600" lon="12.7017900"></trkpt>
      <trkpt lat="42.4104900" lon="12.7019000"></trkpt>
      <trkpt lat="42.4106500" lon="12.7020200"></trkpt>
      <trkpt lat="42.4108000" lon="12.7021500"></trkpt>
      <trkpt lat="42.4108100" lon="12.7021500"></trkpt>
      <trkpt lat="42.4109600" lon="12.7022800"></trkpt>
      <trkpt lat="42.4109600" lon="12.7022900"></trkpt>
      <trkpt lat="42.4110100" lon="12.7023200"></trkpt>
      <trkpt lat="42.4111500" lon="12.7024300"></trkpt>
      <trkpt lat="42.4112700" lon="12.7025100"></trkpt>
      <trkpt lat="42.4112800" lon="12.7025200"></trkpt>
      <trkpt lat="42.4113300" lon="12.7025500"></trkpt>
      <trkpt lat="42.4113500" lon="12.7025700"></trkpt>
      <trkpt lat="42.4114300" lon="12.7026400"></trkpt>
      <trkpt lat="42.4114600" lon="12.7026700"></trkpt>
      <trkpt lat="42.4115500" lon="12.7027600"></trkpt>
      <trkpt lat="42.4117200" lon="12.7029800"></trkpt>
      <trkpt lat="42.4117300" lon="12.7029800"></trkpt>
      <trkpt lat="42.4118100" lon="12.7030800"></trkpt>
      <trkpt lat="42.4119000" lon="12.7032100"></trkpt>
      <trkpt lat="42.4119900" lon="12.7033000"></trkpt>
      <trkpt lat="42.4120700" lon="12.7033600"></trkpt>
      <trkpt lat="42.4121600" lon="12.7034000"></trkpt>
      <trkpt lat="42.4122000" lon="12.7034200"></trkpt>
      <trkpt lat="42.4122800" lon="12.7034600"></trkpt>
      <trkpt lat="42.4123800" lon="12.7034800"></trkpt>
      <trkpt lat="42.4124000" lon="12.7034800"></trkpt>
      <trkpt lat="42.4125300" lon="12.7034800"></trkpt>
      <trkpt lat="42.4126600" lon="12.7034600"></trkpt>
      <trkpt lat="42.4126700" lon="12.7034600"></trkpt>
      <trkpt lat="42.4128600" lon="12.7033500"></trkpt>
      <trkpt lat="42.4129700" lon="12.7032700"></trkpt>
      <trkpt lat="42.4130300" lon="12.7032200"></trkpt>
      <trkpt lat="42.4130700" lon="12.7031700"></trkpt>
      <trkpt lat="42.4131300" lon="12.7031200"></trkpt>
      <trkpt lat="42.4131700" lon="12.7030800"></trkpt>
      <trkpt lat="42.4133000" lon="12.7029500"></trkpt>
      <trkpt lat="42.4133800" lon="12.7029100"></trkpt>
      <trkpt lat="42.4134400" lon="12.7029000"></trkpt>
      <trkpt lat="42.4134800" lon="12.7029100"></trkpt>
      <trkpt lat="42.4135100" lon="12.7029100"></trkpt>
      <trkpt lat="42.4135700" lon="12.7029400"></trkpt>
      <trkpt lat="42.4136300" lon="12.7029800"></trkpt>
      <trkpt lat="42.4136800" lon="12.7030600"></trkpt>
      <trkpt lat="42.4136900" lon="12.7030700"></trkpt>
      <trkpt lat="42.4137600" lon="12.7032300"></trkpt>
      <trkpt lat="42.4138100" lon="12.7034600"></trkpt>
      <trkpt lat="42.4138100" lon="12.7034900"></trkpt>
      <trkpt lat="42.4138500" lon="12.7038800"></trkpt>
      <trkpt lat="42.4138600" lon="12.7039800"></trkpt>
      <trkpt lat="42.4138900" lon="12.7041800"></trkpt>
      <trkpt lat="42.4138900" lon="12.7042200"></trkpt>
      <trkpt lat="42.4139200" lon="12.7043300"></trkpt>
      <trkpt lat="42.4139700" lon="12.7044600"></trkpt>
      <trkpt lat="42.4140400" lon="12.7046000"></trkpt>
      <trkpt lat="42.4141700" lon="12.7047600"></trkpt>
      <trkpt lat="42.4142000" lon="12.7048000"></trkpt>
      <trkpt lat="42.4142100" lon="12.7048100"></trkpt>
      <trkpt lat="42.4149200" lon="12.7057500"></trkpt>
      <trkpt lat="42.4149400" lon="12.7057700"></trkpt>
      <trkpt lat="42.4149900" lon="12.7058400"></trkpt>
      <trkpt lat="42.4150500" lon="12.7059100"></trkpt>
      <trkpt lat="42.4151300" lon="12.7060000"></trkpt>
      <trkpt lat="42.4151900" lon="12.7060800"></trkpt>
      <trkpt lat="42.4153200" lon="12.7062400"></trkpt>
      <trkpt lat="42.4154500" lon="12.7064100"></trkpt>
      <trkpt lat="42.4155800" lon="12.7065700"></trkpt>
      <trkpt lat="42.4156500" lon="12.7066600"></trkpt>
      <trkpt lat="42.4156700" lon="12.7066700"></trkpt>
      <trkpt lat="42.4158100" lon="12.7068200"></trkpt>
      <trkpt lat="42.4158700" lon="12.7068700"></trkpt>
      <trkpt lat="42.4159600" lon="12.7069700"></trkpt>
      <trkpt lat="42.4160100" lon="12.7070100"></trkpt>
      <trkpt lat="42.4160500" lon="12.7070500"></trkpt>
      <trkpt lat="42.4161000" lon="12.7071300"></trkpt>
      <trkpt lat="42.4161200" lon="12.7071600"></trkpt>
      <trkpt lat="42.4161800" lon="12.7072600"></trkpt>
      <trkpt lat="42.4162400" lon="12.7074000"></trkpt>
      <trkpt lat="42.4162700" lon="12.7074600"></trkpt>
      <trkpt lat="42.4163400" lon="12.7076000"></trkpt>
      <trkpt lat="42.4164100" lon="12.7077100"></trkpt>
      <trkpt lat="42.4164300" lon="12.7077500"></trkpt>
      <trkpt lat="42.4164600" lon="12.7077900"></trkpt>
      <trkpt lat="42.4165000" lon="12.7078300"></trkpt>
      <trkpt lat="42.4165500" lon="12.7078900"></trkpt>
      <trkpt lat="42.4166000" lon="12.7079300"></trkpt>
      <trkpt lat="42.4166700" lon="12.7079700"></trkpt>
      <trkpt lat="42.4167500" lon="12.7080100"></trkpt>
      <trkpt lat="42.4167800" lon="12.7080300"></trkpt>
      <trkpt lat="42.4168300" lon="12.7080700"></trkpt>
      <trkpt lat="42.4168800" lon="12.7081000"></trkpt>
      <trkpt lat="42.4170300" lon="12.7081800"></trkpt>
      <trkpt lat="42.4171400" lon="12.7082300"></trkpt>
      <trkpt lat="42.4171600" lon="12.7082500"></trkpt>
      <trkpt lat="42.4172500" lon="12.7083000"></trkpt>
      <trkpt lat="42.4172700" lon="12.7083100"></trkpt>
      <trkpt lat="42.4173300" lon="12.7083500"></trkpt>
      <trkpt lat="42.4174000" lon="12.7083900"></trkpt>
      <trkpt lat="42.4174100" lon="12.7084100"></trkpt>
      <trkpt lat="42.4174800" lon="12.7084800"></trkpt>
      <trkpt lat="42.4174900" lon="12.7084800"></trkpt>
      <trkpt lat="42.4175600" lon="12.7085800"></trkpt>
      <trkpt lat="42.4176400" lon="12.7087200"></trkpt>
      <trkpt lat="42.4176600" lon="12.7087700"></trkpt>
      <trkpt lat="42.4176800" lon="12.7088100"></trkpt>
      <trkpt lat="42.4177000" lon="12.7088700"></trkpt>
      <trkpt lat="42.4177200" lon="12.7089000"></trkpt>
      <trkpt lat="42.4177500" lon="12.7089900"></trkpt>
      <trkpt lat="42.4177800" lon="12.7090800"></trkpt>
      <trkpt lat="42.4177800" lon="12.7090900"></trkpt>
      <trkpt lat="42.4178500" lon="12.7093100"></trkpt>
      <trkpt lat="42.4179100" lon="12.7094800"></trkpt>
      <trkpt lat="42.4179700" lon="12.7096600"></trkpt>
      <trkpt lat="42.4179900" lon="12.7097100"></trkpt>
      <trkpt lat="42.4180000" lon="12.7097500"></trkpt>
      <trkpt lat="42.4180400" lon="12.7098400"></trkpt>
      <trkpt lat="42.4180500" lon="12.7098800"></trkpt>
      <trkpt lat="42.4180700" lon="12.7099400"></trkpt>
      <trkpt lat="42.4180700" lon="12.7099800"></trkpt>
      <trkpt lat="42.4180800" lon="12.7100300"></trkpt>
      <trkpt lat="42.4180800" lon="12.7101100"></trkpt>
      <trkpt lat="42.4180700" lon="12.7101400"></trkpt>
      <trkpt lat="42.4180700" lon="12.7101600"></trkpt>
      <trkpt lat="42.4180600" lon="12.7102100"></trkpt>
      <trkpt lat="42.4180200" lon="12.7102900"></trkpt>
      <trkpt lat="42.4179600" lon="12.7103500"></trkpt>
      <trkpt lat="42.4179300" lon="12.7103900"></trkpt>
      <trkpt lat="42.4178100" lon="12.7104900"></trkpt>
      <trkpt lat="42.4177700" lon="12.7105200"></trkpt>
      <trkpt lat="42.4177400" lon="12.7105400"></trkpt>
      <trkpt lat="42.4176500" lon="12.7106100"></trkpt>
      <trkpt lat="42.4175700" lon="12.7106700"></trkpt>
      <trkpt lat="42.4175500" lon="12.7106900"></trkpt>
      <trkpt lat="42.4175200" lon="12.7107100"></trkpt>
      <trkpt lat="42.4174900" lon="12.7107200"></trkpt>
      <trkpt lat="42.4174200" lon="12.7107700"></trkpt>
      <trkpt lat="42.4173700" lon="12.7108000"></trkpt>
      <trkpt lat="42.4173200" lon="12.7108200"></trkpt>
      <trkpt lat="42.4172500" lon="12.7108500"></trkpt>
      <trkpt lat="42.4171700" lon="12.7108800"></trkpt>
      <trkpt lat="42.4171500" lon="12.7108900"></trkpt>
      <trkpt lat="42.4170800" lon="12.7109300"></trkpt>
      <trkpt lat="42.4170400" lon="12.7109400"></trkpt>
      <trkpt lat="42.4169900" lon="12.7109800"></trkpt>
      <trkpt lat="42.4169600" lon="12.7110100"></trkpt>
      <trkpt lat="42.4169200" lon="12.7110400"></trkpt>
      <trkpt lat="42.4168600" lon="12.7110900"></trkpt>
      <trkpt lat="42.4168500" lon="12.7111100"></trkpt>
      <trkpt lat="42.4167900" lon="12.7111900"></trkpt>
      <trkpt lat="42.4167500" lon="12.7112500"></trkpt>
      <trkpt lat="42.4167400" lon="12.7112600"></trkpt>
      <trkpt lat="42.4166700" lon="12.7113700"></trkpt>
      <trkpt lat="42.4166100" lon="12.7114600"></trkpt>
      <trkpt lat="42.4166100" lon="12.7114700"></trkpt>
      <trkpt lat="42.4165600" lon="12.7115600"></trkpt>
      <trkpt lat="42.4165000" lon="12.7116700"></trkpt>
      <trkpt lat="42.4164800" lon="12.7117100"></trkpt>
      <trkpt lat="42.4164600" lon="12.7117500"></trkpt>
      <trkpt lat="42.4164200" lon="12.7118400"></trkpt>
      <trkpt lat="42.4164100" lon="12.7118700"></trkpt>
      <trkpt lat="42.4164100" lon="12.7118800"></trkpt>
      <trkpt lat="42.4163800" lon="12.7119700"></trkpt>
      <trkpt lat="42.4163400" lon="12.7120900"></trkpt>
      <trkpt lat="42.4163100" lon="12.7121900"></trkpt>
      <trkpt lat="42.4162900" lon="12.7122300"></trkpt>
      <trkpt lat="42.4162000" lon="12.7124500"></trkpt>
      <trkpt lat="42.4160700" lon="12.7127300"></trkpt>
      <trkpt lat="42.4160600" lon="12.7127400"></trkpt>
      <trkpt lat="42.4160400" lon="12.7128200"></trkpt>
      <trkpt lat="42.4160000" lon="12.7129100"></trkpt>
      <trkpt lat="42.4159900" lon="12.7129400"></trkpt>
      <trkpt lat="42.4159700" lon="12.7130000"></trkpt>
      <trkpt lat="42.4159600" lon="12.7130300"></trkpt>
      <trkpt lat="42.4159500" lon="12.7130700"></trkpt>
      <trkpt lat="42.4159400" lon="12.7131200"></trkpt>
      <trkpt lat="42.4159400" lon="12.7131600"></trkpt>
      <trkpt lat="42.4159100" lon="12.7133600"></trkpt>
      <trkpt lat="42.4159100" lon="12.7134000"></trkpt>
      <trkpt lat="42.4158800" lon="12.7136300"></trkpt>
      <trkpt lat="42.4158400" lon="12.7137400"></trkpt>
      <trkpt lat="42.4157800" lon="12.7139200"></trkpt>
      <trkpt lat="42.4157600" lon="12.7139600"></trkpt>
      <trkpt lat="42.4157100" lon="12.7141100"></trkpt>
      <trkpt lat="42.4156800" lon="12.7141800"></trkpt>
      <trkpt lat="42.4156400" lon="12.7142700"></trkpt>
      <trkpt lat="42.4155400" lon="12.7144700"></trkpt>
      <trkpt lat="42.4154700" lon="12.7145900"></trkpt>
      <trkpt lat="42.4154000" lon="12.7147000"></trkpt>
      <trkpt lat="42.4153600" lon="12.7147800"></trkpt>
      <trkpt lat="42.4152900" lon="12.7148900"></trkpt>
      <trkpt lat="42.4152900" lon="12.7149000"></trkpt>
      <trkpt lat="42.4151000" lon="12.7151500"></trkpt>
      <trkpt lat="42.4150300" lon="12.7152300"></trkpt>
      <trkpt lat="42.4149200" lon="12.7153700"></trkpt>
      <trkpt lat="42.4147800" lon="12.7155300"></trkpt>
      <trkpt lat="42.4147100" lon="12.7156300"></trkpt>
      <trkpt lat="42.4147000" lon="12.7156300"></trkpt>
      <trkpt lat="42.4146200" lon="12.7157100"></trkpt>
      <trkpt lat="42.4145000" lon="12.7158400"></trkpt>
      <trkpt lat="42.4144200" lon="12.7159300"></trkpt>
      <trkpt lat="42.4143400" lon="12.7160100"></trkpt>
      <trkpt lat="42.4142800" lon="12.7160700"></trkpt>
      <trkpt lat="42.4140800" lon="12.7162800"></trkpt>
      <trkpt lat="42.4139900" lon="12.7163700"></trkpt>
      <trkpt lat="42.4139300" lon="12.7164300"></trkpt>
      <trkpt lat="42.4139100" lon="12.7164600"></trkpt>
      <trkpt lat="42.4137900" lon="12.7165800"></trkpt>
      <trkpt lat="42.4136200" lon="12.7167500"></trkpt>
      <trkpt lat="42.4135000" lon="12.7168800"></trkpt>
      <trkpt lat="42.4134800" lon="12.7169000"></trkpt>
      <trkpt lat="42.4134200" lon="12.7169600"></trkpt>
      <trkpt lat="42.4130700" lon="12.7173300"></trkpt>
      <trkpt lat="42.4130500" lon="12.7173400"></trkpt>
      <trkpt lat="42.4129800" lon="12.7174100"></trkpt>
      <trkpt lat="42.4129000" lon="12.7174800"></trkpt>
      <trkpt lat="42.4128300" lon="12.7175400"></trkpt>
      <trkpt lat="42.4128000" lon="12.7175700"></trkpt>
      <trkpt lat="42.4127800" lon="12.7176000"></trkpt>
      <trkpt lat="42.4127600" lon="12.7176200"></trkpt>
      <trkpt lat="42.4126200" lon="12.7177800"></trkpt>
      <trkpt lat="42.4126000" lon="12.7178000"></trkpt>
      <trkpt lat="42.4125500" lon="12.7178500"></trkpt>
      <trkpt lat="42.4125000" lon="12.7179100"></trkpt>
      <trkpt lat="42.4124800" lon="12.7179300"></trkpt>
      <trkpt lat="42.4124200" lon="12.7179900"></trkpt>
      <trkpt lat="42.4124200" lon="12.7180000"></trkpt>
      <trkpt lat="42.4122600" lon="12.7182200"></trkpt>
      <trkpt lat="42.4121200" lon="12.7184000"></trkpt>
      <trkpt lat="42.4120900" lon="12.7184400"></trkpt>
      <trkpt lat="42.4120300" lon="12.7185100"></trkpt>
      <trkpt lat="42.4119400" lon="12.7186300"></trkpt>
      <trkpt lat="42.4119000" lon="12.7186800"></trkpt>
      <trkpt lat="42.4118300" lon="12.7187700"></trkpt>
      <trkpt lat="42.4117200" lon="12.7189100"></trkpt>
      <trkpt lat="42.4117000" lon="12.7189400"></trkpt>
      <trkpt lat="42.4116400" lon="12.7190200"></trkpt>
      <trkpt lat="42.4115900" lon="12.7190800"></trkpt>
      <trkpt lat="42.4115700" lon="12.7191100"></trkpt>
      <trkpt lat="42.4113800" lon="12.7193500"></trkpt>
      <trkpt lat="42.4110500" lon="12.7197700"></trkpt>
      <trkpt lat="42.4109800" lon="12.7198500"></trkpt>
      <trkpt lat="42.4109100" lon="12.7199400"></trkpt>
      <trkpt lat="42.4109100" lon="12.7199500"></trkpt>
      <trkpt lat="42.4108600" lon="12.7200200"></trkpt>
      <trkpt lat="42.4108100" lon="12.7200900"></trkpt>
      <trkpt lat="42.4108100" lon="12.7201000"></trkpt>
      <trkpt lat="42.4107500" lon="12.7202000"></trkpt>
      <trkpt lat="42.4107200" lon="12.7202800"></trkpt>
      <trkpt lat="42.4107100" lon="12.7202900"></trkpt>
      <trkpt lat="42.4107000" lon="12.7203100"></trkpt>
      <trkpt lat="42.4106700" lon="12.7203900"></trkpt>
      <trkpt lat="42.4106400" lon="12.7205000"></trkpt>
      <trkpt lat="42.4106300" lon="12.7205300"></trkpt>
      <trkpt lat="42.4105900" lon="12.7207300"></trkpt>
      <trkpt lat="42.4105800" lon="12.7207600"></trkpt>
      <trkpt lat="42.4105700" lon="12.7207900"></trkpt>
      <trkpt lat="42.4105400" lon="12.7209600"></trkpt>
      <trkpt lat="42.4105300" lon="12.7210000"></trkpt>
      <trkpt lat="42.4105100" lon="12.7211100"></trkpt>
      <trkpt lat="42.4104900" lon="12.7211900"></trkpt>
      <trkpt lat="42.4104900" lon="12.7212300"></trkpt>
      <trkpt lat="42.4104700" lon="12.7213300"></trkpt>
      <trkpt lat="42.4104600" lon="12.7213400"></trkpt>
      <trkpt lat="42.4104400" lon="12.7214300"></trkpt>
      <trkpt lat="42.4104400" lon="12.7214600"></trkpt>
      <trkpt lat="42.4104300" lon="12.7214700"></trkpt>
      <trkpt lat="42.4104200" lon="12.7215100"></trkpt>
      <trkpt lat="42.4104000" lon="12.7215700"></trkpt>
      <trkpt lat="42.4104000" lon="12.7215800"></trkpt>
      <trkpt lat="42.4103800" lon="12.7216300"></trkpt>
      <trkpt lat="42.4103600" lon="12.7216600"></trkpt>
      <trkpt lat="42.4103400" lon="12.7216900"></trkpt>
      <trkpt lat="42.4102800" lon="12.7217700"></trkpt>
      <trkpt lat="42.4102200" lon="12.7218300"></trkpt>
      <trkpt lat="42.4102000" lon="12.7218600"></trkpt>
      <trkpt lat="42.4101600" lon="12.7219100"></trkpt>
      <trkpt lat="42.4098700" lon="12.7222500"></trkpt>
      <trkpt lat="42.4098500" lon="12.7222800"></trkpt>
      <trkpt lat="42.4096800" lon="12.7226000"></trkpt>
      <trkpt lat="42.4096400" lon="12.7226900"></trkpt>
      <trkpt lat="42.4095800" lon="12.7227900"></trkpt>
      <trkpt lat="42.4092300" lon="12.7233800"></trkpt>
      <trkpt lat="42.4091200" lon="12.7235700"></trkpt>
      <trkpt lat="42.4091000" lon="12.7236000"></trkpt>
      <trkpt lat="42.4089800" lon="12.7237800"></trkpt>
      <trkpt lat="42.4089700" lon="12.7238000"></trkpt>
      <trkpt lat="42.4088700" lon="12.7239700"></trkpt>
      <trkpt lat="42.4088300" lon="12.7240200"></trkpt>
      <trkpt lat="42.4087900" lon="12.7241000"></trkpt>
      <trkpt lat="42.4087500" lon="12.7241500"></trkpt>
      <trkpt lat="42.4086500" lon="12.7243200"></trkpt>
      <trkpt lat="42.4086400" lon="12.7243400"></trkpt>
      <trkpt lat="42.4086200" lon="12.7243700"></trkpt>
      <trkpt lat="42.4085100" lon="12.7245500"></trkpt>
      <trkpt lat="42.4084200" lon="12.7247100"></trkpt>
      <trkpt lat="42.4082000" lon="12.7250800"></trkpt>
      <trkpt lat="42.4080700" lon="12.7252600"></trkpt>
      <trkpt lat="42.4079400" lon="12.7254200"></trkpt>
      <trkpt lat="42.4079200" lon="12.7254400"></trkpt>
      <trkpt lat="42.4079100" lon="12.7254600"></trkpt>
      <trkpt lat="42.4078800" lon="12.7254900"></trkpt>
      <trkpt lat="42.4078600" lon="12.7255200"></trkpt>
      <trkpt lat="42.4077900" lon="12.7256000"></trkpt>
      <trkpt lat="42.4076700" lon="12.7257300"></trkpt>
      <trkpt lat="42.4075400" lon="12.7258800"></trkpt>
      <trkpt lat="42.4075000" lon="12.7259400"></trkpt>
      <trkpt lat="42.4074700" lon="12.7259900"></trkpt>
      <trkpt lat="42.4074000" lon="12.7261200"></trkpt>
      <trkpt lat="42.4073600" lon="12.7262200"></trkpt>
      <trkpt lat="42.4073400" lon="12.7263000"></trkpt>
      <trkpt lat="42.4073400" lon="12.7263200"></trkpt>
      <trkpt lat="42.4073300" lon="12.7263500"></trkpt>
      <trkpt lat="42.4073200" lon="12.7264000"></trkpt>
      <trkpt lat="42.4073100" lon="12.7265400"></trkpt>
      <trkpt lat="42.4072900" lon="12.7267000"></trkpt>
      <trkpt lat="42.4072800" lon="12.7267800"></trkpt>
      <trkpt lat="42.4072700" lon="12.7269200"></trkpt>
      <trkpt lat="42.4072700" lon="12.7270200"></trkpt>
      <trkpt lat="42.4072500" lon="12.7277600"></trkpt>
      <trkpt lat="42.4072500" lon="12.7279300"></trkpt>
      <trkpt lat="42.4072500" lon="12.7280500"></trkpt>
      <trkpt lat="42.4072400" lon="12.7281100"></trkpt>
      <trkpt lat="42.4072400" lon="12.7282500"></trkpt>
      <trkpt lat="42.4072300" lon="12.7287700"></trkpt>
      <trkpt lat="42.4072400" lon="12.7289900"></trkpt>
      <trkpt lat="42.4072600" lon="12.7291500"></trkpt>
      <trkpt lat="42.4072700" lon="12.7292100"></trkpt>
      <trkpt lat="42.4073400" lon="12.7294100"></trkpt>
      <trkpt lat="42.4074500" lon="12.7296900"></trkpt>
      <trkpt lat="42.4074600" lon="12.7297500"></trkpt>
      <trkpt lat="42.4074900" lon="12.7298900"></trkpt>
      <trkpt lat="42.4074900" lon="12.7299000"></trkpt>
      <trkpt lat="42.4075000" lon="12.7301700"></trkpt>
      <trkpt lat="42.4075000" lon="12.7301800"></trkpt>
      <trkpt lat="42.4074700" lon="12.7304100"></trkpt>
      <trkpt lat="42.4074700" lon="12.7304200"></trkpt>
      <trkpt lat="42.4074400" lon="12.7306200"></trkpt>
      <trkpt lat="42.4074300" lon="12.7306600"></trkpt>
      <trkpt lat="42.4073500" lon="12.7309300"></trkpt>
      <trkpt lat="42.4072600" lon="12.7312200"></trkpt>
      <trkpt lat="42.4072300" lon="12.7313100"></trkpt>
      <trkpt lat="42.4071900" lon="12.7314300"></trkpt>
      <trkpt lat="42.4071800" lon="12.7315200"></trkpt>
      <trkpt lat="42.4071700" lon="12.7316000"></trkpt>
      <trkpt lat="42.4071800" lon="12.7316600"></trkpt>
      <trkpt lat="42.4071900" lon="12.7317100"></trkpt>
      <trkpt lat="42.4072100" lon="12.7317700"></trkpt>
      <trkpt lat="42.4072400" lon="12.7318400"></trkpt>
      <trkpt lat="42.4073200" lon="12.7319900"></trkpt>
      <trkpt lat="42.4074700" lon="12.7322800"></trkpt>
      <trkpt lat="42.4075100" lon="12.7323900"></trkpt>
      <trkpt lat="42.4075200" lon="12.7324400"></trkpt>
      <trkpt lat="42.4075400" lon="12.7325400"></trkpt>
      <trkpt lat="42.4075500" lon="12.7326100"></trkpt>
      <trkpt lat="42.4075500" lon="12.7326200"></trkpt>
      <trkpt lat="42.4075500" lon="12.7327700"></trkpt>
      <trkpt lat="42.4075300" lon="12.7329700"></trkpt>
      <trkpt lat="42.4075300" lon="12.7331100"></trkpt>
      <trkpt lat="42.4075300" lon="12.7332100"></trkpt>
      <trkpt lat="42.4075500" lon="12.7334000"></trkpt>
      <trkpt lat="42.4075800" lon="12.7336700"></trkpt>
      <trkpt lat="42.4075900" lon="12.7338400"></trkpt>
      <trkpt lat="42.4075900" lon="12.7338600"></trkpt>
      <trkpt lat="42.4075900" lon="12.7340100"></trkpt>
      <trkpt lat="42.4076000" lon="12.7340900"></trkpt>
      <trkpt lat="42.4076000" lon="12.7341500"></trkpt>
      <trkpt lat="42.4076100" lon="12.7342100"></trkpt>
      <trkpt lat="42.4076300" lon="12.7342500"></trkpt>
      <trkpt lat="42.4076500" lon="12.7343000"></trkpt>
      <trkpt lat="42.4076700" lon="12.7343200"></trkpt>
      <trkpt lat="42.4077000" lon="12.7343400"></trkpt>
      <trkpt lat="42.4077400" lon="12.7343700"></trkpt>
      <trkpt lat="42.4077700" lon="12.7343900"></trkpt>
      <trkpt lat="42.4078000" lon="12.7344100"></trkpt>
      <trkpt lat="42.4078200" lon="12.7344200"></trkpt>
      <trkpt lat="42.4079500" lon="12.7344600"></trkpt>
      <trkpt lat="42.4079700" lon="12.7344600"></trkpt>
      <trkpt lat="42.4080400" lon="12.7344800"></trkpt>
      <trkpt lat="42.4081500" lon="12.7345000"></trkpt>
      <trkpt lat="42.4081700" lon="12.7345100"></trkpt>
      <trkpt lat="42.4083000" lon="12.7345400"></trkpt>
      <trkpt lat="42.4083300" lon="12.7345400"></trkpt>
      <trkpt lat="42.4084500" lon="12.7345900"></trkpt>
      <trkpt lat="42.4084900" lon="12.7346100"></trkpt>
      <trkpt lat="42.4085100" lon="12.7346300"></trkpt>
      <trkpt lat="42.4085300" lon="12.7346700"></trkpt>
      <trkpt lat="42.4085600" lon="12.7347300"></trkpt>
      <trkpt lat="42.4085900" lon="12.7347800"></trkpt>
      <trkpt lat="42.4086000" lon="12.7348300"></trkpt>
      <trkpt lat="42.4086000" lon="12.7348500"></trkpt>
      <trkpt lat="42.4086000" lon="12.7348800"></trkpt>
      <trkpt lat="42.4086000" lon="12.7349200"></trkpt>
      <trkpt lat="42.4085900" lon="12.7349800"></trkpt>
      <trkpt lat="42.4085700" lon="12.7350800"></trkpt>
      <trkpt lat="42.4085600" lon="12.7351300"></trkpt>
      <trkpt lat="42.4084700" lon="12.7353200"></trkpt>
      <trkpt lat="42.4083800" lon="12.7355100"></trkpt>
      <trkpt lat="42.4083300" lon="12.7356200"></trkpt>
      <trkpt lat="42.4083000" lon="12.7357100"></trkpt>
      <trkpt lat="42.4082700" lon="12.7358200"></trkpt>
      <trkpt lat="42.4082400" lon="12.7359600"></trkpt>
      <trkpt lat="42.4082100" lon="12.7362000"></trkpt>
      <trkpt lat="42.4081900" lon="12.7363400"></trkpt>
      <trkpt lat="42.4081800" lon="12.7364400"></trkpt>
      <trkpt lat="42.4081500" lon="12.7367000"></trkpt>
      <trkpt lat="42.4081200" lon="12.7369400"></trkpt>
      <trkpt lat="42.4081100" lon="12.7370700"></trkpt>
      <trkpt lat="42.4081000" lon="12.7371600"></trkpt>
      <trkpt lat="42.4081000" lon="12.7371800"></trkpt>
      <trkpt lat="42.4080700" lon="12.7373400"></trkpt>
      <trkpt lat="42.4080600" lon="12.7374100"></trkpt>
      <trkpt lat="42.4079900" lon="12.7376600"></trkpt>
      <trkpt lat="42.4079700" lon="12.7377500"></trkpt>
      <trkpt lat="42.4077900" lon="12.7381900"></trkpt>
      <trkpt lat="42.4077900" lon="12.7382000"></trkpt>
      <trkpt lat="42.4077500" lon="12.7383200"></trkpt>
      <trkpt lat="42.4077200" lon="12.7383900"></trkpt>
      <trkpt lat="42.4076800" lon="12.7385100"></trkpt>
      <trkpt lat="42.4076700" lon="12.7385400"></trkpt>
      <trkpt lat="42.4076500" lon="12.7386400"></trkpt>
      <trkpt lat="42.4076400" lon="12.7387400"></trkpt>
      <trkpt lat="42.4076400" lon="12.7388300"></trkpt>
      <trkpt lat="42.4076600" lon="12.7391400"></trkpt>
      <trkpt lat="42.4076800" lon="12.7394900"></trkpt>
      <trkpt lat="42.4077100" lon="12.7398400"></trkpt>
      <trkpt lat="42.4077000" lon="12.7399900"></trkpt>
      <trkpt lat="42.4076600" lon="12.7406100"></trkpt>
      <trkpt lat="42.4076500" lon="12.7409000"></trkpt>
      <trkpt lat="42.4076500" lon="12.7409700"></trkpt>
      <trkpt lat="42.4076500" lon="12.7412100"></trkpt>
      <trkpt lat="42.4076500" lon="12.7416500"></trkpt>
      <trkpt lat="42.4076400" lon="12.7417000"></trkpt>
      <trkpt lat="42.4076400" lon="12.7417700"></trkpt>
      <trkpt lat="42.4076500" lon="12.7421400"></trkpt>
      <trkpt lat="42.4076600" lon="12.7423000"></trkpt>
      <trkpt lat="42.4076600" lon="12.7423800"></trkpt>
      <trkpt lat="42.4076600" lon="12.7424400"></trkpt>
      <trkpt lat="42.4076600" lon="12.7425400"></trkpt>
      <trkpt lat="42.4076700" lon="12.7426800"></trkpt>
      <trkpt lat="42.4076800" lon="12.7432000"></trkpt>
      <trkpt lat="42.4076700" lon="12.7436600"></trkpt>
      <trkpt lat="42.4076700" lon="12.7439100"></trkpt>
      <trkpt lat="42.4076500" lon="12.7447800"></trkpt>
      <trkpt lat="42.4076400" lon="12.7449900"></trkpt>
      <trkpt lat="42.4076400" lon="12.7450600"></trkpt>
      <trkpt lat="42.4076400" lon="12.7451200"></trkpt>
      <trkpt lat="42.4076400" lon="12.7453100"></trkpt>
      <trkpt lat="42.4076700" lon="12.7458100"></trkpt>
      <trkpt lat="42.4076700" lon="12.7458300"></trkpt>
      <trkpt lat="42.4076900" lon="12.7459100"></trkpt>
      <trkpt lat="42.4077100" lon="12.7459800"></trkpt>
      <trkpt lat="42.4077300" lon="12.7460500"></trkpt>
      <trkpt lat="42.4077400" lon="12.7460600"></trkpt>
      <trkpt lat="42.4077800" lon="12.7461500"></trkpt>
      <trkpt lat="42.4078300" lon="12.7462300"></trkpt>
      <trkpt lat="42.4078300" lon="12.7462400"></trkpt>
      <trkpt lat="42.4079400" lon="12.7463800"></trkpt>
      <trkpt lat="42.4079800" lon="12.7464400"></trkpt>
      <trkpt lat="42.4080400" lon="12.7464900"></trkpt>
      <trkpt lat="42.4080800" lon="12.7465200"></trkpt>
      <trkpt lat="42.4081000" lon="12.7465300"></trkpt>
      <trkpt lat="42.4081800" lon="12.7465600"></trkpt>
      <trkpt lat="42.4082500" lon="12.7465800"></trkpt>
      <trkpt lat="42.4082700" lon="12.7465900"></trkpt>
      <trkpt lat="42.4083000" lon="12.7465900"></trkpt>
      <trkpt lat="42.4083200" lon="12.7466000"></trkpt>
      <trkpt lat="42.4083500" lon="12.7466000"></trkpt>
      <trkpt lat="42.4083900" lon="12.7466000"></trkpt>
      <trkpt lat="42.4084700" lon="12.7466000"></trkpt>
      <trkpt lat="42.4085500" lon="12.7465800"></trkpt>
      <trkpt lat="42.4086300" lon="12.7465600"></trkpt>
      <trkpt lat="42.4086900" lon="12.7465300"></trkpt>
      <trkpt lat="42.4088000" lon="12.7464700"></trkpt>
      <trkpt lat="42.4089500" lon="12.7463800"></trkpt>
      <trkpt lat="42.4089600" lon="12.7463700"></trkpt>
      <trkpt lat="42.4090700" lon="12.7463100"></trkpt>
      <trkpt lat="42.4091200" lon="12.7462900"></trkpt>
      <trkpt lat="42.4091700" lon="12.7462700"></trkpt>
      <trkpt lat="42.4092400" lon="12.7462400"></trkpt>
      <trkpt lat="42.4092900" lon="12.7462200"></trkpt>
      <trkpt lat="42.4093300" lon="12.7462200"></trkpt>
      <trkpt lat="42.4093600" lon="12.7462300"></trkpt>
      <trkpt lat="42.4094100" lon="12.7462400"></trkpt>
      <trkpt lat="42.4094800" lon="12.7462900"></trkpt>
      <trkpt lat="42.4094900" lon="12.7462900"></trkpt>
      <trkpt lat="42.4095000" lon="12.7463000"></trkpt>
      <trkpt lat="42.4096100" lon="12.7463600"></trkpt>
      <trkpt lat="42.4096500" lon="12.7463700"></trkpt>
      <trkpt lat="42.4096700" lon="12.7463700"></trkpt>
      <trkpt lat="42.4097000" lon="12.7463800"></trkpt>
      <trkpt lat="42.4097200" lon="12.7463800"></trkpt>
      <trkpt lat="42.4097600" lon="12.7463700"></trkpt>
      <trkpt lat="42.4097900" lon="12.7463600"></trkpt>
      <trkpt lat="42.4098300" lon="12.7463400"></trkpt>
      <trkpt lat="42.4099200" lon="12.7462600"></trkpt>
      <trkpt lat="42.4099500" lon="12.7462300"></trkpt>
      <trkpt lat="42.4099600" lon="12.7462200"></trkpt>
      <trkpt lat="42.4100300" lon="12.7461500"></trkpt>
      <trkpt lat="42.4101000" lon="12.7460800"></trkpt>
      <trkpt lat="42.4101100" lon="12.7460800"></trkpt>
      <trkpt lat="42.4102100" lon="12.7459900"></trkpt>
      <trkpt lat="42.4102600" lon="12.7459600"></trkpt>
      <trkpt lat="42.4102600" lon="12.7459500"></trkpt>
      <trkpt lat="42.4102700" lon="12.7459500"></trkpt>
      <trkpt lat="42.4102800" lon="12.7459400"></trkpt>
      <trkpt lat="42.4103400" lon="12.7459100"></trkpt>
      <trkpt lat="42.4103900" lon="12.7458800"></trkpt>
      <trkpt lat="42.4104400" lon="12.7458700"></trkpt>
      <trkpt lat="42.4104700" lon="12.7458700"></trkpt>
      <trkpt lat="42.4105000" lon="12.7458700"></trkpt>
      <trkpt lat="42.4105400" lon="12.7458700"></trkpt>
      <trkpt lat="42.4105600" lon="12.7458800"></trkpt>
      <trkpt lat="42.4106000" lon="12.7459000"></trkpt>
      <trkpt lat="42.4106200" lon="12.7459200"></trkpt>
      <trkpt lat="42.4106300" lon="12.7459300"></trkpt>
      <trkpt lat="42.4106300" lon="12.7459400"></trkpt>
      <trkpt lat="42.4106400" lon="12.7459400"></trkpt>
      <trkpt lat="42.4106500" lon="12.7459600"></trkpt>
      <trkpt lat="42.4106700" lon="12.7460200"></trkpt>
      <trkpt lat="42.4107000" lon="12.7461600"></trkpt>
      <trkpt lat="42.4107000" lon="12.7461700"></trkpt>
      <trkpt lat="42.4107000" lon="12.7461800"></trkpt>
      <trkpt lat="42.4107200" lon="12.7462900"></trkpt>
      <trkpt lat="42.4107600" lon="12.7465500"></trkpt>
      <trkpt lat="42.4107900" lon="12.7468100"></trkpt>
      <trkpt lat="42.4108300" lon="12.7470200"></trkpt>
      <trkpt lat="42.4108400" lon="12.7470800"></trkpt>
      <trkpt lat="42.4108500" lon="12.7471300"></trkpt>
      <trkpt lat="42.4108700" lon="12.7471800"></trkpt>
      <trkpt lat="42.4108900" lon="12.7472300"></trkpt>
      <trkpt lat="42.4109300" lon="12.7473000"></trkpt>
      <trkpt lat="42.4109300" lon="12.7473100"></trkpt>
      <trkpt lat="42.4109400" lon="12.7473200"></trkpt>
      <trkpt lat="42.4109700" lon="12.7473700"></trkpt>
      <trkpt lat="42.4110100" lon="12.7474200"></trkpt>
      <trkpt lat="42.4110500" lon="12.7474600"></trkpt>
      <trkpt lat="42.4110800" lon="12.7474800"></trkpt>
      <trkpt lat="42.4111400" lon="12.7475200"></trkpt>
      <trkpt lat="42.4111900" lon="12.7475400"></trkpt>
      <trkpt lat="42.4112700" lon="12.7475700"></trkpt>
      <trkpt lat="42.4113100" lon="12.7475900"></trkpt>
      <trkpt lat="42.4115400" lon="12.7476600"></trkpt>
      <trkpt lat="42.4115700" lon="12.7476700"></trkpt>
      <trkpt lat="42.4117000" lon="12.7477100"></trkpt>
      <trkpt lat="42.4117400" lon="12.7477200"></trkpt>
      <trkpt lat="42.4118300" lon="12.7477500"></trkpt>
      <trkpt lat="42.4120200" lon="12.7478400"></trkpt>
      <trkpt lat="42.4121500" lon="12.7479100"></trkpt>
      <trkpt lat="42.4122800" lon="12.7480000"></trkpt>
      <trkpt lat="42.4124300" lon="12.7480900"></trkpt>
      <trkpt lat="42.4125700" lon="12.7481500"></trkpt>
      <trkpt lat="42.4126200" lon="12.7481800"></trkpt>
      <trkpt lat="42.4126600" lon="12.7481900"></trkpt>
      <trkpt lat="42.4127300" lon="12.7481800"></trkpt>
      <trkpt lat="42.4127900" lon="12.7481700"></trkpt>
      <trkpt lat="42.4128300" lon="12.7481500"></trkpt>
      <trkpt lat="42.4129000" lon="12.7481000"></trkpt>
      <trkpt lat="42.4129400" lon="12.7480600"></trkpt>
      <trkpt lat="42.4130000" lon="12.7479800"></trkpt>
      <trkpt lat="42.4131100" lon="12.7477800"></trkpt>
      <trkpt lat="42.4131600" lon="12.7476900"></trkpt>
      <trkpt lat="42.4131900" lon="12.7476400"></trkpt>
      <trkpt lat="42.4132200" lon="12.7476000"></trkpt>
      <trkpt lat="42.4132500" lon="12.7475700"></trkpt>
      <trkpt lat="42.4132700" lon="12.7475500"></trkpt>
      <trkpt lat="42.4133100" lon="12.7475300"></trkpt>
      <trkpt lat="42.4133500" lon="12.7475200"></trkpt>
      <trkpt lat="42.4133700" lon="12.7475200"></trkpt>
      <trkpt lat="42.4134000" lon="12.7475200"></trkpt>
      <trkpt lat="42.4134100" lon="12.7475200"></trkpt>
      <trkpt lat="42.4134400" lon="12.7475300"></trkpt>
      <trkpt lat="42.4134700" lon="12.7475500"></trkpt>
      <trkpt lat="42.4135000" lon="12.7475700"></trkpt>
      <trkpt lat="42.4135500" lon="12.7476300"></trkpt>
      <trkpt lat="42.4135800" lon="12.7476700"></trkpt>
      <trkpt lat="42.4136400" lon="12.7477900"></trkpt>
      <trkpt lat="42.4136800" lon="12.7478900"></trkpt>
      <trkpt lat="42.4137100" lon="12.7479800"></trkpt>
      <trkpt lat="42.4137900" lon="12.7480900"></trkpt>
      <trkpt lat="42.4138700" lon="12.7482100"></trkpt>
      <trkpt lat="42.4139500" lon="12.7483100"></trkpt>
      <trkpt lat="42.4140500" lon="12.7484500"></trkpt>
      <trkpt lat="42.4140800" lon="12.7485100"></trkpt>
      <trkpt lat="42.4141000" lon="12.7485500"></trkpt>
      <trkpt lat="42.4141200" lon="12.7486200"></trkpt>
      <trkpt lat="42.4141300" lon="12.7487200"></trkpt>
      <trkpt lat="42.4141300" lon="12.7487600"></trkpt>
      <trkpt lat="42.4141300" lon="12.7487800"></trkpt>
      <trkpt lat="42.4141200" lon="12.7488600"></trkpt>
      <trkpt lat="42.4141100" lon="12.7489500"></trkpt>
      <trkpt lat="42.4140600" lon="12.7491900"></trkpt>
      <trkpt lat="42.4140200" lon="12.7494700"></trkpt>
      <trkpt lat="42.4140000" lon="12.7496500"></trkpt>
      <trkpt lat="42.4139900" lon="12.7498800"></trkpt>
      <trkpt lat="42.4139900" lon="12.7499600"></trkpt>
      <trkpt lat="42.4139800" lon="12.7501800"></trkpt>
      <trkpt lat="42.4139700" lon="12.7503000"></trkpt>
      <trkpt lat="42.4139700" lon="12.7503300"></trkpt>
      <trkpt lat="42.4139600" lon="12.7503700"></trkpt>
      <trkpt lat="42.4139600" lon="12.7504300"></trkpt>
      <trkpt lat="42.4139500" lon="12.7504500"></trkpt>
      <trkpt lat="42.4139300" lon="12.7505400"></trkpt>
      <trkpt lat="42.4139000" lon="12.7506500"></trkpt>
      <trkpt lat="42.4138800" lon="12.7506800"></trkpt>
      <trkpt lat="42.4137900" lon="12.7508900"></trkpt>
      <trkpt lat="42.4137400" lon="12.7509800"></trkpt>
      <trkpt lat="42.4136800" lon="12.7510900"></trkpt>
      <trkpt lat="42.4133300" lon="12.7517300"></trkpt>
      <trkpt lat="42.4129600" lon="12.7526700"></trkpt>
      <trkpt lat="42.4128900" lon="12.7528500"></trkpt>
      <trkpt lat="42.4128800" lon="12.7528800"></trkpt>
      <trkpt lat="42.4126500" lon="12.7534400"></trkpt>
      <trkpt lat="42.4126000" lon="12.7535700"></trkpt>
      <trkpt lat="42.4126000" lon="12.7536000"></trkpt>
      <trkpt lat="42.4125800" lon="12.7536600"></trkpt>
      <trkpt lat="42.4125600" lon="12.7537600"></trkpt>
      <trkpt lat="42.4125500" lon="12.7538300"></trkpt>
      <trkpt lat="42.4125500" lon="12.7538400"></trkpt>
      <trkpt lat="42.4125400" lon="12.7539500"></trkpt>
      <trkpt lat="42.4125400" lon="12.7539700"></trkpt>
      <trkpt lat="42.4125500" lon="12.7540600"></trkpt>
      <trkpt lat="42.4125500" lon="12.7541000"></trkpt>
      <trkpt lat="42.4125700" lon="12.7542900"></trkpt>
      <trkpt lat="42.4126100" lon="12.7544600"></trkpt>
      <trkpt lat="42.4126300" lon="12.7545300"></trkpt>
      <trkpt lat="42.4126700" lon="12.7547400"></trkpt>
      <trkpt lat="42.4127300" lon="12.7549000"></trkpt>
      <trkpt lat="42.4127600" lon="12.7549700"></trkpt>
      <trkpt lat="42.4127700" lon="12.7550100"></trkpt>
      <trkpt lat="42.4127700" lon="12.7550400"></trkpt>
      <trkpt lat="42.4127800" lon="12.7550800"></trkpt>
      <trkpt lat="42.4127800" lon="12.7551100"></trkpt>
      <trkpt lat="42.4127700" lon="12.7551300"></trkpt>
      <trkpt lat="42.4127700" lon="12.7551600"></trkpt>
      <trkpt lat="42.4127700" lon="12.7551800"></trkpt>
      <trkpt lat="42.4127600" lon="12.7552100"></trkpt>
      <trkpt lat="42.4127500" lon="12.7552400"></trkpt>
      <trkpt lat="42.4127400" lon="12.7552500"></trkpt>
      <trkpt lat="42.4127200" lon="12.7552900"></trkpt>
      <trkpt lat="42.4126900" lon="12.7553400"></trkpt>
      <trkpt lat="42.4126500" lon="12.7553800"></trkpt>
      <trkpt lat="42.4122800" lon="12.7557300"></trkpt>
      <trkpt lat="42.4122000" lon="12.7558600"></trkpt>
      <trkpt lat="42.4121600" lon="12.7559300"></trkpt>
      <trkpt lat="42.4121500" lon="12.7559600"></trkpt>
      <trkpt lat="42.4121400" lon="12.7559900"></trkpt>
      <trkpt lat="42.4121200" lon="12.7560500"></trkpt>
      <trkpt lat="42.4121200" lon="12.7560600"></trkpt>
      <trkpt lat="42.4121100" lon="12.7561000"></trkpt>
      <trkpt lat="42.4121000" lon="12.7561600"></trkpt>
      <trkpt lat="42.4121000" lon="12.7562100"></trkpt>
      <trkpt lat="42.4121100" lon="12.7562800"></trkpt>
      <trkpt lat="42.4121200" lon="12.7563300"></trkpt>
      <trkpt lat="42.4121300" lon="12.7563700"></trkpt>
      <trkpt lat="42.4121400" lon="12.7564100"></trkpt>
      <trkpt lat="42.4121500" lon="12.7564400"></trkpt>
      <trkpt lat="42.4121600" lon="12.7564600"></trkpt>
      <trkpt lat="42.4121800" lon="12.7565000"></trkpt>
      <trkpt lat="42.4122200" lon="12.7565700"></trkpt>
      <trkpt lat="42.4122700" lon="12.7566400"></trkpt>
      <trkpt lat="42.4123000" lon="12.7566700"></trkpt>
      <trkpt lat="42.4123700" lon="12.7567400"></trkpt>
      <trkpt lat="42.4124400" lon="12.7568100"></trkpt>
      <trkpt lat="42.4125200" lon="12.7568800"></trkpt>
      <trkpt lat="42.4125400" lon="12.7569000"></trkpt>
      <trkpt lat="42.4125900" lon="12.7569500"></trkpt>
      <trkpt lat="42.4126600" lon="12.7570300"></trkpt>
      <trkpt lat="42.4127300" lon="12.7571400"></trkpt>
      <trkpt lat="42.4128100" lon="12.7573000"></trkpt>
      <trkpt lat="42.4128700" lon="12.7574500"></trkpt>
      <trkpt lat="42.4129000" lon="12.7575600"></trkpt>
      <trkpt lat="42.4129000" lon="12.7575700"></trkpt>
      <trkpt lat="42.4129200" lon="12.7576800"></trkpt>
      <trkpt lat="42.4129200" lon="12.7577300"></trkpt>
      <trkpt lat="42.4129300" lon="12.7578000"></trkpt>
      <trkpt lat="42.4129300" lon="12.7578600"></trkpt>
      <trkpt lat="42.4129300" lon="12.7579700"></trkpt>
      <trkpt lat="42.4129300" lon="12.7580200"></trkpt>
      <trkpt lat="42.4129200" lon="12.7581200"></trkpt>
      <trkpt lat="42.4128900" lon="12.7582300"></trkpt>
      <trkpt lat="42.4128300" lon="12.7584400"></trkpt>
      <trkpt lat="42.4128200" lon="12.7584900"></trkpt>
      <trkpt lat="42.4126600" lon="12.7589700"></trkpt>
      <trkpt lat="42.4126200" lon="12.7590800"></trkpt>
      <trkpt lat="42.4125900" lon="12.7591900"></trkpt>
      <trkpt lat="42.4124200" lon="12.7597000"></trkpt>
      <trkpt lat="42.4124100" lon="12.7597500"></trkpt>
      <trkpt lat="42.4123800" lon="12.7598600"></trkpt>
      <trkpt lat="42.4123300" lon="12.7601000"></trkpt>
      <trkpt lat="42.4123300" lon="12.7601100"></trkpt>
      <trkpt lat="42.4123100" lon="12.7602600"></trkpt>
      <trkpt lat="42.4123100" lon="12.7603300"></trkpt>
      <trkpt lat="42.4123100" lon="12.7604600"></trkpt>
      <trkpt lat="42.4123300" lon="12.7605700"></trkpt>
      <trkpt lat="42.4123500" lon="12.7606400"></trkpt>
      <trkpt lat="42.4123700" lon="12.7607200"></trkpt>
      <trkpt lat="42.4124000" lon="12.7608000"></trkpt>
      <trkpt lat="42.4124400" lon="12.7608500"></trkpt>
      <trkpt lat="42.4124800" lon="12.7608900"></trkpt>
      <trkpt lat="42.4126300" lon="12.7609700"></trkpt>
      <trkpt lat="42.4129800" lon="12.7611600"></trkpt>
      <trkpt lat="42.4131600" lon="12.7613000"></trkpt>
      <trkpt lat="42.4132600" lon="12.7613700"></trkpt>
      <trkpt lat="42.4133000" lon="12.7614000"></trkpt>
      <trkpt lat="42.4133400" lon="12.7614400"></trkpt>
      <trkpt lat="42.4134100" lon="12.7615000"></trkpt>
      <trkpt lat="42.4134900" lon="12.7615700"></trkpt>
      <trkpt lat="42.4135200" lon="12.7616000"></trkpt>
      <trkpt lat="42.4135800" lon="12.7616800"></trkpt>
      <trkpt lat="42.4136500" lon="12.7617800"></trkpt>
      <trkpt lat="42.4137400" lon="12.7619300"></trkpt>
      <trkpt lat="42.4138300" lon="12.7620900"></trkpt>
      <trkpt lat="42.4139400" lon="12.7623300"></trkpt>
      <trkpt lat="42.4141600" lon="12.7628300"></trkpt>
      <trkpt lat="42.4145300" lon="12.7636300"></trkpt>
      <trkpt lat="42.4145600" lon="12.7636700"></trkpt>
      <trkpt lat="42.4146000" lon="12.7637400"></trkpt>
      <trkpt lat="42.4146200" lon="12.7637600"></trkpt>
      <trkpt lat="42.4146500" lon="12.7638000"></trkpt>
      <trkpt lat="42.4146900" lon="12.7638300"></trkpt>
      <trkpt lat="42.4147100" lon="12.7638500"></trkpt>
      <trkpt lat="42.4148100" lon="12.7639200"></trkpt>
      <trkpt lat="42.4149500" lon="12.7639800"></trkpt>
      <trkpt lat="42.4151400" lon="12.7640500"></trkpt>
      <trkpt lat="42.4153600" lon="12.7641200"></trkpt>
      <trkpt lat="42.4153900" lon="12.7641300"></trkpt>
      <trkpt lat="42.4154800" lon="12.7641600"></trkpt>
      <trkpt lat="42.4156200" lon="12.7642000"></trkpt>
      <trkpt lat="42.4156700" lon="12.7642100"></trkpt>
      <trkpt lat="42.4157500" lon="12.7642400"></trkpt>
      <trkpt lat="42.4158000" lon="12.7642500"></trkpt>
      <trkpt lat="42.4158900" lon="12.7642800"></trkpt>
      <trkpt lat="42.4159300" lon="12.7642900"></trkpt>
      <trkpt lat="42.4159700" lon="12.7642900"></trkpt>
      <trkpt lat="42.4160200" lon="12.7642900"></trkpt>
      <trkpt lat="42.4160500" lon="12.7643000"></trkpt>
      <trkpt lat="42.4161200" lon="12.7642800"></trkpt>
      <trkpt lat="42.4161800" lon="12.7642400"></trkpt>
      <trkpt lat="42.4162400" lon="12.7641700"></trkpt>
      <trkpt lat="42.4163400" lon="12.7640200"></trkpt>
      <trkpt lat="42.4164200" lon="12.7638700"></trkpt>
      <trkpt lat="42.4164300" lon="12.7638400"></trkpt>
      <trkpt lat="42.4164400" lon="12.7638100"></trkpt>
      <trkpt lat="42.4164600" lon="12.7637300"></trkpt>
      <trkpt lat="42.4164600" lon="12.7637200"></trkpt>
      <trkpt lat="42.4165000" lon="12.7635800"></trkpt>
      <trkpt lat="42.4164900" lon="12.7634900"></trkpt>
      <trkpt lat="42.4164700" lon="12.7634200"></trkpt>
      <trkpt lat="42.4164500" lon="12.7633700"></trkpt>
      <trkpt lat="42.4163800" lon="12.7632600"></trkpt>
      <trkpt lat="42.4163500" lon="12.7632200"></trkpt>
      <trkpt lat="42.4162900" lon="12.7631400"></trkpt>
      <trkpt lat="42.4162800" lon="12.7631300"></trkpt>
      <trkpt lat="42.4162200" lon="12.7630600"></trkpt>
      <trkpt lat="42.4162000" lon="12.7630400"></trkpt>
      <trkpt lat="42.4161700" lon="12.7630000"></trkpt>
      <trkpt lat="42.4161500" lon="12.7629800"></trkpt>
      <trkpt lat="42.4160200" lon="12.7628200"></trkpt>
      <trkpt lat="42.4159300" lon="12.7627200"></trkpt>
      <trkpt lat="42.4158800" lon="12.7626600"></trkpt>
      <trkpt lat="42.4158500" lon="12.7626200"></trkpt>
      <trkpt lat="42.4158300" lon="12.7626000"></trkpt>
      <trkpt lat="42.4157900" lon="12.7625600"></trkpt>
      <trkpt lat="42.4157200" lon="12.7624600"></trkpt>
      <trkpt lat="42.4156500" lon="12.7623700"></trkpt>
      <trkpt lat="42.4155900" lon="12.7622900"></trkpt>
      <trkpt lat="42.4155900" lon="12.7622800"></trkpt>
      <trkpt lat="42.4155600" lon="12.7622300"></trkpt>
      <trkpt lat="42.4155400" lon="12.7622000"></trkpt>
      <trkpt lat="42.4155200" lon="12.7621300"></trkpt>
      <trkpt lat="42.4155200" lon="12.7621200"></trkpt>
      <trkpt lat="42.4155000" lon="12.7620700"></trkpt>
      <trkpt lat="42.4155000" lon="12.7620500"></trkpt>
      <trkpt lat="42.4155000" lon="12.7620200"></trkpt>
      <trkpt lat="42.4155000" lon="12.7619800"></trkpt>
      <trkpt lat="42.4155000" lon="12.7619400"></trkpt>
      <trkpt lat="42.4155100" lon="12.7619300"></trkpt>
      <trkpt lat="42.4155200" lon="12.7619000"></trkpt>
      <trkpt lat="42.4155400" lon="12.7618700"></trkpt>
      <trkpt lat="42.4155400" lon="12.7618600"></trkpt>
      <trkpt lat="42.4155600" lon="12.7618300"></trkpt>
      <trkpt lat="42.4156400" lon="12.7617700"></trkpt>
      <trkpt lat="42.4158000" lon="12.7616500"></trkpt>
      <trkpt lat="42.4158600" lon="12.7616200"></trkpt>
      <trkpt lat="42.4159000" lon="12.7615900"></trkpt>
      <trkpt lat="42.4159700" lon="12.7615400"></trkpt>
      <trkpt lat="42.4160200" lon="12.7615100"></trkpt>
      <trkpt lat="42.4163000" lon="12.7613200"></trkpt>
      <trkpt lat="42.4169800" lon="12.7608400"></trkpt>
      <trkpt lat="42.4170200" lon="12.7608100"></trkpt>
      <trkpt lat="42.4170600" lon="12.7607800"></trkpt>
      <trkpt lat="42.4170800" lon="12.7607600"></trkpt>
      <trkpt lat="42.4171000" lon="12.7607500"></trkpt>
      <trkpt lat="42.4171500" lon="12.7607100"></trkpt>
      <trkpt lat="42.4171900" lon="12.7607000"></trkpt>
      <trkpt lat="42.4172400" lon="12.7607000"></trkpt>
      <trkpt lat="42.4172900" lon="12.7607000"></trkpt>
      <trkpt lat="42.4173300" lon="12.7607200"></trkpt>
      <trkpt lat="42.4174800" lon="12.7607700"></trkpt>
      <trkpt lat="42.4175000" lon="12.7607800"></trkpt>
      <trkpt lat="42.4175900" lon="12.7608000"></trkpt>
      <trkpt lat="42.4176300" lon="12.7608200"></trkpt>
      <trkpt lat="42.4176900" lon="12.7608200"></trkpt>
      <trkpt lat="42.4177200" lon="12.7608300"></trkpt>
      <trkpt lat="42.4177600" lon="12.7608200"></trkpt>
      <trkpt lat="42.4177800" lon="12.7608100"></trkpt>
      <trkpt lat="42.4177900" lon="12.7608000"></trkpt>
      <trkpt lat="42.4178400" lon="12.7607600"></trkpt>
      <trkpt lat="42.4178700" lon="12.7607200"></trkpt>
      <trkpt lat="42.4178900" lon="12.7606900"></trkpt>
      <trkpt lat="42.4179000" lon="12.7606600"></trkpt>
      <trkpt lat="42.4179100" lon="12.7606500"></trkpt>
      <trkpt lat="42.4179300" lon="12.7605500"></trkpt>
      <trkpt lat="42.4179300" lon="12.7604700"></trkpt>
      <trkpt lat="42.4179400" lon="12.7604400"></trkpt>
      <trkpt lat="42.4179400" lon="12.7604300"></trkpt>
      <trkpt lat="42.4179100" lon="12.7602400"></trkpt>
      <trkpt lat="42.4178800" lon="12.7600000"></trkpt>
      <trkpt lat="42.4178400" lon="12.7597600"></trkpt>
      <trkpt lat="42.4178300" lon="12.7596700"></trkpt>
      <trkpt lat="42.4177400" lon="12.7590400"></trkpt>
      <trkpt lat="42.4177400" lon="12.7590100"></trkpt>
      <trkpt lat="42.4177400" lon="12.7588900"></trkpt>
      <trkpt lat="42.4177400" lon="12.7587900"></trkpt>
      <trkpt lat="42.4177400" lon="12.7587700"></trkpt>
      <trkpt lat="42.4177400" lon="12.7587600"></trkpt>
      <trkpt lat="42.4177500" lon="12.7586300"></trkpt>
      <trkpt lat="42.4177600" lon="12.7586100"></trkpt>
      <trkpt lat="42.4177700" lon="12.7585500"></trkpt>
      <trkpt lat="42.4177800" lon="12.7585000"></trkpt>
      <trkpt lat="42.4177900" lon="12.7584500"></trkpt>
      <trkpt lat="42.4178100" lon="12.7584000"></trkpt>
      <trkpt lat="42.4178400" lon="12.7583500"></trkpt>
      <trkpt lat="42.4178800" lon="12.7583000"></trkpt>
      <trkpt lat="42.4179200" lon="12.7582600"></trkpt>
      <trkpt lat="42.4179400" lon="12.7582400"></trkpt>
      <trkpt lat="42.4179800" lon="12.7582300"></trkpt>
      <trkpt lat="42.4180000" lon="12.7582300"></trkpt>
      <trkpt lat="42.4180200" lon="12.7582300"></trkpt>
      <trkpt lat="42.4180400" lon="12.7582300"></trkpt>
      <trkpt lat="42.4180900" lon="12.7582600"></trkpt>
      <trkpt lat="42.4181900" lon="12.7583200"></trkpt>
      <trkpt lat="42.4182100" lon="12.7583400"></trkpt>
      <trkpt lat="42.4182300" lon="12.7583600"></trkpt>
      <trkpt lat="42.4182500" lon="12.7583800"></trkpt>
      <trkpt lat="42.4183800" lon="12.7585000"></trkpt>
      <trkpt lat="42.4185300" lon="12.7586400"></trkpt>
      <trkpt lat="42.4189300" lon="12.7590300"></trkpt>
      <trkpt lat="42.4189400" lon="12.7590300"></trkpt>
      <trkpt lat="42.4189700" lon="12.7590400"></trkpt>
      <trkpt lat="42.4189900" lon="12.7590500"></trkpt>
      <trkpt lat="42.4190300" lon="12.7590700"></trkpt>
      <trkpt lat="42.4190700" lon="12.7590700"></trkpt>
      <trkpt lat="42.4191000" lon="12.7590600"></trkpt>
      <trkpt lat="42.4191500" lon="12.7590300"></trkpt>
      <trkpt lat="42.4192000" lon="12.7589700"></trkpt>
      <trkpt lat="42.4192300" lon="12.7589200"></trkpt>
      <trkpt lat="42.4192600" lon="12.7588600"></trkpt>
      <trkpt lat="42.4193000" lon="12.7587700"></trkpt>
      <trkpt lat="42.4193200" lon="12.7587100"></trkpt>
      <trkpt lat="42.4193300" lon="12.7587000"></trkpt>
      <trkpt lat="42.4193500" lon="12.7586400"></trkpt>
      <trkpt lat="42.4193800" lon="12.7585500"></trkpt>
      <trkpt lat="42.4193900" lon="12.7585300"></trkpt>
      <trkpt lat="42.4194000" lon="12.7584600"></trkpt>
      <trkpt lat="42.4194200" lon="12.7583600"></trkpt>
      <trkpt lat="42.4194400" lon="12.7581800"></trkpt>
      <trkpt lat="42.4194600" lon="12.7577500"></trkpt>
      <trkpt lat="42.4194500" lon="12.7575400"></trkpt>
      <trkpt lat="42.4194400" lon="12.7573000"></trkpt>
      <trkpt lat="42.4194300" lon="12.7572600"></trkpt>
      <trkpt lat="42.4194000" lon="12.7568200"></trkpt>
      <trkpt lat="42.4193400" lon="12.7565500"></trkpt>
      <trkpt lat="42.4193100" lon="12.7564100"></trkpt>
      <trkpt lat="42.4193000" lon="12.7563500"></trkpt>
      <trkpt lat="42.4192700" lon="12.7562000"></trkpt>
      <trkpt lat="42.4192600" lon="12.7561800"></trkpt>
      <trkpt lat="42.4192500" lon="12.7561100"></trkpt>
      <trkpt lat="42.4192500" lon="12.7560800"></trkpt>
      <trkpt lat="42.4192400" lon="12.7560200"></trkpt>
      <trkpt lat="42.4192500" lon="12.7559900"></trkpt>
      <trkpt lat="42.4192500" lon="12.7559500"></trkpt>
      <trkpt lat="42.4192600" lon="12.7559100"></trkpt>
      <trkpt lat="42.4192800" lon="12.7558800"></trkpt>
      <trkpt lat="42.4193000" lon="12.7558600"></trkpt>
      <trkpt lat="42.4193100" lon="12.7558600"></trkpt>
      <trkpt lat="42.4193400" lon="12.7558300"></trkpt>
      <trkpt lat="42.4193600" lon="12.7558300"></trkpt>
      <trkpt lat="42.4193800" lon="12.7558200"></trkpt>
      <trkpt lat="42.4194200" lon="12.7558200"></trkpt>
      <trkpt lat="42.4194500" lon="12.7558300"></trkpt>
      <trkpt lat="42.4194500" lon="12.7558400"></trkpt>
      <trkpt lat="42.4194800" lon="12.7558500"></trkpt>
      <trkpt lat="42.4194900" lon="12.7558800"></trkpt>
      <trkpt lat="42.4195000" lon="12.7558900"></trkpt>
      <trkpt lat="42.4195100" lon="12.7559100"></trkpt>
      <trkpt lat="42.4195200" lon="12.7559200"></trkpt>
      <trkpt lat="42.4195400" lon="12.7559500"></trkpt>
      <trkpt lat="42.4195500" lon="12.7560200"></trkpt>
      <trkpt lat="42.4195600" lon="12.7560500"></trkpt>
      <trkpt lat="42.4195700" lon="12.7561100"></trkpt>
      <trkpt lat="42.4195700" lon="12.7561200"></trkpt>
      <trkpt lat="42.4195700" lon="12.7561500"></trkpt>
      <trkpt lat="42.4195900" lon="12.7563600"></trkpt>
      <trkpt lat="42.4196200" lon="12.7566000"></trkpt>
      <trkpt lat="42.4196700" lon="12.7570800"></trkpt>
      <trkpt lat="42.4196700" lon="12.7571200"></trkpt>
      <trkpt lat="42.4196800" lon="12.7572600"></trkpt>
      <trkpt lat="42.4196900" lon="12.7573200"></trkpt>
      <trkpt lat="42.4197600" lon="12.7580700"></trkpt>
      <trkpt lat="42.4197600" lon="12.7585400"></trkpt>
      <trkpt lat="42.4197600" lon="12.7586400"></trkpt>
      <trkpt lat="42.4197500" lon="12.7587800"></trkpt>
      <trkpt lat="42.4197500" lon="12.7587900"></trkpt>
      <trkpt lat="42.4197400" lon="12.7588200"></trkpt>
      <trkpt lat="42.4197300" lon="12.7588900"></trkpt>
      <trkpt lat="42.4196900" lon="12.7590200"></trkpt>
      <trkpt lat="42.4196800" lon="12.7590600"></trkpt>
      <trkpt lat="42.4196700" lon="12.7590900"></trkpt>
      <trkpt lat="42.4196100" lon="12.7592800"></trkpt>
      <trkpt lat="42.4196000" lon="12.7593200"></trkpt>
      <trkpt lat="42.4195700" lon="12.7594500"></trkpt>
      <trkpt lat="42.4195800" lon="12.7596800"></trkpt>
      <trkpt lat="42.4195900" lon="12.7599200"></trkpt>
      <trkpt lat="42.4195900" lon="12.7599600"></trkpt>
      <trkpt lat="42.4195900" lon="12.7600500"></trkpt>
      <trkpt lat="42.4195900" lon="12.7601100"></trkpt>
      <trkpt lat="42.4195900" lon="12.7601700"></trkpt>
      <trkpt lat="42.4195800" lon="12.7602100"></trkpt>
      <trkpt lat="42.4195700" lon="12.7602300"></trkpt>
      <trkpt lat="42.4195500" lon="12.7603000"></trkpt>
      <trkpt lat="42.4195200" lon="12.7603500"></trkpt>
      <trkpt lat="42.4194900" lon="12.7603900"></trkpt>
      <trkpt lat="42.4194600" lon="12.7604100"></trkpt>
      <trkpt lat="42.4194500" lon="12.7604200"></trkpt>
      <trkpt lat="42.4194300" lon="12.7604200"></trkpt>
      <trkpt lat="42.4194000" lon="12.7604300"></trkpt>
      <trkpt lat="42.4193800" lon="12.7604300"></trkpt>
      <trkpt lat="42.4193500" lon="12.7604300"></trkpt>
      <trkpt lat="42.4193000" lon="12.7604100"></trkpt>
      <trkpt lat="42.4192300" lon="12.7603700"></trkpt>
      <trkpt lat="42.4191500" lon="12.7603100"></trkpt>
      <trkpt lat="42.4190000" lon="12.7601900"></trkpt>
      <trkpt lat="42.4189300" lon="12.7601500"></trkpt>
      <trkpt lat="42.4189100" lon="12.7601400"></trkpt>
      <trkpt lat="42.4188500" lon="12.7601300"></trkpt>
      <trkpt lat="42.4188200" lon="12.7601600"></trkpt>
      <trkpt lat="42.4188100" lon="12.7601700"></trkpt>
      <trkpt lat="42.4187800" lon="12.7602300"></trkpt>
      <trkpt lat="42.4187500" lon="12.7603200"></trkpt>
      <trkpt lat="42.4187100" lon="12.7604900"></trkpt>
      <trkpt lat="42.4187000" lon="12.7606100"></trkpt>
      <trkpt lat="42.4186900" lon="12.7606500"></trkpt>
      <trkpt lat="42.4186600" lon="12.7608500"></trkpt>
      <trkpt lat="42.4186600" lon="12.7608800"></trkpt>
      <trkpt lat="42.4186600" lon="12.7610900"></trkpt>
      <trkpt lat="42.4186600" lon="12.7611300"></trkpt>
      <trkpt lat="42.4186500" lon="12.7613500"></trkpt>
      <trkpt lat="42.4186300" lon="12.7614800"></trkpt>
      <trkpt lat="42.4186100" lon="12.7615600"></trkpt>
      <trkpt lat="42.4185800" lon="12.7616400"></trkpt>
      <trkpt lat="42.4185700" lon="12.7616800"></trkpt>
      <trkpt lat="42.4185000" lon="12.7617900"></trkpt>
      <trkpt lat="42.4185000" lon="12.7618000"></trkpt>
      <trkpt lat="42.4183600" lon="12.7620000"></trkpt>
      <trkpt lat="42.4182700" lon="12.7621400"></trkpt>
      <trkpt lat="42.4181800" lon="12.7622900"></trkpt>
      <trkpt lat="42.4181500" lon="12.7623400"></trkpt>
      <trkpt lat="42.4181400" lon="12.7623500"></trkpt>
      <trkpt lat="42.4181300" lon="12.7623600"></trkpt>
      <trkpt lat="42.4181000" lon="12.7624300"></trkpt>
      <trkpt lat="42.4180800" lon="12.7624900"></trkpt>
      <trkpt lat="42.4180500" lon="12.7626100"></trkpt>
      <trkpt lat="42.4180500" lon="12.7626700"></trkpt>
      <trkpt lat="42.4180500" lon="12.7627100"></trkpt>
      <trkpt lat="42.4180700" lon="12.7627500"></trkpt>
      <trkpt lat="42.4181200" lon="12.7628300"></trkpt>
      <trkpt lat="42.4182700" lon="12.7630400"></trkpt>
      <trkpt lat="42.4183700" lon="12.7631500"></trkpt>
      <trkpt lat="42.4183800" lon="12.7631700"></trkpt>
      <trkpt lat="42.4184300" lon="12.7632400"></trkpt>
      <trkpt lat="42.4184500" lon="12.7633000"></trkpt>
      <trkpt lat="42.4184600" lon="12.7633100"></trkpt>
      <trkpt lat="42.4184800" lon="12.7633600"></trkpt>
      <trkpt lat="42.4184900" lon="12.7634600"></trkpt>
      <trkpt lat="42.4185000" lon="12.7635200"></trkpt>
      <trkpt lat="42.4185000" lon="12.7635500"></trkpt>
      <trkpt lat="42.4184900" lon="12.7636100"></trkpt>
      <trkpt lat="42.4184700" lon="12.7636700"></trkpt>
      <trkpt lat="42.4184500" lon="12.7637300"></trkpt>
      <trkpt lat="42.4184400" lon="12.7637700"></trkpt>
      <trkpt lat="42.4184000" lon="12.7638300"></trkpt>
      <trkpt lat="42.4183800" lon="12.7638600"></trkpt>
      <trkpt lat="42.4183400" lon="12.7639300"></trkpt>
      <trkpt lat="42.4183000" lon="12.7639900"></trkpt>
      <trkpt lat="42.4182700" lon="12.7640500"></trkpt>
      <trkpt lat="42.4181900" lon="12.7641800"></trkpt>
      <trkpt lat="42.4181800" lon="12.7642000"></trkpt>
      <trkpt lat="42.4181100" lon="12.7643600"></trkpt>
      <trkpt lat="42.4180700" lon="12.7645100"></trkpt>
      <trkpt lat="42.4180600" lon="12.7645700"></trkpt>
      <trkpt lat="42.4180500" lon="12.7646000"></trkpt>
      <trkpt lat="42.4180300" lon="12.7647500"></trkpt>
      <trkpt lat="42.4180100" lon="12.7648400"></trkpt>
      <trkpt lat="42.4179800" lon="12.7650200"></trkpt>
      <trkpt lat="42.4179800" lon="12.7650500"></trkpt>
      <trkpt lat="42.4179400" lon="12.7652100"></trkpt>
      <trkpt lat="42.4179100" lon="12.7653800"></trkpt>
      <trkpt lat="42.4178600" lon="12.7655500"></trkpt>
      <trkpt lat="42.4178400" lon="12.7656000"></trkpt>
      <trkpt lat="42.4177900" lon="12.7657300"></trkpt>
      <trkpt lat="42.4177700" lon="12.7657700"></trkpt>
      <trkpt lat="42.4177500" lon="12.7658300"></trkpt>
      <trkpt lat="42.4177400" lon="12.7658500"></trkpt>
      <trkpt lat="42.4176800" lon="12.7659800"></trkpt>
      <trkpt lat="42.4176600" lon="12.7660100"></trkpt>
      <trkpt lat="42.4175400" lon="12.7661900"></trkpt>
      <trkpt lat="42.4176200" lon="12.7661000"></trkpt>
      <trkpt lat="42.4177500" lon="12.7659600"></trkpt>
      <trkpt lat="42.4178800" lon="12.7657700"></trkpt>
      <trkpt lat="42.4180000" lon="12.7655900"></trkpt>
      <trkpt lat="42.4179300" lon="12.7658100"></trkpt>
      <trkpt lat="42.4178600" lon="12.7660100"></trkpt>
      <trkpt lat="42.4178500" lon="12.7660300"></trkpt>
      <trkpt lat="42.4178000" lon="12.7661600"></trkpt>
      <trkpt lat="42.4177500" lon="12.7662300"></trkpt>
      <trkpt lat="42.4176400" lon="12.7664200"></trkpt>
      <trkpt lat="42.4175900" lon="12.7665100"></trkpt>
      <trkpt lat="42.4175300" lon="12.7666200"></trkpt>
      <trkpt lat="42.4174300" lon="12.7668200"></trkpt>
      <trkpt lat="42.4173500" lon="12.7669600"></trkpt>
      <trkpt lat="42.4173200" lon="12.7670100"></trkpt>
      <trkpt lat="42.4172100" lon="12.7672100"></trkpt>
      <trkpt lat="42.4172000" lon="12.7672300"></trkpt>
      <trkpt lat="42.4171700" lon="12.7673100"></trkpt>
      <trkpt lat="42.4171600" lon="12.7673700"></trkpt>
      <trkpt lat="42.4171600" lon="12.7674300"></trkpt>
      <trkpt lat="42.4171600" lon="12.7675500"></trkpt>
      <trkpt lat="42.4173400" lon="12.7675400"></trkpt>
      <trkpt lat="42.4177000" lon="12.7675300"></trkpt>
      <trkpt lat="42.4178100" lon="12.7675200"></trkpt>
      <trkpt lat="42.4178800" lon="12.7675300"></trkpt>
      <trkpt lat="42.4180600" lon="12.7675300"></trkpt>
      <trkpt lat="42.4182400" lon="12.7675400"></trkpt>
      <trkpt lat="42.4184500" lon="12.7675400"></trkpt>
      <trkpt lat="42.4186000" lon="12.7675200"></trkpt>
      <trkpt lat="42.4187800" lon="12.7674900"></trkpt>
      <trkpt lat="42.4191300" lon="12.7674200"></trkpt>
      <trkpt lat="42.4193100" lon="12.7673900"></trkpt>
      <trkpt lat="42.4194900" lon="12.7673600"></trkpt>
      <trkpt lat="42.4195500" lon="12.7673500"></trkpt>
      <trkpt lat="42.4196600" lon="12.7673000"></trkpt>
      <trkpt lat="42.4198400" lon="12.7672300"></trkpt>
      <trkpt lat="42.4199100" lon="12.7672000"></trkpt>
      <trkpt lat="42.4200100" lon="12.7671500"></trkpt>
      <trkpt lat="42.4200800" lon="12.7671000"></trkpt>
      <trkpt lat="42.4206100" lon="12.7666300"></trkpt>
      <trkpt lat="42.4207600" lon="12.7665000"></trkpt>
      <trkpt lat="42.4210600" lon="12.7662300"></trkpt>
      <trkpt lat="42.4211000" lon="12.7662000"></trkpt>
      <trkpt lat="42.4212100" lon="12.7660800"></trkpt>
      <trkpt lat="42.4214800" lon="12.7657600"></trkpt>
      <trkpt lat="42.4216200" lon="12.7656000"></trkpt>
      <trkpt lat="42.4220300" lon="12.7651300"></trkpt>
      <trkpt lat="42.4221700" lon="12.7649700"></trkpt>
      <trkpt lat="42.4223000" lon="12.7648200"></trkpt>
      <trkpt lat="42.4224400" lon="12.7646600"></trkpt>
      <trkpt lat="42.4226500" lon="12.7644200"></trkpt>
      <trkpt lat="42.4227600" lon="12.7647200"></trkpt>
      <trkpt lat="42.4228400" lon="12.7649300"></trkpt>
      <trkpt lat="42.4228800" lon="12.7650500"></trkpt>
      <trkpt lat="42.4229100" lon="12.7651600"></trkpt>
      <trkpt lat="42.4230400" lon="12.7656100"></trkpt>
      <trkpt lat="42.4231000" lon="12.7658000"></trkpt>
      <trkpt lat="42.4231100" lon="12.7658400"></trkpt>
      <trkpt lat="42.4231700" lon="12.7660700"></trkpt>
      <trkpt lat="42.4234200" lon="12.7669600"></trkpt>
      <trkpt lat="42.4234200" lon="12.7669800"></trkpt>
      <trkpt lat="42.4235000" lon="12.7672000"></trkpt>
      <trkpt lat="42.4235700" lon="12.7674200"></trkpt>
      <trkpt lat="42.4237200" lon="12.7678700"></trkpt>
      <trkpt lat="42.4238200" lon="12.7681600"></trkpt>
      <trkpt lat="42.4238700" lon="12.7681600"></trkpt>
      <trkpt lat="42.4239100" lon="12.7681600"></trkpt>
      <trkpt lat="42.4239900" lon="12.7681800"></trkpt>
      <trkpt lat="42.4239900" lon="12.7682400"></trkpt>
      <trkpt lat="42.4239900" lon="12.7684100"></trkpt>
      <trkpt lat="42.4240000" lon="12.7684200"></trkpt>
      <trkpt lat="42.4240300" lon="12.7686400"></trkpt>
      <trkpt lat="42.4240300" lon="12.7686600"></trkpt>
      <trkpt lat="42.4241900" lon="12.7693600"></trkpt>
      <trkpt lat="42.4242100" lon="12.7694500"></trkpt>
      <trkpt lat="42.4242400" lon="12.7695500"></trkpt>
      <trkpt lat="42.4242500" lon="12.7695900"></trkpt>
      <trkpt lat="42.4243100" lon="12.7698200"></trkpt>
      <trkpt lat="42.4243800" lon="12.7700500"></trkpt>
      <trkpt lat="42.4257000" lon="12.7698400"></trkpt>
      <trkpt lat="42.4260300" lon="12.7697800"></trkpt>
      <trkpt lat="42.4262000" lon="12.7697500"></trkpt>
      <trkpt lat="42.4262600" lon="12.7697400"></trkpt>
      <trkpt lat="42.4267000" lon="12.7697100"></trkpt>
      <trkpt lat="42.4269200" lon="12.7697900"></trkpt>
      <trkpt lat="42.4271700" lon="12.7699100"></trkpt>
      <trkpt lat="42.4282600" lon="12.7704800"></trkpt>
      <trkpt lat="42.4284300" lon="12.7705600"></trkpt>
      <trkpt lat="42.4306100" lon="12.7717000"></trkpt>
      <trkpt lat="42.4308400" lon="12.7718100"></trkpt>
      <trkpt lat="42.4317000" lon="12.7722600"></trkpt>
      <trkpt lat="42.4318600" lon="12.7723500"></trkpt>
      <trkpt lat="42.4320300" lon="12.7724400"></trkpt>
      <trkpt lat="42.4322000" lon="12.7725300"></trkpt>
      <trkpt lat="42.4327000" lon="12.7727900"></trkpt>
      <trkpt lat="42.4335400" lon="12.7732300"></trkpt>
      <trkpt lat="42.4337100" lon="12.7733200"></trkpt>
      <trkpt lat="42.4338800" lon="12.7734100"></trkpt>
      <trkpt lat="42.4341800" lon="12.7735700"></trkpt>
      <trkpt lat="42.4342100" lon="12.7734300"></trkpt>
      <trkpt lat="42.4342300" lon="12.7733800"></trkpt>
      <trkpt lat="42.4342800" lon="12.7733000"></trkpt>
      <trkpt lat="42.4344000" lon="12.7730800"></trkpt>
      <trkpt lat="42.4344300" lon="12.7730200"></trkpt>
      <trkpt lat="42.4344400" lon="12.7730000"></trkpt>
      <trkpt lat="42.4344500" lon="12.7729800"></trkpt>
      <trkpt lat="42.4350000" lon="12.7720100"></trkpt>
      <trkpt lat="42.4352200" lon="12.7716200"></trkpt>
      <trkpt lat="42.4354100" lon="12.7713000"></trkpt>
      <trkpt lat="42.4354500" lon="12.7712400"></trkpt>
      <trkpt lat="42.4354900" lon="12.7711700"></trkpt>
      <trkpt lat="42.4358000" lon="12.7707000"></trkpt>
      <trkpt lat="42.4358300" lon="12.7706500"></trkpt>
      <trkpt lat="42.4359300" lon="12.7705000"></trkpt>
      <trkpt lat="42.4360500" lon="12.7703100"></trkpt>
      <trkpt lat="42.4361500" lon="12.7701700"></trkpt>
      <trkpt lat="42.4361800" lon="12.7701000"></trkpt>
      <trkpt lat="42.4362600" lon="12.7699800"></trkpt>
      <trkpt lat="42.4364500" lon="12.7697000"></trkpt>
      <trkpt lat="42.4365200" lon="12.7695900"></trkpt>
      <trkpt lat="42.4366200" lon="12.7694900"></trkpt>
      <trkpt lat="42.4366600" lon="12.7694600"></trkpt>
      <trkpt lat="42.4367400" lon="12.7694200"></trkpt>
      <trkpt lat="42.4367500" lon="12.7694100"></trkpt>
      <trkpt lat="42.4368400" lon="12.7693900"></trkpt>
      <trkpt lat="42.4372900" lon="12.7692900"></trkpt>
      <trkpt lat="42.4375200" lon="12.7692500"></trkpt>
      <trkpt lat="42.4375800" lon="12.7692300"></trkpt>
      <trkpt lat="42.4384400" lon="12.7690800"></trkpt>
      <trkpt lat="42.4393700" lon="12.7689100"></trkpt>
      <trkpt lat="42.4394500" lon="12.7688900"></trkpt>
      <trkpt lat="42.4399800" lon="12.7688100"></trkpt>
      <trkpt lat="42.4400300" lon="12.7688100"></trkpt>
      <trkpt lat="42.4401300" lon="12.7688200"></trkpt>
      <trkpt lat="42.4402200" lon="12.7688300"></trkpt>
      <trkpt lat="42.4402800" lon="12.7688300"></trkpt>
      <trkpt lat="42.4403400" lon="12.7688300"></trkpt>
      <trkpt lat="42.4404200" lon="12.7688400"></trkpt>
      <trkpt lat="42.4404700" lon="12.7688600"></trkpt>
      <trkpt lat="42.4405800" lon="12.7688900"></trkpt>
      <trkpt lat="42.4406900" lon="12.7689400"></trkpt>
      <trkpt lat="42.4409300" lon="12.7690900"></trkpt>
      <trkpt lat="42.4409900" lon="12.7691300"></trkpt>
      <trkpt lat="42.4411000" lon="12.7692000"></trkpt>
      <trkpt lat="42.4416900" lon="12.7696300"></trkpt>
      <trkpt lat="42.4418900" lon="12.7697800"></trkpt>
      <trkpt lat="42.4423900" lon="12.7701500"></trkpt>
      <trkpt lat="42.4425200" lon="12.7702300"></trkpt>
      <trkpt lat="42.4425300" lon="12.7702400"></trkpt>
      <trkpt lat="42.4426100" lon="12.7702700"></trkpt>
      <trkpt lat="42.4426800" lon="12.7702900"></trkpt>
      <trkpt lat="42.4427000" lon="12.7702900"></trkpt>
      <trkpt lat="42.4427300" lon="12.7702900"></trkpt>
      <trkpt lat="42.4427500" lon="12.7702900"></trkpt>
      <trkpt lat="42.4427700" lon="12.7702900"></trkpt>
      <trkpt lat="42.4428100" lon="12.7702800"></trkpt>
      <trkpt lat="42.4428300" lon="12.7702700"></trkpt>
      <trkpt lat="42.4428500" lon="12.7702700"></trkpt>
      <trkpt lat="42.4428900" lon="12.7702400"></trkpt>
      <trkpt lat="42.4429200" lon="12.7702200"></trkpt>
      <trkpt lat="42.4429700" lon="12.7701700"></trkpt>
      <trkpt lat="42.4430600" lon="12.7700400"></trkpt>
      <trkpt lat="42.4432300" lon="12.7698200"></trkpt>
      <trkpt lat="42.4436100" lon="12.7693000"></trkpt>
      <trkpt lat="42.4436200" lon="12.7692800"></trkpt>
      <trkpt lat="42.4437500" lon="12.7691300"></trkpt>
      <trkpt lat="42.4438400" lon="12.7690300"></trkpt>
      <trkpt lat="42.4439400" lon="12.7689300"></trkpt>
      <trkpt lat="42.4440000" lon="12.7688800"></trkpt>
      <trkpt lat="42.4440700" lon="12.7688700"></trkpt>
      <trkpt lat="42.4444400" lon="12.7688200"></trkpt>
      <trkpt lat="42.4448500" lon="12.7689400"></trkpt>
      <trkpt lat="42.4448800" lon="12.7689400"></trkpt>
      <trkpt lat="42.4450900" lon="12.7689900"></trkpt>
      <trkpt lat="42.4451500" lon="12.7690000"></trkpt>
      <trkpt lat="42.4456600" lon="12.7691200"></trkpt>
      <trkpt lat="42.4460800" lon="12.7692300"></trkpt>
      <trkpt lat="42.4461400" lon="12.7692400"></trkpt>
      <trkpt lat="42.4462500" lon="12.7692700"></trkpt>
      <trkpt lat="42.4462900" lon="12.7692700"></trkpt>
      <trkpt lat="42.4464300" lon="12.7692900"></trkpt>
      <trkpt lat="42.4466400" lon="12.7693200"></trkpt>
      <trkpt lat="42.4466900" lon="12.7693200"></trkpt>
      <trkpt lat="42.4470000" lon="12.7693400"></trkpt>
      <trkpt lat="42.4471000" lon="12.7693500"></trkpt>
      <trkpt lat="42.4474600" lon="12.7693500"></trkpt>
      <trkpt lat="42.4475000" lon="12.7693500"></trkpt>
      <trkpt lat="42.4476100" lon="12.7693500"></trkpt>
      <trkpt lat="42.4476400" lon="12.7693500"></trkpt>
      <trkpt lat="42.4479900" lon="12.7694100"></trkpt>
      <trkpt lat="42.4480700" lon="12.7694200"></trkpt>
      <trkpt lat="42.4480900" lon="12.7694200"></trkpt>
      <trkpt lat="42.4481800" lon="12.7694400"></trkpt>
      <trkpt lat="42.4483500" lon="12.7694800"></trkpt>
      <trkpt lat="42.4484200" lon="12.7695000"></trkpt>
      <trkpt lat="42.4484500" lon="12.7695100"></trkpt>
      <trkpt lat="42.4485300" lon="12.7695200"></trkpt>
      <trkpt lat="42.4488600" lon="12.7696000"></trkpt>
      <trkpt lat="42.4490000" lon="12.7696400"></trkpt>
      <trkpt lat="42.4490700" lon="12.7696800"></trkpt>
      <trkpt lat="42.4491600" lon="12.7697100"></trkpt>
      <trkpt lat="42.4495800" lon="12.7698300"></trkpt>
      <trkpt lat="42.4497600" lon="12.7698700"></trkpt>
      <trkpt lat="42.4500400" lon="12.7699200"></trkpt>
      <trkpt lat="42.4501200" lon="12.7699400"></trkpt>
      <trkpt lat="42.4504700" lon="12.7700100"></trkpt>
      <trkpt lat="42.4505000" lon="12.7700100"></trkpt>
      <trkpt lat="42.4505800" lon="12.7700300"></trkpt>
      <trkpt lat="42.4506000" lon="12.7700400"></trkpt>
      <trkpt lat="42.4506900" lon="12.7700800"></trkpt>
      <trkpt lat="42.4507700" lon="12.7701100"></trkpt>
      <trkpt lat="42.4508400" lon="12.7701300"></trkpt>
      <trkpt lat="42.4509900" lon="12.7702200"></trkpt>
      <trkpt lat="42.4511600" lon="12.7703200"></trkpt>
      <trkpt lat="42.4514300" lon="12.7704800"></trkpt>
      <trkpt lat="42.4514900" lon="12.7705100"></trkpt>
      <trkpt lat="42.4515600" lon="12.7705200"></trkpt>
      <trkpt lat="42.4515800" lon="12.7705200"></trkpt>
      <trkpt lat="42.4516200" lon="12.7705200"></trkpt>
      <trkpt lat="42.4516600" lon="12.7705100"></trkpt>
      <trkpt lat="42.4517300" lon="12.7704800"></trkpt>
      <trkpt lat="42.4517900" lon="12.7704500"></trkpt>
      <trkpt lat="42.4518900" lon="12.7704000"></trkpt>
      <trkpt lat="42.4519700" lon="12.7703600"></trkpt>
      <trkpt lat="42.4521900" lon="12.7702100"></trkpt>
      <trkpt lat="42.4522400" lon="12.7701700"></trkpt>
      <trkpt lat="42.4523300" lon="12.7701100"></trkpt>
      <trkpt lat="42.4523800" lon="12.7700800"></trkpt>
      <trkpt lat="42.4527400" lon="12.7698200"></trkpt>
      <trkpt lat="42.4527900" lon="12.7697700"></trkpt>
      <trkpt lat="42.4528500" lon="12.7697600"></trkpt>
      <trkpt lat="42.4528800" lon="12.7697400"></trkpt>
      <trkpt lat="42.4532000" lon="12.7695100"></trkpt>
      <trkpt lat="42.4535100" lon="12.7692300"></trkpt>
      <trkpt lat="42.4536300" lon="12.7691200"></trkpt>
      <trkpt lat="42.4537000" lon="12.7690300"></trkpt>
      <trkpt lat="42.4538200" lon="12.7689400"></trkpt>
      <trkpt lat="42.4539800" lon="12.7688500"></trkpt>
      <trkpt lat="42.4540700" lon="12.7687900"></trkpt>
      <trkpt lat="42.4541100" lon="12.7687800"></trkpt>
      <trkpt lat="42.4542400" lon="12.7687000"></trkpt>
      <trkpt lat="42.4544000" lon="12.7686400"></trkpt>
      <trkpt lat="42.4544400" lon="12.7686200"></trkpt>
      <trkpt lat="42.4546300" lon="12.7685700"></trkpt>
      <trkpt lat="42.4546800" lon="12.7685500"></trkpt>
      <trkpt lat="42.4548000" lon="12.7685200"></trkpt>
      <trkpt lat="42.4549600" lon="12.7685000"></trkpt>
      <trkpt lat="42.4551000" lon="12.7684800"></trkpt>
      <trkpt lat="42.4551400" lon="12.7684700"></trkpt>
      <trkpt lat="42.4551700" lon="12.7684700"></trkpt>
      <trkpt lat="42.4552000" lon="12.7684600"></trkpt>
      <trkpt lat="42.4553100" lon="12.7684500"></trkpt>
      <trkpt lat="42.4553200" lon="12.7684500"></trkpt>
      <trkpt lat="42.4554800" lon="12.7684400"></trkpt>
      <trkpt lat="42.4555400" lon="12.7684400"></trkpt>
      <trkpt lat="42.4558200" lon="12.7684500"></trkpt>
      <trkpt lat="42.4558900" lon="12.7684600"></trkpt>
      <trkpt lat="42.4559200" lon="12.7684600"></trkpt>
      <trkpt lat="42.4561600" lon="12.7684800"></trkpt>
      <trkpt lat="42.4564300" lon="12.7684800"></trkpt>
      <trkpt lat="42.4568300" lon="12.7684800"></trkpt>
      <trkpt lat="42.4571500" lon="12.7684700"></trkpt>
      <trkpt lat="42.4571500" lon="12.7684300"></trkpt>
      <trkpt lat="42.4571600" lon="12.7683300"></trkpt>
      <trkpt lat="42.4571700" lon="12.7682700"></trkpt>
      <trkpt lat="42.4571800" lon="12.7682300"></trkpt>
      <trkpt lat="42.4572100" lon="12.7681900"></trkpt>
      <trkpt lat="42.4572300" lon="12.7681800"></trkpt>
      <trkpt lat="42.4572300" lon="12.7681700"></trkpt>
      <trkpt lat="42.4572500" lon="12.7681600"></trkpt>
      <trkpt lat="42.4572700" lon="12.7681300"></trkpt>
      <trkpt lat="42.4572800" lon="12.7681000"></trkpt>
      <trkpt lat="42.4572800" lon="12.7680700"></trkpt>
      <trkpt lat="42.4572800" lon="12.7680600"></trkpt>
      <trkpt lat="42.4572800" lon="12.7680200"></trkpt>
      <trkpt lat="42.4572900" lon="12.7679800"></trkpt>
      <trkpt lat="42.4572900" lon="12.7679600"></trkpt>
      <trkpt lat="42.4572900" lon="12.7679300"></trkpt>
      <trkpt lat="42.4573000" lon="12.7678500"></trkpt>
      <trkpt lat="42.4573000" lon="12.7677700"></trkpt>
      <trkpt lat="42.4573700" lon="12.7672400"></trkpt>
      <trkpt lat="42.4575200" lon="12.7671800"></trkpt>
      <trkpt lat="42.4575800" lon="12.7671700"></trkpt>
      <trkpt lat="42.4576200" lon="12.7671800"></trkpt>
      <trkpt lat="42.4576700" lon="12.7672000"></trkpt>
      <trkpt lat="42.4577100" lon="12.7672300"></trkpt>
      <trkpt lat="42.4577600" lon="12.7672300"></trkpt>
      <trkpt lat="42.4578300" lon="12.7672200"></trkpt>
      <trkpt lat="42.4578800" lon="12.7672200"></trkpt>
      <trkpt lat="42.4579100" lon="12.7672000"></trkpt>
      <trkpt lat="42.4579300" lon="12.7672000"></trkpt>
      <trkpt lat="42.4580000" lon="12.7671700"></trkpt>
      <trkpt lat="42.4580200" lon="12.7670700"></trkpt>
      <trkpt lat="42.4580300" lon="12.7669800"></trkpt>
      <trkpt lat="42.4580400" lon="12.7668300"></trkpt>
      <trkpt lat="42.4580400" lon="12.7668100"></trkpt>
      <trkpt lat="42.4580500" lon="12.7665700"></trkpt>
      <trkpt lat="42.4580500" lon="12.7664000"></trkpt>
      <trkpt lat="42.4581300" lon="12.7661700"></trkpt>
      <trkpt lat="42.4581600" lon="12.7661400"></trkpt>
      <trkpt lat="42.4582000" lon="12.7660900"></trkpt>
      <trkpt lat="42.4583100" lon="12.7660100"></trkpt>
      <trkpt lat="42.4582800" lon="12.7658000"></trkpt>
      <trkpt lat="42.4582100" lon="12.7653200"></trkpt>
      <trkpt lat="42.4581100" lon="12.7651800"></trkpt>
      <trkpt lat="42.4580700" lon="12.7649500"></trkpt>
      <trkpt lat="42.4580700" lon="12.7649400"></trkpt>
      <trkpt lat="42.4580300" lon="12.7647000"></trkpt>
      <trkpt lat="42.4579200" lon="12.7640000"></trkpt>
      <trkpt lat="42.4579100" lon="12.7639900"></trkpt>
      <trkpt lat="42.4579000" lon="12.7639000"></trkpt>
      <trkpt lat="42.4578800" lon="12.7637500"></trkpt>
      <trkpt lat="42.4578500" lon="12.7635200"></trkpt>
      <trkpt lat="42.4580400" lon="12.7635900"></trkpt>
      <trkpt lat="42.4582100" lon="12.7636500"></trkpt>
      <trkpt lat="42.4583800" lon="12.7637200"></trkpt>
      <trkpt lat="42.4585900" lon="12.7637900"></trkpt>
      <trkpt lat="42.4587000" lon="12.7638300"></trkpt>
      <trkpt lat="42.4587300" lon="12.7638500"></trkpt>
      <trkpt lat="42.4587900" lon="12.7638700"></trkpt>
      <trkpt lat="42.4588900" lon="12.7639000"></trkpt>
      <trkpt lat="42.4589100" lon="12.7639000"></trkpt>
      <trkpt lat="42.4589400" lon="12.7639000"></trkpt>
      <trkpt lat="42.4589600" lon="12.7638900"></trkpt>
      <trkpt lat="42.4590000" lon="12.7638700"></trkpt>
      <trkpt lat="42.4590400" lon="12.7638400"></trkpt>
      <trkpt lat="42.4590600" lon="12.7638100"></trkpt>
      <trkpt lat="42.4591400" lon="12.7637200"></trkpt>
      <trkpt lat="42.4591900" lon="12.7636400"></trkpt>
      <trkpt lat="42.4592300" lon="12.7635900"></trkpt>
      <trkpt lat="42.4592600" lon="12.7635500"></trkpt>
      <trkpt lat="42.4592900" lon="12.7635200"></trkpt>
      <trkpt lat="42.4593200" lon="12.7635100"></trkpt>
      <trkpt lat="42.4593400" lon="12.7635000"></trkpt>
      <trkpt lat="42.4593500" lon="12.7635000"></trkpt>
      <trkpt lat="42.4593800" lon="12.7635000"></trkpt>
      <trkpt lat="42.4594400" lon="12.7635000"></trkpt>
      <trkpt lat="42.4595200" lon="12.7635300"></trkpt>
      <trkpt lat="42.4597100" lon="12.7635800"></trkpt>
      <trkpt lat="42.4598700" lon="12.7636500"></trkpt>
      <trkpt lat="42.4600100" lon="12.7637100"></trkpt>
      <trkpt lat="42.4603000" lon="12.7637800"></trkpt>
      <trkpt lat="42.4604700" lon="12.7638100"></trkpt>
      <trkpt lat="42.4606500" lon="12.7638800"></trkpt>
      <trkpt lat="42.4606600" lon="12.7638900"></trkpt>
      <trkpt lat="42.4608200" lon="12.7639800"></trkpt>
      <trkpt lat="42.4608900" lon="12.7640200"></trkpt>
      <trkpt lat="42.4609100" lon="12.7640300"></trkpt>
      <trkpt lat="42.4609400" lon="12.7640300"></trkpt>
      <trkpt lat="42.4609900" lon="12.7640200"></trkpt>
      <trkpt lat="42.4608600" lon="12.7637200"></trkpt>
      <trkpt lat="42.4608100" lon="12.7636300"></trkpt>
      <trkpt lat="42.4608100" lon="12.7636200"></trkpt>
      <trkpt lat="42.4607700" lon="12.7635400"></trkpt>
      <trkpt lat="42.4607300" lon="12.7634700"></trkpt>
      <trkpt lat="42.4606800" lon="12.7634000"></trkpt>
      <trkpt lat="42.4605900" lon="12.7633100"></trkpt>
      <trkpt lat="42.4604700" lon="12.7632000"></trkpt>
      <trkpt lat="42.4604300" lon="12.7631400"></trkpt>
      <trkpt lat="42.4604200" lon="12.7631300"></trkpt>
      <trkpt lat="42.4604000" lon="12.7630900"></trkpt>
      <trkpt lat="42.4604000" lon="12.7630300"></trkpt>
      <trkpt lat="42.4604000" lon="12.7630000"></trkpt>
      <trkpt lat="42.4604000" lon="12.7629800"></trkpt>
      <trkpt lat="42.4604100" lon="12.7629600"></trkpt>
      <trkpt lat="42.4604200" lon="12.7629300"></trkpt>
      <trkpt lat="42.4604300" lon="12.7629100"></trkpt>
      <trkpt lat="42.4604500" lon="12.7628800"></trkpt>
      <trkpt lat="42.4604700" lon="12.7628800"></trkpt>
      <trkpt lat="42.4604900" lon="12.7628700"></trkpt>
      <trkpt lat="42.4605300" lon="12.7628700"></trkpt>
      <trkpt lat="42.4605600" lon="12.7628700"></trkpt>
      <trkpt lat="42.4606000" lon="12.7628900"></trkpt>
      <trkpt lat="42.4606200" lon="12.7629000"></trkpt>
      <trkpt lat="42.4606800" lon="12.7629300"></trkpt>
      <trkpt lat="42.4607300" lon="12.7629400"></trkpt>
      <trkpt lat="42.4607700" lon="12.7629500"></trkpt>
      <trkpt lat="42.4608200" lon="12.7629500"></trkpt>
      <trkpt lat="42.4609300" lon="12.7629400"></trkpt>
      <trkpt lat="42.4609500" lon="12.7629400"></trkpt>
      <trkpt lat="42.4610000" lon="12.7629200"></trkpt>
      <trkpt lat="42.4610300" lon="12.7629100"></trkpt>
      <trkpt lat="42.4611400" lon="12.7628700"></trkpt>
      <trkpt lat="42.4612500" lon="12.7628400"></trkpt>
      <trkpt lat="42.4613300" lon="12.7628000"></trkpt>
      <trkpt lat="42.4614200" lon="12.7627600"></trkpt>
      <trkpt lat="42.4614600" lon="12.7627400"></trkpt>
      <trkpt lat="42.4615500" lon="12.7626700"></trkpt>
      <trkpt lat="42.4616200" lon="12.7625900"></trkpt>
      <trkpt lat="42.4619600" lon="12.7620200"></trkpt>
      <trkpt lat="42.4620000" lon="12.7619900"></trkpt>
      <trkpt lat="42.4620400" lon="12.7619500"></trkpt>
      <trkpt lat="42.4620700" lon="12.7619400"></trkpt>
      <trkpt lat="42.4621100" lon="12.7619400"></trkpt>
      <trkpt lat="42.4621500" lon="12.7619300"></trkpt>
      <trkpt lat="42.4622000" lon="12.7619400"></trkpt>
      <trkpt lat="42.4624300" lon="12.7619900"></trkpt>
      <trkpt lat="42.4625200" lon="12.7620100"></trkpt>
      <trkpt lat="42.4626000" lon="12.7620500"></trkpt>
      <trkpt lat="42.4627800" lon="12.7621200"></trkpt>
      <trkpt lat="42.4629500" lon="12.7621900"></trkpt>
      <trkpt lat="42.4629600" lon="12.7622000"></trkpt>
      <trkpt lat="42.4636200" lon="12.7625200"></trkpt>
      <trkpt lat="42.4636900" lon="12.7625600"></trkpt>
      <trkpt lat="42.4637900" lon="12.7626100"></trkpt>
      <trkpt lat="42.4638300" lon="12.7626200"></trkpt>
      <trkpt lat="42.4639100" lon="12.7626500"></trkpt>
      <trkpt lat="42.4639400" lon="12.7626500"></trkpt>
      <trkpt lat="42.4639700" lon="12.7626400"></trkpt>
      <trkpt lat="42.4640000" lon="12.7626200"></trkpt>
      <trkpt lat="42.4640200" lon="12.7625900"></trkpt>
      <trkpt lat="42.4640300" lon="12.7625400"></trkpt>
      <trkpt lat="42.4640300" lon="12.7624900"></trkpt>
      <trkpt lat="42.4640200" lon="12.7624500"></trkpt>
      <trkpt lat="42.4640200" lon="12.7624300"></trkpt>
      <trkpt lat="42.4640100" lon="12.7623900"></trkpt>
      <trkpt lat="42.4639800" lon="12.7623100"></trkpt>
      <trkpt lat="42.4639300" lon="12.7622200"></trkpt>
      <trkpt lat="42.4639000" lon="12.7621500"></trkpt>
      <trkpt lat="42.4638300" lon="12.7620200"></trkpt>
      <trkpt lat="42.4637200" lon="12.7618400"></trkpt>
      <trkpt lat="42.4636000" lon="12.7616600"></trkpt>
      <trkpt lat="42.4634200" lon="12.7614700"></trkpt>
      <trkpt lat="42.4633100" lon="12.7613500"></trkpt>
      <trkpt lat="42.4631700" lon="12.7611900"></trkpt>
      <trkpt lat="42.4630600" lon="12.7610600"></trkpt>
      <trkpt lat="42.4629800" lon="12.7609400"></trkpt>
      <trkpt lat="42.4628800" lon="12.7606900"></trkpt>
      <trkpt lat="42.4628100" lon="12.7604500"></trkpt>
      <trkpt lat="42.4627600" lon="12.7603500"></trkpt>
      <trkpt lat="42.4627000" lon="12.7602400"></trkpt>
      <trkpt lat="42.4626700" lon="12.7602000"></trkpt>
      <trkpt lat="42.4626400" lon="12.7601600"></trkpt>
      <trkpt lat="42.4626100" lon="12.7601500"></trkpt>
      <trkpt lat="42.4625500" lon="12.7601200"></trkpt>
      <trkpt lat="42.4625100" lon="12.7601000"></trkpt>
      <trkpt lat="42.4624300" lon="12.7600600"></trkpt>
      <trkpt lat="42.4617800" lon="12.7598100"></trkpt>
      <trkpt lat="42.4615800" lon="12.7597400"></trkpt>
      <trkpt lat="42.4615400" lon="12.7597100"></trkpt>
      <trkpt lat="42.4615000" lon="12.7596600"></trkpt>
      <trkpt lat="42.4614800" lon="12.7596000"></trkpt>
      <trkpt lat="42.4614600" lon="12.7595300"></trkpt>
      <trkpt lat="42.4614700" lon="12.7594600"></trkpt>
      <trkpt lat="42.4614800" lon="12.7594400"></trkpt>
      <trkpt lat="42.4615000" lon="12.7594300"></trkpt>
      <trkpt lat="42.4615100" lon="12.7594300"></trkpt>
      <trkpt lat="42.4618500" lon="12.7594700"></trkpt>
      <trkpt lat="42.4620300" lon="12.7594900"></trkpt>
      <trkpt lat="42.4621900" lon="12.7595100"></trkpt>
      <trkpt lat="42.4622100" lon="12.7595100"></trkpt>
      <trkpt lat="42.4622500" lon="12.7594800"></trkpt>
      <trkpt lat="42.4623000" lon="12.7594300"></trkpt>
      <trkpt lat="42.4623200" lon="12.7593800"></trkpt>
      <trkpt lat="42.4623500" lon="12.7593200"></trkpt>
      <trkpt lat="42.4623700" lon="12.7592200"></trkpt>
      <trkpt lat="42.4623800" lon="12.7591000"></trkpt>
      <trkpt lat="42.4623800" lon="12.7590900"></trkpt>
      <trkpt lat="42.4623800" lon="12.7589500"></trkpt>
      <trkpt lat="42.4623800" lon="12.7588600"></trkpt>
      <trkpt lat="42.4624000" lon="12.7579000"></trkpt>
      <trkpt lat="42.4623900" lon="12.7577800"></trkpt>
      <trkpt lat="42.4623600" lon="12.7576600"></trkpt>
      <trkpt lat="42.4623200" lon="12.7575700"></trkpt>
      <trkpt lat="42.4623200" lon="12.7575600"></trkpt>
      <trkpt lat="42.4622800" lon="12.7575200"></trkpt>
      <trkpt lat="42.4622700" lon="12.7575000"></trkpt>
      <trkpt lat="42.4622500" lon="12.7574800"></trkpt>
      <trkpt lat="42.4621800" lon="12.7574100"></trkpt>
      <trkpt lat="42.4619900" lon="12.7572300"></trkpt>
      <trkpt lat="42.4619600" lon="12.7571900"></trkpt>
      <trkpt lat="42.4617700" lon="12.7570200"></trkpt>
      <trkpt lat="42.4617400" lon="12.7569800"></trkpt>
      <trkpt lat="42.4617000" lon="12.7569400"></trkpt>
      <trkpt lat="42.4615300" lon="12.7567500"></trkpt>
      <trkpt lat="42.4614300" lon="12.7566300"></trkpt>
      <trkpt lat="42.4613900" lon="12.7565900"></trkpt>
      <trkpt lat="42.4613200" lon="12.7565100"></trkpt>
      <trkpt lat="42.4612500" lon="12.7564400"></trkpt>
      <trkpt lat="42.4611500" lon="12.7563200"></trkpt>
      <trkpt lat="42.4611100" lon="12.7562800"></trkpt>
      <trkpt lat="42.4610700" lon="12.7562300"></trkpt>
      <trkpt lat="42.4610200" lon="12.7561600"></trkpt>
      <trkpt lat="42.4609800" lon="12.7561100"></trkpt>
      <trkpt lat="42.4609600" lon="12.7560900"></trkpt>
      <trkpt lat="42.4609300" lon="12.7560200"></trkpt>
      <trkpt lat="42.4609000" lon="12.7559700"></trkpt>
      <trkpt lat="42.4608500" lon="12.7558200"></trkpt>
      <trkpt lat="42.4608000" lon="12.7556600"></trkpt>
      <trkpt lat="42.4607800" lon="12.7555700"></trkpt>
      <trkpt lat="42.4607300" lon="12.7553600"></trkpt>
      <trkpt lat="42.4606600" lon="12.7550500"></trkpt>
      <trkpt lat="42.4605900" lon="12.7547600"></trkpt>
      <trkpt lat="42.4605800" lon="12.7547100"></trkpt>
      <trkpt lat="42.4605800" lon="12.7546400"></trkpt>
      <trkpt lat="42.4605700" lon="12.7545800"></trkpt>
      <trkpt lat="42.4605700" lon="12.7545200"></trkpt>
      <trkpt lat="42.4605600" lon="12.7544300"></trkpt>
      <trkpt lat="42.4605400" lon="12.7543100"></trkpt>
      <trkpt lat="42.4605300" lon="12.7542800"></trkpt>
      <trkpt lat="42.4605200" lon="12.7542000"></trkpt>
      <trkpt lat="42.4604800" lon="12.7540900"></trkpt>
      <trkpt lat="42.4604500" lon="12.7540000"></trkpt>
      <trkpt lat="42.4604100" lon="12.7539100"></trkpt>
      <trkpt lat="42.4604100" lon="12.7538900"></trkpt>
      <trkpt lat="42.4603900" lon="12.7538300"></trkpt>
      <trkpt lat="42.4603600" lon="12.7537100"></trkpt>
      <trkpt lat="42.4603500" lon="12.7536600"></trkpt>
      <trkpt lat="42.4603400" lon="12.7536000"></trkpt>
      <trkpt lat="42.4603300" lon="12.7535400"></trkpt>
      <trkpt lat="42.4603300" lon="12.7534800"></trkpt>
      <trkpt lat="42.4603300" lon="12.7534200"></trkpt>
      <trkpt lat="42.4603300" lon="12.7534100"></trkpt>
      <trkpt lat="42.4603300" lon="12.7532900"></trkpt>
      <trkpt lat="42.4603300" lon="12.7532400"></trkpt>
      <trkpt lat="42.4603400" lon="12.7531800"></trkpt>
      <trkpt lat="42.4603400" lon="12.7531700"></trkpt>
      <trkpt lat="42.4603400" lon="12.7531200"></trkpt>
      <trkpt lat="42.4603300" lon="12.7530500"></trkpt>
      <trkpt lat="42.4603300" lon="12.7529900"></trkpt>
      <trkpt lat="42.4603300" lon="12.7529300"></trkpt>
      <trkpt lat="42.4603300" lon="12.7528200"></trkpt>
      <trkpt lat="42.4603200" lon="12.7527100"></trkpt>
      <trkpt lat="42.4603200" lon="12.7526900"></trkpt>
      <trkpt lat="42.4603100" lon="12.7526200"></trkpt>
      <trkpt lat="42.4602900" lon="12.7525000"></trkpt>
      <trkpt lat="42.4602700" lon="12.7524000"></trkpt>
      <trkpt lat="42.4602600" lon="12.7522900"></trkpt>
      <trkpt lat="42.4602600" lon="12.7522200"></trkpt>
      <trkpt lat="42.4602600" lon="12.7522100"></trkpt>
      <trkpt lat="42.4602600" lon="12.7521600"></trkpt>
      <trkpt lat="42.4602600" lon="12.7521500"></trkpt>
      <trkpt lat="42.4602700" lon="12.7521000"></trkpt>
      <trkpt lat="42.4602900" lon="12.7520600"></trkpt>
      <trkpt lat="42.4603100" lon="12.7520200"></trkpt>
      <trkpt lat="42.4603200" lon="12.7519900"></trkpt>
      <trkpt lat="42.4603300" lon="12.7519800"></trkpt>
      <trkpt lat="42.4603600" lon="12.7519600"></trkpt>
      <trkpt lat="42.4603900" lon="12.7519400"></trkpt>
      <trkpt lat="42.4604300" lon="12.7519400"></trkpt>
      <trkpt lat="42.4604800" lon="12.7519500"></trkpt>
      <trkpt lat="42.4604900" lon="12.7519600"></trkpt>
      <trkpt lat="42.4605400" lon="12.7519700"></trkpt>
      <trkpt lat="42.4605900" lon="12.7520000"></trkpt>
      <trkpt lat="42.4606500" lon="12.7520400"></trkpt>
      <trkpt lat="42.4606600" lon="12.7520400"></trkpt>
      <trkpt lat="42.4607000" lon="12.7520700"></trkpt>
      <trkpt lat="42.4607300" lon="12.7520800"></trkpt>
      <trkpt lat="42.4607600" lon="12.7520900"></trkpt>
      <trkpt lat="42.4608000" lon="12.7521000"></trkpt>
      <trkpt lat="42.4608300" lon="12.7521100"></trkpt>
      <trkpt lat="42.4608400" lon="12.7521100"></trkpt>
      <trkpt lat="42.4608600" lon="12.7521200"></trkpt>
      <trkpt lat="42.4608800" lon="12.7521200"></trkpt>
      <trkpt lat="42.4609000" lon="12.7521200"></trkpt>
      <trkpt lat="42.4609200" lon="12.7521100"></trkpt>
      <trkpt lat="42.4609400" lon="12.7521000"></trkpt>
      <trkpt lat="42.4609600" lon="12.7520900"></trkpt>
      <trkpt lat="42.4609800" lon="12.7520700"></trkpt>
      <trkpt lat="42.4609900" lon="12.7520500"></trkpt>
      <trkpt lat="42.4610000" lon="12.7520400"></trkpt>
      <trkpt lat="42.4610100" lon="12.7520300"></trkpt>
      <trkpt lat="42.4610100" lon="12.7520100"></trkpt>
      <trkpt lat="42.4610200" lon="12.7519900"></trkpt>
      <trkpt lat="42.4610200" lon="12.7519700"></trkpt>
      <trkpt lat="42.4610200" lon="12.7519400"></trkpt>
      <trkpt lat="42.4610200" lon="12.7519100"></trkpt>
      <trkpt lat="42.4610200" lon="12.7518900"></trkpt>
      <trkpt lat="42.4610100" lon="12.7518600"></trkpt>
      <trkpt lat="42.4610000" lon="12.7518400"></trkpt>
      <trkpt lat="42.4609900" lon="12.7518200"></trkpt>
      <trkpt lat="42.4609900" lon="12.7518100"></trkpt>
      <trkpt lat="42.4609800" lon="12.7517800"></trkpt>
      <trkpt lat="42.4609600" lon="12.7517600"></trkpt>
      <trkpt lat="42.4608700" lon="12.7516500"></trkpt>
      <trkpt lat="42.4608600" lon="12.7516500"></trkpt>
      <trkpt lat="42.4608300" lon="12.7516100"></trkpt>
      <trkpt lat="42.4607700" lon="12.7515400"></trkpt>
      <trkpt lat="42.4607400" lon="12.7514900"></trkpt>
      <trkpt lat="42.4607300" lon="12.7514800"></trkpt>
      <trkpt lat="42.4607200" lon="12.7514600"></trkpt>
      <trkpt lat="42.4607100" lon="12.7514300"></trkpt>
      <trkpt lat="42.4607000" lon="12.7514200"></trkpt>
      <trkpt lat="42.4606900" lon="12.7513800"></trkpt>
      <trkpt lat="42.4606800" lon="12.7513400"></trkpt>
      <trkpt lat="42.4606700" lon="12.7512900"></trkpt>
      <trkpt lat="42.4606700" lon="12.7512300"></trkpt>
      <trkpt lat="42.4606700" lon="12.7512000"></trkpt>
      <trkpt lat="42.4606700" lon="12.7511800"></trkpt>
      <trkpt lat="42.4606800" lon="12.7510900"></trkpt>
      <trkpt lat="42.4607000" lon="12.7510200"></trkpt>
      <trkpt lat="42.4607000" lon="12.7509800"></trkpt>
      <trkpt lat="42.4607200" lon="12.7509200"></trkpt>
      <trkpt lat="42.4607400" lon="12.7508500"></trkpt>
      <trkpt lat="42.4607600" lon="12.7507800"></trkpt>
      <trkpt lat="42.4607800" lon="12.7507200"></trkpt>
      <trkpt lat="42.4607900" lon="12.7506900"></trkpt>
      <trkpt lat="42.4608000" lon="12.7506700"></trkpt>
      <trkpt lat="42.4608200" lon="12.7506400"></trkpt>
      <trkpt lat="42.4608500" lon="12.7506000"></trkpt>
      <trkpt lat="42.4608700" lon="12.7505700"></trkpt>
      <trkpt lat="42.4608900" lon="12.7505500"></trkpt>
      <trkpt lat="42.4609100" lon="12.7505300"></trkpt>
      <trkpt lat="42.4609400" lon="12.7505200"></trkpt>
      <trkpt lat="42.4609900" lon="12.7505100"></trkpt>
      <trkpt lat="42.4610300" lon="12.7505000"></trkpt>
      <trkpt lat="42.4610700" lon="12.7505100"></trkpt>
      <trkpt lat="42.4611000" lon="12.7505200"></trkpt>
      <trkpt lat="42.4611800" lon="12.7505400"></trkpt>
      <trkpt lat="42.4612400" lon="12.7505600"></trkpt>
      <trkpt lat="42.4612700" lon="12.7505700"></trkpt>
      <trkpt lat="42.4612800" lon="12.7505800"></trkpt>
      <trkpt lat="42.4613400" lon="12.7505900"></trkpt>
      <trkpt lat="42.4613800" lon="12.7505800"></trkpt>
      <trkpt lat="42.4614000" lon="12.7505800"></trkpt>
      <trkpt lat="42.4614100" lon="12.7505700"></trkpt>
      <trkpt lat="42.4614200" lon="12.7505600"></trkpt>
      <trkpt lat="42.4614100" lon="12.7505700"></trkpt>
      <trkpt lat="42.4614000" lon="12.7505800"></trkpt>
      <trkpt lat="42.4613800" lon="12.7505800"></trkpt>
      <trkpt lat="42.4613400" lon="12.7505900"></trkpt>
      <trkpt lat="42.4612800" lon="12.7505800"></trkpt>
      <trkpt lat="42.4612700" lon="12.7505700"></trkpt>
      <trkpt lat="42.4612400" lon="12.7505600"></trkpt>
      <trkpt lat="42.4611800" lon="12.7505400"></trkpt>
      <trkpt lat="42.4611000" lon="12.7505200"></trkpt>
      <trkpt lat="42.4610700" lon="12.7505100"></trkpt>
      <trkpt lat="42.4610300" lon="12.7505000"></trkpt>
      <trkpt lat="42.4609900" lon="12.7505100"></trkpt>
      <trkpt lat="42.4609400" lon="12.7505200"></trkpt>
      <trkpt lat="42.4609100" lon="12.7505300"></trkpt>
      <trkpt lat="42.4608900" lon="12.7505500"></trkpt>
      <trkpt lat="42.4608700" lon="12.7505700"></trkpt>
      <trkpt lat="42.4608500" lon="12.7506000"></trkpt>
      <trkpt lat="42.4608200" lon="12.7506400"></trkpt>
      <trkpt lat="42.4608000" lon="12.7506700"></trkpt>
      <trkpt lat="42.4607900" lon="12.7506900"></trkpt>
      <trkpt lat="42.4607800" lon="12.7507200"></trkpt>
      <trkpt lat="42.4607600" lon="12.7507800"></trkpt>
      <trkpt lat="42.4607400" lon="12.7508500"></trkpt>
      <trkpt lat="42.4607200" lon="12.7509200"></trkpt>
      <trkpt lat="42.4607000" lon="12.7509800"></trkpt>
      <trkpt lat="42.4607000" lon="12.7510200"></trkpt>
      <trkpt lat="42.4606800" lon="12.7510900"></trkpt>
      <trkpt lat="42.4606700" lon="12.7511800"></trkpt>
      <trkpt lat="42.4606700" lon="12.7512000"></trkpt>
      <trkpt lat="42.4606700" lon="12.7512300"></trkpt>
      <trkpt lat="42.4606700" lon="12.7512900"></trkpt>
      <trkpt lat="42.4606800" lon="12.7513400"></trkpt>
      <trkpt lat="42.4606900" lon="12.7513800"></trkpt>
      <trkpt lat="42.4607000" lon="12.7514200"></trkpt>
      <trkpt lat="42.4607100" lon="12.7514300"></trkpt>
      <trkpt lat="42.4607200" lon="12.7514600"></trkpt>
      <trkpt lat="42.4607300" lon="12.7514800"></trkpt>
      <trkpt lat="42.4607400" lon="12.7514900"></trkpt>
      <trkpt lat="42.4607700" lon="12.7515400"></trkpt>
      <trkpt lat="42.4608300" lon="12.7516100"></trkpt>
      <trkpt lat="42.4608600" lon="12.7516500"></trkpt>
      <trkpt lat="42.4608700" lon="12.7516500"></trkpt>
      <trkpt lat="42.4609600" lon="12.7517600"></trkpt>
      <trkpt lat="42.4609800" lon="12.7517800"></trkpt>
      <trkpt lat="42.4609900" lon="12.7518100"></trkpt>
      <trkpt lat="42.4609900" lon="12.7518200"></trkpt>
      <trkpt lat="42.4610000" lon="12.7518400"></trkpt>
      <trkpt lat="42.4610100" lon="12.7518600"></trkpt>
      <trkpt lat="42.4610200" lon="12.7518900"></trkpt>
      <trkpt lat="42.4610200" lon="12.7519100"></trkpt>
      <trkpt lat="42.4610200" lon="12.7519400"></trkpt>
      <trkpt lat="42.4610200" lon="12.7519700"></trkpt>
      <trkpt lat="42.4610200" lon="12.7519900"></trkpt>
      <trkpt lat="42.4610100" lon="12.7520100"></trkpt>
      <trkpt lat="42.4610100" lon="12.7520300"></trkpt>
      <trkpt lat="42.4610000" lon="12.7520400"></trkpt>
      <trkpt lat="42.4609900" lon="12.7520500"></trkpt>
      <trkpt lat="42.4609800" lon="12.7520700"></trkpt>
      <trkpt lat="42.4609600" lon="12.7520900"></trkpt>
      <trkpt lat="42.4609400" lon="12.7521000"></trkpt>
      <trkpt lat="42.4609200" lon="12.7521100"></trkpt>
      <trkpt lat="42.4609000" lon="12.7521200"></trkpt>
      <trkpt lat="42.4608800" lon="12.7521200"></trkpt>
      <trkpt lat="42.4608600" lon="12.7521200"></trkpt>
      <trkpt lat="42.4608400" lon="12.7521100"></trkpt>
      <trkpt lat="42.4608300" lon="12.7521100"></trkpt>
      <trkpt lat="42.4608000" lon="12.7521000"></trkpt>
      <trkpt lat="42.4607600" lon="12.7520900"></trkpt>
      <trkpt lat="42.4607300" lon="12.7520800"></trkpt>
      <trkpt lat="42.4607000" lon="12.7520700"></trkpt>
      <trkpt lat="42.4606600" lon="12.7520400"></trkpt>
      <trkpt lat="42.4606500" lon="12.7520400"></trkpt>
      <trkpt lat="42.4605900" lon="12.7520000"></trkpt>
      <trkpt lat="42.4605400" lon="12.7519700"></trkpt>
      <trkpt lat="42.4604900" lon="12.7519600"></trkpt>
      <trkpt lat="42.4604800" lon="12.7519500"></trkpt>
      <trkpt lat="42.4604300" lon="12.7519400"></trkpt>
      <trkpt lat="42.4603900" lon="12.7519400"></trkpt>
      <trkpt lat="42.4603600" lon="12.7519600"></trkpt>
      <trkpt lat="42.4603300" lon="12.7519800"></trkpt>
      <trkpt lat="42.4603200" lon="12.7519900"></trkpt>
      <trkpt lat="42.4603100" lon="12.7520200"></trkpt>
      <trkpt lat="42.4602900" lon="12.7520600"></trkpt>
      <trkpt lat="42.4602700" lon="12.7521000"></trkpt>
      <trkpt lat="42.4602600" lon="12.7521500"></trkpt>
      <trkpt lat="42.4602600" lon="12.7521600"></trkpt>
      <trkpt lat="42.4602600" lon="12.7522100"></trkpt>
      <trkpt lat="42.4602600" lon="12.7522200"></trkpt>
      <trkpt lat="42.4602600" lon="12.7522900"></trkpt>
      <trkpt lat="42.4602700" lon="12.7524000"></trkpt>
      <trkpt lat="42.4602900" lon="12.7525000"></trkpt>
      <trkpt lat="42.4603100" lon="12.7526200"></trkpt>
      <trkpt lat="42.4603200" lon="12.7526900"></trkpt>
      <trkpt lat="42.4603200" lon="12.7527100"></trkpt>
      <trkpt lat="42.4603300" lon="12.7528200"></trkpt>
      <trkpt lat="42.4603300" lon="12.7529300"></trkpt>
      <trkpt lat="42.4603300" lon="12.7529900"></trkpt>
      <trkpt lat="42.4603300" lon="12.7530500"></trkpt>
      <trkpt lat="42.4603400" lon="12.7531200"></trkpt>
      <trkpt lat="42.4603400" lon="12.7531700"></trkpt>
      <trkpt lat="42.4603400" lon="12.7531800"></trkpt>
      <trkpt lat="42.4603300" lon="12.7532400"></trkpt>
      <trkpt lat="42.4603300" lon="12.7532900"></trkpt>
      <trkpt lat="42.4603300" lon="12.7534100"></trkpt>
      <trkpt lat="42.4603300" lon="12.7534200"></trkpt>
      <trkpt lat="42.4603300" lon="12.7534800"></trkpt>
      <trkpt lat="42.4603300" lon="12.7535400"></trkpt>
      <trkpt lat="42.4603400" lon="12.7536000"></trkpt>
      <trkpt lat="42.4603500" lon="12.7536600"></trkpt>
      <trkpt lat="42.4603600" lon="12.7537100"></trkpt>
      <trkpt lat="42.4603900" lon="12.7538300"></trkpt>
      <trkpt lat="42.4604100" lon="12.7538900"></trkpt>
      <trkpt lat="42.4604100" lon="12.7539100"></trkpt>
      <trkpt lat="42.4604500" lon="12.7540000"></trkpt>
      <trkpt lat="42.4604800" lon="12.7540900"></trkpt>
      <trkpt lat="42.4605200" lon="12.7542000"></trkpt>
      <trkpt lat="42.4605300" lon="12.7542800"></trkpt>
      <trkpt lat="42.4605400" lon="12.7543100"></trkpt>
      <trkpt lat="42.4605600" lon="12.7544300"></trkpt>
      <trkpt lat="42.4605700" lon="12.7545200"></trkpt>
      <trkpt lat="42.4605700" lon="12.7545800"></trkpt>
      <trkpt lat="42.4605800" lon="12.7546400"></trkpt>
      <trkpt lat="42.4605800" lon="12.7547100"></trkpt>
      <trkpt lat="42.4605900" lon="12.7547600"></trkpt>
      <trkpt lat="42.4606600" lon="12.7550500"></trkpt>
      <trkpt lat="42.4607300" lon="12.7553600"></trkpt>
      <trkpt lat="42.4607800" lon="12.7555700"></trkpt>
      <trkpt lat="42.4608000" lon="12.7556600"></trkpt>
      <trkpt lat="42.4608500" lon="12.7558200"></trkpt>
      <trkpt lat="42.4609000" lon="12.7559700"></trkpt>
      <trkpt lat="42.4609300" lon="12.7560200"></trkpt>
      <trkpt lat="42.4609600" lon="12.7560900"></trkpt>
      <trkpt lat="42.4609800" lon="12.7561100"></trkpt>
      <trkpt lat="42.4610200" lon="12.7561600"></trkpt>
      <trkpt lat="42.4610700" lon="12.7562300"></trkpt>
      <trkpt lat="42.4611100" lon="12.7562800"></trkpt>
      <trkpt lat="42.4611500" lon="12.7563200"></trkpt>
      <trkpt lat="42.4612500" lon="12.7564400"></trkpt>
      <trkpt lat="42.4613200" lon="12.7565100"></trkpt>
      <trkpt lat="42.4613900" lon="12.7565900"></trkpt>
      <trkpt lat="42.4614300" lon="12.7566300"></trkpt>
      <trkpt lat="42.4615300" lon="12.7567500"></trkpt>
      <trkpt lat="42.4617000" lon="12.7569400"></trkpt>
      <trkpt lat="42.4617400" lon="12.7569800"></trkpt>
      <trkpt lat="42.4617700" lon="12.7570200"></trkpt>
      <trkpt lat="42.4619600" lon="12.7571900"></trkpt>
      <trkpt lat="42.4619900" lon="12.7572300"></trkpt>
      <trkpt lat="42.4621800" lon="12.7574100"></trkpt>
      <trkpt lat="42.4622500" lon="12.7574800"></trkpt>
      <trkpt lat="42.4622700" lon="12.7575000"></trkpt>
      <trkpt lat="42.4622800" lon="12.7575200"></trkpt>
      <trkpt lat="42.4623200" lon="12.7575600"></trkpt>
      <trkpt lat="42.4623200" lon="12.7575700"></trkpt>
      <trkpt lat="42.4623600" lon="12.7576600"></trkpt>
      <trkpt lat="42.4623900" lon="12.7577800"></trkpt>
      <trkpt lat="42.4624000" lon="12.7579000"></trkpt>
      <trkpt lat="42.4623800" lon="12.7588600"></trkpt>
      <trkpt lat="42.4623800" lon="12.7589500"></trkpt>
      <trkpt lat="42.4623800" lon="12.7590900"></trkpt>
      <trkpt lat="42.4623800" lon="12.7591000"></trkpt>
      <trkpt lat="42.4623700" lon="12.7592200"></trkpt>
      <trkpt lat="42.4623500" lon="12.7593200"></trkpt>
      <trkpt lat="42.4623200" lon="12.7593800"></trkpt>
      <trkpt lat="42.4623000" lon="12.7594300"></trkpt>
      <trkpt lat="42.4622500" lon="12.7594800"></trkpt>
      <trkpt lat="42.4622100" lon="12.7595100"></trkpt>
      <trkpt lat="42.4621900" lon="12.7595100"></trkpt>
      <trkpt lat="42.4620300" lon="12.7594900"></trkpt>
      <trkpt lat="42.4618500" lon="12.7594700"></trkpt>
      <trkpt lat="42.4615100" lon="12.7594300"></trkpt>
      <trkpt lat="42.4615000" lon="12.7594300"></trkpt>
      <trkpt lat="42.4614800" lon="12.7594400"></trkpt>
      <trkpt lat="42.4614700" lon="12.7594600"></trkpt>
      <trkpt lat="42.4614600" lon="12.7595300"></trkpt>
      <trkpt lat="42.4614800" lon="12.7596000"></trkpt>
      <trkpt lat="42.4615000" lon="12.7596600"></trkpt>
      <trkpt lat="42.4615400" lon="12.7597100"></trkpt>
      <trkpt lat="42.4615800" lon="12.7597400"></trkpt>
      <trkpt lat="42.4617800" lon="12.7598100"></trkpt>
      <trkpt lat="42.4624300" lon="12.7600600"></trkpt>
      <trkpt lat="42.4625100" lon="12.7601000"></trkpt>
      <trkpt lat="42.4625500" lon="12.7601200"></trkpt>
      <trkpt lat="42.4626100" lon="12.7601500"></trkpt>
      <trkpt lat="42.4626400" lon="12.7601600"></trkpt>
      <trkpt lat="42.4626700" lon="12.7602000"></trkpt>
      <trkpt lat="42.4627000" lon="12.7602400"></trkpt>
      <trkpt lat="42.4627600" lon="12.7603500"></trkpt>
      <trkpt lat="42.4628100" lon="12.7604500"></trkpt>
      <trkpt lat="42.4628800" lon="12.7606900"></trkpt>
      <trkpt lat="42.4629800" lon="12.7609400"></trkpt>
      <trkpt lat="42.4630600" lon="12.7610600"></trkpt>
      <trkpt lat="42.4631700" lon="12.7611900"></trkpt>
      <trkpt lat="42.4633100" lon="12.7613500"></trkpt>
      <trkpt lat="42.4634200" lon="12.7614700"></trkpt>
      <trkpt lat="42.4636000" lon="12.7616600"></trkpt>
      <trkpt lat="42.4637200" lon="12.7618400"></trkpt>
      <trkpt lat="42.4638300" lon="12.7620200"></trkpt>
      <trkpt lat="42.4639000" lon="12.7621500"></trkpt>
      <trkpt lat="42.4639300" lon="12.7622200"></trkpt>
      <trkpt lat="42.4639800" lon="12.7623100"></trkpt>
      <trkpt lat="42.4640100" lon="12.7623900"></trkpt>
      <trkpt lat="42.4640200" lon="12.7624300"></trkpt>
      <trkpt lat="42.4640200" lon="12.7624500"></trkpt>
      <trkpt lat="42.4640300" lon="12.7624900"></trkpt>
      <trkpt lat="42.4640300" lon="12.7625400"></trkpt>
      <trkpt lat="42.4640200" lon="12.7625900"></trkpt>
      <trkpt lat="42.4640000" lon="12.7626200"></trkpt>
      <trkpt lat="42.4639700" lon="12.7626400"></trkpt>
      <trkpt lat="42.4639400" lon="12.7626500"></trkpt>
      <trkpt lat="42.4639100" lon="12.7626500"></trkpt>
      <trkpt lat="42.4638300" lon="12.7626200"></trkpt>
      <trkpt lat="42.4637900" lon="12.7626100"></trkpt>
      <trkpt lat="42.4636900" lon="12.7625600"></trkpt>
      <trkpt lat="42.4636200" lon="12.7625200"></trkpt>
      <trkpt lat="42.4629600" lon="12.7622000"></trkpt>
      <trkpt lat="42.4629500" lon="12.7621900"></trkpt>
      <trkpt lat="42.4627800" lon="12.7621200"></trkpt>
      <trkpt lat="42.4626000" lon="12.7620500"></trkpt>
      <trkpt lat="42.4625200" lon="12.7620100"></trkpt>
      <trkpt lat="42.4624300" lon="12.7619900"></trkpt>
      <trkpt lat="42.4622000" lon="12.7619400"></trkpt>
      <trkpt lat="42.4621500" lon="12.7619300"></trkpt>
      <trkpt lat="42.4621100" lon="12.7619400"></trkpt>
      <trkpt lat="42.4620700" lon="12.7619400"></trkpt>
      <trkpt lat="42.4620400" lon="12.7619500"></trkpt>
      <trkpt lat="42.4620000" lon="12.7619900"></trkpt>
      <trkpt lat="42.4619600" lon="12.7620200"></trkpt>
      <trkpt lat="42.4616200" lon="12.7625900"></trkpt>
      <trkpt lat="42.4615500" lon="12.7626700"></trkpt>
      <trkpt lat="42.4614600" lon="12.7627400"></trkpt>
      <trkpt lat="42.4614200" lon="12.7627600"></trkpt>
      <trkpt lat="42.4613300" lon="12.7628000"></trkpt>
      <trkpt lat="42.4612500" lon="12.7628400"></trkpt>
      <trkpt lat="42.4611400" lon="12.7628700"></trkpt>
      <trkpt lat="42.4610300" lon="12.7629100"></trkpt>
      <trkpt lat="42.4610000" lon="12.7629200"></trkpt>
      <trkpt lat="42.4609500" lon="12.7629400"></trkpt>
      <trkpt lat="42.4609300" lon="12.7629400"></trkpt>
      <trkpt lat="42.4608200" lon="12.7629500"></trkpt>
      <trkpt lat="42.4607700" lon="12.7629500"></trkpt>
      <trkpt lat="42.4607300" lon="12.7629400"></trkpt>
      <trkpt lat="42.4606800" lon="12.7629300"></trkpt>
      <trkpt lat="42.4606200" lon="12.7629000"></trkpt>
      <trkpt lat="42.4606000" lon="12.7628900"></trkpt>
      <trkpt lat="42.4605600" lon="12.7628700"></trkpt>
      <trkpt lat="42.4605300" lon="12.7628700"></trkpt>
      <trkpt lat="42.4604900" lon="12.7628700"></trkpt>
      <trkpt lat="42.4604700" lon="12.7628800"></trkpt>
      <trkpt lat="42.4604500" lon="12.7628800"></trkpt>
      <trkpt lat="42.4604300" lon="12.7629100"></trkpt>
      <trkpt lat="42.4604200" lon="12.7629300"></trkpt>
      <trkpt lat="42.4604100" lon="12.7629600"></trkpt>
      <trkpt lat="42.4604000" lon="12.7629800"></trkpt>
      <trkpt lat="42.4604000" lon="12.7630000"></trkpt>
      <trkpt lat="42.4604000" lon="12.7630300"></trkpt>
      <trkpt lat="42.4604000" lon="12.7630900"></trkpt>
      <trkpt lat="42.4604200" lon="12.7631300"></trkpt>
      <trkpt lat="42.4604300" lon="12.7631400"></trkpt>
      <trkpt lat="42.4604700" lon="12.7632000"></trkpt>
      <trkpt lat="42.4605900" lon="12.7633100"></trkpt>
      <trkpt lat="42.4606800" lon="12.7634000"></trkpt>
      <trkpt lat="42.4607300" lon="12.7634700"></trkpt>
      <trkpt lat="42.4607700" lon="12.7635400"></trkpt>
      <trkpt lat="42.4608100" lon="12.7636200"></trkpt>
      <trkpt lat="42.4608100" lon="12.7636300"></trkpt>
      <trkpt lat="42.4608600" lon="12.7637200"></trkpt>
      <trkpt lat="42.4609900" lon="12.7640200"></trkpt>
      <trkpt lat="42.4609400" lon="12.7640300"></trkpt>
      <trkpt lat="42.4609100" lon="12.7640300"></trkpt>
      <trkpt lat="42.4608900" lon="12.7640200"></trkpt>
      <trkpt lat="42.4608200" lon="12.7639800"></trkpt>
      <trkpt lat="42.4606600" lon="12.7638900"></trkpt>
      <trkpt lat="42.4606500" lon="12.7638800"></trkpt>
      <trkpt lat="42.4604700" lon="12.7638100"></trkpt>
      <trkpt lat="42.4603000" lon="12.7637800"></trkpt>
      <trkpt lat="42.4600100" lon="12.7637100"></trkpt>
      <trkpt lat="42.4598700" lon="12.7636500"></trkpt>
      <trkpt lat="42.4597100" lon="12.7635800"></trkpt>
      <trkpt lat="42.4595200" lon="12.7635300"></trkpt>
      <trkpt lat="42.4594400" lon="12.7635000"></trkpt>
      <trkpt lat="42.4593800" lon="12.7635000"></trkpt>
      <trkpt lat="42.4593500" lon="12.7635000"></trkpt>
      <trkpt lat="42.4593400" lon="12.7635000"></trkpt>
      <trkpt lat="42.4593200" lon="12.7635100"></trkpt>
      <trkpt lat="42.4592900" lon="12.7635200"></trkpt>
      <trkpt lat="42.4592600" lon="12.7635500"></trkpt>
      <trkpt lat="42.4592300" lon="12.7635900"></trkpt>
      <trkpt lat="42.4591900" lon="12.7636400"></trkpt>
      <trkpt lat="42.4591400" lon="12.7637200"></trkpt>
      <trkpt lat="42.4590600" lon="12.7638100"></trkpt>
      <trkpt lat="42.4590400" lon="12.7638400"></trkpt>
      <trkpt lat="42.4590000" lon="12.7638700"></trkpt>
      <trkpt lat="42.4589600" lon="12.7638900"></trkpt>
      <trkpt lat="42.4589400" lon="12.7639000"></trkpt>
      <trkpt lat="42.4589100" lon="12.7639000"></trkpt>
      <trkpt lat="42.4588900" lon="12.7639000"></trkpt>
      <trkpt lat="42.4587900" lon="12.7638700"></trkpt>
      <trkpt lat="42.4587300" lon="12.7638500"></trkpt>
      <trkpt lat="42.4587000" lon="12.7638300"></trkpt>
      <trkpt lat="42.4585900" lon="12.7637900"></trkpt>
      <trkpt lat="42.4583800" lon="12.7637200"></trkpt>
      <trkpt lat="42.4582100" lon="12.7636500"></trkpt>
      <trkpt lat="42.4580400" lon="12.7635900"></trkpt>
      <trkpt lat="42.4578500" lon="12.7635200"></trkpt>
      <trkpt lat="42.4578800" lon="12.7637500"></trkpt>
      <trkpt lat="42.4579000" lon="12.7639000"></trkpt>
      <trkpt lat="42.4579100" lon="12.7639900"></trkpt>
      <trkpt lat="42.4579200" lon="12.7640000"></trkpt>
      <trkpt lat="42.4580300" lon="12.7647000"></trkpt>
      <trkpt lat="42.4580700" lon="12.7649400"></trkpt>
      <trkpt lat="42.4580700" lon="12.7649500"></trkpt>
      <trkpt lat="42.4581100" lon="12.7651800"></trkpt>
      <trkpt lat="42.4582100" lon="12.7653200"></trkpt>
      <trkpt lat="42.4582800" lon="12.7658000"></trkpt>
      <trkpt lat="42.4583100" lon="12.7660100"></trkpt>
      <trkpt lat="42.4582000" lon="12.7660900"></trkpt>
      <trkpt lat="42.4581600" lon="12.7661400"></trkpt>
      <trkpt lat="42.4581300" lon="12.7661700"></trkpt>
      <trkpt lat="42.4580500" lon="12.7664000"></trkpt>
      <trkpt lat="42.4580500" lon="12.7665700"></trkpt>
      <trkpt lat="42.4580400" lon="12.7668100"></trkpt>
      <trkpt lat="42.4580400" lon="12.7668300"></trkpt>
      <trkpt lat="42.4580300" lon="12.7669800"></trkpt>
      <trkpt lat="42.4580200" lon="12.7670700"></trkpt>
      <trkpt lat="42.4580000" lon="12.7671700"></trkpt>
      <trkpt lat="42.4579300" lon="12.7672000"></trkpt>
      <trkpt lat="42.4579100" lon="12.7672000"></trkpt>
      <trkpt lat="42.4578800" lon="12.7672200"></trkpt>
      <trkpt lat="42.4578300" lon="12.7672200"></trkpt>
      <trkpt lat="42.4577600" lon="12.7672300"></trkpt>
      <trkpt lat="42.4577100" lon="12.7672300"></trkpt>
      <trkpt lat="42.4576700" lon="12.7672000"></trkpt>
      <trkpt lat="42.4576200" lon="12.7671800"></trkpt>
      <trkpt lat="42.4575800" lon="12.7671700"></trkpt>
      <trkpt lat="42.4575200" lon="12.7671800"></trkpt>
      <trkpt lat="42.4573700" lon="12.7672400"></trkpt>
      <trkpt lat="42.4573000" lon="12.7677700"></trkpt>
      <trkpt lat="42.4573000" lon="12.7678500"></trkpt>
      <trkpt lat="42.4572900" lon="12.7679300"></trkpt>
      <trkpt lat="42.4572900" lon="12.7679600"></trkpt>
      <trkpt lat="42.4572900" lon="12.7679800"></trkpt>
      <trkpt lat="42.4572800" lon="12.7680200"></trkpt>
      <trkpt lat="42.4572800" lon="12.7680600"></trkpt>
      <trkpt lat="42.4572800" lon="12.7680700"></trkpt>
      <trkpt lat="42.4572800" lon="12.7681000"></trkpt>
      <trkpt lat="42.4572700" lon="12.7681300"></trkpt>
      <trkpt lat="42.4572500" lon="12.7681600"></trkpt>
      <trkpt lat="42.4572300" lon="12.7681700"></trkpt>
      <trkpt lat="42.4572300" lon="12.7681800"></trkpt>
      <trkpt lat="42.4572100" lon="12.7681900"></trkpt>
      <trkpt lat="42.4571800" lon="12.7682300"></trkpt>
      <trkpt lat="42.4571700" lon="12.7682700"></trkpt>
      <trkpt lat="42.4571600" lon="12.7683300"></trkpt>
      <trkpt lat="42.4571500" lon="12.7684300"></trkpt>
      <trkpt lat="42.4571500" lon="12.7684700"></trkpt>
      <trkpt lat="42.4568300" lon="12.7684800"></trkpt>
      <trkpt lat="42.4564300" lon="12.7684800"></trkpt>
      <trkpt lat="42.4561600" lon="12.7684800"></trkpt>
      <trkpt lat="42.4559200" lon="12.7684600"></trkpt>
      <trkpt lat="42.4558900" lon="12.7684600"></trkpt>
      <trkpt lat="42.4558200" lon="12.7684500"></trkpt>
      <trkpt lat="42.4555400" lon="12.7684400"></trkpt>
      <trkpt lat="42.4554800" lon="12.7684400"></trkpt>
      <trkpt lat="42.4553200" lon="12.7684500"></trkpt>
      <trkpt lat="42.4553100" lon="12.7684500"></trkpt>
      <trkpt lat="42.4552000" lon="12.7684600"></trkpt>
      <trkpt lat="42.4551700" lon="12.7684700"></trkpt>
      <trkpt lat="42.4551400" lon="12.7684700"></trkpt>
      <trkpt lat="42.4551000" lon="12.7684800"></trkpt>
      <trkpt lat="42.4549600" lon="12.7685000"></trkpt>
      <trkpt lat="42.4548000" lon="12.7685200"></trkpt>
      <trkpt lat="42.4546800" lon="12.7685500"></trkpt>
      <trkpt lat="42.4546300" lon="12.7685700"></trkpt>
      <trkpt lat="42.4544400" lon="12.7686200"></trkpt>
      <trkpt lat="42.4544000" lon="12.7686400"></trkpt>
      <trkpt lat="42.4542400" lon="12.7687000"></trkpt>
      <trkpt lat="42.4541100" lon="12.7687800"></trkpt>
      <trkpt lat="42.4540700" lon="12.7687900"></trkpt>
      <trkpt lat="42.4539800" lon="12.7688500"></trkpt>
      <trkpt lat="42.4538200" lon="12.7689400"></trkpt>
      <trkpt lat="42.4537000" lon="12.7690300"></trkpt>
      <trkpt lat="42.4536300" lon="12.7691200"></trkpt>
      <trkpt lat="42.4535100" lon="12.7692300"></trkpt>
      <trkpt lat="42.4532000" lon="12.7695100"></trkpt>
      <trkpt lat="42.4528800" lon="12.7697400"></trkpt>
      <trkpt lat="42.4528500" lon="12.7697600"></trkpt>
      <trkpt lat="42.4527600" lon="12.7697900"></trkpt>
      <trkpt lat="42.4527400" lon="12.7698200"></trkpt>
      <trkpt lat="42.4523800" lon="12.7700800"></trkpt>
      <trkpt lat="42.4523300" lon="12.7701100"></trkpt>
      <trkpt lat="42.4522400" lon="12.7701700"></trkpt>
      <trkpt lat="42.4521900" lon="12.7702100"></trkpt>
      <trkpt lat="42.4519700" lon="12.7703600"></trkpt>
      <trkpt lat="42.4518900" lon="12.7704000"></trkpt>
      <trkpt lat="42.4517900" lon="12.7704500"></trkpt>
      <trkpt lat="42.4517300" lon="12.7704800"></trkpt>
      <trkpt lat="42.4516600" lon="12.7705100"></trkpt>
      <trkpt lat="42.4516200" lon="12.7705200"></trkpt>
      <trkpt lat="42.4515800" lon="12.7705200"></trkpt>
      <trkpt lat="42.4515600" lon="12.7705200"></trkpt>
      <trkpt lat="42.4514900" lon="12.7705100"></trkpt>
      <trkpt lat="42.4514300" lon="12.7704800"></trkpt>
      <trkpt lat="42.4511600" lon="12.7703200"></trkpt>
      <trkpt lat="42.4509900" lon="12.7702200"></trkpt>
      <trkpt lat="42.4508400" lon="12.7701300"></trkpt>
      <trkpt lat="42.4507700" lon="12.7701100"></trkpt>
      <trkpt lat="42.4506900" lon="12.7700800"></trkpt>
      <trkpt lat="42.4506000" lon="12.7700400"></trkpt>
      <trkpt lat="42.4505800" lon="12.7700300"></trkpt>
      <trkpt lat="42.4505000" lon="12.7700100"></trkpt>
      <trkpt lat="42.4504700" lon="12.7700100"></trkpt>
      <trkpt lat="42.4501200" lon="12.7699400"></trkpt>
      <trkpt lat="42.4500400" lon="12.7699200"></trkpt>
      <trkpt lat="42.4497600" lon="12.7698700"></trkpt>
      <trkpt lat="42.4495800" lon="12.7698300"></trkpt>
      <trkpt lat="42.4491600" lon="12.7697100"></trkpt>
      <trkpt lat="42.4490700" lon="12.7696800"></trkpt>
      <trkpt lat="42.4490000" lon="12.7696400"></trkpt>
      <trkpt lat="42.4488600" lon="12.7696000"></trkpt>
      <trkpt lat="42.4485300" lon="12.7695200"></trkpt>
      <trkpt lat="42.4484500" lon="12.7695100"></trkpt>
      <trkpt lat="42.4484200" lon="12.7695000"></trkpt>
      <trkpt lat="42.4483500" lon="12.7694800"></trkpt>
      <trkpt lat="42.4481800" lon="12.7694400"></trkpt>
      <trkpt lat="42.4480900" lon="12.7694200"></trkpt>
      <trkpt lat="42.4480700" lon="12.7694200"></trkpt>
      <trkpt lat="42.4479900" lon="12.7694100"></trkpt>
      <trkpt lat="42.4476400" lon="12.7693500"></trkpt>
      <trkpt lat="42.4476100" lon="12.7693500"></trkpt>
      <trkpt lat="42.4475000" lon="12.7693500"></trkpt>
      <trkpt lat="42.4474600" lon="12.7693500"></trkpt>
      <trkpt lat="42.4471000" lon="12.7693500"></trkpt>
      <trkpt lat="42.4470000" lon="12.7693400"></trkpt>
      <trkpt lat="42.4466900" lon="12.7693200"></trkpt>
      <trkpt lat="42.4466400" lon="12.7693200"></trkpt>
      <trkpt lat="42.4464300" lon="12.7692900"></trkpt>
      <trkpt lat="42.4462900" lon="12.7692700"></trkpt>
      <trkpt lat="42.4462500" lon="12.7692700"></trkpt>
      <trkpt lat="42.4461400" lon="12.7692400"></trkpt>
      <trkpt lat="42.4460800" lon="12.7692300"></trkpt>
      <trkpt lat="42.4456600" lon="12.7691200"></trkpt>
      <trkpt lat="42.4451500" lon="12.7690000"></trkpt>
      <trkpt lat="42.4450900" lon="12.7689900"></trkpt>
      <trkpt lat="42.4448800" lon="12.7689400"></trkpt>
      <trkpt lat="42.4448500" lon="12.7689400"></trkpt>
      <trkpt lat="42.4444400" lon="12.7688200"></trkpt>
      <trkpt lat="42.4440700" lon="12.7688700"></trkpt>
      <trkpt lat="42.4440000" lon="12.7688800"></trkpt>
      <trkpt lat="42.4439400" lon="12.7689300"></trkpt>
      <trkpt lat="42.4438400" lon="12.7690300"></trkpt>
      <trkpt lat="42.4437500" lon="12.7691300"></trkpt>
      <trkpt lat="42.4436200" lon="12.7692800"></trkpt>
      <trkpt lat="42.4436100" lon="12.7693000"></trkpt>
      <trkpt lat="42.4432300" lon="12.7698200"></trkpt>
      <trkpt lat="42.4430600" lon="12.7700400"></trkpt>
      <trkpt lat="42.4429700" lon="12.7701700"></trkpt>
      <trkpt lat="42.4429200" lon="12.7702200"></trkpt>
      <trkpt lat="42.4428900" lon="12.7702400"></trkpt>
      <trkpt lat="42.4428500" lon="12.7702700"></trkpt>
      <trkpt lat="42.4428300" lon="12.7702700"></trkpt>
      <trkpt lat="42.4428100" lon="12.7702800"></trkpt>
      <trkpt lat="42.4427700" lon="12.7702900"></trkpt>
      <trkpt lat="42.4427500" lon="12.7702900"></trkpt>
      <trkpt lat="42.4427300" lon="12.7702900"></trkpt>
      <trkpt lat="42.4427000" lon="12.7702900"></trkpt>
      <trkpt lat="42.4426800" lon="12.7702900"></trkpt>
      <trkpt lat="42.4426100" lon="12.7702700"></trkpt>
      <trkpt lat="42.4425300" lon="12.7702400"></trkpt>
      <trkpt lat="42.4425200" lon="12.7702300"></trkpt>
      <trkpt lat="42.4423900" lon="12.7701500"></trkpt>
      <trkpt lat="42.4418900" lon="12.7697800"></trkpt>
      <trkpt lat="42.4416900" lon="12.7696300"></trkpt>
      <trkpt lat="42.4411000" lon="12.7692000"></trkpt>
      <trkpt lat="42.4409900" lon="12.7691300"></trkpt>
      <trkpt lat="42.4409300" lon="12.7690900"></trkpt>
      <trkpt lat="42.4406900" lon="12.7689400"></trkpt>
      <trkpt lat="42.4405800" lon="12.7688900"></trkpt>
      <trkpt lat="42.4404700" lon="12.7688600"></trkpt>
      <trkpt lat="42.4404200" lon="12.7688400"></trkpt>
      <trkpt lat="42.4403400" lon="12.7688300"></trkpt>
      <trkpt lat="42.4402800" lon="12.7688300"></trkpt>
      <trkpt lat="42.4402200" lon="12.7688300"></trkpt>
      <trkpt lat="42.4401300" lon="12.7688200"></trkpt>
      <trkpt lat="42.4400300" lon="12.7688100"></trkpt>
      <trkpt lat="42.4399800" lon="12.7688100"></trkpt>
      <trkpt lat="42.4394500" lon="12.7688900"></trkpt>
      <trkpt lat="42.4393700" lon="12.7689100"></trkpt>
      <trkpt lat="42.4384400" lon="12.7690800"></trkpt>
      <trkpt lat="42.4375800" lon="12.7692300"></trkpt>
      <trkpt lat="42.4375200" lon="12.7692500"></trkpt>
      <trkpt lat="42.4372900" lon="12.7692900"></trkpt>
      <trkpt lat="42.4368400" lon="12.7693900"></trkpt>
      <trkpt lat="42.4367500" lon="12.7694100"></trkpt>
      <trkpt lat="42.4367400" lon="12.7694200"></trkpt>
      <trkpt lat="42.4366600" lon="12.7694600"></trkpt>
      <trkpt lat="42.4366200" lon="12.7694900"></trkpt>
      <trkpt lat="42.4365200" lon="12.7695900"></trkpt>
      <trkpt lat="42.4364500" lon="12.7697000"></trkpt>
      <trkpt lat="42.4362600" lon="12.7699800"></trkpt>
      <trkpt lat="42.4361800" lon="12.7701000"></trkpt>
      <trkpt lat="42.4361500" lon="12.7701700"></trkpt>
      <trkpt lat="42.4360500" lon="12.7703100"></trkpt>
      <trkpt lat="42.4359300" lon="12.7705000"></trkpt>
      <trkpt lat="42.4358300" lon="12.7706500"></trkpt>
      <trkpt lat="42.4358000" lon="12.7707000"></trkpt>
      <trkpt lat="42.4354900" lon="12.7711700"></trkpt>
      <trkpt lat="42.4354500" lon="12.7712400"></trkpt>
      <trkpt lat="42.4354100" lon="12.7713000"></trkpt>
      <trkpt lat="42.4352200" lon="12.7716200"></trkpt>
      <trkpt lat="42.4350000" lon="12.7720100"></trkpt>
      <trkpt lat="42.4344500" lon="12.7729800"></trkpt>
      <trkpt lat="42.4344400" lon="12.7730000"></trkpt>
      <trkpt lat="42.4344300" lon="12.7730200"></trkpt>
      <trkpt lat="42.4344000" lon="12.7730800"></trkpt>
      <trkpt lat="42.4342800" lon="12.7733000"></trkpt>
      <trkpt lat="42.4342300" lon="12.7733800"></trkpt>
      <trkpt lat="42.4342100" lon="12.7734300"></trkpt>
      <trkpt lat="42.4341800" lon="12.7735600"></trkpt>
      <trkpt lat="42.4341900" lon="12.7737600"></trkpt>
      <trkpt lat="42.4342000" lon="12.7738200"></trkpt>
      <trkpt lat="42.4342500" lon="12.7740700"></trkpt>
      <trkpt lat="42.4342800" lon="12.7741800"></trkpt>
      <trkpt lat="42.4343000" lon="12.7743000"></trkpt>
      <trkpt lat="42.4344700" lon="12.7750600"></trkpt>
      <trkpt lat="42.4345100" lon="12.7752400"></trkpt>
      <trkpt lat="42.4345400" lon="12.7753500"></trkpt>
      <trkpt lat="42.4345500" lon="12.7754000"></trkpt>
      <trkpt lat="42.4347600" lon="12.7763700"></trkpt>
      <trkpt lat="42.4347700" lon="12.7764400"></trkpt>
      <trkpt lat="42.4349100" lon="12.7770600"></trkpt>
      <trkpt lat="42.4350200" lon="12.7775700"></trkpt>
      <trkpt lat="42.4350600" lon="12.7777200"></trkpt>
      <trkpt lat="42.4350800" lon="12.7778000"></trkpt>
      <trkpt lat="42.4351100" lon="12.7779800"></trkpt>
      <trkpt lat="42.4352200" lon="12.7784400"></trkpt>
      <trkpt lat="42.4357800" lon="12.7809800"></trkpt>
      <trkpt lat="42.4358000" lon="12.7810400"></trkpt>
      <trkpt lat="42.4358900" lon="12.7814500"></trkpt>
      <trkpt lat="42.4360200" lon="12.7820600"></trkpt>
      <trkpt lat="42.4361000" lon="12.7824100"></trkpt>
      <trkpt lat="42.4361900" lon="12.7828300"></trkpt>
      <trkpt lat="42.4362100" lon="12.7829000"></trkpt>
      <trkpt lat="42.4362100" lon="12.7829300"></trkpt>
      <trkpt lat="42.4362300" lon="12.7830300"></trkpt>
      <trkpt lat="42.4362400" lon="12.7830800"></trkpt>
      <trkpt lat="42.4362600" lon="12.7831700"></trkpt>
      <trkpt lat="42.4362600" lon="12.7832300"></trkpt>
      <trkpt lat="42.4362600" lon="12.7833000"></trkpt>
      <trkpt lat="42.4362600" lon="12.7834000"></trkpt>
      <trkpt lat="42.4362500" lon="12.7835100"></trkpt>
      <trkpt lat="42.4362500" lon="12.7835200"></trkpt>
      <trkpt lat="42.4362300" lon="12.7836000"></trkpt>
      <trkpt lat="42.4362000" lon="12.7837400"></trkpt>
      <trkpt lat="42.4361100" lon="12.7839600"></trkpt>
      <trkpt lat="42.4360200" lon="12.7841700"></trkpt>
      <trkpt lat="42.4358500" lon="12.7846000"></trkpt>
      <trkpt lat="42.4357700" lon="12.7847900"></trkpt>
      <trkpt lat="42.4357600" lon="12.7848100"></trkpt>
      <trkpt lat="42.4356900" lon="12.7849800"></trkpt>
      <trkpt lat="42.4356800" lon="12.7850000"></trkpt>
      <trkpt lat="42.4355800" lon="12.7852200"></trkpt>
      <trkpt lat="42.4355500" lon="12.7852900"></trkpt>
      <trkpt lat="42.4354800" lon="12.7854300"></trkpt>
      <trkpt lat="42.4354200" lon="12.7855700"></trkpt>
      <trkpt lat="42.4353800" lon="12.7856800"></trkpt>
      <trkpt lat="42.4353600" lon="12.7857300"></trkpt>
      <trkpt lat="42.4353500" lon="12.7857600"></trkpt>
      <trkpt lat="42.4353300" lon="12.7858800"></trkpt>
      <trkpt lat="42.4353300" lon="12.7858900"></trkpt>
      <trkpt lat="42.4353300" lon="12.7859600"></trkpt>
      <trkpt lat="42.4353200" lon="12.7859800"></trkpt>
      <trkpt lat="42.4353200" lon="12.7860800"></trkpt>
      <trkpt lat="42.4353200" lon="12.7861400"></trkpt>
      <trkpt lat="42.4353400" lon="12.7863600"></trkpt>
      <trkpt lat="42.4353500" lon="12.7864200"></trkpt>
      <trkpt lat="42.4353700" lon="12.7866000"></trkpt>
      <trkpt lat="42.4354200" lon="12.7870300"></trkpt>
      <trkpt lat="42.4354500" lon="12.7871700"></trkpt>
      <trkpt lat="42.4354800" lon="12.7872800"></trkpt>
      <trkpt lat="42.4355000" lon="12.7873000"></trkpt>
      <trkpt lat="42.4355600" lon="12.7873600"></trkpt>
      <trkpt lat="42.4357100" lon="12.7875400"></trkpt>
      <trkpt lat="42.4357600" lon="12.7876100"></trkpt>
      <trkpt lat="42.4358000" lon="12.7876500"></trkpt>
      <trkpt lat="42.4359400" lon="12.7878000"></trkpt>
      <trkpt lat="42.4360800" lon="12.7879600"></trkpt>
      <trkpt lat="42.4361200" lon="12.7880000"></trkpt>
      <trkpt lat="42.4362200" lon="12.7881100"></trkpt>
      <trkpt lat="42.4362600" lon="12.7881600"></trkpt>
      <trkpt lat="42.4362600" lon="12.7881700"></trkpt>
      <trkpt lat="42.4362700" lon="12.7881700"></trkpt>
      <trkpt lat="42.4362700" lon="12.7881900"></trkpt>
      <trkpt lat="42.4362800" lon="12.7882000"></trkpt>
      <trkpt lat="42.4362900" lon="12.7882900"></trkpt>
      <trkpt lat="42.4362900" lon="12.7883000"></trkpt>
      <trkpt lat="42.4363000" lon="12.7883900"></trkpt>
      <trkpt lat="42.4363300" lon="12.7886200"></trkpt>
      <trkpt lat="42.4363400" lon="12.7886500"></trkpt>
      <trkpt lat="42.4363600" lon="12.7886900"></trkpt>
      <trkpt lat="42.4363700" lon="12.7887200"></trkpt>
      <trkpt lat="42.4364500" lon="12.7888800"></trkpt>
      <trkpt lat="42.4366100" lon="12.7892300"></trkpt>
      <trkpt lat="42.4366500" lon="12.7893100"></trkpt>
      <trkpt lat="42.4366800" lon="12.7893800"></trkpt>
      <trkpt lat="42.4367100" lon="12.7894700"></trkpt>
      <trkpt lat="42.4368200" lon="12.7897000"></trkpt>
      <trkpt lat="42.4369600" lon="12.7900100"></trkpt>
      <trkpt lat="42.4370000" lon="12.7901100"></trkpt>
      <trkpt lat="42.4370300" lon="12.7901700"></trkpt>
      <trkpt lat="42.4370600" lon="12.7902400"></trkpt>
      <trkpt lat="42.4371000" lon="12.7903200"></trkpt>
      <trkpt lat="42.4371100" lon="12.7903600"></trkpt>
      <trkpt lat="42.4371400" lon="12.7904100"></trkpt>
      <trkpt lat="42.4371700" lon="12.7904800"></trkpt>
      <trkpt lat="42.4372500" lon="12.7906500"></trkpt>
      <trkpt lat="42.4373200" lon="12.7908300"></trkpt>
      <trkpt lat="42.4373400" lon="12.7908600"></trkpt>
      <trkpt lat="42.4373600" lon="12.7909100"></trkpt>
      <trkpt lat="42.4374000" lon="12.7910000"></trkpt>
      <trkpt lat="42.4375100" lon="12.7912500"></trkpt>
      <trkpt lat="42.4375600" lon="12.7913500"></trkpt>
      <trkpt lat="42.4375700" lon="12.7913700"></trkpt>
      <trkpt lat="42.4376000" lon="12.7914300"></trkpt>
      <trkpt lat="42.4376200" lon="12.7914700"></trkpt>
      <trkpt lat="42.4377300" lon="12.7917200"></trkpt>
      <trkpt lat="42.4377800" lon="12.7918400"></trkpt>
      <trkpt lat="42.4378000" lon="12.7918900"></trkpt>
      <trkpt lat="42.4378600" lon="12.7920100"></trkpt>
      <trkpt lat="42.4378900" lon="12.7920800"></trkpt>
      <trkpt lat="42.4379000" lon="12.7921000"></trkpt>
      <trkpt lat="42.4379400" lon="12.7921600"></trkpt>
      <trkpt lat="42.4379600" lon="12.7921800"></trkpt>
      <trkpt lat="42.4380000" lon="12.7922300"></trkpt>
      <trkpt lat="42.4380600" lon="12.7922900"></trkpt>
      <trkpt lat="42.4381000" lon="12.7923300"></trkpt>
      <trkpt lat="42.4382100" lon="12.7924000"></trkpt>
      <trkpt lat="42.4383200" lon="12.7924500"></trkpt>
      <trkpt lat="42.4384800" lon="12.7925300"></trkpt>
      <trkpt lat="42.4386200" lon="12.7925900"></trkpt>
      <trkpt lat="42.4388100" lon="12.7926800"></trkpt>
      <trkpt lat="42.4390300" lon="12.7927800"></trkpt>
      <trkpt lat="42.4392800" lon="12.7928900"></trkpt>
      <trkpt lat="42.4394300" lon="12.7929600"></trkpt>
      <trkpt lat="42.4394700" lon="12.7929800"></trkpt>
      <trkpt lat="42.4395100" lon="12.7930000"></trkpt>
      <trkpt lat="42.4395500" lon="12.7930200"></trkpt>
      <trkpt lat="42.4396300" lon="12.7930600"></trkpt>
      <trkpt lat="42.4396900" lon="12.7930900"></trkpt>
      <trkpt lat="42.4397500" lon="12.7931200"></trkpt>
      <trkpt lat="42.4398400" lon="12.7931400"></trkpt>
      <trkpt lat="42.4399200" lon="12.7931800"></trkpt>
      <trkpt lat="42.4401800" lon="12.7933000"></trkpt>
      <trkpt lat="42.4403800" lon="12.7933900"></trkpt>
      <trkpt lat="42.4405900" lon="12.7934900"></trkpt>
      <trkpt lat="42.4407900" lon="12.7935800"></trkpt>
      <trkpt lat="42.4409100" lon="12.7936400"></trkpt>
      <trkpt lat="42.4410500" lon="12.7937000"></trkpt>
      <trkpt lat="42.4411800" lon="12.7937600"></trkpt>
      <trkpt lat="42.4412800" lon="12.7938100"></trkpt>
      <trkpt lat="42.4413700" lon="12.7938600"></trkpt>
      <trkpt lat="42.4414400" lon="12.7939000"></trkpt>
      <trkpt lat="42.4414600" lon="12.7939100"></trkpt>
      <trkpt lat="42.4416000" lon="12.7939700"></trkpt>
      <trkpt lat="42.4416900" lon="12.7940200"></trkpt>
      <trkpt lat="42.4417400" lon="12.7940600"></trkpt>
      <trkpt lat="42.4418000" lon="12.7941000"></trkpt>
      <trkpt lat="42.4418500" lon="12.7941500"></trkpt>
      <trkpt lat="42.4419000" lon="12.7942000"></trkpt>
      <trkpt lat="42.4419200" lon="12.7942300"></trkpt>
      <trkpt lat="42.4419800" lon="12.7943000"></trkpt>
      <trkpt lat="42.4420300" lon="12.7943700"></trkpt>
      <trkpt lat="42.4420400" lon="12.7944000"></trkpt>
      <trkpt lat="42.4420600" lon="12.7944300"></trkpt>
      <trkpt lat="42.4420900" lon="12.7945000"></trkpt>
      <trkpt lat="42.4421500" lon="12.7946500"></trkpt>
      <trkpt lat="42.4421800" lon="12.7947600"></trkpt>
      <trkpt lat="42.4422200" lon="12.7949000"></trkpt>
      <trkpt lat="42.4422300" lon="12.7951100"></trkpt>
      <trkpt lat="42.4422200" lon="12.7953000"></trkpt>
      <trkpt lat="42.4422200" lon="12.7954700"></trkpt>
      <trkpt lat="42.4422100" lon="12.7955500"></trkpt>
      <trkpt lat="42.4422100" lon="12.7956300"></trkpt>
      <trkpt lat="42.4421800" lon="12.7962400"></trkpt>
      <trkpt lat="42.4421600" lon="12.7963000"></trkpt>
      <trkpt lat="42.4421400" lon="12.7963400"></trkpt>
      <trkpt lat="42.4421200" lon="12.7963700"></trkpt>
      <trkpt lat="42.4421000" lon="12.7964000"></trkpt>
      <trkpt lat="42.4420700" lon="12.7964300"></trkpt>
      <trkpt lat="42.4420500" lon="12.7964500"></trkpt>
      <trkpt lat="42.4420200" lon="12.7964700"></trkpt>
      <trkpt lat="42.4419900" lon="12.7964800"></trkpt>
      <trkpt lat="42.4419500" lon="12.7965000"></trkpt>
      <trkpt lat="42.4419100" lon="12.7965100"></trkpt>
      <trkpt lat="42.4418600" lon="12.7965100"></trkpt>
      <trkpt lat="42.4415800" lon="12.7965100"></trkpt>
      <trkpt lat="42.4413100" lon="12.7965100"></trkpt>
      <trkpt lat="42.4411500" lon="12.7965100"></trkpt>
      <trkpt lat="42.4410600" lon="12.7965200"></trkpt>
      <trkpt lat="42.4409900" lon="12.7965300"></trkpt>
      <trkpt lat="42.4409400" lon="12.7965400"></trkpt>
      <trkpt lat="42.4409000" lon="12.7965500"></trkpt>
      <trkpt lat="42.4407900" lon="12.7965700"></trkpt>
      <trkpt lat="42.4406600" lon="12.7966100"></trkpt>
      <trkpt lat="42.4405600" lon="12.7966400"></trkpt>
      <trkpt lat="42.4405000" lon="12.7966600"></trkpt>
      <trkpt lat="42.4404500" lon="12.7966800"></trkpt>
      <trkpt lat="42.4403800" lon="12.7967000"></trkpt>
      <trkpt lat="42.4402600" lon="12.7967500"></trkpt>
      <trkpt lat="42.4400800" lon="12.7968400"></trkpt>
      <trkpt lat="42.4400500" lon="12.7968600"></trkpt>
      <trkpt lat="42.4398400" lon="12.7969500"></trkpt>
      <trkpt lat="42.4397700" lon="12.7969800"></trkpt>
      <trkpt lat="42.4396800" lon="12.7970300"></trkpt>
      <trkpt lat="42.4396300" lon="12.7970600"></trkpt>
      <trkpt lat="42.4395500" lon="12.7971200"></trkpt>
      <trkpt lat="42.4394700" lon="12.7971800"></trkpt>
      <trkpt lat="42.4394100" lon="12.7972400"></trkpt>
      <trkpt lat="42.4393700" lon="12.7972900"></trkpt>
      <trkpt lat="42.4393500" lon="12.7973100"></trkpt>
      <trkpt lat="42.4393000" lon="12.7973700"></trkpt>
      <trkpt lat="42.4392500" lon="12.7974200"></trkpt>
      <trkpt lat="42.4392300" lon="12.7974400"></trkpt>
      <trkpt lat="42.4392000" lon="12.7974600"></trkpt>
      <trkpt lat="42.4391700" lon="12.7974800"></trkpt>
      <trkpt lat="42.4391300" lon="12.7975000"></trkpt>
      <trkpt lat="42.4390100" lon="12.7975500"></trkpt>
      <trkpt lat="42.4389000" lon="12.7975900"></trkpt>
      <trkpt lat="42.4388800" lon="12.7975900"></trkpt>
      <trkpt lat="42.4387800" lon="12.7976400"></trkpt>
      <trkpt lat="42.4387200" lon="12.7976700"></trkpt>
      <trkpt lat="42.4386600" lon="12.7977100"></trkpt>
      <trkpt lat="42.4386200" lon="12.7977400"></trkpt>
      <trkpt lat="42.4385600" lon="12.7978000"></trkpt>
      <trkpt lat="42.4385100" lon="12.7978700"></trkpt>
      <trkpt lat="42.4384700" lon="12.7979300"></trkpt>
      <trkpt lat="42.4384300" lon="12.7980000"></trkpt>
      <trkpt lat="42.4383900" lon="12.7980800"></trkpt>
      <trkpt lat="42.4383700" lon="12.7981700"></trkpt>
      <trkpt lat="42.4383500" lon="12.7982800"></trkpt>
      <trkpt lat="42.4383300" lon="12.7984000"></trkpt>
      <trkpt lat="42.4383300" lon="12.7984700"></trkpt>
      <trkpt lat="42.4383200" lon="12.7985400"></trkpt>
      <trkpt lat="42.4383200" lon="12.7986500"></trkpt>
      <trkpt lat="42.4383200" lon="12.7987700"></trkpt>
      <trkpt lat="42.4383400" lon="12.7989000"></trkpt>
      <trkpt lat="42.4383500" lon="12.7989700"></trkpt>
      <trkpt lat="42.4383600" lon="12.7990300"></trkpt>
      <trkpt lat="42.4383700" lon="12.7990700"></trkpt>
      <trkpt lat="42.4383900" lon="12.7991200"></trkpt>
      <trkpt lat="42.4384100" lon="12.7991800"></trkpt>
      <trkpt lat="42.4384300" lon="12.7992300"></trkpt>
      <trkpt lat="42.4384500" lon="12.7992800"></trkpt>
      <trkpt lat="42.4384700" lon="12.7993200"></trkpt>
      <trkpt lat="42.4384900" lon="12.7993500"></trkpt>
      <trkpt lat="42.4385100" lon="12.7993900"></trkpt>
      <trkpt lat="42.4385400" lon="12.7994400"></trkpt>
      <trkpt lat="42.4385600" lon="12.7994700"></trkpt>
      <trkpt lat="42.4385900" lon="12.7995100"></trkpt>
      <trkpt lat="42.4386400" lon="12.7995800"></trkpt>
      <trkpt lat="42.4387500" lon="12.7997300"></trkpt>
      <trkpt lat="42.4388400" lon="12.7998400"></trkpt>
      <trkpt lat="42.4388900" lon="12.7998900"></trkpt>
      <trkpt lat="42.4389600" lon="12.7999800"></trkpt>
      <trkpt lat="42.4389800" lon="12.8000100"></trkpt>
      <trkpt lat="42.4390700" lon="12.8001300"></trkpt>
      <trkpt lat="42.4391100" lon="12.8001800"></trkpt>
      <trkpt lat="42.4391700" lon="12.8002500"></trkpt>
      <trkpt lat="42.4392500" lon="12.8003500"></trkpt>
      <trkpt lat="42.4393100" lon="12.8004300"></trkpt>
      <trkpt lat="42.4393500" lon="12.8004800"></trkpt>
      <trkpt lat="42.4393700" lon="12.8005200"></trkpt>
      <trkpt lat="42.4393900" lon="12.8005400"></trkpt>
      <trkpt lat="42.4393900" lon="12.8005600"></trkpt>
      <trkpt lat="42.4394200" lon="12.8006000"></trkpt>
      <trkpt lat="42.4394500" lon="12.8006800"></trkpt>
      <trkpt lat="42.4394700" lon="12.8007200"></trkpt>
      <trkpt lat="42.4394900" lon="12.8007800"></trkpt>
      <trkpt lat="42.4395100" lon="12.8008400"></trkpt>
      <trkpt lat="42.4395200" lon="12.8009000"></trkpt>
      <trkpt lat="42.4395400" lon="12.8010000"></trkpt>
      <trkpt lat="42.4395600" lon="12.8011200"></trkpt>
      <trkpt lat="42.4395700" lon="12.8012500"></trkpt>
      <trkpt lat="42.4395800" lon="12.8013600"></trkpt>
      <trkpt lat="42.4395800" lon="12.8014200"></trkpt>
      <trkpt lat="42.4395800" lon="12.8014900"></trkpt>
      <trkpt lat="42.4395800" lon="12.8015400"></trkpt>
      <trkpt lat="42.4395800" lon="12.8016400"></trkpt>
      <trkpt lat="42.4395800" lon="12.8017000"></trkpt>
      <trkpt lat="42.4395800" lon="12.8017500"></trkpt>
      <trkpt lat="42.4395800" lon="12.8018000"></trkpt>
      <trkpt lat="42.4395700" lon="12.8018400"></trkpt>
      <trkpt lat="42.4395600" lon="12.8019100"></trkpt>
      <trkpt lat="42.4395500" lon="12.8019300"></trkpt>
      <trkpt lat="42.4395400" lon="12.8020000"></trkpt>
      <trkpt lat="42.4395100" lon="12.8021900"></trkpt>
      <trkpt lat="42.4394500" lon="12.8024800"></trkpt>
      <trkpt lat="42.4394100" lon="12.8026900"></trkpt>
      <trkpt lat="42.4393600" lon="12.8029400"></trkpt>
      <trkpt lat="42.4393400" lon="12.8030600"></trkpt>
      <trkpt lat="42.4393000" lon="12.8032600"></trkpt>
      <trkpt lat="42.4392900" lon="12.8032900"></trkpt>
      <trkpt lat="42.4392600" lon="12.8034600"></trkpt>
      <trkpt lat="42.4391700" lon="12.8039900"></trkpt>
      <trkpt lat="42.4390300" lon="12.8047200"></trkpt>
      <trkpt lat="42.4389800" lon="12.8049600"></trkpt>
      <trkpt lat="42.4389300" lon="12.8052600"></trkpt>
      <trkpt lat="42.4388700" lon="12.8055900"></trkpt>
      <trkpt lat="42.4388100" lon="12.8059000"></trkpt>
      <trkpt lat="42.4387600" lon="12.8061400"></trkpt>
      <trkpt lat="42.4387300" lon="12.8063000"></trkpt>
      <trkpt lat="42.4387000" lon="12.8064500"></trkpt>
      <trkpt lat="42.4386800" lon="12.8065300"></trkpt>
      <trkpt lat="42.4386600" lon="12.8066000"></trkpt>
      <trkpt lat="42.4386300" lon="12.8066900"></trkpt>
      <trkpt lat="42.4386100" lon="12.8067500"></trkpt>
      <trkpt lat="42.4385800" lon="12.8068300"></trkpt>
      <trkpt lat="42.4385300" lon="12.8069300"></trkpt>
      <trkpt lat="42.4385000" lon="12.8069900"></trkpt>
      <trkpt lat="42.4384600" lon="12.8070800"></trkpt>
      <trkpt lat="42.4383700" lon="12.8072600"></trkpt>
      <trkpt lat="42.4382800" lon="12.8074300"></trkpt>
      <trkpt lat="42.4382300" lon="12.8075200"></trkpt>
      <trkpt lat="42.4381800" lon="12.8076100"></trkpt>
      <trkpt lat="42.4381300" lon="12.8077100"></trkpt>
      <trkpt lat="42.4381000" lon="12.8077600"></trkpt>
      <trkpt lat="42.4378100" lon="12.8082600"></trkpt>
      <trkpt lat="42.4377900" lon="12.8082900"></trkpt>
      <trkpt lat="42.4376900" lon="12.8084600"></trkpt>
      <trkpt lat="42.4375800" lon="12.8086200"></trkpt>
      <trkpt lat="42.4375400" lon="12.8086800"></trkpt>
      <trkpt lat="42.4371200" lon="12.8093400"></trkpt>
      <trkpt lat="42.4370200" lon="12.8094800"></trkpt>
      <trkpt lat="42.4368000" lon="12.8098200"></trkpt>
      <trkpt lat="42.4364600" lon="12.8103500"></trkpt>
      <trkpt lat="42.4362900" lon="12.8106200"></trkpt>
      <trkpt lat="42.4361700" lon="12.8108100"></trkpt>
      <trkpt lat="42.4352400" lon="12.8122900"></trkpt>
      <trkpt lat="42.4352400" lon="12.8123000"></trkpt>
      <trkpt lat="42.4346600" lon="12.8132200"></trkpt>
      <trkpt lat="42.4344900" lon="12.8134900"></trkpt>
      <trkpt lat="42.4339900" lon="12.8143100"></trkpt>
      <trkpt lat="42.4339400" lon="12.8143600"></trkpt>
      <trkpt lat="42.4335700" lon="12.8149700"></trkpt>
      <trkpt lat="42.4333900" lon="12.8152700"></trkpt>
      <trkpt lat="42.4332700" lon="12.8154700"></trkpt>
      <trkpt lat="42.4331700" lon="12.8156300"></trkpt>
      <trkpt lat="42.4330900" lon="12.8157900"></trkpt>
      <trkpt lat="42.4329600" lon="12.8160300"></trkpt>
      <trkpt lat="42.4328500" lon="12.8162700"></trkpt>
      <trkpt lat="42.4328200" lon="12.8163500"></trkpt>
      <trkpt lat="42.4326800" lon="12.8166700"></trkpt>
      <trkpt lat="42.4325000" lon="12.8171000"></trkpt>
      <trkpt lat="42.4323400" lon="12.8175500"></trkpt>
      <trkpt lat="42.4322100" lon="12.8180000"></trkpt>
      <trkpt lat="42.4321900" lon="12.8180500"></trkpt>
      <trkpt lat="42.4320900" lon="12.8185100"></trkpt>
      <trkpt lat="42.4320600" lon="12.8185900"></trkpt>
      <trkpt lat="42.4320300" lon="12.8187500"></trkpt>
      <trkpt lat="42.4320100" lon="12.8188100"></trkpt>
      <trkpt lat="42.4320000" lon="12.8189000"></trkpt>
      <trkpt lat="42.4319900" lon="12.8189800"></trkpt>
      <trkpt lat="42.4319200" lon="12.8192000"></trkpt>
      <trkpt lat="42.4319100" lon="12.8192000"></trkpt>
      <trkpt lat="42.4319000" lon="12.8192000"></trkpt>
      <trkpt lat="42.4319000" lon="12.8192100"></trkpt>
      <trkpt lat="42.4318900" lon="12.8192100"></trkpt>
      <trkpt lat="42.4318800" lon="12.8192200"></trkpt>
      <trkpt lat="42.4318700" lon="12.8192200"></trkpt>
      <trkpt lat="42.4318700" lon="12.8192300"></trkpt>
      <trkpt lat="42.4318600" lon="12.8192300"></trkpt>
      <trkpt lat="42.4318600" lon="12.8192400"></trkpt>
      <trkpt lat="42.4318500" lon="12.8192400"></trkpt>
      <trkpt lat="42.4318500" lon="12.8192500"></trkpt>
      <trkpt lat="42.4318400" lon="12.8192600"></trkpt>
      <trkpt lat="42.4318300" lon="12.8192800"></trkpt>
      <trkpt lat="42.4318200" lon="12.8193000"></trkpt>
      <trkpt lat="42.4318200" lon="12.8193100"></trkpt>
      <trkpt lat="42.4318200" lon="12.8193200"></trkpt>
      <trkpt lat="42.4318100" lon="12.8193200"></trkpt>
      <trkpt lat="42.4318100" lon="12.8193300"></trkpt>
      <trkpt lat="42.4318100" lon="12.8193400"></trkpt>
      <trkpt lat="42.4318100" lon="12.8193500"></trkpt>
      <trkpt lat="42.4318100" lon="12.8193600"></trkpt>
      <trkpt lat="42.4318100" lon="12.8193800"></trkpt>
      <trkpt lat="42.4318100" lon="12.8193900"></trkpt>
      <trkpt lat="42.4318100" lon="12.8194000"></trkpt>
      <trkpt lat="42.4318100" lon="12.8194100"></trkpt>
      <trkpt lat="42.4318100" lon="12.8194200"></trkpt>
      <trkpt lat="42.4318100" lon="12.8194300"></trkpt>
      <trkpt lat="42.4318200" lon="12.8194400"></trkpt>
      <trkpt lat="42.4318200" lon="12.8194500"></trkpt>
      <trkpt lat="42.4318200" lon="12.8194600"></trkpt>
      <trkpt lat="42.4318200" lon="12.8194700"></trkpt>
      <trkpt lat="42.4318300" lon="12.8194800"></trkpt>
      <trkpt lat="42.4318500" lon="12.8195200"></trkpt>
      <trkpt lat="42.4318600" lon="12.8195300"></trkpt>
      <trkpt lat="42.4318500" lon="12.8196600"></trkpt>
      <trkpt lat="42.4318000" lon="12.8199200"></trkpt>
      <trkpt lat="42.4317700" lon="12.8201100"></trkpt>
      <trkpt lat="42.4317600" lon="12.8201700"></trkpt>
      <trkpt lat="42.4317500" lon="12.8202500"></trkpt>
      <trkpt lat="42.4317200" lon="12.8205300"></trkpt>
      <trkpt lat="42.4317200" lon="12.8205900"></trkpt>
      <trkpt lat="42.4317100" lon="12.8206500"></trkpt>
      <trkpt lat="42.4317100" lon="12.8207300"></trkpt>
      <trkpt lat="42.4316900" lon="12.8208500"></trkpt>
      <trkpt lat="42.4316800" lon="12.8217600"></trkpt>
      <trkpt lat="42.4317000" lon="12.8229600"></trkpt>
      <trkpt lat="42.4317700" lon="12.8239000"></trkpt>
      <trkpt lat="42.4317800" lon="12.8248200"></trkpt>
      <trkpt lat="42.4317500" lon="12.8254700"></trkpt>
      <trkpt lat="42.4317200" lon="12.8259100"></trkpt>
      <trkpt lat="42.4317000" lon="12.8259900"></trkpt>
      <trkpt lat="42.4314700" lon="12.8287300"></trkpt>
      <trkpt lat="42.4314500" lon="12.8289100"></trkpt>
      <trkpt lat="42.4313300" lon="12.8296100"></trkpt>
      <trkpt lat="42.4312400" lon="12.8299900"></trkpt>
      <trkpt lat="42.4312200" lon="12.8300800"></trkpt>
      <trkpt lat="42.4312100" lon="12.8301200"></trkpt>
      <trkpt lat="42.4311500" lon="12.8303600"></trkpt>
      <trkpt lat="42.4310900" lon="12.8305300"></trkpt>
      <trkpt lat="42.4310300" lon="12.8306700"></trkpt>
      <trkpt lat="42.4308900" lon="12.8309700"></trkpt>
      <trkpt lat="42.4308400" lon="12.8310900"></trkpt>
      <trkpt lat="42.4307500" lon="12.8312200"></trkpt>
      <trkpt lat="42.4306400" lon="12.8313800"></trkpt>
      <trkpt lat="42.4305800" lon="12.8314600"></trkpt>
      <trkpt lat="42.4305200" lon="12.8315400"></trkpt>
      <trkpt lat="42.4304700" lon="12.8316000"></trkpt>
      <trkpt lat="42.4304200" lon="12.8316500"></trkpt>
      <trkpt lat="42.4303900" lon="12.8316900"></trkpt>
      <trkpt lat="42.4303500" lon="12.8317300"></trkpt>
      <trkpt lat="42.4301900" lon="12.8319300"></trkpt>
      <trkpt lat="42.4301500" lon="12.8319800"></trkpt>
      <trkpt lat="42.4296000" lon="12.8326800"></trkpt>
      <trkpt lat="42.4293000" lon="12.8330600"></trkpt>
      <trkpt lat="42.4289400" lon="12.8334200"></trkpt>
      <trkpt lat="42.4288400" lon="12.8334700"></trkpt>
      <trkpt lat="42.4285900" lon="12.8337000"></trkpt>
      <trkpt lat="42.4285300" lon="12.8337900"></trkpt>
      <trkpt lat="42.4284600" lon="12.8338500"></trkpt>
      <trkpt lat="42.4284100" lon="12.8338900"></trkpt>
      <trkpt lat="42.4284000" lon="12.8339000"></trkpt>
      <trkpt lat="42.4283400" lon="12.8339500"></trkpt>
      <trkpt lat="42.4283200" lon="12.8339800"></trkpt>
      <trkpt lat="42.4282300" lon="12.8340800"></trkpt>
      <trkpt lat="42.4281700" lon="12.8341300"></trkpt>
      <trkpt lat="42.4281200" lon="12.8341900"></trkpt>
      <trkpt lat="42.4280700" lon="12.8342600"></trkpt>
      <trkpt lat="42.4278600" lon="12.8344700"></trkpt>
      <trkpt lat="42.4278100" lon="12.8345400"></trkpt>
      <trkpt lat="42.4277600" lon="12.8346200"></trkpt>
      <trkpt lat="42.4274600" lon="12.8350000"></trkpt>
      <trkpt lat="42.4274300" lon="12.8350300"></trkpt>
      <trkpt lat="42.4273700" lon="12.8351100"></trkpt>
      <trkpt lat="42.4271900" lon="12.8352800"></trkpt>
      <trkpt lat="42.4271400" lon="12.8353200"></trkpt>
      <trkpt lat="42.4270100" lon="12.8354400"></trkpt>
      <trkpt lat="42.4269600" lon="12.8354800"></trkpt>
      <trkpt lat="42.4269100" lon="12.8355200"></trkpt>
      <trkpt lat="42.4268300" lon="12.8356000"></trkpt>
      <trkpt lat="42.4267400" lon="12.8356900"></trkpt>
      <trkpt lat="42.4265600" lon="12.8359400"></trkpt>
      <trkpt lat="42.4264300" lon="12.8361200"></trkpt>
      <trkpt lat="42.4263300" lon="12.8362300"></trkpt>
      <trkpt lat="42.4262300" lon="12.8363300"></trkpt>
      <trkpt lat="42.4260900" lon="12.8364500"></trkpt>
      <trkpt lat="42.4258200" lon="12.8366600"></trkpt>
      <trkpt lat="42.4256400" lon="12.8367900"></trkpt>
      <trkpt lat="42.4254400" lon="12.8369600"></trkpt>
      <trkpt lat="42.4252600" lon="12.8371300"></trkpt>
      <trkpt lat="42.4251000" lon="12.8373000"></trkpt>
      <trkpt lat="42.4250600" lon="12.8373400"></trkpt>
      <trkpt lat="42.4247800" lon="12.8376400"></trkpt>
      <trkpt lat="42.4236800" lon="12.8391200"></trkpt>
      <trkpt lat="42.4236400" lon="12.8391700"></trkpt>
      <trkpt lat="42.4233800" lon="12.8395200"></trkpt>
      <trkpt lat="42.4233400" lon="12.8395700"></trkpt>
      <trkpt lat="42.4232100" lon="12.8397500"></trkpt>
      <trkpt lat="42.4231600" lon="12.8398100"></trkpt>
      <trkpt lat="42.4227400" lon="12.8403900"></trkpt>
      <trkpt lat="42.4227000" lon="12.8404400"></trkpt>
      <trkpt lat="42.4225600" lon="12.8406500"></trkpt>
      <trkpt lat="42.4225200" lon="12.8407000"></trkpt>
      <trkpt lat="42.4223000" lon="12.8410100"></trkpt>
      <trkpt lat="42.4222100" lon="12.8411400"></trkpt>
      <trkpt lat="42.4221800" lon="12.8412000"></trkpt>
      <trkpt lat="42.4221400" lon="12.8412500"></trkpt>
      <trkpt lat="42.4220200" lon="12.8414500"></trkpt>
      <trkpt lat="42.4219800" lon="12.8415000"></trkpt>
      <trkpt lat="42.4216200" lon="12.8420800"></trkpt>
      <trkpt lat="42.4214800" lon="12.8423100"></trkpt>
      <trkpt lat="42.4214200" lon="12.8423800"></trkpt>
      <trkpt lat="42.4208900" lon="12.8433600"></trkpt>
      <trkpt lat="42.4208400" lon="12.8434500"></trkpt>
      <trkpt lat="42.4206200" lon="12.8437200"></trkpt>
      <trkpt lat="42.4199600" lon="12.8442600"></trkpt>
      <trkpt lat="42.4198200" lon="12.8444100"></trkpt>
      <trkpt lat="42.4194400" lon="12.8448300"></trkpt>
      <trkpt lat="42.4192900" lon="12.8450000"></trkpt>
      <trkpt lat="42.4192500" lon="12.8450500"></trkpt>
      <trkpt lat="42.4189900" lon="12.8453500"></trkpt>
      <trkpt lat="42.4189000" lon="12.8454800"></trkpt>
      <trkpt lat="42.4187900" lon="12.8456200"></trkpt>
      <trkpt lat="42.4187200" lon="12.8457300"></trkpt>
      <trkpt lat="42.4187000" lon="12.8457600"></trkpt>
      <trkpt lat="42.4186600" lon="12.8458200"></trkpt>
      <trkpt lat="42.4185300" lon="12.8460100"></trkpt>
      <trkpt lat="42.4184100" lon="12.8462100"></trkpt>
      <trkpt lat="42.4183900" lon="12.8462400"></trkpt>
      <trkpt lat="42.4183800" lon="12.8462500"></trkpt>
      <trkpt lat="42.4183500" lon="12.8463000"></trkpt>
      <trkpt lat="42.4182700" lon="12.8464300"></trkpt>
      <trkpt lat="42.4180000" lon="12.8468800"></trkpt>
      <trkpt lat="42.4179600" lon="12.8469400"></trkpt>
      <trkpt lat="42.4179100" lon="12.8470200"></trkpt>
      <trkpt lat="42.4178700" lon="12.8470900"></trkpt>
      <trkpt lat="42.4178400" lon="12.8471400"></trkpt>
      <trkpt lat="42.4178000" lon="12.8472100"></trkpt>
      <trkpt lat="42.4177700" lon="12.8472800"></trkpt>
      <trkpt lat="42.4178100" lon="12.8473400"></trkpt>
      <trkpt lat="42.4177900" lon="12.8473800"></trkpt>
      <trkpt lat="42.4177600" lon="12.8475300"></trkpt>
      <trkpt lat="42.4177700" lon="12.8475600"></trkpt>
      <trkpt lat="42.4177700" lon="12.8475700"></trkpt>
      <trkpt lat="42.4177700" lon="12.8475800"></trkpt>
      <trkpt lat="42.4177800" lon="12.8475900"></trkpt>
      <trkpt lat="42.4177800" lon="12.8476000"></trkpt>
      <trkpt lat="42.4177800" lon="12.8476100"></trkpt>
      <trkpt lat="42.4177800" lon="12.8476200"></trkpt>
      <trkpt lat="42.4177800" lon="12.8476300"></trkpt>
      <trkpt lat="42.4177800" lon="12.8476500"></trkpt>
      <trkpt lat="42.4177800" lon="12.8476600"></trkpt>
      <trkpt lat="42.4177800" lon="12.8476700"></trkpt>
      <trkpt lat="42.4177800" lon="12.8476900"></trkpt>
      <trkpt lat="42.4177700" lon="12.8477400"></trkpt>
      <trkpt lat="42.4177700" lon="12.8477500"></trkpt>
      <trkpt lat="42.4177700" lon="12.8477600"></trkpt>
      <trkpt lat="42.4177400" lon="12.8478000"></trkpt>
      <trkpt lat="42.4177400" lon="12.8478100"></trkpt>
      <trkpt lat="42.4177300" lon="12.8478100"></trkpt>
      <trkpt lat="42.4177300" lon="12.8478200"></trkpt>
      <trkpt lat="42.4177200" lon="12.8478300"></trkpt>
      <trkpt lat="42.4177100" lon="12.8478300"></trkpt>
      <trkpt lat="42.4177100" lon="12.8478400"></trkpt>
      <trkpt lat="42.4177000" lon="12.8478400"></trkpt>
      <trkpt lat="42.4176500" lon="12.8481500"></trkpt>
      <trkpt lat="42.4176400" lon="12.8481900"></trkpt>
      <trkpt lat="42.4176800" lon="12.8482000"></trkpt>
      <trkpt lat="42.4176400" lon="12.8483300"></trkpt>
      <trkpt lat="42.4176400" lon="12.8483900"></trkpt>
      <trkpt lat="42.4176400" lon="12.8486200"></trkpt>
      <trkpt lat="42.4176600" lon="12.8487500"></trkpt>
      <trkpt lat="42.4176500" lon="12.8488700"></trkpt>
      <trkpt lat="42.4176400" lon="12.8490000"></trkpt>
      <trkpt lat="42.4176400" lon="12.8491100"></trkpt>
      <trkpt lat="42.4176500" lon="12.8492100"></trkpt>
      <trkpt lat="42.4176400" lon="12.8495800"></trkpt>
      <trkpt lat="42.4176300" lon="12.8496700"></trkpt>
      <trkpt lat="42.4176300" lon="12.8497600"></trkpt>
      <trkpt lat="42.4176200" lon="12.8498900"></trkpt>
      <trkpt lat="42.4176100" lon="12.8500300"></trkpt>
      <trkpt lat="42.4175600" lon="12.8503800"></trkpt>
      <trkpt lat="42.4175500" lon="12.8504000"></trkpt>
      <trkpt lat="42.4172000" lon="12.8511900"></trkpt>
      <trkpt lat="42.4171600" lon="12.8512600"></trkpt>
      <trkpt lat="42.4167200" lon="12.8522600"></trkpt>
      <trkpt lat="42.4166700" lon="12.8523300"></trkpt>
      <trkpt lat="42.4166300" lon="12.8524300"></trkpt>
      <trkpt lat="42.4165700" lon="12.8525300"></trkpt>
      <trkpt lat="42.4164300" lon="12.8528500"></trkpt>
      <trkpt lat="42.4164200" lon="12.8528700"></trkpt>
      <trkpt lat="42.4160900" lon="12.8535900"></trkpt>
      <trkpt lat="42.4160400" lon="12.8537200"></trkpt>
      <trkpt lat="42.4158700" lon="12.8540700"></trkpt>
      <trkpt lat="42.4152300" lon="12.8554400"></trkpt>
      <trkpt lat="42.4152100" lon="12.8554800"></trkpt>
      <trkpt lat="42.4150800" lon="12.8558100"></trkpt>
      <trkpt lat="42.4150500" lon="12.8558900"></trkpt>
      <trkpt lat="42.4149900" lon="12.8560600"></trkpt>
      <trkpt lat="42.4149600" lon="12.8561700"></trkpt>
      <trkpt lat="42.4150000" lon="12.8561800"></trkpt>
      <trkpt lat="42.4150300" lon="12.8562000"></trkpt>
      <trkpt lat="42.4151100" lon="12.8563900"></trkpt>
      <trkpt lat="42.4151100" lon="12.8564300"></trkpt>
      <trkpt lat="42.4151300" lon="12.8565200"></trkpt>
      <trkpt lat="42.4151300" lon="12.8565800"></trkpt>
      <trkpt lat="42.4151300" lon="12.8567000"></trkpt>
      <trkpt lat="42.4151000" lon="12.8568000"></trkpt>
      <trkpt lat="42.4150900" lon="12.8568200"></trkpt>
      <trkpt lat="42.4150900" lon="12.8568400"></trkpt>
      <trkpt lat="42.4150700" lon="12.8568700"></trkpt>
      <trkpt lat="42.4150600" lon="12.8568900"></trkpt>
      <trkpt lat="42.4150500" lon="12.8569100"></trkpt>
      <trkpt lat="42.4150300" lon="12.8569300"></trkpt>
      <trkpt lat="42.4150100" lon="12.8569500"></trkpt>
      <trkpt lat="42.4149700" lon="12.8569800"></trkpt>
      <trkpt lat="42.4149800" lon="12.8570400"></trkpt>
      <trkpt lat="42.4149600" lon="12.8571000"></trkpt>
      <trkpt lat="42.4149300" lon="12.8572000"></trkpt>
      <trkpt lat="42.4148900" lon="12.8573600"></trkpt>
      <trkpt lat="42.4148700" lon="12.8574600"></trkpt>
      <trkpt lat="42.4148600" lon="12.8575800"></trkpt>
      <trkpt lat="42.4148600" lon="12.8576900"></trkpt>
      <trkpt lat="42.4148800" lon="12.8577800"></trkpt>
      <trkpt lat="42.4148800" lon="12.8578400"></trkpt>
      <trkpt lat="42.4148900" lon="12.8579700"></trkpt>
      <trkpt lat="42.4148900" lon="12.8579900"></trkpt>
      <trkpt lat="42.4148900" lon="12.8580500"></trkpt>
      <trkpt lat="42.4148900" lon="12.8585200"></trkpt>
      <trkpt lat="42.4148900" lon="12.8588100"></trkpt>
      <trkpt lat="42.4148900" lon="12.8588600"></trkpt>
      <trkpt lat="42.4149000" lon="12.8588900"></trkpt>
      <trkpt lat="42.4148900" lon="12.8589200"></trkpt>
      <trkpt lat="42.4148900" lon="12.8589500"></trkpt>
      <trkpt lat="42.4148900" lon="12.8590100"></trkpt>
      <trkpt lat="42.4149000" lon="12.8590600"></trkpt>
      <trkpt lat="42.4149000" lon="12.8593800"></trkpt>
      <trkpt lat="42.4149000" lon="12.8594500"></trkpt>
      <trkpt lat="42.4149000" lon="12.8597800"></trkpt>
      <trkpt lat="42.4149100" lon="12.8603900"></trkpt>
      <trkpt lat="42.4149100" lon="12.8604500"></trkpt>
      <trkpt lat="42.4149100" lon="12.8606300"></trkpt>
      <trkpt lat="42.4149100" lon="12.8607300"></trkpt>
      <trkpt lat="42.4149200" lon="12.8610500"></trkpt>
      <trkpt lat="42.4149200" lon="12.8612600"></trkpt>
      <trkpt lat="42.4149200" lon="12.8613400"></trkpt>
      <trkpt lat="42.4149200" lon="12.8623300"></trkpt>
      <trkpt lat="42.4149200" lon="12.8624500"></trkpt>
      <trkpt lat="42.4149200" lon="12.8627800"></trkpt>
      <trkpt lat="42.4149200" lon="12.8628500"></trkpt>
      <trkpt lat="42.4149200" lon="12.8632300"></trkpt>
      <trkpt lat="42.4149100" lon="12.8633500"></trkpt>
      <trkpt lat="42.4149300" lon="12.8634400"></trkpt>
      <trkpt lat="42.4149400" lon="12.8636100"></trkpt>
      <trkpt lat="42.4149500" lon="12.8636900"></trkpt>
      <trkpt lat="42.4150100" lon="12.8646400"></trkpt>
      <trkpt lat="42.4150300" lon="12.8648300"></trkpt>
      <trkpt lat="42.4150400" lon="12.8649500"></trkpt>
      <trkpt lat="42.4150600" lon="12.8650500"></trkpt>
      <trkpt lat="42.4150900" lon="12.8651500"></trkpt>
      <trkpt lat="42.4151400" lon="12.8652900"></trkpt>
      <trkpt lat="42.4151500" lon="12.8653200"></trkpt>
      <trkpt lat="42.4151600" lon="12.8654300"></trkpt>
      <trkpt lat="42.4152400" lon="12.8655800"></trkpt>
      <trkpt lat="42.4152600" lon="12.8656300"></trkpt>
      <trkpt lat="42.4153500" lon="12.8659600"></trkpt>
      <trkpt lat="42.4153200" lon="12.8660100"></trkpt>
      <trkpt lat="42.4153300" lon="12.8660300"></trkpt>
      <trkpt lat="42.4153400" lon="12.8660400"></trkpt>
      <trkpt lat="42.4153400" lon="12.8660500"></trkpt>
      <trkpt lat="42.4153400" lon="12.8660600"></trkpt>
      <trkpt lat="42.4153500" lon="12.8660700"></trkpt>
      <trkpt lat="42.4153500" lon="12.8660800"></trkpt>
      <trkpt lat="42.4153600" lon="12.8660900"></trkpt>
      <trkpt lat="42.4153600" lon="12.8661000"></trkpt>
      <trkpt lat="42.4153600" lon="12.8661100"></trkpt>
      <trkpt lat="42.4153700" lon="12.8662100"></trkpt>
      <trkpt lat="42.4153600" lon="12.8662300"></trkpt>
      <trkpt lat="42.4153900" lon="12.8662600"></trkpt>
      <trkpt lat="42.4156300" lon="12.8662500"></trkpt>
      <trkpt lat="42.4158200" lon="12.8662500"></trkpt>
      <trkpt lat="42.4159700" lon="12.8662500"></trkpt>
      <trkpt lat="42.4160200" lon="12.8662500"></trkpt>
      <trkpt lat="42.4163200" lon="12.8663400"></trkpt>
      <trkpt lat="42.4163400" lon="12.8663800"></trkpt>
      <trkpt lat="42.4163700" lon="12.8664000"></trkpt>
      <trkpt lat="42.4163800" lon="12.8664200"></trkpt>
      <trkpt lat="42.4164000" lon="12.8664300"></trkpt>
      <trkpt lat="42.4164200" lon="12.8664400"></trkpt>
      <trkpt lat="42.4164400" lon="12.8664400"></trkpt>
      <trkpt lat="42.4164600" lon="12.8664500"></trkpt>
      <trkpt lat="42.4165000" lon="12.8664500"></trkpt>
      <trkpt lat="42.4165300" lon="12.8664500"></trkpt>
      <trkpt lat="42.4165500" lon="12.8664400"></trkpt>
      <trkpt lat="42.4165700" lon="12.8664300"></trkpt>
      <trkpt lat="42.4165900" lon="12.8664200"></trkpt>
      <trkpt lat="42.4166300" lon="12.8663700"></trkpt>
      <trkpt lat="42.4167800" lon="12.8664100"></trkpt>
      <trkpt lat="42.4168700" lon="12.8664200"></trkpt>
      <trkpt lat="42.4169300" lon="12.8664400"></trkpt>
      <trkpt lat="42.4169400" lon="12.8664900"></trkpt>
      <trkpt lat="42.4170200" lon="12.8665000"></trkpt>
      <trkpt lat="42.4170800" lon="12.8664700"></trkpt>
      <trkpt lat="42.4171200" lon="12.8664800"></trkpt>
      <trkpt lat="42.4173800" lon="12.8665800"></trkpt>
      <trkpt lat="42.4174700" lon="12.8666200"></trkpt>
      <trkpt lat="42.4177500" lon="12.8667500"></trkpt>
      <trkpt lat="42.4177900" lon="12.8667800"></trkpt>
      <trkpt lat="42.4180100" lon="12.8668900"></trkpt>
      <trkpt lat="42.4181500" lon="12.8669500"></trkpt>
      <trkpt lat="42.4182600" lon="12.8669900"></trkpt>
      <trkpt lat="42.4183500" lon="12.8670200"></trkpt>
      <trkpt lat="42.4185600" lon="12.8670800"></trkpt>
      <trkpt lat="42.4187800" lon="12.8671500"></trkpt>
      <trkpt lat="42.4189900" lon="12.8672100"></trkpt>
      <trkpt lat="42.4193100" lon="12.8672900"></trkpt>
      <trkpt lat="42.4194000" lon="12.8673100"></trkpt>
      <trkpt lat="42.4194700" lon="12.8673500"></trkpt>
      <trkpt lat="42.4195100" lon="12.8673700"></trkpt>
      <trkpt lat="42.4195800" lon="12.8674100"></trkpt>
      <trkpt lat="42.4196300" lon="12.8674500"></trkpt>
      <trkpt lat="42.4197000" lon="12.8675000"></trkpt>
      <trkpt lat="42.4198400" lon="12.8676300"></trkpt>
      <trkpt lat="42.4204100" lon="12.8682300"></trkpt>
      <trkpt lat="42.4207400" lon="12.8686000"></trkpt>
      <trkpt lat="42.4208100" lon="12.8686800"></trkpt>
      <trkpt lat="42.4208500" lon="12.8687200"></trkpt>
      <trkpt lat="42.4208800" lon="12.8687600"></trkpt>
      <trkpt lat="42.4212900" lon="12.8692300"></trkpt>
      <trkpt lat="42.4214800" lon="12.8694600"></trkpt>
      <trkpt lat="42.4216200" lon="12.8696200"></trkpt>
      <trkpt lat="42.4216900" lon="12.8696900"></trkpt>
      <trkpt lat="42.4217500" lon="12.8697300"></trkpt>
      <trkpt lat="42.4218700" lon="12.8698300"></trkpt>
      <trkpt lat="42.4219700" lon="12.8698800"></trkpt>
      <trkpt lat="42.4219900" lon="12.8698900"></trkpt>
      <trkpt lat="42.4221300" lon="12.8699300"></trkpt>
      <trkpt lat="42.4221600" lon="12.8699400"></trkpt>
      <trkpt lat="42.4223400" lon="12.8699800"></trkpt>
      <trkpt lat="42.4224400" lon="12.8699900"></trkpt>
      <trkpt lat="42.4225500" lon="12.8699700"></trkpt>
      <trkpt lat="42.4226300" lon="12.8699500"></trkpt>
      <trkpt lat="42.4227000" lon="12.8699300"></trkpt>
      <trkpt lat="42.4227500" lon="12.8699100"></trkpt>
      <trkpt lat="42.4230400" lon="12.8697900"></trkpt>
      <trkpt lat="42.4235300" lon="12.8695600"></trkpt>
      <trkpt lat="42.4235500" lon="12.8695500"></trkpt>
      <trkpt lat="42.4236800" lon="12.8694900"></trkpt>
      <trkpt lat="42.4237300" lon="12.8694800"></trkpt>
      <trkpt lat="42.4237600" lon="12.8694800"></trkpt>
      <trkpt lat="42.4237900" lon="12.8694800"></trkpt>
      <trkpt lat="42.4238500" lon="12.8695000"></trkpt>
      <trkpt lat="42.4238900" lon="12.8695200"></trkpt>
      <trkpt lat="42.4239500" lon="12.8695600"></trkpt>
      <trkpt lat="42.4240700" lon="12.8697000"></trkpt>
      <trkpt lat="42.4242000" lon="12.8698700"></trkpt>
      <trkpt lat="42.4243200" lon="12.8700400"></trkpt>
      <trkpt lat="42.4244300" lon="12.8701800"></trkpt>
      <trkpt lat="42.4244600" lon="12.8702100"></trkpt>
      <trkpt lat="42.4244800" lon="12.8702300"></trkpt>
      <trkpt lat="42.4245300" lon="12.8702800"></trkpt>
      <trkpt lat="42.4245700" lon="12.8703000"></trkpt>
      <trkpt lat="42.4246100" lon="12.8703200"></trkpt>
      <trkpt lat="42.4246500" lon="12.8703300"></trkpt>
      <trkpt lat="42.4246900" lon="12.8703400"></trkpt>
      <trkpt lat="42.4247500" lon="12.8703400"></trkpt>
      <trkpt lat="42.4248100" lon="12.8703200"></trkpt>
      <trkpt lat="42.4249200" lon="12.8702900"></trkpt>
      <trkpt lat="42.4252100" lon="12.8701300"></trkpt>
      <trkpt lat="42.4253500" lon="12.8700500"></trkpt>
      <trkpt lat="42.4254600" lon="12.8699700"></trkpt>
      <trkpt lat="42.4256200" lon="12.8698700"></trkpt>
      <trkpt lat="42.4256900" lon="12.8698200"></trkpt>
      <trkpt lat="42.4257900" lon="12.8697500"></trkpt>
      <trkpt lat="42.4259100" lon="12.8696400"></trkpt>
      <trkpt lat="42.4259800" lon="12.8695600"></trkpt>
      <trkpt lat="42.4261800" lon="12.8692800"></trkpt>
      <trkpt lat="42.4263600" lon="12.8690300"></trkpt>
      <trkpt lat="42.4263900" lon="12.8690200"></trkpt>
      <trkpt lat="42.4264300" lon="12.8690000"></trkpt>
      <trkpt lat="42.4264700" lon="12.8689900"></trkpt>
      <trkpt lat="42.4265200" lon="12.8689800"></trkpt>
      <trkpt lat="42.4265700" lon="12.8689800"></trkpt>
      <trkpt lat="42.4267700" lon="12.8689800"></trkpt>
      <trkpt lat="42.4268200" lon="12.8689800"></trkpt>
      <trkpt lat="42.4269700" lon="12.8689900"></trkpt>
      <trkpt lat="42.4271100" lon="12.8690000"></trkpt>
      <trkpt lat="42.4271300" lon="12.8690100"></trkpt>
      <trkpt lat="42.4272000" lon="12.8690300"></trkpt>
      <trkpt lat="42.4273000" lon="12.8690700"></trkpt>
      <trkpt lat="42.4274600" lon="12.8691400"></trkpt>
      <trkpt lat="42.4275600" lon="12.8691900"></trkpt>
      <trkpt lat="42.4276000" lon="12.8692200"></trkpt>
      <trkpt lat="42.4276500" lon="12.8692600"></trkpt>
      <trkpt lat="42.4276800" lon="12.8692900"></trkpt>
      <trkpt lat="42.4277200" lon="12.8693400"></trkpt>
      <trkpt lat="42.4277500" lon="12.8693900"></trkpt>
      <trkpt lat="42.4277700" lon="12.8694400"></trkpt>
      <trkpt lat="42.4277900" lon="12.8695000"></trkpt>
      <trkpt lat="42.4278000" lon="12.8695600"></trkpt>
      <trkpt lat="42.4278200" lon="12.8696900"></trkpt>
      <trkpt lat="42.4278500" lon="12.8698900"></trkpt>
      <trkpt lat="42.4278700" lon="12.8701200"></trkpt>
      <trkpt lat="42.4278900" lon="12.8702700"></trkpt>
      <trkpt lat="42.4279100" lon="12.8705200"></trkpt>
      <trkpt lat="42.4279200" lon="12.8707100"></trkpt>
      <trkpt lat="42.4279400" lon="12.8708900"></trkpt>
      <trkpt lat="42.4279600" lon="12.8710300"></trkpt>
      <trkpt lat="42.4280000" lon="12.8711900"></trkpt>
      <trkpt lat="42.4280800" lon="12.8714300"></trkpt>
      <trkpt lat="42.4281200" lon="12.8715500"></trkpt>
      <trkpt lat="42.4281900" lon="12.8717300"></trkpt>
      <trkpt lat="42.4282000" lon="12.8717600"></trkpt>
      <trkpt lat="42.4282700" lon="12.8719100"></trkpt>
      <trkpt lat="42.4282900" lon="12.8719800"></trkpt>
      <trkpt lat="42.4283600" lon="12.8722000"></trkpt>
      <trkpt lat="42.4285300" lon="12.8727100"></trkpt>
      <trkpt lat="42.4286100" lon="12.8729200"></trkpt>
      <trkpt lat="42.4286500" lon="12.8730400"></trkpt>
      <trkpt lat="42.4287100" lon="12.8732000"></trkpt>
      <trkpt lat="42.4287400" lon="12.8732700"></trkpt>
      <trkpt lat="42.4287600" lon="12.8733300"></trkpt>
      <trkpt lat="42.4287800" lon="12.8733700"></trkpt>
      <trkpt lat="42.4288200" lon="12.8734700"></trkpt>
      <trkpt lat="42.4288400" lon="12.8735100"></trkpt>
      <trkpt lat="42.4288800" lon="12.8735800"></trkpt>
      <trkpt lat="42.4289100" lon="12.8736300"></trkpt>
      <trkpt lat="42.4289700" lon="12.8736900"></trkpt>
      <trkpt lat="42.4291000" lon="12.8737500"></trkpt>
      <trkpt lat="42.4291200" lon="12.8737600"></trkpt>
      <trkpt lat="42.4291500" lon="12.8737800"></trkpt>
      <trkpt lat="42.4292700" lon="12.8738200"></trkpt>
      <trkpt lat="42.4293000" lon="12.8738300"></trkpt>
      <trkpt lat="42.4294500" lon="12.8738600"></trkpt>
      <trkpt lat="42.4294600" lon="12.8738600"></trkpt>
      <trkpt lat="42.4296400" lon="12.8739000"></trkpt>
      <trkpt lat="42.4297200" lon="12.8739000"></trkpt>
      <trkpt lat="42.4298000" lon="12.8738800"></trkpt>
      <trkpt lat="42.4298100" lon="12.8738800"></trkpt>
      <trkpt lat="42.4298600" lon="12.8738600"></trkpt>
      <trkpt lat="42.4298900" lon="12.8738400"></trkpt>
      <trkpt lat="42.4299600" lon="12.8738000"></trkpt>
      <trkpt lat="42.4300300" lon="12.8737300"></trkpt>
      <trkpt lat="42.4300600" lon="12.8737000"></trkpt>
      <trkpt lat="42.4300900" lon="12.8736500"></trkpt>
      <trkpt lat="42.4301100" lon="12.8736300"></trkpt>
      <trkpt lat="42.4301700" lon="12.8735600"></trkpt>
      <trkpt lat="42.4302600" lon="12.8734200"></trkpt>
      <trkpt lat="42.4302700" lon="12.8734000"></trkpt>
      <trkpt lat="42.4303600" lon="12.8732800"></trkpt>
      <trkpt lat="42.4304000" lon="12.8732300"></trkpt>
      <trkpt lat="42.4304800" lon="12.8731300"></trkpt>
      <trkpt lat="42.4305900" lon="12.8730000"></trkpt>
      <trkpt lat="42.4306300" lon="12.8729700"></trkpt>
      <trkpt lat="42.4307100" lon="12.8729000"></trkpt>
      <trkpt lat="42.4308400" lon="12.8728000"></trkpt>
      <trkpt lat="42.4309500" lon="12.8727300"></trkpt>
      <trkpt lat="42.4310600" lon="12.8726800"></trkpt>
      <trkpt lat="42.4311700" lon="12.8726400"></trkpt>
      <trkpt lat="42.4312900" lon="12.8725900"></trkpt>
      <trkpt lat="42.4313400" lon="12.8725700"></trkpt>
      <trkpt lat="42.4314300" lon="12.8725200"></trkpt>
      <trkpt lat="42.4315000" lon="12.8724600"></trkpt>
      <trkpt lat="42.4315500" lon="12.8724000"></trkpt>
      <trkpt lat="42.4315900" lon="12.8723600"></trkpt>
      <trkpt lat="42.4316000" lon="12.8723500"></trkpt>
      <trkpt lat="42.4316400" lon="12.8722900"></trkpt>
      <trkpt lat="42.4317100" lon="12.8721600"></trkpt>
      <trkpt lat="42.4317100" lon="12.8721500"></trkpt>
      <trkpt lat="42.4317400" lon="12.8720900"></trkpt>
      <trkpt lat="42.4318000" lon="12.8719500"></trkpt>
      <trkpt lat="42.4318100" lon="12.8719300"></trkpt>
      <trkpt lat="42.4318300" lon="12.8718900"></trkpt>
      <trkpt lat="42.4319000" lon="12.8717500"></trkpt>
      <trkpt lat="42.4320000" lon="12.8715400"></trkpt>
      <trkpt lat="42.4320200" lon="12.8715000"></trkpt>
      <trkpt lat="42.4320300" lon="12.8714800"></trkpt>
      <trkpt lat="42.4320900" lon="12.8713300"></trkpt>
      <trkpt lat="42.4321100" lon="12.8712900"></trkpt>
      <trkpt lat="42.4321400" lon="12.8712300"></trkpt>
      <trkpt lat="42.4321600" lon="12.8711700"></trkpt>
      <trkpt lat="42.4321900" lon="12.8711300"></trkpt>
      <trkpt lat="42.4322300" lon="12.8710900"></trkpt>
      <trkpt lat="42.4322900" lon="12.8710500"></trkpt>
      <trkpt lat="42.4323400" lon="12.8710300"></trkpt>
      <trkpt lat="42.4323700" lon="12.8710200"></trkpt>
      <trkpt lat="42.4324100" lon="12.8710200"></trkpt>
      <trkpt lat="42.4325300" lon="12.8709900"></trkpt>
      <trkpt lat="42.4325600" lon="12.8709800"></trkpt>
      <trkpt lat="42.4325800" lon="12.8709700"></trkpt>
      <trkpt lat="42.4326500" lon="12.8709500"></trkpt>
      <trkpt lat="42.4327000" lon="12.8709400"></trkpt>
      <trkpt lat="42.4327600" lon="12.8709100"></trkpt>
      <trkpt lat="42.4328500" lon="12.8708600"></trkpt>
      <trkpt lat="42.4328700" lon="12.8708400"></trkpt>
      <trkpt lat="42.4329200" lon="12.8708000"></trkpt>
      <trkpt lat="42.4329400" lon="12.8707800"></trkpt>
      <trkpt lat="42.4330200" lon="12.8707100"></trkpt>
      <trkpt lat="42.4330500" lon="12.8706700"></trkpt>
      <trkpt lat="42.4331600" lon="12.8705500"></trkpt>
      <trkpt lat="42.4331900" lon="12.8705000"></trkpt>
      <trkpt lat="42.4332000" lon="12.8705000"></trkpt>
      <trkpt lat="42.4332400" lon="12.8704600"></trkpt>
      <trkpt lat="42.4333000" lon="12.8704100"></trkpt>
      <trkpt lat="42.4333200" lon="12.8703900"></trkpt>
      <trkpt lat="42.4333800" lon="12.8703600"></trkpt>
      <trkpt lat="42.4334200" lon="12.8703400"></trkpt>
      <trkpt lat="42.4334600" lon="12.8703300"></trkpt>
      <trkpt lat="42.4334700" lon="12.8703300"></trkpt>
      <trkpt lat="42.4335000" lon="12.8703300"></trkpt>
      <trkpt lat="42.4335300" lon="12.8703300"></trkpt>
      <trkpt lat="42.4335600" lon="12.8703500"></trkpt>
      <trkpt lat="42.4335900" lon="12.8703600"></trkpt>
      <trkpt lat="42.4336400" lon="12.8704000"></trkpt>
      <trkpt lat="42.4336500" lon="12.8704100"></trkpt>
      <trkpt lat="42.4336800" lon="12.8704500"></trkpt>
      <trkpt lat="42.4337700" lon="12.8705600"></trkpt>
      <trkpt lat="42.4338300" lon="12.8706300"></trkpt>
      <trkpt lat="42.4339000" lon="12.8707300"></trkpt>
      <trkpt lat="42.4339800" lon="12.8708400"></trkpt>
      <trkpt lat="42.4341600" lon="12.8711700"></trkpt>
      <trkpt lat="42.4343300" lon="12.8714800"></trkpt>
      <trkpt lat="42.4344300" lon="12.8716400"></trkpt>
      <trkpt lat="42.4344600" lon="12.8716900"></trkpt>
      <trkpt lat="42.4345400" lon="12.8718200"></trkpt>
      <trkpt lat="42.4346200" lon="12.8719600"></trkpt>
      <trkpt lat="42.4348100" lon="12.8722400"></trkpt>
      <trkpt lat="42.4348700" lon="12.8723200"></trkpt>
      <trkpt lat="42.4349300" lon="12.8724000"></trkpt>
      <trkpt lat="42.4349400" lon="12.8724000"></trkpt>
      <trkpt lat="42.4349900" lon="12.8724500"></trkpt>
      <trkpt lat="42.4350500" lon="12.8724900"></trkpt>
      <trkpt lat="42.4350700" lon="12.8725100"></trkpt>
      <trkpt lat="42.4351000" lon="12.8725200"></trkpt>
      <trkpt lat="42.4351200" lon="12.8725300"></trkpt>
      <trkpt lat="42.4351900" lon="12.8725500"></trkpt>
      <trkpt lat="42.4352300" lon="12.8725600"></trkpt>
      <trkpt lat="42.4352800" lon="12.8725700"></trkpt>
      <trkpt lat="42.4353000" lon="12.8725800"></trkpt>
      <trkpt lat="42.4353600" lon="12.8726000"></trkpt>
      <trkpt lat="42.4354200" lon="12.8726200"></trkpt>
      <trkpt lat="42.4354500" lon="12.8726400"></trkpt>
      <trkpt lat="42.4354800" lon="12.8726600"></trkpt>
      <trkpt lat="42.4355600" lon="12.8727300"></trkpt>
      <trkpt lat="42.4356200" lon="12.8727900"></trkpt>
      <trkpt lat="42.4357100" lon="12.8728800"></trkpt>
      <trkpt lat="42.4357700" lon="12.8729500"></trkpt>
      <trkpt lat="42.4357900" lon="12.8729900"></trkpt>
      <trkpt lat="42.4358000" lon="12.8730000"></trkpt>
      <trkpt lat="42.4358700" lon="12.8731000"></trkpt>
      <trkpt lat="42.4359000" lon="12.8731500"></trkpt>
      <trkpt lat="42.4359200" lon="12.8731800"></trkpt>
      <trkpt lat="42.4359300" lon="12.8732300"></trkpt>
      <trkpt lat="42.4359400" lon="12.8732800"></trkpt>
      <trkpt lat="42.4359400" lon="12.8733100"></trkpt>
      <trkpt lat="42.4359500" lon="12.8733500"></trkpt>
      <trkpt lat="42.4359200" lon="12.8735000"></trkpt>
      <trkpt lat="42.4359000" lon="12.8735700"></trkpt>
      <trkpt lat="42.4357600" lon="12.8740300"></trkpt>
      <trkpt lat="42.4356900" lon="12.8742500"></trkpt>
      <trkpt lat="42.4356200" lon="12.8744800"></trkpt>
      <trkpt lat="42.4355500" lon="12.8747000"></trkpt>
      <trkpt lat="42.4355200" lon="12.8748200"></trkpt>
      <trkpt lat="42.4354900" lon="12.8749300"></trkpt>
      <trkpt lat="42.4354500" lon="12.8750500"></trkpt>
      <trkpt lat="42.4354400" lon="12.8750900"></trkpt>
      <trkpt lat="42.4354400" lon="12.8751300"></trkpt>
      <trkpt lat="42.4354400" lon="12.8751600"></trkpt>
      <trkpt lat="42.4354400" lon="12.8751700"></trkpt>
      <trkpt lat="42.4354500" lon="12.8752000"></trkpt>
      <trkpt lat="42.4354600" lon="12.8752200"></trkpt>
      <trkpt lat="42.4354700" lon="12.8752500"></trkpt>
      <trkpt lat="42.4355000" lon="12.8752700"></trkpt>
      <trkpt lat="42.4355300" lon="12.8752900"></trkpt>
      <trkpt lat="42.4355700" lon="12.8753100"></trkpt>
      <trkpt lat="42.4355900" lon="12.8753200"></trkpt>
      <trkpt lat="42.4357400" lon="12.8753700"></trkpt>
      <trkpt lat="42.4358100" lon="12.8753900"></trkpt>
      <trkpt lat="42.4358500" lon="12.8753900"></trkpt>
      <trkpt lat="42.4358900" lon="12.8753900"></trkpt>
      <trkpt lat="42.4359200" lon="12.8753800"></trkpt>
      <trkpt lat="42.4359600" lon="12.8753500"></trkpt>
      <trkpt lat="42.4360000" lon="12.8753100"></trkpt>
      <trkpt lat="42.4360300" lon="12.8752500"></trkpt>
      <trkpt lat="42.4360500" lon="12.8752200"></trkpt>
      <trkpt lat="42.4360700" lon="12.8751900"></trkpt>
      <trkpt lat="42.4363200" lon="12.8749000"></trkpt>
      <trkpt lat="42.4363400" lon="12.8748800"></trkpt>
      <trkpt lat="42.4364200" lon="12.8747900"></trkpt>
      <trkpt lat="42.4364400" lon="12.8747600"></trkpt>
      <trkpt lat="42.4364700" lon="12.8747500"></trkpt>
      <trkpt lat="42.4364900" lon="12.8747400"></trkpt>
      <trkpt lat="42.4365100" lon="12.8747500"></trkpt>
      <trkpt lat="42.4365300" lon="12.8747500"></trkpt>
    </trkseg>
  </trk>
</gpx>
