<?xml version="1.0" encoding="UTF-8"?>
<gpx version="1.1" creator="GPX2Maps" xmlns="http://www.topografix.com/GPX/1/1" xmlns:xsi="http://www.w3.org/2001/XMLSchema-instance" xsi:schemaLocation="http://www.topografix.com/GPX/1/1 http://www.topografix.com/GPX/1/1/gpx.xsd">
  <metadata>
    <name>Terminillo</name>
    <desc>Converted from Google Maps
Distance: 106.6 km
Duration: 145 min
Via: SS4bis</desc>
    <link href="https://gpx2maps.com">
      <text>Created with GPX2Maps</text>
    </link>
    <time>2026-07-22T12:27:24Z</time>
  </metadata>
  <wpt lat="42.3994000" lon="12.8618000">
    <name>Start</name>
    <sym>Flag, Green</sym>
  </wpt>
  <wpt lat="42.3994000" lon="12.8618000">
    <name>End</name>
    <sym>Flag, Red</sym>
  </wpt>
  <trk>
    <name>Terminillo</name>
    <trkseg>
      <trkpt lat="42.3994000" lon="12.8618000"></trkpt>
      <trkpt lat="42.3994400" lon="12.8613100"></trkpt>
      <trkpt lat="42.3994400" lon="12.8612900"></trkpt>
      <trkpt lat="42.3994600" lon="12.8609700"></trkpt>
      <trkpt lat="42.3994700" lon="12.8607700"></trkpt>
      <trkpt lat="42.3993500" lon="12.8607800"></trkpt>
      <trkpt lat="42.3992600" lon="12.8612000"></trkpt>
      <trkpt lat="42.3992300" lon="12.8614000"></trkpt>
      <trkpt lat="42.3991900" lon="12.8616700"></trkpt>
      <trkpt lat="42.3991700" lon="12.8617600"></trkpt>
      <trkpt lat="42.3991600" lon="12.8618600"></trkpt>
      <trkpt lat="42.3991200" lon="12.8620900"></trkpt>
      <trkpt lat="42.3990900" lon="12.8622300"></trkpt>
      <trkpt lat="42.3990800" lon="12.8622900"></trkpt>
      <trkpt lat="42.3990700" lon="12.8623600"></trkpt>
      <trkpt lat="42.3990600" lon="12.8623900"></trkpt>
      <trkpt lat="42.3990500" lon="12.8624000"></trkpt>
      <trkpt lat="42.3990500" lon="12.8624100"></trkpt>
      <trkpt lat="42.3990300" lon="12.8624300"></trkpt>
      <trkpt lat="42.3990400" lon="12.8625400"></trkpt>
      <trkpt lat="42.3990500" lon="12.8625900"></trkpt>
      <trkpt lat="42.3990100" lon="12.8632000"></trkpt>
      <trkpt lat="42.3989500" lon="12.8642500"></trkpt>
      <trkpt lat="42.3989200" lon="12.8647300"></trkpt>
      <trkpt lat="42.3989100" lon="12.8648400"></trkpt>
      <trkpt lat="42.3989100" lon="12.8649400"></trkpt>
      <trkpt lat="42.3989100" lon="12.8650200"></trkpt>
      <trkpt lat="42.3989200" lon="12.8650900"></trkpt>
      <trkpt lat="42.3989300" lon="12.8651800"></trkpt>
      <trkpt lat="42.3989500" lon="12.8652300"></trkpt>
      <trkpt lat="42.3989700" lon="12.8652800"></trkpt>
      <trkpt lat="42.3989800" lon="12.8653200"></trkpt>
      <trkpt lat="42.3990000" lon="12.8653500"></trkpt>
      <trkpt lat="42.3990400" lon="12.8654300"></trkpt>
      <trkpt lat="42.3990300" lon="12.8654300"></trkpt>
      <trkpt lat="42.3990200" lon="12.8654400"></trkpt>
      <trkpt lat="42.3990200" lon="12.8654500"></trkpt>
      <trkpt lat="42.3990100" lon="12.8654500"></trkpt>
      <trkpt lat="42.3990100" lon="12.8654600"></trkpt>
      <trkpt lat="42.3990100" lon="12.8654700"></trkpt>
      <trkpt lat="42.3990100" lon="12.8654800"></trkpt>
      <trkpt lat="42.3990100" lon="12.8654900"></trkpt>
      <trkpt lat="42.3990100" lon="12.8655000"></trkpt>
      <trkpt lat="42.3990200" lon="12.8655100"></trkpt>
      <trkpt lat="42.3990200" lon="12.8655200"></trkpt>
      <trkpt lat="42.3990300" lon="12.8655200"></trkpt>
      <trkpt lat="42.3990400" lon="12.8655300"></trkpt>
      <trkpt lat="42.3990500" lon="12.8655300"></trkpt>
      <trkpt lat="42.3990600" lon="12.8655200"></trkpt>
      <trkpt lat="42.3990700" lon="12.8655200"></trkpt>
      <trkpt lat="42.3990700" lon="12.8655100"></trkpt>
      <trkpt lat="42.3990800" lon="12.8655100"></trkpt>
      <trkpt lat="42.3990800" lon="12.8655000"></trkpt>
      <trkpt lat="42.3990800" lon="12.8654900"></trkpt>
      <trkpt lat="42.3991400" lon="12.8655400"></trkpt>
      <trkpt lat="42.3992600" lon="12.8656400"></trkpt>
      <trkpt lat="42.3993500" lon="12.8657000"></trkpt>
      <trkpt lat="42.3995000" lon="12.8658000"></trkpt>
      <trkpt lat="42.3996400" lon="12.8658500"></trkpt>
      <trkpt lat="42.3997600" lon="12.8658500"></trkpt>
      <trkpt lat="42.3998400" lon="12.8658400"></trkpt>
      <trkpt lat="42.4001000" lon="12.8657900"></trkpt>
      <trkpt lat="42.4002100" lon="12.8657700"></trkpt>
      <trkpt lat="42.4002600" lon="12.8657600"></trkpt>
      <trkpt lat="42.4003600" lon="12.8657500"></trkpt>
      <trkpt lat="42.4004100" lon="12.8657500"></trkpt>
      <trkpt lat="42.4004500" lon="12.8657600"></trkpt>
      <trkpt lat="42.4004800" lon="12.8657600"></trkpt>
      <trkpt lat="42.4005000" lon="12.8657700"></trkpt>
      <trkpt lat="42.4005100" lon="12.8657700"></trkpt>
      <trkpt lat="42.4005300" lon="12.8657800"></trkpt>
      <trkpt lat="42.4005400" lon="12.8657800"></trkpt>
      <trkpt lat="42.4005500" lon="12.8657900"></trkpt>
      <trkpt lat="42.4005800" lon="12.8658100"></trkpt>
      <trkpt lat="42.4006100" lon="12.8658300"></trkpt>
      <trkpt lat="42.4006500" lon="12.8658700"></trkpt>
      <trkpt lat="42.4007400" lon="12.8659700"></trkpt>
      <trkpt lat="42.4007800" lon="12.8660100"></trkpt>
      <trkpt lat="42.4008200" lon="12.8660600"></trkpt>
      <trkpt lat="42.4010200" lon="12.8662900"></trkpt>
      <trkpt lat="42.4012100" lon="12.8665600"></trkpt>
      <trkpt lat="42.4013500" lon="12.8667900"></trkpt>
      <trkpt lat="42.4015000" lon="12.8670800"></trkpt>
      <trkpt lat="42.4016800" lon="12.8674400"></trkpt>
      <trkpt lat="42.4019500" lon="12.8679800"></trkpt>
      <trkpt lat="42.4019900" lon="12.8680600"></trkpt>
      <trkpt lat="42.4020100" lon="12.8681000"></trkpt>
      <trkpt lat="42.4020300" lon="12.8681400"></trkpt>
      <trkpt lat="42.4020400" lon="12.8681800"></trkpt>
      <trkpt lat="42.4020500" lon="12.8682100"></trkpt>
      <trkpt lat="42.4020600" lon="12.8682600"></trkpt>
      <trkpt lat="42.4020600" lon="12.8682900"></trkpt>
      <trkpt lat="42.4020700" lon="12.8683300"></trkpt>
      <trkpt lat="42.4020700" lon="12.8683700"></trkpt>
      <trkpt lat="42.4020700" lon="12.8684100"></trkpt>
      <trkpt lat="42.4020700" lon="12.8684600"></trkpt>
      <trkpt lat="42.4020700" lon="12.8685000"></trkpt>
      <trkpt lat="42.4020600" lon="12.8685400"></trkpt>
      <trkpt lat="42.4020500" lon="12.8686300"></trkpt>
      <trkpt lat="42.4020400" lon="12.8687100"></trkpt>
      <trkpt lat="42.4020300" lon="12.8687900"></trkpt>
      <trkpt lat="42.4020100" lon="12.8688800"></trkpt>
      <trkpt lat="42.4019800" lon="12.8690100"></trkpt>
      <trkpt lat="42.4019500" lon="12.8691400"></trkpt>
      <trkpt lat="42.4019300" lon="12.8692100"></trkpt>
      <trkpt lat="42.4019000" lon="12.8693300"></trkpt>
      <trkpt lat="42.4018700" lon="12.8694500"></trkpt>
      <trkpt lat="42.4018400" lon="12.8695600"></trkpt>
      <trkpt lat="42.4018300" lon="12.8695900"></trkpt>
      <trkpt lat="42.4018200" lon="12.8696100"></trkpt>
      <trkpt lat="42.4018000" lon="12.8696500"></trkpt>
      <trkpt lat="42.4017500" lon="12.8697400"></trkpt>
      <trkpt lat="42.4017000" lon="12.8698500"></trkpt>
      <trkpt lat="42.4016900" lon="12.8698900"></trkpt>
      <trkpt lat="42.4016800" lon="12.8699200"></trkpt>
      <trkpt lat="42.4016700" lon="12.8699500"></trkpt>
      <trkpt lat="42.4016600" lon="12.8699900"></trkpt>
      <trkpt lat="42.4016500" lon="12.8700600"></trkpt>
      <trkpt lat="42.4017000" lon="12.8703100"></trkpt>
      <trkpt lat="42.4017200" lon="12.8703600"></trkpt>
      <trkpt lat="42.4017500" lon="12.8704700"></trkpt>
      <trkpt lat="42.4017600" lon="12.8704900"></trkpt>
      <trkpt lat="42.4020300" lon="12.8708200"></trkpt>
      <trkpt lat="42.4021700" lon="12.8709800"></trkpt>
      <trkpt lat="42.4024200" lon="12.8712600"></trkpt>
      <trkpt lat="42.4027500" lon="12.8716300"></trkpt>
      <trkpt lat="42.4028000" lon="12.8716900"></trkpt>
      <trkpt lat="42.4028400" lon="12.8717300"></trkpt>
      <trkpt lat="42.4028800" lon="12.8717600"></trkpt>
      <trkpt lat="42.4029200" lon="12.8717900"></trkpt>
      <trkpt lat="42.4029900" lon="12.8718400"></trkpt>
      <trkpt lat="42.4030800" lon="12.8718600"></trkpt>
      <trkpt lat="42.4031200" lon="12.8718700"></trkpt>
      <trkpt lat="42.4031400" lon="12.8718700"></trkpt>
      <trkpt lat="42.4031600" lon="12.8718700"></trkpt>
      <trkpt lat="42.4032000" lon="12.8718800"></trkpt>
      <trkpt lat="42.4032600" lon="12.8718700"></trkpt>
      <trkpt lat="42.4033100" lon="12.8718700"></trkpt>
      <trkpt lat="42.4038500" lon="12.8717600"></trkpt>
      <trkpt lat="42.4041000" lon="12.8717100"></trkpt>
      <trkpt lat="42.4041900" lon="12.8716900"></trkpt>
      <trkpt lat="42.4042500" lon="12.8716800"></trkpt>
      <trkpt lat="42.4044500" lon="12.8716500"></trkpt>
      <trkpt lat="42.4047700" lon="12.8716100"></trkpt>
      <trkpt lat="42.4048000" lon="12.8716100"></trkpt>
      <trkpt lat="42.4049600" lon="12.8715500"></trkpt>
      <trkpt lat="42.4049900" lon="12.8717500"></trkpt>
      <trkpt lat="42.4049900" lon="12.8718200"></trkpt>
      <trkpt lat="42.4050700" lon="12.8722500"></trkpt>
      <trkpt lat="42.4051500" lon="12.8727500"></trkpt>
      <trkpt lat="42.4052800" lon="12.8735500"></trkpt>
      <trkpt lat="42.4053200" lon="12.8738400"></trkpt>
      <trkpt lat="42.4053700" lon="12.8741000"></trkpt>
      <trkpt lat="42.4054100" lon="12.8743300"></trkpt>
      <trkpt lat="42.4055000" lon="12.8749300"></trkpt>
      <trkpt lat="42.4056700" lon="12.8759200"></trkpt>
      <trkpt lat="42.4057600" lon="12.8763900"></trkpt>
      <trkpt lat="42.4058100" lon="12.8767000"></trkpt>
      <trkpt lat="42.4058200" lon="12.8767500"></trkpt>
      <trkpt lat="42.4058300" lon="12.8770200"></trkpt>
      <trkpt lat="42.4058400" lon="12.8772400"></trkpt>
      <trkpt lat="42.4058400" lon="12.8774200"></trkpt>
      <trkpt lat="42.4058700" lon="12.8781600"></trkpt>
      <trkpt lat="42.4058700" lon="12.8785800"></trkpt>
      <trkpt lat="42.4060600" lon="12.8786700"></trkpt>
      <trkpt lat="42.4061400" lon="12.8787200"></trkpt>
      <trkpt lat="42.4063500" lon="12.8789600"></trkpt>
      <trkpt lat="42.4064200" lon="12.8790400"></trkpt>
      <trkpt lat="42.4069100" lon="12.8796500"></trkpt>
      <trkpt lat="42.4069900" lon="12.8797700"></trkpt>
      <trkpt lat="42.4071900" lon="12.8800500"></trkpt>
      <trkpt lat="42.4072300" lon="12.8801000"></trkpt>
      <trkpt lat="42.4072900" lon="12.8801800"></trkpt>
      <trkpt lat="42.4079400" lon="12.8809800"></trkpt>
      <trkpt lat="42.4089000" lon="12.8821800"></trkpt>
      <trkpt lat="42.4091300" lon="12.8824600"></trkpt>
      <trkpt lat="42.4095900" lon="12.8830400"></trkpt>
      <trkpt lat="42.4100400" lon="12.8836200"></trkpt>
      <trkpt lat="42.4103000" lon="12.8840100"></trkpt>
      <trkpt lat="42.4103700" lon="12.8840900"></trkpt>
      <trkpt lat="42.4104400" lon="12.8841600"></trkpt>
      <trkpt lat="42.4105700" lon="12.8843000"></trkpt>
      <trkpt lat="42.4108500" lon="12.8846300"></trkpt>
      <trkpt lat="42.4110200" lon="12.8848500"></trkpt>
      <trkpt lat="42.4112300" lon="12.8850900"></trkpt>
      <trkpt lat="42.4114200" lon="12.8853200"></trkpt>
      <trkpt lat="42.4119300" lon="12.8859500"></trkpt>
      <trkpt lat="42.4119700" lon="12.8859900"></trkpt>
      <trkpt lat="42.4120900" lon="12.8861400"></trkpt>
      <trkpt lat="42.4121000" lon="12.8861500"></trkpt>
      <trkpt lat="42.4121300" lon="12.8861800"></trkpt>
      <trkpt lat="42.4121800" lon="12.8862400"></trkpt>
      <trkpt lat="42.4122100" lon="12.8862800"></trkpt>
      <trkpt lat="42.4122600" lon="12.8863500"></trkpt>
      <trkpt lat="42.4125700" lon="12.8867400"></trkpt>
      <trkpt lat="42.4132000" lon="12.8875500"></trkpt>
      <trkpt lat="42.4133200" lon="12.8877100"></trkpt>
      <trkpt lat="42.4135300" lon="12.8879500"></trkpt>
      <trkpt lat="42.4136700" lon="12.8881400"></trkpt>
      <trkpt lat="42.4137400" lon="12.8882200"></trkpt>
      <trkpt lat="42.4139000" lon="12.8884200"></trkpt>
      <trkpt lat="42.4149200" lon="12.8897000"></trkpt>
      <trkpt lat="42.4155800" lon="12.8905400"></trkpt>
      <trkpt lat="42.4158100" lon="12.8908300"></trkpt>
      <trkpt lat="42.4159400" lon="12.8910000"></trkpt>
      <trkpt lat="42.4160000" lon="12.8910700"></trkpt>
      <trkpt lat="42.4162700" lon="12.8914000"></trkpt>
      <trkpt lat="42.4172100" lon="12.8925500"></trkpt>
      <trkpt lat="42.4180000" lon="12.8935500"></trkpt>
      <trkpt lat="42.4187500" lon="12.8945000"></trkpt>
      <trkpt lat="42.4193100" lon="12.8952000"></trkpt>
      <trkpt lat="42.4193500" lon="12.8952600"></trkpt>
      <trkpt lat="42.4195500" lon="12.8955200"></trkpt>
      <trkpt lat="42.4197900" lon="12.8958100"></trkpt>
      <trkpt lat="42.4202300" lon="12.8963600"></trkpt>
      <trkpt lat="42.4204200" lon="12.8966300"></trkpt>
      <trkpt lat="42.4205300" lon="12.8967600"></trkpt>
      <trkpt lat="42.4205500" lon="12.8968000"></trkpt>
      <trkpt lat="42.4206900" lon="12.8969700"></trkpt>
      <trkpt lat="42.4210600" lon="12.8974300"></trkpt>
      <trkpt lat="42.4214900" lon="12.8979600"></trkpt>
      <trkpt lat="42.4221500" lon="12.8987800"></trkpt>
      <trkpt lat="42.4227200" lon="12.8995400"></trkpt>
      <trkpt lat="42.4231300" lon="12.9001300"></trkpt>
      <trkpt lat="42.4232600" lon="12.9003100"></trkpt>
      <trkpt lat="42.4236300" lon="12.9008400"></trkpt>
      <trkpt lat="42.4239400" lon="12.9013000"></trkpt>
      <trkpt lat="42.4241800" lon="12.9016600"></trkpt>
      <trkpt lat="42.4246600" lon="12.9023900"></trkpt>
      <trkpt lat="42.4247700" lon="12.9025700"></trkpt>
      <trkpt lat="42.4248900" lon="12.9027500"></trkpt>
      <trkpt lat="42.4252500" lon="12.9033000"></trkpt>
      <trkpt lat="42.4252900" lon="12.9033600"></trkpt>
      <trkpt lat="42.4253400" lon="12.9034400"></trkpt>
      <trkpt lat="42.4256500" lon="12.9038900"></trkpt>
      <trkpt lat="42.4256600" lon="12.9039000"></trkpt>
      <trkpt lat="42.4258000" lon="12.9040200"></trkpt>
      <trkpt lat="42.4259100" lon="12.9041200"></trkpt>
      <trkpt lat="42.4259700" lon="12.9041700"></trkpt>
      <trkpt lat="42.4267800" lon="12.9047800"></trkpt>
      <trkpt lat="42.4270400" lon="12.9049800"></trkpt>
      <trkpt lat="42.4272800" lon="12.9051800"></trkpt>
      <trkpt lat="42.4275400" lon="12.9053600"></trkpt>
      <trkpt lat="42.4277200" lon="12.9055000"></trkpt>
      <trkpt lat="42.4285400" lon="12.9061400"></trkpt>
      <trkpt lat="42.4286100" lon="12.9062100"></trkpt>
      <trkpt lat="42.4290000" lon="12.9064700"></trkpt>
      <trkpt lat="42.4291400" lon="12.9065700"></trkpt>
      <trkpt lat="42.4293600" lon="12.9067400"></trkpt>
      <trkpt lat="42.4302400" lon="12.9074300"></trkpt>
      <trkpt lat="42.4305600" lon="12.9076800"></trkpt>
      <trkpt lat="42.4307600" lon="12.9078400"></trkpt>
      <trkpt lat="42.4307900" lon="12.9078600"></trkpt>
      <trkpt lat="42.4312100" lon="12.9081900"></trkpt>
      <trkpt lat="42.4316100" lon="12.9084900"></trkpt>
      <trkpt lat="42.4319600" lon="12.9087500"></trkpt>
      <trkpt lat="42.4323100" lon="12.9090200"></trkpt>
      <trkpt lat="42.4323800" lon="12.9090800"></trkpt>
      <trkpt lat="42.4326200" lon="12.9092500"></trkpt>
      <trkpt lat="42.4327800" lon="12.9093700"></trkpt>
      <trkpt lat="42.4333400" lon="12.9098300"></trkpt>
      <trkpt lat="42.4343200" lon="12.9105500"></trkpt>
      <trkpt lat="42.4345800" lon="12.9107500"></trkpt>
      <trkpt lat="42.4346200" lon="12.9107700"></trkpt>
      <trkpt lat="42.4346600" lon="12.9108000"></trkpt>
      <trkpt lat="42.4349000" lon="12.9109700"></trkpt>
      <trkpt lat="42.4349400" lon="12.9110000"></trkpt>
      <trkpt lat="42.4351000" lon="12.9111100"></trkpt>
      <trkpt lat="42.4351000" lon="12.9111200"></trkpt>
      <trkpt lat="42.4351000" lon="12.9111300"></trkpt>
      <trkpt lat="42.4351000" lon="12.9111400"></trkpt>
      <trkpt lat="42.4351000" lon="12.9111500"></trkpt>
      <trkpt lat="42.4351000" lon="12.9111600"></trkpt>
      <trkpt lat="42.4351000" lon="12.9111700"></trkpt>
      <trkpt lat="42.4351100" lon="12.9111700"></trkpt>
      <trkpt lat="42.4351100" lon="12.9111800"></trkpt>
      <trkpt lat="42.4351100" lon="12.9111900"></trkpt>
      <trkpt lat="42.4351200" lon="12.9111900"></trkpt>
      <trkpt lat="42.4351200" lon="12.9112000"></trkpt>
      <trkpt lat="42.4351300" lon="12.9112000"></trkpt>
      <trkpt lat="42.4351300" lon="12.9112100"></trkpt>
      <trkpt lat="42.4351400" lon="12.9112100"></trkpt>
      <trkpt lat="42.4351500" lon="12.9112100"></trkpt>
      <trkpt lat="42.4351600" lon="12.9112100"></trkpt>
      <trkpt lat="42.4351700" lon="12.9112100"></trkpt>
      <trkpt lat="42.4351700" lon="12.9112000"></trkpt>
      <trkpt lat="42.4351800" lon="12.9112000"></trkpt>
      <trkpt lat="42.4351800" lon="12.9111900"></trkpt>
      <trkpt lat="42.4351900" lon="12.9111900"></trkpt>
      <trkpt lat="42.4351900" lon="12.9111800"></trkpt>
      <trkpt lat="42.4351900" lon="12.9111700"></trkpt>
      <trkpt lat="42.4354300" lon="12.9112700"></trkpt>
      <trkpt lat="42.4354800" lon="12.9113000"></trkpt>
      <trkpt lat="42.4357100" lon="12.9114000"></trkpt>
      <trkpt lat="42.4360400" lon="12.9115900"></trkpt>
      <trkpt lat="42.4361500" lon="12.9116800"></trkpt>
      <trkpt lat="42.4368700" lon="12.9122800"></trkpt>
      <trkpt lat="42.4371100" lon="12.9125200"></trkpt>
      <trkpt lat="42.4371500" lon="12.9125600"></trkpt>
      <trkpt lat="42.4372300" lon="12.9126300"></trkpt>
      <trkpt lat="42.4374200" lon="12.9128000"></trkpt>
      <trkpt lat="42.4376800" lon="12.9130300"></trkpt>
      <trkpt lat="42.4377700" lon="12.9131100"></trkpt>
      <trkpt lat="42.4380100" lon="12.9133100"></trkpt>
      <trkpt lat="42.4382400" lon="12.9135000"></trkpt>
      <trkpt lat="42.4385900" lon="12.9137000"></trkpt>
      <trkpt lat="42.4389300" lon="12.9138000"></trkpt>
      <trkpt lat="42.4389800" lon="12.9138200"></trkpt>
      <trkpt lat="42.4392500" lon="12.9138700"></trkpt>
      <trkpt lat="42.4395000" lon="12.9139100"></trkpt>
      <trkpt lat="42.4396800" lon="12.9139400"></trkpt>
      <trkpt lat="42.4397300" lon="12.9139500"></trkpt>
      <trkpt lat="42.4399100" lon="12.9139700"></trkpt>
      <trkpt lat="42.4405500" lon="12.9141000"></trkpt>
      <trkpt lat="42.4411700" lon="12.9141700"></trkpt>
      <trkpt lat="42.4412500" lon="12.9141800"></trkpt>
      <trkpt lat="42.4413000" lon="12.9141900"></trkpt>
      <trkpt lat="42.4413400" lon="12.9142000"></trkpt>
      <trkpt lat="42.4416100" lon="12.9142500"></trkpt>
      <trkpt lat="42.4416800" lon="12.9142700"></trkpt>
      <trkpt lat="42.4417400" lon="12.9142800"></trkpt>
      <trkpt lat="42.4421200" lon="12.9144800"></trkpt>
      <trkpt lat="42.4422800" lon="12.9146000"></trkpt>
      <trkpt lat="42.4425300" lon="12.9148000"></trkpt>
      <trkpt lat="42.4427600" lon="12.9149700"></trkpt>
      <trkpt lat="42.4428700" lon="12.9150600"></trkpt>
      <trkpt lat="42.4429600" lon="12.9151400"></trkpt>
      <trkpt lat="42.4430000" lon="12.9151800"></trkpt>
      <trkpt lat="42.4430800" lon="12.9152500"></trkpt>
      <trkpt lat="42.4433300" lon="12.9154900"></trkpt>
      <trkpt lat="42.4436000" lon="12.9157500"></trkpt>
      <trkpt lat="42.4437400" lon="12.9158400"></trkpt>
      <trkpt lat="42.4437900" lon="12.9158600"></trkpt>
      <trkpt lat="42.4438800" lon="12.9158900"></trkpt>
      <trkpt lat="42.4440400" lon="12.9159300"></trkpt>
      <trkpt lat="42.4443400" lon="12.9160200"></trkpt>
      <trkpt lat="42.4447400" lon="12.9161900"></trkpt>
      <trkpt lat="42.4451700" lon="12.9165000"></trkpt>
      <trkpt lat="42.4458300" lon="12.9169800"></trkpt>
      <trkpt lat="42.4459500" lon="12.9170600"></trkpt>
      <trkpt lat="42.4462000" lon="12.9172200"></trkpt>
      <trkpt lat="42.4464100" lon="12.9173600"></trkpt>
      <trkpt lat="42.4465500" lon="12.9174500"></trkpt>
      <trkpt lat="42.4466000" lon="12.9174600"></trkpt>
      <trkpt lat="42.4467300" lon="12.9175000"></trkpt>
      <trkpt lat="42.4467800" lon="12.9175100"></trkpt>
      <trkpt lat="42.4470500" lon="12.9175500"></trkpt>
      <trkpt lat="42.4476600" lon="12.9176700"></trkpt>
      <trkpt lat="42.4482000" lon="12.9177600"></trkpt>
      <trkpt lat="42.4483800" lon="12.9178000"></trkpt>
      <trkpt lat="42.4485000" lon="12.9178300"></trkpt>
      <trkpt lat="42.4485100" lon="12.9178400"></trkpt>
      <trkpt lat="42.4486100" lon="12.9178600"></trkpt>
      <trkpt lat="42.4488500" lon="12.9179400"></trkpt>
      <trkpt lat="42.4489200" lon="12.9179600"></trkpt>
      <trkpt lat="42.4489800" lon="12.9179700"></trkpt>
      <trkpt lat="42.4491000" lon="12.9180000"></trkpt>
      <trkpt lat="42.4493600" lon="12.9180700"></trkpt>
      <trkpt lat="42.4494000" lon="12.9180700"></trkpt>
      <trkpt lat="42.4494500" lon="12.9180700"></trkpt>
      <trkpt lat="42.4495500" lon="12.9180300"></trkpt>
      <trkpt lat="42.4496100" lon="12.9179900"></trkpt>
      <trkpt lat="42.4497500" lon="12.9178500"></trkpt>
      <trkpt lat="42.4501800" lon="12.9174700"></trkpt>
      <trkpt lat="42.4502300" lon="12.9174300"></trkpt>
      <trkpt lat="42.4505900" lon="12.9171800"></trkpt>
      <trkpt lat="42.4507600" lon="12.9170900"></trkpt>
      <trkpt lat="42.4508600" lon="12.9170600"></trkpt>
      <trkpt lat="42.4509900" lon="12.9170100"></trkpt>
      <trkpt lat="42.4510100" lon="12.9170000"></trkpt>
      <trkpt lat="42.4513100" lon="12.9168900"></trkpt>
      <trkpt lat="42.4515100" lon="12.9168300"></trkpt>
      <trkpt lat="42.4517700" lon="12.9168200"></trkpt>
      <trkpt lat="42.4518700" lon="12.9168200"></trkpt>
      <trkpt lat="42.4519200" lon="12.9168300"></trkpt>
      <trkpt lat="42.4520500" lon="12.9168600"></trkpt>
      <trkpt lat="42.4526400" lon="12.9170300"></trkpt>
      <trkpt lat="42.4527500" lon="12.9170400"></trkpt>
      <trkpt lat="42.4528200" lon="12.9170300"></trkpt>
      <trkpt lat="42.4529200" lon="12.9170000"></trkpt>
      <trkpt lat="42.4530400" lon="12.9169400"></trkpt>
      <trkpt lat="42.4531100" lon="12.9169300"></trkpt>
      <trkpt lat="42.4531500" lon="12.9169200"></trkpt>
      <trkpt lat="42.4532500" lon="12.9169300"></trkpt>
      <trkpt lat="42.4532900" lon="12.9169400"></trkpt>
      <trkpt lat="42.4533400" lon="12.9169500"></trkpt>
      <trkpt lat="42.4534900" lon="12.9169900"></trkpt>
      <trkpt lat="42.4535900" lon="12.9170300"></trkpt>
      <trkpt lat="42.4536300" lon="12.9170400"></trkpt>
      <trkpt lat="42.4536700" lon="12.9170400"></trkpt>
      <trkpt lat="42.4537200" lon="12.9170200"></trkpt>
      <trkpt lat="42.4537600" lon="12.9169800"></trkpt>
      <trkpt lat="42.4538000" lon="12.9169200"></trkpt>
      <trkpt lat="42.4538400" lon="12.9168500"></trkpt>
      <trkpt lat="42.4539200" lon="12.9167100"></trkpt>
      <trkpt lat="42.4539800" lon="12.9166600"></trkpt>
      <trkpt lat="42.4540500" lon="12.9166200"></trkpt>
      <trkpt lat="42.4541200" lon="12.9166000"></trkpt>
      <trkpt lat="42.4542200" lon="12.9165900"></trkpt>
      <trkpt lat="42.4542300" lon="12.9165900"></trkpt>
      <trkpt lat="42.4544100" lon="12.9166000"></trkpt>
      <trkpt lat="42.4549000" lon="12.9166300"></trkpt>
      <trkpt lat="42.4549500" lon="12.9166400"></trkpt>
      <trkpt lat="42.4553100" lon="12.9166800"></trkpt>
      <trkpt lat="42.4554600" lon="12.9167000"></trkpt>
      <trkpt lat="42.4559500" lon="12.9167800"></trkpt>
      <trkpt lat="42.4560700" lon="12.9167800"></trkpt>
      <trkpt lat="42.4561800" lon="12.9167800"></trkpt>
      <trkpt lat="42.4563300" lon="12.9167200"></trkpt>
      <trkpt lat="42.4563700" lon="12.9167000"></trkpt>
      <trkpt lat="42.4564500" lon="12.9166600"></trkpt>
      <trkpt lat="42.4565400" lon="12.9166300"></trkpt>
      <trkpt lat="42.4566200" lon="12.9166200"></trkpt>
      <trkpt lat="42.4566800" lon="12.9166300"></trkpt>
      <trkpt lat="42.4567200" lon="12.9166500"></trkpt>
      <trkpt lat="42.4567600" lon="12.9166700"></trkpt>
      <trkpt lat="42.4568300" lon="12.9167300"></trkpt>
      <trkpt lat="42.4568700" lon="12.9167700"></trkpt>
      <trkpt lat="42.4570400" lon="12.9169600"></trkpt>
      <trkpt lat="42.4571200" lon="12.9170300"></trkpt>
      <trkpt lat="42.4571700" lon="12.9170600"></trkpt>
      <trkpt lat="42.4572300" lon="12.9170800"></trkpt>
      <trkpt lat="42.4573900" lon="12.9171300"></trkpt>
      <trkpt lat="42.4577100" lon="12.9171700"></trkpt>
      <trkpt lat="42.4579200" lon="12.9171900"></trkpt>
      <trkpt lat="42.4580600" lon="12.9172100"></trkpt>
      <trkpt lat="42.4581200" lon="12.9172100"></trkpt>
      <trkpt lat="42.4582300" lon="12.9172100"></trkpt>
      <trkpt lat="42.4582300" lon="12.9172000"></trkpt>
      <trkpt lat="42.4584100" lon="12.9171200"></trkpt>
      <trkpt lat="42.4589600" lon="12.9169400"></trkpt>
      <trkpt lat="42.4590600" lon="12.9169100"></trkpt>
      <trkpt lat="42.4591800" lon="12.9169000"></trkpt>
      <trkpt lat="42.4592800" lon="12.9169200"></trkpt>
      <trkpt lat="42.4593100" lon="12.9169300"></trkpt>
      <trkpt lat="42.4594200" lon="12.9170000"></trkpt>
      <trkpt lat="42.4594400" lon="12.9170200"></trkpt>
      <trkpt lat="42.4595600" lon="12.9171100"></trkpt>
      <trkpt lat="42.4600600" lon="12.9175400"></trkpt>
      <trkpt lat="42.4602100" lon="12.9176700"></trkpt>
      <trkpt lat="42.4602400" lon="12.9176900"></trkpt>
      <trkpt lat="42.4603400" lon="12.9177700"></trkpt>
      <trkpt lat="42.4604200" lon="12.9178100"></trkpt>
      <trkpt lat="42.4605000" lon="12.9178300"></trkpt>
      <trkpt lat="42.4605400" lon="12.9178400"></trkpt>
      <trkpt lat="42.4605800" lon="12.9178400"></trkpt>
      <trkpt lat="42.4609300" lon="12.9178500"></trkpt>
      <trkpt lat="42.4612500" lon="12.9178700"></trkpt>
      <trkpt lat="42.4615800" lon="12.9179100"></trkpt>
      <trkpt lat="42.4616200" lon="12.9179300"></trkpt>
      <trkpt lat="42.4617900" lon="12.9179700"></trkpt>
      <trkpt lat="42.4618700" lon="12.9179900"></trkpt>
      <trkpt lat="42.4619700" lon="12.9180300"></trkpt>
      <trkpt lat="42.4620400" lon="12.9180500"></trkpt>
      <trkpt lat="42.4621700" lon="12.9181100"></trkpt>
      <trkpt lat="42.4622700" lon="12.9181800"></trkpt>
      <trkpt lat="42.4623000" lon="12.9182000"></trkpt>
      <trkpt lat="42.4623900" lon="12.9182900"></trkpt>
      <trkpt lat="42.4624400" lon="12.9183500"></trkpt>
      <trkpt lat="42.4625800" lon="12.9185100"></trkpt>
      <trkpt lat="42.4626700" lon="12.9186100"></trkpt>
      <trkpt lat="42.4629800" lon="12.9190000"></trkpt>
      <trkpt lat="42.4630700" lon="12.9191100"></trkpt>
      <trkpt lat="42.4633900" lon="12.9194700"></trkpt>
      <trkpt lat="42.4634200" lon="12.9195000"></trkpt>
      <trkpt lat="42.4635400" lon="12.9196100"></trkpt>
      <trkpt lat="42.4635700" lon="12.9196400"></trkpt>
      <trkpt lat="42.4636900" lon="12.9197400"></trkpt>
      <trkpt lat="42.4638000" lon="12.9198400"></trkpt>
      <trkpt lat="42.4643800" lon="12.9202300"></trkpt>
      <trkpt lat="42.4646600" lon="12.9204100"></trkpt>
      <trkpt lat="42.4653200" lon="12.9208900"></trkpt>
      <trkpt lat="42.4654400" lon="12.9209800"></trkpt>
      <trkpt lat="42.4655000" lon="12.9210200"></trkpt>
      <trkpt lat="42.4656000" lon="12.9211200"></trkpt>
      <trkpt lat="42.4657100" lon="12.9212600"></trkpt>
      <trkpt lat="42.4661100" lon="12.9219300"></trkpt>
      <trkpt lat="42.4661800" lon="12.9220400"></trkpt>
      <trkpt lat="42.4662900" lon="12.9222300"></trkpt>
      <trkpt lat="42.4663000" lon="12.9222400"></trkpt>
      <trkpt lat="42.4664000" lon="12.9223600"></trkpt>
      <trkpt lat="42.4664300" lon="12.9223900"></trkpt>
      <trkpt lat="42.4665400" lon="12.9224800"></trkpt>
      <trkpt lat="42.4665900" lon="12.9225100"></trkpt>
      <trkpt lat="42.4666900" lon="12.9225700"></trkpt>
      <trkpt lat="42.4669100" lon="12.9226600"></trkpt>
      <trkpt lat="42.4671400" lon="12.9227200"></trkpt>
      <trkpt lat="42.4672800" lon="12.9227400"></trkpt>
      <trkpt lat="42.4674300" lon="12.9227600"></trkpt>
      <trkpt lat="42.4674600" lon="12.9227700"></trkpt>
      <trkpt lat="42.4676000" lon="12.9228000"></trkpt>
      <trkpt lat="42.4676900" lon="12.9228300"></trkpt>
      <trkpt lat="42.4678300" lon="12.9229100"></trkpt>
      <trkpt lat="42.4679300" lon="12.9229900"></trkpt>
      <trkpt lat="42.4679600" lon="12.9230100"></trkpt>
      <trkpt lat="42.4680300" lon="12.9230600"></trkpt>
      <trkpt lat="42.4681100" lon="12.9231500"></trkpt>
      <trkpt lat="42.4681500" lon="12.9231900"></trkpt>
      <trkpt lat="42.4682300" lon="12.9233200"></trkpt>
      <trkpt lat="42.4683100" lon="12.9234600"></trkpt>
      <trkpt lat="42.4684000" lon="12.9236700"></trkpt>
      <trkpt lat="42.4684900" lon="12.9238900"></trkpt>
      <trkpt lat="42.4687400" lon="12.9246100"></trkpt>
      <trkpt lat="42.4687700" lon="12.9246800"></trkpt>
      <trkpt lat="42.4688400" lon="12.9248200"></trkpt>
      <trkpt lat="42.4688900" lon="12.9249100"></trkpt>
      <trkpt lat="42.4689900" lon="12.9250300"></trkpt>
      <trkpt lat="42.4690800" lon="12.9250900"></trkpt>
      <trkpt lat="42.4691600" lon="12.9251200"></trkpt>
      <trkpt lat="42.4693000" lon="12.9251500"></trkpt>
      <trkpt lat="42.4694000" lon="12.9251800"></trkpt>
      <trkpt lat="42.4694700" lon="12.9252000"></trkpt>
      <trkpt lat="42.4695100" lon="12.9252100"></trkpt>
      <trkpt lat="42.4696400" lon="12.9252700"></trkpt>
      <trkpt lat="42.4697700" lon="12.9253800"></trkpt>
      <trkpt lat="42.4697900" lon="12.9254000"></trkpt>
      <trkpt lat="42.4698700" lon="12.9255000"></trkpt>
      <trkpt lat="42.4699300" lon="12.9255600"></trkpt>
      <trkpt lat="42.4700600" lon="12.9257300"></trkpt>
      <trkpt lat="42.4702000" lon="12.9258900"></trkpt>
      <trkpt lat="42.4703800" lon="12.9261200"></trkpt>
      <trkpt lat="42.4704500" lon="12.9262200"></trkpt>
      <trkpt lat="42.4704900" lon="12.9263000"></trkpt>
      <trkpt lat="42.4705000" lon="12.9263800"></trkpt>
      <trkpt lat="42.4704900" lon="12.9264500"></trkpt>
      <trkpt lat="42.4704900" lon="12.9265000"></trkpt>
      <trkpt lat="42.4704800" lon="12.9265200"></trkpt>
      <trkpt lat="42.4704500" lon="12.9265800"></trkpt>
      <trkpt lat="42.4704200" lon="12.9266300"></trkpt>
      <trkpt lat="42.4703900" lon="12.9266400"></trkpt>
      <trkpt lat="42.4703400" lon="12.9266400"></trkpt>
      <trkpt lat="42.4702800" lon="12.9266300"></trkpt>
      <trkpt lat="42.4702200" lon="12.9265700"></trkpt>
      <trkpt lat="42.4701200" lon="12.9264700"></trkpt>
      <trkpt lat="42.4697800" lon="12.9260900"></trkpt>
      <trkpt lat="42.4697600" lon="12.9260700"></trkpt>
      <trkpt lat="42.4696100" lon="12.9259400"></trkpt>
      <trkpt lat="42.4694800" lon="12.9258800"></trkpt>
      <trkpt lat="42.4694400" lon="12.9258700"></trkpt>
      <trkpt lat="42.4693700" lon="12.9258500"></trkpt>
      <trkpt lat="42.4692700" lon="12.9258300"></trkpt>
      <trkpt lat="42.4692600" lon="12.9258300"></trkpt>
      <trkpt lat="42.4691100" lon="12.9258300"></trkpt>
      <trkpt lat="42.4687300" lon="12.9258900"></trkpt>
      <trkpt lat="42.4686300" lon="12.9258800"></trkpt>
      <trkpt lat="42.4685300" lon="12.9258400"></trkpt>
      <trkpt lat="42.4683800" lon="12.9257600"></trkpt>
      <trkpt lat="42.4683200" lon="12.9257200"></trkpt>
      <trkpt lat="42.4682400" lon="12.9256500"></trkpt>
      <trkpt lat="42.4681400" lon="12.9255600"></trkpt>
      <trkpt lat="42.4680600" lon="12.9254600"></trkpt>
      <trkpt lat="42.4679400" lon="12.9252500"></trkpt>
      <trkpt lat="42.4678600" lon="12.9251000"></trkpt>
      <trkpt lat="42.4677900" lon="12.9249700"></trkpt>
      <trkpt lat="42.4676800" lon="12.9247700"></trkpt>
      <trkpt lat="42.4676100" lon="12.9246600"></trkpt>
      <trkpt lat="42.4675100" lon="12.9245800"></trkpt>
      <trkpt lat="42.4674000" lon="12.9245100"></trkpt>
      <trkpt lat="42.4673400" lon="12.9244800"></trkpt>
      <trkpt lat="42.4672600" lon="12.9244500"></trkpt>
      <trkpt lat="42.4671600" lon="12.9244200"></trkpt>
      <trkpt lat="42.4670300" lon="12.9243800"></trkpt>
      <trkpt lat="42.4669300" lon="12.9243800"></trkpt>
      <trkpt lat="42.4666100" lon="12.9244500"></trkpt>
      <trkpt lat="42.4663900" lon="12.9245000"></trkpt>
      <trkpt lat="42.4662600" lon="12.9245200"></trkpt>
      <trkpt lat="42.4661100" lon="12.9245300"></trkpt>
      <trkpt lat="42.4659000" lon="12.9245300"></trkpt>
      <trkpt lat="42.4656200" lon="12.9245100"></trkpt>
      <trkpt lat="42.4654100" lon="12.9244900"></trkpt>
      <trkpt lat="42.4652300" lon="12.9245000"></trkpt>
      <trkpt lat="42.4651100" lon="12.9245300"></trkpt>
      <trkpt lat="42.4650200" lon="12.9245600"></trkpt>
      <trkpt lat="42.4648600" lon="12.9246100"></trkpt>
      <trkpt lat="42.4648500" lon="12.9246200"></trkpt>
      <trkpt lat="42.4646800" lon="12.9246900"></trkpt>
      <trkpt lat="42.4646100" lon="12.9247100"></trkpt>
      <trkpt lat="42.4645400" lon="12.9247300"></trkpt>
      <trkpt lat="42.4644600" lon="12.9247300"></trkpt>
      <trkpt lat="42.4643600" lon="12.9247200"></trkpt>
      <trkpt lat="42.4642700" lon="12.9246700"></trkpt>
      <trkpt lat="42.4640300" lon="12.9245500"></trkpt>
      <trkpt lat="42.4639800" lon="12.9245300"></trkpt>
      <trkpt lat="42.4636900" lon="12.9244100"></trkpt>
      <trkpt lat="42.4633600" lon="12.9242800"></trkpt>
      <trkpt lat="42.4630400" lon="12.9241700"></trkpt>
      <trkpt lat="42.4629200" lon="12.9241400"></trkpt>
      <trkpt lat="42.4628200" lon="12.9241400"></trkpt>
      <trkpt lat="42.4627100" lon="12.9241500"></trkpt>
      <trkpt lat="42.4625400" lon="12.9242100"></trkpt>
      <trkpt lat="42.4624400" lon="12.9242200"></trkpt>
      <trkpt lat="42.4624100" lon="12.9242200"></trkpt>
      <trkpt lat="42.4623300" lon="12.9242200"></trkpt>
      <trkpt lat="42.4622100" lon="12.9242100"></trkpt>
      <trkpt lat="42.4621500" lon="12.9241900"></trkpt>
      <trkpt lat="42.4620900" lon="12.9241400"></trkpt>
      <trkpt lat="42.4619400" lon="12.9239400"></trkpt>
      <trkpt lat="42.4619200" lon="12.9239200"></trkpt>
      <trkpt lat="42.4618200" lon="12.9237600"></trkpt>
      <trkpt lat="42.4617000" lon="12.9235700"></trkpt>
      <trkpt lat="42.4615900" lon="12.9233900"></trkpt>
      <trkpt lat="42.4614700" lon="12.9232000"></trkpt>
      <trkpt lat="42.4613700" lon="12.9230400"></trkpt>
      <trkpt lat="42.4613600" lon="12.9230100"></trkpt>
      <trkpt lat="42.4612500" lon="12.9228200"></trkpt>
      <trkpt lat="42.4612000" lon="12.9227200"></trkpt>
      <trkpt lat="42.4610600" lon="12.9224300"></trkpt>
      <trkpt lat="42.4610500" lon="12.9224100"></trkpt>
      <trkpt lat="42.4610200" lon="12.9223800"></trkpt>
      <trkpt lat="42.4610000" lon="12.9223600"></trkpt>
      <trkpt lat="42.4609700" lon="12.9223600"></trkpt>
      <trkpt lat="42.4609300" lon="12.9223600"></trkpt>
      <trkpt lat="42.4608900" lon="12.9223800"></trkpt>
      <trkpt lat="42.4608600" lon="12.9224000"></trkpt>
      <trkpt lat="42.4608300" lon="12.9224300"></trkpt>
      <trkpt lat="42.4608200" lon="12.9224700"></trkpt>
      <trkpt lat="42.4608100" lon="12.9225200"></trkpt>
      <trkpt lat="42.4608000" lon="12.9225700"></trkpt>
      <trkpt lat="42.4608000" lon="12.9225900"></trkpt>
      <trkpt lat="42.4608000" lon="12.9226200"></trkpt>
      <trkpt lat="42.4608200" lon="12.9227000"></trkpt>
      <trkpt lat="42.4608700" lon="12.9227800"></trkpt>
      <trkpt lat="42.4608800" lon="12.9228000"></trkpt>
      <trkpt lat="42.4610100" lon="12.9229800"></trkpt>
      <trkpt lat="42.4611300" lon="12.9231600"></trkpt>
      <trkpt lat="42.4611900" lon="12.9232400"></trkpt>
      <trkpt lat="42.4612500" lon="12.9233400"></trkpt>
      <trkpt lat="42.4613100" lon="12.9234300"></trkpt>
      <trkpt lat="42.4613700" lon="12.9235200"></trkpt>
      <trkpt lat="42.4613900" lon="12.9235600"></trkpt>
      <trkpt lat="42.4614700" lon="12.9237200"></trkpt>
      <trkpt lat="42.4615300" lon="12.9238700"></trkpt>
      <trkpt lat="42.4615400" lon="12.9239400"></trkpt>
      <trkpt lat="42.4615600" lon="12.9240100"></trkpt>
      <trkpt lat="42.4615800" lon="12.9241600"></trkpt>
      <trkpt lat="42.4615800" lon="12.9241800"></trkpt>
      <trkpt lat="42.4616000" lon="12.9243600"></trkpt>
      <trkpt lat="42.4616100" lon="12.9244200"></trkpt>
      <trkpt lat="42.4616300" lon="12.9244900"></trkpt>
      <trkpt lat="42.4616700" lon="12.9246000"></trkpt>
      <trkpt lat="42.4617300" lon="12.9246800"></trkpt>
      <trkpt lat="42.4618000" lon="12.9247400"></trkpt>
      <trkpt lat="42.4618400" lon="12.9247600"></trkpt>
      <trkpt lat="42.4619500" lon="12.9248200"></trkpt>
      <trkpt lat="42.4620100" lon="12.9248500"></trkpt>
      <trkpt lat="42.4620900" lon="12.9248800"></trkpt>
      <trkpt lat="42.4621900" lon="12.9249000"></trkpt>
      <trkpt lat="42.4622400" lon="12.9249100"></trkpt>
      <trkpt lat="42.4623600" lon="12.9249500"></trkpt>
      <trkpt lat="42.4625100" lon="12.9250000"></trkpt>
      <trkpt lat="42.4625400" lon="12.9250200"></trkpt>
      <trkpt lat="42.4626800" lon="12.9251000"></trkpt>
      <trkpt lat="42.4627000" lon="12.9251200"></trkpt>
      <trkpt lat="42.4628400" lon="12.9252200"></trkpt>
      <trkpt lat="42.4628600" lon="12.9252400"></trkpt>
      <trkpt lat="42.4630100" lon="12.9253700"></trkpt>
      <trkpt lat="42.4630700" lon="12.9254300"></trkpt>
      <trkpt lat="42.4631500" lon="12.9255200"></trkpt>
      <trkpt lat="42.4632200" lon="12.9256000"></trkpt>
      <trkpt lat="42.4632800" lon="12.9256900"></trkpt>
      <trkpt lat="42.4633500" lon="12.9258000"></trkpt>
      <trkpt lat="42.4634800" lon="12.9260900"></trkpt>
      <trkpt lat="42.4635900" lon="12.9262900"></trkpt>
      <trkpt lat="42.4636500" lon="12.9264000"></trkpt>
      <trkpt lat="42.4637000" lon="12.9264800"></trkpt>
      <trkpt lat="42.4637400" lon="12.9265400"></trkpt>
      <trkpt lat="42.4638300" lon="12.9266400"></trkpt>
      <trkpt lat="42.4639400" lon="12.9267300"></trkpt>
      <trkpt lat="42.4639900" lon="12.9267600"></trkpt>
      <trkpt lat="42.4640400" lon="12.9267800"></trkpt>
      <trkpt lat="42.4641600" lon="12.9268100"></trkpt>
      <trkpt lat="42.4643000" lon="12.9268300"></trkpt>
      <trkpt lat="42.4643400" lon="12.9268200"></trkpt>
      <trkpt lat="42.4645000" lon="12.9268200"></trkpt>
      <trkpt lat="42.4647000" lon="12.9267800"></trkpt>
      <trkpt lat="42.4647100" lon="12.9267800"></trkpt>
      <trkpt lat="42.4648800" lon="12.9267100"></trkpt>
      <trkpt lat="42.4649200" lon="12.9267000"></trkpt>
      <trkpt lat="42.4650500" lon="12.9266600"></trkpt>
      <trkpt lat="42.4650700" lon="12.9266500"></trkpt>
      <trkpt lat="42.4652000" lon="12.9266400"></trkpt>
      <trkpt lat="42.4652300" lon="12.9266400"></trkpt>
      <trkpt lat="42.4653000" lon="12.9266400"></trkpt>
      <trkpt lat="42.4654100" lon="12.9266700"></trkpt>
      <trkpt lat="42.4654400" lon="12.9266700"></trkpt>
      <trkpt lat="42.4655600" lon="12.9267200"></trkpt>
      <trkpt lat="42.4655800" lon="12.9267300"></trkpt>
      <trkpt lat="42.4657400" lon="12.9267900"></trkpt>
      <trkpt lat="42.4657500" lon="12.9267900"></trkpt>
      <trkpt lat="42.4658600" lon="12.9268500"></trkpt>
      <trkpt lat="42.4659200" lon="12.9268800"></trkpt>
      <trkpt lat="42.4659600" lon="12.9269100"></trkpt>
      <trkpt lat="42.4660800" lon="12.9270100"></trkpt>
      <trkpt lat="42.4661300" lon="12.9270500"></trkpt>
      <trkpt lat="42.4662200" lon="12.9271600"></trkpt>
      <trkpt lat="42.4662300" lon="12.9271800"></trkpt>
      <trkpt lat="42.4663400" lon="12.9273300"></trkpt>
      <trkpt lat="42.4663500" lon="12.9273400"></trkpt>
      <trkpt lat="42.4664500" lon="12.9275300"></trkpt>
      <trkpt lat="42.4664700" lon="12.9275700"></trkpt>
      <trkpt lat="42.4665400" lon="12.9277400"></trkpt>
      <trkpt lat="42.4665900" lon="12.9278400"></trkpt>
      <trkpt lat="42.4666400" lon="12.9279400"></trkpt>
      <trkpt lat="42.4667300" lon="12.9281500"></trkpt>
      <trkpt lat="42.4668300" lon="12.9283600"></trkpt>
      <trkpt lat="42.4669300" lon="12.9285600"></trkpt>
      <trkpt lat="42.4670200" lon="12.9287700"></trkpt>
      <trkpt lat="42.4672100" lon="12.9291800"></trkpt>
      <trkpt lat="42.4672800" lon="12.9293300"></trkpt>
      <trkpt lat="42.4673100" lon="12.9293900"></trkpt>
      <trkpt lat="42.4674100" lon="12.9295900"></trkpt>
      <trkpt lat="42.4674300" lon="12.9296200"></trkpt>
      <trkpt lat="42.4675200" lon="12.9297500"></trkpt>
      <trkpt lat="42.4675300" lon="12.9297600"></trkpt>
      <trkpt lat="42.4676200" lon="12.9298200"></trkpt>
      <trkpt lat="42.4677000" lon="12.9298500"></trkpt>
      <trkpt lat="42.4678200" lon="12.9299000"></trkpt>
      <trkpt lat="42.4678700" lon="12.9299200"></trkpt>
      <trkpt lat="42.4680200" lon="12.9299600"></trkpt>
      <trkpt lat="42.4680500" lon="12.9299700"></trkpt>
      <trkpt lat="42.4681700" lon="12.9300300"></trkpt>
      <trkpt lat="42.4682200" lon="12.9300600"></trkpt>
      <trkpt lat="42.4683800" lon="12.9301600"></trkpt>
      <trkpt lat="42.4685400" lon="12.9302500"></trkpt>
      <trkpt lat="42.4685500" lon="12.9302600"></trkpt>
      <trkpt lat="42.4687100" lon="12.9303700"></trkpt>
      <trkpt lat="42.4687500" lon="12.9304000"></trkpt>
      <trkpt lat="42.4688600" lon="12.9304900"></trkpt>
      <trkpt lat="42.4688700" lon="12.9305000"></trkpt>
      <trkpt lat="42.4690100" lon="12.9306300"></trkpt>
      <trkpt lat="42.4690200" lon="12.9306500"></trkpt>
      <trkpt lat="42.4691400" lon="12.9308000"></trkpt>
      <trkpt lat="42.4692700" lon="12.9309600"></trkpt>
      <trkpt lat="42.4693500" lon="12.9310700"></trkpt>
      <trkpt lat="42.4694000" lon="12.9311300"></trkpt>
      <trkpt lat="42.4696500" lon="12.9314800"></trkpt>
      <trkpt lat="42.4697800" lon="12.9316600"></trkpt>
      <trkpt lat="42.4700300" lon="12.9320100"></trkpt>
      <trkpt lat="42.4701000" lon="12.9321000"></trkpt>
      <trkpt lat="42.4701500" lon="12.9321900"></trkpt>
      <trkpt lat="42.4702500" lon="12.9323900"></trkpt>
      <trkpt lat="42.4702900" lon="12.9324600"></trkpt>
      <trkpt lat="42.4703500" lon="12.9325900"></trkpt>
      <trkpt lat="42.4704400" lon="12.9327800"></trkpt>
      <trkpt lat="42.4704400" lon="12.9328000"></trkpt>
      <trkpt lat="42.4705600" lon="12.9331200"></trkpt>
      <trkpt lat="42.4706700" lon="12.9334700"></trkpt>
      <trkpt lat="42.4707500" lon="12.9336800"></trkpt>
      <trkpt lat="42.4707700" lon="12.9337200"></trkpt>
      <trkpt lat="42.4708300" lon="12.9339000"></trkpt>
      <trkpt lat="42.4708300" lon="12.9339100"></trkpt>
      <trkpt lat="42.4709000" lon="12.9341300"></trkpt>
      <trkpt lat="42.4709100" lon="12.9341700"></trkpt>
      <trkpt lat="42.4709700" lon="12.9344900"></trkpt>
      <trkpt lat="42.4709900" lon="12.9346000"></trkpt>
      <trkpt lat="42.4710500" lon="12.9349900"></trkpt>
      <trkpt lat="42.4710800" lon="12.9353200"></trkpt>
      <trkpt lat="42.4711100" lon="12.9355600"></trkpt>
      <trkpt lat="42.4711200" lon="12.9356600"></trkpt>
      <trkpt lat="42.4711200" lon="12.9358000"></trkpt>
      <trkpt lat="42.4711200" lon="12.9358300"></trkpt>
      <trkpt lat="42.4711000" lon="12.9359400"></trkpt>
      <trkpt lat="42.4710700" lon="12.9360300"></trkpt>
      <trkpt lat="42.4710600" lon="12.9360600"></trkpt>
      <trkpt lat="42.4709800" lon="12.9362200"></trkpt>
      <trkpt lat="42.4709700" lon="12.9362400"></trkpt>
      <trkpt lat="42.4708600" lon="12.9364300"></trkpt>
      <trkpt lat="42.4707700" lon="12.9365800"></trkpt>
      <trkpt lat="42.4707400" lon="12.9366100"></trkpt>
      <trkpt lat="42.4706200" lon="12.9367900"></trkpt>
      <trkpt lat="42.4704900" lon="12.9369600"></trkpt>
      <trkpt lat="42.4703800" lon="12.9371200"></trkpt>
      <trkpt lat="42.4703700" lon="12.9371400"></trkpt>
      <trkpt lat="42.4701300" lon="12.9374400"></trkpt>
      <trkpt lat="42.4699700" lon="12.9376300"></trkpt>
      <trkpt lat="42.4697800" lon="12.9378500"></trkpt>
      <trkpt lat="42.4697200" lon="12.9378900"></trkpt>
      <trkpt lat="42.4696800" lon="12.9379200"></trkpt>
      <trkpt lat="42.4696300" lon="12.9379400"></trkpt>
      <trkpt lat="42.4695200" lon="12.9379700"></trkpt>
      <trkpt lat="42.4694200" lon="12.9379900"></trkpt>
      <trkpt lat="42.4693000" lon="12.9379800"></trkpt>
      <trkpt lat="42.4691500" lon="12.9379600"></trkpt>
      <trkpt lat="42.4690700" lon="12.9379500"></trkpt>
      <trkpt lat="42.4690300" lon="12.9379400"></trkpt>
      <trkpt lat="42.4680300" lon="12.9376300"></trkpt>
      <trkpt lat="42.4676100" lon="12.9374800"></trkpt>
      <trkpt lat="42.4672200" lon="12.9373600"></trkpt>
      <trkpt lat="42.4671400" lon="12.9373400"></trkpt>
      <trkpt lat="42.4669600" lon="12.9373100"></trkpt>
      <trkpt lat="42.4665600" lon="12.9372400"></trkpt>
      <trkpt lat="42.4662500" lon="12.9372000"></trkpt>
      <trkpt lat="42.4657100" lon="12.9371400"></trkpt>
      <trkpt lat="42.4657000" lon="12.9371400"></trkpt>
      <trkpt lat="42.4655300" lon="12.9371300"></trkpt>
      <trkpt lat="42.4653600" lon="12.9371200"></trkpt>
      <trkpt lat="42.4647700" lon="12.9371000"></trkpt>
      <trkpt lat="42.4642700" lon="12.9370700"></trkpt>
      <trkpt lat="42.4640900" lon="12.9370600"></trkpt>
      <trkpt lat="42.4635500" lon="12.9370300"></trkpt>
      <trkpt lat="42.4634000" lon="12.9370200"></trkpt>
      <trkpt lat="42.4630800" lon="12.9369900"></trkpt>
      <trkpt lat="42.4629700" lon="12.9369800"></trkpt>
      <trkpt lat="42.4627600" lon="12.9370200"></trkpt>
      <trkpt lat="42.4624700" lon="12.9370700"></trkpt>
      <trkpt lat="42.4623900" lon="12.9370800"></trkpt>
      <trkpt lat="42.4621600" lon="12.9371300"></trkpt>
      <trkpt lat="42.4618700" lon="12.9372300"></trkpt>
      <trkpt lat="42.4617700" lon="12.9372500"></trkpt>
      <trkpt lat="42.4615900" lon="12.9373100"></trkpt>
      <trkpt lat="42.4615800" lon="12.9373200"></trkpt>
      <trkpt lat="42.4614800" lon="12.9373800"></trkpt>
      <trkpt lat="42.4614300" lon="12.9374100"></trkpt>
      <trkpt lat="42.4613500" lon="12.9374700"></trkpt>
      <trkpt lat="42.4612700" lon="12.9375500"></trkpt>
      <trkpt lat="42.4612600" lon="12.9375700"></trkpt>
      <trkpt lat="42.4611900" lon="12.9376500"></trkpt>
      <trkpt lat="42.4611600" lon="12.9377100"></trkpt>
      <trkpt lat="42.4611500" lon="12.9377300"></trkpt>
      <trkpt lat="42.4611300" lon="12.9377500"></trkpt>
      <trkpt lat="42.4610700" lon="12.9378800"></trkpt>
      <trkpt lat="42.4610400" lon="12.9379700"></trkpt>
      <trkpt lat="42.4609900" lon="12.9381400"></trkpt>
      <trkpt lat="42.4609900" lon="12.9381600"></trkpt>
      <trkpt lat="42.4608100" lon="12.9388200"></trkpt>
      <trkpt lat="42.4607300" lon="12.9390400"></trkpt>
      <trkpt lat="42.4606100" lon="12.9392300"></trkpt>
      <trkpt lat="42.4604500" lon="12.9393400"></trkpt>
      <trkpt lat="42.4597400" lon="12.9398500"></trkpt>
      <trkpt lat="42.4596500" lon="12.9398900"></trkpt>
      <trkpt lat="42.4596400" lon="12.9399000"></trkpt>
      <trkpt lat="42.4595700" lon="12.9399000"></trkpt>
      <trkpt lat="42.4594900" lon="12.9398600"></trkpt>
      <trkpt lat="42.4594800" lon="12.9398400"></trkpt>
      <trkpt lat="42.4591800" lon="12.9395800"></trkpt>
      <trkpt lat="42.4591500" lon="12.9395500"></trkpt>
      <trkpt lat="42.4589800" lon="12.9394300"></trkpt>
      <trkpt lat="42.4588000" lon="12.9393100"></trkpt>
      <trkpt lat="42.4585800" lon="12.9392100"></trkpt>
      <trkpt lat="42.4585200" lon="12.9392000"></trkpt>
      <trkpt lat="42.4583400" lon="12.9391600"></trkpt>
      <trkpt lat="42.4580500" lon="12.9391700"></trkpt>
      <trkpt lat="42.4579500" lon="12.9391800"></trkpt>
      <trkpt lat="42.4578800" lon="12.9392000"></trkpt>
      <trkpt lat="42.4578100" lon="12.9392200"></trkpt>
      <trkpt lat="42.4577000" lon="12.9392600"></trkpt>
      <trkpt lat="42.4575300" lon="12.9393100"></trkpt>
      <trkpt lat="42.4572800" lon="12.9394700"></trkpt>
      <trkpt lat="42.4570400" lon="12.9396300"></trkpt>
      <trkpt lat="42.4569800" lon="12.9396800"></trkpt>
      <trkpt lat="42.4569300" lon="12.9397100"></trkpt>
      <trkpt lat="42.4568100" lon="12.9398200"></trkpt>
      <trkpt lat="42.4567600" lon="12.9398900"></trkpt>
      <trkpt lat="42.4567500" lon="12.9399100"></trkpt>
      <trkpt lat="42.4567300" lon="12.9399600"></trkpt>
      <trkpt lat="42.4567200" lon="12.9400400"></trkpt>
      <trkpt lat="42.4567200" lon="12.9401300"></trkpt>
      <trkpt lat="42.4567200" lon="12.9401400"></trkpt>
      <trkpt lat="42.4567500" lon="12.9402300"></trkpt>
      <trkpt lat="42.4567600" lon="12.9402800"></trkpt>
      <trkpt lat="42.4568200" lon="12.9404000"></trkpt>
      <trkpt lat="42.4569000" lon="12.9405000"></trkpt>
      <trkpt lat="42.4571600" lon="12.9407200"></trkpt>
      <trkpt lat="42.4574300" lon="12.9409200"></trkpt>
      <trkpt lat="42.4575700" lon="12.9409700"></trkpt>
      <trkpt lat="42.4576200" lon="12.9409900"></trkpt>
      <trkpt lat="42.4576400" lon="12.9409900"></trkpt>
      <trkpt lat="42.4577500" lon="12.9410000"></trkpt>
      <trkpt lat="42.4579700" lon="12.9410300"></trkpt>
      <trkpt lat="42.4581400" lon="12.9410500"></trkpt>
      <trkpt lat="42.4582100" lon="12.9410900"></trkpt>
      <trkpt lat="42.4582600" lon="12.9411500"></trkpt>
      <trkpt lat="42.4582800" lon="12.9411700"></trkpt>
      <trkpt lat="42.4583000" lon="12.9412300"></trkpt>
      <trkpt lat="42.4583100" lon="12.9412500"></trkpt>
      <trkpt lat="42.4583600" lon="12.9414300"></trkpt>
      <trkpt lat="42.4584000" lon="12.9415900"></trkpt>
      <trkpt lat="42.4583700" lon="12.9419100"></trkpt>
      <trkpt lat="42.4581800" lon="12.9425500"></trkpt>
      <trkpt lat="42.4579400" lon="12.9431700"></trkpt>
      <trkpt lat="42.4578500" lon="12.9433800"></trkpt>
      <trkpt lat="42.4577500" lon="12.9435800"></trkpt>
      <trkpt lat="42.4576100" lon="12.9438400"></trkpt>
      <trkpt lat="42.4575100" lon="12.9441400"></trkpt>
      <trkpt lat="42.4574400" lon="12.9443900"></trkpt>
      <trkpt lat="42.4572100" lon="12.9456400"></trkpt>
      <trkpt lat="42.4571600" lon="12.9458800"></trkpt>
      <trkpt lat="42.4571300" lon="12.9460000"></trkpt>
      <trkpt lat="42.4571000" lon="12.9460800"></trkpt>
      <trkpt lat="42.4571000" lon="12.9460900"></trkpt>
      <trkpt lat="42.4570600" lon="12.9461500"></trkpt>
      <trkpt lat="42.4570100" lon="12.9461900"></trkpt>
      <trkpt lat="42.4569600" lon="12.9462400"></trkpt>
      <trkpt lat="42.4568000" lon="12.9463600"></trkpt>
      <trkpt lat="42.4567300" lon="12.9464200"></trkpt>
      <trkpt lat="42.4566800" lon="12.9464800"></trkpt>
      <trkpt lat="42.4566600" lon="12.9465200"></trkpt>
      <trkpt lat="42.4566500" lon="12.9465400"></trkpt>
      <trkpt lat="42.4566300" lon="12.9466300"></trkpt>
      <trkpt lat="42.4566200" lon="12.9467300"></trkpt>
      <trkpt lat="42.4566300" lon="12.9468400"></trkpt>
      <trkpt lat="42.4566400" lon="12.9469300"></trkpt>
      <trkpt lat="42.4567000" lon="12.9470800"></trkpt>
      <trkpt lat="42.4567600" lon="12.9471900"></trkpt>
      <trkpt lat="42.4568600" lon="12.9473900"></trkpt>
      <trkpt lat="42.4570000" lon="12.9476700"></trkpt>
      <trkpt lat="42.4571100" lon="12.9479100"></trkpt>
      <trkpt lat="42.4571700" lon="12.9481000"></trkpt>
      <trkpt lat="42.4572200" lon="12.9482800"></trkpt>
      <trkpt lat="42.4572900" lon="12.9485900"></trkpt>
      <trkpt lat="42.4573700" lon="12.9489400"></trkpt>
      <trkpt lat="42.4574000" lon="12.9491800"></trkpt>
      <trkpt lat="42.4574100" lon="12.9492000"></trkpt>
      <trkpt lat="42.4574200" lon="12.9493300"></trkpt>
      <trkpt lat="42.4574200" lon="12.9494100"></trkpt>
      <trkpt lat="42.4574100" lon="12.9494900"></trkpt>
      <trkpt lat="42.4573900" lon="12.9495600"></trkpt>
      <trkpt lat="42.4573500" lon="12.9496300"></trkpt>
      <trkpt lat="42.4572900" lon="12.9497000"></trkpt>
      <trkpt lat="42.4572000" lon="12.9497500"></trkpt>
      <trkpt lat="42.4569600" lon="12.9498400"></trkpt>
      <trkpt lat="42.4568500" lon="12.9498900"></trkpt>
      <trkpt lat="42.4566600" lon="12.9499700"></trkpt>
      <trkpt lat="42.4564200" lon="12.9500600"></trkpt>
      <trkpt lat="42.4562800" lon="12.9501500"></trkpt>
      <trkpt lat="42.4561800" lon="12.9502300"></trkpt>
      <trkpt lat="42.4561800" lon="12.9502400"></trkpt>
      <trkpt lat="42.4561200" lon="12.9503000"></trkpt>
      <trkpt lat="42.4560800" lon="12.9503800"></trkpt>
      <trkpt lat="42.4560600" lon="12.9504100"></trkpt>
      <trkpt lat="42.4560200" lon="12.9504700"></trkpt>
      <trkpt lat="42.4559800" lon="12.9505900"></trkpt>
      <trkpt lat="42.4559500" lon="12.9507300"></trkpt>
      <trkpt lat="42.4559300" lon="12.9508600"></trkpt>
      <trkpt lat="42.4559200" lon="12.9510000"></trkpt>
      <trkpt lat="42.4559100" lon="12.9513600"></trkpt>
      <trkpt lat="42.4559100" lon="12.9515800"></trkpt>
      <trkpt lat="42.4559100" lon="12.9516000"></trkpt>
      <trkpt lat="42.4559000" lon="12.9517600"></trkpt>
      <trkpt lat="42.4558900" lon="12.9518400"></trkpt>
      <trkpt lat="42.4558800" lon="12.9519100"></trkpt>
      <trkpt lat="42.4558500" lon="12.9520500"></trkpt>
      <trkpt lat="42.4558400" lon="12.9520700"></trkpt>
      <trkpt lat="42.4558000" lon="12.9521700"></trkpt>
      <trkpt lat="42.4557400" lon="12.9522700"></trkpt>
      <trkpt lat="42.4557300" lon="12.9522800"></trkpt>
      <trkpt lat="42.4556800" lon="12.9523900"></trkpt>
      <trkpt lat="42.4556300" lon="12.9524900"></trkpt>
      <trkpt lat="42.4556100" lon="12.9525500"></trkpt>
      <trkpt lat="42.4556000" lon="12.9526200"></trkpt>
      <trkpt lat="42.4556100" lon="12.9526500"></trkpt>
      <trkpt lat="42.4556100" lon="12.9526800"></trkpt>
      <trkpt lat="42.4556100" lon="12.9527200"></trkpt>
      <trkpt lat="42.4556300" lon="12.9527800"></trkpt>
      <trkpt lat="42.4556500" lon="12.9528100"></trkpt>
      <trkpt lat="42.4556800" lon="12.9528400"></trkpt>
      <trkpt lat="42.4556900" lon="12.9528500"></trkpt>
      <trkpt lat="42.4557200" lon="12.9528700"></trkpt>
      <trkpt lat="42.4557600" lon="12.9528700"></trkpt>
      <trkpt lat="42.4558000" lon="12.9528600"></trkpt>
      <trkpt lat="42.4558300" lon="12.9528500"></trkpt>
      <trkpt lat="42.4558600" lon="12.9528300"></trkpt>
      <trkpt lat="42.4558700" lon="12.9528100"></trkpt>
      <trkpt lat="42.4558800" lon="12.9527900"></trkpt>
      <trkpt lat="42.4559000" lon="12.9527700"></trkpt>
      <trkpt lat="42.4559200" lon="12.9526800"></trkpt>
      <trkpt lat="42.4559300" lon="12.9525700"></trkpt>
      <trkpt lat="42.4559500" lon="12.9523200"></trkpt>
      <trkpt lat="42.4559600" lon="12.9522600"></trkpt>
      <trkpt lat="42.4559800" lon="12.9520800"></trkpt>
      <trkpt lat="42.4559900" lon="12.9519900"></trkpt>
      <trkpt lat="42.4560200" lon="12.9518400"></trkpt>
      <trkpt lat="42.4561100" lon="12.9513700"></trkpt>
      <trkpt lat="42.4561200" lon="12.9513200"></trkpt>
      <trkpt lat="42.4561600" lon="12.9511300"></trkpt>
      <trkpt lat="42.4561700" lon="12.9510800"></trkpt>
      <trkpt lat="42.4562100" lon="12.9509400"></trkpt>
      <trkpt lat="42.4562500" lon="12.9508400"></trkpt>
      <trkpt lat="42.4563100" lon="12.9507400"></trkpt>
      <trkpt lat="42.4563800" lon="12.9506700"></trkpt>
      <trkpt lat="42.4564600" lon="12.9506200"></trkpt>
      <trkpt lat="42.4565400" lon="12.9505800"></trkpt>
      <trkpt lat="42.4566200" lon="12.9505500"></trkpt>
      <trkpt lat="42.4567100" lon="12.9505500"></trkpt>
      <trkpt lat="42.4569900" lon="12.9505600"></trkpt>
      <trkpt lat="42.4573700" lon="12.9506100"></trkpt>
      <trkpt lat="42.4576500" lon="12.9506800"></trkpt>
      <trkpt lat="42.4578200" lon="12.9507400"></trkpt>
      <trkpt lat="42.4579100" lon="12.9507500"></trkpt>
      <trkpt lat="42.4579900" lon="12.9507500"></trkpt>
      <trkpt lat="42.4580600" lon="12.9507100"></trkpt>
      <trkpt lat="42.4581200" lon="12.9506600"></trkpt>
      <trkpt lat="42.4581700" lon="12.9505900"></trkpt>
      <trkpt lat="42.4582000" lon="12.9505200"></trkpt>
      <trkpt lat="42.4582100" lon="12.9505100"></trkpt>
      <trkpt lat="42.4582400" lon="12.9504300"></trkpt>
      <trkpt lat="42.4582700" lon="12.9503400"></trkpt>
      <trkpt lat="42.4582800" lon="12.9503000"></trkpt>
      <trkpt lat="42.4582900" lon="12.9502400"></trkpt>
      <trkpt lat="42.4583200" lon="12.9500700"></trkpt>
      <trkpt lat="42.4583500" lon="12.9498200"></trkpt>
      <trkpt lat="42.4583800" lon="12.9494800"></trkpt>
      <trkpt lat="42.4583800" lon="12.9493400"></trkpt>
      <trkpt lat="42.4583800" lon="12.9486800"></trkpt>
      <trkpt lat="42.4583900" lon="12.9486100"></trkpt>
      <trkpt lat="42.4583900" lon="12.9485700"></trkpt>
      <trkpt lat="42.4584000" lon="12.9485100"></trkpt>
      <trkpt lat="42.4584100" lon="12.9484200"></trkpt>
      <trkpt lat="42.4584400" lon="12.9483200"></trkpt>
      <trkpt lat="42.4584700" lon="12.9482600"></trkpt>
      <trkpt lat="42.4585200" lon="12.9481800"></trkpt>
      <trkpt lat="42.4586200" lon="12.9480600"></trkpt>
      <trkpt lat="42.4587900" lon="12.9479000"></trkpt>
      <trkpt lat="42.4588100" lon="12.9478800"></trkpt>
      <trkpt lat="42.4588900" lon="12.9478000"></trkpt>
      <trkpt lat="42.4589700" lon="12.9477500"></trkpt>
      <trkpt lat="42.4589800" lon="12.9477400"></trkpt>
      <trkpt lat="42.4590500" lon="12.9477000"></trkpt>
      <trkpt lat="42.4591200" lon="12.9476700"></trkpt>
      <trkpt lat="42.4592100" lon="12.9476400"></trkpt>
      <trkpt lat="42.4592900" lon="12.9476200"></trkpt>
      <trkpt lat="42.4593900" lon="12.9476000"></trkpt>
      <trkpt lat="42.4594800" lon="12.9475600"></trkpt>
      <trkpt lat="42.4595700" lon="12.9475000"></trkpt>
      <trkpt lat="42.4596800" lon="12.9474100"></trkpt>
      <trkpt lat="42.4598500" lon="12.9472500"></trkpt>
      <trkpt lat="42.4600600" lon="12.9471100"></trkpt>
      <trkpt lat="42.4603600" lon="12.9469300"></trkpt>
      <trkpt lat="42.4605500" lon="12.9468500"></trkpt>
      <trkpt lat="42.4606600" lon="12.9468200"></trkpt>
      <trkpt lat="42.4607900" lon="12.9468200"></trkpt>
      <trkpt lat="42.4608000" lon="12.9468200"></trkpt>
      <trkpt lat="42.4608600" lon="12.9468400"></trkpt>
      <trkpt lat="42.4609200" lon="12.9468600"></trkpt>
      <trkpt lat="42.4610000" lon="12.9469200"></trkpt>
      <trkpt lat="42.4614400" lon="12.9472500"></trkpt>
      <trkpt lat="42.4615900" lon="12.9473700"></trkpt>
      <trkpt lat="42.4617400" lon="12.9474800"></trkpt>
      <trkpt lat="42.4617500" lon="12.9474800"></trkpt>
      <trkpt lat="42.4618800" lon="12.9475400"></trkpt>
      <trkpt lat="42.4619200" lon="12.9475600"></trkpt>
      <trkpt lat="42.4620500" lon="12.9476000"></trkpt>
      <trkpt lat="42.4620900" lon="12.9476300"></trkpt>
      <trkpt lat="42.4621100" lon="12.9476400"></trkpt>
      <trkpt lat="42.4621500" lon="12.9477000"></trkpt>
      <trkpt lat="42.4621700" lon="12.9477400"></trkpt>
      <trkpt lat="42.4621800" lon="12.9477900"></trkpt>
      <trkpt lat="42.4621800" lon="12.9478500"></trkpt>
      <trkpt lat="42.4621800" lon="12.9479000"></trkpt>
      <trkpt lat="42.4621700" lon="12.9479500"></trkpt>
      <trkpt lat="42.4621400" lon="12.9479800"></trkpt>
      <trkpt lat="42.4621200" lon="12.9479900"></trkpt>
      <trkpt lat="42.4620900" lon="12.9480000"></trkpt>
      <trkpt lat="42.4620600" lon="12.9480000"></trkpt>
      <trkpt lat="42.4620300" lon="12.9479900"></trkpt>
      <trkpt lat="42.4619500" lon="12.9479500"></trkpt>
      <trkpt lat="42.4617000" lon="12.9477100"></trkpt>
      <trkpt lat="42.4615800" lon="12.9476000"></trkpt>
      <trkpt lat="42.4615600" lon="12.9475800"></trkpt>
      <trkpt lat="42.4615500" lon="12.9475700"></trkpt>
      <trkpt lat="42.4614600" lon="12.9475200"></trkpt>
      <trkpt lat="42.4613600" lon="12.9474800"></trkpt>
      <trkpt lat="42.4612100" lon="12.9474400"></trkpt>
      <trkpt lat="42.4611100" lon="12.9474300"></trkpt>
      <trkpt lat="42.4610300" lon="12.9474400"></trkpt>
      <trkpt lat="42.4610000" lon="12.9474400"></trkpt>
      <trkpt lat="42.4609000" lon="12.9474700"></trkpt>
      <trkpt lat="42.4608900" lon="12.9474700"></trkpt>
      <trkpt lat="42.4608500" lon="12.9474900"></trkpt>
      <trkpt lat="42.4608000" lon="12.9475200"></trkpt>
      <trkpt lat="42.4607100" lon="12.9475700"></trkpt>
      <trkpt lat="42.4606100" lon="12.9476600"></trkpt>
      <trkpt lat="42.4605300" lon="12.9477600"></trkpt>
      <trkpt lat="42.4602900" lon="12.9480700"></trkpt>
      <trkpt lat="42.4601700" lon="12.9482600"></trkpt>
      <trkpt lat="42.4601000" lon="12.9483700"></trkpt>
      <trkpt lat="42.4600500" lon="12.9484400"></trkpt>
      <trkpt lat="42.4599600" lon="12.9486000"></trkpt>
      <trkpt lat="42.4599400" lon="12.9486400"></trkpt>
      <trkpt lat="42.4599100" lon="12.9487000"></trkpt>
      <trkpt lat="42.4598300" lon="12.9488400"></trkpt>
      <trkpt lat="42.4597900" lon="12.9489500"></trkpt>
      <trkpt lat="42.4597500" lon="12.9490400"></trkpt>
      <trkpt lat="42.4597300" lon="12.9491300"></trkpt>
      <trkpt lat="42.4597100" lon="12.9492600"></trkpt>
      <trkpt lat="42.4597000" lon="12.9494000"></trkpt>
      <trkpt lat="42.4596900" lon="12.9496600"></trkpt>
      <trkpt lat="42.4596400" lon="12.9507500"></trkpt>
      <trkpt lat="42.4595800" lon="12.9513100"></trkpt>
      <trkpt lat="42.4595600" lon="12.9515200"></trkpt>
      <trkpt lat="42.4595500" lon="12.9516600"></trkpt>
      <trkpt lat="42.4595500" lon="12.9517100"></trkpt>
      <trkpt lat="42.4595400" lon="12.9519300"></trkpt>
      <trkpt lat="42.4595100" lon="12.9522300"></trkpt>
      <trkpt lat="42.4594800" lon="12.9525000"></trkpt>
      <trkpt lat="42.4594400" lon="12.9526900"></trkpt>
      <trkpt lat="42.4594000" lon="12.9527900"></trkpt>
      <trkpt lat="42.4593600" lon="12.9528700"></trkpt>
      <trkpt lat="42.4593500" lon="12.9528800"></trkpt>
      <trkpt lat="42.4593100" lon="12.9529400"></trkpt>
      <trkpt lat="42.4592600" lon="12.9530100"></trkpt>
      <trkpt lat="42.4592500" lon="12.9530200"></trkpt>
      <trkpt lat="42.4592200" lon="12.9530400"></trkpt>
      <trkpt lat="42.4591900" lon="12.9530600"></trkpt>
      <trkpt lat="42.4591400" lon="12.9530900"></trkpt>
      <trkpt lat="42.4590200" lon="12.9531400"></trkpt>
      <trkpt lat="42.4589100" lon="12.9531800"></trkpt>
      <trkpt lat="42.4588200" lon="12.9532100"></trkpt>
      <trkpt lat="42.4587700" lon="12.9532400"></trkpt>
      <trkpt lat="42.4587100" lon="12.9532900"></trkpt>
      <trkpt lat="42.4586700" lon="12.9533300"></trkpt>
      <trkpt lat="42.4586300" lon="12.9534000"></trkpt>
      <trkpt lat="42.4586200" lon="12.9534400"></trkpt>
      <trkpt lat="42.4586000" lon="12.9535100"></trkpt>
      <trkpt lat="42.4585900" lon="12.9535800"></trkpt>
      <trkpt lat="42.4585800" lon="12.9536900"></trkpt>
      <trkpt lat="42.4585800" lon="12.9537700"></trkpt>
      <trkpt lat="42.4585800" lon="12.9539300"></trkpt>
      <trkpt lat="42.4586100" lon="12.9542000"></trkpt>
      <trkpt lat="42.4586300" lon="12.9544200"></trkpt>
      <trkpt lat="42.4586300" lon="12.9544400"></trkpt>
      <trkpt lat="42.4586500" lon="12.9546600"></trkpt>
      <trkpt lat="42.4586500" lon="12.9548200"></trkpt>
      <trkpt lat="42.4586400" lon="12.9549600"></trkpt>
      <trkpt lat="42.4586200" lon="12.9550900"></trkpt>
      <trkpt lat="42.4586000" lon="12.9552000"></trkpt>
      <trkpt lat="42.4585600" lon="12.9552800"></trkpt>
      <trkpt lat="42.4585100" lon="12.9553700"></trkpt>
      <trkpt lat="42.4585000" lon="12.9553800"></trkpt>
      <trkpt lat="42.4584500" lon="12.9554500"></trkpt>
      <trkpt lat="42.4583300" lon="12.9555600"></trkpt>
      <trkpt lat="42.4582500" lon="12.9556200"></trkpt>
      <trkpt lat="42.4582200" lon="12.9556600"></trkpt>
      <trkpt lat="42.4581600" lon="12.9557100"></trkpt>
      <trkpt lat="42.4580900" lon="12.9558100"></trkpt>
      <trkpt lat="42.4580800" lon="12.9558200"></trkpt>
      <trkpt lat="42.4580300" lon="12.9559000"></trkpt>
      <trkpt lat="42.4579900" lon="12.9559700"></trkpt>
      <trkpt lat="42.4579100" lon="12.9561300"></trkpt>
      <trkpt lat="42.4576400" lon="12.9566800"></trkpt>
      <trkpt lat="42.4576200" lon="12.9567300"></trkpt>
      <trkpt lat="42.4575900" lon="12.9567800"></trkpt>
      <trkpt lat="42.4575700" lon="12.9568200"></trkpt>
      <trkpt lat="42.4574800" lon="12.9570100"></trkpt>
      <trkpt lat="42.4573700" lon="12.9572600"></trkpt>
      <trkpt lat="42.4573300" lon="12.9573700"></trkpt>
      <trkpt lat="42.4573100" lon="12.9574700"></trkpt>
      <trkpt lat="42.4572900" lon="12.9576200"></trkpt>
      <trkpt lat="42.4572600" lon="12.9579400"></trkpt>
      <trkpt lat="42.4572400" lon="12.9581400"></trkpt>
      <trkpt lat="42.4572400" lon="12.9581800"></trkpt>
      <trkpt lat="42.4572400" lon="12.9581900"></trkpt>
      <trkpt lat="42.4572300" lon="12.9583800"></trkpt>
      <trkpt lat="42.4571900" lon="12.9590600"></trkpt>
      <trkpt lat="42.4571800" lon="12.9592700"></trkpt>
      <trkpt lat="42.4571300" lon="12.9596800"></trkpt>
      <trkpt lat="42.4571000" lon="12.9598800"></trkpt>
      <trkpt lat="42.4570700" lon="12.9600700"></trkpt>
      <trkpt lat="42.4570000" lon="12.9604200"></trkpt>
      <trkpt lat="42.4567100" lon="12.9614800"></trkpt>
      <trkpt lat="42.4566200" lon="12.9617300"></trkpt>
      <trkpt lat="42.4565500" lon="12.9618900"></trkpt>
      <trkpt lat="42.4564800" lon="12.9620000"></trkpt>
      <trkpt lat="42.4564800" lon="12.9620100"></trkpt>
      <trkpt lat="42.4564000" lon="12.9621100"></trkpt>
      <trkpt lat="42.4563500" lon="12.9621600"></trkpt>
      <trkpt lat="42.4563300" lon="12.9621800"></trkpt>
      <trkpt lat="42.4562300" lon="12.9622500"></trkpt>
      <trkpt lat="42.4560800" lon="12.9623400"></trkpt>
      <trkpt lat="42.4559300" lon="12.9624400"></trkpt>
      <trkpt lat="42.4558700" lon="12.9624900"></trkpt>
      <trkpt lat="42.4558000" lon="12.9625400"></trkpt>
      <trkpt lat="42.4557100" lon="12.9626200"></trkpt>
      <trkpt lat="42.4556400" lon="12.9626900"></trkpt>
      <trkpt lat="42.4554500" lon="12.9629000"></trkpt>
      <trkpt lat="42.4553000" lon="12.9630800"></trkpt>
      <trkpt lat="42.4552600" lon="12.9631300"></trkpt>
      <trkpt lat="42.4551700" lon="12.9632500"></trkpt>
      <trkpt lat="42.4550100" lon="12.9634600"></trkpt>
      <trkpt lat="42.4548300" lon="12.9636900"></trkpt>
      <trkpt lat="42.4546800" lon="12.9639100"></trkpt>
      <trkpt lat="42.4546000" lon="12.9640600"></trkpt>
      <trkpt lat="42.4545400" lon="12.9641700"></trkpt>
      <trkpt lat="42.4545100" lon="12.9642800"></trkpt>
      <trkpt lat="42.4544500" lon="12.9645000"></trkpt>
      <trkpt lat="42.4543900" lon="12.9647200"></trkpt>
      <trkpt lat="42.4543000" lon="12.9649600"></trkpt>
      <trkpt lat="42.4541500" lon="12.9653600"></trkpt>
      <trkpt lat="42.4541100" lon="12.9654900"></trkpt>
      <trkpt lat="42.4540800" lon="12.9656400"></trkpt>
      <trkpt lat="42.4540800" lon="12.9658100"></trkpt>
      <trkpt lat="42.4540900" lon="12.9659500"></trkpt>
      <trkpt lat="42.4541100" lon="12.9660700"></trkpt>
      <trkpt lat="42.4541500" lon="12.9662000"></trkpt>
      <trkpt lat="42.4542300" lon="12.9663800"></trkpt>
      <trkpt lat="42.4544300" lon="12.9667400"></trkpt>
      <trkpt lat="42.4545800" lon="12.9669700"></trkpt>
      <trkpt lat="42.4546700" lon="12.9671300"></trkpt>
      <trkpt lat="42.4547500" lon="12.9672900"></trkpt>
      <trkpt lat="42.4548400" lon="12.9675600"></trkpt>
      <trkpt lat="42.4548900" lon="12.9676900"></trkpt>
      <trkpt lat="42.4549200" lon="12.9678300"></trkpt>
      <trkpt lat="42.4549600" lon="12.9680300"></trkpt>
      <trkpt lat="42.4550400" lon="12.9686000"></trkpt>
      <trkpt lat="42.4550800" lon="12.9687600"></trkpt>
      <trkpt lat="42.4551000" lon="12.9688500"></trkpt>
      <trkpt lat="42.4551500" lon="12.9690200"></trkpt>
      <trkpt lat="42.4551800" lon="12.9691300"></trkpt>
      <trkpt lat="42.4552100" lon="12.9694000"></trkpt>
      <trkpt lat="42.4552100" lon="12.9696700"></trkpt>
      <trkpt lat="42.4552100" lon="12.9698300"></trkpt>
      <trkpt lat="42.4552000" lon="12.9700900"></trkpt>
      <trkpt lat="42.4551900" lon="12.9704500"></trkpt>
      <trkpt lat="42.4551800" lon="12.9707800"></trkpt>
      <trkpt lat="42.4551800" lon="12.9708000"></trkpt>
      <trkpt lat="42.4551800" lon="12.9709600"></trkpt>
      <trkpt lat="42.4551700" lon="12.9710500"></trkpt>
      <trkpt lat="42.4551700" lon="12.9711100"></trkpt>
      <trkpt lat="42.4551400" lon="12.9712300"></trkpt>
      <trkpt lat="42.4551000" lon="12.9713400"></trkpt>
      <trkpt lat="42.4550200" lon="12.9714800"></trkpt>
      <trkpt lat="42.4549300" lon="12.9716000"></trkpt>
      <trkpt lat="42.4548200" lon="12.9717400"></trkpt>
      <trkpt lat="42.4546200" lon="12.9719700"></trkpt>
      <trkpt lat="42.4545800" lon="12.9720100"></trkpt>
      <trkpt lat="42.4544600" lon="12.9721100"></trkpt>
      <trkpt lat="42.4544100" lon="12.9721500"></trkpt>
      <trkpt lat="42.4543400" lon="12.9721700"></trkpt>
      <trkpt lat="42.4543000" lon="12.9721700"></trkpt>
      <trkpt lat="42.4542600" lon="12.9721700"></trkpt>
      <trkpt lat="42.4541700" lon="12.9721400"></trkpt>
      <trkpt lat="42.4540900" lon="12.9721200"></trkpt>
      <trkpt lat="42.4539200" lon="12.9720500"></trkpt>
      <trkpt lat="42.4538000" lon="12.9720200"></trkpt>
      <trkpt lat="42.4537200" lon="12.9720200"></trkpt>
      <trkpt lat="42.4536200" lon="12.9720200"></trkpt>
      <trkpt lat="42.4536000" lon="12.9720200"></trkpt>
      <trkpt lat="42.4534900" lon="12.9720500"></trkpt>
      <trkpt lat="42.4533000" lon="12.9721300"></trkpt>
      <trkpt lat="42.4528300" lon="12.9723300"></trkpt>
      <trkpt lat="42.4527400" lon="12.9723800"></trkpt>
      <trkpt lat="42.4526900" lon="12.9724100"></trkpt>
      <trkpt lat="42.4526100" lon="12.9724600"></trkpt>
      <trkpt lat="42.4525800" lon="12.9724900"></trkpt>
      <trkpt lat="42.4525600" lon="12.9725000"></trkpt>
      <trkpt lat="42.4525200" lon="12.9725500"></trkpt>
      <trkpt lat="42.4524800" lon="12.9726100"></trkpt>
      <trkpt lat="42.4524400" lon="12.9726900"></trkpt>
      <trkpt lat="42.4524200" lon="12.9727600"></trkpt>
      <trkpt lat="42.4524100" lon="12.9728700"></trkpt>
      <trkpt lat="42.4524000" lon="12.9729600"></trkpt>
      <trkpt lat="42.4524100" lon="12.9730500"></trkpt>
      <trkpt lat="42.4524300" lon="12.9731400"></trkpt>
      <trkpt lat="42.4525900" lon="12.9735200"></trkpt>
      <trkpt lat="42.4527200" lon="12.9738700"></trkpt>
      <trkpt lat="42.4528000" lon="12.9741700"></trkpt>
      <trkpt lat="42.4528700" lon="12.9743200"></trkpt>
      <trkpt lat="42.4529100" lon="12.9744200"></trkpt>
      <trkpt lat="42.4530100" lon="12.9745700"></trkpt>
      <trkpt lat="42.4531900" lon="12.9747600"></trkpt>
      <trkpt lat="42.4532600" lon="12.9748500"></trkpt>
      <trkpt lat="42.4533100" lon="12.9749200"></trkpt>
      <trkpt lat="42.4533400" lon="12.9749700"></trkpt>
      <trkpt lat="42.4533600" lon="12.9750100"></trkpt>
      <trkpt lat="42.4533900" lon="12.9750700"></trkpt>
      <trkpt lat="42.4534000" lon="12.9750900"></trkpt>
      <trkpt lat="42.4534400" lon="12.9752200"></trkpt>
      <trkpt lat="42.4534800" lon="12.9753900"></trkpt>
      <trkpt lat="42.4535400" lon="12.9756700"></trkpt>
      <trkpt lat="42.4536000" lon="12.9758500"></trkpt>
      <trkpt lat="42.4536900" lon="12.9761000"></trkpt>
      <trkpt lat="42.4537900" lon="12.9763600"></trkpt>
      <trkpt lat="42.4539200" lon="12.9766000"></trkpt>
      <trkpt lat="42.4539600" lon="12.9766500"></trkpt>
      <trkpt lat="42.4540500" lon="12.9767800"></trkpt>
      <trkpt lat="42.4542100" lon="12.9769700"></trkpt>
      <trkpt lat="42.4543500" lon="12.9771300"></trkpt>
      <trkpt lat="42.4545800" lon="12.9773400"></trkpt>
      <trkpt lat="42.4546200" lon="12.9773800"></trkpt>
      <trkpt lat="42.4546600" lon="12.9774100"></trkpt>
      <trkpt lat="42.4548900" lon="12.9776100"></trkpt>
      <trkpt lat="42.4551500" lon="12.9777600"></trkpt>
      <trkpt lat="42.4552400" lon="12.9778000"></trkpt>
      <trkpt lat="42.4553300" lon="12.9778400"></trkpt>
      <trkpt lat="42.4553400" lon="12.9778300"></trkpt>
      <trkpt lat="42.4559600" lon="12.9779200"></trkpt>
      <trkpt lat="42.4561400" lon="12.9779500"></trkpt>
      <trkpt lat="42.4561600" lon="12.9779500"></trkpt>
      <trkpt lat="42.4563000" lon="12.9780000"></trkpt>
      <trkpt lat="42.4563200" lon="12.9780000"></trkpt>
      <trkpt lat="42.4564100" lon="12.9780400"></trkpt>
      <trkpt lat="42.4564900" lon="12.9780900"></trkpt>
      <trkpt lat="42.4567700" lon="12.9776300"></trkpt>
      <trkpt lat="42.4564900" lon="12.9780900"></trkpt>
      <trkpt lat="42.4565700" lon="12.9781700"></trkpt>
      <trkpt lat="42.4566600" lon="12.9782700"></trkpt>
      <trkpt lat="42.4567000" lon="12.9783300"></trkpt>
      <trkpt lat="42.4567400" lon="12.9784100"></trkpt>
      <trkpt lat="42.4568400" lon="12.9786300"></trkpt>
      <trkpt lat="42.4569500" lon="12.9789100"></trkpt>
      <trkpt lat="42.4569700" lon="12.9789600"></trkpt>
      <trkpt lat="42.4571700" lon="12.9794900"></trkpt>
      <trkpt lat="42.4572000" lon="12.9795500"></trkpt>
      <trkpt lat="42.4572100" lon="12.9796300"></trkpt>
      <trkpt lat="42.4572200" lon="12.9796800"></trkpt>
      <trkpt lat="42.4572200" lon="12.9797500"></trkpt>
      <trkpt lat="42.4572200" lon="12.9798000"></trkpt>
      <trkpt lat="42.4571900" lon="12.9799000"></trkpt>
      <trkpt lat="42.4571700" lon="12.9799500"></trkpt>
      <trkpt lat="42.4571600" lon="12.9799800"></trkpt>
      <trkpt lat="42.4571300" lon="12.9800400"></trkpt>
      <trkpt lat="42.4570600" lon="12.9801400"></trkpt>
      <trkpt lat="42.4568300" lon="12.9805000"></trkpt>
      <trkpt lat="42.4567500" lon="12.9806000"></trkpt>
      <trkpt lat="42.4566900" lon="12.9806500"></trkpt>
      <trkpt lat="42.4566800" lon="12.9806600"></trkpt>
      <trkpt lat="42.4566300" lon="12.9806900"></trkpt>
      <trkpt lat="42.4564900" lon="12.9807700"></trkpt>
      <trkpt lat="42.4564200" lon="12.9808200"></trkpt>
      <trkpt lat="42.4563500" lon="12.9808900"></trkpt>
      <trkpt lat="42.4563100" lon="12.9809500"></trkpt>
      <trkpt lat="42.4562500" lon="12.9810700"></trkpt>
      <trkpt lat="42.4561500" lon="12.9812700"></trkpt>
      <trkpt lat="42.4561300" lon="12.9813200"></trkpt>
      <trkpt lat="42.4560300" lon="12.9814800"></trkpt>
      <trkpt lat="42.4559600" lon="12.9815800"></trkpt>
      <trkpt lat="42.4558800" lon="12.9816500"></trkpt>
      <trkpt lat="42.4558400" lon="12.9816700"></trkpt>
      <trkpt lat="42.4558000" lon="12.9816800"></trkpt>
      <trkpt lat="42.4557400" lon="12.9816700"></trkpt>
      <trkpt lat="42.4553900" lon="12.9815600"></trkpt>
      <trkpt lat="42.4553000" lon="12.9815600"></trkpt>
      <trkpt lat="42.4552500" lon="12.9815700"></trkpt>
      <trkpt lat="42.4552000" lon="12.9815900"></trkpt>
      <trkpt lat="42.4551600" lon="12.9816300"></trkpt>
      <trkpt lat="42.4551200" lon="12.9816800"></trkpt>
      <trkpt lat="42.4551100" lon="12.9817400"></trkpt>
      <trkpt lat="42.4551000" lon="12.9818000"></trkpt>
      <trkpt lat="42.4551000" lon="12.9818300"></trkpt>
      <trkpt lat="42.4551200" lon="12.9819200"></trkpt>
      <trkpt lat="42.4551300" lon="12.9820100"></trkpt>
      <trkpt lat="42.4551400" lon="12.9820400"></trkpt>
      <trkpt lat="42.4551500" lon="12.9821600"></trkpt>
      <trkpt lat="42.4551600" lon="12.9821900"></trkpt>
      <trkpt lat="42.4551600" lon="12.9822700"></trkpt>
      <trkpt lat="42.4551600" lon="12.9823500"></trkpt>
      <trkpt lat="42.4551500" lon="12.9824000"></trkpt>
      <trkpt lat="42.4551500" lon="12.9824300"></trkpt>
      <trkpt lat="42.4551300" lon="12.9825200"></trkpt>
      <trkpt lat="42.4551300" lon="12.9825300"></trkpt>
      <trkpt lat="42.4551100" lon="12.9826100"></trkpt>
      <trkpt lat="42.4551000" lon="12.9826400"></trkpt>
      <trkpt lat="42.4550800" lon="12.9827200"></trkpt>
      <trkpt lat="42.4550700" lon="12.9827500"></trkpt>
      <trkpt lat="42.4550500" lon="12.9827900"></trkpt>
      <trkpt lat="42.4550400" lon="12.9828700"></trkpt>
      <trkpt lat="42.4550200" lon="12.9829600"></trkpt>
      <trkpt lat="42.4550000" lon="12.9830900"></trkpt>
      <trkpt lat="42.4550000" lon="12.9831000"></trkpt>
      <trkpt lat="42.4550000" lon="12.9831800"></trkpt>
      <trkpt lat="42.4550000" lon="12.9831900"></trkpt>
      <trkpt lat="42.4550000" lon="12.9832300"></trkpt>
      <trkpt lat="42.4550000" lon="12.9832900"></trkpt>
      <trkpt lat="42.4550000" lon="12.9833500"></trkpt>
      <trkpt lat="42.4550000" lon="12.9833700"></trkpt>
      <trkpt lat="42.4550100" lon="12.9834600"></trkpt>
      <trkpt lat="42.4550300" lon="12.9836700"></trkpt>
      <trkpt lat="42.4550500" lon="12.9837800"></trkpt>
      <trkpt lat="42.4550800" lon="12.9838900"></trkpt>
      <trkpt lat="42.4551400" lon="12.9840600"></trkpt>
      <trkpt lat="42.4553200" lon="12.9844800"></trkpt>
      <trkpt lat="42.4553700" lon="12.9846400"></trkpt>
      <trkpt lat="42.4553900" lon="12.9847600"></trkpt>
      <trkpt lat="42.4553900" lon="12.9848200"></trkpt>
      <trkpt lat="42.4554000" lon="12.9848600"></trkpt>
      <trkpt lat="42.4553900" lon="12.9849800"></trkpt>
      <trkpt lat="42.4553800" lon="12.9850800"></trkpt>
      <trkpt lat="42.4553700" lon="12.9851700"></trkpt>
      <trkpt lat="42.4553500" lon="12.9852700"></trkpt>
      <trkpt lat="42.4553100" lon="12.9854300"></trkpt>
      <trkpt lat="42.4552500" lon="12.9856000"></trkpt>
      <trkpt lat="42.4551800" lon="12.9857400"></trkpt>
      <trkpt lat="42.4551300" lon="12.9858200"></trkpt>
      <trkpt lat="42.4550800" lon="12.9858900"></trkpt>
      <trkpt lat="42.4549900" lon="12.9859900"></trkpt>
      <trkpt lat="42.4549500" lon="12.9860400"></trkpt>
      <trkpt lat="42.4549200" lon="12.9860700"></trkpt>
      <trkpt lat="42.4548100" lon="12.9861800"></trkpt>
      <trkpt lat="42.4547200" lon="12.9862600"></trkpt>
      <trkpt lat="42.4544900" lon="12.9864400"></trkpt>
      <trkpt lat="42.4544700" lon="12.9864600"></trkpt>
      <trkpt lat="42.4543900" lon="12.9865100"></trkpt>
      <trkpt lat="42.4541300" lon="12.9866900"></trkpt>
      <trkpt lat="42.4538000" lon="12.9868900"></trkpt>
      <trkpt lat="42.4537400" lon="12.9869300"></trkpt>
      <trkpt lat="42.4537000" lon="12.9869600"></trkpt>
      <trkpt lat="42.4536800" lon="12.9869700"></trkpt>
      <trkpt lat="42.4536600" lon="12.9869900"></trkpt>
      <trkpt lat="42.4535700" lon="12.9870500"></trkpt>
      <trkpt lat="42.4532700" lon="12.9872700"></trkpt>
      <trkpt lat="42.4530900" lon="12.9874200"></trkpt>
      <trkpt lat="42.4529800" lon="12.9875100"></trkpt>
      <trkpt lat="42.4527800" lon="12.9875200"></trkpt>
      <trkpt lat="42.4527700" lon="12.9875100"></trkpt>
      <trkpt lat="42.4527600" lon="12.9875000"></trkpt>
      <trkpt lat="42.4527500" lon="12.9875000"></trkpt>
      <trkpt lat="42.4527500" lon="12.9874900"></trkpt>
      <trkpt lat="42.4527400" lon="12.9874800"></trkpt>
      <trkpt lat="42.4527300" lon="12.9874800"></trkpt>
      <trkpt lat="42.4527200" lon="12.9874800"></trkpt>
      <trkpt lat="42.4527100" lon="12.9874700"></trkpt>
      <trkpt lat="42.4527000" lon="12.9874700"></trkpt>
      <trkpt lat="42.4526900" lon="12.9874700"></trkpt>
      <trkpt lat="42.4526800" lon="12.9874600"></trkpt>
      <trkpt lat="42.4526700" lon="12.9874600"></trkpt>
      <trkpt lat="42.4526600" lon="12.9874700"></trkpt>
      <trkpt lat="42.4526500" lon="12.9874700"></trkpt>
      <trkpt lat="42.4526400" lon="12.9874700"></trkpt>
      <trkpt lat="42.4526300" lon="12.9874700"></trkpt>
      <trkpt lat="42.4526200" lon="12.9874800"></trkpt>
      <trkpt lat="42.4526100" lon="12.9874800"></trkpt>
      <trkpt lat="42.4526000" lon="12.9874900"></trkpt>
      <trkpt lat="42.4525900" lon="12.9875000"></trkpt>
      <trkpt lat="42.4525800" lon="12.9875100"></trkpt>
      <trkpt lat="42.4525700" lon="12.9875200"></trkpt>
      <trkpt lat="42.4525600" lon="12.9875300"></trkpt>
      <trkpt lat="42.4525500" lon="12.9875400"></trkpt>
      <trkpt lat="42.4525500" lon="12.9875500"></trkpt>
      <trkpt lat="42.4525400" lon="12.9875600"></trkpt>
      <trkpt lat="42.4525300" lon="12.9875800"></trkpt>
      <trkpt lat="42.4525300" lon="12.9875900"></trkpt>
      <trkpt lat="42.4525200" lon="12.9876000"></trkpt>
      <trkpt lat="42.4525200" lon="12.9876300"></trkpt>
      <trkpt lat="42.4525200" lon="12.9876500"></trkpt>
      <trkpt lat="42.4525200" lon="12.9876600"></trkpt>
      <trkpt lat="42.4525200" lon="12.9876800"></trkpt>
      <trkpt lat="42.4525200" lon="12.9876900"></trkpt>
      <trkpt lat="42.4525200" lon="12.9877100"></trkpt>
      <trkpt lat="42.4525200" lon="12.9877200"></trkpt>
      <trkpt lat="42.4525200" lon="12.9877400"></trkpt>
      <trkpt lat="42.4525200" lon="12.9877500"></trkpt>
      <trkpt lat="42.4525300" lon="12.9877600"></trkpt>
      <trkpt lat="42.4525300" lon="12.9877800"></trkpt>
      <trkpt lat="42.4525400" lon="12.9877900"></trkpt>
      <trkpt lat="42.4525500" lon="12.9878000"></trkpt>
      <trkpt lat="42.4525500" lon="12.9878100"></trkpt>
      <trkpt lat="42.4525600" lon="12.9878200"></trkpt>
      <trkpt lat="42.4525700" lon="12.9878300"></trkpt>
      <trkpt lat="42.4525800" lon="12.9878500"></trkpt>
      <trkpt lat="42.4525900" lon="12.9878500"></trkpt>
      <trkpt lat="42.4526000" lon="12.9878600"></trkpt>
      <trkpt lat="42.4526100" lon="12.9878700"></trkpt>
      <trkpt lat="42.4526200" lon="12.9878800"></trkpt>
      <trkpt lat="42.4526300" lon="12.9878800"></trkpt>
      <trkpt lat="42.4526400" lon="12.9878800"></trkpt>
      <trkpt lat="42.4526500" lon="12.9878900"></trkpt>
      <trkpt lat="42.4526600" lon="12.9878900"></trkpt>
      <trkpt lat="42.4526700" lon="12.9878900"></trkpt>
      <trkpt lat="42.4526800" lon="12.9878900"></trkpt>
      <trkpt lat="42.4526900" lon="12.9878900"></trkpt>
      <trkpt lat="42.4527000" lon="12.9878900"></trkpt>
      <trkpt lat="42.4527100" lon="12.9878800"></trkpt>
      <trkpt lat="42.4527200" lon="12.9878800"></trkpt>
      <trkpt lat="42.4527300" lon="12.9878700"></trkpt>
      <trkpt lat="42.4527400" lon="12.9878700"></trkpt>
      <trkpt lat="42.4528300" lon="12.9881200"></trkpt>
      <trkpt lat="42.4528500" lon="12.9881700"></trkpt>
      <trkpt lat="42.4528600" lon="12.9882100"></trkpt>
      <trkpt lat="42.4529700" lon="12.9884900"></trkpt>
      <trkpt lat="42.4531800" lon="12.9888900"></trkpt>
      <trkpt lat="42.4532000" lon="12.9889100"></trkpt>
      <trkpt lat="42.4532600" lon="12.9889500"></trkpt>
      <trkpt lat="42.4533300" lon="12.9889500"></trkpt>
      <trkpt lat="42.4533600" lon="12.9889400"></trkpt>
      <trkpt lat="42.4534500" lon="12.9889100"></trkpt>
      <trkpt lat="42.4535900" lon="12.9888400"></trkpt>
      <trkpt lat="42.4536200" lon="12.9888400"></trkpt>
      <trkpt lat="42.4536500" lon="12.9888300"></trkpt>
      <trkpt lat="42.4536900" lon="12.9888400"></trkpt>
      <trkpt lat="42.4537200" lon="12.9888400"></trkpt>
      <trkpt lat="42.4537600" lon="12.9888500"></trkpt>
      <trkpt lat="42.4537900" lon="12.9888800"></trkpt>
      <trkpt lat="42.4538000" lon="12.9888900"></trkpt>
      <trkpt lat="42.4539800" lon="12.9890900"></trkpt>
      <trkpt lat="42.4540700" lon="12.9891700"></trkpt>
      <trkpt lat="42.4543100" lon="12.9893300"></trkpt>
      <trkpt lat="42.4545600" lon="12.9894700"></trkpt>
      <trkpt lat="42.4545700" lon="12.9894700"></trkpt>
      <trkpt lat="42.4545900" lon="12.9894800"></trkpt>
      <trkpt lat="42.4546200" lon="12.9894900"></trkpt>
      <trkpt lat="42.4546700" lon="12.9895000"></trkpt>
      <trkpt lat="42.4547100" lon="12.9894900"></trkpt>
      <trkpt lat="42.4551400" lon="12.9893100"></trkpt>
      <trkpt lat="42.4552200" lon="12.9892800"></trkpt>
      <trkpt lat="42.4552600" lon="12.9892700"></trkpt>
      <trkpt lat="42.4553200" lon="12.9892800"></trkpt>
      <trkpt lat="42.4553600" lon="12.9893100"></trkpt>
      <trkpt lat="42.4554100" lon="12.9893600"></trkpt>
      <trkpt lat="42.4554400" lon="12.9894000"></trkpt>
      <trkpt lat="42.4554700" lon="12.9894700"></trkpt>
      <trkpt lat="42.4555000" lon="12.9895700"></trkpt>
      <trkpt lat="42.4555600" lon="12.9897200"></trkpt>
      <trkpt lat="42.4556000" lon="12.9899000"></trkpt>
      <trkpt lat="42.4556400" lon="12.9900400"></trkpt>
      <trkpt lat="42.4556500" lon="12.9901500"></trkpt>
      <trkpt lat="42.4556500" lon="12.9901700"></trkpt>
      <trkpt lat="42.4556500" lon="12.9903800"></trkpt>
      <trkpt lat="42.4556200" lon="12.9906800"></trkpt>
      <trkpt lat="42.4556100" lon="12.9908200"></trkpt>
      <trkpt lat="42.4556200" lon="12.9909500"></trkpt>
      <trkpt lat="42.4556400" lon="12.9910800"></trkpt>
      <trkpt lat="42.4556700" lon="12.9911800"></trkpt>
      <trkpt lat="42.4556700" lon="12.9911900"></trkpt>
      <trkpt lat="42.4557100" lon="12.9912500"></trkpt>
      <trkpt lat="42.4557600" lon="12.9913200"></trkpt>
      <trkpt lat="42.4558100" lon="12.9913800"></trkpt>
      <trkpt lat="42.4559000" lon="12.9914600"></trkpt>
      <trkpt lat="42.4559100" lon="12.9914700"></trkpt>
      <trkpt lat="42.4560200" lon="12.9915400"></trkpt>
      <trkpt lat="42.4561900" lon="12.9915000"></trkpt>
      <trkpt lat="42.4566000" lon="12.9914000"></trkpt>
      <trkpt lat="42.4566500" lon="12.9913800"></trkpt>
      <trkpt lat="42.4567200" lon="12.9913500"></trkpt>
      <trkpt lat="42.4567300" lon="12.9913400"></trkpt>
      <trkpt lat="42.4568000" lon="12.9913000"></trkpt>
      <trkpt lat="42.4568100" lon="12.9913000"></trkpt>
      <trkpt lat="42.4568200" lon="12.9912900"></trkpt>
      <trkpt lat="42.4568800" lon="12.9912500"></trkpt>
      <trkpt lat="42.4569500" lon="12.9912100"></trkpt>
      <trkpt lat="42.4569700" lon="12.9911900"></trkpt>
      <trkpt lat="42.4571500" lon="12.9910400"></trkpt>
      <trkpt lat="42.4571900" lon="12.9909900"></trkpt>
      <trkpt lat="42.4573000" lon="12.9908600"></trkpt>
      <trkpt lat="42.4573200" lon="12.9908300"></trkpt>
      <trkpt lat="42.4573800" lon="12.9907200"></trkpt>
      <trkpt lat="42.4574300" lon="12.9906300"></trkpt>
      <trkpt lat="42.4574900" lon="12.9905200"></trkpt>
      <trkpt lat="42.4575400" lon="12.9904400"></trkpt>
      <trkpt lat="42.4575900" lon="12.9903700"></trkpt>
      <trkpt lat="42.4576000" lon="12.9903600"></trkpt>
      <trkpt lat="42.4577500" lon="12.9902500"></trkpt>
      <trkpt lat="42.4578400" lon="12.9901800"></trkpt>
      <trkpt lat="42.4579700" lon="12.9901000"></trkpt>
      <trkpt lat="42.4580100" lon="12.9900800"></trkpt>
      <trkpt lat="42.4581100" lon="12.9900400"></trkpt>
      <trkpt lat="42.4581800" lon="12.9900200"></trkpt>
      <trkpt lat="42.4582300" lon="12.9900000"></trkpt>
      <trkpt lat="42.4583500" lon="12.9899900"></trkpt>
      <trkpt lat="42.4584300" lon="12.9899800"></trkpt>
      <trkpt lat="42.4585100" lon="12.9899900"></trkpt>
      <trkpt lat="42.4585400" lon="12.9899900"></trkpt>
      <trkpt lat="42.4588100" lon="12.9900500"></trkpt>
      <trkpt lat="42.4588400" lon="12.9900600"></trkpt>
      <trkpt lat="42.4588900" lon="12.9900600"></trkpt>
      <trkpt lat="42.4591600" lon="12.9901000"></trkpt>
      <trkpt lat="42.4595000" lon="12.9901100"></trkpt>
      <trkpt lat="42.4595300" lon="12.9901100"></trkpt>
      <trkpt lat="42.4596100" lon="12.9901000"></trkpt>
      <trkpt lat="42.4597000" lon="12.9901000"></trkpt>
      <trkpt lat="42.4597800" lon="12.9900900"></trkpt>
      <trkpt lat="42.4597900" lon="12.9900900"></trkpt>
      <trkpt lat="42.4598900" lon="12.9900700"></trkpt>
      <trkpt lat="42.4600600" lon="12.9900500"></trkpt>
      <trkpt lat="42.4600700" lon="12.9900500"></trkpt>
      <trkpt lat="42.4601500" lon="12.9900400"></trkpt>
      <trkpt lat="42.4601600" lon="12.9900400"></trkpt>
      <trkpt lat="42.4601900" lon="12.9900500"></trkpt>
      <trkpt lat="42.4602000" lon="12.9900600"></trkpt>
      <trkpt lat="42.4602200" lon="12.9900700"></trkpt>
      <trkpt lat="42.4602300" lon="12.9900700"></trkpt>
      <trkpt lat="42.4602400" lon="12.9900800"></trkpt>
      <trkpt lat="42.4602400" lon="12.9900900"></trkpt>
      <trkpt lat="42.4602500" lon="12.9901100"></trkpt>
      <trkpt lat="42.4602800" lon="12.9901700"></trkpt>
      <trkpt lat="42.4602800" lon="12.9901800"></trkpt>
      <trkpt lat="42.4603200" lon="12.9902900"></trkpt>
      <trkpt lat="42.4603500" lon="12.9904200"></trkpt>
      <trkpt lat="42.4604100" lon="12.9906800"></trkpt>
      <trkpt lat="42.4604600" lon="12.9909100"></trkpt>
      <trkpt lat="42.4605000" lon="12.9910900"></trkpt>
      <trkpt lat="42.4605200" lon="12.9912700"></trkpt>
      <trkpt lat="42.4605400" lon="12.9914500"></trkpt>
      <trkpt lat="42.4605500" lon="12.9917000"></trkpt>
      <trkpt lat="42.4605800" lon="12.9919100"></trkpt>
      <trkpt lat="42.4606000" lon="12.9920700"></trkpt>
      <trkpt lat="42.4606300" lon="12.9922300"></trkpt>
      <trkpt lat="42.4606600" lon="12.9924100"></trkpt>
      <trkpt lat="42.4607000" lon="12.9925600"></trkpt>
      <trkpt lat="42.4607500" lon="12.9927000"></trkpt>
      <trkpt lat="42.4608200" lon="12.9928600"></trkpt>
      <trkpt lat="42.4610100" lon="12.9932500"></trkpt>
      <trkpt lat="42.4610900" lon="12.9934200"></trkpt>
      <trkpt lat="42.4611000" lon="12.9934600"></trkpt>
      <trkpt lat="42.4611100" lon="12.9935100"></trkpt>
      <trkpt lat="42.4611300" lon="12.9936000"></trkpt>
      <trkpt lat="42.4611500" lon="12.9937000"></trkpt>
      <trkpt lat="42.4611500" lon="12.9938800"></trkpt>
      <trkpt lat="42.4611600" lon="12.9939000"></trkpt>
      <trkpt lat="42.4611600" lon="12.9939600"></trkpt>
      <trkpt lat="42.4611600" lon="12.9941200"></trkpt>
      <trkpt lat="42.4611800" lon="12.9944000"></trkpt>
      <trkpt lat="42.4611800" lon="12.9947000"></trkpt>
      <trkpt lat="42.4611900" lon="12.9948500"></trkpt>
      <trkpt lat="42.4611900" lon="12.9948900"></trkpt>
      <trkpt lat="42.4612000" lon="12.9949300"></trkpt>
      <trkpt lat="42.4612100" lon="12.9949800"></trkpt>
      <trkpt lat="42.4612200" lon="12.9950300"></trkpt>
      <trkpt lat="42.4612200" lon="12.9950400"></trkpt>
      <trkpt lat="42.4612700" lon="12.9951000"></trkpt>
      <trkpt lat="42.4612900" lon="12.9951200"></trkpt>
      <trkpt lat="42.4613100" lon="12.9951400"></trkpt>
      <trkpt lat="42.4613700" lon="12.9951700"></trkpt>
      <trkpt lat="42.4614000" lon="12.9951800"></trkpt>
      <trkpt lat="42.4614600" lon="12.9951900"></trkpt>
      <trkpt lat="42.4615300" lon="12.9952100"></trkpt>
      <trkpt lat="42.4616400" lon="12.9952300"></trkpt>
      <trkpt lat="42.4617300" lon="12.9952500"></trkpt>
      <trkpt lat="42.4618300" lon="12.9952800"></trkpt>
      <trkpt lat="42.4621000" lon="12.9953800"></trkpt>
      <trkpt lat="42.4623300" lon="12.9954800"></trkpt>
      <trkpt lat="42.4624500" lon="12.9955300"></trkpt>
      <trkpt lat="42.4625100" lon="12.9955600"></trkpt>
      <trkpt lat="42.4625900" lon="12.9956000"></trkpt>
      <trkpt lat="42.4626000" lon="12.9956100"></trkpt>
      <trkpt lat="42.4626100" lon="12.9956300"></trkpt>
      <trkpt lat="42.4626400" lon="12.9956900"></trkpt>
      <trkpt lat="42.4626700" lon="12.9956800"></trkpt>
      <trkpt lat="42.4626800" lon="12.9956900"></trkpt>
      <trkpt lat="42.4627000" lon="12.9956900"></trkpt>
      <trkpt lat="42.4627000" lon="12.9957000"></trkpt>
      <trkpt lat="42.4627900" lon="12.9958100"></trkpt>
      <trkpt lat="42.4628400" lon="12.9958600"></trkpt>
      <trkpt lat="42.4629200" lon="12.9959800"></trkpt>
      <trkpt lat="42.4630500" lon="12.9961600"></trkpt>
      <trkpt lat="42.4630600" lon="12.9961800"></trkpt>
      <trkpt lat="42.4631700" lon="12.9963300"></trkpt>
      <trkpt lat="42.4632600" lon="12.9964400"></trkpt>
      <trkpt lat="42.4632700" lon="12.9964600"></trkpt>
      <trkpt lat="42.4633000" lon="12.9965000"></trkpt>
      <trkpt lat="42.4633300" lon="12.9965200"></trkpt>
      <trkpt lat="42.4634000" lon="12.9965900"></trkpt>
      <trkpt lat="42.4634600" lon="12.9966300"></trkpt>
      <trkpt lat="42.4635300" lon="12.9966700"></trkpt>
      <trkpt lat="42.4636100" lon="12.9966900"></trkpt>
      <trkpt lat="42.4636300" lon="12.9966900"></trkpt>
      <trkpt lat="42.4637100" lon="12.9967000"></trkpt>
      <trkpt lat="42.4638100" lon="12.9967100"></trkpt>
      <trkpt lat="42.4638700" lon="12.9967100"></trkpt>
      <trkpt lat="42.4639300" lon="12.9967200"></trkpt>
      <trkpt lat="42.4639800" lon="12.9967200"></trkpt>
      <trkpt lat="42.4641100" lon="12.9967300"></trkpt>
      <trkpt lat="42.4641400" lon="12.9967300"></trkpt>
      <trkpt lat="42.4641600" lon="12.9967400"></trkpt>
      <trkpt lat="42.4643200" lon="12.9967700"></trkpt>
      <trkpt lat="42.4644600" lon="12.9968100"></trkpt>
      <trkpt lat="42.4644700" lon="12.9968200"></trkpt>
      <trkpt lat="42.4646400" lon="12.9969000"></trkpt>
      <trkpt lat="42.4646800" lon="12.9969300"></trkpt>
      <trkpt lat="42.4648100" lon="12.9970100"></trkpt>
      <trkpt lat="42.4649600" lon="12.9971300"></trkpt>
      <trkpt lat="42.4651300" lon="12.9973100"></trkpt>
      <trkpt lat="42.4651400" lon="12.9973100"></trkpt>
      <trkpt lat="42.4653900" lon="12.9976700"></trkpt>
      <trkpt lat="42.4654700" lon="12.9977900"></trkpt>
      <trkpt lat="42.4655100" lon="12.9978500"></trkpt>
      <trkpt lat="42.4656600" lon="12.9980800"></trkpt>
      <trkpt lat="42.4658100" lon="12.9983500"></trkpt>
      <trkpt lat="42.4658500" lon="12.9984100"></trkpt>
      <trkpt lat="42.4659600" lon="12.9986100"></trkpt>
      <trkpt lat="42.4660500" lon="12.9987900"></trkpt>
      <trkpt lat="42.4661400" lon="12.9990300"></trkpt>
      <trkpt lat="42.4661500" lon="12.9990500"></trkpt>
      <trkpt lat="42.4661900" lon="12.9991800"></trkpt>
      <trkpt lat="42.4662400" lon="12.9993600"></trkpt>
      <trkpt lat="42.4662500" lon="12.9994200"></trkpt>
      <trkpt lat="42.4662600" lon="12.9994800"></trkpt>
      <trkpt lat="42.4662700" lon="12.9995400"></trkpt>
      <trkpt lat="42.4662900" lon="12.9996200"></trkpt>
      <trkpt lat="42.4663200" lon="12.9998800"></trkpt>
      <trkpt lat="42.4663400" lon="12.9999700"></trkpt>
      <trkpt lat="42.4663400" lon="13.0001000"></trkpt>
      <trkpt lat="42.4663400" lon="13.0001300"></trkpt>
      <trkpt lat="42.4663500" lon="13.0003300"></trkpt>
      <trkpt lat="42.4663500" lon="13.0003700"></trkpt>
      <trkpt lat="42.4663500" lon="13.0006100"></trkpt>
      <trkpt lat="42.4663500" lon="13.0007300"></trkpt>
      <trkpt lat="42.4663400" lon="13.0008600"></trkpt>
      <trkpt lat="42.4663300" lon="13.0011000"></trkpt>
      <trkpt lat="42.4663300" lon="13.0011100"></trkpt>
      <trkpt lat="42.4663400" lon="13.0013000"></trkpt>
      <trkpt lat="42.4663500" lon="13.0013400"></trkpt>
      <trkpt lat="42.4663600" lon="13.0014500"></trkpt>
      <trkpt lat="42.4663900" lon="13.0015800"></trkpt>
      <trkpt lat="42.4663900" lon="13.0016000"></trkpt>
      <trkpt lat="42.4664600" lon="13.0018000"></trkpt>
      <trkpt lat="42.4665400" lon="13.0020200"></trkpt>
      <trkpt lat="42.4665600" lon="13.0020700"></trkpt>
      <trkpt lat="42.4666200" lon="13.0022400"></trkpt>
      <trkpt lat="42.4667000" lon="13.0024600"></trkpt>
      <trkpt lat="42.4667300" lon="13.0025500"></trkpt>
      <trkpt lat="42.4667700" lon="13.0026800"></trkpt>
      <trkpt lat="42.4668400" lon="13.0029100"></trkpt>
      <trkpt lat="42.4668800" lon="13.0030600"></trkpt>
      <trkpt lat="42.4669200" lon="13.0033000"></trkpt>
      <trkpt lat="42.4669300" lon="13.0033400"></trkpt>
      <trkpt lat="42.4669400" lon="13.0035400"></trkpt>
      <trkpt lat="42.4669400" lon="13.0036600"></trkpt>
      <trkpt lat="42.4669500" lon="13.0037800"></trkpt>
      <trkpt lat="42.4669500" lon="13.0038500"></trkpt>
      <trkpt lat="42.4669700" lon="13.0039300"></trkpt>
      <trkpt lat="42.4669900" lon="13.0040200"></trkpt>
      <trkpt lat="42.4670000" lon="13.0040300"></trkpt>
      <trkpt lat="42.4671000" lon="13.0042100"></trkpt>
      <trkpt lat="42.4671300" lon="13.0042500"></trkpt>
      <trkpt lat="42.4673000" lon="13.0045200"></trkpt>
      <trkpt lat="42.4673400" lon="13.0045800"></trkpt>
      <trkpt lat="42.4673500" lon="13.0046000"></trkpt>
      <trkpt lat="42.4674400" lon="13.0047400"></trkpt>
      <trkpt lat="42.4674500" lon="13.0047700"></trkpt>
      <trkpt lat="42.4675300" lon="13.0049200"></trkpt>
      <trkpt lat="42.4675500" lon="13.0049700"></trkpt>
      <trkpt lat="42.4676300" lon="13.0051900"></trkpt>
      <trkpt lat="42.4676300" lon="13.0052100"></trkpt>
      <trkpt lat="42.4676900" lon="13.0054200"></trkpt>
      <trkpt lat="42.4677500" lon="13.0056500"></trkpt>
      <trkpt lat="42.4677800" lon="13.0058000"></trkpt>
      <trkpt lat="42.4679000" lon="13.0063100"></trkpt>
      <trkpt lat="42.4680000" lon="13.0066900"></trkpt>
      <trkpt lat="42.4680100" lon="13.0068100"></trkpt>
      <trkpt lat="42.4680200" lon="13.0068400"></trkpt>
      <trkpt lat="42.4680500" lon="13.0070500"></trkpt>
      <trkpt lat="42.4680500" lon="13.0070800"></trkpt>
      <trkpt lat="42.4680700" lon="13.0073800"></trkpt>
      <trkpt lat="42.4680800" lon="13.0075400"></trkpt>
      <trkpt lat="42.4680900" lon="13.0077700"></trkpt>
      <trkpt lat="42.4681100" lon="13.0079900"></trkpt>
      <trkpt lat="42.4681200" lon="13.0080200"></trkpt>
      <trkpt lat="42.4681300" lon="13.0080500"></trkpt>
      <trkpt lat="42.4681700" lon="13.0082200"></trkpt>
      <trkpt lat="42.4683100" lon="13.0086900"></trkpt>
      <trkpt lat="42.4683200" lon="13.0087000"></trkpt>
      <trkpt lat="42.4683200" lon="13.0087300"></trkpt>
      <trkpt lat="42.4683600" lon="13.0088600"></trkpt>
      <trkpt lat="42.4684100" lon="13.0089800"></trkpt>
      <trkpt lat="42.4684500" lon="13.0090500"></trkpt>
      <trkpt lat="42.4684800" lon="13.0091200"></trkpt>
      <trkpt lat="42.4685300" lon="13.0091700"></trkpt>
      <trkpt lat="42.4685700" lon="13.0092200"></trkpt>
      <trkpt lat="42.4686200" lon="13.0092600"></trkpt>
      <trkpt lat="42.4686600" lon="13.0092800"></trkpt>
      <trkpt lat="42.4687300" lon="13.0093000"></trkpt>
      <trkpt lat="42.4688200" lon="13.0092900"></trkpt>
      <trkpt lat="42.4689600" lon="13.0092800"></trkpt>
      <trkpt lat="42.4691700" lon="13.0092500"></trkpt>
      <trkpt lat="42.4691900" lon="13.0092400"></trkpt>
      <trkpt lat="42.4692700" lon="13.0092500"></trkpt>
      <trkpt lat="42.4693200" lon="13.0092600"></trkpt>
      <trkpt lat="42.4693500" lon="13.0092800"></trkpt>
      <trkpt lat="42.4693600" lon="13.0093000"></trkpt>
      <trkpt lat="42.4694000" lon="13.0093500"></trkpt>
      <trkpt lat="42.4694100" lon="13.0094000"></trkpt>
      <trkpt lat="42.4694100" lon="13.0094500"></trkpt>
      <trkpt lat="42.4694000" lon="13.0095200"></trkpt>
      <trkpt lat="42.4693900" lon="13.0095200"></trkpt>
      <trkpt lat="42.4693700" lon="13.0095700"></trkpt>
      <trkpt lat="42.4693300" lon="13.0096300"></trkpt>
      <trkpt lat="42.4692900" lon="13.0096800"></trkpt>
      <trkpt lat="42.4692700" lon="13.0097000"></trkpt>
      <trkpt lat="42.4690800" lon="13.0099200"></trkpt>
      <trkpt lat="42.4690300" lon="13.0100000"></trkpt>
      <trkpt lat="42.4690200" lon="13.0100100"></trkpt>
      <trkpt lat="42.4690100" lon="13.0100400"></trkpt>
      <trkpt lat="42.4690100" lon="13.0100500"></trkpt>
      <trkpt lat="42.4690000" lon="13.0101300"></trkpt>
      <trkpt lat="42.4690000" lon="13.0101400"></trkpt>
      <trkpt lat="42.4690100" lon="13.0102300"></trkpt>
      <trkpt lat="42.4690200" lon="13.0102400"></trkpt>
      <trkpt lat="42.4690200" lon="13.0102500"></trkpt>
      <trkpt lat="42.4690200" lon="13.0102700"></trkpt>
      <trkpt lat="42.4691000" lon="13.0104600"></trkpt>
      <trkpt lat="42.4691000" lon="13.0104700"></trkpt>
      <trkpt lat="42.4691800" lon="13.0106000"></trkpt>
      <trkpt lat="42.4692800" lon="13.0107400"></trkpt>
      <trkpt lat="42.4693500" lon="13.0108100"></trkpt>
      <trkpt lat="42.4693600" lon="13.0108300"></trkpt>
      <trkpt lat="42.4693900" lon="13.0108600"></trkpt>
      <trkpt lat="42.4694400" lon="13.0109300"></trkpt>
      <trkpt lat="42.4694600" lon="13.0109700"></trkpt>
      <trkpt lat="42.4694600" lon="13.0110000"></trkpt>
      <trkpt lat="42.4694700" lon="13.0110200"></trkpt>
      <trkpt lat="42.4694700" lon="13.0110300"></trkpt>
      <trkpt lat="42.4694700" lon="13.0110800"></trkpt>
      <trkpt lat="42.4694600" lon="13.0111100"></trkpt>
      <trkpt lat="42.4694500" lon="13.0111500"></trkpt>
      <trkpt lat="42.4694100" lon="13.0112800"></trkpt>
      <trkpt lat="42.4693400" lon="13.0114400"></trkpt>
      <trkpt lat="42.4693300" lon="13.0114900"></trkpt>
      <trkpt lat="42.4692900" lon="13.0115900"></trkpt>
      <trkpt lat="42.4692900" lon="13.0116100"></trkpt>
      <trkpt lat="42.4692900" lon="13.0116900"></trkpt>
      <trkpt lat="42.4693000" lon="13.0118000"></trkpt>
      <trkpt lat="42.4693300" lon="13.0119000"></trkpt>
      <trkpt lat="42.4694500" lon="13.0119200"></trkpt>
      <trkpt lat="42.4695100" lon="13.0119200"></trkpt>
      <trkpt lat="42.4695400" lon="13.0119100"></trkpt>
      <trkpt lat="42.4696200" lon="13.0118800"></trkpt>
      <trkpt lat="42.4697200" lon="13.0118000"></trkpt>
      <trkpt lat="42.4698200" lon="13.0116700"></trkpt>
      <trkpt lat="42.4698400" lon="13.0116300"></trkpt>
      <trkpt lat="42.4698700" lon="13.0115800"></trkpt>
      <trkpt lat="42.4699200" lon="13.0114800"></trkpt>
      <trkpt lat="42.4699400" lon="13.0114300"></trkpt>
      <trkpt lat="42.4700000" lon="13.0112700"></trkpt>
      <trkpt lat="42.4700500" lon="13.0111200"></trkpt>
      <trkpt lat="42.4701600" lon="13.0109200"></trkpt>
      <trkpt lat="42.4701900" lon="13.0108600"></trkpt>
      <trkpt lat="42.4702600" lon="13.0107700"></trkpt>
      <trkpt lat="42.4704100" lon="13.0106200"></trkpt>
      <trkpt lat="42.4705300" lon="13.0104900"></trkpt>
      <trkpt lat="42.4705800" lon="13.0103500"></trkpt>
      <trkpt lat="42.4705900" lon="13.0102900"></trkpt>
      <trkpt lat="42.4706300" lon="13.0101500"></trkpt>
      <trkpt lat="42.4706500" lon="13.0100800"></trkpt>
      <trkpt lat="42.4707000" lon="13.0098700"></trkpt>
      <trkpt lat="42.4707400" lon="13.0097700"></trkpt>
      <trkpt lat="42.4707900" lon="13.0097000"></trkpt>
      <trkpt lat="42.4708000" lon="13.0096900"></trkpt>
      <trkpt lat="42.4708200" lon="13.0096800"></trkpt>
      <trkpt lat="42.4708600" lon="13.0096600"></trkpt>
      <trkpt lat="42.4709200" lon="13.0096500"></trkpt>
      <trkpt lat="42.4709500" lon="13.0096500"></trkpt>
      <trkpt lat="42.4709900" lon="13.0096600"></trkpt>
      <trkpt lat="42.4710400" lon="13.0096800"></trkpt>
      <trkpt lat="42.4710700" lon="13.0097000"></trkpt>
      <trkpt lat="42.4711000" lon="13.0097400"></trkpt>
      <trkpt lat="42.4711400" lon="13.0098100"></trkpt>
      <trkpt lat="42.4711600" lon="13.0098700"></trkpt>
      <trkpt lat="42.4711700" lon="13.0099200"></trkpt>
      <trkpt lat="42.4711700" lon="13.0100400"></trkpt>
      <trkpt lat="42.4711600" lon="13.0102100"></trkpt>
      <trkpt lat="42.4711600" lon="13.0102400"></trkpt>
      <trkpt lat="42.4711500" lon="13.0102900"></trkpt>
      <trkpt lat="42.4711500" lon="13.0103400"></trkpt>
      <trkpt lat="42.4711300" lon="13.0104800"></trkpt>
      <trkpt lat="42.4711300" lon="13.0105200"></trkpt>
      <trkpt lat="42.4711100" lon="13.0105900"></trkpt>
      <trkpt lat="42.4710900" lon="13.0106800"></trkpt>
      <trkpt lat="42.4710600" lon="13.0107700"></trkpt>
      <trkpt lat="42.4710100" lon="13.0108600"></trkpt>
      <trkpt lat="42.4709500" lon="13.0109500"></trkpt>
      <trkpt lat="42.4708700" lon="13.0110500"></trkpt>
      <trkpt lat="42.4708600" lon="13.0110600"></trkpt>
      <trkpt lat="42.4708400" lon="13.0110700"></trkpt>
      <trkpt lat="42.4707200" lon="13.0111800"></trkpt>
      <trkpt lat="42.4706300" lon="13.0112800"></trkpt>
      <trkpt lat="42.4705900" lon="13.0113400"></trkpt>
      <trkpt lat="42.4705900" lon="13.0113500"></trkpt>
      <trkpt lat="42.4705800" lon="13.0113800"></trkpt>
      <trkpt lat="42.4705800" lon="13.0113900"></trkpt>
      <trkpt lat="42.4705700" lon="13.0114200"></trkpt>
      <trkpt lat="42.4705600" lon="13.0114500"></trkpt>
      <trkpt lat="42.4705600" lon="13.0114900"></trkpt>
      <trkpt lat="42.4705600" lon="13.0115400"></trkpt>
      <trkpt lat="42.4705700" lon="13.0115800"></trkpt>
      <trkpt lat="42.4705900" lon="13.0116200"></trkpt>
      <trkpt lat="42.4706000" lon="13.0116500"></trkpt>
      <trkpt lat="42.4706200" lon="13.0116900"></trkpt>
      <trkpt lat="42.4706600" lon="13.0117300"></trkpt>
      <trkpt lat="42.4706900" lon="13.0117600"></trkpt>
      <trkpt lat="42.4707200" lon="13.0117600"></trkpt>
      <trkpt lat="42.4707500" lon="13.0117700"></trkpt>
      <trkpt lat="42.4708000" lon="13.0117700"></trkpt>
      <trkpt lat="42.4708400" lon="13.0117500"></trkpt>
      <trkpt lat="42.4708700" lon="13.0117200"></trkpt>
      <trkpt lat="42.4708900" lon="13.0116900"></trkpt>
      <trkpt lat="42.4709100" lon="13.0116400"></trkpt>
      <trkpt lat="42.4709600" lon="13.0115200"></trkpt>
      <trkpt lat="42.4710300" lon="13.0113300"></trkpt>
      <trkpt lat="42.4710400" lon="13.0113000"></trkpt>
      <trkpt lat="42.4711000" lon="13.0111700"></trkpt>
      <trkpt lat="42.4711200" lon="13.0111300"></trkpt>
      <trkpt lat="42.4711300" lon="13.0111000"></trkpt>
      <trkpt lat="42.4712300" lon="13.0109300"></trkpt>
      <trkpt lat="42.4712400" lon="13.0109000"></trkpt>
      <trkpt lat="42.4715100" lon="13.0104100"></trkpt>
      <trkpt lat="42.4717600" lon="13.0100000"></trkpt>
      <trkpt lat="42.4717800" lon="13.0099700"></trkpt>
      <trkpt lat="42.4718500" lon="13.0098100"></trkpt>
      <trkpt lat="42.4718700" lon="13.0097600"></trkpt>
      <trkpt lat="42.4719200" lon="13.0096000"></trkpt>
      <trkpt lat="42.4719500" lon="13.0094100"></trkpt>
      <trkpt lat="42.4719500" lon="13.0091100"></trkpt>
      <trkpt lat="42.4719500" lon="13.0091000"></trkpt>
      <trkpt lat="42.4719500" lon="13.0090500"></trkpt>
      <trkpt lat="42.4719600" lon="13.0088600"></trkpt>
      <trkpt lat="42.4719700" lon="13.0087700"></trkpt>
      <trkpt lat="42.4720600" lon="13.0083000"></trkpt>
      <trkpt lat="42.4721400" lon="13.0079700"></trkpt>
      <trkpt lat="42.4722000" lon="13.0077500"></trkpt>
      <trkpt lat="42.4722700" lon="13.0075700"></trkpt>
      <trkpt lat="42.4722800" lon="13.0075100"></trkpt>
      <trkpt lat="42.4722900" lon="13.0075000"></trkpt>
      <trkpt lat="42.4723100" lon="13.0074600"></trkpt>
      <trkpt lat="42.4723800" lon="13.0073100"></trkpt>
      <trkpt lat="42.4725100" lon="13.0071100"></trkpt>
      <trkpt lat="42.4725400" lon="13.0070700"></trkpt>
      <trkpt lat="42.4725500" lon="13.0070600"></trkpt>
      <trkpt lat="42.4725700" lon="13.0070400"></trkpt>
      <trkpt lat="42.4726000" lon="13.0070200"></trkpt>
      <trkpt lat="42.4726500" lon="13.0069900"></trkpt>
      <trkpt lat="42.4726800" lon="13.0069700"></trkpt>
      <trkpt lat="42.4727000" lon="13.0069500"></trkpt>
      <trkpt lat="42.4727400" lon="13.0069400"></trkpt>
      <trkpt lat="42.4727500" lon="13.0069400"></trkpt>
      <trkpt lat="42.4728100" lon="13.0069400"></trkpt>
      <trkpt lat="42.4728200" lon="13.0069400"></trkpt>
      <trkpt lat="42.4728500" lon="13.0069500"></trkpt>
      <trkpt lat="42.4728800" lon="13.0069700"></trkpt>
      <trkpt lat="42.4729100" lon="13.0069900"></trkpt>
      <trkpt lat="42.4729400" lon="13.0070300"></trkpt>
      <trkpt lat="42.4729600" lon="13.0070700"></trkpt>
      <trkpt lat="42.4729800" lon="13.0071300"></trkpt>
      <trkpt lat="42.4729900" lon="13.0071600"></trkpt>
      <trkpt lat="42.4730000" lon="13.0071700"></trkpt>
      <trkpt lat="42.4730000" lon="13.0072200"></trkpt>
      <trkpt lat="42.4730000" lon="13.0072800"></trkpt>
      <trkpt lat="42.4729900" lon="13.0073500"></trkpt>
      <trkpt lat="42.4729700" lon="13.0074200"></trkpt>
      <trkpt lat="42.4729600" lon="13.0074400"></trkpt>
      <trkpt lat="42.4729400" lon="13.0074700"></trkpt>
      <trkpt lat="42.4727000" lon="13.0077500"></trkpt>
      <trkpt lat="42.4726100" lon="13.0078600"></trkpt>
      <trkpt lat="42.4725600" lon="13.0079100"></trkpt>
      <trkpt lat="42.4725100" lon="13.0079600"></trkpt>
      <trkpt lat="42.4724600" lon="13.0080500"></trkpt>
      <trkpt lat="42.4724500" lon="13.0080800"></trkpt>
      <trkpt lat="42.4724300" lon="13.0081600"></trkpt>
      <trkpt lat="42.4724300" lon="13.0081800"></trkpt>
      <trkpt lat="42.4724300" lon="13.0082000"></trkpt>
      <trkpt lat="42.4724300" lon="13.0082200"></trkpt>
      <trkpt lat="42.4724400" lon="13.0082700"></trkpt>
      <trkpt lat="42.4724400" lon="13.0082900"></trkpt>
      <trkpt lat="42.4724500" lon="13.0083200"></trkpt>
      <trkpt lat="42.4724500" lon="13.0083300"></trkpt>
      <trkpt lat="42.4724500" lon="13.0083400"></trkpt>
      <trkpt lat="42.4724600" lon="13.0083700"></trkpt>
      <trkpt lat="42.4724700" lon="13.0084000"></trkpt>
      <trkpt lat="42.4724900" lon="13.0084300"></trkpt>
      <trkpt lat="42.4725200" lon="13.0084600"></trkpt>
      <trkpt lat="42.4725400" lon="13.0084700"></trkpt>
      <trkpt lat="42.4725600" lon="13.0084800"></trkpt>
      <trkpt lat="42.4725700" lon="13.0084900"></trkpt>
      <trkpt lat="42.4725800" lon="13.0084900"></trkpt>
      <trkpt lat="42.4726000" lon="13.0085000"></trkpt>
      <trkpt lat="42.4726400" lon="13.0085000"></trkpt>
      <trkpt lat="42.4726600" lon="13.0085100"></trkpt>
      <trkpt lat="42.4726900" lon="13.0085000"></trkpt>
      <trkpt lat="42.4727100" lon="13.0084900"></trkpt>
      <trkpt lat="42.4727500" lon="13.0084600"></trkpt>
      <trkpt lat="42.4727800" lon="13.0084200"></trkpt>
      <trkpt lat="42.4728100" lon="13.0083700"></trkpt>
      <trkpt lat="42.4732300" lon="13.0073000"></trkpt>
      <trkpt lat="42.4732500" lon="13.0072600"></trkpt>
      <trkpt lat="42.4732800" lon="13.0071900"></trkpt>
      <trkpt lat="42.4733500" lon="13.0070100"></trkpt>
      <trkpt lat="42.4733600" lon="13.0069700"></trkpt>
      <trkpt lat="42.4734200" lon="13.0068400"></trkpt>
      <trkpt lat="42.4734500" lon="13.0067600"></trkpt>
      <trkpt lat="42.4734700" lon="13.0067000"></trkpt>
      <trkpt lat="42.4735400" lon="13.0065600"></trkpt>
      <trkpt lat="42.4736000" lon="13.0064000"></trkpt>
      <trkpt lat="42.4736300" lon="13.0063400"></trkpt>
      <trkpt lat="42.4736800" lon="13.0062700"></trkpt>
      <trkpt lat="42.4737100" lon="13.0062300"></trkpt>
      <trkpt lat="42.4737400" lon="13.0062000"></trkpt>
      <trkpt lat="42.4737600" lon="13.0061700"></trkpt>
      <trkpt lat="42.4737700" lon="13.0061600"></trkpt>
      <trkpt lat="42.4738100" lon="13.0061300"></trkpt>
      <trkpt lat="42.4738700" lon="13.0061100"></trkpt>
      <trkpt lat="42.4739200" lon="13.0061100"></trkpt>
      <trkpt lat="42.4739300" lon="13.0061100"></trkpt>
      <trkpt lat="42.4739900" lon="13.0061200"></trkpt>
      <trkpt lat="42.4740400" lon="13.0061500"></trkpt>
      <trkpt lat="42.4740700" lon="13.0061600"></trkpt>
      <trkpt lat="42.4741000" lon="13.0061800"></trkpt>
      <trkpt lat="42.4742000" lon="13.0062600"></trkpt>
      <trkpt lat="42.4742600" lon="13.0063000"></trkpt>
      <trkpt lat="42.4744200" lon="13.0064100"></trkpt>
      <trkpt lat="42.4745200" lon="13.0064800"></trkpt>
      <trkpt lat="42.4745800" lon="13.0065300"></trkpt>
      <trkpt lat="42.4747400" lon="13.0066400"></trkpt>
      <trkpt lat="42.4749100" lon="13.0067600"></trkpt>
      <trkpt lat="42.4752100" lon="13.0069000"></trkpt>
      <trkpt lat="42.4754100" lon="13.0069700"></trkpt>
      <trkpt lat="42.4755200" lon="13.0070100"></trkpt>
      <trkpt lat="42.4755900" lon="13.0070300"></trkpt>
      <trkpt lat="42.4756500" lon="13.0070500"></trkpt>
      <trkpt lat="42.4757000" lon="13.0070600"></trkpt>
      <trkpt lat="42.4757400" lon="13.0070700"></trkpt>
      <trkpt lat="42.4757600" lon="13.0070900"></trkpt>
      <trkpt lat="42.4757800" lon="13.0071000"></trkpt>
      <trkpt lat="42.4758100" lon="13.0071300"></trkpt>
      <trkpt lat="42.4758300" lon="13.0071600"></trkpt>
      <trkpt lat="42.4758500" lon="13.0072000"></trkpt>
      <trkpt lat="42.4758800" lon="13.0072800"></trkpt>
      <trkpt lat="42.4759100" lon="13.0073900"></trkpt>
      <trkpt lat="42.4759200" lon="13.0074100"></trkpt>
      <trkpt lat="42.4759300" lon="13.0075000"></trkpt>
      <trkpt lat="42.4759900" lon="13.0078900"></trkpt>
      <trkpt lat="42.4760200" lon="13.0081300"></trkpt>
      <trkpt lat="42.4760300" lon="13.0082200"></trkpt>
      <trkpt lat="42.4760300" lon="13.0082600"></trkpt>
      <trkpt lat="42.4760500" lon="13.0083100"></trkpt>
      <trkpt lat="42.4760600" lon="13.0083600"></trkpt>
      <trkpt lat="42.4760700" lon="13.0083600"></trkpt>
      <trkpt lat="42.4760900" lon="13.0084100"></trkpt>
      <trkpt lat="42.4761000" lon="13.0084400"></trkpt>
      <trkpt lat="42.4761100" lon="13.0084500"></trkpt>
      <trkpt lat="42.4761300" lon="13.0084800"></trkpt>
      <trkpt lat="42.4761700" lon="13.0085100"></trkpt>
      <trkpt lat="42.4761900" lon="13.0085200"></trkpt>
      <trkpt lat="42.4762000" lon="13.0085300"></trkpt>
      <trkpt lat="42.4762400" lon="13.0085300"></trkpt>
      <trkpt lat="42.4763000" lon="13.0085200"></trkpt>
      <trkpt lat="42.4763200" lon="13.0085100"></trkpt>
      <trkpt lat="42.4763400" lon="13.0085000"></trkpt>
      <trkpt lat="42.4763500" lon="13.0084900"></trkpt>
      <trkpt lat="42.4763600" lon="13.0084700"></trkpt>
      <trkpt lat="42.4763700" lon="13.0084600"></trkpt>
      <trkpt lat="42.4763800" lon="13.0084300"></trkpt>
      <trkpt lat="42.4763900" lon="13.0084000"></trkpt>
      <trkpt lat="42.4763900" lon="13.0083900"></trkpt>
      <trkpt lat="42.4764000" lon="13.0083600"></trkpt>
      <trkpt lat="42.4764000" lon="13.0083300"></trkpt>
      <trkpt lat="42.4764000" lon="13.0083100"></trkpt>
      <trkpt lat="42.4764000" lon="13.0082800"></trkpt>
      <trkpt lat="42.4764000" lon="13.0082500"></trkpt>
      <trkpt lat="42.4764000" lon="13.0082400"></trkpt>
      <trkpt lat="42.4763800" lon="13.0081600"></trkpt>
      <trkpt lat="42.4763800" lon="13.0081500"></trkpt>
      <trkpt lat="42.4763400" lon="13.0080300"></trkpt>
      <trkpt lat="42.4763000" lon="13.0078600"></trkpt>
      <trkpt lat="42.4762600" lon="13.0076900"></trkpt>
      <trkpt lat="42.4762300" lon="13.0073300"></trkpt>
      <trkpt lat="42.4762200" lon="13.0073000"></trkpt>
      <trkpt lat="42.4762100" lon="13.0072100"></trkpt>
      <trkpt lat="42.4761900" lon="13.0070600"></trkpt>
      <trkpt lat="42.4761700" lon="13.0069500"></trkpt>
      <trkpt lat="42.4761500" lon="13.0068200"></trkpt>
      <trkpt lat="42.4761100" lon="13.0067200"></trkpt>
      <trkpt lat="42.4760500" lon="13.0066200"></trkpt>
      <trkpt lat="42.4759800" lon="13.0065500"></trkpt>
      <trkpt lat="42.4759200" lon="13.0064900"></trkpt>
      <trkpt lat="42.4758300" lon="13.0064600"></trkpt>
      <trkpt lat="42.4757700" lon="13.0064400"></trkpt>
      <trkpt lat="42.4757300" lon="13.0064300"></trkpt>
      <trkpt lat="42.4756900" lon="13.0064200"></trkpt>
      <trkpt lat="42.4756700" lon="13.0064000"></trkpt>
      <trkpt lat="42.4756600" lon="13.0064000"></trkpt>
      <trkpt lat="42.4756400" lon="13.0063900"></trkpt>
      <trkpt lat="42.4755900" lon="13.0063300"></trkpt>
      <trkpt lat="42.4755800" lon="13.0063100"></trkpt>
      <trkpt lat="42.4755600" lon="13.0062500"></trkpt>
      <trkpt lat="42.4755500" lon="13.0062400"></trkpt>
      <trkpt lat="42.4755400" lon="13.0061800"></trkpt>
      <trkpt lat="42.4755400" lon="13.0061600"></trkpt>
      <trkpt lat="42.4755500" lon="13.0061500"></trkpt>
      <trkpt lat="42.4755500" lon="13.0061300"></trkpt>
      <trkpt lat="42.4755700" lon="13.0060800"></trkpt>
      <trkpt lat="42.4755800" lon="13.0060600"></trkpt>
      <trkpt lat="42.4755800" lon="13.0060500"></trkpt>
      <trkpt lat="42.4756000" lon="13.0060200"></trkpt>
      <trkpt lat="42.4756100" lon="13.0060200"></trkpt>
      <trkpt lat="42.4756300" lon="13.0060000"></trkpt>
      <trkpt lat="42.4756600" lon="13.0059800"></trkpt>
      <trkpt lat="42.4757000" lon="13.0059800"></trkpt>
      <trkpt lat="42.4758000" lon="13.0059800"></trkpt>
      <trkpt lat="42.4758300" lon="13.0060000"></trkpt>
      <trkpt lat="42.4758900" lon="13.0060200"></trkpt>
      <trkpt lat="42.4759200" lon="13.0060500"></trkpt>
      <trkpt lat="42.4759500" lon="13.0060700"></trkpt>
      <trkpt lat="42.4760200" lon="13.0061400"></trkpt>
      <trkpt lat="42.4760500" lon="13.0061700"></trkpt>
      <trkpt lat="42.4761400" lon="13.0063000"></trkpt>
      <trkpt lat="42.4761900" lon="13.0063700"></trkpt>
      <trkpt lat="42.4762800" lon="13.0065500"></trkpt>
      <trkpt lat="42.4763700" lon="13.0067400"></trkpt>
      <trkpt lat="42.4764100" lon="13.0068100"></trkpt>
      <trkpt lat="42.4764300" lon="13.0068600"></trkpt>
      <trkpt lat="42.4765500" lon="13.0070600"></trkpt>
      <trkpt lat="42.4765900" lon="13.0071500"></trkpt>
      <trkpt lat="42.4766900" lon="13.0073300"></trkpt>
      <trkpt lat="42.4767000" lon="13.0073400"></trkpt>
      <trkpt lat="42.4767300" lon="13.0074000"></trkpt>
      <trkpt lat="42.4767400" lon="13.0074100"></trkpt>
      <trkpt lat="42.4768300" lon="13.0074800"></trkpt>
      <trkpt lat="42.4769700" lon="13.0075800"></trkpt>
      <trkpt lat="42.4770300" lon="13.0076000"></trkpt>
      <trkpt lat="42.4770900" lon="13.0076200"></trkpt>
      <trkpt lat="42.4771500" lon="13.0076200"></trkpt>
      <trkpt lat="42.4772200" lon="13.0076100"></trkpt>
      <trkpt lat="42.4772300" lon="13.0076100"></trkpt>
      <trkpt lat="42.4773200" lon="13.0075800"></trkpt>
      <trkpt lat="42.4773400" lon="13.0075700"></trkpt>
      <trkpt lat="42.4775100" lon="13.0074800"></trkpt>
      <trkpt lat="42.4776500" lon="13.0074200"></trkpt>
      <trkpt lat="42.4776800" lon="13.0074000"></trkpt>
      <trkpt lat="42.4776900" lon="13.0073900"></trkpt>
      <trkpt lat="42.4777400" lon="13.0073700"></trkpt>
      <trkpt lat="42.4778500" lon="13.0073100"></trkpt>
      <trkpt lat="42.4779100" lon="13.0072800"></trkpt>
      <trkpt lat="42.4779400" lon="13.0072600"></trkpt>
      <trkpt lat="42.4779900" lon="13.0072200"></trkpt>
      <trkpt lat="42.4780100" lon="13.0072000"></trkpt>
      <trkpt lat="42.4780200" lon="13.0071900"></trkpt>
      <trkpt lat="42.4780400" lon="13.0071600"></trkpt>
      <trkpt lat="42.4780500" lon="13.0071400"></trkpt>
      <trkpt lat="42.4780700" lon="13.0070900"></trkpt>
      <trkpt lat="42.4780700" lon="13.0070800"></trkpt>
      <trkpt lat="42.4780700" lon="13.0070200"></trkpt>
      <trkpt lat="42.4780600" lon="13.0069900"></trkpt>
      <trkpt lat="42.4780600" lon="13.0069600"></trkpt>
      <trkpt lat="42.4780300" lon="13.0069100"></trkpt>
      <trkpt lat="42.4780300" lon="13.0069000"></trkpt>
      <trkpt lat="42.4779900" lon="13.0068500"></trkpt>
      <trkpt lat="42.4779800" lon="13.0068400"></trkpt>
      <trkpt lat="42.4779200" lon="13.0068100"></trkpt>
      <trkpt lat="42.4778600" lon="13.0068100"></trkpt>
      <trkpt lat="42.4777800" lon="13.0068200"></trkpt>
      <trkpt lat="42.4777600" lon="13.0068200"></trkpt>
      <trkpt lat="42.4777100" lon="13.0068400"></trkpt>
      <trkpt lat="42.4776300" lon="13.0068700"></trkpt>
      <trkpt lat="42.4775900" lon="13.0068800"></trkpt>
      <trkpt lat="42.4775400" lon="13.0068800"></trkpt>
      <trkpt lat="42.4775300" lon="13.0068700"></trkpt>
      <trkpt lat="42.4774900" lon="13.0068700"></trkpt>
      <trkpt lat="42.4774600" lon="13.0068600"></trkpt>
      <trkpt lat="42.4774300" lon="13.0068400"></trkpt>
      <trkpt lat="42.4774000" lon="13.0068200"></trkpt>
      <trkpt lat="42.4773700" lon="13.0067900"></trkpt>
      <trkpt lat="42.4773700" lon="13.0067800"></trkpt>
      <trkpt lat="42.4773500" lon="13.0067500"></trkpt>
      <trkpt lat="42.4773400" lon="13.0067100"></trkpt>
      <trkpt lat="42.4773300" lon="13.0066700"></trkpt>
      <trkpt lat="42.4773300" lon="13.0066400"></trkpt>
      <trkpt lat="42.4773300" lon="13.0066300"></trkpt>
      <trkpt lat="42.4773300" lon="13.0066100"></trkpt>
      <trkpt lat="42.4773300" lon="13.0065900"></trkpt>
      <trkpt lat="42.4773400" lon="13.0065600"></trkpt>
      <trkpt lat="42.4773400" lon="13.0065500"></trkpt>
      <trkpt lat="42.4773500" lon="13.0065300"></trkpt>
      <trkpt lat="42.4773700" lon="13.0064900"></trkpt>
      <trkpt lat="42.4774200" lon="13.0064400"></trkpt>
      <trkpt lat="42.4774300" lon="13.0064300"></trkpt>
      <trkpt lat="42.4774700" lon="13.0064000"></trkpt>
      <trkpt lat="42.4775400" lon="13.0063900"></trkpt>
      <trkpt lat="42.4776000" lon="13.0063800"></trkpt>
      <trkpt lat="42.4776600" lon="13.0064000"></trkpt>
      <trkpt lat="42.4777700" lon="13.0064500"></trkpt>
      <trkpt lat="42.4778300" lon="13.0064700"></trkpt>
      <trkpt lat="42.4779400" lon="13.0065200"></trkpt>
      <trkpt lat="42.4779500" lon="13.0065300"></trkpt>
      <trkpt lat="42.4779600" lon="13.0065300"></trkpt>
      <trkpt lat="42.4779900" lon="13.0065500"></trkpt>
      <trkpt lat="42.4780000" lon="13.0065500"></trkpt>
      <trkpt lat="42.4781600" lon="13.0066500"></trkpt>
      <trkpt lat="42.4781900" lon="13.0066700"></trkpt>
      <trkpt lat="42.4782600" lon="13.0067400"></trkpt>
      <trkpt lat="42.4784000" lon="13.0068900"></trkpt>
      <trkpt lat="42.4784100" lon="13.0069000"></trkpt>
      <trkpt lat="42.4784500" lon="13.0069400"></trkpt>
      <trkpt lat="42.4785400" lon="13.0070400"></trkpt>
      <trkpt lat="42.4786000" lon="13.0071100"></trkpt>
      <trkpt lat="42.4786900" lon="13.0071700"></trkpt>
      <trkpt lat="42.4788100" lon="13.0072500"></trkpt>
      <trkpt lat="42.4788600" lon="13.0072700"></trkpt>
      <trkpt lat="42.4788700" lon="13.0072700"></trkpt>
      <trkpt lat="42.4789200" lon="13.0073000"></trkpt>
      <trkpt lat="42.4789900" lon="13.0073300"></trkpt>
      <trkpt lat="42.4790300" lon="13.0073300"></trkpt>
      <trkpt lat="42.4792100" lon="13.0073600"></trkpt>
      <trkpt lat="42.4792700" lon="13.0073700"></trkpt>
      <trkpt lat="42.4794000" lon="13.0073900"></trkpt>
      <trkpt lat="42.4794500" lon="13.0073900"></trkpt>
      <trkpt lat="42.4795700" lon="13.0074000"></trkpt>
      <trkpt lat="42.4795800" lon="13.0074000"></trkpt>
      <trkpt lat="42.4796200" lon="13.0074100"></trkpt>
      <trkpt lat="42.4796300" lon="13.0074100"></trkpt>
      <trkpt lat="42.4796800" lon="13.0074100"></trkpt>
      <trkpt lat="42.4798200" lon="13.0074600"></trkpt>
      <trkpt lat="42.4798900" lon="13.0075200"></trkpt>
      <trkpt lat="42.4799600" lon="13.0075800"></trkpt>
      <trkpt lat="42.4799900" lon="13.0076100"></trkpt>
      <trkpt lat="42.4800600" lon="13.0076700"></trkpt>
      <trkpt lat="42.4800700" lon="13.0076800"></trkpt>
      <trkpt lat="42.4800800" lon="13.0077000"></trkpt>
      <trkpt lat="42.4801000" lon="13.0077200"></trkpt>
      <trkpt lat="42.4801300" lon="13.0077600"></trkpt>
      <trkpt lat="42.4801400" lon="13.0077700"></trkpt>
      <trkpt lat="42.4801700" lon="13.0078500"></trkpt>
      <trkpt lat="42.4801900" lon="13.0079100"></trkpt>
      <trkpt lat="42.4801900" lon="13.0079300"></trkpt>
      <trkpt lat="42.4802400" lon="13.0081600"></trkpt>
      <trkpt lat="42.4802400" lon="13.0081700"></trkpt>
      <trkpt lat="42.4802600" lon="13.0083200"></trkpt>
      <trkpt lat="42.4802600" lon="13.0083300"></trkpt>
      <trkpt lat="42.4802900" lon="13.0084000"></trkpt>
      <trkpt lat="42.4802900" lon="13.0084300"></trkpt>
      <trkpt lat="42.4803300" lon="13.0085200"></trkpt>
      <trkpt lat="42.4803800" lon="13.0086000"></trkpt>
      <trkpt lat="42.4803900" lon="13.0086000"></trkpt>
      <trkpt lat="42.4804500" lon="13.0086500"></trkpt>
      <trkpt lat="42.4804900" lon="13.0086800"></trkpt>
      <trkpt lat="42.4805500" lon="13.0087100"></trkpt>
      <trkpt lat="42.4806600" lon="13.0087600"></trkpt>
      <trkpt lat="42.4806900" lon="13.0087800"></trkpt>
      <trkpt lat="42.4807200" lon="13.0088000"></trkpt>
      <trkpt lat="42.4808700" lon="13.0089200"></trkpt>
      <trkpt lat="42.4809300" lon="13.0089600"></trkpt>
      <trkpt lat="42.4809700" lon="13.0090000"></trkpt>
      <trkpt lat="42.4810100" lon="13.0090500"></trkpt>
      <trkpt lat="42.4811100" lon="13.0091600"></trkpt>
      <trkpt lat="42.4811600" lon="13.0092200"></trkpt>
      <trkpt lat="42.4812600" lon="13.0093000"></trkpt>
      <trkpt lat="42.4814100" lon="13.0094300"></trkpt>
      <trkpt lat="42.4815700" lon="13.0095600"></trkpt>
      <trkpt lat="42.4816100" lon="13.0096000"></trkpt>
      <trkpt lat="42.4816600" lon="13.0096400"></trkpt>
      <trkpt lat="42.4817200" lon="13.0097000"></trkpt>
      <trkpt lat="42.4817600" lon="13.0097400"></trkpt>
      <trkpt lat="42.4818500" lon="13.0098400"></trkpt>
      <trkpt lat="42.4821900" lon="13.0101800"></trkpt>
      <trkpt lat="42.4822800" lon="13.0102800"></trkpt>
      <trkpt lat="42.4822900" lon="13.0102900"></trkpt>
      <trkpt lat="42.4823100" lon="13.0103100"></trkpt>
      <trkpt lat="42.4823300" lon="13.0103300"></trkpt>
      <trkpt lat="42.4823400" lon="13.0103300"></trkpt>
      <trkpt lat="42.4824300" lon="13.0104100"></trkpt>
      <trkpt lat="42.4825100" lon="13.0104800"></trkpt>
      <trkpt lat="42.4827500" lon="13.0106500"></trkpt>
      <trkpt lat="42.4829800" lon="13.0108100"></trkpt>
      <trkpt lat="42.4832800" lon="13.0110300"></trkpt>
      <trkpt lat="42.4834200" lon="13.0111200"></trkpt>
      <trkpt lat="42.4835600" lon="13.0112200"></trkpt>
      <trkpt lat="42.4836000" lon="13.0112500"></trkpt>
      <trkpt lat="42.4836400" lon="13.0112800"></trkpt>
      <trkpt lat="42.4837100" lon="13.0113200"></trkpt>
      <trkpt lat="42.4837600" lon="13.0113400"></trkpt>
      <trkpt lat="42.4838800" lon="13.0114000"></trkpt>
      <trkpt lat="42.4839300" lon="13.0114300"></trkpt>
      <trkpt lat="42.4841000" lon="13.0115000"></trkpt>
      <trkpt lat="42.4841100" lon="13.0115000"></trkpt>
      <trkpt lat="42.4842000" lon="13.0115300"></trkpt>
      <trkpt lat="42.4842200" lon="13.0115400"></trkpt>
      <trkpt lat="42.4843000" lon="13.0115700"></trkpt>
      <trkpt lat="42.4843800" lon="13.0115700"></trkpt>
      <trkpt lat="42.4844700" lon="13.0115500"></trkpt>
      <trkpt lat="42.4845300" lon="13.0115000"></trkpt>
      <trkpt lat="42.4845600" lon="13.0114800"></trkpt>
      <trkpt lat="42.4845700" lon="13.0114700"></trkpt>
      <trkpt lat="42.4846100" lon="13.0114300"></trkpt>
      <trkpt lat="42.4846900" lon="13.0113100"></trkpt>
      <trkpt lat="42.4847000" lon="13.0113000"></trkpt>
      <trkpt lat="42.4847100" lon="13.0112800"></trkpt>
      <trkpt lat="42.4847300" lon="13.0112500"></trkpt>
      <trkpt lat="42.4847400" lon="13.0112500"></trkpt>
      <trkpt lat="42.4848100" lon="13.0111300"></trkpt>
      <trkpt lat="42.4848200" lon="13.0111200"></trkpt>
      <trkpt lat="42.4849100" lon="13.0110100"></trkpt>
      <trkpt lat="42.4850000" lon="13.0109100"></trkpt>
      <trkpt lat="42.4850900" lon="13.0108100"></trkpt>
      <trkpt lat="42.4851000" lon="13.0108000"></trkpt>
      <trkpt lat="42.4851200" lon="13.0107500"></trkpt>
      <trkpt lat="42.4851200" lon="13.0107400"></trkpt>
      <trkpt lat="42.4851300" lon="13.0106700"></trkpt>
      <trkpt lat="42.4851200" lon="13.0106100"></trkpt>
      <trkpt lat="42.4851200" lon="13.0106000"></trkpt>
      <trkpt lat="42.4851200" lon="13.0105900"></trkpt>
      <trkpt lat="42.4851100" lon="13.0105700"></trkpt>
      <trkpt lat="42.4851000" lon="13.0105600"></trkpt>
      <trkpt lat="42.4851000" lon="13.0105500"></trkpt>
      <trkpt lat="42.4850700" lon="13.0105200"></trkpt>
      <trkpt lat="42.4850600" lon="13.0105100"></trkpt>
      <trkpt lat="42.4850500" lon="13.0105100"></trkpt>
      <trkpt lat="42.4850000" lon="13.0104900"></trkpt>
      <trkpt lat="42.4849800" lon="13.0104900"></trkpt>
      <trkpt lat="42.4849200" lon="13.0105000"></trkpt>
      <trkpt lat="42.4849200" lon="13.0105100"></trkpt>
      <trkpt lat="42.4849000" lon="13.0105200"></trkpt>
      <trkpt lat="42.4848300" lon="13.0105900"></trkpt>
      <trkpt lat="42.4848200" lon="13.0106200"></trkpt>
      <trkpt lat="42.4847400" lon="13.0107200"></trkpt>
      <trkpt lat="42.4846300" lon="13.0108200"></trkpt>
      <trkpt lat="42.4845500" lon="13.0108600"></trkpt>
      <trkpt lat="42.4844600" lon="13.0108800"></trkpt>
      <trkpt lat="42.4844500" lon="13.0108800"></trkpt>
      <trkpt lat="42.4843400" lon="13.0108800"></trkpt>
      <trkpt lat="42.4842300" lon="13.0108700"></trkpt>
      <trkpt lat="42.4840900" lon="13.0108500"></trkpt>
      <trkpt lat="42.4840000" lon="13.0108400"></trkpt>
      <trkpt lat="42.4839200" lon="13.0108200"></trkpt>
      <trkpt lat="42.4838700" lon="13.0108000"></trkpt>
      <trkpt lat="42.4838000" lon="13.0107700"></trkpt>
      <trkpt lat="42.4837500" lon="13.0107400"></trkpt>
      <trkpt lat="42.4837400" lon="13.0107400"></trkpt>
      <trkpt lat="42.4837100" lon="13.0107100"></trkpt>
      <trkpt lat="42.4836700" lon="13.0106800"></trkpt>
      <trkpt lat="42.4836600" lon="13.0106700"></trkpt>
      <trkpt lat="42.4836400" lon="13.0106400"></trkpt>
      <trkpt lat="42.4836300" lon="13.0105900"></trkpt>
      <trkpt lat="42.4836300" lon="13.0105800"></trkpt>
      <trkpt lat="42.4836200" lon="13.0105500"></trkpt>
      <trkpt lat="42.4836200" lon="13.0105100"></trkpt>
      <trkpt lat="42.4836300" lon="13.0104600"></trkpt>
      <trkpt lat="42.4836400" lon="13.0104200"></trkpt>
      <trkpt lat="42.4836500" lon="13.0104100"></trkpt>
      <trkpt lat="42.4836600" lon="13.0103800"></trkpt>
      <trkpt lat="42.4836800" lon="13.0103500"></trkpt>
      <trkpt lat="42.4837400" lon="13.0103200"></trkpt>
      <trkpt lat="42.4837800" lon="13.0103100"></trkpt>
      <trkpt lat="42.4838300" lon="13.0103000"></trkpt>
      <trkpt lat="42.4838500" lon="13.0102900"></trkpt>
      <trkpt lat="42.4840300" lon="13.0102900"></trkpt>
      <trkpt lat="42.4842100" lon="13.0102900"></trkpt>
      <trkpt lat="42.4842500" lon="13.0102800"></trkpt>
      <trkpt lat="42.4843300" lon="13.0102700"></trkpt>
      <trkpt lat="42.4843900" lon="13.0102500"></trkpt>
      <trkpt lat="42.4844100" lon="13.0102400"></trkpt>
      <trkpt lat="42.4844900" lon="13.0101800"></trkpt>
      <trkpt lat="42.4845000" lon="13.0101700"></trkpt>
      <trkpt lat="42.4845400" lon="13.0101300"></trkpt>
      <trkpt lat="42.4845500" lon="13.0101300"></trkpt>
      <trkpt lat="42.4845700" lon="13.0101100"></trkpt>
      <trkpt lat="42.4846500" lon="13.0100600"></trkpt>
      <trkpt lat="42.4846600" lon="13.0100600"></trkpt>
      <trkpt lat="42.4847000" lon="13.0100400"></trkpt>
      <trkpt lat="42.4847100" lon="13.0100400"></trkpt>
      <trkpt lat="42.4848500" lon="13.0099900"></trkpt>
      <trkpt lat="42.4848900" lon="13.0099900"></trkpt>
      <trkpt lat="42.4849700" lon="13.0099800"></trkpt>
      <trkpt lat="42.4850600" lon="13.0099700"></trkpt>
      <trkpt lat="42.4850700" lon="13.0099700"></trkpt>
      <trkpt lat="42.4852500" lon="13.0099600"></trkpt>
      <trkpt lat="42.4853600" lon="13.0099500"></trkpt>
      <trkpt lat="42.4853800" lon="13.0099500"></trkpt>
      <trkpt lat="42.4854200" lon="13.0099400"></trkpt>
      <trkpt lat="42.4854300" lon="13.0099400"></trkpt>
      <trkpt lat="42.4854400" lon="13.0099400"></trkpt>
      <trkpt lat="42.4855100" lon="13.0099300"></trkpt>
      <trkpt lat="42.4855400" lon="13.0099200"></trkpt>
      <trkpt lat="42.4855500" lon="13.0099200"></trkpt>
      <trkpt lat="42.4856000" lon="13.0098900"></trkpt>
      <trkpt lat="42.4856200" lon="13.0098800"></trkpt>
      <trkpt lat="42.4856600" lon="13.0098500"></trkpt>
      <trkpt lat="42.4857000" lon="13.0098000"></trkpt>
      <trkpt lat="42.4857900" lon="13.0097200"></trkpt>
      <trkpt lat="42.4859500" lon="13.0096000"></trkpt>
      <trkpt lat="42.4861500" lon="13.0094900"></trkpt>
      <trkpt lat="42.4861800" lon="13.0094800"></trkpt>
      <trkpt lat="42.4861900" lon="13.0094700"></trkpt>
      <trkpt lat="42.4862300" lon="13.0094500"></trkpt>
      <trkpt lat="42.4862400" lon="13.0094500"></trkpt>
      <trkpt lat="42.4863800" lon="13.0093900"></trkpt>
      <trkpt lat="42.4866000" lon="13.0092300"></trkpt>
      <trkpt lat="42.4866600" lon="13.0092000"></trkpt>
      <trkpt lat="42.4867900" lon="13.0090900"></trkpt>
      <trkpt lat="42.4868100" lon="13.0090700"></trkpt>
      <trkpt lat="42.4868500" lon="13.0090400"></trkpt>
      <trkpt lat="42.4868500" lon="13.0090300"></trkpt>
      <trkpt lat="42.4868600" lon="13.0090200"></trkpt>
      <trkpt lat="42.4869100" lon="13.0089800"></trkpt>
      <trkpt lat="42.4869700" lon="13.0089200"></trkpt>
      <trkpt lat="42.4870400" lon="13.0088300"></trkpt>
      <trkpt lat="42.4871000" lon="13.0087000"></trkpt>
      <trkpt lat="42.4871200" lon="13.0086700"></trkpt>
      <trkpt lat="42.4871700" lon="13.0085900"></trkpt>
      <trkpt lat="42.4871900" lon="13.0085600"></trkpt>
      <trkpt lat="42.4872000" lon="13.0085400"></trkpt>
      <trkpt lat="42.4872200" lon="13.0085100"></trkpt>
      <trkpt lat="42.4872300" lon="13.0085000"></trkpt>
      <trkpt lat="42.4872600" lon="13.0084700"></trkpt>
      <trkpt lat="42.4872600" lon="13.0084600"></trkpt>
      <trkpt lat="42.4873300" lon="13.0084200"></trkpt>
      <trkpt lat="42.4875700" lon="13.0083100"></trkpt>
      <trkpt lat="42.4876500" lon="13.0082800"></trkpt>
      <trkpt lat="42.4876700" lon="13.0082700"></trkpt>
      <trkpt lat="42.4877200" lon="13.0082600"></trkpt>
      <trkpt lat="42.4878500" lon="13.0082100"></trkpt>
      <trkpt lat="42.4878900" lon="13.0082000"></trkpt>
      <trkpt lat="42.4879100" lon="13.0081900"></trkpt>
      <trkpt lat="42.4880200" lon="13.0081500"></trkpt>
      <trkpt lat="42.4881000" lon="13.0081200"></trkpt>
      <trkpt lat="42.4881900" lon="13.0080800"></trkpt>
      <trkpt lat="42.4882500" lon="13.0080600"></trkpt>
      <trkpt lat="42.4883500" lon="13.0080200"></trkpt>
      <trkpt lat="42.4883700" lon="13.0080100"></trkpt>
      <trkpt lat="42.4884000" lon="13.0079900"></trkpt>
      <trkpt lat="42.4884100" lon="13.0079800"></trkpt>
      <trkpt lat="42.4884200" lon="13.0079600"></trkpt>
      <trkpt lat="42.4884300" lon="13.0079400"></trkpt>
      <trkpt lat="42.4884300" lon="13.0078900"></trkpt>
      <trkpt lat="42.4884300" lon="13.0078500"></trkpt>
      <trkpt lat="42.4884300" lon="13.0078400"></trkpt>
      <trkpt lat="42.4884200" lon="13.0078100"></trkpt>
      <trkpt lat="42.4884200" lon="13.0078000"></trkpt>
      <trkpt lat="42.4883900" lon="13.0077600"></trkpt>
      <trkpt lat="42.4883800" lon="13.0077500"></trkpt>
      <trkpt lat="42.4883600" lon="13.0077300"></trkpt>
      <trkpt lat="42.4883200" lon="13.0077200"></trkpt>
      <trkpt lat="42.4882900" lon="13.0077200"></trkpt>
      <trkpt lat="42.4882800" lon="13.0077100"></trkpt>
      <trkpt lat="42.4882700" lon="13.0077200"></trkpt>
      <trkpt lat="42.4882400" lon="13.0077200"></trkpt>
      <trkpt lat="42.4882200" lon="13.0077300"></trkpt>
      <trkpt lat="42.4882100" lon="13.0077400"></trkpt>
      <trkpt lat="42.4880800" lon="13.0078100"></trkpt>
      <trkpt lat="42.4880500" lon="13.0078200"></trkpt>
      <trkpt lat="42.4879300" lon="13.0078900"></trkpt>
      <trkpt lat="42.4878900" lon="13.0079100"></trkpt>
      <trkpt lat="42.4878700" lon="13.0079100"></trkpt>
      <trkpt lat="42.4877600" lon="13.0079300"></trkpt>
      <trkpt lat="42.4877500" lon="13.0079300"></trkpt>
      <trkpt lat="42.4876000" lon="13.0079300"></trkpt>
      <trkpt lat="42.4875800" lon="13.0079200"></trkpt>
      <trkpt lat="42.4875300" lon="13.0079300"></trkpt>
      <trkpt lat="42.4875100" lon="13.0079300"></trkpt>
      <trkpt lat="42.4874900" lon="13.0079400"></trkpt>
      <trkpt lat="42.4874000" lon="13.0079800"></trkpt>
      <trkpt lat="42.4873600" lon="13.0080000"></trkpt>
      <trkpt lat="42.4872600" lon="13.0080600"></trkpt>
      <trkpt lat="42.4872300" lon="13.0080800"></trkpt>
      <trkpt lat="42.4871900" lon="13.0081000"></trkpt>
      <trkpt lat="42.4871800" lon="13.0081100"></trkpt>
      <trkpt lat="42.4871000" lon="13.0081600"></trkpt>
      <trkpt lat="42.4870800" lon="13.0081700"></trkpt>
      <trkpt lat="42.4870700" lon="13.0081800"></trkpt>
      <trkpt lat="42.4870300" lon="13.0082100"></trkpt>
      <trkpt lat="42.4870200" lon="13.0082300"></trkpt>
      <trkpt lat="42.4869500" lon="13.0082800"></trkpt>
      <trkpt lat="42.4868200" lon="13.0084100"></trkpt>
      <trkpt lat="42.4867300" lon="13.0084800"></trkpt>
      <trkpt lat="42.4866800" lon="13.0085100"></trkpt>
      <trkpt lat="42.4866000" lon="13.0085300"></trkpt>
      <trkpt lat="42.4865800" lon="13.0085400"></trkpt>
      <trkpt lat="42.4865600" lon="13.0085400"></trkpt>
      <trkpt lat="42.4864700" lon="13.0085500"></trkpt>
      <trkpt lat="42.4863800" lon="13.0085300"></trkpt>
      <trkpt lat="42.4863600" lon="13.0085300"></trkpt>
      <trkpt lat="42.4862100" lon="13.0084700"></trkpt>
      <trkpt lat="42.4861100" lon="13.0084300"></trkpt>
      <trkpt lat="42.4860200" lon="13.0084000"></trkpt>
      <trkpt lat="42.4859200" lon="13.0083800"></trkpt>
      <trkpt lat="42.4859000" lon="13.0083800"></trkpt>
      <trkpt lat="42.4858600" lon="13.0083800"></trkpt>
      <trkpt lat="42.4858500" lon="13.0083800"></trkpt>
      <trkpt lat="42.4857700" lon="13.0084000"></trkpt>
      <trkpt lat="42.4857300" lon="13.0084300"></trkpt>
      <trkpt lat="42.4856900" lon="13.0084600"></trkpt>
      <trkpt lat="42.4855300" lon="13.0085800"></trkpt>
      <trkpt lat="42.4855200" lon="13.0085900"></trkpt>
      <trkpt lat="42.4854500" lon="13.0086400"></trkpt>
      <trkpt lat="42.4854400" lon="13.0086500"></trkpt>
      <trkpt lat="42.4854100" lon="13.0086600"></trkpt>
      <trkpt lat="42.4853700" lon="13.0086900"></trkpt>
      <trkpt lat="42.4853600" lon="13.0087000"></trkpt>
      <trkpt lat="42.4852100" lon="13.0087900"></trkpt>
      <trkpt lat="42.4851400" lon="13.0088200"></trkpt>
      <trkpt lat="42.4850900" lon="13.0088300"></trkpt>
      <trkpt lat="42.4850800" lon="13.0088400"></trkpt>
      <trkpt lat="42.4850300" lon="13.0088400"></trkpt>
      <trkpt lat="42.4850100" lon="13.0088400"></trkpt>
      <trkpt lat="42.4849400" lon="13.0088300"></trkpt>
      <trkpt lat="42.4849000" lon="13.0088000"></trkpt>
      <trkpt lat="42.4848700" lon="13.0087700"></trkpt>
      <trkpt lat="42.4848500" lon="13.0087500"></trkpt>
      <trkpt lat="42.4848300" lon="13.0087200"></trkpt>
      <trkpt lat="42.4848100" lon="13.0086600"></trkpt>
      <trkpt lat="42.4848000" lon="13.0086200"></trkpt>
      <trkpt lat="42.4848000" lon="13.0086100"></trkpt>
      <trkpt lat="42.4848100" lon="13.0085500"></trkpt>
      <trkpt lat="42.4848100" lon="13.0085400"></trkpt>
      <trkpt lat="42.4848100" lon="13.0085300"></trkpt>
      <trkpt lat="42.4848400" lon="13.0084700"></trkpt>
      <trkpt lat="42.4848600" lon="13.0084300"></trkpt>
      <trkpt lat="42.4848800" lon="13.0084100"></trkpt>
      <trkpt lat="42.4848800" lon="13.0084000"></trkpt>
      <trkpt lat="42.4849200" lon="13.0083700"></trkpt>
      <trkpt lat="42.4849600" lon="13.0083200"></trkpt>
      <trkpt lat="42.4850700" lon="13.0082400"></trkpt>
      <trkpt lat="42.4852200" lon="13.0081600"></trkpt>
      <trkpt lat="42.4852400" lon="13.0081500"></trkpt>
      <trkpt lat="42.4854300" lon="13.0080500"></trkpt>
      <trkpt lat="42.4855000" lon="13.0080100"></trkpt>
      <trkpt lat="42.4855300" lon="13.0079900"></trkpt>
      <trkpt lat="42.4855400" lon="13.0079800"></trkpt>
      <trkpt lat="42.4855600" lon="13.0079700"></trkpt>
      <trkpt lat="42.4855700" lon="13.0079600"></trkpt>
      <trkpt lat="42.4855800" lon="13.0079500"></trkpt>
      <trkpt lat="42.4856200" lon="13.0079100"></trkpt>
      <trkpt lat="42.4856500" lon="13.0078300"></trkpt>
      <trkpt lat="42.4856600" lon="13.0078300"></trkpt>
      <trkpt lat="42.4856800" lon="13.0077700"></trkpt>
      <trkpt lat="42.4856900" lon="13.0076700"></trkpt>
      <trkpt lat="42.4857000" lon="13.0076700"></trkpt>
      <trkpt lat="42.4856900" lon="13.0076000"></trkpt>
      <trkpt lat="42.4856900" lon="13.0075800"></trkpt>
      <trkpt lat="42.4856800" lon="13.0075300"></trkpt>
      <trkpt lat="42.4856700" lon="13.0074800"></trkpt>
      <trkpt lat="42.4856400" lon="13.0073900"></trkpt>
      <trkpt lat="42.4856100" lon="13.0072800"></trkpt>
      <trkpt lat="42.4855800" lon="13.0071800"></trkpt>
      <trkpt lat="42.4855600" lon="13.0070900"></trkpt>
      <trkpt lat="42.4855700" lon="13.0070700"></trkpt>
      <trkpt lat="42.4855700" lon="13.0070400"></trkpt>
      <trkpt lat="42.4855800" lon="13.0069800"></trkpt>
      <trkpt lat="42.4856100" lon="13.0069200"></trkpt>
      <trkpt lat="42.4856600" lon="13.0068800"></trkpt>
      <trkpt lat="42.4856900" lon="13.0068500"></trkpt>
      <trkpt lat="42.4857000" lon="13.0068500"></trkpt>
      <trkpt lat="42.4857100" lon="13.0068500"></trkpt>
      <trkpt lat="42.4857400" lon="13.0068500"></trkpt>
      <trkpt lat="42.4857500" lon="13.0068500"></trkpt>
      <trkpt lat="42.4857500" lon="13.0068600"></trkpt>
      <trkpt lat="42.4857800" lon="13.0068800"></trkpt>
      <trkpt lat="42.4858000" lon="13.0068900"></trkpt>
      <trkpt lat="42.4858200" lon="13.0069200"></trkpt>
      <trkpt lat="42.4858700" lon="13.0069800"></trkpt>
      <trkpt lat="42.4859000" lon="13.0070500"></trkpt>
      <trkpt lat="42.4859000" lon="13.0070600"></trkpt>
      <trkpt lat="42.4859500" lon="13.0071400"></trkpt>
      <trkpt lat="42.4860100" lon="13.0072700"></trkpt>
      <trkpt lat="42.4860600" lon="13.0073600"></trkpt>
      <trkpt lat="42.4861100" lon="13.0074200"></trkpt>
      <trkpt lat="42.4861300" lon="13.0074300"></trkpt>
      <trkpt lat="42.4861700" lon="13.0074600"></trkpt>
      <trkpt lat="42.4861700" lon="13.0074700"></trkpt>
      <trkpt lat="42.4861800" lon="13.0074700"></trkpt>
      <trkpt lat="42.4862300" lon="13.0074900"></trkpt>
      <trkpt lat="42.4862900" lon="13.0075000"></trkpt>
      <trkpt lat="42.4863000" lon="13.0075000"></trkpt>
      <trkpt lat="42.4863400" lon="13.0074800"></trkpt>
      <trkpt lat="42.4863800" lon="13.0074400"></trkpt>
      <trkpt lat="42.4863800" lon="13.0074300"></trkpt>
      <trkpt lat="42.4863900" lon="13.0074300"></trkpt>
      <trkpt lat="42.4864100" lon="13.0073700"></trkpt>
      <trkpt lat="42.4864300" lon="13.0073200"></trkpt>
      <trkpt lat="42.4864300" lon="13.0072600"></trkpt>
      <trkpt lat="42.4864300" lon="13.0072500"></trkpt>
      <trkpt lat="42.4863400" lon="13.0068100"></trkpt>
      <trkpt lat="42.4863400" lon="13.0068000"></trkpt>
      <trkpt lat="42.4863300" lon="13.0067600"></trkpt>
      <trkpt lat="42.4862800" lon="13.0065700"></trkpt>
      <trkpt lat="42.4862800" lon="13.0065400"></trkpt>
      <trkpt lat="42.4862300" lon="13.0064200"></trkpt>
      <trkpt lat="42.4861900" lon="13.0063400"></trkpt>
      <trkpt lat="42.4861200" lon="13.0062600"></trkpt>
      <trkpt lat="42.4860600" lon="13.0062200"></trkpt>
      <trkpt lat="42.4860400" lon="13.0062100"></trkpt>
      <trkpt lat="42.4859700" lon="13.0061800"></trkpt>
      <trkpt lat="42.4859300" lon="13.0061800"></trkpt>
      <trkpt lat="42.4859000" lon="13.0061800"></trkpt>
      <trkpt lat="42.4858900" lon="13.0061800"></trkpt>
      <trkpt lat="42.4858800" lon="13.0061800"></trkpt>
      <trkpt lat="42.4858100" lon="13.0062100"></trkpt>
      <trkpt lat="42.4857200" lon="13.0062800"></trkpt>
      <trkpt lat="42.4857100" lon="13.0063000"></trkpt>
      <trkpt lat="42.4854700" lon="13.0064600"></trkpt>
      <trkpt lat="42.4854000" lon="13.0064900"></trkpt>
      <trkpt lat="42.4853900" lon="13.0064900"></trkpt>
      <trkpt lat="42.4853200" lon="13.0065300"></trkpt>
      <trkpt lat="42.4852300" lon="13.0065600"></trkpt>
      <trkpt lat="42.4852200" lon="13.0065600"></trkpt>
      <trkpt lat="42.4851300" lon="13.0065500"></trkpt>
      <trkpt lat="42.4850500" lon="13.0065100"></trkpt>
      <trkpt lat="42.4850100" lon="13.0064900"></trkpt>
      <trkpt lat="42.4850000" lon="13.0064900"></trkpt>
      <trkpt lat="42.4849100" lon="13.0063900"></trkpt>
      <trkpt lat="42.4849000" lon="13.0063800"></trkpt>
      <trkpt lat="42.4848500" lon="13.0063000"></trkpt>
      <trkpt lat="42.4848200" lon="13.0062400"></trkpt>
      <trkpt lat="42.4848200" lon="13.0062200"></trkpt>
      <trkpt lat="42.4848000" lon="13.0061800"></trkpt>
      <trkpt lat="42.4848000" lon="13.0061700"></trkpt>
      <trkpt lat="42.4847800" lon="13.0061200"></trkpt>
      <trkpt lat="42.4847700" lon="13.0060100"></trkpt>
      <trkpt lat="42.4847700" lon="13.0059600"></trkpt>
      <trkpt lat="42.4847700" lon="13.0058400"></trkpt>
      <trkpt lat="42.4847900" lon="13.0057300"></trkpt>
      <trkpt lat="42.4848000" lon="13.0057100"></trkpt>
      <trkpt lat="42.4848500" lon="13.0055900"></trkpt>
      <trkpt lat="42.4849100" lon="13.0055100"></trkpt>
      <trkpt lat="42.4849300" lon="13.0054700"></trkpt>
      <trkpt lat="42.4850300" lon="13.0053800"></trkpt>
      <trkpt lat="42.4851100" lon="13.0053300"></trkpt>
      <trkpt lat="42.4851700" lon="13.0053100"></trkpt>
      <trkpt lat="42.4852200" lon="13.0052900"></trkpt>
      <trkpt lat="42.4852300" lon="13.0052900"></trkpt>
      <trkpt lat="42.4852400" lon="13.0052900"></trkpt>
      <trkpt lat="42.4853300" lon="13.0053000"></trkpt>
      <trkpt lat="42.4853500" lon="13.0053000"></trkpt>
      <trkpt lat="42.4854000" lon="13.0053100"></trkpt>
      <trkpt lat="42.4855700" lon="13.0053600"></trkpt>
      <trkpt lat="42.4855800" lon="13.0053600"></trkpt>
      <trkpt lat="42.4858400" lon="13.0054200"></trkpt>
      <trkpt lat="42.4858600" lon="13.0054300"></trkpt>
      <trkpt lat="42.4859300" lon="13.0054400"></trkpt>
      <trkpt lat="42.4860700" lon="13.0054700"></trkpt>
      <trkpt lat="42.4862600" lon="13.0055500"></trkpt>
      <trkpt lat="42.4864100" lon="13.0056100"></trkpt>
      <trkpt lat="42.4864600" lon="13.0056300"></trkpt>
      <trkpt lat="42.4866200" lon="13.0057100"></trkpt>
      <trkpt lat="42.4867500" lon="13.0057700"></trkpt>
      <trkpt lat="42.4867600" lon="13.0057800"></trkpt>
      <trkpt lat="42.4868100" lon="13.0057800"></trkpt>
      <trkpt lat="42.4868700" lon="13.0057700"></trkpt>
      <trkpt lat="42.4869200" lon="13.0057500"></trkpt>
      <trkpt lat="42.4869400" lon="13.0057400"></trkpt>
      <trkpt lat="42.4869600" lon="13.0057200"></trkpt>
      <trkpt lat="42.4869700" lon="13.0057200"></trkpt>
      <trkpt lat="42.4870600" lon="13.0056400"></trkpt>
      <trkpt lat="42.4870800" lon="13.0056300"></trkpt>
      <trkpt lat="42.4872200" lon="13.0055300"></trkpt>
      <trkpt lat="42.4872800" lon="13.0055000"></trkpt>
      <trkpt lat="42.4873200" lon="13.0054800"></trkpt>
      <trkpt lat="42.4874100" lon="13.0054400"></trkpt>
      <trkpt lat="42.4876300" lon="13.0053600"></trkpt>
      <trkpt lat="42.4877000" lon="13.0053300"></trkpt>
      <trkpt lat="42.4877600" lon="13.0053200"></trkpt>
      <trkpt lat="42.4877800" lon="13.0053200"></trkpt>
      <trkpt lat="42.4878000" lon="13.0053200"></trkpt>
      <trkpt lat="42.4878200" lon="13.0053300"></trkpt>
      <trkpt lat="42.4878900" lon="13.0053500"></trkpt>
      <trkpt lat="42.4879300" lon="13.0053700"></trkpt>
      <trkpt lat="42.4879700" lon="13.0054000"></trkpt>
      <trkpt lat="42.4879800" lon="13.0054000"></trkpt>
      <trkpt lat="42.4880300" lon="13.0054300"></trkpt>
      <trkpt lat="42.4880800" lon="13.0054500"></trkpt>
      <trkpt lat="42.4881000" lon="13.0054500"></trkpt>
      <trkpt lat="42.4881300" lon="13.0054500"></trkpt>
      <trkpt lat="42.4881500" lon="13.0054500"></trkpt>
      <trkpt lat="42.4881800" lon="13.0054600"></trkpt>
      <trkpt lat="42.4883200" lon="13.0054200"></trkpt>
      <trkpt lat="42.4884500" lon="13.0053600"></trkpt>
      <trkpt lat="42.4884900" lon="13.0053400"></trkpt>
      <trkpt lat="42.4885000" lon="13.0053400"></trkpt>
      <trkpt lat="42.4886200" lon="13.0052800"></trkpt>
      <trkpt lat="42.4886600" lon="13.0052600"></trkpt>
      <trkpt lat="42.4886800" lon="13.0052500"></trkpt>
      <trkpt lat="42.4887900" lon="13.0052000"></trkpt>
      <trkpt lat="42.4889600" lon="13.0051100"></trkpt>
      <trkpt lat="42.4889700" lon="13.0051100"></trkpt>
      <trkpt lat="42.4890000" lon="13.0050900"></trkpt>
      <trkpt lat="42.4891200" lon="13.0050100"></trkpt>
      <trkpt lat="42.4891400" lon="13.0050000"></trkpt>
      <trkpt lat="42.4891600" lon="13.0049800"></trkpt>
      <trkpt lat="42.4892600" lon="13.0048900"></trkpt>
      <trkpt lat="42.4894000" lon="13.0047100"></trkpt>
      <trkpt lat="42.4894400" lon="13.0046700"></trkpt>
      <trkpt lat="42.4895100" lon="13.0045800"></trkpt>
      <trkpt lat="42.4895400" lon="13.0045500"></trkpt>
      <trkpt lat="42.4896700" lon="13.0043800"></trkpt>
      <trkpt lat="42.4897000" lon="13.0043400"></trkpt>
      <trkpt lat="42.4897500" lon="13.0042700"></trkpt>
      <trkpt lat="42.4898000" lon="13.0042100"></trkpt>
      <trkpt lat="42.4898200" lon="13.0041700"></trkpt>
      <trkpt lat="42.4898400" lon="13.0041200"></trkpt>
      <trkpt lat="42.4898500" lon="13.0040500"></trkpt>
      <trkpt lat="42.4898400" lon="13.0039900"></trkpt>
      <trkpt lat="42.4898400" lon="13.0039800"></trkpt>
      <trkpt lat="42.4898400" lon="13.0039600"></trkpt>
      <trkpt lat="42.4898300" lon="13.0039300"></trkpt>
      <trkpt lat="42.4898200" lon="13.0038900"></trkpt>
      <trkpt lat="42.4898000" lon="13.0038600"></trkpt>
      <trkpt lat="42.4897600" lon="13.0038400"></trkpt>
      <trkpt lat="42.4897600" lon="13.0038300"></trkpt>
      <trkpt lat="42.4897300" lon="13.0038200"></trkpt>
      <trkpt lat="42.4896800" lon="13.0038100"></trkpt>
      <trkpt lat="42.4896500" lon="13.0038000"></trkpt>
      <trkpt lat="42.4895500" lon="13.0037900"></trkpt>
      <trkpt lat="42.4895400" lon="13.0037900"></trkpt>
      <trkpt lat="42.4895000" lon="13.0037900"></trkpt>
      <trkpt lat="42.4893700" lon="13.0038100"></trkpt>
      <trkpt lat="42.4892700" lon="13.0038200"></trkpt>
      <trkpt lat="42.4891900" lon="13.0038200"></trkpt>
      <trkpt lat="42.4891500" lon="13.0038200"></trkpt>
      <trkpt lat="42.4891300" lon="13.0038200"></trkpt>
      <trkpt lat="42.4890800" lon="13.0038200"></trkpt>
      <trkpt lat="42.4890100" lon="13.0038100"></trkpt>
      <trkpt lat="42.4889600" lon="13.0037900"></trkpt>
      <trkpt lat="42.4888400" lon="13.0037700"></trkpt>
      <trkpt lat="42.4888100" lon="13.0037600"></trkpt>
      <trkpt lat="42.4887900" lon="13.0037500"></trkpt>
      <trkpt lat="42.4886600" lon="13.0037100"></trkpt>
      <trkpt lat="42.4886200" lon="13.0037000"></trkpt>
      <trkpt lat="42.4885200" lon="13.0036800"></trkpt>
      <trkpt lat="42.4884200" lon="13.0036700"></trkpt>
      <trkpt lat="42.4883400" lon="13.0036800"></trkpt>
      <trkpt lat="42.4883000" lon="13.0036800"></trkpt>
      <trkpt lat="42.4882800" lon="13.0036900"></trkpt>
      <trkpt lat="42.4881900" lon="13.0037100"></trkpt>
      <trkpt lat="42.4881000" lon="13.0037000"></trkpt>
      <trkpt lat="42.4880500" lon="13.0037000"></trkpt>
      <trkpt lat="42.4879500" lon="13.0036900"></trkpt>
      <trkpt lat="42.4879200" lon="13.0036900"></trkpt>
      <trkpt lat="42.4878100" lon="13.0036600"></trkpt>
      <trkpt lat="42.4877700" lon="13.0036400"></trkpt>
      <trkpt lat="42.4877500" lon="13.0036300"></trkpt>
      <trkpt lat="42.4877300" lon="13.0036200"></trkpt>
      <trkpt lat="42.4876800" lon="13.0035600"></trkpt>
      <trkpt lat="42.4876300" lon="13.0035100"></trkpt>
      <trkpt lat="42.4876300" lon="13.0035000"></trkpt>
      <trkpt lat="42.4875800" lon="13.0034100"></trkpt>
      <trkpt lat="42.4875500" lon="13.0033100"></trkpt>
      <trkpt lat="42.4875400" lon="13.0032500"></trkpt>
      <trkpt lat="42.4875400" lon="13.0031900"></trkpt>
      <trkpt lat="42.4875400" lon="13.0031800"></trkpt>
      <trkpt lat="42.4875600" lon="13.0030700"></trkpt>
      <trkpt lat="42.4875800" lon="13.0030200"></trkpt>
      <trkpt lat="42.4876100" lon="13.0029300"></trkpt>
      <trkpt lat="42.4876500" lon="13.0028300"></trkpt>
      <trkpt lat="42.4876600" lon="13.0028000"></trkpt>
      <trkpt lat="42.4876700" lon="13.0027800"></trkpt>
      <trkpt lat="42.4876800" lon="13.0027600"></trkpt>
      <trkpt lat="42.4877500" lon="13.0026200"></trkpt>
      <trkpt lat="42.4877600" lon="13.0026000"></trkpt>
      <trkpt lat="42.4877800" lon="13.0025800"></trkpt>
      <trkpt lat="42.4878700" lon="13.0024400"></trkpt>
      <trkpt lat="42.4878800" lon="13.0024200"></trkpt>
      <trkpt lat="42.4879000" lon="13.0024000"></trkpt>
      <trkpt lat="42.4879300" lon="13.0023500"></trkpt>
      <trkpt lat="42.4879900" lon="13.0022700"></trkpt>
      <trkpt lat="42.4880100" lon="13.0022500"></trkpt>
      <trkpt lat="42.4880300" lon="13.0022300"></trkpt>
      <trkpt lat="42.4880800" lon="13.0021700"></trkpt>
      <trkpt lat="42.4881300" lon="13.0021200"></trkpt>
      <trkpt lat="42.4881500" lon="13.0021000"></trkpt>
      <trkpt lat="42.4882300" lon="13.0020300"></trkpt>
      <trkpt lat="42.4882800" lon="13.0019800"></trkpt>
      <trkpt lat="42.4884200" lon="13.0018800"></trkpt>
      <trkpt lat="42.4884400" lon="13.0018600"></trkpt>
      <trkpt lat="42.4884600" lon="13.0018500"></trkpt>
      <trkpt lat="42.4886000" lon="13.0017500"></trkpt>
      <trkpt lat="42.4886200" lon="13.0017400"></trkpt>
      <trkpt lat="42.4886300" lon="13.0017300"></trkpt>
      <trkpt lat="42.4887000" lon="13.0017000"></trkpt>
      <trkpt lat="42.4887100" lon="13.0017000"></trkpt>
      <trkpt lat="42.4887500" lon="13.0016900"></trkpt>
      <trkpt lat="42.4887700" lon="13.0016900"></trkpt>
      <trkpt lat="42.4888000" lon="13.0016900"></trkpt>
      <trkpt lat="42.4888100" lon="13.0016900"></trkpt>
      <trkpt lat="42.4888800" lon="13.0017200"></trkpt>
      <trkpt lat="42.4889200" lon="13.0017400"></trkpt>
      <trkpt lat="42.4889400" lon="13.0017600"></trkpt>
      <trkpt lat="42.4889800" lon="13.0017800"></trkpt>
      <trkpt lat="42.4890300" lon="13.0018400"></trkpt>
      <trkpt lat="42.4890700" lon="13.0019300"></trkpt>
      <trkpt lat="42.4891200" lon="13.0020400"></trkpt>
      <trkpt lat="42.4891700" lon="13.0021300"></trkpt>
      <trkpt lat="42.4891800" lon="13.0021600"></trkpt>
      <trkpt lat="42.4892000" lon="13.0021900"></trkpt>
      <trkpt lat="42.4892700" lon="13.0023000"></trkpt>
      <trkpt lat="42.4892900" lon="13.0023100"></trkpt>
      <trkpt lat="42.4893000" lon="13.0023300"></trkpt>
      <trkpt lat="42.4893200" lon="13.0023500"></trkpt>
      <trkpt lat="42.4893400" lon="13.0023700"></trkpt>
      <trkpt lat="42.4893500" lon="13.0023800"></trkpt>
      <trkpt lat="42.4893600" lon="13.0023800"></trkpt>
      <trkpt lat="42.4894200" lon="13.0024000"></trkpt>
      <trkpt lat="42.4894500" lon="13.0024000"></trkpt>
      <trkpt lat="42.4894700" lon="13.0024000"></trkpt>
      <trkpt lat="42.4894900" lon="13.0024000"></trkpt>
      <trkpt lat="42.4895300" lon="13.0024100"></trkpt>
      <trkpt lat="42.4896400" lon="13.0024000"></trkpt>
      <trkpt lat="42.4896500" lon="13.0024000"></trkpt>
      <trkpt lat="42.4897600" lon="13.0023800"></trkpt>
      <trkpt lat="42.4898000" lon="13.0023700"></trkpt>
      <trkpt lat="42.4898600" lon="13.0023500"></trkpt>
      <trkpt lat="42.4899700" lon="13.0022900"></trkpt>
      <trkpt lat="42.4900000" lon="13.0022800"></trkpt>
      <trkpt lat="42.4900300" lon="13.0022600"></trkpt>
      <trkpt lat="42.4901400" lon="13.0022000"></trkpt>
      <trkpt lat="42.4901600" lon="13.0021800"></trkpt>
      <trkpt lat="42.4903200" lon="13.0020900"></trkpt>
      <trkpt lat="42.4903300" lon="13.0020900"></trkpt>
      <trkpt lat="42.4904700" lon="13.0020000"></trkpt>
      <trkpt lat="42.4906400" lon="13.0019000"></trkpt>
      <trkpt lat="42.4908000" lon="13.0018000"></trkpt>
      <trkpt lat="42.4908700" lon="13.0017500"></trkpt>
      <trkpt lat="42.4909800" lon="13.0016900"></trkpt>
      <trkpt lat="42.4910200" lon="13.0016700"></trkpt>
      <trkpt lat="42.4911300" lon="13.0016300"></trkpt>
      <trkpt lat="42.4911400" lon="13.0016300"></trkpt>
      <trkpt lat="42.4911600" lon="13.0016300"></trkpt>
      <trkpt lat="42.4913000" lon="13.0016100"></trkpt>
      <trkpt lat="42.4913100" lon="13.0016100"></trkpt>
      <trkpt lat="42.4913400" lon="13.0016000"></trkpt>
      <trkpt lat="42.4914400" lon="13.0016000"></trkpt>
      <trkpt lat="42.4914900" lon="13.0015900"></trkpt>
      <trkpt lat="42.4915400" lon="13.0015700"></trkpt>
      <trkpt lat="42.4916100" lon="13.0015300"></trkpt>
      <trkpt lat="42.4916500" lon="13.0014800"></trkpt>
      <trkpt lat="42.4916700" lon="13.0014700"></trkpt>
      <trkpt lat="42.4916700" lon="13.0014600"></trkpt>
      <trkpt lat="42.4917800" lon="13.0013400"></trkpt>
      <trkpt lat="42.4917900" lon="13.0013200"></trkpt>
      <trkpt lat="42.4917900" lon="13.0013100"></trkpt>
      <trkpt lat="42.4918000" lon="13.0013000"></trkpt>
      <trkpt lat="42.4919300" lon="13.0011400"></trkpt>
      <trkpt lat="42.4919400" lon="13.0011400"></trkpt>
      <trkpt lat="42.4919500" lon="13.0011200"></trkpt>
      <trkpt lat="42.4919800" lon="13.0011000"></trkpt>
      <trkpt lat="42.4920600" lon="13.0010500"></trkpt>
      <trkpt lat="42.4920800" lon="13.0010500"></trkpt>
      <trkpt lat="42.4921000" lon="13.0010400"></trkpt>
      <trkpt lat="42.4921200" lon="13.0010400"></trkpt>
      <trkpt lat="42.4922000" lon="13.0010200"></trkpt>
      <trkpt lat="42.4922500" lon="13.0010100"></trkpt>
      <trkpt lat="42.4922800" lon="13.0010100"></trkpt>
      <trkpt lat="42.4924200" lon="13.0010000"></trkpt>
      <trkpt lat="42.4924300" lon="13.0010000"></trkpt>
      <trkpt lat="42.4924600" lon="13.0009900"></trkpt>
      <trkpt lat="42.4925600" lon="13.0009700"></trkpt>
      <trkpt lat="42.4926100" lon="13.0009500"></trkpt>
      <trkpt lat="42.4926300" lon="13.0009500"></trkpt>
      <trkpt lat="42.4926400" lon="13.0009400"></trkpt>
      <trkpt lat="42.4927200" lon="13.0009000"></trkpt>
      <trkpt lat="42.4929000" lon="13.0007300"></trkpt>
      <trkpt lat="42.4930200" lon="13.0006100"></trkpt>
      <trkpt lat="42.4930800" lon="13.0005400"></trkpt>
      <trkpt lat="42.4931400" lon="13.0004600"></trkpt>
      <trkpt lat="42.4932100" lon="13.0003800"></trkpt>
      <trkpt lat="42.4933400" lon="13.0002100"></trkpt>
      <trkpt lat="42.4934400" lon="13.0000700"></trkpt>
      <trkpt lat="42.4934500" lon="13.0000600"></trkpt>
      <trkpt lat="42.4934700" lon="13.0000400"></trkpt>
      <trkpt lat="42.4934900" lon="13.0000200"></trkpt>
      <trkpt lat="42.4937500" lon="12.9997500"></trkpt>
      <trkpt lat="42.4938900" lon="12.9996300"></trkpt>
      <trkpt lat="42.4939100" lon="12.9996200"></trkpt>
      <trkpt lat="42.4942100" lon="12.9993500"></trkpt>
      <trkpt lat="42.4943700" lon="12.9992200"></trkpt>
      <trkpt lat="42.4945300" lon="12.9990800"></trkpt>
      <trkpt lat="42.4945700" lon="12.9990500"></trkpt>
      <trkpt lat="42.4946800" lon="12.9989500"></trkpt>
      <trkpt lat="42.4948300" lon="12.9988200"></trkpt>
      <trkpt lat="42.4949000" lon="12.9987600"></trkpt>
      <trkpt lat="42.4950200" lon="12.9986600"></trkpt>
      <trkpt lat="42.4952200" lon="12.9985100"></trkpt>
      <trkpt lat="42.4953000" lon="12.9984800"></trkpt>
      <trkpt lat="42.4953900" lon="12.9984700"></trkpt>
      <trkpt lat="42.4954700" lon="12.9984800"></trkpt>
      <trkpt lat="42.4955300" lon="12.9985000"></trkpt>
      <trkpt lat="42.4956600" lon="12.9985500"></trkpt>
      <trkpt lat="42.4958800" lon="12.9986600"></trkpt>
      <trkpt lat="42.4962400" lon="12.9988400"></trkpt>
      <trkpt lat="42.4963200" lon="12.9988800"></trkpt>
      <trkpt lat="42.4963700" lon="12.9988900"></trkpt>
      <trkpt lat="42.4964100" lon="12.9989000"></trkpt>
      <trkpt lat="42.4964200" lon="12.9989000"></trkpt>
      <trkpt lat="42.4964300" lon="12.9989000"></trkpt>
      <trkpt lat="42.4964700" lon="12.9988900"></trkpt>
      <trkpt lat="42.4964900" lon="12.9988800"></trkpt>
      <trkpt lat="42.4965200" lon="12.9988700"></trkpt>
      <trkpt lat="42.4965400" lon="12.9988400"></trkpt>
      <trkpt lat="42.4965700" lon="12.9988200"></trkpt>
      <trkpt lat="42.4965900" lon="12.9988000"></trkpt>
      <trkpt lat="42.4966100" lon="12.9987600"></trkpt>
      <trkpt lat="42.4966300" lon="12.9987100"></trkpt>
      <trkpt lat="42.4966500" lon="12.9986300"></trkpt>
      <trkpt lat="42.4966500" lon="12.9985900"></trkpt>
      <trkpt lat="42.4966500" lon="12.9985400"></trkpt>
      <trkpt lat="42.4966500" lon="12.9984800"></trkpt>
      <trkpt lat="42.4966200" lon="12.9984000"></trkpt>
      <trkpt lat="42.4966100" lon="12.9983700"></trkpt>
      <trkpt lat="42.4965900" lon="12.9983400"></trkpt>
      <trkpt lat="42.4965700" lon="12.9983100"></trkpt>
      <trkpt lat="42.4965400" lon="12.9982900"></trkpt>
      <trkpt lat="42.4964500" lon="12.9982400"></trkpt>
      <trkpt lat="42.4964100" lon="12.9982200"></trkpt>
      <trkpt lat="42.4963700" lon="12.9982100"></trkpt>
      <trkpt lat="42.4963500" lon="12.9982100"></trkpt>
      <trkpt lat="42.4962900" lon="12.9982000"></trkpt>
      <trkpt lat="42.4962100" lon="12.9981800"></trkpt>
      <trkpt lat="42.4961900" lon="12.9981700"></trkpt>
      <trkpt lat="42.4961500" lon="12.9981500"></trkpt>
      <trkpt lat="42.4960700" lon="12.9980900"></trkpt>
      <trkpt lat="42.4960400" lon="12.9980600"></trkpt>
      <trkpt lat="42.4960300" lon="12.9980600"></trkpt>
      <trkpt lat="42.4960100" lon="12.9980200"></trkpt>
      <trkpt lat="42.4959800" lon="12.9979400"></trkpt>
      <trkpt lat="42.4959800" lon="12.9979300"></trkpt>
      <trkpt lat="42.4959600" lon="12.9978500"></trkpt>
      <trkpt lat="42.4959700" lon="12.9977800"></trkpt>
      <trkpt lat="42.4959800" lon="12.9977200"></trkpt>
      <trkpt lat="42.4960000" lon="12.9976400"></trkpt>
      <trkpt lat="42.4960200" lon="12.9976100"></trkpt>
      <trkpt lat="42.4960200" lon="12.9976000"></trkpt>
      <trkpt lat="42.4960300" lon="12.9975900"></trkpt>
      <trkpt lat="42.4960700" lon="12.9975500"></trkpt>
      <trkpt lat="42.4960900" lon="12.9975300"></trkpt>
      <trkpt lat="42.4961600" lon="12.9974900"></trkpt>
      <trkpt lat="42.4961700" lon="12.9974800"></trkpt>
      <trkpt lat="42.4962100" lon="12.9974700"></trkpt>
      <trkpt lat="42.4963500" lon="12.9974200"></trkpt>
      <trkpt lat="42.4963800" lon="12.9974100"></trkpt>
      <trkpt lat="42.4965100" lon="12.9973700"></trkpt>
      <trkpt lat="42.4966100" lon="12.9973300"></trkpt>
      <trkpt lat="42.4966800" lon="12.9973000"></trkpt>
      <trkpt lat="42.4967300" lon="12.9972700"></trkpt>
      <trkpt lat="42.4967400" lon="12.9972700"></trkpt>
      <trkpt lat="42.4967700" lon="12.9972500"></trkpt>
      <trkpt lat="42.4967900" lon="12.9972300"></trkpt>
      <trkpt lat="42.4968300" lon="12.9971800"></trkpt>
      <trkpt lat="42.4968500" lon="12.9971500"></trkpt>
      <trkpt lat="42.4968700" lon="12.9971300"></trkpt>
      <trkpt lat="42.4968800" lon="12.9971200"></trkpt>
      <trkpt lat="42.4969500" lon="12.9970300"></trkpt>
      <trkpt lat="42.4969700" lon="12.9970100"></trkpt>
      <trkpt lat="42.4970000" lon="12.9969700"></trkpt>
      <trkpt lat="42.4970100" lon="12.9969600"></trkpt>
      <trkpt lat="42.4971000" lon="12.9968500"></trkpt>
      <trkpt lat="42.4971100" lon="12.9968500"></trkpt>
      <trkpt lat="42.4971500" lon="12.9968200"></trkpt>
      <trkpt lat="42.4972100" lon="12.9967800"></trkpt>
      <trkpt lat="42.4973100" lon="12.9967400"></trkpt>
      <trkpt lat="42.4974400" lon="12.9967200"></trkpt>
      <trkpt lat="42.4974600" lon="12.9967200"></trkpt>
      <trkpt lat="42.4974900" lon="12.9967200"></trkpt>
      <trkpt lat="42.4975100" lon="12.9967200"></trkpt>
      <trkpt lat="42.4976000" lon="12.9967300"></trkpt>
      <trkpt lat="42.4976200" lon="12.9967300"></trkpt>
      <trkpt lat="42.4976700" lon="12.9967400"></trkpt>
      <trkpt lat="42.4976900" lon="12.9967400"></trkpt>
      <trkpt lat="42.4978000" lon="12.9967500"></trkpt>
      <trkpt lat="42.4978500" lon="12.9967500"></trkpt>
      <trkpt lat="42.4978700" lon="12.9967500"></trkpt>
      <trkpt lat="42.4978800" lon="12.9967500"></trkpt>
      <trkpt lat="42.4979100" lon="12.9967400"></trkpt>
      <trkpt lat="42.4979400" lon="12.9967300"></trkpt>
      <trkpt lat="42.4979500" lon="12.9967200"></trkpt>
      <trkpt lat="42.4979700" lon="12.9967000"></trkpt>
      <trkpt lat="42.4980100" lon="12.9966500"></trkpt>
      <trkpt lat="42.4980200" lon="12.9966200"></trkpt>
      <trkpt lat="42.4980400" lon="12.9965900"></trkpt>
      <trkpt lat="42.4980400" lon="12.9965800"></trkpt>
      <trkpt lat="42.4980400" lon="12.9965500"></trkpt>
      <trkpt lat="42.4980400" lon="12.9965000"></trkpt>
      <trkpt lat="42.4980300" lon="12.9964500"></trkpt>
      <trkpt lat="42.4980200" lon="12.9964200"></trkpt>
      <trkpt lat="42.4980100" lon="12.9964000"></trkpt>
      <trkpt lat="42.4980000" lon="12.9963800"></trkpt>
      <trkpt lat="42.4979700" lon="12.9963600"></trkpt>
      <trkpt lat="42.4979500" lon="12.9963400"></trkpt>
      <trkpt lat="42.4979300" lon="12.9963300"></trkpt>
      <trkpt lat="42.4979200" lon="12.9963300"></trkpt>
      <trkpt lat="42.4979100" lon="12.9963200"></trkpt>
      <trkpt lat="42.4978700" lon="12.9963200"></trkpt>
      <trkpt lat="42.4978200" lon="12.9963100"></trkpt>
      <trkpt lat="42.4975000" lon="12.9963200"></trkpt>
      <trkpt lat="42.4973800" lon="12.9963100"></trkpt>
      <trkpt lat="42.4972000" lon="12.9963000"></trkpt>
      <trkpt lat="42.4969700" lon="12.9962800"></trkpt>
      <trkpt lat="42.4968400" lon="12.9962600"></trkpt>
      <trkpt lat="42.4967900" lon="12.9962600"></trkpt>
      <trkpt lat="42.4967700" lon="12.9962500"></trkpt>
      <trkpt lat="42.4967500" lon="12.9962500"></trkpt>
      <trkpt lat="42.4967200" lon="12.9962500"></trkpt>
      <trkpt lat="42.4967000" lon="12.9962400"></trkpt>
      <trkpt lat="42.4966800" lon="12.9962400"></trkpt>
      <trkpt lat="42.4966600" lon="12.9962300"></trkpt>
      <trkpt lat="42.4966200" lon="12.9962000"></trkpt>
      <trkpt lat="42.4965800" lon="12.9961700"></trkpt>
      <trkpt lat="42.4965500" lon="12.9961300"></trkpt>
      <trkpt lat="42.4965300" lon="12.9961000"></trkpt>
      <trkpt lat="42.4965300" lon="12.9960800"></trkpt>
      <trkpt lat="42.4965200" lon="12.9960800"></trkpt>
      <trkpt lat="42.4965200" lon="12.9960100"></trkpt>
      <trkpt lat="42.4965100" lon="12.9959600"></trkpt>
      <trkpt lat="42.4965100" lon="12.9959400"></trkpt>
      <trkpt lat="42.4965100" lon="12.9958600"></trkpt>
      <trkpt lat="42.4965200" lon="12.9958400"></trkpt>
      <trkpt lat="42.4965200" lon="12.9958300"></trkpt>
      <trkpt lat="42.4965200" lon="12.9958200"></trkpt>
      <trkpt lat="42.4965300" lon="12.9958000"></trkpt>
      <trkpt lat="42.4965400" lon="12.9957800"></trkpt>
      <trkpt lat="42.4965600" lon="12.9957300"></trkpt>
      <trkpt lat="42.4966100" lon="12.9956700"></trkpt>
      <trkpt lat="42.4966300" lon="12.9956500"></trkpt>
      <trkpt lat="42.4966500" lon="12.9956300"></trkpt>
      <trkpt lat="42.4967900" lon="12.9955500"></trkpt>
      <trkpt lat="42.4968400" lon="12.9955200"></trkpt>
      <trkpt lat="42.4969900" lon="12.9954200"></trkpt>
      <trkpt lat="42.4970100" lon="12.9954100"></trkpt>
      <trkpt lat="42.4970300" lon="12.9953900"></trkpt>
      <trkpt lat="42.4971000" lon="12.9953100"></trkpt>
      <trkpt lat="42.4971100" lon="12.9952900"></trkpt>
      <trkpt lat="42.4971300" lon="12.9952600"></trkpt>
      <trkpt lat="42.4972200" lon="12.9951300"></trkpt>
      <trkpt lat="42.4972300" lon="12.9951200"></trkpt>
      <trkpt lat="42.4972500" lon="12.9950800"></trkpt>
      <trkpt lat="42.4973300" lon="12.9949400"></trkpt>
      <trkpt lat="42.4973700" lon="12.9948900"></trkpt>
      <trkpt lat="42.4974400" lon="12.9947700"></trkpt>
      <trkpt lat="42.4974500" lon="12.9947500"></trkpt>
      <trkpt lat="42.4974700" lon="12.9947100"></trkpt>
      <trkpt lat="42.4974800" lon="12.9947000"></trkpt>
      <trkpt lat="42.4976000" lon="12.9945600"></trkpt>
      <trkpt lat="42.4976200" lon="12.9945400"></trkpt>
      <trkpt lat="42.4977100" lon="12.9944200"></trkpt>
      <trkpt lat="42.4977400" lon="12.9944000"></trkpt>
      <trkpt lat="42.4977500" lon="12.9943800"></trkpt>
      <trkpt lat="42.4978300" lon="12.9942800"></trkpt>
      <trkpt lat="42.4978500" lon="12.9942600"></trkpt>
      <trkpt lat="42.4978700" lon="12.9942400"></trkpt>
      <trkpt lat="42.4978900" lon="12.9942200"></trkpt>
      <trkpt lat="42.4979700" lon="12.9941100"></trkpt>
      <trkpt lat="42.4979800" lon="12.9941000"></trkpt>
      <trkpt lat="42.4980200" lon="12.9940600"></trkpt>
      <trkpt lat="42.4982100" lon="12.9938600"></trkpt>
      <trkpt lat="42.4983100" lon="12.9937900"></trkpt>
      <trkpt lat="42.4983300" lon="12.9937800"></trkpt>
      <trkpt lat="42.4983600" lon="12.9937700"></trkpt>
      <trkpt lat="42.4984400" lon="12.9937500"></trkpt>
      <trkpt lat="42.4986200" lon="12.9937400"></trkpt>
      <trkpt lat="42.4986700" lon="12.9937400"></trkpt>
      <trkpt lat="42.4987900" lon="12.9937300"></trkpt>
      <trkpt lat="42.4988000" lon="12.9937300"></trkpt>
      <trkpt lat="42.4988500" lon="12.9937300"></trkpt>
      <trkpt lat="42.4990500" lon="12.9937100"></trkpt>
      <trkpt lat="42.4991000" lon="12.9936900"></trkpt>
      <trkpt lat="42.4991400" lon="12.9936800"></trkpt>
      <trkpt lat="42.4991600" lon="12.9936700"></trkpt>
      <trkpt lat="42.4991700" lon="12.9936600"></trkpt>
      <trkpt lat="42.4992700" lon="12.9935500"></trkpt>
      <trkpt lat="42.4993000" lon="12.9935100"></trkpt>
      <trkpt lat="42.4993700" lon="12.9934200"></trkpt>
      <trkpt lat="42.4994200" lon="12.9933300"></trkpt>
      <trkpt lat="42.4995000" lon="12.9932000"></trkpt>
      <trkpt lat="42.4998000" lon="12.9928200"></trkpt>
      <trkpt lat="42.4999200" lon="12.9926600"></trkpt>
      <trkpt lat="42.4999300" lon="12.9926500"></trkpt>
      <trkpt lat="42.4999500" lon="12.9926300"></trkpt>
      <trkpt lat="42.4999500" lon="12.9926200"></trkpt>
      <trkpt lat="42.5000700" lon="12.9924900"></trkpt>
      <trkpt lat="42.5000900" lon="12.9924700"></trkpt>
      <trkpt lat="42.5001100" lon="12.9924500"></trkpt>
      <trkpt lat="42.5002100" lon="12.9923400"></trkpt>
      <trkpt lat="42.5002300" lon="12.9923100"></trkpt>
      <trkpt lat="42.5002500" lon="12.9922900"></trkpt>
      <trkpt lat="42.5003500" lon="12.9921800"></trkpt>
      <trkpt lat="42.5006400" lon="12.9918600"></trkpt>
      <trkpt lat="42.5007400" lon="12.9917900"></trkpt>
      <trkpt lat="42.5007900" lon="12.9917800"></trkpt>
      <trkpt lat="42.5008200" lon="12.9917700"></trkpt>
      <trkpt lat="42.5008400" lon="12.9917700"></trkpt>
      <trkpt lat="42.5008500" lon="12.9917700"></trkpt>
      <trkpt lat="42.5008800" lon="12.9917900"></trkpt>
      <trkpt lat="42.5009100" lon="12.9918000"></trkpt>
      <trkpt lat="42.5009200" lon="12.9918200"></trkpt>
      <trkpt lat="42.5009300" lon="12.9918300"></trkpt>
      <trkpt lat="42.5009300" lon="12.9918400"></trkpt>
      <trkpt lat="42.5009400" lon="12.9918600"></trkpt>
      <trkpt lat="42.5009600" lon="12.9918900"></trkpt>
      <trkpt lat="42.5009700" lon="12.9919200"></trkpt>
      <trkpt lat="42.5009800" lon="12.9919600"></trkpt>
      <trkpt lat="42.5009800" lon="12.9919800"></trkpt>
      <trkpt lat="42.5009800" lon="12.9920100"></trkpt>
      <trkpt lat="42.5009700" lon="12.9920500"></trkpt>
      <trkpt lat="42.5009700" lon="12.9920700"></trkpt>
      <trkpt lat="42.5009600" lon="12.9920900"></trkpt>
      <trkpt lat="42.5009600" lon="12.9921100"></trkpt>
      <trkpt lat="42.5009500" lon="12.9921200"></trkpt>
      <trkpt lat="42.5009500" lon="12.9921300"></trkpt>
      <trkpt lat="42.5009100" lon="12.9922000"></trkpt>
      <trkpt lat="42.5008600" lon="12.9922600"></trkpt>
      <trkpt lat="42.5008500" lon="12.9922800"></trkpt>
      <trkpt lat="42.5008400" lon="12.9922900"></trkpt>
      <trkpt lat="42.5008200" lon="12.9923000"></trkpt>
      <trkpt lat="42.5008100" lon="12.9923200"></trkpt>
      <trkpt lat="42.5006600" lon="12.9924500"></trkpt>
      <trkpt lat="42.5006400" lon="12.9924700"></trkpt>
      <trkpt lat="42.5005600" lon="12.9925600"></trkpt>
      <trkpt lat="42.5005300" lon="12.9925800"></trkpt>
      <trkpt lat="42.5005200" lon="12.9926000"></trkpt>
      <trkpt lat="42.5005100" lon="12.9926000"></trkpt>
      <trkpt lat="42.5004400" lon="12.9927100"></trkpt>
      <trkpt lat="42.5004400" lon="12.9927300"></trkpt>
      <trkpt lat="42.5004300" lon="12.9927300"></trkpt>
      <trkpt lat="42.5004200" lon="12.9927600"></trkpt>
      <trkpt lat="42.5004100" lon="12.9928000"></trkpt>
      <trkpt lat="42.5003900" lon="12.9928600"></trkpt>
      <trkpt lat="42.5003800" lon="12.9928700"></trkpt>
      <trkpt lat="42.5003800" lon="12.9929100"></trkpt>
      <trkpt lat="42.5003700" lon="12.9929500"></trkpt>
      <trkpt lat="42.5003700" lon="12.9929900"></trkpt>
      <trkpt lat="42.5003700" lon="12.9930500"></trkpt>
      <trkpt lat="42.5003800" lon="12.9931000"></trkpt>
      <trkpt lat="42.5004000" lon="12.9931400"></trkpt>
      <trkpt lat="42.5004200" lon="12.9931600"></trkpt>
      <trkpt lat="42.5004300" lon="12.9931800"></trkpt>
      <trkpt lat="42.5004500" lon="12.9932000"></trkpt>
      <trkpt lat="42.5004700" lon="12.9932200"></trkpt>
      <trkpt lat="42.5005000" lon="12.9932300"></trkpt>
      <trkpt lat="42.5005100" lon="12.9932200"></trkpt>
      <trkpt lat="42.5005300" lon="12.9932300"></trkpt>
      <trkpt lat="42.5005600" lon="12.9932200"></trkpt>
      <trkpt lat="42.5005700" lon="12.9932200"></trkpt>
      <trkpt lat="42.5005900" lon="12.9932000"></trkpt>
      <trkpt lat="42.5006000" lon="12.9932000"></trkpt>
      <trkpt lat="42.5006100" lon="12.9931900"></trkpt>
      <trkpt lat="42.5006400" lon="12.9931700"></trkpt>
      <trkpt lat="42.5006500" lon="12.9931500"></trkpt>
      <trkpt lat="42.5006600" lon="12.9931400"></trkpt>
      <trkpt lat="42.5006700" lon="12.9931200"></trkpt>
      <trkpt lat="42.5006800" lon="12.9930800"></trkpt>
      <trkpt lat="42.5006900" lon="12.9930500"></trkpt>
      <trkpt lat="42.5007000" lon="12.9930100"></trkpt>
      <trkpt lat="42.5007200" lon="12.9929500"></trkpt>
      <trkpt lat="42.5007300" lon="12.9929200"></trkpt>
      <trkpt lat="42.5007600" lon="12.9928100"></trkpt>
      <trkpt lat="42.5007600" lon="12.9928000"></trkpt>
      <trkpt lat="42.5007700" lon="12.9927900"></trkpt>
      <trkpt lat="42.5008000" lon="12.9927600"></trkpt>
      <trkpt lat="42.5008100" lon="12.9927400"></trkpt>
      <trkpt lat="42.5008200" lon="12.9927300"></trkpt>
      <trkpt lat="42.5008500" lon="12.9927200"></trkpt>
      <trkpt lat="42.5008600" lon="12.9927100"></trkpt>
      <trkpt lat="42.5008700" lon="12.9927000"></trkpt>
      <trkpt lat="42.5008900" lon="12.9927000"></trkpt>
      <trkpt lat="42.5009100" lon="12.9927000"></trkpt>
      <trkpt lat="42.5009300" lon="12.9927000"></trkpt>
      <trkpt lat="42.5009500" lon="12.9927100"></trkpt>
      <trkpt lat="42.5009600" lon="12.9927200"></trkpt>
      <trkpt lat="42.5009900" lon="12.9927300"></trkpt>
      <trkpt lat="42.5010200" lon="12.9927500"></trkpt>
      <trkpt lat="42.5010400" lon="12.9927800"></trkpt>
      <trkpt lat="42.5010500" lon="12.9928000"></trkpt>
      <trkpt lat="42.5010600" lon="12.9928200"></trkpt>
      <trkpt lat="42.5010600" lon="12.9928500"></trkpt>
      <trkpt lat="42.5010600" lon="12.9928600"></trkpt>
      <trkpt lat="42.5010700" lon="12.9928800"></trkpt>
      <trkpt lat="42.5010700" lon="12.9928900"></trkpt>
      <trkpt lat="42.5010700" lon="12.9929200"></trkpt>
      <trkpt lat="42.5010700" lon="12.9929700"></trkpt>
      <trkpt lat="42.5010600" lon="12.9930400"></trkpt>
      <trkpt lat="42.5010600" lon="12.9930600"></trkpt>
      <trkpt lat="42.5010500" lon="12.9930900"></trkpt>
      <trkpt lat="42.5010500" lon="12.9931000"></trkpt>
      <trkpt lat="42.5010400" lon="12.9931400"></trkpt>
      <trkpt lat="42.5010400" lon="12.9931500"></trkpt>
      <trkpt lat="42.5010200" lon="12.9932000"></trkpt>
      <trkpt lat="42.5009900" lon="12.9932400"></trkpt>
      <trkpt lat="42.5009800" lon="12.9932700"></trkpt>
      <trkpt lat="42.5009500" lon="12.9933100"></trkpt>
      <trkpt lat="42.5008000" lon="12.9934400"></trkpt>
      <trkpt lat="42.5007100" lon="12.9935200"></trkpt>
      <trkpt lat="42.5006600" lon="12.9935600"></trkpt>
      <trkpt lat="42.5006100" lon="12.9935900"></trkpt>
      <trkpt lat="42.5005400" lon="12.9936400"></trkpt>
      <trkpt lat="42.5005100" lon="12.9936600"></trkpt>
      <trkpt lat="42.5005000" lon="12.9936700"></trkpt>
      <trkpt lat="42.5004700" lon="12.9936800"></trkpt>
      <trkpt lat="42.5004500" lon="12.9936900"></trkpt>
      <trkpt lat="42.5003800" lon="12.9937300"></trkpt>
      <trkpt lat="42.5003500" lon="12.9937600"></trkpt>
      <trkpt lat="42.5003400" lon="12.9937800"></trkpt>
      <trkpt lat="42.5003200" lon="12.9938000"></trkpt>
      <trkpt lat="42.5003000" lon="12.9938200"></trkpt>
      <trkpt lat="42.5002900" lon="12.9938400"></trkpt>
      <trkpt lat="42.5002800" lon="12.9938500"></trkpt>
      <trkpt lat="42.5002800" lon="12.9938600"></trkpt>
      <trkpt lat="42.5002600" lon="12.9939300"></trkpt>
      <trkpt lat="42.5002600" lon="12.9939500"></trkpt>
      <trkpt lat="42.5002600" lon="12.9940200"></trkpt>
      <trkpt lat="42.5002700" lon="12.9940400"></trkpt>
      <trkpt lat="42.5002700" lon="12.9940600"></trkpt>
      <trkpt lat="42.5002800" lon="12.9940800"></trkpt>
      <trkpt lat="42.5003000" lon="12.9941100"></trkpt>
      <trkpt lat="42.5003200" lon="12.9941300"></trkpt>
      <trkpt lat="42.5003500" lon="12.9941600"></trkpt>
      <trkpt lat="42.5003800" lon="12.9941700"></trkpt>
      <trkpt lat="42.5004100" lon="12.9941800"></trkpt>
      <trkpt lat="42.5004200" lon="12.9941900"></trkpt>
      <trkpt lat="42.5004400" lon="12.9941900"></trkpt>
      <trkpt lat="42.5004900" lon="12.9941800"></trkpt>
      <trkpt lat="42.5005200" lon="12.9941800"></trkpt>
      <trkpt lat="42.5005400" lon="12.9941700"></trkpt>
      <trkpt lat="42.5005700" lon="12.9941700"></trkpt>
      <trkpt lat="42.5005900" lon="12.9941600"></trkpt>
      <trkpt lat="42.5006900" lon="12.9941400"></trkpt>
      <trkpt lat="42.5007200" lon="12.9941300"></trkpt>
      <trkpt lat="42.5008700" lon="12.9940700"></trkpt>
      <trkpt lat="42.5008900" lon="12.9940700"></trkpt>
      <trkpt lat="42.5010600" lon="12.9940000"></trkpt>
      <trkpt lat="42.5011900" lon="12.9939400"></trkpt>
      <trkpt lat="42.5014100" lon="12.9938200"></trkpt>
      <trkpt lat="42.5014300" lon="12.9938100"></trkpt>
      <trkpt lat="42.5014900" lon="12.9937600"></trkpt>
      <trkpt lat="42.5015300" lon="12.9937400"></trkpt>
      <trkpt lat="42.5015600" lon="12.9937200"></trkpt>
      <trkpt lat="42.5015800" lon="12.9937100"></trkpt>
      <trkpt lat="42.5016000" lon="12.9936800"></trkpt>
      <trkpt lat="42.5017100" lon="12.9935800"></trkpt>
      <trkpt lat="42.5017500" lon="12.9935400"></trkpt>
      <trkpt lat="42.5018000" lon="12.9934900"></trkpt>
      <trkpt lat="42.5018400" lon="12.9934200"></trkpt>
      <trkpt lat="42.5020100" lon="12.9932000"></trkpt>
      <trkpt lat="42.5021000" lon="12.9930800"></trkpt>
      <trkpt lat="42.5021400" lon="12.9930300"></trkpt>
      <trkpt lat="42.5023000" lon="12.9928200"></trkpt>
      <trkpt lat="42.5023100" lon="12.9928100"></trkpt>
      <trkpt lat="42.5023400" lon="12.9927800"></trkpt>
      <trkpt lat="42.5024100" lon="12.9927100"></trkpt>
      <trkpt lat="42.5024200" lon="12.9927000"></trkpt>
      <trkpt lat="42.5024900" lon="12.9926400"></trkpt>
      <trkpt lat="42.5025400" lon="12.9926000"></trkpt>
      <trkpt lat="42.5026600" lon="12.9925200"></trkpt>
      <trkpt lat="42.5026800" lon="12.9925100"></trkpt>
      <trkpt lat="42.5027300" lon="12.9925000"></trkpt>
      <trkpt lat="42.5027500" lon="12.9924900"></trkpt>
      <trkpt lat="42.5029600" lon="12.9924400"></trkpt>
      <trkpt lat="42.5030800" lon="12.9924200"></trkpt>
      <trkpt lat="42.5032600" lon="12.9924000"></trkpt>
      <trkpt lat="42.5033600" lon="12.9923800"></trkpt>
      <trkpt lat="42.5033900" lon="12.9923800"></trkpt>
      <trkpt lat="42.5034900" lon="12.9923600"></trkpt>
      <trkpt lat="42.5035400" lon="12.9923600"></trkpt>
      <trkpt lat="42.5036700" lon="12.9923400"></trkpt>
      <trkpt lat="42.5037200" lon="12.9923300"></trkpt>
      <trkpt lat="42.5037500" lon="12.9923300"></trkpt>
      <trkpt lat="42.5038000" lon="12.9923300"></trkpt>
      <trkpt lat="42.5039000" lon="12.9923400"></trkpt>
      <trkpt lat="42.5039800" lon="12.9923500"></trkpt>
      <trkpt lat="42.5040000" lon="12.9923500"></trkpt>
      <trkpt lat="42.5040800" lon="12.9923500"></trkpt>
      <trkpt lat="42.5041100" lon="12.9923600"></trkpt>
      <trkpt lat="42.5042100" lon="12.9923600"></trkpt>
      <trkpt lat="42.5042200" lon="12.9923600"></trkpt>
      <trkpt lat="42.5042600" lon="12.9923600"></trkpt>
      <trkpt lat="42.5042800" lon="12.9923600"></trkpt>
      <trkpt lat="42.5044200" lon="12.9923400"></trkpt>
      <trkpt lat="42.5048100" lon="12.9922000"></trkpt>
      <trkpt lat="42.5048600" lon="12.9921800"></trkpt>
      <trkpt lat="42.5049100" lon="12.9921600"></trkpt>
      <trkpt lat="42.5049500" lon="12.9921400"></trkpt>
      <trkpt lat="42.5050300" lon="12.9921100"></trkpt>
      <trkpt lat="42.5051600" lon="12.9920700"></trkpt>
      <trkpt lat="42.5054000" lon="12.9919800"></trkpt>
      <trkpt lat="42.5057000" lon="12.9918600"></trkpt>
      <trkpt lat="42.5058400" lon="12.9917900"></trkpt>
      <trkpt lat="42.5059100" lon="12.9917500"></trkpt>
      <trkpt lat="42.5059400" lon="12.9917300"></trkpt>
      <trkpt lat="42.5059800" lon="12.9917000"></trkpt>
      <trkpt lat="42.5060100" lon="12.9916800"></trkpt>
      <trkpt lat="42.5060500" lon="12.9916500"></trkpt>
      <trkpt lat="42.5061400" lon="12.9915900"></trkpt>
      <trkpt lat="42.5061800" lon="12.9915500"></trkpt>
      <trkpt lat="42.5062100" lon="12.9915300"></trkpt>
      <trkpt lat="42.5063100" lon="12.9914300"></trkpt>
      <trkpt lat="42.5066500" lon="12.9911100"></trkpt>
      <trkpt lat="42.5066700" lon="12.9911000"></trkpt>
      <trkpt lat="42.5068100" lon="12.9909900"></trkpt>
      <trkpt lat="42.5069200" lon="12.9909000"></trkpt>
      <trkpt lat="42.5069300" lon="12.9908800"></trkpt>
      <trkpt lat="42.5070100" lon="12.9908400"></trkpt>
      <trkpt lat="42.5070600" lon="12.9908200"></trkpt>
      <trkpt lat="42.5071500" lon="12.9907800"></trkpt>
      <trkpt lat="42.5071800" lon="12.9907600"></trkpt>
      <trkpt lat="42.5072200" lon="12.9907400"></trkpt>
      <trkpt lat="42.5073000" lon="12.9907100"></trkpt>
      <trkpt lat="42.5075900" lon="12.9905800"></trkpt>
      <trkpt lat="42.5076400" lon="12.9905500"></trkpt>
      <trkpt lat="42.5078100" lon="12.9904800"></trkpt>
      <trkpt lat="42.5078300" lon="12.9904700"></trkpt>
      <trkpt lat="42.5079400" lon="12.9904300"></trkpt>
      <trkpt lat="42.5081600" lon="12.9903300"></trkpt>
      <trkpt lat="42.5081700" lon="12.9903300"></trkpt>
      <trkpt lat="42.5083300" lon="12.9902900"></trkpt>
      <trkpt lat="42.5083700" lon="12.9902900"></trkpt>
      <trkpt lat="42.5084300" lon="12.9902800"></trkpt>
      <trkpt lat="42.5084600" lon="12.9902800"></trkpt>
      <trkpt lat="42.5085100" lon="12.9902700"></trkpt>
      <trkpt lat="42.5086300" lon="12.9902600"></trkpt>
      <trkpt lat="42.5086400" lon="12.9902600"></trkpt>
      <trkpt lat="42.5088700" lon="12.9902600"></trkpt>
      <trkpt lat="42.5088800" lon="12.9902600"></trkpt>
      <trkpt lat="42.5090000" lon="12.9902400"></trkpt>
      <trkpt lat="42.5090500" lon="12.9902300"></trkpt>
      <trkpt lat="42.5091800" lon="12.9902200"></trkpt>
      <trkpt lat="42.5092300" lon="12.9902100"></trkpt>
      <trkpt lat="42.5093600" lon="12.9902000"></trkpt>
      <trkpt lat="42.5094100" lon="12.9902000"></trkpt>
      <trkpt lat="42.5094700" lon="12.9901900"></trkpt>
      <trkpt lat="42.5097200" lon="12.9901600"></trkpt>
      <trkpt lat="42.5098100" lon="12.9901500"></trkpt>
      <trkpt lat="42.5100800" lon="12.9900900"></trkpt>
      <trkpt lat="42.5101200" lon="12.9900700"></trkpt>
      <trkpt lat="42.5103000" lon="12.9900100"></trkpt>
      <trkpt lat="42.5103100" lon="12.9900000"></trkpt>
      <trkpt lat="42.5103400" lon="12.9899900"></trkpt>
      <trkpt lat="42.5107100" lon="12.9898400"></trkpt>
      <trkpt lat="42.5112500" lon="12.9896100"></trkpt>
      <trkpt lat="42.5113400" lon="12.9895900"></trkpt>
      <trkpt lat="42.5114100" lon="12.9895800"></trkpt>
      <trkpt lat="42.5115000" lon="12.9895800"></trkpt>
      <trkpt lat="42.5115900" lon="12.9895900"></trkpt>
      <trkpt lat="42.5118100" lon="12.9896200"></trkpt>
      <trkpt lat="42.5119000" lon="12.9896200"></trkpt>
      <trkpt lat="42.5119800" lon="12.9896100"></trkpt>
      <trkpt lat="42.5120700" lon="12.9895900"></trkpt>
      <trkpt lat="42.5121300" lon="12.9895700"></trkpt>
      <trkpt lat="42.5122100" lon="12.9895400"></trkpt>
      <trkpt lat="42.5122200" lon="12.9895300"></trkpt>
      <trkpt lat="42.5123600" lon="12.9894900"></trkpt>
      <trkpt lat="42.5125100" lon="12.9894700"></trkpt>
      <trkpt lat="42.5125800" lon="12.9894600"></trkpt>
      <trkpt lat="42.5126800" lon="12.9894400"></trkpt>
      <trkpt lat="42.5127500" lon="12.9894200"></trkpt>
      <trkpt lat="42.5132900" lon="12.9893300"></trkpt>
      <trkpt lat="42.5134000" lon="12.9893100"></trkpt>
      <trkpt lat="42.5138200" lon="12.9892400"></trkpt>
      <trkpt lat="42.5139000" lon="12.9892200"></trkpt>
      <trkpt lat="42.5141300" lon="12.9891600"></trkpt>
      <trkpt lat="42.5143600" lon="12.9891300"></trkpt>
      <trkpt lat="42.5144500" lon="12.9891200"></trkpt>
      <trkpt lat="42.5148300" lon="12.9891100"></trkpt>
      <trkpt lat="42.5150400" lon="12.9891300"></trkpt>
      <trkpt lat="42.5150800" lon="12.9891300"></trkpt>
      <trkpt lat="42.5151900" lon="12.9891200"></trkpt>
      <trkpt lat="42.5152600" lon="12.9891200"></trkpt>
      <trkpt lat="42.5152700" lon="12.9891200"></trkpt>
      <trkpt lat="42.5153600" lon="12.9890700"></trkpt>
      <trkpt lat="42.5155200" lon="12.9889800"></trkpt>
      <trkpt lat="42.5155800" lon="12.9889300"></trkpt>
      <trkpt lat="42.5156200" lon="12.9889000"></trkpt>
      <trkpt lat="42.5158000" lon="12.9887100"></trkpt>
      <trkpt lat="42.5158800" lon="12.9886100"></trkpt>
      <trkpt lat="42.5159300" lon="12.9885100"></trkpt>
      <trkpt lat="42.5159700" lon="12.9884100"></trkpt>
      <trkpt lat="42.5159900" lon="12.9883200"></trkpt>
      <trkpt lat="42.5160100" lon="12.9882000"></trkpt>
      <trkpt lat="42.5160200" lon="12.9881900"></trkpt>
      <trkpt lat="42.5160300" lon="12.9879300"></trkpt>
      <trkpt lat="42.5160400" lon="12.9878000"></trkpt>
      <trkpt lat="42.5160400" lon="12.9876500"></trkpt>
      <trkpt lat="42.5160500" lon="12.9875900"></trkpt>
      <trkpt lat="42.5160500" lon="12.9874000"></trkpt>
      <trkpt lat="42.5160600" lon="12.9873100"></trkpt>
      <trkpt lat="42.5160700" lon="12.9868200"></trkpt>
      <trkpt lat="42.5160800" lon="12.9865800"></trkpt>
      <trkpt lat="42.5160800" lon="12.9863400"></trkpt>
      <trkpt lat="42.5160800" lon="12.9863300"></trkpt>
      <trkpt lat="42.5160900" lon="12.9862500"></trkpt>
      <trkpt lat="42.5161000" lon="12.9861300"></trkpt>
      <trkpt lat="42.5161000" lon="12.9860900"></trkpt>
      <trkpt lat="42.5161200" lon="12.9858300"></trkpt>
      <trkpt lat="42.5161700" lon="12.9856300"></trkpt>
      <trkpt lat="42.5162100" lon="12.9855200"></trkpt>
      <trkpt lat="42.5162300" lon="12.9854700"></trkpt>
      <trkpt lat="42.5162500" lon="12.9854400"></trkpt>
      <trkpt lat="42.5162700" lon="12.9854100"></trkpt>
      <trkpt lat="42.5163200" lon="12.9853500"></trkpt>
      <trkpt lat="42.5163900" lon="12.9852900"></trkpt>
      <trkpt lat="42.5164200" lon="12.9852700"></trkpt>
      <trkpt lat="42.5165100" lon="12.9852000"></trkpt>
      <trkpt lat="42.5165500" lon="12.9851800"></trkpt>
      <trkpt lat="42.5165700" lon="12.9851600"></trkpt>
      <trkpt lat="42.5166600" lon="12.9851000"></trkpt>
      <trkpt lat="42.5172100" lon="12.9847400"></trkpt>
      <trkpt lat="42.5172900" lon="12.9846800"></trkpt>
      <trkpt lat="42.5173700" lon="12.9846100"></trkpt>
      <trkpt lat="42.5173700" lon="12.9846000"></trkpt>
      <trkpt lat="42.5174600" lon="12.9844900"></trkpt>
      <trkpt lat="42.5175300" lon="12.9843900"></trkpt>
      <trkpt lat="42.5175900" lon="12.9842800"></trkpt>
      <trkpt lat="42.5176100" lon="12.9842300"></trkpt>
      <trkpt lat="42.5176500" lon="12.9841100"></trkpt>
      <trkpt lat="42.5177500" lon="12.9838300"></trkpt>
      <trkpt lat="42.5177600" lon="12.9837900"></trkpt>
      <trkpt lat="42.5177700" lon="12.9837600"></trkpt>
      <trkpt lat="42.5178300" lon="12.9835700"></trkpt>
      <trkpt lat="42.5180400" lon="12.9829900"></trkpt>
      <trkpt lat="42.5180600" lon="12.9829400"></trkpt>
      <trkpt lat="42.5180800" lon="12.9828900"></trkpt>
      <trkpt lat="42.5181200" lon="12.9827600"></trkpt>
      <trkpt lat="42.5181400" lon="12.9826900"></trkpt>
      <trkpt lat="42.5182000" lon="12.9825400"></trkpt>
      <trkpt lat="42.5182100" lon="12.9824700"></trkpt>
      <trkpt lat="42.5182100" lon="12.9824600"></trkpt>
      <trkpt lat="42.5182200" lon="12.9824300"></trkpt>
      <trkpt lat="42.5182300" lon="12.9824100"></trkpt>
      <trkpt lat="42.5182600" lon="12.9822700"></trkpt>
      <trkpt lat="42.5183200" lon="12.9819800"></trkpt>
      <trkpt lat="42.5183500" lon="12.9818100"></trkpt>
      <trkpt lat="42.5184100" lon="12.9816000"></trkpt>
      <trkpt lat="42.5184300" lon="12.9815400"></trkpt>
      <trkpt lat="42.5184300" lon="12.9815300"></trkpt>
      <trkpt lat="42.5184500" lon="12.9814800"></trkpt>
      <trkpt lat="42.5184600" lon="12.9814400"></trkpt>
      <trkpt lat="42.5185000" lon="12.9813400"></trkpt>
      <trkpt lat="42.5185100" lon="12.9813100"></trkpt>
      <trkpt lat="42.5187000" lon="12.9807600"></trkpt>
      <trkpt lat="42.5187400" lon="12.9806300"></trkpt>
      <trkpt lat="42.5187900" lon="12.9804000"></trkpt>
      <trkpt lat="42.5188100" lon="12.9801700"></trkpt>
      <trkpt lat="42.5188200" lon="12.9799300"></trkpt>
      <trkpt lat="42.5188300" lon="12.9798800"></trkpt>
      <trkpt lat="42.5188400" lon="12.9796900"></trkpt>
      <trkpt lat="42.5188500" lon="12.9795900"></trkpt>
      <trkpt lat="42.5188600" lon="12.9794500"></trkpt>
      <trkpt lat="42.5188600" lon="12.9793800"></trkpt>
      <trkpt lat="42.5188700" lon="12.9793400"></trkpt>
      <trkpt lat="42.5188700" lon="12.9793100"></trkpt>
      <trkpt lat="42.5188700" lon="12.9789600"></trkpt>
      <trkpt lat="42.5188700" lon="12.9789400"></trkpt>
      <trkpt lat="42.5188400" lon="12.9787100"></trkpt>
      <trkpt lat="42.5188000" lon="12.9784800"></trkpt>
      <trkpt lat="42.5188000" lon="12.9784400"></trkpt>
      <trkpt lat="42.5187600" lon="12.9782400"></trkpt>
      <trkpt lat="42.5187500" lon="12.9781900"></trkpt>
      <trkpt lat="42.5187200" lon="12.9780000"></trkpt>
      <trkpt lat="42.5187200" lon="12.9779800"></trkpt>
      <trkpt lat="42.5187000" lon="12.9777900"></trkpt>
      <trkpt lat="42.5187000" lon="12.9777600"></trkpt>
      <trkpt lat="42.5187000" lon="12.9777000"></trkpt>
      <trkpt lat="42.5187000" lon="12.9776600"></trkpt>
      <trkpt lat="42.5187000" lon="12.9775700"></trkpt>
      <trkpt lat="42.5187100" lon="12.9775200"></trkpt>
      <trkpt lat="42.5187200" lon="12.9772700"></trkpt>
      <trkpt lat="42.5187200" lon="12.9772600"></trkpt>
      <trkpt lat="42.5187300" lon="12.9770000"></trkpt>
      <trkpt lat="42.5187500" lon="12.9768600"></trkpt>
      <trkpt lat="42.5187600" lon="12.9767900"></trkpt>
      <trkpt lat="42.5187800" lon="12.9766300"></trkpt>
      <trkpt lat="42.5188000" lon="12.9765500"></trkpt>
      <trkpt lat="42.5188400" lon="12.9763200"></trkpt>
      <trkpt lat="42.5188400" lon="12.9763100"></trkpt>
      <trkpt lat="42.5188600" lon="12.9762200"></trkpt>
      <trkpt lat="42.5188700" lon="12.9761600"></trkpt>
      <trkpt lat="42.5188900" lon="12.9760800"></trkpt>
      <trkpt lat="42.5189100" lon="12.9759500"></trkpt>
      <trkpt lat="42.5189800" lon="12.9756100"></trkpt>
      <trkpt lat="42.5190200" lon="12.9753700"></trkpt>
      <trkpt lat="42.5190700" lon="12.9751400"></trkpt>
      <trkpt lat="42.5191000" lon="12.9749800"></trkpt>
      <trkpt lat="42.5191200" lon="12.9747700"></trkpt>
      <trkpt lat="42.5191300" lon="12.9745000"></trkpt>
      <trkpt lat="42.5191400" lon="12.9744100"></trkpt>
      <trkpt lat="42.5191500" lon="12.9741200"></trkpt>
      <trkpt lat="42.5191600" lon="12.9739200"></trkpt>
      <trkpt lat="42.5191600" lon="12.9738000"></trkpt>
      <trkpt lat="42.5191800" lon="12.9734400"></trkpt>
      <trkpt lat="42.5191900" lon="12.9732700"></trkpt>
      <trkpt lat="42.5191900" lon="12.9731900"></trkpt>
      <trkpt lat="42.5192100" lon="12.9729500"></trkpt>
      <trkpt lat="42.5192100" lon="12.9729000"></trkpt>
      <trkpt lat="42.5192400" lon="12.9727100"></trkpt>
      <trkpt lat="42.5192500" lon="12.9726300"></trkpt>
      <trkpt lat="42.5192800" lon="12.9724500"></trkpt>
      <trkpt lat="42.5193100" lon="12.9722100"></trkpt>
      <trkpt lat="42.5193400" lon="12.9719600"></trkpt>
      <trkpt lat="42.5193500" lon="12.9717700"></trkpt>
      <trkpt lat="42.5193600" lon="12.9716100"></trkpt>
      <trkpt lat="42.5193600" lon="12.9715300"></trkpt>
      <trkpt lat="42.5193600" lon="12.9714800"></trkpt>
      <trkpt lat="42.5193600" lon="12.9712800"></trkpt>
      <trkpt lat="42.5193400" lon="12.9709900"></trkpt>
      <trkpt lat="42.5193400" lon="12.9709700"></trkpt>
      <trkpt lat="42.5193300" lon="12.9707500"></trkpt>
      <trkpt lat="42.5193200" lon="12.9706900"></trkpt>
      <trkpt lat="42.5193300" lon="12.9705300"></trkpt>
      <trkpt lat="42.5193300" lon="12.9705000"></trkpt>
      <trkpt lat="42.5193500" lon="12.9703900"></trkpt>
      <trkpt lat="42.5193700" lon="12.9702700"></trkpt>
      <trkpt lat="42.5193800" lon="12.9702700"></trkpt>
      <trkpt lat="42.5193800" lon="12.9702300"></trkpt>
      <trkpt lat="42.5194000" lon="12.9701600"></trkpt>
      <trkpt lat="42.5194300" lon="12.9700600"></trkpt>
      <trkpt lat="42.5194300" lon="12.9700400"></trkpt>
      <trkpt lat="42.5194500" lon="12.9699000"></trkpt>
      <trkpt lat="42.5194600" lon="12.9698000"></trkpt>
      <trkpt lat="42.5194600" lon="12.9697800"></trkpt>
      <trkpt lat="42.5194600" lon="12.9696800"></trkpt>
      <trkpt lat="42.5194600" lon="12.9696500"></trkpt>
      <trkpt lat="42.5194400" lon="12.9694400"></trkpt>
      <trkpt lat="42.5194300" lon="12.9693200"></trkpt>
      <trkpt lat="42.5194300" lon="12.9692700"></trkpt>
      <trkpt lat="42.5194500" lon="12.9691400"></trkpt>
      <trkpt lat="42.5194900" lon="12.9690000"></trkpt>
      <trkpt lat="42.5195500" lon="12.9688700"></trkpt>
      <trkpt lat="42.5195500" lon="12.9688600"></trkpt>
      <trkpt lat="42.5196200" lon="12.9686900"></trkpt>
      <trkpt lat="42.5196900" lon="12.9684700"></trkpt>
      <trkpt lat="42.5197400" lon="12.9682100"></trkpt>
      <trkpt lat="42.5197400" lon="12.9681900"></trkpt>
      <trkpt lat="42.5197800" lon="12.9678700"></trkpt>
      <trkpt lat="42.5198400" lon="12.9675700"></trkpt>
      <trkpt lat="42.5199000" lon="12.9673200"></trkpt>
      <trkpt lat="42.5199300" lon="12.9672500"></trkpt>
      <trkpt lat="42.5199700" lon="12.9671400"></trkpt>
      <trkpt lat="42.5200100" lon="12.9670300"></trkpt>
      <trkpt lat="42.5200300" lon="12.9669500"></trkpt>
      <trkpt lat="42.5201200" lon="12.9666600"></trkpt>
      <trkpt lat="42.5201300" lon="12.9665800"></trkpt>
      <trkpt lat="42.5201800" lon="12.9663400"></trkpt>
      <trkpt lat="42.5202500" lon="12.9658600"></trkpt>
      <trkpt lat="42.5202600" lon="12.9658100"></trkpt>
      <trkpt lat="42.5202900" lon="12.9656200"></trkpt>
      <trkpt lat="42.5203000" lon="12.9655700"></trkpt>
      <trkpt lat="42.5203000" lon="12.9655000"></trkpt>
      <trkpt lat="42.5203000" lon="12.9653800"></trkpt>
      <trkpt lat="42.5203000" lon="12.9653000"></trkpt>
      <trkpt lat="42.5203200" lon="12.9650100"></trkpt>
      <trkpt lat="42.5203400" lon="12.9649000"></trkpt>
      <trkpt lat="42.5203600" lon="12.9647800"></trkpt>
      <trkpt lat="42.5204100" lon="12.9646000"></trkpt>
      <trkpt lat="42.5204800" lon="12.9643800"></trkpt>
      <trkpt lat="42.5204900" lon="12.9643200"></trkpt>
      <trkpt lat="42.5205100" lon="12.9642500"></trkpt>
      <trkpt lat="42.5205200" lon="12.9642100"></trkpt>
      <trkpt lat="42.5205300" lon="12.9641500"></trkpt>
      <trkpt lat="42.5205400" lon="12.9640800"></trkpt>
      <trkpt lat="42.5205500" lon="12.9638800"></trkpt>
      <trkpt lat="42.5205600" lon="12.9637300"></trkpt>
      <trkpt lat="42.5205600" lon="12.9635800"></trkpt>
      <trkpt lat="42.5205700" lon="12.9633000"></trkpt>
      <trkpt lat="42.5205800" lon="12.9632500"></trkpt>
      <trkpt lat="42.5206000" lon="12.9631200"></trkpt>
      <trkpt lat="42.5206000" lon="12.9631100"></trkpt>
      <trkpt lat="42.5206500" lon="12.9629500"></trkpt>
      <trkpt lat="42.5207000" lon="12.9627900"></trkpt>
      <trkpt lat="42.5207100" lon="12.9627600"></trkpt>
      <trkpt lat="42.5207700" lon="12.9625400"></trkpt>
      <trkpt lat="42.5208200" lon="12.9623300"></trkpt>
      <trkpt lat="42.5208400" lon="12.9622400"></trkpt>
      <trkpt lat="42.5208700" lon="12.9621000"></trkpt>
      <trkpt lat="42.5209000" lon="12.9619900"></trkpt>
      <trkpt lat="42.5209400" lon="12.9618700"></trkpt>
      <trkpt lat="42.5209700" lon="12.9617600"></trkpt>
      <trkpt lat="42.5210900" lon="12.9615700"></trkpt>
      <trkpt lat="42.5211500" lon="12.9614900"></trkpt>
      <trkpt lat="42.5212300" lon="12.9613900"></trkpt>
      <trkpt lat="42.5214200" lon="12.9611700"></trkpt>
      <trkpt lat="42.5214600" lon="12.9611100"></trkpt>
      <trkpt lat="42.5215600" lon="12.9610100"></trkpt>
      <trkpt lat="42.5216400" lon="12.9609200"></trkpt>
      <trkpt lat="42.5216800" lon="12.9608700"></trkpt>
      <trkpt lat="42.5216900" lon="12.9608500"></trkpt>
      <trkpt lat="42.5217800" lon="12.9607600"></trkpt>
      <trkpt lat="42.5218300" lon="12.9607000"></trkpt>
      <trkpt lat="42.5220000" lon="12.9605100"></trkpt>
      <trkpt lat="42.5220900" lon="12.9603700"></trkpt>
      <trkpt lat="42.5221100" lon="12.9603400"></trkpt>
      <trkpt lat="42.5221900" lon="12.9601700"></trkpt>
      <trkpt lat="42.5222200" lon="12.9601000"></trkpt>
      <trkpt lat="42.5223700" lon="12.9598400"></trkpt>
      <trkpt lat="42.5224100" lon="12.9597800"></trkpt>
      <trkpt lat="42.5224700" lon="12.9596900"></trkpt>
      <trkpt lat="42.5224900" lon="12.9596800"></trkpt>
      <trkpt lat="42.5225400" lon="12.9596400"></trkpt>
      <trkpt lat="42.5225500" lon="12.9596400"></trkpt>
      <trkpt lat="42.5225900" lon="12.9596100"></trkpt>
      <trkpt lat="42.5227200" lon="12.9595600"></trkpt>
      <trkpt lat="42.5227600" lon="12.9595500"></trkpt>
      <trkpt lat="42.5228300" lon="12.9595200"></trkpt>
      <trkpt lat="42.5228500" lon="12.9595200"></trkpt>
      <trkpt lat="42.5228800" lon="12.9594900"></trkpt>
      <trkpt lat="42.5228900" lon="12.9594900"></trkpt>
      <trkpt lat="42.5229700" lon="12.9594300"></trkpt>
      <trkpt lat="42.5230800" lon="12.9593300"></trkpt>
      <trkpt lat="42.5231800" lon="12.9592000"></trkpt>
      <trkpt lat="42.5232300" lon="12.9591500"></trkpt>
      <trkpt lat="42.5232700" lon="12.9591000"></trkpt>
      <trkpt lat="42.5233800" lon="12.9589600"></trkpt>
      <trkpt lat="42.5234500" lon="12.9588900"></trkpt>
      <trkpt lat="42.5235900" lon="12.9587500"></trkpt>
      <trkpt lat="42.5235900" lon="12.9587400"></trkpt>
      <trkpt lat="42.5236600" lon="12.9586800"></trkpt>
      <trkpt lat="42.5236900" lon="12.9586500"></trkpt>
      <trkpt lat="42.5237400" lon="12.9586100"></trkpt>
      <trkpt lat="42.5238400" lon="12.9585200"></trkpt>
      <trkpt lat="42.5238900" lon="12.9584800"></trkpt>
      <trkpt lat="42.5239300" lon="12.9584500"></trkpt>
      <trkpt lat="42.5239700" lon="12.9584100"></trkpt>
      <trkpt lat="42.5239900" lon="12.9584000"></trkpt>
      <trkpt lat="42.5242000" lon="12.9582300"></trkpt>
      <trkpt lat="42.5242400" lon="12.9582000"></trkpt>
      <trkpt lat="42.5242600" lon="12.9581800"></trkpt>
      <trkpt lat="42.5243600" lon="12.9581200"></trkpt>
      <trkpt lat="42.5244000" lon="12.9580900"></trkpt>
      <trkpt lat="42.5245300" lon="12.9580200"></trkpt>
      <trkpt lat="42.5246800" lon="12.9579200"></trkpt>
      <trkpt lat="42.5247300" lon="12.9578900"></trkpt>
      <trkpt lat="42.5248500" lon="12.9578300"></trkpt>
      <trkpt lat="42.5248600" lon="12.9578300"></trkpt>
      <trkpt lat="42.5249000" lon="12.9578100"></trkpt>
      <trkpt lat="42.5249900" lon="12.9577700"></trkpt>
      <trkpt lat="42.5251700" lon="12.9576900"></trkpt>
      <trkpt lat="42.5252000" lon="12.9576800"></trkpt>
      <trkpt lat="42.5253400" lon="12.9576300"></trkpt>
      <trkpt lat="42.5253700" lon="12.9576200"></trkpt>
      <trkpt lat="42.5255100" lon="12.9575700"></trkpt>
      <trkpt lat="42.5255400" lon="12.9575600"></trkpt>
      <trkpt lat="42.5256900" lon="12.9575000"></trkpt>
      <trkpt lat="42.5257800" lon="12.9574600"></trkpt>
      <trkpt lat="42.5258100" lon="12.9574500"></trkpt>
      <trkpt lat="42.5258600" lon="12.9574300"></trkpt>
      <trkpt lat="42.5258900" lon="12.9574100"></trkpt>
      <trkpt lat="42.5259200" lon="12.9574000"></trkpt>
      <trkpt lat="42.5259300" lon="12.9573900"></trkpt>
      <trkpt lat="42.5260300" lon="12.9573200"></trkpt>
      <trkpt lat="42.5261700" lon="12.9572000"></trkpt>
      <trkpt lat="42.5261800" lon="12.9571900"></trkpt>
      <trkpt lat="42.5263200" lon="12.9571000"></trkpt>
      <trkpt lat="42.5263300" lon="12.9570900"></trkpt>
      <trkpt lat="42.5264700" lon="12.9570300"></trkpt>
      <trkpt lat="42.5265000" lon="12.9570100"></trkpt>
      <trkpt lat="42.5266500" lon="12.9569400"></trkpt>
      <trkpt lat="42.5266700" lon="12.9569300"></trkpt>
      <trkpt lat="42.5267000" lon="12.9569200"></trkpt>
      <trkpt lat="42.5267600" lon="12.9568800"></trkpt>
      <trkpt lat="42.5268400" lon="12.9568400"></trkpt>
      <trkpt lat="42.5269500" lon="12.9568200"></trkpt>
      <trkpt lat="42.5270600" lon="12.9568100"></trkpt>
      <trkpt lat="42.5271900" lon="12.9568300"></trkpt>
      <trkpt lat="42.5272200" lon="12.9568300"></trkpt>
      <trkpt lat="42.5272800" lon="12.9568400"></trkpt>
      <trkpt lat="42.5273600" lon="12.9568400"></trkpt>
      <trkpt lat="42.5273800" lon="12.9568400"></trkpt>
      <trkpt lat="42.5274000" lon="12.9568400"></trkpt>
      <trkpt lat="42.5274800" lon="12.9568400"></trkpt>
      <trkpt lat="42.5275700" lon="12.9568400"></trkpt>
      <trkpt lat="42.5277200" lon="12.9568100"></trkpt>
      <trkpt lat="42.5277400" lon="12.9568000"></trkpt>
      <trkpt lat="42.5279100" lon="12.9567300"></trkpt>
      <trkpt lat="42.5280500" lon="12.9566700"></trkpt>
      <trkpt lat="42.5282900" lon="12.9565800"></trkpt>
      <trkpt lat="42.5283300" lon="12.9565700"></trkpt>
      <trkpt lat="42.5284300" lon="12.9565500"></trkpt>
      <trkpt lat="42.5284900" lon="12.9565400"></trkpt>
      <trkpt lat="42.5285100" lon="12.9565400"></trkpt>
      <trkpt lat="42.5286100" lon="12.9565200"></trkpt>
      <trkpt lat="42.5286200" lon="12.9565200"></trkpt>
      <trkpt lat="42.5286300" lon="12.9565200"></trkpt>
      <trkpt lat="42.5286900" lon="12.9565000"></trkpt>
      <trkpt lat="42.5287600" lon="12.9564900"></trkpt>
      <trkpt lat="42.5287800" lon="12.9564700"></trkpt>
      <trkpt lat="42.5288200" lon="12.9564600"></trkpt>
      <trkpt lat="42.5289100" lon="12.9563900"></trkpt>
      <trkpt lat="42.5289500" lon="12.9563600"></trkpt>
      <trkpt lat="42.5290100" lon="12.9563100"></trkpt>
      <trkpt lat="42.5290900" lon="12.9562400"></trkpt>
      <trkpt lat="42.5291000" lon="12.9562300"></trkpt>
      <trkpt lat="42.5291100" lon="12.9562300"></trkpt>
      <trkpt lat="42.5292500" lon="12.9561000"></trkpt>
      <trkpt lat="42.5292500" lon="12.9560900"></trkpt>
      <trkpt lat="42.5293700" lon="12.9559800"></trkpt>
      <trkpt lat="42.5293900" lon="12.9559600"></trkpt>
      <trkpt lat="42.5294000" lon="12.9559500"></trkpt>
      <trkpt lat="42.5294600" lon="12.9559000"></trkpt>
      <trkpt lat="42.5295600" lon="12.9558300"></trkpt>
      <trkpt lat="42.5296300" lon="12.9557700"></trkpt>
      <trkpt lat="42.5297000" lon="12.9557100"></trkpt>
      <trkpt lat="42.5297800" lon="12.9556400"></trkpt>
      <trkpt lat="42.5298600" lon="12.9555900"></trkpt>
      <trkpt lat="42.5298700" lon="12.9555800"></trkpt>
      <trkpt lat="42.5300700" lon="12.9554400"></trkpt>
      <trkpt lat="42.5303300" lon="12.9552700"></trkpt>
      <trkpt lat="42.5303400" lon="12.9552600"></trkpt>
      <trkpt lat="42.5303500" lon="12.9552600"></trkpt>
      <trkpt lat="42.5306100" lon="12.9551000"></trkpt>
      <trkpt lat="42.5308500" lon="12.9549900"></trkpt>
      <trkpt lat="42.5308700" lon="12.9549800"></trkpt>
      <trkpt lat="42.5310200" lon="12.9549300"></trkpt>
      <trkpt lat="42.5310400" lon="12.9549200"></trkpt>
      <trkpt lat="42.5310500" lon="12.9549200"></trkpt>
      <trkpt lat="42.5311000" lon="12.9549100"></trkpt>
      <trkpt lat="42.5311500" lon="12.9549000"></trkpt>
      <trkpt lat="42.5312000" lon="12.9549000"></trkpt>
      <trkpt lat="42.5312900" lon="12.9548900"></trkpt>
      <trkpt lat="42.5313800" lon="12.9548600"></trkpt>
      <trkpt lat="42.5314300" lon="12.9548500"></trkpt>
      <trkpt lat="42.5315500" lon="12.9547900"></trkpt>
      <trkpt lat="42.5316000" lon="12.9547700"></trkpt>
      <trkpt lat="42.5316200" lon="12.9547500"></trkpt>
      <trkpt lat="42.5316300" lon="12.9547500"></trkpt>
      <trkpt lat="42.5317100" lon="12.9546900"></trkpt>
      <trkpt lat="42.5317500" lon="12.9546700"></trkpt>
      <trkpt lat="42.5318800" lon="12.9546000"></trkpt>
      <trkpt lat="42.5319000" lon="12.9545800"></trkpt>
      <trkpt lat="42.5319500" lon="12.9545600"></trkpt>
      <trkpt lat="42.5319600" lon="12.9545500"></trkpt>
      <trkpt lat="42.5319700" lon="12.9545500"></trkpt>
      <trkpt lat="42.5320500" lon="12.9545300"></trkpt>
      <trkpt lat="42.5322000" lon="12.9544900"></trkpt>
      <trkpt lat="42.5322200" lon="12.9544900"></trkpt>
      <trkpt lat="42.5323100" lon="12.9544900"></trkpt>
      <trkpt lat="42.5324000" lon="12.9544900"></trkpt>
      <trkpt lat="42.5324900" lon="12.9545000"></trkpt>
      <trkpt lat="42.5325800" lon="12.9545200"></trkpt>
      <trkpt lat="42.5326100" lon="12.9545200"></trkpt>
      <trkpt lat="42.5326700" lon="12.9545300"></trkpt>
      <trkpt lat="42.5327600" lon="12.9545500"></trkpt>
      <trkpt lat="42.5328400" lon="12.9545600"></trkpt>
      <trkpt lat="42.5328500" lon="12.9545700"></trkpt>
      <trkpt lat="42.5328700" lon="12.9545700"></trkpt>
      <trkpt lat="42.5329400" lon="12.9545600"></trkpt>
      <trkpt lat="42.5329700" lon="12.9545600"></trkpt>
      <trkpt lat="42.5330200" lon="12.9545600"></trkpt>
      <trkpt lat="42.5330300" lon="12.9545600"></trkpt>
      <trkpt lat="42.5331300" lon="12.9545500"></trkpt>
      <trkpt lat="42.5332000" lon="12.9545300"></trkpt>
      <trkpt lat="42.5332100" lon="12.9545200"></trkpt>
      <trkpt lat="42.5333800" lon="12.9544700"></trkpt>
      <trkpt lat="42.5334200" lon="12.9544600"></trkpt>
      <trkpt lat="42.5336400" lon="12.9543900"></trkpt>
      <trkpt lat="42.5336700" lon="12.9543800"></trkpt>
      <trkpt lat="42.5337300" lon="12.9543600"></trkpt>
      <trkpt lat="42.5337500" lon="12.9543500"></trkpt>
      <trkpt lat="42.5338100" lon="12.9543200"></trkpt>
      <trkpt lat="42.5338400" lon="12.9543000"></trkpt>
      <trkpt lat="42.5339000" lon="12.9542800"></trkpt>
      <trkpt lat="42.5339000" lon="12.9542700"></trkpt>
      <trkpt lat="42.5340100" lon="12.9542200"></trkpt>
      <trkpt lat="42.5340500" lon="12.9542000"></trkpt>
      <trkpt lat="42.5340600" lon="12.9541900"></trkpt>
      <trkpt lat="42.5341700" lon="12.9541100"></trkpt>
      <trkpt lat="42.5342200" lon="12.9540800"></trkpt>
      <trkpt lat="42.5342300" lon="12.9540700"></trkpt>
      <trkpt lat="42.5343100" lon="12.9540200"></trkpt>
      <trkpt lat="42.5343800" lon="12.9539600"></trkpt>
      <trkpt lat="42.5345400" lon="12.9538400"></trkpt>
      <trkpt lat="42.5345700" lon="12.9538100"></trkpt>
      <trkpt lat="42.5346800" lon="12.9536900"></trkpt>
      <trkpt lat="42.5348200" lon="12.9535300"></trkpt>
      <trkpt lat="42.5348900" lon="12.9534600"></trkpt>
      <trkpt lat="42.5349100" lon="12.9534300"></trkpt>
      <trkpt lat="42.5349600" lon="12.9533800"></trkpt>
      <trkpt lat="42.5349600" lon="12.9533700"></trkpt>
      <trkpt lat="42.5350600" lon="12.9532800"></trkpt>
      <trkpt lat="42.5350900" lon="12.9532400"></trkpt>
      <trkpt lat="42.5351000" lon="12.9532300"></trkpt>
      <trkpt lat="42.5352700" lon="12.9531200"></trkpt>
      <trkpt lat="42.5354300" lon="12.9530100"></trkpt>
      <trkpt lat="42.5354500" lon="12.9530000"></trkpt>
      <trkpt lat="42.5356000" lon="12.9529400"></trkpt>
      <trkpt lat="42.5356800" lon="12.9529000"></trkpt>
      <trkpt lat="42.5357100" lon="12.9528900"></trkpt>
      <trkpt lat="42.5357600" lon="12.9528700"></trkpt>
      <trkpt lat="42.5357700" lon="12.9528700"></trkpt>
      <trkpt lat="42.5357900" lon="12.9528600"></trkpt>
      <trkpt lat="42.5358500" lon="12.9528500"></trkpt>
      <trkpt lat="42.5359500" lon="12.9528200"></trkpt>
      <trkpt lat="42.5360300" lon="12.9528100"></trkpt>
      <trkpt lat="42.5361300" lon="12.9527900"></trkpt>
      <trkpt lat="42.5361400" lon="12.9527800"></trkpt>
      <trkpt lat="42.5362500" lon="12.9527600"></trkpt>
      <trkpt lat="42.5367500" lon="12.9527000"></trkpt>
      <trkpt lat="42.5368400" lon="12.9527000"></trkpt>
      <trkpt lat="42.5370200" lon="12.9526800"></trkpt>
      <trkpt lat="42.5372900" lon="12.9526600"></trkpt>
      <trkpt lat="42.5373500" lon="12.9526500"></trkpt>
      <trkpt lat="42.5373800" lon="12.9526500"></trkpt>
      <trkpt lat="42.5373900" lon="12.9526500"></trkpt>
      <trkpt lat="42.5374700" lon="12.9526500"></trkpt>
      <trkpt lat="42.5375600" lon="12.9526500"></trkpt>
      <trkpt lat="42.5376600" lon="12.9526500"></trkpt>
      <trkpt lat="42.5377800" lon="12.9526500"></trkpt>
      <trkpt lat="42.5379200" lon="12.9526700"></trkpt>
      <trkpt lat="42.5380200" lon="12.9526800"></trkpt>
      <trkpt lat="42.5381000" lon="12.9526900"></trkpt>
      <trkpt lat="42.5381100" lon="12.9527000"></trkpt>
      <trkpt lat="42.5381800" lon="12.9527000"></trkpt>
      <trkpt lat="42.5382000" lon="12.9527100"></trkpt>
      <trkpt lat="42.5382800" lon="12.9527300"></trkpt>
      <trkpt lat="42.5383800" lon="12.9527500"></trkpt>
      <trkpt lat="42.5384500" lon="12.9527700"></trkpt>
      <trkpt lat="42.5384600" lon="12.9527700"></trkpt>
      <trkpt lat="42.5385600" lon="12.9527800"></trkpt>
      <trkpt lat="42.5386300" lon="12.9528000"></trkpt>
      <trkpt lat="42.5386400" lon="12.9528000"></trkpt>
      <trkpt lat="42.5387400" lon="12.9528100"></trkpt>
      <trkpt lat="42.5388000" lon="12.9528200"></trkpt>
      <trkpt lat="42.5388100" lon="12.9528200"></trkpt>
      <trkpt lat="42.5388200" lon="12.9528200"></trkpt>
      <trkpt lat="42.5389200" lon="12.9528200"></trkpt>
      <trkpt lat="42.5389900" lon="12.9528100"></trkpt>
      <trkpt lat="42.5390000" lon="12.9528100"></trkpt>
      <trkpt lat="42.5390400" lon="12.9528100"></trkpt>
      <trkpt lat="42.5391000" lon="12.9528000"></trkpt>
      <trkpt lat="42.5391700" lon="12.9527900"></trkpt>
      <trkpt lat="42.5392500" lon="12.9527700"></trkpt>
      <trkpt lat="42.5392800" lon="12.9527600"></trkpt>
      <trkpt lat="42.5393500" lon="12.9527400"></trkpt>
      <trkpt lat="42.5394500" lon="12.9527000"></trkpt>
      <trkpt lat="42.5394900" lon="12.9526800"></trkpt>
      <trkpt lat="42.5397000" lon="12.9526200"></trkpt>
      <trkpt lat="42.5398200" lon="12.9525800"></trkpt>
      <trkpt lat="42.5399800" lon="12.9525400"></trkpt>
      <trkpt lat="42.5401500" lon="12.9525100"></trkpt>
      <trkpt lat="42.5401600" lon="12.9525100"></trkpt>
      <trkpt lat="42.5403400" lon="12.9525200"></trkpt>
      <trkpt lat="42.5403700" lon="12.9525200"></trkpt>
      <trkpt lat="42.5405000" lon="12.9525400"></trkpt>
      <trkpt lat="42.5405200" lon="12.9525500"></trkpt>
      <trkpt lat="42.5405800" lon="12.9525700"></trkpt>
      <trkpt lat="42.5405900" lon="12.9525800"></trkpt>
      <trkpt lat="42.5406500" lon="12.9526000"></trkpt>
      <trkpt lat="42.5406900" lon="12.9526300"></trkpt>
      <trkpt lat="42.5407500" lon="12.9526600"></trkpt>
      <trkpt lat="42.5408100" lon="12.9526800"></trkpt>
      <trkpt lat="42.5408600" lon="12.9527200"></trkpt>
      <trkpt lat="42.5409800" lon="12.9528100"></trkpt>
      <trkpt lat="42.5411600" lon="12.9530000"></trkpt>
      <trkpt lat="42.5411900" lon="12.9530300"></trkpt>
      <trkpt lat="42.5413100" lon="12.9531300"></trkpt>
      <trkpt lat="42.5414300" lon="12.9532300"></trkpt>
      <trkpt lat="42.5416500" lon="12.9534400"></trkpt>
      <trkpt lat="42.5417700" lon="12.9535400"></trkpt>
      <trkpt lat="42.5418100" lon="12.9535700"></trkpt>
      <trkpt lat="42.5418200" lon="12.9535800"></trkpt>
      <trkpt lat="42.5419200" lon="12.9536500"></trkpt>
      <trkpt lat="42.5420800" lon="12.9537600"></trkpt>
      <trkpt lat="42.5422600" lon="12.9538600"></trkpt>
      <trkpt lat="42.5422900" lon="12.9538700"></trkpt>
      <trkpt lat="42.5423000" lon="12.9538800"></trkpt>
      <trkpt lat="42.5425300" lon="12.9539900"></trkpt>
      <trkpt lat="42.5426400" lon="12.9540500"></trkpt>
      <trkpt lat="42.5427100" lon="12.9540800"></trkpt>
      <trkpt lat="42.5428100" lon="12.9541300"></trkpt>
      <trkpt lat="42.5429300" lon="12.9542300"></trkpt>
      <trkpt lat="42.5429700" lon="12.9542700"></trkpt>
      <trkpt lat="42.5430100" lon="12.9543100"></trkpt>
      <trkpt lat="42.5430800" lon="12.9543800"></trkpt>
      <trkpt lat="42.5430900" lon="12.9543900"></trkpt>
      <trkpt lat="42.5431000" lon="12.9544100"></trkpt>
      <trkpt lat="42.5431100" lon="12.9544200"></trkpt>
      <trkpt lat="42.5431700" lon="12.9545100"></trkpt>
      <trkpt lat="42.5432200" lon="12.9545900"></trkpt>
      <trkpt lat="42.5432600" lon="12.9546600"></trkpt>
      <trkpt lat="42.5433300" lon="12.9547800"></trkpt>
      <trkpt lat="42.5433500" lon="12.9548100"></trkpt>
      <trkpt lat="42.5434500" lon="12.9549700"></trkpt>
      <trkpt lat="42.5434600" lon="12.9549800"></trkpt>
      <trkpt lat="42.5435500" lon="12.9551300"></trkpt>
      <trkpt lat="42.5435700" lon="12.9551600"></trkpt>
      <trkpt lat="42.5436700" lon="12.9553200"></trkpt>
      <trkpt lat="42.5437600" lon="12.9554100"></trkpt>
      <trkpt lat="42.5438300" lon="12.9554700"></trkpt>
      <trkpt lat="42.5438600" lon="12.9554900"></trkpt>
      <trkpt lat="42.5440000" lon="12.9556100"></trkpt>
      <trkpt lat="42.5441200" lon="12.9557200"></trkpt>
      <trkpt lat="42.5442200" lon="12.9558500"></trkpt>
      <trkpt lat="42.5442600" lon="12.9558900"></trkpt>
      <trkpt lat="42.5443100" lon="12.9559500"></trkpt>
      <trkpt lat="42.5443600" lon="12.9560400"></trkpt>
      <trkpt lat="42.5443800" lon="12.9560700"></trkpt>
      <trkpt lat="42.5443900" lon="12.9560900"></trkpt>
      <trkpt lat="42.5443900" lon="12.9561000"></trkpt>
      <trkpt lat="42.5444900" lon="12.9562600"></trkpt>
      <trkpt lat="42.5445100" lon="12.9562900"></trkpt>
      <trkpt lat="42.5445700" lon="12.9563900"></trkpt>
      <trkpt lat="42.5446000" lon="12.9564300"></trkpt>
      <trkpt lat="42.5446400" lon="12.9564700"></trkpt>
      <trkpt lat="42.5447100" lon="12.9565400"></trkpt>
      <trkpt lat="42.5447600" lon="12.9565800"></trkpt>
      <trkpt lat="42.5448300" lon="12.9566400"></trkpt>
      <trkpt lat="42.5449200" lon="12.9567000"></trkpt>
      <trkpt lat="42.5449400" lon="12.9567100"></trkpt>
      <trkpt lat="42.5450100" lon="12.9567500"></trkpt>
      <trkpt lat="42.5451000" lon="12.9568200"></trkpt>
      <trkpt lat="42.5451100" lon="12.9568200"></trkpt>
      <trkpt lat="42.5452600" lon="12.9569300"></trkpt>
      <trkpt lat="42.5452600" lon="12.9569400"></trkpt>
      <trkpt lat="42.5453400" lon="12.9569900"></trkpt>
      <trkpt lat="42.5454100" lon="12.9570400"></trkpt>
      <trkpt lat="42.5454200" lon="12.9570500"></trkpt>
      <trkpt lat="42.5455700" lon="12.9571500"></trkpt>
      <trkpt lat="42.5455800" lon="12.9571500"></trkpt>
      <trkpt lat="42.5455900" lon="12.9571600"></trkpt>
      <trkpt lat="42.5457400" lon="12.9572400"></trkpt>
      <trkpt lat="42.5457500" lon="12.9572400"></trkpt>
      <trkpt lat="42.5457500" lon="12.9572500"></trkpt>
      <trkpt lat="42.5458900" lon="12.9573200"></trkpt>
      <trkpt lat="42.5459100" lon="12.9573200"></trkpt>
      <trkpt lat="42.5459200" lon="12.9573300"></trkpt>
      <trkpt lat="42.5460700" lon="12.9574000"></trkpt>
      <trkpt lat="42.5460800" lon="12.9574000"></trkpt>
      <trkpt lat="42.5460900" lon="12.9574100"></trkpt>
      <trkpt lat="42.5462200" lon="12.9574700"></trkpt>
      <trkpt lat="42.5462500" lon="12.9575000"></trkpt>
      <trkpt lat="42.5462600" lon="12.9575000"></trkpt>
      <trkpt lat="42.5463200" lon="12.9575500"></trkpt>
      <trkpt lat="42.5464000" lon="12.9576300"></trkpt>
      <trkpt lat="42.5464300" lon="12.9576600"></trkpt>
      <trkpt lat="42.5465400" lon="12.9577800"></trkpt>
      <trkpt lat="42.5466700" lon="12.9579500"></trkpt>
      <trkpt lat="42.5467500" lon="12.9580600"></trkpt>
      <trkpt lat="42.5468300" lon="12.9581700"></trkpt>
      <trkpt lat="42.5468800" lon="12.9582300"></trkpt>
      <trkpt lat="42.5471800" lon="12.9586400"></trkpt>
      <trkpt lat="42.5473000" lon="12.9587900"></trkpt>
      <trkpt lat="42.5473900" lon="12.9589200"></trkpt>
      <trkpt lat="42.5475100" lon="12.9591000"></trkpt>
      <trkpt lat="42.5476400" lon="12.9592800"></trkpt>
      <trkpt lat="42.5476800" lon="12.9593400"></trkpt>
      <trkpt lat="42.5478500" lon="12.9595900"></trkpt>
      <trkpt lat="42.5479200" lon="12.9597100"></trkpt>
      <trkpt lat="42.5480400" lon="12.9599000"></trkpt>
      <trkpt lat="42.5481300" lon="12.9600600"></trkpt>
      <trkpt lat="42.5483000" lon="12.9603600"></trkpt>
      <trkpt lat="42.5484100" lon="12.9605200"></trkpt>
      <trkpt lat="42.5484500" lon="12.9605700"></trkpt>
      <trkpt lat="42.5485100" lon="12.9606200"></trkpt>
      <trkpt lat="42.5485700" lon="12.9606700"></trkpt>
      <trkpt lat="42.5486100" lon="12.9606900"></trkpt>
      <trkpt lat="42.5486400" lon="12.9607200"></trkpt>
      <trkpt lat="42.5486700" lon="12.9607300"></trkpt>
      <trkpt lat="42.5490000" lon="12.9609300"></trkpt>
      <trkpt lat="42.5491700" lon="12.9610000"></trkpt>
      <trkpt lat="42.5492100" lon="12.9610200"></trkpt>
      <trkpt lat="42.5493600" lon="12.9611000"></trkpt>
      <trkpt lat="42.5495000" lon="12.9611900"></trkpt>
      <trkpt lat="42.5495300" lon="12.9612100"></trkpt>
      <trkpt lat="42.5496000" lon="12.9612600"></trkpt>
      <trkpt lat="42.5496600" lon="12.9613000"></trkpt>
      <trkpt lat="42.5497000" lon="12.9613300"></trkpt>
      <trkpt lat="42.5497600" lon="12.9613800"></trkpt>
      <trkpt lat="42.5498200" lon="12.9614200"></trkpt>
      <trkpt lat="42.5499700" lon="12.9615500"></trkpt>
      <trkpt lat="42.5501200" lon="12.9616800"></trkpt>
      <trkpt lat="42.5502400" lon="12.9617900"></trkpt>
      <trkpt lat="42.5502700" lon="12.9618200"></trkpt>
      <trkpt lat="42.5504600" lon="12.9619800"></trkpt>
      <trkpt lat="42.5506100" lon="12.9621000"></trkpt>
      <trkpt lat="42.5506800" lon="12.9621400"></trkpt>
      <trkpt lat="42.5507100" lon="12.9621600"></trkpt>
      <trkpt lat="42.5508500" lon="12.9622100"></trkpt>
      <trkpt lat="42.5508700" lon="12.9622200"></trkpt>
      <trkpt lat="42.5511000" lon="12.9622700"></trkpt>
      <trkpt lat="42.5512700" lon="12.9623100"></trkpt>
      <trkpt lat="42.5512900" lon="12.9623100"></trkpt>
      <trkpt lat="42.5514500" lon="12.9623500"></trkpt>
      <trkpt lat="42.5516300" lon="12.9624000"></trkpt>
      <trkpt lat="42.5517400" lon="12.9624300"></trkpt>
      <trkpt lat="42.5518000" lon="12.9624400"></trkpt>
      <trkpt lat="42.5518400" lon="12.9624500"></trkpt>
      <trkpt lat="42.5519800" lon="12.9625000"></trkpt>
      <trkpt lat="42.5520100" lon="12.9625200"></trkpt>
      <trkpt lat="42.5520500" lon="12.9625400"></trkpt>
      <trkpt lat="42.5520800" lon="12.9625700"></trkpt>
      <trkpt lat="42.5521200" lon="12.9626100"></trkpt>
      <trkpt lat="42.5521500" lon="12.9626400"></trkpt>
      <trkpt lat="42.5521800" lon="12.9626900"></trkpt>
      <trkpt lat="42.5522100" lon="12.9627400"></trkpt>
      <trkpt lat="42.5522500" lon="12.9628100"></trkpt>
      <trkpt lat="42.5522700" lon="12.9628400"></trkpt>
      <trkpt lat="42.5523700" lon="12.9630300"></trkpt>
      <trkpt lat="42.5524400" lon="12.9631500"></trkpt>
      <trkpt lat="42.5524900" lon="12.9632000"></trkpt>
      <trkpt lat="42.5526300" lon="12.9632900"></trkpt>
      <trkpt lat="42.5528100" lon="12.9633500"></trkpt>
      <trkpt lat="42.5528300" lon="12.9633500"></trkpt>
      <trkpt lat="42.5529200" lon="12.9633800"></trkpt>
      <trkpt lat="42.5529900" lon="12.9634000"></trkpt>
      <trkpt lat="42.5531600" lon="12.9634500"></trkpt>
      <trkpt lat="42.5534900" lon="12.9635600"></trkpt>
      <trkpt lat="42.5536800" lon="12.9636500"></trkpt>
      <trkpt lat="42.5536900" lon="12.9636500"></trkpt>
      <trkpt lat="42.5537900" lon="12.9637000"></trkpt>
      <trkpt lat="42.5538100" lon="12.9637200"></trkpt>
      <trkpt lat="42.5538500" lon="12.9637400"></trkpt>
      <trkpt lat="42.5539500" lon="12.9638000"></trkpt>
      <trkpt lat="42.5540500" lon="12.9638600"></trkpt>
      <trkpt lat="42.5541700" lon="12.9639500"></trkpt>
      <trkpt lat="42.5545300" lon="12.9642100"></trkpt>
      <trkpt lat="42.5549700" lon="12.9644700"></trkpt>
      <trkpt lat="42.5550300" lon="12.9645000"></trkpt>
      <trkpt lat="42.5550900" lon="12.9645400"></trkpt>
      <trkpt lat="42.5551500" lon="12.9645700"></trkpt>
      <trkpt lat="42.5554100" lon="12.9647200"></trkpt>
      <trkpt lat="42.5556900" lon="12.9648200"></trkpt>
      <trkpt lat="42.5558700" lon="12.9648500"></trkpt>
      <trkpt lat="42.5559500" lon="12.9648500"></trkpt>
      <trkpt lat="42.5560200" lon="12.9648600"></trkpt>
      <trkpt lat="42.5560600" lon="12.9648600"></trkpt>
      <trkpt lat="42.5562100" lon="12.9648700"></trkpt>
      <trkpt lat="42.5563900" lon="12.9649200"></trkpt>
      <trkpt lat="42.5565200" lon="12.9649700"></trkpt>
      <trkpt lat="42.5566400" lon="12.9650700"></trkpt>
      <trkpt lat="42.5566800" lon="12.9651000"></trkpt>
      <trkpt lat="42.5567900" lon="12.9651900"></trkpt>
      <trkpt lat="42.5568500" lon="12.9652400"></trkpt>
      <trkpt lat="42.5568800" lon="12.9652600"></trkpt>
      <trkpt lat="42.5569500" lon="12.9653000"></trkpt>
      <trkpt lat="42.5570500" lon="12.9653600"></trkpt>
      <trkpt lat="42.5572100" lon="12.9654100"></trkpt>
      <trkpt lat="42.5573600" lon="12.9654500"></trkpt>
      <trkpt lat="42.5574200" lon="12.9654600"></trkpt>
      <trkpt lat="42.5576000" lon="12.9654900"></trkpt>
      <trkpt lat="42.5577200" lon="12.9655400"></trkpt>
      <trkpt lat="42.5578600" lon="12.9656100"></trkpt>
      <trkpt lat="42.5580500" lon="12.9657300"></trkpt>
      <trkpt lat="42.5582100" lon="12.9658400"></trkpt>
      <trkpt lat="42.5582400" lon="12.9658500"></trkpt>
      <trkpt lat="42.5583100" lon="12.9659000"></trkpt>
      <trkpt lat="42.5583700" lon="12.9659400"></trkpt>
      <trkpt lat="42.5584700" lon="12.9660000"></trkpt>
      <trkpt lat="42.5585400" lon="12.9660400"></trkpt>
      <trkpt lat="42.5587000" lon="12.9661400"></trkpt>
      <trkpt lat="42.5589100" lon="12.9662800"></trkpt>
      <trkpt lat="42.5593600" lon="12.9665900"></trkpt>
      <trkpt lat="42.5593700" lon="12.9667100"></trkpt>
      <trkpt lat="42.5593900" lon="12.9668000"></trkpt>
      <trkpt lat="42.5594200" lon="12.9669200"></trkpt>
      <trkpt lat="42.5594600" lon="12.9670500"></trkpt>
      <trkpt lat="42.5595000" lon="12.9671300"></trkpt>
      <trkpt lat="42.5595600" lon="12.9672500"></trkpt>
      <trkpt lat="42.5596300" lon="12.9673800"></trkpt>
      <trkpt lat="42.5597200" lon="12.9675200"></trkpt>
      <trkpt lat="42.5597400" lon="12.9675600"></trkpt>
      <trkpt lat="42.5598500" lon="12.9676900"></trkpt>
      <trkpt lat="42.5598700" lon="12.9677300"></trkpt>
      <trkpt lat="42.5599800" lon="12.9678500"></trkpt>
      <trkpt lat="42.5600200" lon="12.9678900"></trkpt>
      <trkpt lat="42.5601300" lon="12.9680000"></trkpt>
      <trkpt lat="42.5601900" lon="12.9680600"></trkpt>
      <trkpt lat="42.5603500" lon="12.9682300"></trkpt>
      <trkpt lat="42.5605700" lon="12.9684100"></trkpt>
      <trkpt lat="42.5607300" lon="12.9685200"></trkpt>
      <trkpt lat="42.5607700" lon="12.9685300"></trkpt>
      <trkpt lat="42.5609700" lon="12.9685500"></trkpt>
      <trkpt lat="42.5612000" lon="12.9685700"></trkpt>
      <trkpt lat="42.5614500" lon="12.9685700"></trkpt>
      <trkpt lat="42.5615600" lon="12.9685800"></trkpt>
      <trkpt lat="42.5616300" lon="12.9685800"></trkpt>
      <trkpt lat="42.5620500" lon="12.9685900"></trkpt>
      <trkpt lat="42.5623400" lon="12.9686400"></trkpt>
      <trkpt lat="42.5625800" lon="12.9686900"></trkpt>
      <trkpt lat="42.5627000" lon="12.9687200"></trkpt>
      <trkpt lat="42.5628800" lon="12.9687600"></trkpt>
      <trkpt lat="42.5630400" lon="12.9688000"></trkpt>
      <trkpt lat="42.5630600" lon="12.9688100"></trkpt>
      <trkpt lat="42.5633400" lon="12.9689200"></trkpt>
      <trkpt lat="42.5635700" lon="12.9690400"></trkpt>
      <trkpt lat="42.5636300" lon="12.9690700"></trkpt>
      <trkpt lat="42.5637400" lon="12.9691200"></trkpt>
      <trkpt lat="42.5639100" lon="12.9692000"></trkpt>
      <trkpt lat="42.5640100" lon="12.9692400"></trkpt>
      <trkpt lat="42.5640800" lon="12.9692800"></trkpt>
      <trkpt lat="42.5641600" lon="12.9693200"></trkpt>
      <trkpt lat="42.5642600" lon="12.9693800"></trkpt>
      <trkpt lat="42.5643200" lon="12.9694200"></trkpt>
      <trkpt lat="42.5644000" lon="12.9694900"></trkpt>
      <trkpt lat="42.5644500" lon="12.9695300"></trkpt>
      <trkpt lat="42.5645400" lon="12.9696100"></trkpt>
      <trkpt lat="42.5648600" lon="12.9698600"></trkpt>
      <trkpt lat="42.5649300" lon="12.9699100"></trkpt>
      <trkpt lat="42.5650100" lon="12.9700000"></trkpt>
      <trkpt lat="42.5651200" lon="12.9701100"></trkpt>
      <trkpt lat="42.5651500" lon="12.9701500"></trkpt>
      <trkpt lat="42.5652700" lon="12.9703000"></trkpt>
      <trkpt lat="42.5654600" lon="12.9705500"></trkpt>
      <trkpt lat="42.5655900" lon="12.9706100"></trkpt>
      <trkpt lat="42.5656300" lon="12.9706200"></trkpt>
      <trkpt lat="42.5657000" lon="12.9706300"></trkpt>
      <trkpt lat="42.5658100" lon="12.9706400"></trkpt>
      <trkpt lat="42.5660300" lon="12.9706600"></trkpt>
      <trkpt lat="42.5662100" lon="12.9706800"></trkpt>
      <trkpt lat="42.5663600" lon="12.9707000"></trkpt>
      <trkpt lat="42.5665600" lon="12.9707500"></trkpt>
      <trkpt lat="42.5668400" lon="12.9708800"></trkpt>
      <trkpt lat="42.5670000" lon="12.9709400"></trkpt>
      <trkpt lat="42.5673200" lon="12.9710500"></trkpt>
      <trkpt lat="42.5674100" lon="12.9710800"></trkpt>
      <trkpt lat="42.5677800" lon="12.9712200"></trkpt>
      <trkpt lat="42.5679100" lon="12.9712700"></trkpt>
      <trkpt lat="42.5680900" lon="12.9713500"></trkpt>
      <trkpt lat="42.5681100" lon="12.9713600"></trkpt>
      <trkpt lat="42.5682600" lon="12.9714300"></trkpt>
      <trkpt lat="42.5682800" lon="12.9714400"></trkpt>
      <trkpt lat="42.5683700" lon="12.9715100"></trkpt>
      <trkpt lat="42.5683900" lon="12.9715200"></trkpt>
      <trkpt lat="42.5684300" lon="12.9715600"></trkpt>
      <trkpt lat="42.5684600" lon="12.9715900"></trkpt>
      <trkpt lat="42.5685100" lon="12.9716400"></trkpt>
      <trkpt lat="42.5685700" lon="12.9717200"></trkpt>
      <trkpt lat="42.5686800" lon="12.9718700"></trkpt>
      <trkpt lat="42.5686900" lon="12.9719000"></trkpt>
      <trkpt lat="42.5687100" lon="12.9719400"></trkpt>
      <trkpt lat="42.5688700" lon="12.9723700"></trkpt>
      <trkpt lat="42.5688700" lon="12.9725800"></trkpt>
      <trkpt lat="42.5688600" lon="12.9726400"></trkpt>
      <trkpt lat="42.5688600" lon="12.9726500"></trkpt>
      <trkpt lat="42.5688500" lon="12.9727400"></trkpt>
      <trkpt lat="42.5688300" lon="12.9728500"></trkpt>
      <trkpt lat="42.5688300" lon="12.9728900"></trkpt>
      <trkpt lat="42.5686500" lon="12.9731200"></trkpt>
      <trkpt lat="42.5685500" lon="12.9732000"></trkpt>
      <trkpt lat="42.5685400" lon="12.9732200"></trkpt>
      <trkpt lat="42.5684100" lon="12.9732400"></trkpt>
      <trkpt lat="42.5683600" lon="12.9732400"></trkpt>
      <trkpt lat="42.5683500" lon="12.9732400"></trkpt>
      <trkpt lat="42.5683000" lon="12.9732200"></trkpt>
      <trkpt lat="42.5682100" lon="12.9731900"></trkpt>
      <trkpt lat="42.5681000" lon="12.9730600"></trkpt>
      <trkpt lat="42.5680500" lon="12.9729700"></trkpt>
      <trkpt lat="42.5680100" lon="12.9728600"></trkpt>
      <trkpt lat="42.5680000" lon="12.9728100"></trkpt>
      <trkpt lat="42.5679900" lon="12.9727500"></trkpt>
      <trkpt lat="42.5679800" lon="12.9726000"></trkpt>
      <trkpt lat="42.5679900" lon="12.9725700"></trkpt>
      <trkpt lat="42.5680000" lon="12.9723100"></trkpt>
      <trkpt lat="42.5680300" lon="12.9722100"></trkpt>
      <trkpt lat="42.5680800" lon="12.9721100"></trkpt>
      <trkpt lat="42.5681400" lon="12.9719800"></trkpt>
      <trkpt lat="42.5681900" lon="12.9718700"></trkpt>
      <trkpt lat="42.5682100" lon="12.9718300"></trkpt>
      <trkpt lat="42.5682300" lon="12.9717900"></trkpt>
      <trkpt lat="42.5682600" lon="12.9717200"></trkpt>
      <trkpt lat="42.5683100" lon="12.9716100"></trkpt>
      <trkpt lat="42.5684100" lon="12.9713900"></trkpt>
      <trkpt lat="42.5685000" lon="12.9711900"></trkpt>
      <trkpt lat="42.5685700" lon="12.9710200"></trkpt>
      <trkpt lat="42.5686300" lon="12.9708900"></trkpt>
      <trkpt lat="42.5686700" lon="12.9708200"></trkpt>
      <trkpt lat="42.5687000" lon="12.9707400"></trkpt>
      <trkpt lat="42.5687300" lon="12.9706700"></trkpt>
      <trkpt lat="42.5687700" lon="12.9705900"></trkpt>
      <trkpt lat="42.5688300" lon="12.9704700"></trkpt>
      <trkpt lat="42.5688700" lon="12.9703800"></trkpt>
      <trkpt lat="42.5689300" lon="12.9702400"></trkpt>
      <trkpt lat="42.5689700" lon="12.9701300"></trkpt>
      <trkpt lat="42.5690500" lon="12.9699600"></trkpt>
      <trkpt lat="42.5691200" lon="12.9698000"></trkpt>
      <trkpt lat="42.5692100" lon="12.9695700"></trkpt>
      <trkpt lat="42.5692800" lon="12.9694000"></trkpt>
      <trkpt lat="42.5693700" lon="12.9691700"></trkpt>
      <trkpt lat="42.5694800" lon="12.9689100"></trkpt>
      <trkpt lat="42.5695400" lon="12.9687700"></trkpt>
      <trkpt lat="42.5696000" lon="12.9686200"></trkpt>
      <trkpt lat="42.5696700" lon="12.9684700"></trkpt>
      <trkpt lat="42.5697400" lon="12.9682900"></trkpt>
      <trkpt lat="42.5698200" lon="12.9680800"></trkpt>
      <trkpt lat="42.5698800" lon="12.9679400"></trkpt>
      <trkpt lat="42.5699500" lon="12.9677900"></trkpt>
      <trkpt lat="42.5700000" lon="12.9676700"></trkpt>
      <trkpt lat="42.5700600" lon="12.9675300"></trkpt>
      <trkpt lat="42.5701300" lon="12.9673400"></trkpt>
      <trkpt lat="42.5701800" lon="12.9672100"></trkpt>
      <trkpt lat="42.5702300" lon="12.9670500"></trkpt>
      <trkpt lat="42.5702800" lon="12.9669300"></trkpt>
      <trkpt lat="42.5703100" lon="12.9668300"></trkpt>
      <trkpt lat="42.5703700" lon="12.9666900"></trkpt>
      <trkpt lat="42.5703900" lon="12.9666100"></trkpt>
      <trkpt lat="42.5704500" lon="12.9664600"></trkpt>
      <trkpt lat="42.5704800" lon="12.9664000"></trkpt>
      <trkpt lat="42.5705100" lon="12.9663100"></trkpt>
      <trkpt lat="42.5705800" lon="12.9661400"></trkpt>
      <trkpt lat="42.5706600" lon="12.9659500"></trkpt>
      <trkpt lat="42.5707100" lon="12.9658100"></trkpt>
      <trkpt lat="42.5707900" lon="12.9656000"></trkpt>
      <trkpt lat="42.5708300" lon="12.9655100"></trkpt>
      <trkpt lat="42.5709000" lon="12.9653000"></trkpt>
      <trkpt lat="42.5709600" lon="12.9651200"></trkpt>
      <trkpt lat="42.5710000" lon="12.9650200"></trkpt>
      <trkpt lat="42.5710300" lon="12.9649000"></trkpt>
      <trkpt lat="42.5710800" lon="12.9647300"></trkpt>
      <trkpt lat="42.5711000" lon="12.9646900"></trkpt>
      <trkpt lat="42.5711300" lon="12.9645600"></trkpt>
      <trkpt lat="42.5711700" lon="12.9644200"></trkpt>
      <trkpt lat="42.5711900" lon="12.9643300"></trkpt>
      <trkpt lat="42.5712600" lon="12.9640600"></trkpt>
      <trkpt lat="42.5712900" lon="12.9639000"></trkpt>
      <trkpt lat="42.5713000" lon="12.9638400"></trkpt>
      <trkpt lat="42.5713200" lon="12.9637700"></trkpt>
      <trkpt lat="42.5713500" lon="12.9636000"></trkpt>
      <trkpt lat="42.5713800" lon="12.9634400"></trkpt>
      <trkpt lat="42.5714200" lon="12.9632500"></trkpt>
      <trkpt lat="42.5714500" lon="12.9630400"></trkpt>
      <trkpt lat="42.5715000" lon="12.9627200"></trkpt>
      <trkpt lat="42.5715400" lon="12.9624800"></trkpt>
      <trkpt lat="42.5715900" lon="12.9623900"></trkpt>
      <trkpt lat="42.5715900" lon="12.9623800"></trkpt>
      <trkpt lat="42.5716000" lon="12.9623500"></trkpt>
      <trkpt lat="42.5716000" lon="12.9623100"></trkpt>
      <trkpt lat="42.5716100" lon="12.9622800"></trkpt>
      <trkpt lat="42.5716100" lon="12.9622400"></trkpt>
      <trkpt lat="42.5716200" lon="12.9622100"></trkpt>
      <trkpt lat="42.5716300" lon="12.9621500"></trkpt>
      <trkpt lat="42.5716300" lon="12.9621200"></trkpt>
      <trkpt lat="42.5716400" lon="12.9620900"></trkpt>
      <trkpt lat="42.5716500" lon="12.9620700"></trkpt>
      <trkpt lat="42.5716800" lon="12.9620200"></trkpt>
      <trkpt lat="42.5716900" lon="12.9620100"></trkpt>
      <trkpt lat="42.5717200" lon="12.9620100"></trkpt>
      <trkpt lat="42.5717400" lon="12.9620000"></trkpt>
      <trkpt lat="42.5717700" lon="12.9619900"></trkpt>
      <trkpt lat="42.5717900" lon="12.9619700"></trkpt>
      <trkpt lat="42.5718100" lon="12.9619500"></trkpt>
      <trkpt lat="42.5718300" lon="12.9619300"></trkpt>
      <trkpt lat="42.5718500" lon="12.9619100"></trkpt>
      <trkpt lat="42.5718700" lon="12.9618800"></trkpt>
      <trkpt lat="42.5718800" lon="12.9618500"></trkpt>
      <trkpt lat="42.5718900" lon="12.9618200"></trkpt>
      <trkpt lat="42.5719000" lon="12.9617900"></trkpt>
      <trkpt lat="42.5719000" lon="12.9617800"></trkpt>
      <trkpt lat="42.5719100" lon="12.9617500"></trkpt>
      <trkpt lat="42.5719100" lon="12.9617200"></trkpt>
      <trkpt lat="42.5719100" lon="12.9616800"></trkpt>
      <trkpt lat="42.5719100" lon="12.9616500"></trkpt>
      <trkpt lat="42.5719000" lon="12.9615800"></trkpt>
      <trkpt lat="42.5718900" lon="12.9615500"></trkpt>
      <trkpt lat="42.5718800" lon="12.9615200"></trkpt>
      <trkpt lat="42.5718600" lon="12.9614900"></trkpt>
      <trkpt lat="42.5718400" lon="12.9614600"></trkpt>
      <trkpt lat="42.5718300" lon="12.9614400"></trkpt>
      <trkpt lat="42.5718100" lon="12.9614200"></trkpt>
      <trkpt lat="42.5717800" lon="12.9614000"></trkpt>
      <trkpt lat="42.5717600" lon="12.9613800"></trkpt>
      <trkpt lat="42.5717400" lon="12.9613700"></trkpt>
      <trkpt lat="42.5717100" lon="12.9613600"></trkpt>
      <trkpt lat="42.5716800" lon="12.9613600"></trkpt>
      <trkpt lat="42.5716600" lon="12.9613600"></trkpt>
      <trkpt lat="42.5716500" lon="12.9613600"></trkpt>
      <trkpt lat="42.5716300" lon="12.9613700"></trkpt>
      <trkpt lat="42.5716100" lon="12.9613700"></trkpt>
      <trkpt lat="42.5715900" lon="12.9613800"></trkpt>
      <trkpt lat="42.5715700" lon="12.9613900"></trkpt>
      <trkpt lat="42.5715400" lon="12.9614100"></trkpt>
      <trkpt lat="42.5715200" lon="12.9614300"></trkpt>
      <trkpt lat="42.5715000" lon="12.9614500"></trkpt>
      <trkpt lat="42.5714900" lon="12.9614700"></trkpt>
      <trkpt lat="42.5714700" lon="12.9615100"></trkpt>
      <trkpt lat="42.5714500" lon="12.9615400"></trkpt>
      <trkpt lat="42.5714400" lon="12.9615800"></trkpt>
      <trkpt lat="42.5714400" lon="12.9616100"></trkpt>
      <trkpt lat="42.5713800" lon="12.9616600"></trkpt>
      <trkpt lat="42.5713400" lon="12.9616900"></trkpt>
      <trkpt lat="42.5713000" lon="12.9617200"></trkpt>
      <trkpt lat="42.5712700" lon="12.9617400"></trkpt>
      <trkpt lat="42.5711900" lon="12.9617700"></trkpt>
      <trkpt lat="42.5711300" lon="12.9618200"></trkpt>
      <trkpt lat="42.5709000" lon="12.9618600"></trkpt>
      <trkpt lat="42.5708800" lon="12.9618600"></trkpt>
      <trkpt lat="42.5708100" lon="12.9618800"></trkpt>
      <trkpt lat="42.5706500" lon="12.9618900"></trkpt>
      <trkpt lat="42.5705700" lon="12.9619000"></trkpt>
      <trkpt lat="42.5703100" lon="12.9619400"></trkpt>
      <trkpt lat="42.5701400" lon="12.9619700"></trkpt>
      <trkpt lat="42.5699600" lon="12.9619900"></trkpt>
      <trkpt lat="42.5697800" lon="12.9620200"></trkpt>
      <trkpt lat="42.5693600" lon="12.9620800"></trkpt>
      <trkpt lat="42.5692200" lon="12.9621000"></trkpt>
      <trkpt lat="42.5684300" lon="12.9622100"></trkpt>
      <trkpt lat="42.5684000" lon="12.9622100"></trkpt>
      <trkpt lat="42.5682200" lon="12.9622400"></trkpt>
      <trkpt lat="42.5678700" lon="12.9622800"></trkpt>
      <trkpt lat="42.5676100" lon="12.9623200"></trkpt>
      <trkpt lat="42.5675200" lon="12.9623400"></trkpt>
      <trkpt lat="42.5674500" lon="12.9623500"></trkpt>
      <trkpt lat="42.5673300" lon="12.9623700"></trkpt>
      <trkpt lat="42.5673100" lon="12.9623700"></trkpt>
      <trkpt lat="42.5672200" lon="12.9623900"></trkpt>
      <trkpt lat="42.5669300" lon="12.9624300"></trkpt>
      <trkpt lat="42.5667300" lon="12.9624500"></trkpt>
      <trkpt lat="42.5666100" lon="12.9624600"></trkpt>
      <trkpt lat="42.5665400" lon="12.9624700"></trkpt>
      <trkpt lat="42.5664300" lon="12.9624900"></trkpt>
      <trkpt lat="42.5662300" lon="12.9625300"></trkpt>
      <trkpt lat="42.5664300" lon="12.9624900"></trkpt>
      <trkpt lat="42.5665400" lon="12.9624700"></trkpt>
      <trkpt lat="42.5666100" lon="12.9624600"></trkpt>
      <trkpt lat="42.5667300" lon="12.9624500"></trkpt>
      <trkpt lat="42.5669300" lon="12.9624300"></trkpt>
      <trkpt lat="42.5672200" lon="12.9623900"></trkpt>
      <trkpt lat="42.5673100" lon="12.9623700"></trkpt>
      <trkpt lat="42.5673300" lon="12.9623700"></trkpt>
      <trkpt lat="42.5674500" lon="12.9623500"></trkpt>
      <trkpt lat="42.5675200" lon="12.9623400"></trkpt>
      <trkpt lat="42.5676100" lon="12.9623200"></trkpt>
      <trkpt lat="42.5678700" lon="12.9622800"></trkpt>
      <trkpt lat="42.5682200" lon="12.9622400"></trkpt>
      <trkpt lat="42.5684000" lon="12.9622100"></trkpt>
      <trkpt lat="42.5684300" lon="12.9622100"></trkpt>
      <trkpt lat="42.5692200" lon="12.9621000"></trkpt>
      <trkpt lat="42.5693600" lon="12.9620800"></trkpt>
      <trkpt lat="42.5697800" lon="12.9620200"></trkpt>
      <trkpt lat="42.5699600" lon="12.9619900"></trkpt>
      <trkpt lat="42.5701400" lon="12.9619700"></trkpt>
      <trkpt lat="42.5703100" lon="12.9619400"></trkpt>
      <trkpt lat="42.5705700" lon="12.9619000"></trkpt>
      <trkpt lat="42.5706500" lon="12.9618900"></trkpt>
      <trkpt lat="42.5708100" lon="12.9618800"></trkpt>
      <trkpt lat="42.5708800" lon="12.9618600"></trkpt>
      <trkpt lat="42.5709000" lon="12.9618600"></trkpt>
      <trkpt lat="42.5711300" lon="12.9618200"></trkpt>
      <trkpt lat="42.5712500" lon="12.9618100"></trkpt>
      <trkpt lat="42.5713000" lon="12.9618100"></trkpt>
      <trkpt lat="42.5713300" lon="12.9618100"></trkpt>
      <trkpt lat="42.5713600" lon="12.9618300"></trkpt>
      <trkpt lat="42.5713900" lon="12.9618400"></trkpt>
      <trkpt lat="42.5714900" lon="12.9619000"></trkpt>
      <trkpt lat="42.5714900" lon="12.9619100"></trkpt>
      <trkpt lat="42.5715100" lon="12.9619300"></trkpt>
      <trkpt lat="42.5715300" lon="12.9619500"></trkpt>
      <trkpt lat="42.5715500" lon="12.9619700"></trkpt>
      <trkpt lat="42.5715700" lon="12.9619900"></trkpt>
      <trkpt lat="42.5716000" lon="12.9620000"></trkpt>
      <trkpt lat="42.5716200" lon="12.9620100"></trkpt>
      <trkpt lat="42.5716700" lon="12.9620200"></trkpt>
      <trkpt lat="42.5716800" lon="12.9620200"></trkpt>
      <trkpt lat="42.5716900" lon="12.9620100"></trkpt>
      <trkpt lat="42.5717200" lon="12.9620100"></trkpt>
      <trkpt lat="42.5717400" lon="12.9620000"></trkpt>
      <trkpt lat="42.5717700" lon="12.9619900"></trkpt>
      <trkpt lat="42.5717900" lon="12.9619700"></trkpt>
      <trkpt lat="42.5718100" lon="12.9619500"></trkpt>
      <trkpt lat="42.5718300" lon="12.9619300"></trkpt>
      <trkpt lat="42.5718500" lon="12.9619100"></trkpt>
      <trkpt lat="42.5718700" lon="12.9618800"></trkpt>
      <trkpt lat="42.5718800" lon="12.9618500"></trkpt>
      <trkpt lat="42.5718900" lon="12.9618200"></trkpt>
      <trkpt lat="42.5719000" lon="12.9617900"></trkpt>
      <trkpt lat="42.5719000" lon="12.9617800"></trkpt>
      <trkpt lat="42.5719100" lon="12.9617500"></trkpt>
      <trkpt lat="42.5719100" lon="12.9617200"></trkpt>
      <trkpt lat="42.5719100" lon="12.9616800"></trkpt>
      <trkpt lat="42.5719100" lon="12.9616500"></trkpt>
      <trkpt lat="42.5719000" lon="12.9615800"></trkpt>
      <trkpt lat="42.5718900" lon="12.9615500"></trkpt>
      <trkpt lat="42.5718800" lon="12.9615200"></trkpt>
      <trkpt lat="42.5718600" lon="12.9614900"></trkpt>
      <trkpt lat="42.5718400" lon="12.9614600"></trkpt>
      <trkpt lat="42.5718300" lon="12.9614400"></trkpt>
      <trkpt lat="42.5718100" lon="12.9614200"></trkpt>
      <trkpt lat="42.5717900" lon="12.9613300"></trkpt>
      <trkpt lat="42.5717800" lon="12.9612600"></trkpt>
      <trkpt lat="42.5717800" lon="12.9611900"></trkpt>
      <trkpt lat="42.5717800" lon="12.9611300"></trkpt>
      <trkpt lat="42.5717900" lon="12.9610200"></trkpt>
      <trkpt lat="42.5718100" lon="12.9608100"></trkpt>
      <trkpt lat="42.5718500" lon="12.9605100"></trkpt>
      <trkpt lat="42.5718700" lon="12.9604100"></trkpt>
      <trkpt lat="42.5718700" lon="12.9603800"></trkpt>
      <trkpt lat="42.5719200" lon="12.9600500"></trkpt>
      <trkpt lat="42.5720200" lon="12.9593800"></trkpt>
      <trkpt lat="42.5720800" lon="12.9590100"></trkpt>
      <trkpt lat="42.5721000" lon="12.9588900"></trkpt>
      <trkpt lat="42.5721600" lon="12.9584600"></trkpt>
      <trkpt lat="42.5722000" lon="12.9582200"></trkpt>
      <trkpt lat="42.5722400" lon="12.9579800"></trkpt>
      <trkpt lat="42.5722400" lon="12.9579600"></trkpt>
      <trkpt lat="42.5723100" lon="12.9575300"></trkpt>
      <trkpt lat="42.5723100" lon="12.9575100"></trkpt>
      <trkpt lat="42.5724600" lon="12.9566800"></trkpt>
      <trkpt lat="42.5725500" lon="12.9560800"></trkpt>
      <trkpt lat="42.5726600" lon="12.9554300"></trkpt>
      <trkpt lat="42.5727800" lon="12.9546200"></trkpt>
      <trkpt lat="42.5728600" lon="12.9540500"></trkpt>
      <trkpt lat="42.5728800" lon="12.9539400"></trkpt>
      <trkpt lat="42.5729700" lon="12.9534300"></trkpt>
      <trkpt lat="42.5730500" lon="12.9529200"></trkpt>
      <trkpt lat="42.5731200" lon="12.9525300"></trkpt>
      <trkpt lat="42.5731400" lon="12.9524400"></trkpt>
      <trkpt lat="42.5731900" lon="12.9522100"></trkpt>
      <trkpt lat="42.5732500" lon="12.9519800"></trkpt>
      <trkpt lat="42.5732900" lon="12.9518200"></trkpt>
      <trkpt lat="42.5733500" lon="12.9515700"></trkpt>
      <trkpt lat="42.5734900" lon="12.9511100"></trkpt>
      <trkpt lat="42.5735900" lon="12.9508000"></trkpt>
      <trkpt lat="42.5736900" lon="12.9505500"></trkpt>
      <trkpt lat="42.5738800" lon="12.9500300"></trkpt>
      <trkpt lat="42.5741500" lon="12.9493000"></trkpt>
      <trkpt lat="42.5743600" lon="12.9487300"></trkpt>
      <trkpt lat="42.5744000" lon="12.9486400"></trkpt>
      <trkpt lat="42.5744800" lon="12.9484300"></trkpt>
      <trkpt lat="42.5745600" lon="12.9482100"></trkpt>
      <trkpt lat="42.5749200" lon="12.9472600"></trkpt>
      <trkpt lat="42.5751900" lon="12.9465400"></trkpt>
      <trkpt lat="42.5754100" lon="12.9459800"></trkpt>
      <trkpt lat="42.5756500" lon="12.9453300"></trkpt>
      <trkpt lat="42.5756800" lon="12.9452700"></trkpt>
      <trkpt lat="42.5756900" lon="12.9452300"></trkpt>
      <trkpt lat="42.5758000" lon="12.9449500"></trkpt>
      <trkpt lat="42.5758700" lon="12.9447800"></trkpt>
      <trkpt lat="42.5759200" lon="12.9446200"></trkpt>
      <trkpt lat="42.5760500" lon="12.9442900"></trkpt>
      <trkpt lat="42.5762000" lon="12.9438800"></trkpt>
      <trkpt lat="42.5762100" lon="12.9438700"></trkpt>
      <trkpt lat="42.5762300" lon="12.9438100"></trkpt>
      <trkpt lat="42.5762500" lon="12.9437500"></trkpt>
      <trkpt lat="42.5762900" lon="12.9436600"></trkpt>
      <trkpt lat="42.5763300" lon="12.9435400"></trkpt>
      <trkpt lat="42.5763700" lon="12.9434300"></trkpt>
      <trkpt lat="42.5764400" lon="12.9432600"></trkpt>
      <trkpt lat="42.5764500" lon="12.9432300"></trkpt>
      <trkpt lat="42.5764600" lon="12.9432200"></trkpt>
      <trkpt lat="42.5765000" lon="12.9431100"></trkpt>
      <trkpt lat="42.5765400" lon="12.9430000"></trkpt>
      <trkpt lat="42.5766000" lon="12.9428300"></trkpt>
      <trkpt lat="42.5767000" lon="12.9425800"></trkpt>
      <trkpt lat="42.5767000" lon="12.9425600"></trkpt>
      <trkpt lat="42.5767400" lon="12.9424500"></trkpt>
      <trkpt lat="42.5767500" lon="12.9424200"></trkpt>
      <trkpt lat="42.5769700" lon="12.9418700"></trkpt>
      <trkpt lat="42.5770000" lon="12.9418000"></trkpt>
      <trkpt lat="42.5771200" lon="12.9414600"></trkpt>
      <trkpt lat="42.5771900" lon="12.9412700"></trkpt>
      <trkpt lat="42.5772500" lon="12.9411100"></trkpt>
      <trkpt lat="42.5772700" lon="12.9410500"></trkpt>
      <trkpt lat="42.5772800" lon="12.9410000"></trkpt>
      <trkpt lat="42.5774000" lon="12.9406400"></trkpt>
      <trkpt lat="42.5774500" lon="12.9404500"></trkpt>
      <trkpt lat="42.5775100" lon="12.9402400"></trkpt>
      <trkpt lat="42.5775700" lon="12.9399600"></trkpt>
      <trkpt lat="42.5776100" lon="12.9397500"></trkpt>
      <trkpt lat="42.5776400" lon="12.9395700"></trkpt>
      <trkpt lat="42.5776700" lon="12.9393500"></trkpt>
      <trkpt lat="42.5777000" lon="12.9391600"></trkpt>
      <trkpt lat="42.5777100" lon="12.9390300"></trkpt>
      <trkpt lat="42.5777300" lon="12.9387300"></trkpt>
      <trkpt lat="42.5777500" lon="12.9385500"></trkpt>
      <trkpt lat="42.5777500" lon="12.9384800"></trkpt>
      <trkpt lat="42.5777500" lon="12.9383500"></trkpt>
      <trkpt lat="42.5777400" lon="12.9381200"></trkpt>
      <trkpt lat="42.5777200" lon="12.9378500"></trkpt>
      <trkpt lat="42.5776900" lon="12.9374100"></trkpt>
      <trkpt lat="42.5776300" lon="12.9367500"></trkpt>
      <trkpt lat="42.5775700" lon="12.9359800"></trkpt>
      <trkpt lat="42.5775400" lon="12.9356900"></trkpt>
      <trkpt lat="42.5775300" lon="12.9354600"></trkpt>
      <trkpt lat="42.5775100" lon="12.9352200"></trkpt>
      <trkpt lat="42.5774900" lon="12.9349800"></trkpt>
      <trkpt lat="42.5774800" lon="12.9349600"></trkpt>
      <trkpt lat="42.5774500" lon="12.9344700"></trkpt>
      <trkpt lat="42.5774400" lon="12.9343400"></trkpt>
      <trkpt lat="42.5774300" lon="12.9342300"></trkpt>
      <trkpt lat="42.5773800" lon="12.9337500"></trkpt>
      <trkpt lat="42.5773500" lon="12.9333200"></trkpt>
      <trkpt lat="42.5773500" lon="12.9332600"></trkpt>
      <trkpt lat="42.5773400" lon="12.9331000"></trkpt>
      <trkpt lat="42.5773300" lon="12.9330600"></trkpt>
      <trkpt lat="42.5773300" lon="12.9330200"></trkpt>
      <trkpt lat="42.5773200" lon="12.9327700"></trkpt>
      <trkpt lat="42.5773200" lon="12.9327600"></trkpt>
      <trkpt lat="42.5773200" lon="12.9324600"></trkpt>
      <trkpt lat="42.5773200" lon="12.9322400"></trkpt>
      <trkpt lat="42.5773300" lon="12.9320300"></trkpt>
      <trkpt lat="42.5773400" lon="12.9320100"></trkpt>
      <trkpt lat="42.5773600" lon="12.9317900"></trkpt>
      <trkpt lat="42.5773700" lon="12.9316700"></trkpt>
      <trkpt lat="42.5773900" lon="12.9315500"></trkpt>
      <trkpt lat="42.5773900" lon="12.9315300"></trkpt>
      <trkpt lat="42.5774100" lon="12.9313700"></trkpt>
      <trkpt lat="42.5774300" lon="12.9312800"></trkpt>
      <trkpt lat="42.5774700" lon="12.9310700"></trkpt>
      <trkpt lat="42.5774900" lon="12.9310100"></trkpt>
      <trkpt lat="42.5775300" lon="12.9308400"></trkpt>
      <trkpt lat="42.5775800" lon="12.9306500"></trkpt>
      <trkpt lat="42.5775900" lon="12.9306100"></trkpt>
      <trkpt lat="42.5776500" lon="12.9304300"></trkpt>
      <trkpt lat="42.5776600" lon="12.9303900"></trkpt>
      <trkpt lat="42.5776800" lon="12.9303200"></trkpt>
      <trkpt lat="42.5777400" lon="12.9301600"></trkpt>
      <trkpt lat="42.5777500" lon="12.9301200"></trkpt>
      <trkpt lat="42.5778200" lon="12.9299500"></trkpt>
      <trkpt lat="42.5778300" lon="12.9299300"></trkpt>
      <trkpt lat="42.5779500" lon="12.9296800"></trkpt>
      <trkpt lat="42.5780100" lon="12.9295500"></trkpt>
      <trkpt lat="42.5780200" lon="12.9295400"></trkpt>
      <trkpt lat="42.5781100" lon="12.9293700"></trkpt>
      <trkpt lat="42.5781200" lon="12.9293400"></trkpt>
      <trkpt lat="42.5782400" lon="12.9291600"></trkpt>
      <trkpt lat="42.5783400" lon="12.9290100"></trkpt>
      <trkpt lat="42.5784900" lon="12.9288100"></trkpt>
      <trkpt lat="42.5786500" lon="12.9286000"></trkpt>
      <trkpt lat="42.5787300" lon="12.9285000"></trkpt>
      <trkpt lat="42.5787800" lon="12.9284300"></trkpt>
      <trkpt lat="42.5790500" lon="12.9281000"></trkpt>
      <trkpt lat="42.5791800" lon="12.9279400"></trkpt>
      <trkpt lat="42.5792600" lon="12.9278400"></trkpt>
      <trkpt lat="42.5793200" lon="12.9277700"></trkpt>
      <trkpt lat="42.5794500" lon="12.9276100"></trkpt>
      <trkpt lat="42.5795600" lon="12.9274600"></trkpt>
      <trkpt lat="42.5795800" lon="12.9274400"></trkpt>
      <trkpt lat="42.5797100" lon="12.9272700"></trkpt>
      <trkpt lat="42.5798400" lon="12.9271000"></trkpt>
      <trkpt lat="42.5799500" lon="12.9269500"></trkpt>
      <trkpt lat="42.5801000" lon="12.9267600"></trkpt>
      <trkpt lat="42.5801900" lon="12.9266500"></trkpt>
      <trkpt lat="42.5802300" lon="12.9266000"></trkpt>
      <trkpt lat="42.5803600" lon="12.9264200"></trkpt>
      <trkpt lat="42.5804400" lon="12.9263100"></trkpt>
      <trkpt lat="42.5804800" lon="12.9262500"></trkpt>
      <trkpt lat="42.5805700" lon="12.9261100"></trkpt>
      <trkpt lat="42.5806000" lon="12.9260600"></trkpt>
      <trkpt lat="42.5806900" lon="12.9259300"></trkpt>
      <trkpt lat="42.5807200" lon="12.9258800"></trkpt>
      <trkpt lat="42.5807300" lon="12.9258700"></trkpt>
      <trkpt lat="42.5807500" lon="12.9258300"></trkpt>
      <trkpt lat="42.5807800" lon="12.9257800"></trkpt>
      <trkpt lat="42.5808300" lon="12.9257000"></trkpt>
      <trkpt lat="42.5808300" lon="12.9256900"></trkpt>
      <trkpt lat="42.5809400" lon="12.9255000"></trkpt>
      <trkpt lat="42.5809700" lon="12.9254500"></trkpt>
      <trkpt lat="42.5810500" lon="12.9253000"></trkpt>
      <trkpt lat="42.5811200" lon="12.9251600"></trkpt>
      <trkpt lat="42.5811400" lon="12.9250900"></trkpt>
      <trkpt lat="42.5811800" lon="12.9250100"></trkpt>
      <trkpt lat="42.5812300" lon="12.9248800"></trkpt>
      <trkpt lat="42.5813000" lon="12.9247000"></trkpt>
      <trkpt lat="42.5813100" lon="12.9246600"></trkpt>
      <trkpt lat="42.5813800" lon="12.9244400"></trkpt>
      <trkpt lat="42.5813900" lon="12.9243900"></trkpt>
      <trkpt lat="42.5814400" lon="12.9242100"></trkpt>
      <trkpt lat="42.5815000" lon="12.9239800"></trkpt>
      <trkpt lat="42.5815500" lon="12.9237400"></trkpt>
      <trkpt lat="42.5815600" lon="12.9236500"></trkpt>
      <trkpt lat="42.5815800" lon="12.9235100"></trkpt>
      <trkpt lat="42.5816000" lon="12.9233800"></trkpt>
      <trkpt lat="42.5816100" lon="12.9232600"></trkpt>
      <trkpt lat="42.5816300" lon="12.9231300"></trkpt>
      <trkpt lat="42.5816300" lon="12.9230200"></trkpt>
      <trkpt lat="42.5816400" lon="12.9229000"></trkpt>
      <trkpt lat="42.5816400" lon="12.9227700"></trkpt>
      <trkpt lat="42.5816500" lon="12.9226500"></trkpt>
      <trkpt lat="42.5816500" lon="12.9226100"></trkpt>
      <trkpt lat="42.5816400" lon="12.9223700"></trkpt>
      <trkpt lat="42.5816400" lon="12.9223300"></trkpt>
      <trkpt lat="42.5816400" lon="12.9223100"></trkpt>
      <trkpt lat="42.5816300" lon="12.9222900"></trkpt>
      <trkpt lat="42.5816300" lon="12.9222500"></trkpt>
      <trkpt lat="42.5816200" lon="12.9221300"></trkpt>
      <trkpt lat="42.5816200" lon="12.9220600"></trkpt>
      <trkpt lat="42.5816100" lon="12.9220400"></trkpt>
      <trkpt lat="42.5816100" lon="12.9220100"></trkpt>
      <trkpt lat="42.5816000" lon="12.9219100"></trkpt>
      <trkpt lat="42.5815600" lon="12.9216000"></trkpt>
      <trkpt lat="42.5815100" lon="12.9213500"></trkpt>
      <trkpt lat="42.5815100" lon="12.9213300"></trkpt>
      <trkpt lat="42.5814600" lon="12.9210900"></trkpt>
      <trkpt lat="42.5814500" lon="12.9210700"></trkpt>
      <trkpt lat="42.5813900" lon="12.9208600"></trkpt>
      <trkpt lat="42.5813600" lon="12.9207400"></trkpt>
      <trkpt lat="42.5813200" lon="12.9206400"></trkpt>
      <trkpt lat="42.5812900" lon="12.9205600"></trkpt>
      <trkpt lat="42.5812400" lon="12.9204200"></trkpt>
      <trkpt lat="42.5812100" lon="12.9203300"></trkpt>
      <trkpt lat="42.5811600" lon="12.9202300"></trkpt>
      <trkpt lat="42.5811500" lon="12.9202100"></trkpt>
      <trkpt lat="42.5810900" lon="12.9200900"></trkpt>
      <trkpt lat="42.5810500" lon="12.9200100"></trkpt>
      <trkpt lat="42.5810300" lon="12.9199700"></trkpt>
      <trkpt lat="42.5809700" lon="12.9198400"></trkpt>
      <trkpt lat="42.5809400" lon="12.9198100"></trkpt>
      <trkpt lat="42.5808700" lon="12.9196800"></trkpt>
      <trkpt lat="42.5808600" lon="12.9196800"></trkpt>
      <trkpt lat="42.5808400" lon="12.9196400"></trkpt>
      <trkpt lat="42.5808300" lon="12.9196200"></trkpt>
      <trkpt lat="42.5808100" lon="12.9196000"></trkpt>
      <trkpt lat="42.5807600" lon="12.9195100"></trkpt>
      <trkpt lat="42.5807100" lon="12.9194400"></trkpt>
      <trkpt lat="42.5806900" lon="12.9194200"></trkpt>
      <trkpt lat="42.5806100" lon="12.9193000"></trkpt>
      <trkpt lat="42.5805800" lon="12.9192700"></trkpt>
      <trkpt lat="42.5804800" lon="12.9191400"></trkpt>
      <trkpt lat="42.5803400" lon="12.9189800"></trkpt>
      <trkpt lat="42.5802400" lon="12.9188800"></trkpt>
      <trkpt lat="42.5801600" lon="12.9188100"></trkpt>
      <trkpt lat="42.5800000" lon="12.9186700"></trkpt>
      <trkpt lat="42.5799400" lon="12.9186200"></trkpt>
      <trkpt lat="42.5798800" lon="12.9185700"></trkpt>
      <trkpt lat="42.5796200" lon="12.9183900"></trkpt>
      <trkpt lat="42.5796100" lon="12.9183800"></trkpt>
      <trkpt lat="42.5795600" lon="12.9183600"></trkpt>
      <trkpt lat="42.5794500" lon="12.9183000"></trkpt>
      <trkpt lat="42.5794200" lon="12.9182800"></trkpt>
      <trkpt lat="42.5793900" lon="12.9182700"></trkpt>
      <trkpt lat="42.5792800" lon="12.9182100"></trkpt>
      <trkpt lat="42.5792200" lon="12.9181800"></trkpt>
      <trkpt lat="42.5791100" lon="12.9181400"></trkpt>
      <trkpt lat="42.5789600" lon="12.9180700"></trkpt>
      <trkpt lat="42.5789400" lon="12.9180700"></trkpt>
      <trkpt lat="42.5787600" lon="12.9180200"></trkpt>
      <trkpt lat="42.5787500" lon="12.9180100"></trkpt>
      <trkpt lat="42.5784000" lon="12.9179400"></trkpt>
      <trkpt lat="42.5783400" lon="12.9179400"></trkpt>
      <trkpt lat="42.5782300" lon="12.9179300"></trkpt>
      <trkpt lat="42.5781200" lon="12.9179200"></trkpt>
      <trkpt lat="42.5780500" lon="12.9179300"></trkpt>
      <trkpt lat="42.5779500" lon="12.9179300"></trkpt>
      <trkpt lat="42.5778900" lon="12.9179400"></trkpt>
      <trkpt lat="42.5778700" lon="12.9179400"></trkpt>
      <trkpt lat="42.5776900" lon="12.9179600"></trkpt>
      <trkpt lat="42.5773300" lon="12.9180300"></trkpt>
      <trkpt lat="42.5772300" lon="12.9180500"></trkpt>
      <trkpt lat="42.5771600" lon="12.9180700"></trkpt>
      <trkpt lat="42.5770600" lon="12.9180800"></trkpt>
      <trkpt lat="42.5770500" lon="12.9180900"></trkpt>
      <trkpt lat="42.5769800" lon="12.9181000"></trkpt>
      <trkpt lat="42.5768000" lon="12.9181500"></trkpt>
      <trkpt lat="42.5766200" lon="12.9181900"></trkpt>
      <trkpt lat="42.5764500" lon="12.9182300"></trkpt>
      <trkpt lat="42.5762500" lon="12.9182800"></trkpt>
      <trkpt lat="42.5761700" lon="12.9183000"></trkpt>
      <trkpt lat="42.5759900" lon="12.9183400"></trkpt>
      <trkpt lat="42.5757400" lon="12.9184000"></trkpt>
      <trkpt lat="42.5756400" lon="12.9184300"></trkpt>
      <trkpt lat="42.5755600" lon="12.9184500"></trkpt>
      <trkpt lat="42.5752500" lon="12.9185200"></trkpt>
      <trkpt lat="42.5750300" lon="12.9185800"></trkpt>
      <trkpt lat="42.5747600" lon="12.9186500"></trkpt>
      <trkpt lat="42.5746800" lon="12.9186700"></trkpt>
      <trkpt lat="42.5745000" lon="12.9187200"></trkpt>
      <trkpt lat="42.5744600" lon="12.9187400"></trkpt>
      <trkpt lat="42.5743200" lon="12.9187600"></trkpt>
      <trkpt lat="42.5742900" lon="12.9187700"></trkpt>
      <trkpt lat="42.5740800" lon="12.9188000"></trkpt>
      <trkpt lat="42.5739700" lon="12.9188000"></trkpt>
      <trkpt lat="42.5737900" lon="12.9187900"></trkpt>
      <trkpt lat="42.5737000" lon="12.9187900"></trkpt>
      <trkpt lat="42.5733900" lon="12.9187400"></trkpt>
      <trkpt lat="42.5732500" lon="12.9186900"></trkpt>
      <trkpt lat="42.5732200" lon="12.9186800"></trkpt>
      <trkpt lat="42.5730800" lon="12.9186200"></trkpt>
      <trkpt lat="42.5730300" lon="12.9186000"></trkpt>
      <trkpt lat="42.5729100" lon="12.9185600"></trkpt>
      <trkpt lat="42.5728000" lon="12.9185200"></trkpt>
      <trkpt lat="42.5727400" lon="12.9184900"></trkpt>
      <trkpt lat="42.5726400" lon="12.9184500"></trkpt>
      <trkpt lat="42.5724600" lon="12.9183800"></trkpt>
      <trkpt lat="42.5724000" lon="12.9183500"></trkpt>
      <trkpt lat="42.5718600" lon="12.9181100"></trkpt>
      <trkpt lat="42.5711900" lon="12.9178300"></trkpt>
      <trkpt lat="42.5711300" lon="12.9178000"></trkpt>
      <trkpt lat="42.5710200" lon="12.9177700"></trkpt>
      <trkpt lat="42.5708100" lon="12.9177000"></trkpt>
      <trkpt lat="42.5704900" lon="12.9176100"></trkpt>
      <trkpt lat="42.5704700" lon="12.9176000"></trkpt>
      <trkpt lat="42.5703900" lon="12.9175800"></trkpt>
      <trkpt lat="42.5702100" lon="12.9175300"></trkpt>
      <trkpt lat="42.5701900" lon="12.9175200"></trkpt>
      <trkpt lat="42.5701400" lon="12.9175100"></trkpt>
      <trkpt lat="42.5699900" lon="12.9174600"></trkpt>
      <trkpt lat="42.5693800" lon="12.9173300"></trkpt>
      <trkpt lat="42.5692500" lon="12.9173000"></trkpt>
      <trkpt lat="42.5690700" lon="12.9172600"></trkpt>
      <trkpt lat="42.5689000" lon="12.9172300"></trkpt>
      <trkpt lat="42.5687200" lon="12.9171900"></trkpt>
      <trkpt lat="42.5686100" lon="12.9171700"></trkpt>
      <trkpt lat="42.5683600" lon="12.9171100"></trkpt>
      <trkpt lat="42.5681900" lon="12.9170700"></trkpt>
      <trkpt lat="42.5679000" lon="12.9170000"></trkpt>
      <trkpt lat="42.5678500" lon="12.9169900"></trkpt>
      <trkpt lat="42.5675700" lon="12.9169100"></trkpt>
      <trkpt lat="42.5675000" lon="12.9168900"></trkpt>
      <trkpt lat="42.5674600" lon="12.9168800"></trkpt>
      <trkpt lat="42.5673400" lon="12.9168400"></trkpt>
      <trkpt lat="42.5673200" lon="12.9168400"></trkpt>
      <trkpt lat="42.5673100" lon="12.9168300"></trkpt>
      <trkpt lat="42.5671600" lon="12.9167800"></trkpt>
      <trkpt lat="42.5669600" lon="12.9166900"></trkpt>
      <trkpt lat="42.5668200" lon="12.9166300"></trkpt>
      <trkpt lat="42.5666300" lon="12.9165100"></trkpt>
      <trkpt lat="42.5664800" lon="12.9164100"></trkpt>
      <trkpt lat="42.5664200" lon="12.9163600"></trkpt>
      <trkpt lat="42.5661900" lon="12.9162000"></trkpt>
      <trkpt lat="42.5661100" lon="12.9161300"></trkpt>
      <trkpt lat="42.5659900" lon="12.9160400"></trkpt>
      <trkpt lat="42.5659300" lon="12.9159900"></trkpt>
      <trkpt lat="42.5658800" lon="12.9159500"></trkpt>
      <trkpt lat="42.5654000" lon="12.9156100"></trkpt>
      <trkpt lat="42.5653900" lon="12.9156000"></trkpt>
      <trkpt lat="42.5651800" lon="12.9154300"></trkpt>
      <trkpt lat="42.5650300" lon="12.9153100"></trkpt>
      <trkpt lat="42.5650100" lon="12.9152900"></trkpt>
      <trkpt lat="42.5649400" lon="12.9152300"></trkpt>
      <trkpt lat="42.5649100" lon="12.9152000"></trkpt>
      <trkpt lat="42.5648200" lon="12.9151000"></trkpt>
      <trkpt lat="42.5647200" lon="12.9149200"></trkpt>
      <trkpt lat="42.5645300" lon="12.9145800"></trkpt>
      <trkpt lat="42.5644900" lon="12.9144500"></trkpt>
      <trkpt lat="42.5644700" lon="12.9144000"></trkpt>
      <trkpt lat="42.5644400" lon="12.9142200"></trkpt>
      <trkpt lat="42.5644200" lon="12.9141600"></trkpt>
      <trkpt lat="42.5644100" lon="12.9139800"></trkpt>
      <trkpt lat="42.5643900" lon="12.9137300"></trkpt>
      <trkpt lat="42.5644000" lon="12.9136500"></trkpt>
      <trkpt lat="42.5644300" lon="12.9134100"></trkpt>
      <trkpt lat="42.5644400" lon="12.9133600"></trkpt>
      <trkpt lat="42.5644600" lon="12.9132600"></trkpt>
      <trkpt lat="42.5644900" lon="12.9131300"></trkpt>
      <trkpt lat="42.5645200" lon="12.9130200"></trkpt>
      <trkpt lat="42.5645200" lon="12.9129800"></trkpt>
      <trkpt lat="42.5645700" lon="12.9127900"></trkpt>
      <trkpt lat="42.5646600" lon="12.9124300"></trkpt>
      <trkpt lat="42.5647700" lon="12.9119700"></trkpt>
      <trkpt lat="42.5648200" lon="12.9117700"></trkpt>
      <trkpt lat="42.5648600" lon="12.9115300"></trkpt>
      <trkpt lat="42.5648700" lon="12.9114700"></trkpt>
      <trkpt lat="42.5649400" lon="12.9110500"></trkpt>
      <trkpt lat="42.5649500" lon="12.9110100"></trkpt>
      <trkpt lat="42.5650100" lon="12.9107300"></trkpt>
      <trkpt lat="42.5650600" lon="12.9105900"></trkpt>
      <trkpt lat="42.5651000" lon="12.9104600"></trkpt>
      <trkpt lat="42.5651100" lon="12.9104200"></trkpt>
      <trkpt lat="42.5651300" lon="12.9103700"></trkpt>
      <trkpt lat="42.5651800" lon="12.9102400"></trkpt>
      <trkpt lat="42.5651900" lon="12.9102300"></trkpt>
      <trkpt lat="42.5652700" lon="12.9099400"></trkpt>
      <trkpt lat="42.5653300" lon="12.9096300"></trkpt>
      <trkpt lat="42.5653900" lon="12.9093700"></trkpt>
      <trkpt lat="42.5654600" lon="12.9091600"></trkpt>
      <trkpt lat="42.5655400" lon="12.9089400"></trkpt>
      <trkpt lat="42.5655500" lon="12.9088700"></trkpt>
      <trkpt lat="42.5655600" lon="12.9088200"></trkpt>
      <trkpt lat="42.5655600" lon="12.9087800"></trkpt>
      <trkpt lat="42.5655600" lon="12.9087300"></trkpt>
      <trkpt lat="42.5655400" lon="12.9086800"></trkpt>
      <trkpt lat="42.5655300" lon="12.9086500"></trkpt>
      <trkpt lat="42.5655000" lon="12.9086100"></trkpt>
      <trkpt lat="42.5654600" lon="12.9085700"></trkpt>
      <trkpt lat="42.5653500" lon="12.9084900"></trkpt>
      <trkpt lat="42.5653000" lon="12.9084600"></trkpt>
      <trkpt lat="42.5652400" lon="12.9084300"></trkpt>
      <trkpt lat="42.5651900" lon="12.9083600"></trkpt>
      <trkpt lat="42.5651500" lon="12.9082500"></trkpt>
      <trkpt lat="42.5651300" lon="12.9081600"></trkpt>
      <trkpt lat="42.5651200" lon="12.9080700"></trkpt>
      <trkpt lat="42.5651100" lon="12.9080300"></trkpt>
      <trkpt lat="42.5650900" lon="12.9076800"></trkpt>
      <trkpt lat="42.5650800" lon="12.9074400"></trkpt>
      <trkpt lat="42.5650700" lon="12.9071700"></trkpt>
      <trkpt lat="42.5650600" lon="12.9069900"></trkpt>
      <trkpt lat="42.5650600" lon="12.9068100"></trkpt>
      <trkpt lat="42.5650900" lon="12.9063900"></trkpt>
      <trkpt lat="42.5651000" lon="12.9061500"></trkpt>
      <trkpt lat="42.5651000" lon="12.9060500"></trkpt>
      <trkpt lat="42.5650800" lon="12.9059200"></trkpt>
      <trkpt lat="42.5649800" lon="12.9054400"></trkpt>
      <trkpt lat="42.5648200" lon="12.9046000"></trkpt>
      <trkpt lat="42.5647500" lon="12.9042500"></trkpt>
      <trkpt lat="42.5647300" lon="12.9041600"></trkpt>
      <trkpt lat="42.5647000" lon="12.9040500"></trkpt>
      <trkpt lat="42.5646600" lon="12.9039500"></trkpt>
      <trkpt lat="42.5645500" lon="12.9037300"></trkpt>
      <trkpt lat="42.5644800" lon="12.9036000"></trkpt>
      <trkpt lat="42.5644400" lon="12.9035000"></trkpt>
      <trkpt lat="42.5644100" lon="12.9034000"></trkpt>
      <trkpt lat="42.5643500" lon="12.9032200"></trkpt>
      <trkpt lat="42.5643300" lon="12.9030900"></trkpt>
      <trkpt lat="42.5643300" lon="12.9030600"></trkpt>
      <trkpt lat="42.5643100" lon="12.9029000"></trkpt>
      <trkpt lat="42.5643000" lon="12.9028200"></trkpt>
      <trkpt lat="42.5642900" lon="12.9027700"></trkpt>
      <trkpt lat="42.5642800" lon="12.9027000"></trkpt>
      <trkpt lat="42.5642700" lon="12.9026700"></trkpt>
      <trkpt lat="42.5642600" lon="12.9026500"></trkpt>
      <trkpt lat="42.5642300" lon="12.9026100"></trkpt>
      <trkpt lat="42.5642200" lon="12.9026000"></trkpt>
      <trkpt lat="42.5641700" lon="12.9025500"></trkpt>
      <trkpt lat="42.5640700" lon="12.9024800"></trkpt>
      <trkpt lat="42.5640400" lon="12.9024700"></trkpt>
      <trkpt lat="42.5639400" lon="12.9023800"></trkpt>
      <trkpt lat="42.5639100" lon="12.9023400"></trkpt>
      <trkpt lat="42.5638800" lon="12.9022900"></trkpt>
      <trkpt lat="42.5638600" lon="12.9022100"></trkpt>
      <trkpt lat="42.5638500" lon="12.9021300"></trkpt>
      <trkpt lat="42.5638500" lon="12.9021100"></trkpt>
      <trkpt lat="42.5638600" lon="12.9020300"></trkpt>
      <trkpt lat="42.5638900" lon="12.9019300"></trkpt>
      <trkpt lat="42.5639600" lon="12.9016700"></trkpt>
      <trkpt lat="42.5639800" lon="12.9015700"></trkpt>
      <trkpt lat="42.5639800" lon="12.9014800"></trkpt>
      <trkpt lat="42.5639700" lon="12.9014100"></trkpt>
      <trkpt lat="42.5639500" lon="12.9012900"></trkpt>
      <trkpt lat="42.5639200" lon="12.9012000"></trkpt>
      <trkpt lat="42.5639100" lon="12.9011500"></trkpt>
      <trkpt lat="42.5638800" lon="12.9010700"></trkpt>
      <trkpt lat="42.5638400" lon="12.9009800"></trkpt>
      <trkpt lat="42.5637800" lon="12.9008500"></trkpt>
      <trkpt lat="42.5636200" lon="12.9006000"></trkpt>
      <trkpt lat="42.5635400" lon="12.9004500"></trkpt>
      <trkpt lat="42.5634900" lon="12.9003700"></trkpt>
      <trkpt lat="42.5633100" lon="12.9000000"></trkpt>
      <trkpt lat="42.5632600" lon="12.8999100"></trkpt>
      <trkpt lat="42.5632300" lon="12.8998500"></trkpt>
      <trkpt lat="42.5632000" lon="12.8998000"></trkpt>
      <trkpt lat="42.5631800" lon="12.8997400"></trkpt>
      <trkpt lat="42.5631500" lon="12.8996900"></trkpt>
      <trkpt lat="42.5631400" lon="12.8996300"></trkpt>
      <trkpt lat="42.5631400" lon="12.8995500"></trkpt>
      <trkpt lat="42.5631600" lon="12.8994000"></trkpt>
      <trkpt lat="42.5631900" lon="12.8993100"></trkpt>
      <trkpt lat="42.5632200" lon="12.8992400"></trkpt>
      <trkpt lat="42.5632600" lon="12.8991300"></trkpt>
      <trkpt lat="42.5633000" lon="12.8989500"></trkpt>
      <trkpt lat="42.5633100" lon="12.8988900"></trkpt>
      <trkpt lat="42.5633200" lon="12.8988500"></trkpt>
      <trkpt lat="42.5633200" lon="12.8987400"></trkpt>
      <trkpt lat="42.5632900" lon="12.8985900"></trkpt>
      <trkpt lat="42.5632400" lon="12.8983800"></trkpt>
      <trkpt lat="42.5631900" lon="12.8981700"></trkpt>
      <trkpt lat="42.5631200" lon="12.8979400"></trkpt>
      <trkpt lat="42.5630400" lon="12.8977400"></trkpt>
      <trkpt lat="42.5629800" lon="12.8976000"></trkpt>
      <trkpt lat="42.5629700" lon="12.8975800"></trkpt>
      <trkpt lat="42.5629500" lon="12.8975300"></trkpt>
      <trkpt lat="42.5629100" lon="12.8974400"></trkpt>
      <trkpt lat="42.5628700" lon="12.8973800"></trkpt>
      <trkpt lat="42.5628100" lon="12.8973000"></trkpt>
      <trkpt lat="42.5627400" lon="12.8972100"></trkpt>
      <trkpt lat="42.5626900" lon="12.8971500"></trkpt>
      <trkpt lat="42.5625800" lon="12.8970000"></trkpt>
      <trkpt lat="42.5625700" lon="12.8970000"></trkpt>
      <trkpt lat="42.5625200" lon="12.8969200"></trkpt>
      <trkpt lat="42.5624900" lon="12.8968600"></trkpt>
      <trkpt lat="42.5624700" lon="12.8968300"></trkpt>
      <trkpt lat="42.5624700" lon="12.8968100"></trkpt>
      <trkpt lat="42.5624400" lon="12.8967300"></trkpt>
      <trkpt lat="42.5624300" lon="12.8965700"></trkpt>
      <trkpt lat="42.5624200" lon="12.8964100"></trkpt>
      <trkpt lat="42.5624300" lon="12.8960900"></trkpt>
      <trkpt lat="42.5624700" lon="12.8958000"></trkpt>
      <trkpt lat="42.5624900" lon="12.8956100"></trkpt>
      <trkpt lat="42.5624800" lon="12.8954300"></trkpt>
      <trkpt lat="42.5624600" lon="12.8952500"></trkpt>
      <trkpt lat="42.5624400" lon="12.8951200"></trkpt>
      <trkpt lat="42.5624300" lon="12.8950300"></trkpt>
      <trkpt lat="42.5624100" lon="12.8949400"></trkpt>
      <trkpt lat="42.5624100" lon="12.8948800"></trkpt>
      <trkpt lat="42.5624000" lon="12.8948400"></trkpt>
      <trkpt lat="42.5624100" lon="12.8947300"></trkpt>
      <trkpt lat="42.5624300" lon="12.8946300"></trkpt>
      <trkpt lat="42.5624600" lon="12.8945500"></trkpt>
      <trkpt lat="42.5625000" lon="12.8944800"></trkpt>
      <trkpt lat="42.5625400" lon="12.8943700"></trkpt>
      <trkpt lat="42.5625700" lon="12.8942700"></trkpt>
      <trkpt lat="42.5625800" lon="12.8942000"></trkpt>
      <trkpt lat="42.5626100" lon="12.8940400"></trkpt>
      <trkpt lat="42.5626400" lon="12.8937900"></trkpt>
      <trkpt lat="42.5626700" lon="12.8935700"></trkpt>
      <trkpt lat="42.5626900" lon="12.8933800"></trkpt>
      <trkpt lat="42.5626900" lon="12.8932900"></trkpt>
      <trkpt lat="42.5626800" lon="12.8932700"></trkpt>
      <trkpt lat="42.5626800" lon="12.8932600"></trkpt>
      <trkpt lat="42.5626700" lon="12.8932300"></trkpt>
      <trkpt lat="42.5626500" lon="12.8932000"></trkpt>
      <trkpt lat="42.5626400" lon="12.8931700"></trkpt>
      <trkpt lat="42.5626200" lon="12.8931500"></trkpt>
      <trkpt lat="42.5626100" lon="12.8931400"></trkpt>
      <trkpt lat="42.5625800" lon="12.8931200"></trkpt>
      <trkpt lat="42.5625500" lon="12.8931200"></trkpt>
      <trkpt lat="42.5624600" lon="12.8930800"></trkpt>
      <trkpt lat="42.5623800" lon="12.8930500"></trkpt>
      <trkpt lat="42.5622600" lon="12.8930000"></trkpt>
      <trkpt lat="42.5622100" lon="12.8929700"></trkpt>
      <trkpt lat="42.5621300" lon="12.8929200"></trkpt>
      <trkpt lat="42.5621200" lon="12.8929100"></trkpt>
      <trkpt lat="42.5621000" lon="12.8928900"></trkpt>
      <trkpt lat="42.5620700" lon="12.8928500"></trkpt>
      <trkpt lat="42.5620600" lon="12.8928400"></trkpt>
      <trkpt lat="42.5620500" lon="12.8927900"></trkpt>
      <trkpt lat="42.5620300" lon="12.8927500"></trkpt>
      <trkpt lat="42.5620300" lon="12.8926900"></trkpt>
      <trkpt lat="42.5620300" lon="12.8925800"></trkpt>
      <trkpt lat="42.5620600" lon="12.8924800"></trkpt>
      <trkpt lat="42.5621100" lon="12.8923900"></trkpt>
      <trkpt lat="42.5622300" lon="12.8922700"></trkpt>
      <trkpt lat="42.5622500" lon="12.8922300"></trkpt>
      <trkpt lat="42.5622800" lon="12.8921900"></trkpt>
      <trkpt lat="42.5623100" lon="12.8921200"></trkpt>
      <trkpt lat="42.5623300" lon="12.8920200"></trkpt>
      <trkpt lat="42.5623200" lon="12.8918800"></trkpt>
      <trkpt lat="42.5623100" lon="12.8916600"></trkpt>
      <trkpt lat="42.5622900" lon="12.8915400"></trkpt>
      <trkpt lat="42.5622800" lon="12.8914600"></trkpt>
      <trkpt lat="42.5622500" lon="12.8913100"></trkpt>
      <trkpt lat="42.5622400" lon="12.8913000"></trkpt>
      <trkpt lat="42.5621900" lon="12.8911500"></trkpt>
      <trkpt lat="42.5621100" lon="12.8910000"></trkpt>
      <trkpt lat="42.5620400" lon="12.8909000"></trkpt>
      <trkpt lat="42.5619500" lon="12.8907800"></trkpt>
      <trkpt lat="42.5618500" lon="12.8906400"></trkpt>
      <trkpt lat="42.5618000" lon="12.8905400"></trkpt>
      <trkpt lat="42.5617700" lon="12.8904200"></trkpt>
      <trkpt lat="42.5617500" lon="12.8902900"></trkpt>
      <trkpt lat="42.5617200" lon="12.8900700"></trkpt>
      <trkpt lat="42.5616500" lon="12.8895900"></trkpt>
      <trkpt lat="42.5615000" lon="12.8885200"></trkpt>
      <trkpt lat="42.5614400" lon="12.8881200"></trkpt>
      <trkpt lat="42.5614100" lon="12.8878800"></trkpt>
      <trkpt lat="42.5613400" lon="12.8874300"></trkpt>
      <trkpt lat="42.5613400" lon="12.8874000"></trkpt>
      <trkpt lat="42.5613200" lon="12.8872800"></trkpt>
      <trkpt lat="42.5613000" lon="12.8871900"></trkpt>
      <trkpt lat="42.5612900" lon="12.8871700"></trkpt>
      <trkpt lat="42.5612700" lon="12.8870600"></trkpt>
      <trkpt lat="42.5612400" lon="12.8869600"></trkpt>
      <trkpt lat="42.5612400" lon="12.8869300"></trkpt>
      <trkpt lat="42.5612200" lon="12.8868600"></trkpt>
      <trkpt lat="42.5611800" lon="12.8867500"></trkpt>
      <trkpt lat="42.5611700" lon="12.8867400"></trkpt>
      <trkpt lat="42.5611600" lon="12.8867100"></trkpt>
      <trkpt lat="42.5611200" lon="12.8866300"></trkpt>
      <trkpt lat="42.5610600" lon="12.8865100"></trkpt>
      <trkpt lat="42.5609700" lon="12.8863500"></trkpt>
      <trkpt lat="42.5609600" lon="12.8863400"></trkpt>
      <trkpt lat="42.5609500" lon="12.8863200"></trkpt>
      <trkpt lat="42.5609300" lon="12.8862800"></trkpt>
      <trkpt lat="42.5608600" lon="12.8861400"></trkpt>
      <trkpt lat="42.5608400" lon="12.8861200"></trkpt>
      <trkpt lat="42.5608300" lon="12.8860900"></trkpt>
      <trkpt lat="42.5606500" lon="12.8858100"></trkpt>
      <trkpt lat="42.5605800" lon="12.8857300"></trkpt>
      <trkpt lat="42.5605100" lon="12.8856500"></trkpt>
      <trkpt lat="42.5604600" lon="12.8856100"></trkpt>
      <trkpt lat="42.5603200" lon="12.8854900"></trkpt>
      <trkpt lat="42.5602200" lon="12.8853700"></trkpt>
      <trkpt lat="42.5601900" lon="12.8853400"></trkpt>
      <trkpt lat="42.5600600" lon="12.8851700"></trkpt>
      <trkpt lat="42.5600400" lon="12.8851500"></trkpt>
      <trkpt lat="42.5599300" lon="12.8850000"></trkpt>
      <trkpt lat="42.5599100" lon="12.8849800"></trkpt>
      <trkpt lat="42.5598000" lon="12.8848300"></trkpt>
      <trkpt lat="42.5597800" lon="12.8848100"></trkpt>
      <trkpt lat="42.5596600" lon="12.8846700"></trkpt>
      <trkpt lat="42.5596200" lon="12.8846200"></trkpt>
      <trkpt lat="42.5595800" lon="12.8845600"></trkpt>
      <trkpt lat="42.5595300" lon="12.8844800"></trkpt>
      <trkpt lat="42.5595200" lon="12.8844700"></trkpt>
      <trkpt lat="42.5595000" lon="12.8844000"></trkpt>
      <trkpt lat="42.5594800" lon="12.8843300"></trkpt>
      <trkpt lat="42.5594800" lon="12.8842500"></trkpt>
      <trkpt lat="42.5594800" lon="12.8842400"></trkpt>
      <trkpt lat="42.5594900" lon="12.8841500"></trkpt>
      <trkpt lat="42.5595300" lon="12.8840400"></trkpt>
      <trkpt lat="42.5595400" lon="12.8840200"></trkpt>
      <trkpt lat="42.5595700" lon="12.8839600"></trkpt>
      <trkpt lat="42.5595900" lon="12.8839200"></trkpt>
      <trkpt lat="42.5596200" lon="12.8838800"></trkpt>
      <trkpt lat="42.5596600" lon="12.8838300"></trkpt>
      <trkpt lat="42.5596800" lon="12.8838000"></trkpt>
      <trkpt lat="42.5597200" lon="12.8837600"></trkpt>
      <trkpt lat="42.5597500" lon="12.8836800"></trkpt>
      <trkpt lat="42.5597600" lon="12.8836700"></trkpt>
      <trkpt lat="42.5597700" lon="12.8836400"></trkpt>
      <trkpt lat="42.5597800" lon="12.8836000"></trkpt>
      <trkpt lat="42.5598000" lon="12.8835200"></trkpt>
      <trkpt lat="42.5598100" lon="12.8834300"></trkpt>
      <trkpt lat="42.5598100" lon="12.8834200"></trkpt>
      <trkpt lat="42.5598100" lon="12.8834100"></trkpt>
      <trkpt lat="42.5598100" lon="12.8833300"></trkpt>
      <trkpt lat="42.5598100" lon="12.8832400"></trkpt>
      <trkpt lat="42.5597900" lon="12.8831900"></trkpt>
      <trkpt lat="42.5597900" lon="12.8831700"></trkpt>
      <trkpt lat="42.5597800" lon="12.8831600"></trkpt>
      <trkpt lat="42.5596500" lon="12.8827100"></trkpt>
      <trkpt lat="42.5596300" lon="12.8826300"></trkpt>
      <trkpt lat="42.5595900" lon="12.8824800"></trkpt>
      <trkpt lat="42.5595400" lon="12.8822500"></trkpt>
      <trkpt lat="42.5595300" lon="12.8822100"></trkpt>
      <trkpt lat="42.5594700" lon="12.8819100"></trkpt>
      <trkpt lat="42.5594600" lon="12.8818500"></trkpt>
      <trkpt lat="42.5594500" lon="12.8817500"></trkpt>
      <trkpt lat="42.5594100" lon="12.8815400"></trkpt>
      <trkpt lat="42.5593800" lon="12.8813000"></trkpt>
      <trkpt lat="42.5593500" lon="12.8811200"></trkpt>
      <trkpt lat="42.5593500" lon="12.8810800"></trkpt>
      <trkpt lat="42.5593400" lon="12.8808900"></trkpt>
      <trkpt lat="42.5593400" lon="12.8808400"></trkpt>
      <trkpt lat="42.5593400" lon="12.8808100"></trkpt>
      <trkpt lat="42.5593500" lon="12.8807200"></trkpt>
      <trkpt lat="42.5593500" lon="12.8805700"></trkpt>
      <trkpt lat="42.5593600" lon="12.8805200"></trkpt>
      <trkpt lat="42.5593600" lon="12.8803300"></trkpt>
      <trkpt lat="42.5593700" lon="12.8801500"></trkpt>
      <trkpt lat="42.5593700" lon="12.8800800"></trkpt>
      <trkpt lat="42.5593800" lon="12.8798600"></trkpt>
      <trkpt lat="42.5593800" lon="12.8798400"></trkpt>
      <trkpt lat="42.5593800" lon="12.8798300"></trkpt>
      <trkpt lat="42.5593700" lon="12.8796200"></trkpt>
      <trkpt lat="42.5593700" lon="12.8795900"></trkpt>
      <trkpt lat="42.5593600" lon="12.8795800"></trkpt>
      <trkpt lat="42.5593200" lon="12.8793600"></trkpt>
      <trkpt lat="42.5593100" lon="12.8793100"></trkpt>
      <trkpt lat="42.5592600" lon="12.8791100"></trkpt>
      <trkpt lat="42.5592100" lon="12.8788900"></trkpt>
      <trkpt lat="42.5591000" lon="12.8784300"></trkpt>
      <trkpt lat="42.5590600" lon="12.8782200"></trkpt>
      <trkpt lat="42.5590500" lon="12.8781900"></trkpt>
      <trkpt lat="42.5590100" lon="12.8780200"></trkpt>
      <trkpt lat="42.5589500" lon="12.8778000"></trkpt>
      <trkpt lat="42.5588500" lon="12.8775500"></trkpt>
      <trkpt lat="42.5588500" lon="12.8775400"></trkpt>
      <trkpt lat="42.5588400" lon="12.8775200"></trkpt>
      <trkpt lat="42.5588200" lon="12.8774100"></trkpt>
      <trkpt lat="42.5588000" lon="12.8773100"></trkpt>
      <trkpt lat="42.5587900" lon="12.8772900"></trkpt>
      <trkpt lat="42.5587500" lon="12.8770500"></trkpt>
      <trkpt lat="42.5587300" lon="12.8769600"></trkpt>
      <trkpt lat="42.5586800" lon="12.8768100"></trkpt>
      <trkpt lat="42.5586100" lon="12.8766800"></trkpt>
      <trkpt lat="42.5585700" lon="12.8766300"></trkpt>
      <trkpt lat="42.5585500" lon="12.8766100"></trkpt>
      <trkpt lat="42.5584800" lon="12.8765400"></trkpt>
      <trkpt lat="42.5584400" lon="12.8765200"></trkpt>
      <trkpt lat="42.5583900" lon="12.8765000"></trkpt>
      <trkpt lat="42.5583000" lon="12.8764800"></trkpt>
      <trkpt lat="42.5582400" lon="12.8764800"></trkpt>
      <trkpt lat="42.5582300" lon="12.8764800"></trkpt>
      <trkpt lat="42.5580800" lon="12.8765000"></trkpt>
      <trkpt lat="42.5580600" lon="12.8765100"></trkpt>
      <trkpt lat="42.5574500" lon="12.8766000"></trkpt>
      <trkpt lat="42.5573500" lon="12.8766200"></trkpt>
      <trkpt lat="42.5571700" lon="12.8766500"></trkpt>
      <trkpt lat="42.5569900" lon="12.8766900"></trkpt>
      <trkpt lat="42.5566900" lon="12.8767500"></trkpt>
      <trkpt lat="42.5566300" lon="12.8767600"></trkpt>
      <trkpt lat="42.5565500" lon="12.8767600"></trkpt>
      <trkpt lat="42.5564700" lon="12.8767800"></trkpt>
      <trkpt lat="42.5564600" lon="12.8767900"></trkpt>
      <trkpt lat="42.5564400" lon="12.8767900"></trkpt>
      <trkpt lat="42.5563600" lon="12.8768200"></trkpt>
      <trkpt lat="42.5563000" lon="12.8768600"></trkpt>
      <trkpt lat="42.5562900" lon="12.8768700"></trkpt>
      <trkpt lat="42.5562600" lon="12.8768900"></trkpt>
      <trkpt lat="42.5561900" lon="12.8769300"></trkpt>
      <trkpt lat="42.5561400" lon="12.8769600"></trkpt>
      <trkpt lat="42.5561300" lon="12.8769600"></trkpt>
      <trkpt lat="42.5561200" lon="12.8769600"></trkpt>
      <trkpt lat="42.5560300" lon="12.8769900"></trkpt>
      <trkpt lat="42.5559500" lon="12.8769900"></trkpt>
      <trkpt lat="42.5559400" lon="12.8769900"></trkpt>
      <trkpt lat="42.5558800" lon="12.8769800"></trkpt>
      <trkpt lat="42.5558300" lon="12.8769600"></trkpt>
      <trkpt lat="42.5557800" lon="12.8769100"></trkpt>
      <trkpt lat="42.5557100" lon="12.8768100"></trkpt>
      <trkpt lat="42.5556900" lon="12.8767500"></trkpt>
      <trkpt lat="42.5556900" lon="12.8767300"></trkpt>
      <trkpt lat="42.5556700" lon="12.8766800"></trkpt>
      <trkpt lat="42.5556700" lon="12.8766100"></trkpt>
      <trkpt lat="42.5556700" lon="12.8765500"></trkpt>
      <trkpt lat="42.5556800" lon="12.8764900"></trkpt>
      <trkpt lat="42.5556800" lon="12.8764700"></trkpt>
      <trkpt lat="42.5556900" lon="12.8764500"></trkpt>
      <trkpt lat="42.5557100" lon="12.8763700"></trkpt>
      <trkpt lat="42.5557600" lon="12.8762500"></trkpt>
      <trkpt lat="42.5557700" lon="12.8762300"></trkpt>
      <trkpt lat="42.5558600" lon="12.8760800"></trkpt>
      <trkpt lat="42.5558700" lon="12.8760600"></trkpt>
      <trkpt lat="42.5558800" lon="12.8760600"></trkpt>
      <trkpt lat="42.5560000" lon="12.8759200"></trkpt>
      <trkpt lat="42.5560100" lon="12.8759000"></trkpt>
      <trkpt lat="42.5561400" lon="12.8757600"></trkpt>
      <trkpt lat="42.5562900" lon="12.8755900"></trkpt>
      <trkpt lat="42.5562900" lon="12.8755800"></trkpt>
      <trkpt lat="42.5564300" lon="12.8754400"></trkpt>
      <trkpt lat="42.5564900" lon="12.8753900"></trkpt>
      <trkpt lat="42.5565800" lon="12.8753000"></trkpt>
      <trkpt lat="42.5566300" lon="12.8752500"></trkpt>
      <trkpt lat="42.5567100" lon="12.8751400"></trkpt>
      <trkpt lat="42.5567500" lon="12.8751000"></trkpt>
      <trkpt lat="42.5568500" lon="12.8750000"></trkpt>
      <trkpt lat="42.5568600" lon="12.8749900"></trkpt>
      <trkpt lat="42.5569400" lon="12.8749300"></trkpt>
      <trkpt lat="42.5571400" lon="12.8747700"></trkpt>
      <trkpt lat="42.5572700" lon="12.8746400"></trkpt>
      <trkpt lat="42.5573800" lon="12.8745100"></trkpt>
      <trkpt lat="42.5574500" lon="12.8744400"></trkpt>
      <trkpt lat="42.5574700" lon="12.8744300"></trkpt>
      <trkpt lat="42.5575600" lon="12.8743500"></trkpt>
      <trkpt lat="42.5576100" lon="12.8743300"></trkpt>
      <trkpt lat="42.5576900" lon="12.8742800"></trkpt>
      <trkpt lat="42.5578200" lon="12.8742200"></trkpt>
      <trkpt lat="42.5580500" lon="12.8741400"></trkpt>
      <trkpt lat="42.5581200" lon="12.8741100"></trkpt>
      <trkpt lat="42.5581800" lon="12.8740800"></trkpt>
      <trkpt lat="42.5582200" lon="12.8740400"></trkpt>
      <trkpt lat="42.5582500" lon="12.8740000"></trkpt>
      <trkpt lat="42.5582600" lon="12.8739700"></trkpt>
      <trkpt lat="42.5583000" lon="12.8738700"></trkpt>
      <trkpt lat="42.5583400" lon="12.8737500"></trkpt>
      <trkpt lat="42.5583800" lon="12.8736200"></trkpt>
      <trkpt lat="42.5584200" lon="12.8735300"></trkpt>
      <trkpt lat="42.5584800" lon="12.8733700"></trkpt>
      <trkpt lat="42.5584900" lon="12.8733400"></trkpt>
      <trkpt lat="42.5585000" lon="12.8733100"></trkpt>
      <trkpt lat="42.5585100" lon="12.8732600"></trkpt>
      <trkpt lat="42.5585500" lon="12.8731000"></trkpt>
      <trkpt lat="42.5585500" lon="12.8730800"></trkpt>
      <trkpt lat="42.5585800" lon="12.8728900"></trkpt>
      <trkpt lat="42.5585900" lon="12.8728400"></trkpt>
      <trkpt lat="42.5586500" lon="12.8725400"></trkpt>
      <trkpt lat="42.5587100" lon="12.8723800"></trkpt>
      <trkpt lat="42.5587800" lon="12.8721600"></trkpt>
      <trkpt lat="42.5588000" lon="12.8721100"></trkpt>
      <trkpt lat="42.5588400" lon="12.8719600"></trkpt>
      <trkpt lat="42.5588400" lon="12.8719300"></trkpt>
      <trkpt lat="42.5588500" lon="12.8718600"></trkpt>
      <trkpt lat="42.5588300" lon="12.8717900"></trkpt>
      <trkpt lat="42.5588100" lon="12.8717300"></trkpt>
      <trkpt lat="42.5588000" lon="12.8717100"></trkpt>
      <trkpt lat="42.5587300" lon="12.8716100"></trkpt>
      <trkpt lat="42.5586800" lon="12.8715600"></trkpt>
      <trkpt lat="42.5586600" lon="12.8715500"></trkpt>
      <trkpt lat="42.5585700" lon="12.8714800"></trkpt>
      <trkpt lat="42.5585200" lon="12.8714300"></trkpt>
      <trkpt lat="42.5585100" lon="12.8714200"></trkpt>
      <trkpt lat="42.5583700" lon="12.8712600"></trkpt>
      <trkpt lat="42.5583400" lon="12.8712300"></trkpt>
      <trkpt lat="42.5582600" lon="12.8710700"></trkpt>
      <trkpt lat="42.5581900" lon="12.8709400"></trkpt>
      <trkpt lat="42.5581700" lon="12.8708900"></trkpt>
      <trkpt lat="42.5581600" lon="12.8708700"></trkpt>
      <trkpt lat="42.5580800" lon="12.8706500"></trkpt>
      <trkpt lat="42.5580200" lon="12.8705100"></trkpt>
      <trkpt lat="42.5580000" lon="12.8704400"></trkpt>
      <trkpt lat="42.5579400" lon="12.8702900"></trkpt>
      <trkpt lat="42.5579200" lon="12.8702200"></trkpt>
      <trkpt lat="42.5578400" lon="12.8700000"></trkpt>
      <trkpt lat="42.5577900" lon="12.8698500"></trkpt>
      <trkpt lat="42.5577500" lon="12.8697500"></trkpt>
      <trkpt lat="42.5576900" lon="12.8696600"></trkpt>
      <trkpt lat="42.5576400" lon="12.8696000"></trkpt>
      <trkpt lat="42.5575800" lon="12.8695400"></trkpt>
      <trkpt lat="42.5574800" lon="12.8694700"></trkpt>
      <trkpt lat="42.5573500" lon="12.8693700"></trkpt>
      <trkpt lat="42.5573400" lon="12.8693700"></trkpt>
      <trkpt lat="42.5573300" lon="12.8693500"></trkpt>
      <trkpt lat="42.5573000" lon="12.8693200"></trkpt>
      <trkpt lat="42.5572700" lon="12.8692700"></trkpt>
      <trkpt lat="42.5572400" lon="12.8692100"></trkpt>
      <trkpt lat="42.5572300" lon="12.8691500"></trkpt>
      <trkpt lat="42.5572300" lon="12.8690800"></trkpt>
      <trkpt lat="42.5572300" lon="12.8689400"></trkpt>
      <trkpt lat="42.5572300" lon="12.8689100"></trkpt>
      <trkpt lat="42.5572300" lon="12.8688800"></trkpt>
      <trkpt lat="42.5572400" lon="12.8688200"></trkpt>
      <trkpt lat="42.5572800" lon="12.8685100"></trkpt>
      <trkpt lat="42.5572800" lon="12.8684500"></trkpt>
      <trkpt lat="42.5572800" lon="12.8684300"></trkpt>
      <trkpt lat="42.5572700" lon="12.8683800"></trkpt>
      <trkpt lat="42.5572500" lon="12.8683100"></trkpt>
      <trkpt lat="42.5572400" lon="12.8682600"></trkpt>
      <trkpt lat="42.5572100" lon="12.8682000"></trkpt>
      <trkpt lat="42.5571600" lon="12.8681400"></trkpt>
      <trkpt lat="42.5571000" lon="12.8681000"></trkpt>
      <trkpt lat="42.5570600" lon="12.8680700"></trkpt>
      <trkpt lat="42.5570400" lon="12.8680600"></trkpt>
      <trkpt lat="42.5569900" lon="12.8680300"></trkpt>
      <trkpt lat="42.5569600" lon="12.8680100"></trkpt>
      <trkpt lat="42.5569200" lon="12.8679900"></trkpt>
      <trkpt lat="42.5568900" lon="12.8679800"></trkpt>
      <trkpt lat="42.5567700" lon="12.8679200"></trkpt>
      <trkpt lat="42.5567500" lon="12.8679100"></trkpt>
      <trkpt lat="42.5567300" lon="12.8678900"></trkpt>
      <trkpt lat="42.5567000" lon="12.8678800"></trkpt>
      <trkpt lat="42.5567000" lon="12.8678700"></trkpt>
      <trkpt lat="42.5566900" lon="12.8678600"></trkpt>
      <trkpt lat="42.5566400" lon="12.8678000"></trkpt>
      <trkpt lat="42.5566000" lon="12.8677200"></trkpt>
      <trkpt lat="42.5565900" lon="12.8676900"></trkpt>
      <trkpt lat="42.5565100" lon="12.8675100"></trkpt>
      <trkpt lat="42.5564200" lon="12.8673400"></trkpt>
      <trkpt lat="42.5564000" lon="12.8673200"></trkpt>
      <trkpt lat="42.5563800" lon="12.8672900"></trkpt>
      <trkpt lat="42.5563400" lon="12.8672600"></trkpt>
      <trkpt lat="42.5562600" lon="12.8672300"></trkpt>
      <trkpt lat="42.5562400" lon="12.8672200"></trkpt>
      <trkpt lat="42.5562100" lon="12.8672100"></trkpt>
      <trkpt lat="42.5561300" lon="12.8672200"></trkpt>
      <trkpt lat="42.5560600" lon="12.8672400"></trkpt>
      <trkpt lat="42.5560200" lon="12.8672500"></trkpt>
      <trkpt lat="42.5558900" lon="12.8672900"></trkpt>
      <trkpt lat="42.5558700" lon="12.8673000"></trkpt>
      <trkpt lat="42.5557800" lon="12.8673300"></trkpt>
      <trkpt lat="42.5557100" lon="12.8673500"></trkpt>
      <trkpt lat="42.5556400" lon="12.8673700"></trkpt>
      <trkpt lat="42.5555000" lon="12.8673700"></trkpt>
      <trkpt lat="42.5553500" lon="12.8673700"></trkpt>
      <trkpt lat="42.5552500" lon="12.8673600"></trkpt>
      <trkpt lat="42.5551800" lon="12.8673600"></trkpt>
      <trkpt lat="42.5551300" lon="12.8673600"></trkpt>
      <trkpt lat="42.5550600" lon="12.8673700"></trkpt>
      <trkpt lat="42.5550000" lon="12.8673800"></trkpt>
      <trkpt lat="42.5549700" lon="12.8673900"></trkpt>
      <trkpt lat="42.5549100" lon="12.8674000"></trkpt>
      <trkpt lat="42.5548800" lon="12.8673900"></trkpt>
      <trkpt lat="42.5548400" lon="12.8673700"></trkpt>
      <trkpt lat="42.5548200" lon="12.8673600"></trkpt>
      <trkpt lat="42.5548000" lon="12.8673400"></trkpt>
      <trkpt lat="42.5547900" lon="12.8673200"></trkpt>
      <trkpt lat="42.5547700" lon="12.8673000"></trkpt>
      <trkpt lat="42.5547500" lon="12.8672600"></trkpt>
      <trkpt lat="42.5547500" lon="12.8672300"></trkpt>
      <trkpt lat="42.5547400" lon="12.8672000"></trkpt>
      <trkpt lat="42.5547500" lon="12.8671600"></trkpt>
      <trkpt lat="42.5547500" lon="12.8671500"></trkpt>
      <trkpt lat="42.5547600" lon="12.8670800"></trkpt>
      <trkpt lat="42.5548000" lon="12.8669300"></trkpt>
      <trkpt lat="42.5548100" lon="12.8669300"></trkpt>
      <trkpt lat="42.5549300" lon="12.8666300"></trkpt>
      <trkpt lat="42.5549600" lon="12.8665600"></trkpt>
      <trkpt lat="42.5549700" lon="12.8665000"></trkpt>
      <trkpt lat="42.5549700" lon="12.8664800"></trkpt>
      <trkpt lat="42.5549800" lon="12.8664100"></trkpt>
      <trkpt lat="42.5549900" lon="12.8663200"></trkpt>
      <trkpt lat="42.5549800" lon="12.8662500"></trkpt>
      <trkpt lat="42.5549700" lon="12.8661900"></trkpt>
      <trkpt lat="42.5549500" lon="12.8661300"></trkpt>
      <trkpt lat="42.5549200" lon="12.8660800"></trkpt>
      <trkpt lat="42.5548900" lon="12.8660600"></trkpt>
      <trkpt lat="42.5548700" lon="12.8660400"></trkpt>
      <trkpt lat="42.5548400" lon="12.8660300"></trkpt>
      <trkpt lat="42.5547900" lon="12.8660100"></trkpt>
      <trkpt lat="42.5547200" lon="12.8660300"></trkpt>
      <trkpt lat="42.5546900" lon="12.8660300"></trkpt>
      <trkpt lat="42.5544400" lon="12.8660600"></trkpt>
      <trkpt lat="42.5542700" lon="12.8660400"></trkpt>
      <trkpt lat="42.5541800" lon="12.8660300"></trkpt>
      <trkpt lat="42.5540700" lon="12.8660100"></trkpt>
      <trkpt lat="42.5540000" lon="12.8659900"></trkpt>
      <trkpt lat="42.5538200" lon="12.8659400"></trkpt>
      <trkpt lat="42.5536500" lon="12.8659000"></trkpt>
      <trkpt lat="42.5536400" lon="12.8658900"></trkpt>
      <trkpt lat="42.5535500" lon="12.8658400"></trkpt>
      <trkpt lat="42.5535100" lon="12.8658000"></trkpt>
      <trkpt lat="42.5534900" lon="12.8657800"></trkpt>
      <trkpt lat="42.5534800" lon="12.8657500"></trkpt>
      <trkpt lat="42.5534500" lon="12.8656900"></trkpt>
      <trkpt lat="42.5534500" lon="12.8656100"></trkpt>
      <trkpt lat="42.5534500" lon="12.8655500"></trkpt>
      <trkpt lat="42.5534600" lon="12.8655200"></trkpt>
      <trkpt lat="42.5534800" lon="12.8654300"></trkpt>
      <trkpt lat="42.5535100" lon="12.8653200"></trkpt>
      <trkpt lat="42.5535200" lon="12.8652900"></trkpt>
      <trkpt lat="42.5535300" lon="12.8652600"></trkpt>
      <trkpt lat="42.5535800" lon="12.8650900"></trkpt>
      <trkpt lat="42.5535800" lon="12.8650700"></trkpt>
      <trkpt lat="42.5535900" lon="12.8650600"></trkpt>
      <trkpt lat="42.5536000" lon="12.8650300"></trkpt>
      <trkpt lat="42.5536400" lon="12.8648600"></trkpt>
      <trkpt lat="42.5536500" lon="12.8648200"></trkpt>
      <trkpt lat="42.5536500" lon="12.8647800"></trkpt>
      <trkpt lat="42.5536500" lon="12.8647400"></trkpt>
      <trkpt lat="42.5536400" lon="12.8646900"></trkpt>
      <trkpt lat="42.5536200" lon="12.8646400"></trkpt>
      <trkpt lat="42.5536200" lon="12.8646300"></trkpt>
      <trkpt lat="42.5535900" lon="12.8645900"></trkpt>
      <trkpt lat="42.5535100" lon="12.8644600"></trkpt>
      <trkpt lat="42.5535000" lon="12.8644500"></trkpt>
      <trkpt lat="42.5533700" lon="12.8642700"></trkpt>
      <trkpt lat="42.5532300" lon="12.8641200"></trkpt>
      <trkpt lat="42.5530900" lon="12.8639800"></trkpt>
      <trkpt lat="42.5529400" lon="12.8638300"></trkpt>
      <trkpt lat="42.5529200" lon="12.8638100"></trkpt>
      <trkpt lat="42.5528000" lon="12.8636900"></trkpt>
      <trkpt lat="42.5527100" lon="12.8636200"></trkpt>
      <trkpt lat="42.5526500" lon="12.8635400"></trkpt>
      <trkpt lat="42.5526400" lon="12.8635200"></trkpt>
      <trkpt lat="42.5526200" lon="12.8634900"></trkpt>
      <trkpt lat="42.5525800" lon="12.8634200"></trkpt>
      <trkpt lat="42.5525400" lon="12.8633500"></trkpt>
      <trkpt lat="42.5525200" lon="12.8632900"></trkpt>
      <trkpt lat="42.5524500" lon="12.8631700"></trkpt>
      <trkpt lat="42.5523500" lon="12.8629400"></trkpt>
      <trkpt lat="42.5523400" lon="12.8629400"></trkpt>
      <trkpt lat="42.5522700" lon="12.8627200"></trkpt>
      <trkpt lat="42.5522400" lon="12.8626400"></trkpt>
      <trkpt lat="42.5521700" lon="12.8623200"></trkpt>
      <trkpt lat="42.5521500" lon="12.8622600"></trkpt>
      <trkpt lat="42.5521400" lon="12.8622300"></trkpt>
      <trkpt lat="42.5520900" lon="12.8621600"></trkpt>
      <trkpt lat="42.5520400" lon="12.8621300"></trkpt>
      <trkpt lat="42.5520100" lon="12.8621200"></trkpt>
      <trkpt lat="42.5519800" lon="12.8621000"></trkpt>
      <trkpt lat="42.5519500" lon="12.8620900"></trkpt>
      <trkpt lat="42.5518900" lon="12.8620900"></trkpt>
      <trkpt lat="42.5518500" lon="12.8621000"></trkpt>
      <trkpt lat="42.5518400" lon="12.8621100"></trkpt>
      <trkpt lat="42.5517900" lon="12.8621200"></trkpt>
      <trkpt lat="42.5517100" lon="12.8621800"></trkpt>
      <trkpt lat="42.5516700" lon="12.8622000"></trkpt>
      <trkpt lat="42.5516300" lon="12.8622300"></trkpt>
      <trkpt lat="42.5514700" lon="12.8623600"></trkpt>
      <trkpt lat="42.5512800" lon="12.8624800"></trkpt>
      <trkpt lat="42.5512100" lon="12.8625200"></trkpt>
      <trkpt lat="42.5511900" lon="12.8625300"></trkpt>
      <trkpt lat="42.5511100" lon="12.8625600"></trkpt>
      <trkpt lat="42.5510200" lon="12.8625800"></trkpt>
      <trkpt lat="42.5509900" lon="12.8625800"></trkpt>
      <trkpt lat="42.5509700" lon="12.8625800"></trkpt>
      <trkpt lat="42.5509600" lon="12.8625800"></trkpt>
      <trkpt lat="42.5509100" lon="12.8625700"></trkpt>
      <trkpt lat="42.5509000" lon="12.8625600"></trkpt>
      <trkpt lat="42.5508800" lon="12.8625400"></trkpt>
      <trkpt lat="42.5508500" lon="12.8625200"></trkpt>
      <trkpt lat="42.5508400" lon="12.8624900"></trkpt>
      <trkpt lat="42.5508300" lon="12.8624600"></trkpt>
      <trkpt lat="42.5508300" lon="12.8624300"></trkpt>
      <trkpt lat="42.5508300" lon="12.8624100"></trkpt>
      <trkpt lat="42.5508400" lon="12.8622800"></trkpt>
      <trkpt lat="42.5508500" lon="12.8622000"></trkpt>
      <trkpt lat="42.5508700" lon="12.8620400"></trkpt>
      <trkpt lat="42.5508800" lon="12.8620300"></trkpt>
      <trkpt lat="42.5509100" lon="12.8618500"></trkpt>
      <trkpt lat="42.5509200" lon="12.8618000"></trkpt>
      <trkpt lat="42.5509400" lon="12.8617200"></trkpt>
      <trkpt lat="42.5509500" lon="12.8615600"></trkpt>
      <trkpt lat="42.5509600" lon="12.8615300"></trkpt>
      <trkpt lat="42.5509600" lon="12.8615000"></trkpt>
      <trkpt lat="42.5509600" lon="12.8614800"></trkpt>
      <trkpt lat="42.5510200" lon="12.8612400"></trkpt>
      <trkpt lat="42.5510500" lon="12.8610900"></trkpt>
      <trkpt lat="42.5510600" lon="12.8610400"></trkpt>
      <trkpt lat="42.5510700" lon="12.8608500"></trkpt>
      <trkpt lat="42.5510700" lon="12.8608400"></trkpt>
      <trkpt lat="42.5510400" lon="12.8606700"></trkpt>
      <trkpt lat="42.5510200" lon="12.8606100"></trkpt>
      <trkpt lat="42.5510100" lon="12.8605600"></trkpt>
      <trkpt lat="42.5509600" lon="12.8604500"></trkpt>
      <trkpt lat="42.5509400" lon="12.8604000"></trkpt>
      <trkpt lat="42.5508800" lon="12.8602900"></trkpt>
      <trkpt lat="42.5507700" lon="12.8601100"></trkpt>
      <trkpt lat="42.5507100" lon="12.8600300"></trkpt>
      <trkpt lat="42.5506200" lon="12.8599000"></trkpt>
      <trkpt lat="42.5504800" lon="12.8597500"></trkpt>
      <trkpt lat="42.5504400" lon="12.8597000"></trkpt>
      <trkpt lat="42.5503600" lon="12.8596200"></trkpt>
      <trkpt lat="42.5502600" lon="12.8595400"></trkpt>
      <trkpt lat="42.5501900" lon="12.8594900"></trkpt>
      <trkpt lat="42.5501400" lon="12.8594700"></trkpt>
      <trkpt lat="42.5501300" lon="12.8594600"></trkpt>
      <trkpt lat="42.5500600" lon="12.8594400"></trkpt>
      <trkpt lat="42.5499600" lon="12.8594300"></trkpt>
      <trkpt lat="42.5499500" lon="12.8594300"></trkpt>
      <trkpt lat="42.5499200" lon="12.8594200"></trkpt>
      <trkpt lat="42.5499000" lon="12.8594200"></trkpt>
      <trkpt lat="42.5498400" lon="12.8594200"></trkpt>
      <trkpt lat="42.5497700" lon="12.8594100"></trkpt>
      <trkpt lat="42.5497400" lon="12.8594100"></trkpt>
      <trkpt lat="42.5497200" lon="12.8594100"></trkpt>
      <trkpt lat="42.5496700" lon="12.8594100"></trkpt>
      <trkpt lat="42.5495900" lon="12.8594200"></trkpt>
      <trkpt lat="42.5494700" lon="12.8594300"></trkpt>
      <trkpt lat="42.5494100" lon="12.8594300"></trkpt>
      <trkpt lat="42.5493800" lon="12.8594300"></trkpt>
      <trkpt lat="42.5491300" lon="12.8594200"></trkpt>
      <trkpt lat="42.5490500" lon="12.8594100"></trkpt>
      <trkpt lat="42.5488800" lon="12.8594000"></trkpt>
      <trkpt lat="42.5488700" lon="12.8594000"></trkpt>
      <trkpt lat="42.5488500" lon="12.8594000"></trkpt>
      <trkpt lat="42.5488200" lon="12.8594000"></trkpt>
      <trkpt lat="42.5487700" lon="12.8593900"></trkpt>
      <trkpt lat="42.5487000" lon="12.8593800"></trkpt>
      <trkpt lat="42.5486900" lon="12.8593700"></trkpt>
      <trkpt lat="42.5486700" lon="12.8593600"></trkpt>
      <trkpt lat="42.5486400" lon="12.8593300"></trkpt>
      <trkpt lat="42.5486000" lon="12.8592900"></trkpt>
      <trkpt lat="42.5485700" lon="12.8592500"></trkpt>
      <trkpt lat="42.5485500" lon="12.8592000"></trkpt>
      <trkpt lat="42.5485300" lon="12.8591600"></trkpt>
      <trkpt lat="42.5485200" lon="12.8590900"></trkpt>
      <trkpt lat="42.5485200" lon="12.8590300"></trkpt>
      <trkpt lat="42.5485200" lon="12.8589900"></trkpt>
      <trkpt lat="42.5485400" lon="12.8588400"></trkpt>
      <trkpt lat="42.5485600" lon="12.8587500"></trkpt>
      <trkpt lat="42.5485900" lon="12.8586000"></trkpt>
      <trkpt lat="42.5486100" lon="12.8585200"></trkpt>
      <trkpt lat="42.5486500" lon="12.8583700"></trkpt>
      <trkpt lat="42.5487000" lon="12.8581700"></trkpt>
      <trkpt lat="42.5487300" lon="12.8580700"></trkpt>
      <trkpt lat="42.5487300" lon="12.8580600"></trkpt>
      <trkpt lat="42.5487200" lon="12.8579600"></trkpt>
      <trkpt lat="42.5487100" lon="12.8578800"></trkpt>
      <trkpt lat="42.5486900" lon="12.8578200"></trkpt>
      <trkpt lat="42.5486800" lon="12.8578100"></trkpt>
      <trkpt lat="42.5486700" lon="12.8577900"></trkpt>
      <trkpt lat="42.5486600" lon="12.8577700"></trkpt>
      <trkpt lat="42.5486400" lon="12.8577400"></trkpt>
      <trkpt lat="42.5486000" lon="12.8576800"></trkpt>
      <trkpt lat="42.5485700" lon="12.8576500"></trkpt>
      <trkpt lat="42.5484400" lon="12.8575200"></trkpt>
      <trkpt lat="42.5484200" lon="12.8575000"></trkpt>
      <trkpt lat="42.5482800" lon="12.8573500"></trkpt>
      <trkpt lat="42.5482700" lon="12.8573300"></trkpt>
      <trkpt lat="42.5481500" lon="12.8571900"></trkpt>
      <trkpt lat="42.5481400" lon="12.8571800"></trkpt>
      <trkpt lat="42.5480800" lon="12.8570800"></trkpt>
      <trkpt lat="42.5480500" lon="12.8569900"></trkpt>
      <trkpt lat="42.5480500" lon="12.8569800"></trkpt>
      <trkpt lat="42.5480300" lon="12.8569200"></trkpt>
      <trkpt lat="42.5480200" lon="12.8568900"></trkpt>
      <trkpt lat="42.5480100" lon="12.8567500"></trkpt>
      <trkpt lat="42.5480000" lon="12.8567100"></trkpt>
      <trkpt lat="42.5480000" lon="12.8566800"></trkpt>
      <trkpt lat="42.5480000" lon="12.8566400"></trkpt>
      <trkpt lat="42.5479800" lon="12.8565600"></trkpt>
      <trkpt lat="42.5479600" lon="12.8565200"></trkpt>
      <trkpt lat="42.5479400" lon="12.8564700"></trkpt>
      <trkpt lat="42.5479100" lon="12.8563900"></trkpt>
      <trkpt lat="42.5478600" lon="12.8563000"></trkpt>
      <trkpt lat="42.5477900" lon="12.8561900"></trkpt>
      <trkpt lat="42.5477500" lon="12.8561300"></trkpt>
      <trkpt lat="42.5477300" lon="12.8561000"></trkpt>
      <trkpt lat="42.5477200" lon="12.8560700"></trkpt>
      <trkpt lat="42.5476500" lon="12.8559700"></trkpt>
      <trkpt lat="42.5476300" lon="12.8559500"></trkpt>
      <trkpt lat="42.5475900" lon="12.8559000"></trkpt>
      <trkpt lat="42.5475700" lon="12.8558900"></trkpt>
      <trkpt lat="42.5475100" lon="12.8558500"></trkpt>
      <trkpt lat="42.5474900" lon="12.8558400"></trkpt>
      <trkpt lat="42.5474700" lon="12.8558400"></trkpt>
      <trkpt lat="42.5474600" lon="12.8558400"></trkpt>
      <trkpt lat="42.5474000" lon="12.8558500"></trkpt>
      <trkpt lat="42.5473100" lon="12.8558900"></trkpt>
      <trkpt lat="42.5472900" lon="12.8558900"></trkpt>
      <trkpt lat="42.5471600" lon="12.8559500"></trkpt>
      <trkpt lat="42.5471200" lon="12.8559600"></trkpt>
      <trkpt lat="42.5470500" lon="12.8559900"></trkpt>
      <trkpt lat="42.5469900" lon="12.8560000"></trkpt>
      <trkpt lat="42.5469500" lon="12.8560000"></trkpt>
      <trkpt lat="42.5469100" lon="12.8560000"></trkpt>
      <trkpt lat="42.5468800" lon="12.8560000"></trkpt>
      <trkpt lat="42.5468400" lon="12.8559800"></trkpt>
      <trkpt lat="42.5467700" lon="12.8559400"></trkpt>
      <trkpt lat="42.5466500" lon="12.8558700"></trkpt>
      <trkpt lat="42.5466100" lon="12.8558400"></trkpt>
      <trkpt lat="42.5465200" lon="12.8557700"></trkpt>
      <trkpt lat="42.5464600" lon="12.8557000"></trkpt>
      <trkpt lat="42.5463700" lon="12.8555900"></trkpt>
      <trkpt lat="42.5463300" lon="12.8555300"></trkpt>
      <trkpt lat="42.5463100" lon="12.8555100"></trkpt>
      <trkpt lat="42.5463000" lon="12.8554800"></trkpt>
      <trkpt lat="42.5462200" lon="12.8553800"></trkpt>
      <trkpt lat="42.5462000" lon="12.8553600"></trkpt>
      <trkpt lat="42.5461900" lon="12.8553300"></trkpt>
      <trkpt lat="42.5460500" lon="12.8551500"></trkpt>
      <trkpt lat="42.5459500" lon="12.8549900"></trkpt>
      <trkpt lat="42.5458700" lon="12.8548000"></trkpt>
      <trkpt lat="42.5457900" lon="12.8546000"></trkpt>
      <trkpt lat="42.5457800" lon="12.8545800"></trkpt>
      <trkpt lat="42.5457300" lon="12.8544600"></trkpt>
      <trkpt lat="42.5456500" lon="12.8543500"></trkpt>
      <trkpt lat="42.5455600" lon="12.8542300"></trkpt>
      <trkpt lat="42.5454800" lon="12.8541300"></trkpt>
      <trkpt lat="42.5454200" lon="12.8540500"></trkpt>
      <trkpt lat="42.5452900" lon="12.8538800"></trkpt>
      <trkpt lat="42.5451600" lon="12.8537100"></trkpt>
      <trkpt lat="42.5451500" lon="12.8537100"></trkpt>
      <trkpt lat="42.5450700" lon="12.8536400"></trkpt>
      <trkpt lat="42.5449900" lon="12.8536100"></trkpt>
      <trkpt lat="42.5449800" lon="12.8536000"></trkpt>
      <trkpt lat="42.5448200" lon="12.8535400"></trkpt>
      <trkpt lat="42.5448100" lon="12.8535400"></trkpt>
      <trkpt lat="42.5446400" lon="12.8534800"></trkpt>
      <trkpt lat="42.5446000" lon="12.8534700"></trkpt>
      <trkpt lat="42.5444700" lon="12.8534200"></trkpt>
      <trkpt lat="42.5444400" lon="12.8534200"></trkpt>
      <trkpt lat="42.5444200" lon="12.8534100"></trkpt>
      <trkpt lat="42.5443000" lon="12.8533700"></trkpt>
      <trkpt lat="42.5442400" lon="12.8533500"></trkpt>
      <trkpt lat="42.5441200" lon="12.8533100"></trkpt>
      <trkpt lat="42.5440900" lon="12.8533000"></trkpt>
      <trkpt lat="42.5440700" lon="12.8533000"></trkpt>
      <trkpt lat="42.5439400" lon="12.8532600"></trkpt>
      <trkpt lat="42.5438100" lon="12.8532200"></trkpt>
      <trkpt lat="42.5437600" lon="12.8532100"></trkpt>
      <trkpt lat="42.5437200" lon="12.8532000"></trkpt>
      <trkpt lat="42.5435900" lon="12.8531600"></trkpt>
      <trkpt lat="42.5435800" lon="12.8531600"></trkpt>
      <trkpt lat="42.5434700" lon="12.8531200"></trkpt>
      <trkpt lat="42.5434200" lon="12.8531000"></trkpt>
      <trkpt lat="42.5433400" lon="12.8530700"></trkpt>
      <trkpt lat="42.5432500" lon="12.8530000"></trkpt>
      <trkpt lat="42.5431800" lon="12.8529300"></trkpt>
      <trkpt lat="42.5431200" lon="12.8528500"></trkpt>
      <trkpt lat="42.5428800" lon="12.8525400"></trkpt>
      <trkpt lat="42.5427400" lon="12.8523300"></trkpt>
      <trkpt lat="42.5427000" lon="12.8522700"></trkpt>
      <trkpt lat="42.5425200" lon="12.8519300"></trkpt>
      <trkpt lat="42.5424200" lon="12.8517400"></trkpt>
      <trkpt lat="42.5423200" lon="12.8515400"></trkpt>
      <trkpt lat="42.5421800" lon="12.8512800"></trkpt>
      <trkpt lat="42.5421000" lon="12.8511500"></trkpt>
      <trkpt lat="42.5420500" lon="12.8510700"></trkpt>
      <trkpt lat="42.5419400" lon="12.8509300"></trkpt>
      <trkpt lat="42.5419300" lon="12.8509200"></trkpt>
      <trkpt lat="42.5418100" lon="12.8507700"></trkpt>
      <trkpt lat="42.5418000" lon="12.8507600"></trkpt>
      <trkpt lat="42.5417000" lon="12.8506600"></trkpt>
      <trkpt lat="42.5416900" lon="12.8506500"></trkpt>
      <trkpt lat="42.5415400" lon="12.8505400"></trkpt>
      <trkpt lat="42.5415300" lon="12.8505400"></trkpt>
      <trkpt lat="42.5413800" lon="12.8504500"></trkpt>
      <trkpt lat="42.5412100" lon="12.8503600"></trkpt>
      <trkpt lat="42.5411700" lon="12.8503400"></trkpt>
      <trkpt lat="42.5410400" lon="12.8502700"></trkpt>
      <trkpt lat="42.5410000" lon="12.8502400"></trkpt>
      <trkpt lat="42.5408800" lon="12.8501700"></trkpt>
      <trkpt lat="42.5408600" lon="12.8501700"></trkpt>
      <trkpt lat="42.5408300" lon="12.8501500"></trkpt>
      <trkpt lat="42.5407300" lon="12.8500800"></trkpt>
      <trkpt lat="42.5407100" lon="12.8500700"></trkpt>
      <trkpt lat="42.5406300" lon="12.8499900"></trkpt>
      <trkpt lat="42.5405700" lon="12.8499200"></trkpt>
      <trkpt lat="42.5405400" lon="12.8498900"></trkpt>
      <trkpt lat="42.5404300" lon="12.8497600"></trkpt>
      <trkpt lat="42.5404200" lon="12.8497500"></trkpt>
      <trkpt lat="42.5402900" lon="12.8496100"></trkpt>
      <trkpt lat="42.5402800" lon="12.8495900"></trkpt>
      <trkpt lat="42.5401800" lon="12.8495000"></trkpt>
      <trkpt lat="42.5401400" lon="12.8494800"></trkpt>
      <trkpt lat="42.5400800" lon="12.8494500"></trkpt>
      <trkpt lat="42.5399700" lon="12.8494200"></trkpt>
      <trkpt lat="42.5398200" lon="12.8493900"></trkpt>
      <trkpt lat="42.5397900" lon="12.8494000"></trkpt>
      <trkpt lat="42.5397400" lon="12.8494000"></trkpt>
      <trkpt lat="42.5396800" lon="12.8494000"></trkpt>
      <trkpt lat="42.5395800" lon="12.8494300"></trkpt>
      <trkpt lat="42.5394800" lon="12.8495000"></trkpt>
      <trkpt lat="42.5394500" lon="12.8495300"></trkpt>
      <trkpt lat="42.5394200" lon="12.8495700"></trkpt>
      <trkpt lat="42.5393700" lon="12.8496300"></trkpt>
      <trkpt lat="42.5393300" lon="12.8497100"></trkpt>
      <trkpt lat="42.5393100" lon="12.8497500"></trkpt>
      <trkpt lat="42.5392500" lon="12.8498900"></trkpt>
      <trkpt lat="42.5391900" lon="12.8501100"></trkpt>
      <trkpt lat="42.5391900" lon="12.8501500"></trkpt>
      <trkpt lat="42.5391400" lon="12.8503900"></trkpt>
      <trkpt lat="42.5391300" lon="12.8504000"></trkpt>
      <trkpt lat="42.5390800" lon="12.8506100"></trkpt>
      <trkpt lat="42.5390800" lon="12.8506200"></trkpt>
      <trkpt lat="42.5390300" lon="12.8508000"></trkpt>
      <trkpt lat="42.5389800" lon="12.8509600"></trkpt>
      <trkpt lat="42.5389200" lon="12.8511300"></trkpt>
      <trkpt lat="42.5388800" lon="12.8512400"></trkpt>
      <trkpt lat="42.5388400" lon="12.8513500"></trkpt>
      <trkpt lat="42.5387800" lon="12.8515000"></trkpt>
      <trkpt lat="42.5387000" lon="12.8517000"></trkpt>
      <trkpt lat="42.5386900" lon="12.8517200"></trkpt>
      <trkpt lat="42.5386000" lon="12.8519800"></trkpt>
      <trkpt lat="42.5385400" lon="12.8521600"></trkpt>
      <trkpt lat="42.5385300" lon="12.8522200"></trkpt>
      <trkpt lat="42.5385300" lon="12.8522300"></trkpt>
      <trkpt lat="42.5384900" lon="12.8523900"></trkpt>
      <trkpt lat="42.5384700" lon="12.8524900"></trkpt>
      <trkpt lat="42.5384400" lon="12.8526300"></trkpt>
      <trkpt lat="42.5383800" lon="12.8529300"></trkpt>
      <trkpt lat="42.5383500" lon="12.8531000"></trkpt>
      <trkpt lat="42.5383300" lon="12.8531700"></trkpt>
      <trkpt lat="42.5383100" lon="12.8532700"></trkpt>
      <trkpt lat="42.5382800" lon="12.8534300"></trkpt>
      <trkpt lat="42.5382600" lon="12.8535200"></trkpt>
      <trkpt lat="42.5382400" lon="12.8535600"></trkpt>
      <trkpt lat="42.5382100" lon="12.8536100"></trkpt>
      <trkpt lat="42.5381500" lon="12.8536800"></trkpt>
      <trkpt lat="42.5381100" lon="12.8537300"></trkpt>
      <trkpt lat="42.5380700" lon="12.8537600"></trkpt>
      <trkpt lat="42.5380600" lon="12.8537700"></trkpt>
      <trkpt lat="42.5379600" lon="12.8538700"></trkpt>
      <trkpt lat="42.5379300" lon="12.8539200"></trkpt>
      <trkpt lat="42.5378800" lon="12.8539800"></trkpt>
      <trkpt lat="42.5378400" lon="12.8540500"></trkpt>
      <trkpt lat="42.5378100" lon="12.8541000"></trkpt>
      <trkpt lat="42.5377300" lon="12.8542500"></trkpt>
      <trkpt lat="42.5377100" lon="12.8542900"></trkpt>
      <trkpt lat="42.5376400" lon="12.8544500"></trkpt>
      <trkpt lat="42.5376100" lon="12.8545100"></trkpt>
      <trkpt lat="42.5375600" lon="12.8546300"></trkpt>
      <trkpt lat="42.5375400" lon="12.8547600"></trkpt>
      <trkpt lat="42.5375100" lon="12.8549100"></trkpt>
      <trkpt lat="42.5374800" lon="12.8550300"></trkpt>
      <trkpt lat="42.5374400" lon="12.8551200"></trkpt>
      <trkpt lat="42.5374400" lon="12.8551300"></trkpt>
      <trkpt lat="42.5374000" lon="12.8552000"></trkpt>
      <trkpt lat="42.5373300" lon="12.8552600"></trkpt>
      <trkpt lat="42.5372600" lon="12.8553400"></trkpt>
      <trkpt lat="42.5370900" lon="12.8556100"></trkpt>
      <trkpt lat="42.5368600" lon="12.8559700"></trkpt>
      <trkpt lat="42.5368400" lon="12.8560300"></trkpt>
      <trkpt lat="42.5368200" lon="12.8560900"></trkpt>
      <trkpt lat="42.5368000" lon="12.8561500"></trkpt>
      <trkpt lat="42.5367900" lon="12.8562600"></trkpt>
      <trkpt lat="42.5367800" lon="12.8563000"></trkpt>
      <trkpt lat="42.5367700" lon="12.8563300"></trkpt>
      <trkpt lat="42.5367400" lon="12.8565000"></trkpt>
      <trkpt lat="42.5367400" lon="12.8565100"></trkpt>
      <trkpt lat="42.5367000" lon="12.8566000"></trkpt>
      <trkpt lat="42.5366100" lon="12.8567800"></trkpt>
      <trkpt lat="42.5365300" lon="12.8568900"></trkpt>
      <trkpt lat="42.5364800" lon="12.8569600"></trkpt>
      <trkpt lat="42.5364000" lon="12.8570600"></trkpt>
      <trkpt lat="42.5363800" lon="12.8570900"></trkpt>
      <trkpt lat="42.5363600" lon="12.8571000"></trkpt>
      <trkpt lat="42.5363000" lon="12.8571900"></trkpt>
      <trkpt lat="42.5362600" lon="12.8572200"></trkpt>
      <trkpt lat="42.5362400" lon="12.8572300"></trkpt>
      <trkpt lat="42.5362200" lon="12.8572400"></trkpt>
      <trkpt lat="42.5361900" lon="12.8572600"></trkpt>
      <trkpt lat="42.5360900" lon="12.8572600"></trkpt>
      <trkpt lat="42.5360400" lon="12.8572600"></trkpt>
      <trkpt lat="42.5359700" lon="12.8572500"></trkpt>
      <trkpt lat="42.5359400" lon="12.8572300"></trkpt>
      <trkpt lat="42.5359200" lon="12.8572100"></trkpt>
      <trkpt lat="42.5359100" lon="12.8572100"></trkpt>
      <trkpt lat="42.5358800" lon="12.8571700"></trkpt>
      <trkpt lat="42.5358700" lon="12.8571400"></trkpt>
      <trkpt lat="42.5358500" lon="12.8571100"></trkpt>
      <trkpt lat="42.5358500" lon="12.8570800"></trkpt>
      <trkpt lat="42.5358500" lon="12.8570200"></trkpt>
      <trkpt lat="42.5358500" lon="12.8570100"></trkpt>
      <trkpt lat="42.5358700" lon="12.8569400"></trkpt>
      <trkpt lat="42.5358700" lon="12.8569300"></trkpt>
      <trkpt lat="42.5359200" lon="12.8568100"></trkpt>
      <trkpt lat="42.5359300" lon="12.8567900"></trkpt>
      <trkpt lat="42.5359600" lon="12.8567000"></trkpt>
      <trkpt lat="42.5359800" lon="12.8565600"></trkpt>
      <trkpt lat="42.5359800" lon="12.8565500"></trkpt>
      <trkpt lat="42.5359700" lon="12.8564900"></trkpt>
      <trkpt lat="42.5359700" lon="12.8564300"></trkpt>
      <trkpt lat="42.5359400" lon="12.8563200"></trkpt>
      <trkpt lat="42.5359300" lon="12.8562800"></trkpt>
      <trkpt lat="42.5359200" lon="12.8562500"></trkpt>
      <trkpt lat="42.5358800" lon="12.8560800"></trkpt>
      <trkpt lat="42.5358700" lon="12.8560600"></trkpt>
      <trkpt lat="42.5358400" lon="12.8558900"></trkpt>
      <trkpt lat="42.5358300" lon="12.8558500"></trkpt>
      <trkpt lat="42.5358000" lon="12.8556300"></trkpt>
      <trkpt lat="42.5358100" lon="12.8556100"></trkpt>
      <trkpt lat="42.5358100" lon="12.8554800"></trkpt>
      <trkpt lat="42.5358300" lon="12.8553700"></trkpt>
      <trkpt lat="42.5358300" lon="12.8553600"></trkpt>
      <trkpt lat="42.5358900" lon="12.8550800"></trkpt>
      <trkpt lat="42.5359200" lon="12.8549200"></trkpt>
      <trkpt lat="42.5359400" lon="12.8547200"></trkpt>
      <trkpt lat="42.5359400" lon="12.8546500"></trkpt>
      <trkpt lat="42.5359400" lon="12.8545100"></trkpt>
      <trkpt lat="42.5359400" lon="12.8544100"></trkpt>
      <trkpt lat="42.5359400" lon="12.8542100"></trkpt>
      <trkpt lat="42.5359400" lon="12.8541700"></trkpt>
      <trkpt lat="42.5359300" lon="12.8539900"></trkpt>
      <trkpt lat="42.5359300" lon="12.8539200"></trkpt>
      <trkpt lat="42.5359200" lon="12.8537700"></trkpt>
      <trkpt lat="42.5359300" lon="12.8536800"></trkpt>
      <trkpt lat="42.5359400" lon="12.8534600"></trkpt>
      <trkpt lat="42.5359400" lon="12.8534300"></trkpt>
      <trkpt lat="42.5359400" lon="12.8533700"></trkpt>
      <trkpt lat="42.5359400" lon="12.8531900"></trkpt>
      <trkpt lat="42.5359400" lon="12.8531400"></trkpt>
      <trkpt lat="42.5359300" lon="12.8529500"></trkpt>
      <trkpt lat="42.5359300" lon="12.8527600"></trkpt>
      <trkpt lat="42.5359000" lon="12.8524200"></trkpt>
      <trkpt lat="42.5359000" lon="12.8522200"></trkpt>
      <trkpt lat="42.5359000" lon="12.8521500"></trkpt>
      <trkpt lat="42.5358900" lon="12.8519700"></trkpt>
      <trkpt lat="42.5358900" lon="12.8517300"></trkpt>
      <trkpt lat="42.5358900" lon="12.8516100"></trkpt>
      <trkpt lat="42.5358900" lon="12.8514800"></trkpt>
      <trkpt lat="42.5358900" lon="12.8514500"></trkpt>
      <trkpt lat="42.5358700" lon="12.8513400"></trkpt>
      <trkpt lat="42.5358400" lon="12.8512600"></trkpt>
      <trkpt lat="42.5358400" lon="12.8512500"></trkpt>
      <trkpt lat="42.5357800" lon="12.8510200"></trkpt>
      <trkpt lat="42.5357700" lon="12.8510000"></trkpt>
      <trkpt lat="42.5357400" lon="12.8507800"></trkpt>
      <trkpt lat="42.5357400" lon="12.8507400"></trkpt>
      <trkpt lat="42.5357200" lon="12.8505300"></trkpt>
      <trkpt lat="42.5357100" lon="12.8503800"></trkpt>
      <trkpt lat="42.5357100" lon="12.8503000"></trkpt>
      <trkpt lat="42.5357100" lon="12.8502300"></trkpt>
      <trkpt lat="42.5357000" lon="12.8500500"></trkpt>
      <trkpt lat="42.5357000" lon="12.8499900"></trkpt>
      <trkpt lat="42.5357000" lon="12.8498600"></trkpt>
      <trkpt lat="42.5356900" lon="12.8498100"></trkpt>
      <trkpt lat="42.5356900" lon="12.8496200"></trkpt>
      <trkpt lat="42.5356800" lon="12.8495700"></trkpt>
      <trkpt lat="42.5356700" lon="12.8493800"></trkpt>
      <trkpt lat="42.5356600" lon="12.8493200"></trkpt>
      <trkpt lat="42.5356300" lon="12.8491100"></trkpt>
      <trkpt lat="42.5356300" lon="12.8490800"></trkpt>
      <trkpt lat="42.5356200" lon="12.8490200"></trkpt>
      <trkpt lat="42.5355900" lon="12.8488400"></trkpt>
      <trkpt lat="42.5355900" lon="12.8488300"></trkpt>
      <trkpt lat="42.5355800" lon="12.8487800"></trkpt>
      <trkpt lat="42.5355600" lon="12.8486000"></trkpt>
      <trkpt lat="42.5355500" lon="12.8485400"></trkpt>
      <trkpt lat="42.5355300" lon="12.8483600"></trkpt>
      <trkpt lat="42.5355300" lon="12.8483500"></trkpt>
      <trkpt lat="42.5355100" lon="12.8481900"></trkpt>
      <trkpt lat="42.5355100" lon="12.8481200"></trkpt>
      <trkpt lat="42.5355100" lon="12.8480500"></trkpt>
      <trkpt lat="42.5355100" lon="12.8480400"></trkpt>
      <trkpt lat="42.5355200" lon="12.8478800"></trkpt>
      <trkpt lat="42.5355200" lon="12.8478300"></trkpt>
      <trkpt lat="42.5355400" lon="12.8476900"></trkpt>
      <trkpt lat="42.5355500" lon="12.8476400"></trkpt>
      <trkpt lat="42.5355700" lon="12.8474000"></trkpt>
      <trkpt lat="42.5355900" lon="12.8472100"></trkpt>
      <trkpt lat="42.5356000" lon="12.8470600"></trkpt>
      <trkpt lat="42.5356200" lon="12.8469100"></trkpt>
      <trkpt lat="42.5356500" lon="12.8466900"></trkpt>
      <trkpt lat="42.5356500" lon="12.8466700"></trkpt>
      <trkpt lat="42.5356500" lon="12.8466000"></trkpt>
      <trkpt lat="42.5356500" lon="12.8464900"></trkpt>
      <trkpt lat="42.5356200" lon="12.8463800"></trkpt>
      <trkpt lat="42.5356000" lon="12.8462400"></trkpt>
      <trkpt lat="42.5356000" lon="12.8461900"></trkpt>
      <trkpt lat="42.5355900" lon="12.8461400"></trkpt>
      <trkpt lat="42.5355900" lon="12.8459500"></trkpt>
      <trkpt lat="42.5355900" lon="12.8458900"></trkpt>
      <trkpt lat="42.5356000" lon="12.8457400"></trkpt>
      <trkpt lat="42.5356000" lon="12.8457000"></trkpt>
      <trkpt lat="42.5356000" lon="12.8456500"></trkpt>
      <trkpt lat="42.5356000" lon="12.8455600"></trkpt>
      <trkpt lat="42.5356100" lon="12.8453200"></trkpt>
      <trkpt lat="42.5356100" lon="12.8452200"></trkpt>
      <trkpt lat="42.5356200" lon="12.8451900"></trkpt>
      <trkpt lat="42.5356100" lon="12.8451600"></trkpt>
      <trkpt lat="42.5356000" lon="12.8451200"></trkpt>
      <trkpt lat="42.5355800" lon="12.8450800"></trkpt>
      <trkpt lat="42.5355600" lon="12.8450500"></trkpt>
      <trkpt lat="42.5355300" lon="12.8450200"></trkpt>
      <trkpt lat="42.5355000" lon="12.8450100"></trkpt>
      <trkpt lat="42.5354500" lon="12.8450000"></trkpt>
      <trkpt lat="42.5353300" lon="12.8450000"></trkpt>
      <trkpt lat="42.5352100" lon="12.8450000"></trkpt>
      <trkpt lat="42.5351600" lon="12.8450100"></trkpt>
      <trkpt lat="42.5350300" lon="12.8450200"></trkpt>
      <trkpt lat="42.5350200" lon="12.8450300"></trkpt>
      <trkpt lat="42.5349500" lon="12.8450400"></trkpt>
      <trkpt lat="42.5349300" lon="12.8450500"></trkpt>
      <trkpt lat="42.5348700" lon="12.8450800"></trkpt>
      <trkpt lat="42.5348600" lon="12.8450900"></trkpt>
      <trkpt lat="42.5347400" lon="12.8451600"></trkpt>
      <trkpt lat="42.5346900" lon="12.8451900"></trkpt>
      <trkpt lat="42.5346300" lon="12.8452400"></trkpt>
      <trkpt lat="42.5345300" lon="12.8452900"></trkpt>
      <trkpt lat="42.5344500" lon="12.8453400"></trkpt>
      <trkpt lat="42.5343600" lon="12.8453900"></trkpt>
      <trkpt lat="42.5342100" lon="12.8454500"></trkpt>
      <trkpt lat="42.5341900" lon="12.8454600"></trkpt>
      <trkpt lat="42.5340600" lon="12.8455100"></trkpt>
      <trkpt lat="42.5340200" lon="12.8455300"></trkpt>
      <trkpt lat="42.5339300" lon="12.8455700"></trkpt>
      <trkpt lat="42.5339200" lon="12.8455800"></trkpt>
      <trkpt lat="42.5338400" lon="12.8456100"></trkpt>
      <trkpt lat="42.5337600" lon="12.8456500"></trkpt>
      <trkpt lat="42.5337000" lon="12.8456600"></trkpt>
      <trkpt lat="42.5336100" lon="12.8456600"></trkpt>
      <trkpt lat="42.5335700" lon="12.8456500"></trkpt>
      <trkpt lat="42.5335400" lon="12.8456300"></trkpt>
      <trkpt lat="42.5334400" lon="12.8455500"></trkpt>
      <trkpt lat="42.5333500" lon="12.8454800"></trkpt>
      <trkpt lat="42.5333300" lon="12.8454600"></trkpt>
      <trkpt lat="42.5332800" lon="12.8454200"></trkpt>
      <trkpt lat="42.5332000" lon="12.8453500"></trkpt>
      <trkpt lat="42.5331200" lon="12.8452900"></trkpt>
      <trkpt lat="42.5329600" lon="12.8451600"></trkpt>
      <trkpt lat="42.5328800" lon="12.8450900"></trkpt>
      <trkpt lat="42.5328300" lon="12.8450300"></trkpt>
      <trkpt lat="42.5327800" lon="12.8449700"></trkpt>
      <trkpt lat="42.5327600" lon="12.8449300"></trkpt>
      <trkpt lat="42.5327000" lon="12.8448400"></trkpt>
      <trkpt lat="42.5326000" lon="12.8446700"></trkpt>
      <trkpt lat="42.5325300" lon="12.8445600"></trkpt>
      <trkpt lat="42.5324100" lon="12.8443800"></trkpt>
      <trkpt lat="42.5323900" lon="12.8443400"></trkpt>
      <trkpt lat="42.5322800" lon="12.8441600"></trkpt>
      <trkpt lat="42.5322000" lon="12.8440300"></trkpt>
      <trkpt lat="42.5321900" lon="12.8440100"></trkpt>
      <trkpt lat="42.5321500" lon="12.8439400"></trkpt>
      <trkpt lat="42.5321300" lon="12.8438800"></trkpt>
      <trkpt lat="42.5321000" lon="12.8438000"></trkpt>
      <trkpt lat="42.5320700" lon="12.8436900"></trkpt>
      <trkpt lat="42.5320500" lon="12.8435600"></trkpt>
      <trkpt lat="42.5320500" lon="12.8435400"></trkpt>
      <trkpt lat="42.5320500" lon="12.8435100"></trkpt>
      <trkpt lat="42.5320400" lon="12.8434200"></trkpt>
      <trkpt lat="42.5320300" lon="12.8433500"></trkpt>
      <trkpt lat="42.5320100" lon="12.8432600"></trkpt>
      <trkpt lat="42.5319800" lon="12.8431700"></trkpt>
      <trkpt lat="42.5319500" lon="12.8431100"></trkpt>
      <trkpt lat="42.5319400" lon="12.8430900"></trkpt>
      <trkpt lat="42.5319100" lon="12.8430300"></trkpt>
      <trkpt lat="42.5318600" lon="12.8429500"></trkpt>
      <trkpt lat="42.5318200" lon="12.8429000"></trkpt>
      <trkpt lat="42.5318000" lon="12.8428800"></trkpt>
      <trkpt lat="42.5317600" lon="12.8428200"></trkpt>
      <trkpt lat="42.5317100" lon="12.8427700"></trkpt>
      <trkpt lat="42.5316600" lon="12.8427300"></trkpt>
      <trkpt lat="42.5315900" lon="12.8426900"></trkpt>
      <trkpt lat="42.5315200" lon="12.8426700"></trkpt>
      <trkpt lat="42.5314500" lon="12.8426500"></trkpt>
      <trkpt lat="42.5313100" lon="12.8426500"></trkpt>
      <trkpt lat="42.5312100" lon="12.8426500"></trkpt>
      <trkpt lat="42.5311600" lon="12.8426600"></trkpt>
      <trkpt lat="42.5310600" lon="12.8426800"></trkpt>
      <trkpt lat="42.5309700" lon="12.8427200"></trkpt>
      <trkpt lat="42.5307300" lon="12.8428500"></trkpt>
      <trkpt lat="42.5306100" lon="12.8429000"></trkpt>
      <trkpt lat="42.5305200" lon="12.8429300"></trkpt>
      <trkpt lat="42.5304400" lon="12.8429300"></trkpt>
      <trkpt lat="42.5303300" lon="12.8429200"></trkpt>
      <trkpt lat="42.5302900" lon="12.8429100"></trkpt>
      <trkpt lat="42.5302100" lon="12.8428800"></trkpt>
      <trkpt lat="42.5301000" lon="12.8428400"></trkpt>
      <trkpt lat="42.5300500" lon="12.8428300"></trkpt>
      <trkpt lat="42.5299900" lon="12.8428200"></trkpt>
      <trkpt lat="42.5299200" lon="12.8428200"></trkpt>
      <trkpt lat="42.5298800" lon="12.8428400"></trkpt>
      <trkpt lat="42.5298400" lon="12.8428500"></trkpt>
      <trkpt lat="42.5298100" lon="12.8428600"></trkpt>
      <trkpt lat="42.5297600" lon="12.8428900"></trkpt>
      <trkpt lat="42.5297100" lon="12.8429200"></trkpt>
      <trkpt lat="42.5296000" lon="12.8430100"></trkpt>
      <trkpt lat="42.5294400" lon="12.8431400"></trkpt>
      <trkpt lat="42.5293900" lon="12.8431900"></trkpt>
      <trkpt lat="42.5293300" lon="12.8432900"></trkpt>
      <trkpt lat="42.5292200" lon="12.8434900"></trkpt>
      <trkpt lat="42.5292200" lon="12.8435000"></trkpt>
      <trkpt lat="42.5291700" lon="12.8436000"></trkpt>
      <trkpt lat="42.5291000" lon="12.8437400"></trkpt>
      <trkpt lat="42.5290500" lon="12.8438500"></trkpt>
      <trkpt lat="42.5290100" lon="12.8439000"></trkpt>
      <trkpt lat="42.5289900" lon="12.8439200"></trkpt>
      <trkpt lat="42.5289600" lon="12.8439400"></trkpt>
      <trkpt lat="42.5289400" lon="12.8439400"></trkpt>
      <trkpt lat="42.5289100" lon="12.8439400"></trkpt>
      <trkpt lat="42.5288800" lon="12.8439200"></trkpt>
      <trkpt lat="42.5288600" lon="12.8439100"></trkpt>
      <trkpt lat="42.5288500" lon="12.8439000"></trkpt>
      <trkpt lat="42.5288300" lon="12.8438900"></trkpt>
      <trkpt lat="42.5288100" lon="12.8438600"></trkpt>
      <trkpt lat="42.5288000" lon="12.8438300"></trkpt>
      <trkpt lat="42.5287900" lon="12.8437800"></trkpt>
      <trkpt lat="42.5287900" lon="12.8437300"></trkpt>
      <trkpt lat="42.5288000" lon="12.8436600"></trkpt>
      <trkpt lat="42.5288300" lon="12.8434700"></trkpt>
      <trkpt lat="42.5288500" lon="12.8431500"></trkpt>
      <trkpt lat="42.5288700" lon="12.8426900"></trkpt>
      <trkpt lat="42.5288700" lon="12.8425800"></trkpt>
      <trkpt lat="42.5288700" lon="12.8424700"></trkpt>
      <trkpt lat="42.5288500" lon="12.8423100"></trkpt>
      <trkpt lat="42.5288300" lon="12.8422400"></trkpt>
      <trkpt lat="42.5288200" lon="12.8421800"></trkpt>
      <trkpt lat="42.5287800" lon="12.8420400"></trkpt>
      <trkpt lat="42.5287000" lon="12.8418200"></trkpt>
      <trkpt lat="42.5285900" lon="12.8415700"></trkpt>
      <trkpt lat="42.5285300" lon="12.8414700"></trkpt>
      <trkpt lat="42.5284800" lon="12.8413900"></trkpt>
      <trkpt lat="42.5284300" lon="12.8413400"></trkpt>
      <trkpt lat="42.5283800" lon="12.8412700"></trkpt>
      <trkpt lat="42.5283400" lon="12.8412300"></trkpt>
      <trkpt lat="42.5282800" lon="12.8411600"></trkpt>
      <trkpt lat="42.5281700" lon="12.8410600"></trkpt>
      <trkpt lat="42.5280800" lon="12.8409800"></trkpt>
      <trkpt lat="42.5279900" lon="12.8409200"></trkpt>
      <trkpt lat="42.5279200" lon="12.8408800"></trkpt>
      <trkpt lat="42.5278700" lon="12.8408700"></trkpt>
      <trkpt lat="42.5278300" lon="12.8408600"></trkpt>
      <trkpt lat="42.5278100" lon="12.8408600"></trkpt>
      <trkpt lat="42.5277800" lon="12.8408600"></trkpt>
      <trkpt lat="42.5277400" lon="12.8408800"></trkpt>
      <trkpt lat="42.5277000" lon="12.8409100"></trkpt>
      <trkpt lat="42.5277000" lon="12.8409200"></trkpt>
      <trkpt lat="42.5276700" lon="12.8409500"></trkpt>
      <trkpt lat="42.5276400" lon="12.8409800"></trkpt>
      <trkpt lat="42.5276100" lon="12.8410400"></trkpt>
      <trkpt lat="42.5275900" lon="12.8411000"></trkpt>
      <trkpt lat="42.5275600" lon="12.8411800"></trkpt>
      <trkpt lat="42.5275500" lon="12.8412500"></trkpt>
      <trkpt lat="42.5275400" lon="12.8413200"></trkpt>
      <trkpt lat="42.5275300" lon="12.8413800"></trkpt>
      <trkpt lat="42.5275200" lon="12.8414700"></trkpt>
      <trkpt lat="42.5275200" lon="12.8415800"></trkpt>
      <trkpt lat="42.5275200" lon="12.8416400"></trkpt>
      <trkpt lat="42.5275200" lon="12.8418100"></trkpt>
      <trkpt lat="42.5275200" lon="12.8418300"></trkpt>
      <trkpt lat="42.5275200" lon="12.8419300"></trkpt>
      <trkpt lat="42.5275100" lon="12.8419900"></trkpt>
      <trkpt lat="42.5275100" lon="12.8420500"></trkpt>
      <trkpt lat="42.5274900" lon="12.8421100"></trkpt>
      <trkpt lat="42.5274800" lon="12.8421600"></trkpt>
      <trkpt lat="42.5274300" lon="12.8422800"></trkpt>
      <trkpt lat="42.5274200" lon="12.8422900"></trkpt>
      <trkpt lat="42.5273300" lon="12.8424800"></trkpt>
      <trkpt lat="42.5273000" lon="12.8425300"></trkpt>
      <trkpt lat="42.5272100" lon="12.8427000"></trkpt>
      <trkpt lat="42.5271300" lon="12.8428300"></trkpt>
      <trkpt lat="42.5270900" lon="12.8428900"></trkpt>
      <trkpt lat="42.5270300" lon="12.8429600"></trkpt>
      <trkpt lat="42.5269900" lon="12.8429900"></trkpt>
      <trkpt lat="42.5269600" lon="12.8430200"></trkpt>
      <trkpt lat="42.5269500" lon="12.8430300"></trkpt>
      <trkpt lat="42.5268800" lon="12.8430600"></trkpt>
      <trkpt lat="42.5267900" lon="12.8431000"></trkpt>
      <trkpt lat="42.5267800" lon="12.8431000"></trkpt>
      <trkpt lat="42.5266900" lon="12.8431300"></trkpt>
      <trkpt lat="42.5266200" lon="12.8431400"></trkpt>
      <trkpt lat="42.5266100" lon="12.8431500"></trkpt>
      <trkpt lat="42.5266000" lon="12.8431500"></trkpt>
      <trkpt lat="42.5265600" lon="12.8431500"></trkpt>
      <trkpt lat="42.5265300" lon="12.8431400"></trkpt>
      <trkpt lat="42.5265000" lon="12.8431300"></trkpt>
      <trkpt lat="42.5264700" lon="12.8431100"></trkpt>
      <trkpt lat="42.5264500" lon="12.8431000"></trkpt>
      <trkpt lat="42.5264300" lon="12.8430800"></trkpt>
      <trkpt lat="42.5264100" lon="12.8430600"></trkpt>
      <trkpt lat="42.5263900" lon="12.8430400"></trkpt>
      <trkpt lat="42.5263700" lon="12.8430100"></trkpt>
      <trkpt lat="42.5263500" lon="12.8429700"></trkpt>
      <trkpt lat="42.5263300" lon="12.8429300"></trkpt>
      <trkpt lat="42.5263200" lon="12.8428900"></trkpt>
      <trkpt lat="42.5263100" lon="12.8428400"></trkpt>
      <trkpt lat="42.5263000" lon="12.8427800"></trkpt>
      <trkpt lat="42.5262900" lon="12.8426900"></trkpt>
      <trkpt lat="42.5262900" lon="12.8426800"></trkpt>
      <trkpt lat="42.5262900" lon="12.8426700"></trkpt>
      <trkpt lat="42.5262700" lon="12.8425600"></trkpt>
      <trkpt lat="42.5262300" lon="12.8424300"></trkpt>
      <trkpt lat="42.5262100" lon="12.8423400"></trkpt>
      <trkpt lat="42.5261800" lon="12.8422800"></trkpt>
      <trkpt lat="42.5261300" lon="12.8421900"></trkpt>
      <trkpt lat="42.5259400" lon="12.8418500"></trkpt>
      <trkpt lat="42.5259300" lon="12.8418400"></trkpt>
      <trkpt lat="42.5258300" lon="12.8416500"></trkpt>
      <trkpt lat="42.5258200" lon="12.8416400"></trkpt>
      <trkpt lat="42.5256800" lon="12.8413900"></trkpt>
      <trkpt lat="42.5256100" lon="12.8412600"></trkpt>
      <trkpt lat="42.5255000" lon="12.8410500"></trkpt>
      <trkpt lat="42.5254700" lon="12.8409900"></trkpt>
      <trkpt lat="42.5254400" lon="12.8409500"></trkpt>
      <trkpt lat="42.5254100" lon="12.8409200"></trkpt>
      <trkpt lat="42.5253700" lon="12.8408800"></trkpt>
      <trkpt lat="42.5253300" lon="12.8408500"></trkpt>
      <trkpt lat="42.5252900" lon="12.8408400"></trkpt>
      <trkpt lat="42.5252400" lon="12.8408300"></trkpt>
      <trkpt lat="42.5252100" lon="12.8408300"></trkpt>
      <trkpt lat="42.5252000" lon="12.8408300"></trkpt>
      <trkpt lat="42.5250900" lon="12.8408500"></trkpt>
      <trkpt lat="42.5248300" lon="12.8409000"></trkpt>
      <trkpt lat="42.5245000" lon="12.8409700"></trkpt>
      <trkpt lat="42.5244900" lon="12.8409700"></trkpt>
      <trkpt lat="42.5243200" lon="12.8410100"></trkpt>
      <trkpt lat="42.5242700" lon="12.8410200"></trkpt>
      <trkpt lat="42.5239700" lon="12.8411000"></trkpt>
      <trkpt lat="42.5239600" lon="12.8411000"></trkpt>
      <trkpt lat="42.5237900" lon="12.8411400"></trkpt>
      <trkpt lat="42.5237800" lon="12.8411400"></trkpt>
      <trkpt lat="42.5236000" lon="12.8411800"></trkpt>
      <trkpt lat="42.5235700" lon="12.8411900"></trkpt>
      <trkpt lat="42.5234500" lon="12.8412200"></trkpt>
      <trkpt lat="42.5234300" lon="12.8412300"></trkpt>
      <trkpt lat="42.5233400" lon="12.8412400"></trkpt>
      <trkpt lat="42.5232400" lon="12.8412500"></trkpt>
      <trkpt lat="42.5231800" lon="12.8412500"></trkpt>
      <trkpt lat="42.5230800" lon="12.8412400"></trkpt>
      <trkpt lat="42.5229900" lon="12.8412200"></trkpt>
      <trkpt lat="42.5229200" lon="12.8412000"></trkpt>
      <trkpt lat="42.5228200" lon="12.8411700"></trkpt>
      <trkpt lat="42.5227400" lon="12.8411400"></trkpt>
      <trkpt lat="42.5225800" lon="12.8410700"></trkpt>
      <trkpt lat="42.5225400" lon="12.8410400"></trkpt>
      <trkpt lat="42.5224900" lon="12.8409900"></trkpt>
      <trkpt lat="42.5224200" lon="12.8409400"></trkpt>
      <trkpt lat="42.5223500" lon="12.8408700"></trkpt>
      <trkpt lat="42.5223000" lon="12.8408100"></trkpt>
      <trkpt lat="42.5222400" lon="12.8407400"></trkpt>
      <trkpt lat="42.5221900" lon="12.8406600"></trkpt>
      <trkpt lat="42.5221500" lon="12.8405900"></trkpt>
      <trkpt lat="42.5220800" lon="12.8404600"></trkpt>
      <trkpt lat="42.5219800" lon="12.8402600"></trkpt>
      <trkpt lat="42.5219500" lon="12.8401300"></trkpt>
      <trkpt lat="42.5219200" lon="12.8400300"></trkpt>
      <trkpt lat="42.5219100" lon="12.8399300"></trkpt>
      <trkpt lat="42.5219100" lon="12.8398600"></trkpt>
      <trkpt lat="42.5219100" lon="12.8398000"></trkpt>
      <trkpt lat="42.5219100" lon="12.8397200"></trkpt>
      <trkpt lat="42.5219200" lon="12.8396400"></trkpt>
      <trkpt lat="42.5219300" lon="12.8395900"></trkpt>
      <trkpt lat="42.5219500" lon="12.8395500"></trkpt>
      <trkpt lat="42.5219900" lon="12.8394400"></trkpt>
      <trkpt lat="42.5220400" lon="12.8393500"></trkpt>
      <trkpt lat="42.5220900" lon="12.8392800"></trkpt>
      <trkpt lat="42.5221600" lon="12.8391600"></trkpt>
      <trkpt lat="42.5222300" lon="12.8390800"></trkpt>
      <trkpt lat="42.5223000" lon="12.8389700"></trkpt>
      <trkpt lat="42.5223300" lon="12.8389100"></trkpt>
      <trkpt lat="42.5223400" lon="12.8389000"></trkpt>
      <trkpt lat="42.5223500" lon="12.8388600"></trkpt>
      <trkpt lat="42.5223500" lon="12.8388400"></trkpt>
      <trkpt lat="42.5223700" lon="12.8387500"></trkpt>
      <trkpt lat="42.5223700" lon="12.8386900"></trkpt>
      <trkpt lat="42.5223700" lon="12.8386400"></trkpt>
      <trkpt lat="42.5223700" lon="12.8386300"></trkpt>
      <trkpt lat="42.5223700" lon="12.8386000"></trkpt>
      <trkpt lat="42.5223500" lon="12.8384600"></trkpt>
      <trkpt lat="42.5223400" lon="12.8382900"></trkpt>
      <trkpt lat="42.5223400" lon="12.8381400"></trkpt>
      <trkpt lat="42.5223500" lon="12.8380600"></trkpt>
      <trkpt lat="42.5223500" lon="12.8379900"></trkpt>
      <trkpt lat="42.5223600" lon="12.8379300"></trkpt>
      <trkpt lat="42.5223900" lon="12.8378100"></trkpt>
      <trkpt lat="42.5224100" lon="12.8377200"></trkpt>
      <trkpt lat="42.5224300" lon="12.8376800"></trkpt>
      <trkpt lat="42.5224400" lon="12.8376500"></trkpt>
      <trkpt lat="42.5224600" lon="12.8376000"></trkpt>
      <trkpt lat="42.5225200" lon="12.8374900"></trkpt>
      <trkpt lat="42.5225600" lon="12.8374200"></trkpt>
      <trkpt lat="42.5226200" lon="12.8373600"></trkpt>
      <trkpt lat="42.5226800" lon="12.8373400"></trkpt>
      <trkpt lat="42.5227400" lon="12.8373100"></trkpt>
      <trkpt lat="42.5228100" lon="12.8373000"></trkpt>
      <trkpt lat="42.5228900" lon="12.8372900"></trkpt>
      <trkpt lat="42.5229900" lon="12.8372900"></trkpt>
      <trkpt lat="42.5230600" lon="12.8372800"></trkpt>
      <trkpt lat="42.5232300" lon="12.8372800"></trkpt>
      <trkpt lat="42.5232400" lon="12.8372800"></trkpt>
      <trkpt lat="42.5232900" lon="12.8372700"></trkpt>
      <trkpt lat="42.5233800" lon="12.8372500"></trkpt>
      <trkpt lat="42.5234400" lon="12.8372200"></trkpt>
      <trkpt lat="42.5234900" lon="12.8371800"></trkpt>
      <trkpt lat="42.5235400" lon="12.8371300"></trkpt>
      <trkpt lat="42.5235500" lon="12.8371300"></trkpt>
      <trkpt lat="42.5235900" lon="12.8370700"></trkpt>
      <trkpt lat="42.5236400" lon="12.8370000"></trkpt>
      <trkpt lat="42.5236800" lon="12.8369300"></trkpt>
      <trkpt lat="42.5237100" lon="12.8368500"></trkpt>
      <trkpt lat="42.5237600" lon="12.8367300"></trkpt>
      <trkpt lat="42.5237600" lon="12.8367200"></trkpt>
      <trkpt lat="42.5237700" lon="12.8367100"></trkpt>
      <trkpt lat="42.5238100" lon="12.8366100"></trkpt>
      <trkpt lat="42.5238300" lon="12.8365700"></trkpt>
      <trkpt lat="42.5238600" lon="12.8365400"></trkpt>
      <trkpt lat="42.5238800" lon="12.8365200"></trkpt>
      <trkpt lat="42.5239200" lon="12.8364900"></trkpt>
      <trkpt lat="42.5239500" lon="12.8364800"></trkpt>
      <trkpt lat="42.5240000" lon="12.8364800"></trkpt>
      <trkpt lat="42.5240400" lon="12.8364900"></trkpt>
      <trkpt lat="42.5240800" lon="12.8365100"></trkpt>
      <trkpt lat="42.5241300" lon="12.8365400"></trkpt>
      <trkpt lat="42.5241800" lon="12.8365800"></trkpt>
      <trkpt lat="42.5242300" lon="12.8366200"></trkpt>
      <trkpt lat="42.5243000" lon="12.8366800"></trkpt>
      <trkpt lat="42.5243500" lon="12.8367100"></trkpt>
      <trkpt lat="42.5243700" lon="12.8367100"></trkpt>
      <trkpt lat="42.5243900" lon="12.8367200"></trkpt>
      <trkpt lat="42.5244300" lon="12.8367300"></trkpt>
      <trkpt lat="42.5244700" lon="12.8367400"></trkpt>
      <trkpt lat="42.5245200" lon="12.8367200"></trkpt>
      <trkpt lat="42.5245500" lon="12.8367100"></trkpt>
      <trkpt lat="42.5245500" lon="12.8367000"></trkpt>
      <trkpt lat="42.5246700" lon="12.8365800"></trkpt>
      <trkpt lat="42.5247700" lon="12.8364800"></trkpt>
      <trkpt lat="42.5248700" lon="12.8363800"></trkpt>
      <trkpt lat="42.5249700" lon="12.8362700"></trkpt>
      <trkpt lat="42.5250300" lon="12.8361700"></trkpt>
      <trkpt lat="42.5250500" lon="12.8361100"></trkpt>
      <trkpt lat="42.5251000" lon="12.8359400"></trkpt>
      <trkpt lat="42.5251300" lon="12.8358200"></trkpt>
      <trkpt lat="42.5251900" lon="12.8355900"></trkpt>
      <trkpt lat="42.5252000" lon="12.8355000"></trkpt>
      <trkpt lat="42.5252200" lon="12.8353900"></trkpt>
      <trkpt lat="42.5252300" lon="12.8352900"></trkpt>
      <trkpt lat="42.5252400" lon="12.8350400"></trkpt>
      <trkpt lat="42.5252400" lon="12.8348700"></trkpt>
      <trkpt lat="42.5252500" lon="12.8346400"></trkpt>
      <trkpt lat="42.5252500" lon="12.8345300"></trkpt>
      <trkpt lat="42.5252600" lon="12.8344100"></trkpt>
      <trkpt lat="42.5252900" lon="12.8342800"></trkpt>
      <trkpt lat="42.5253100" lon="12.8341900"></trkpt>
      <trkpt lat="42.5253200" lon="12.8341500"></trkpt>
      <trkpt lat="42.5253300" lon="12.8341300"></trkpt>
      <trkpt lat="42.5253600" lon="12.8340600"></trkpt>
      <trkpt lat="42.5253900" lon="12.8340200"></trkpt>
      <trkpt lat="42.5254200" lon="12.8339700"></trkpt>
      <trkpt lat="42.5254700" lon="12.8339200"></trkpt>
      <trkpt lat="42.5255200" lon="12.8338800"></trkpt>
      <trkpt lat="42.5255700" lon="12.8338500"></trkpt>
      <trkpt lat="42.5255900" lon="12.8338300"></trkpt>
      <trkpt lat="42.5257500" lon="12.8337300"></trkpt>
      <trkpt lat="42.5257600" lon="12.8337200"></trkpt>
      <trkpt lat="42.5258500" lon="12.8336300"></trkpt>
      <trkpt lat="42.5259000" lon="12.8335800"></trkpt>
      <trkpt lat="42.5259700" lon="12.8335100"></trkpt>
      <trkpt lat="42.5260400" lon="12.8334400"></trkpt>
      <trkpt lat="42.5261700" lon="12.8333000"></trkpt>
      <trkpt lat="42.5262600" lon="12.8331900"></trkpt>
      <trkpt lat="42.5263500" lon="12.8330600"></trkpt>
      <trkpt lat="42.5264300" lon="12.8329400"></trkpt>
      <trkpt lat="42.5265000" lon="12.8328100"></trkpt>
      <trkpt lat="42.5265200" lon="12.8327900"></trkpt>
      <trkpt lat="42.5265200" lon="12.8327600"></trkpt>
      <trkpt lat="42.5265300" lon="12.8327400"></trkpt>
      <trkpt lat="42.5265300" lon="12.8327100"></trkpt>
      <trkpt lat="42.5265300" lon="12.8326600"></trkpt>
      <trkpt lat="42.5265100" lon="12.8325900"></trkpt>
      <trkpt lat="42.5265000" lon="12.8325600"></trkpt>
      <trkpt lat="42.5264900" lon="12.8325400"></trkpt>
      <trkpt lat="42.5264600" lon="12.8325000"></trkpt>
      <trkpt lat="42.5264200" lon="12.8324500"></trkpt>
      <trkpt lat="42.5263200" lon="12.8323400"></trkpt>
      <trkpt lat="42.5263000" lon="12.8323200"></trkpt>
      <trkpt lat="42.5262900" lon="12.8323100"></trkpt>
      <trkpt lat="42.5262600" lon="12.8322800"></trkpt>
      <trkpt lat="42.5262000" lon="12.8322200"></trkpt>
      <trkpt lat="42.5261200" lon="12.8321500"></trkpt>
      <trkpt lat="42.5260400" lon="12.8321200"></trkpt>
      <trkpt lat="42.5259600" lon="12.8321100"></trkpt>
      <trkpt lat="42.5259200" lon="12.8321000"></trkpt>
      <trkpt lat="42.5258900" lon="12.8321000"></trkpt>
      <trkpt lat="42.5258500" lon="12.8321100"></trkpt>
      <trkpt lat="42.5258000" lon="12.8321300"></trkpt>
      <trkpt lat="42.5257700" lon="12.8321600"></trkpt>
      <trkpt lat="42.5257400" lon="12.8322000"></trkpt>
      <trkpt lat="42.5256900" lon="12.8322700"></trkpt>
      <trkpt lat="42.5255900" lon="12.8324500"></trkpt>
      <trkpt lat="42.5255600" lon="12.8325000"></trkpt>
      <trkpt lat="42.5255100" lon="12.8325500"></trkpt>
      <trkpt lat="42.5254500" lon="12.8326000"></trkpt>
      <trkpt lat="42.5253800" lon="12.8326500"></trkpt>
      <trkpt lat="42.5253300" lon="12.8326800"></trkpt>
      <trkpt lat="42.5252100" lon="12.8327300"></trkpt>
      <trkpt lat="42.5249900" lon="12.8328100"></trkpt>
      <trkpt lat="42.5247100" lon="12.8329100"></trkpt>
      <trkpt lat="42.5246600" lon="12.8329300"></trkpt>
      <trkpt lat="42.5246000" lon="12.8329300"></trkpt>
      <trkpt lat="42.5245700" lon="12.8329300"></trkpt>
      <trkpt lat="42.5245300" lon="12.8329200"></trkpt>
      <trkpt lat="42.5244700" lon="12.8329000"></trkpt>
      <trkpt lat="42.5243700" lon="12.8328500"></trkpt>
      <trkpt lat="42.5242600" lon="12.8327500"></trkpt>
      <trkpt lat="42.5242300" lon="12.8327200"></trkpt>
      <trkpt lat="42.5241900" lon="12.8326900"></trkpt>
      <trkpt lat="42.5241200" lon="12.8326600"></trkpt>
      <trkpt lat="42.5240800" lon="12.8326500"></trkpt>
      <trkpt lat="42.5240300" lon="12.8326600"></trkpt>
      <trkpt lat="42.5239800" lon="12.8326600"></trkpt>
      <trkpt lat="42.5239100" lon="12.8326800"></trkpt>
      <trkpt lat="42.5238700" lon="12.8326900"></trkpt>
      <trkpt lat="42.5238000" lon="12.8327100"></trkpt>
      <trkpt lat="42.5237300" lon="12.8327500"></trkpt>
      <trkpt lat="42.5237000" lon="12.8327700"></trkpt>
      <trkpt lat="42.5236900" lon="12.8327700"></trkpt>
      <trkpt lat="42.5236200" lon="12.8328400"></trkpt>
      <trkpt lat="42.5235500" lon="12.8329200"></trkpt>
      <trkpt lat="42.5234700" lon="12.8330300"></trkpt>
      <trkpt lat="42.5233600" lon="12.8331800"></trkpt>
      <trkpt lat="42.5232300" lon="12.8333800"></trkpt>
      <trkpt lat="42.5231900" lon="12.8334400"></trkpt>
      <trkpt lat="42.5231700" lon="12.8334600"></trkpt>
      <trkpt lat="42.5231500" lon="12.8334800"></trkpt>
      <trkpt lat="42.5231300" lon="12.8334900"></trkpt>
      <trkpt lat="42.5231000" lon="12.8335000"></trkpt>
      <trkpt lat="42.5230900" lon="12.8335000"></trkpt>
      <trkpt lat="42.5230700" lon="12.8335000"></trkpt>
      <trkpt lat="42.5227700" lon="12.8334600"></trkpt>
      <trkpt lat="42.5227400" lon="12.8334600"></trkpt>
      <trkpt lat="42.5226800" lon="12.8334600"></trkpt>
      <trkpt lat="42.5226200" lon="12.8334600"></trkpt>
      <trkpt lat="42.5225900" lon="12.8334500"></trkpt>
      <trkpt lat="42.5225600" lon="12.8334600"></trkpt>
      <trkpt lat="42.5225000" lon="12.8334600"></trkpt>
      <trkpt lat="42.5224400" lon="12.8334800"></trkpt>
      <trkpt lat="42.5224300" lon="12.8334800"></trkpt>
      <trkpt lat="42.5223800" lon="12.8335000"></trkpt>
      <trkpt lat="42.5223500" lon="12.8335100"></trkpt>
      <trkpt lat="42.5222500" lon="12.8335500"></trkpt>
      <trkpt lat="42.5221000" lon="12.8336200"></trkpt>
      <trkpt lat="42.5220600" lon="12.8336400"></trkpt>
      <trkpt lat="42.5219600" lon="12.8336800"></trkpt>
      <trkpt lat="42.5218800" lon="12.8337000"></trkpt>
      <trkpt lat="42.5218400" lon="12.8337100"></trkpt>
      <trkpt lat="42.5218000" lon="12.8337000"></trkpt>
      <trkpt lat="42.5217600" lon="12.8336900"></trkpt>
      <trkpt lat="42.5217300" lon="12.8336800"></trkpt>
      <trkpt lat="42.5216800" lon="12.8336600"></trkpt>
      <trkpt lat="42.5216300" lon="12.8336300"></trkpt>
      <trkpt lat="42.5215900" lon="12.8335900"></trkpt>
      <trkpt lat="42.5215600" lon="12.8335600"></trkpt>
      <trkpt lat="42.5215300" lon="12.8335300"></trkpt>
      <trkpt lat="42.5215000" lon="12.8334900"></trkpt>
      <trkpt lat="42.5214800" lon="12.8334500"></trkpt>
      <trkpt lat="42.5214600" lon="12.8334300"></trkpt>
      <trkpt lat="42.5214600" lon="12.8334100"></trkpt>
      <trkpt lat="42.5214400" lon="12.8333800"></trkpt>
      <trkpt lat="42.5214400" lon="12.8333500"></trkpt>
      <trkpt lat="42.5214300" lon="12.8332900"></trkpt>
      <trkpt lat="42.5214200" lon="12.8332400"></trkpt>
      <trkpt lat="42.5214200" lon="12.8331900"></trkpt>
      <trkpt lat="42.5214200" lon="12.8331700"></trkpt>
      <trkpt lat="42.5214300" lon="12.8331000"></trkpt>
      <trkpt lat="42.5214400" lon="12.8328700"></trkpt>
      <trkpt lat="42.5214600" lon="12.8323700"></trkpt>
      <trkpt lat="42.5214300" lon="12.8322400"></trkpt>
      <trkpt lat="42.5214100" lon="12.8321600"></trkpt>
      <trkpt lat="42.5213800" lon="12.8320900"></trkpt>
      <trkpt lat="42.5213300" lon="12.8319700"></trkpt>
      <trkpt lat="42.5211600" lon="12.8317400"></trkpt>
      <trkpt lat="42.5209000" lon="12.8313900"></trkpt>
      <trkpt lat="42.5207400" lon="12.8311900"></trkpt>
      <trkpt lat="42.5206700" lon="12.8311000"></trkpt>
      <trkpt lat="42.5203500" lon="12.8307000"></trkpt>
      <trkpt lat="42.5202800" lon="12.8306300"></trkpt>
      <trkpt lat="42.5202600" lon="12.8306200"></trkpt>
      <trkpt lat="42.5202400" lon="12.8306100"></trkpt>
      <trkpt lat="42.5202200" lon="12.8306000"></trkpt>
      <trkpt lat="42.5201600" lon="12.8306000"></trkpt>
      <trkpt lat="42.5200000" lon="12.8301400"></trkpt>
      <trkpt lat="42.5199900" lon="12.8301100"></trkpt>
      <trkpt lat="42.5199800" lon="12.8300200"></trkpt>
      <trkpt lat="42.5199900" lon="12.8299700"></trkpt>
      <trkpt lat="42.5200200" lon="12.8299200"></trkpt>
      <trkpt lat="42.5200400" lon="12.8298900"></trkpt>
      <trkpt lat="42.5200700" lon="12.8298600"></trkpt>
      <trkpt lat="42.5200900" lon="12.8298400"></trkpt>
      <trkpt lat="42.5201200" lon="12.8298300"></trkpt>
      <trkpt lat="42.5201400" lon="12.8298200"></trkpt>
      <trkpt lat="42.5201800" lon="12.8298100"></trkpt>
      <trkpt lat="42.5202100" lon="12.8298200"></trkpt>
      <trkpt lat="42.5202300" lon="12.8298300"></trkpt>
      <trkpt lat="42.5207800" lon="12.8304800"></trkpt>
      <trkpt lat="42.5208200" lon="12.8305200"></trkpt>
      <trkpt lat="42.5208400" lon="12.8305500"></trkpt>
      <trkpt lat="42.5208700" lon="12.8305700"></trkpt>
      <trkpt lat="42.5209100" lon="12.8305900"></trkpt>
      <trkpt lat="42.5209600" lon="12.8305900"></trkpt>
      <trkpt lat="42.5210100" lon="12.8305800"></trkpt>
      <trkpt lat="42.5210400" lon="12.8305500"></trkpt>
      <trkpt lat="42.5210700" lon="12.8305300"></trkpt>
      <trkpt lat="42.5210900" lon="12.8304900"></trkpt>
      <trkpt lat="42.5211200" lon="12.8304300"></trkpt>
      <trkpt lat="42.5211400" lon="12.8303500"></trkpt>
      <trkpt lat="42.5211600" lon="12.8302300"></trkpt>
      <trkpt lat="42.5211700" lon="12.8301200"></trkpt>
      <trkpt lat="42.5211700" lon="12.8301100"></trkpt>
      <trkpt lat="42.5211900" lon="12.8299600"></trkpt>
      <trkpt lat="42.5212000" lon="12.8298400"></trkpt>
      <trkpt lat="42.5212100" lon="12.8296600"></trkpt>
      <trkpt lat="42.5212200" lon="12.8295100"></trkpt>
      <trkpt lat="42.5212200" lon="12.8293900"></trkpt>
      <trkpt lat="42.5212200" lon="12.8293800"></trkpt>
      <trkpt lat="42.5212000" lon="12.8292700"></trkpt>
      <trkpt lat="42.5211800" lon="12.8291500"></trkpt>
      <trkpt lat="42.5211600" lon="12.8290800"></trkpt>
      <trkpt lat="42.5211000" lon="12.8287400"></trkpt>
      <trkpt lat="42.5210900" lon="12.8286800"></trkpt>
      <trkpt lat="42.5210700" lon="12.8285200"></trkpt>
      <trkpt lat="42.5210600" lon="12.8284400"></trkpt>
      <trkpt lat="42.5210500" lon="12.8283900"></trkpt>
      <trkpt lat="42.5210300" lon="12.8282100"></trkpt>
      <trkpt lat="42.5210300" lon="12.8282000"></trkpt>
      <trkpt lat="42.5210200" lon="12.8281300"></trkpt>
      <trkpt lat="42.5209900" lon="12.8279600"></trkpt>
      <trkpt lat="42.5209800" lon="12.8279200"></trkpt>
      <trkpt lat="42.5209700" lon="12.8278400"></trkpt>
      <trkpt lat="42.5209400" lon="12.8277300"></trkpt>
      <trkpt lat="42.5209400" lon="12.8277000"></trkpt>
      <trkpt lat="42.5209200" lon="12.8276400"></trkpt>
      <trkpt lat="42.5209000" lon="12.8276100"></trkpt>
      <trkpt lat="42.5208800" lon="12.8275700"></trkpt>
      <trkpt lat="42.5208800" lon="12.8275600"></trkpt>
      <trkpt lat="42.5208500" lon="12.8275200"></trkpt>
      <trkpt lat="42.5208400" lon="12.8275100"></trkpt>
      <trkpt lat="42.5208100" lon="12.8274900"></trkpt>
      <trkpt lat="42.5206800" lon="12.8273800"></trkpt>
      <trkpt lat="42.5205200" lon="12.8272600"></trkpt>
      <trkpt lat="42.5204100" lon="12.8271800"></trkpt>
      <trkpt lat="42.5203700" lon="12.8271300"></trkpt>
      <trkpt lat="42.5203300" lon="12.8270900"></trkpt>
      <trkpt lat="42.5203000" lon="12.8270200"></trkpt>
      <trkpt lat="42.5202600" lon="12.8269400"></trkpt>
      <trkpt lat="42.5202400" lon="12.8268800"></trkpt>
      <trkpt lat="42.5202200" lon="12.8268100"></trkpt>
      <trkpt lat="42.5202200" lon="12.8267400"></trkpt>
      <trkpt lat="42.5202200" lon="12.8267200"></trkpt>
      <trkpt lat="42.5202200" lon="12.8267100"></trkpt>
      <trkpt lat="42.5202200" lon="12.8266800"></trkpt>
      <trkpt lat="42.5202200" lon="12.8266200"></trkpt>
      <trkpt lat="42.5202200" lon="12.8265800"></trkpt>
      <trkpt lat="42.5202300" lon="12.8265400"></trkpt>
      <trkpt lat="42.5202500" lon="12.8264900"></trkpt>
      <trkpt lat="42.5202800" lon="12.8264500"></trkpt>
      <trkpt lat="42.5203100" lon="12.8264300"></trkpt>
      <trkpt lat="42.5203300" lon="12.8264100"></trkpt>
      <trkpt lat="42.5203800" lon="12.8263800"></trkpt>
      <trkpt lat="42.5204200" lon="12.8263700"></trkpt>
      <trkpt lat="42.5204300" lon="12.8263600"></trkpt>
      <trkpt lat="42.5205300" lon="12.8263400"></trkpt>
      <trkpt lat="42.5205900" lon="12.8263200"></trkpt>
      <trkpt lat="42.5206400" lon="12.8263100"></trkpt>
      <trkpt lat="42.5206900" lon="12.8263000"></trkpt>
      <trkpt lat="42.5207400" lon="12.8262700"></trkpt>
      <trkpt lat="42.5207600" lon="12.8262600"></trkpt>
      <trkpt lat="42.5207700" lon="12.8262500"></trkpt>
      <trkpt lat="42.5207800" lon="12.8262300"></trkpt>
      <trkpt lat="42.5208100" lon="12.8262000"></trkpt>
      <trkpt lat="42.5208400" lon="12.8261500"></trkpt>
      <trkpt lat="42.5208600" lon="12.8261100"></trkpt>
      <trkpt lat="42.5208600" lon="12.8260700"></trkpt>
      <trkpt lat="42.5208600" lon="12.8260600"></trkpt>
      <trkpt lat="42.5208600" lon="12.8260200"></trkpt>
      <trkpt lat="42.5208500" lon="12.8259600"></trkpt>
      <trkpt lat="42.5208400" lon="12.8259000"></trkpt>
      <trkpt lat="42.5208100" lon="12.8257700"></trkpt>
      <trkpt lat="42.5207600" lon="12.8256000"></trkpt>
      <trkpt lat="42.5207200" lon="12.8254800"></trkpt>
      <trkpt lat="42.5206900" lon="12.8253900"></trkpt>
      <trkpt lat="42.5206800" lon="12.8253700"></trkpt>
      <trkpt lat="42.5206700" lon="12.8253200"></trkpt>
      <trkpt lat="42.5206400" lon="12.8252000"></trkpt>
      <trkpt lat="42.5206300" lon="12.8251300"></trkpt>
      <trkpt lat="42.5206300" lon="12.8250800"></trkpt>
      <trkpt lat="42.5206100" lon="12.8249600"></trkpt>
      <trkpt lat="42.5206100" lon="12.8249000"></trkpt>
      <trkpt lat="42.5206100" lon="12.8248900"></trkpt>
      <trkpt lat="42.5206100" lon="12.8248400"></trkpt>
      <trkpt lat="42.5206200" lon="12.8247700"></trkpt>
      <trkpt lat="42.5206300" lon="12.8247200"></trkpt>
      <trkpt lat="42.5206300" lon="12.8246800"></trkpt>
      <trkpt lat="42.5206300" lon="12.8246700"></trkpt>
      <trkpt lat="42.5206300" lon="12.8246500"></trkpt>
      <trkpt lat="42.5206300" lon="12.8246300"></trkpt>
      <trkpt lat="42.5206300" lon="12.8245800"></trkpt>
      <trkpt lat="42.5206200" lon="12.8245300"></trkpt>
      <trkpt lat="42.5206100" lon="12.8244800"></trkpt>
      <trkpt lat="42.5205800" lon="12.8244300"></trkpt>
      <trkpt lat="42.5205500" lon="12.8243800"></trkpt>
      <trkpt lat="42.5205000" lon="12.8243300"></trkpt>
      <trkpt lat="42.5203200" lon="12.8241000"></trkpt>
      <trkpt lat="42.5203200" lon="12.8240900"></trkpt>
      <trkpt lat="42.5201900" lon="12.8239400"></trkpt>
      <trkpt lat="42.5201800" lon="12.8239300"></trkpt>
      <trkpt lat="42.5200500" lon="12.8237600"></trkpt>
      <trkpt lat="42.5200000" lon="12.8236900"></trkpt>
      <trkpt lat="42.5199400" lon="12.8236000"></trkpt>
      <trkpt lat="42.5199300" lon="12.8235900"></trkpt>
      <trkpt lat="42.5197800" lon="12.8234400"></trkpt>
      <trkpt lat="42.5196300" lon="12.8233200"></trkpt>
      <trkpt lat="42.5194900" lon="12.8232000"></trkpt>
      <trkpt lat="42.5194800" lon="12.8232000"></trkpt>
      <trkpt lat="42.5194800" lon="12.8231900"></trkpt>
      <trkpt lat="42.5194000" lon="12.8231100"></trkpt>
      <trkpt lat="42.5193400" lon="12.8230200"></trkpt>
      <trkpt lat="42.5192900" lon="12.8229200"></trkpt>
      <trkpt lat="42.5192300" lon="12.8226700"></trkpt>
      <trkpt lat="42.5192100" lon="12.8225700"></trkpt>
      <trkpt lat="42.5192000" lon="12.8225200"></trkpt>
      <trkpt lat="42.5191600" lon="12.8222300"></trkpt>
      <trkpt lat="42.5191500" lon="12.8220900"></trkpt>
      <trkpt lat="42.5191500" lon="12.8220600"></trkpt>
      <trkpt lat="42.5191400" lon="12.8218600"></trkpt>
      <trkpt lat="42.5191400" lon="12.8217300"></trkpt>
      <trkpt lat="42.5191500" lon="12.8216200"></trkpt>
      <trkpt lat="42.5191700" lon="12.8215100"></trkpt>
      <trkpt lat="42.5192100" lon="12.8214000"></trkpt>
      <trkpt lat="42.5192700" lon="12.8212900"></trkpt>
      <trkpt lat="42.5193300" lon="12.8211900"></trkpt>
      <trkpt lat="42.5194600" lon="12.8210200"></trkpt>
      <trkpt lat="42.5195500" lon="12.8208900"></trkpt>
      <trkpt lat="42.5195800" lon="12.8208600"></trkpt>
      <trkpt lat="42.5195900" lon="12.8208500"></trkpt>
      <trkpt lat="42.5196600" lon="12.8207800"></trkpt>
      <trkpt lat="42.5197100" lon="12.8207400"></trkpt>
      <trkpt lat="42.5197300" lon="12.8207300"></trkpt>
      <trkpt lat="42.5197400" lon="12.8207200"></trkpt>
      <trkpt lat="42.5197700" lon="12.8207100"></trkpt>
      <trkpt lat="42.5198000" lon="12.8206900"></trkpt>
      <trkpt lat="42.5198500" lon="12.8206800"></trkpt>
      <trkpt lat="42.5199000" lon="12.8206700"></trkpt>
      <trkpt lat="42.5199100" lon="12.8206700"></trkpt>
      <trkpt lat="42.5199200" lon="12.8206700"></trkpt>
      <trkpt lat="42.5199900" lon="12.8206700"></trkpt>
      <trkpt lat="42.5200700" lon="12.8206800"></trkpt>
      <trkpt lat="42.5200900" lon="12.8206900"></trkpt>
      <trkpt lat="42.5201500" lon="12.8207000"></trkpt>
      <trkpt lat="42.5202100" lon="12.8207000"></trkpt>
      <trkpt lat="42.5202600" lon="12.8207000"></trkpt>
      <trkpt lat="42.5202700" lon="12.8206900"></trkpt>
      <trkpt lat="42.5202900" lon="12.8206800"></trkpt>
      <trkpt lat="42.5203100" lon="12.8206500"></trkpt>
      <trkpt lat="42.5203300" lon="12.8206100"></trkpt>
      <trkpt lat="42.5203400" lon="12.8205800"></trkpt>
      <trkpt lat="42.5203500" lon="12.8205500"></trkpt>
      <trkpt lat="42.5203500" lon="12.8205200"></trkpt>
      <trkpt lat="42.5203400" lon="12.8205100"></trkpt>
      <trkpt lat="42.5203400" lon="12.8204900"></trkpt>
      <trkpt lat="42.5203400" lon="12.8204700"></trkpt>
      <trkpt lat="42.5203300" lon="12.8204200"></trkpt>
      <trkpt lat="42.5203000" lon="12.8203600"></trkpt>
      <trkpt lat="42.5202600" lon="12.8203000"></trkpt>
      <trkpt lat="42.5202500" lon="12.8202900"></trkpt>
      <trkpt lat="42.5201700" lon="12.8201800"></trkpt>
      <trkpt lat="42.5201300" lon="12.8201200"></trkpt>
      <trkpt lat="42.5201100" lon="12.8201000"></trkpt>
      <trkpt lat="42.5200200" lon="12.8199700"></trkpt>
      <trkpt lat="42.5200000" lon="12.8199500"></trkpt>
      <trkpt lat="42.5199900" lon="12.8199400"></trkpt>
      <trkpt lat="42.5199400" lon="12.8198900"></trkpt>
      <trkpt lat="42.5198600" lon="12.8198100"></trkpt>
      <trkpt lat="42.5198400" lon="12.8198000"></trkpt>
      <trkpt lat="42.5197600" lon="12.8197300"></trkpt>
      <trkpt lat="42.5196500" lon="12.8196700"></trkpt>
      <trkpt lat="42.5195200" lon="12.8196000"></trkpt>
      <trkpt lat="42.5193800" lon="12.8195200"></trkpt>
      <trkpt lat="42.5192400" lon="12.8194600"></trkpt>
      <trkpt lat="42.5190600" lon="12.8193600"></trkpt>
      <trkpt lat="42.5189600" lon="12.8192900"></trkpt>
      <trkpt lat="42.5189000" lon="12.8192300"></trkpt>
      <trkpt lat="42.5188400" lon="12.8191500"></trkpt>
      <trkpt lat="42.5188000" lon="12.8190900"></trkpt>
      <trkpt lat="42.5187600" lon="12.8190300"></trkpt>
      <trkpt lat="42.5187600" lon="12.8190200"></trkpt>
      <trkpt lat="42.5187600" lon="12.8190000"></trkpt>
      <trkpt lat="42.5187200" lon="12.8189100"></trkpt>
      <trkpt lat="42.5186800" lon="12.8187900"></trkpt>
      <trkpt lat="42.5186800" lon="12.8187800"></trkpt>
      <trkpt lat="42.5186600" lon="12.8186900"></trkpt>
      <trkpt lat="42.5186500" lon="12.8186000"></trkpt>
      <trkpt lat="42.5186400" lon="12.8185500"></trkpt>
      <trkpt lat="42.5186400" lon="12.8184900"></trkpt>
      <trkpt lat="42.5186300" lon="12.8183700"></trkpt>
      <trkpt lat="42.5186300" lon="12.8182300"></trkpt>
      <trkpt lat="42.5186300" lon="12.8181300"></trkpt>
      <trkpt lat="42.5186400" lon="12.8179700"></trkpt>
      <trkpt lat="42.5186600" lon="12.8177400"></trkpt>
      <trkpt lat="42.5186700" lon="12.8175900"></trkpt>
      <trkpt lat="42.5186700" lon="12.8175700"></trkpt>
      <trkpt lat="42.5186800" lon="12.8174800"></trkpt>
      <trkpt lat="42.5186900" lon="12.8173800"></trkpt>
      <trkpt lat="42.5186800" lon="12.8172600"></trkpt>
      <trkpt lat="42.5186700" lon="12.8170900"></trkpt>
      <trkpt lat="42.5186300" lon="12.8169000"></trkpt>
      <trkpt lat="42.5185800" lon="12.8166800"></trkpt>
      <trkpt lat="42.5184900" lon="12.8163100"></trkpt>
      <trkpt lat="42.5184200" lon="12.8159800"></trkpt>
      <trkpt lat="42.5184100" lon="12.8159500"></trkpt>
      <trkpt lat="42.5183900" lon="12.8157900"></trkpt>
      <trkpt lat="42.5183800" lon="12.8157100"></trkpt>
      <trkpt lat="42.5183700" lon="12.8156100"></trkpt>
      <trkpt lat="42.5183700" lon="12.8155000"></trkpt>
      <trkpt lat="42.5183700" lon="12.8154700"></trkpt>
      <trkpt lat="42.5183600" lon="12.8154600"></trkpt>
      <trkpt lat="42.5183600" lon="12.8153100"></trkpt>
      <trkpt lat="42.5183700" lon="12.8151000"></trkpt>
      <trkpt lat="42.5183900" lon="12.8146700"></trkpt>
      <trkpt lat="42.5184000" lon="12.8145300"></trkpt>
      <trkpt lat="42.5184000" lon="12.8144900"></trkpt>
      <trkpt lat="42.5184200" lon="12.8142500"></trkpt>
      <trkpt lat="42.5184300" lon="12.8140900"></trkpt>
      <trkpt lat="42.5184700" lon="12.8136100"></trkpt>
      <trkpt lat="42.5184800" lon="12.8134900"></trkpt>
      <trkpt lat="42.5184900" lon="12.8133900"></trkpt>
      <trkpt lat="42.5185100" lon="12.8132900"></trkpt>
      <trkpt lat="42.5185200" lon="12.8132300"></trkpt>
      <trkpt lat="42.5185400" lon="12.8131600"></trkpt>
      <trkpt lat="42.5185700" lon="12.8130800"></trkpt>
      <trkpt lat="42.5186700" lon="12.8128400"></trkpt>
      <trkpt lat="42.5187300" lon="12.8127700"></trkpt>
      <trkpt lat="42.5187800" lon="12.8127000"></trkpt>
      <trkpt lat="42.5188000" lon="12.8126800"></trkpt>
      <trkpt lat="42.5188100" lon="12.8126600"></trkpt>
      <trkpt lat="42.5188700" lon="12.8126100"></trkpt>
      <trkpt lat="42.5189200" lon="12.8125600"></trkpt>
      <trkpt lat="42.5189500" lon="12.8125400"></trkpt>
      <trkpt lat="42.5189500" lon="12.8125300"></trkpt>
      <trkpt lat="42.5189800" lon="12.8125200"></trkpt>
      <trkpt lat="42.5190400" lon="12.8124800"></trkpt>
      <trkpt lat="42.5191300" lon="12.8124500"></trkpt>
      <trkpt lat="42.5192600" lon="12.8124100"></trkpt>
      <trkpt lat="42.5193900" lon="12.8123800"></trkpt>
      <trkpt lat="42.5195200" lon="12.8123300"></trkpt>
      <trkpt lat="42.5196200" lon="12.8122900"></trkpt>
      <trkpt lat="42.5196600" lon="12.8122700"></trkpt>
      <trkpt lat="42.5197100" lon="12.8122300"></trkpt>
      <trkpt lat="42.5198000" lon="12.8121700"></trkpt>
      <trkpt lat="42.5198100" lon="12.8121500"></trkpt>
      <trkpt lat="42.5199300" lon="12.8120500"></trkpt>
      <trkpt lat="42.5199500" lon="12.8120300"></trkpt>
      <trkpt lat="42.5199600" lon="12.8120200"></trkpt>
      <trkpt lat="42.5201900" lon="12.8118000"></trkpt>
      <trkpt lat="42.5202500" lon="12.8117300"></trkpt>
      <trkpt lat="42.5202900" lon="12.8116800"></trkpt>
      <trkpt lat="42.5203700" lon="12.8115600"></trkpt>
      <trkpt lat="42.5203800" lon="12.8115400"></trkpt>
      <trkpt lat="42.5204600" lon="12.8114100"></trkpt>
      <trkpt lat="42.5204800" lon="12.8113500"></trkpt>
      <trkpt lat="42.5205500" lon="12.8112000"></trkpt>
      <trkpt lat="42.5205700" lon="12.8111400"></trkpt>
      <trkpt lat="42.5205800" lon="12.8111200"></trkpt>
      <trkpt lat="42.5205900" lon="12.8110700"></trkpt>
      <trkpt lat="42.5206000" lon="12.8110100"></trkpt>
      <trkpt lat="42.5206000" lon="12.8109600"></trkpt>
      <trkpt lat="42.5205900" lon="12.8109000"></trkpt>
      <trkpt lat="42.5205800" lon="12.8108300"></trkpt>
      <trkpt lat="42.5205600" lon="12.8107700"></trkpt>
      <trkpt lat="42.5205100" lon="12.8106000"></trkpt>
      <trkpt lat="42.5204800" lon="12.8104500"></trkpt>
      <trkpt lat="42.5204800" lon="12.8104400"></trkpt>
      <trkpt lat="42.5204700" lon="12.8104100"></trkpt>
      <trkpt lat="42.5204600" lon="12.8103800"></trkpt>
      <trkpt lat="42.5204600" lon="12.8103300"></trkpt>
      <trkpt lat="42.5204600" lon="12.8102800"></trkpt>
      <trkpt lat="42.5204600" lon="12.8102500"></trkpt>
      <trkpt lat="42.5204600" lon="12.8102000"></trkpt>
      <trkpt lat="42.5204700" lon="12.8101600"></trkpt>
      <trkpt lat="42.5204800" lon="12.8101100"></trkpt>
      <trkpt lat="42.5204900" lon="12.8100700"></trkpt>
      <trkpt lat="42.5205100" lon="12.8100200"></trkpt>
      <trkpt lat="42.5205200" lon="12.8099900"></trkpt>
      <trkpt lat="42.5205300" lon="12.8099800"></trkpt>
      <trkpt lat="42.5205400" lon="12.8099600"></trkpt>
      <trkpt lat="42.5205500" lon="12.8099400"></trkpt>
      <trkpt lat="42.5205700" lon="12.8099200"></trkpt>
      <trkpt lat="42.5205900" lon="12.8099000"></trkpt>
      <trkpt lat="42.5206200" lon="12.8098800"></trkpt>
      <trkpt lat="42.5206500" lon="12.8098700"></trkpt>
      <trkpt lat="42.5206700" lon="12.8098600"></trkpt>
      <trkpt lat="42.5206800" lon="12.8098600"></trkpt>
      <trkpt lat="42.5207000" lon="12.8098600"></trkpt>
      <trkpt lat="42.5207300" lon="12.8098600"></trkpt>
      <trkpt lat="42.5207800" lon="12.8098600"></trkpt>
      <trkpt lat="42.5208600" lon="12.8098700"></trkpt>
      <trkpt lat="42.5208800" lon="12.8098700"></trkpt>
      <trkpt lat="42.5210400" lon="12.8098900"></trkpt>
      <trkpt lat="42.5210600" lon="12.8098900"></trkpt>
      <trkpt lat="42.5212200" lon="12.8099000"></trkpt>
      <trkpt lat="42.5212400" lon="12.8099000"></trkpt>
      <trkpt lat="42.5213800" lon="12.8099000"></trkpt>
      <trkpt lat="42.5216200" lon="12.8099000"></trkpt>
      <trkpt lat="42.5217600" lon="12.8099000"></trkpt>
      <trkpt lat="42.5217800" lon="12.8098900"></trkpt>
      <trkpt lat="42.5217900" lon="12.8098900"></trkpt>
      <trkpt lat="42.5218800" lon="12.8098700"></trkpt>
      <trkpt lat="42.5219200" lon="12.8098500"></trkpt>
      <trkpt lat="42.5219300" lon="12.8098400"></trkpt>
      <trkpt lat="42.5219500" lon="12.8098300"></trkpt>
      <trkpt lat="42.5219700" lon="12.8098000"></trkpt>
      <trkpt lat="42.5220000" lon="12.8097700"></trkpt>
      <trkpt lat="42.5220100" lon="12.8097300"></trkpt>
      <trkpt lat="42.5220200" lon="12.8097000"></trkpt>
      <trkpt lat="42.5220400" lon="12.8096600"></trkpt>
      <trkpt lat="42.5220400" lon="12.8096500"></trkpt>
      <trkpt lat="42.5220500" lon="12.8096000"></trkpt>
      <trkpt lat="42.5220700" lon="12.8094600"></trkpt>
      <trkpt lat="42.5220800" lon="12.8094100"></trkpt>
      <trkpt lat="42.5220800" lon="12.8093800"></trkpt>
      <trkpt lat="42.5220900" lon="12.8093500"></trkpt>
      <trkpt lat="42.5221100" lon="12.8091700"></trkpt>
      <trkpt lat="42.5221200" lon="12.8090500"></trkpt>
      <trkpt lat="42.5221200" lon="12.8089900"></trkpt>
      <trkpt lat="42.5221200" lon="12.8089300"></trkpt>
      <trkpt lat="42.5221200" lon="12.8088800"></trkpt>
      <trkpt lat="42.5221200" lon="12.8088300"></trkpt>
      <trkpt lat="42.5221000" lon="12.8087700"></trkpt>
      <trkpt lat="42.5220800" lon="12.8087000"></trkpt>
      <trkpt lat="42.5220600" lon="12.8086400"></trkpt>
      <trkpt lat="42.5220300" lon="12.8085900"></trkpt>
      <trkpt lat="42.5219800" lon="12.8085200"></trkpt>
      <trkpt lat="42.5219200" lon="12.8084500"></trkpt>
      <trkpt lat="42.5218300" lon="12.8083600"></trkpt>
      <trkpt lat="42.5218100" lon="12.8083400"></trkpt>
      <trkpt lat="42.5217800" lon="12.8083100"></trkpt>
      <trkpt lat="42.5217400" lon="12.8082500"></trkpt>
      <trkpt lat="42.5217200" lon="12.8082100"></trkpt>
      <trkpt lat="42.5217000" lon="12.8081800"></trkpt>
      <trkpt lat="42.5217000" lon="12.8081600"></trkpt>
      <trkpt lat="42.5216800" lon="12.8081200"></trkpt>
      <trkpt lat="42.5216700" lon="12.8080800"></trkpt>
      <trkpt lat="42.5216600" lon="12.8080300"></trkpt>
      <trkpt lat="42.5216600" lon="12.8079900"></trkpt>
      <trkpt lat="42.5216600" lon="12.8079500"></trkpt>
      <trkpt lat="42.5216700" lon="12.8078900"></trkpt>
      <trkpt lat="42.5216800" lon="12.8078200"></trkpt>
      <trkpt lat="42.5216900" lon="12.8077700"></trkpt>
      <trkpt lat="42.5217100" lon="12.8077200"></trkpt>
      <trkpt lat="42.5217100" lon="12.8077000"></trkpt>
      <trkpt lat="42.5217300" lon="12.8076500"></trkpt>
      <trkpt lat="42.5217600" lon="12.8075800"></trkpt>
      <trkpt lat="42.5217900" lon="12.8075400"></trkpt>
      <trkpt lat="42.5218000" lon="12.8075100"></trkpt>
      <trkpt lat="42.5218200" lon="12.8074900"></trkpt>
      <trkpt lat="42.5218500" lon="12.8074400"></trkpt>
      <trkpt lat="42.5218800" lon="12.8074000"></trkpt>
      <trkpt lat="42.5219200" lon="12.8073600"></trkpt>
      <trkpt lat="42.5219900" lon="12.8072900"></trkpt>
      <trkpt lat="42.5221400" lon="12.8071800"></trkpt>
      <trkpt lat="42.5223500" lon="12.8070200"></trkpt>
      <trkpt lat="42.5224000" lon="12.8069800"></trkpt>
      <trkpt lat="42.5224200" lon="12.8069700"></trkpt>
      <trkpt lat="42.5225500" lon="12.8068600"></trkpt>
      <trkpt lat="42.5225600" lon="12.8068600"></trkpt>
      <trkpt lat="42.5225800" lon="12.8068400"></trkpt>
      <trkpt lat="42.5227000" lon="12.8067300"></trkpt>
      <trkpt lat="42.5227100" lon="12.8067300"></trkpt>
      <trkpt lat="42.5227300" lon="12.8067100"></trkpt>
      <trkpt lat="42.5228300" lon="12.8066100"></trkpt>
      <trkpt lat="42.5229400" lon="12.8064600"></trkpt>
      <trkpt lat="42.5230600" lon="12.8062800"></trkpt>
      <trkpt lat="42.5232000" lon="12.8060900"></trkpt>
      <trkpt lat="42.5234900" lon="12.8057200"></trkpt>
      <trkpt lat="42.5235000" lon="12.8057000"></trkpt>
      <trkpt lat="42.5236200" lon="12.8055400"></trkpt>
      <trkpt lat="42.5236300" lon="12.8055300"></trkpt>
      <trkpt lat="42.5237400" lon="12.8053800"></trkpt>
      <trkpt lat="42.5237600" lon="12.8053600"></trkpt>
      <trkpt lat="42.5238100" lon="12.8052900"></trkpt>
      <trkpt lat="42.5238300" lon="12.8052600"></trkpt>
      <trkpt lat="42.5238400" lon="12.8052400"></trkpt>
      <trkpt lat="42.5238400" lon="12.8052100"></trkpt>
      <trkpt lat="42.5238500" lon="12.8051500"></trkpt>
      <trkpt lat="42.5240000" lon="12.8051400"></trkpt>
      <trkpt lat="42.5240300" lon="12.8051400"></trkpt>
      <trkpt lat="42.5241100" lon="12.8051200"></trkpt>
      <trkpt lat="42.5241800" lon="12.8051000"></trkpt>
      <trkpt lat="42.5242000" lon="12.8050900"></trkpt>
      <trkpt lat="42.5242900" lon="12.8050500"></trkpt>
      <trkpt lat="42.5243800" lon="12.8049900"></trkpt>
      <trkpt lat="42.5244500" lon="12.8049400"></trkpt>
      <trkpt lat="42.5245100" lon="12.8048900"></trkpt>
      <trkpt lat="42.5245400" lon="12.8048000"></trkpt>
      <trkpt lat="42.5246100" lon="12.8045600"></trkpt>
      <trkpt lat="42.5246600" lon="12.8043400"></trkpt>
      <trkpt lat="42.5247000" lon="12.8042100"></trkpt>
      <trkpt lat="42.5247500" lon="12.8039800"></trkpt>
      <trkpt lat="42.5247800" lon="12.8038800"></trkpt>
      <trkpt lat="42.5248100" lon="12.8037400"></trkpt>
      <trkpt lat="42.5249200" lon="12.8033000"></trkpt>
      <trkpt lat="42.5249300" lon="12.8032800"></trkpt>
      <trkpt lat="42.5250600" lon="12.8027200"></trkpt>
      <trkpt lat="42.5250900" lon="12.8025900"></trkpt>
      <trkpt lat="42.5251500" lon="12.8023300"></trkpt>
      <trkpt lat="42.5252100" lon="12.8020800"></trkpt>
      <trkpt lat="42.5252400" lon="12.8019700"></trkpt>
      <trkpt lat="42.5253000" lon="12.8017400"></trkpt>
      <trkpt lat="42.5253400" lon="12.8015900"></trkpt>
      <trkpt lat="42.5253600" lon="12.8015200"></trkpt>
      <trkpt lat="42.5254300" lon="12.8012800"></trkpt>
      <trkpt lat="42.5254400" lon="12.8012500"></trkpt>
      <trkpt lat="42.5254800" lon="12.8011200"></trkpt>
      <trkpt lat="42.5254900" lon="12.8010500"></trkpt>
      <trkpt lat="42.5255100" lon="12.8009000"></trkpt>
      <trkpt lat="42.5254900" lon="12.8010500"></trkpt>
      <trkpt lat="42.5254800" lon="12.8011200"></trkpt>
      <trkpt lat="42.5254400" lon="12.8012500"></trkpt>
      <trkpt lat="42.5254300" lon="12.8012800"></trkpt>
      <trkpt lat="42.5253600" lon="12.8015200"></trkpt>
      <trkpt lat="42.5253400" lon="12.8015900"></trkpt>
      <trkpt lat="42.5253000" lon="12.8017400"></trkpt>
      <trkpt lat="42.5252400" lon="12.8019700"></trkpt>
      <trkpt lat="42.5252100" lon="12.8020800"></trkpt>
      <trkpt lat="42.5251500" lon="12.8023300"></trkpt>
      <trkpt lat="42.5250900" lon="12.8025900"></trkpt>
      <trkpt lat="42.5250600" lon="12.8027200"></trkpt>
      <trkpt lat="42.5249300" lon="12.8032800"></trkpt>
      <trkpt lat="42.5249200" lon="12.8033000"></trkpt>
      <trkpt lat="42.5248100" lon="12.8037400"></trkpt>
      <trkpt lat="42.5247800" lon="12.8038800"></trkpt>
      <trkpt lat="42.5247500" lon="12.8039800"></trkpt>
      <trkpt lat="42.5247000" lon="12.8042100"></trkpt>
      <trkpt lat="42.5246600" lon="12.8043400"></trkpt>
      <trkpt lat="42.5246100" lon="12.8045600"></trkpt>
      <trkpt lat="42.5245400" lon="12.8048000"></trkpt>
      <trkpt lat="42.5245100" lon="12.8048900"></trkpt>
      <trkpt lat="42.5244500" lon="12.8049400"></trkpt>
      <trkpt lat="42.5243800" lon="12.8049900"></trkpt>
      <trkpt lat="42.5242900" lon="12.8050500"></trkpt>
      <trkpt lat="42.5242000" lon="12.8050900"></trkpt>
      <trkpt lat="42.5241800" lon="12.8051000"></trkpt>
      <trkpt lat="42.5241100" lon="12.8051200"></trkpt>
      <trkpt lat="42.5240300" lon="12.8051400"></trkpt>
      <trkpt lat="42.5240000" lon="12.8051400"></trkpt>
      <trkpt lat="42.5238500" lon="12.8051500"></trkpt>
      <trkpt lat="42.5238400" lon="12.8052100"></trkpt>
      <trkpt lat="42.5238400" lon="12.8052400"></trkpt>
      <trkpt lat="42.5238300" lon="12.8052600"></trkpt>
      <trkpt lat="42.5238100" lon="12.8052900"></trkpt>
      <trkpt lat="42.5237600" lon="12.8053600"></trkpt>
      <trkpt lat="42.5237400" lon="12.8053800"></trkpt>
      <trkpt lat="42.5236300" lon="12.8055300"></trkpt>
      <trkpt lat="42.5236200" lon="12.8055400"></trkpt>
      <trkpt lat="42.5235000" lon="12.8057000"></trkpt>
      <trkpt lat="42.5234900" lon="12.8057200"></trkpt>
      <trkpt lat="42.5232000" lon="12.8060900"></trkpt>
      <trkpt lat="42.5230600" lon="12.8062800"></trkpt>
      <trkpt lat="42.5229400" lon="12.8064600"></trkpt>
      <trkpt lat="42.5228300" lon="12.8066100"></trkpt>
      <trkpt lat="42.5227300" lon="12.8067100"></trkpt>
      <trkpt lat="42.5227100" lon="12.8067300"></trkpt>
      <trkpt lat="42.5227000" lon="12.8067300"></trkpt>
      <trkpt lat="42.5225800" lon="12.8068400"></trkpt>
      <trkpt lat="42.5225600" lon="12.8068600"></trkpt>
      <trkpt lat="42.5225500" lon="12.8068600"></trkpt>
      <trkpt lat="42.5224200" lon="12.8069700"></trkpt>
      <trkpt lat="42.5224000" lon="12.8069800"></trkpt>
      <trkpt lat="42.5223500" lon="12.8070200"></trkpt>
      <trkpt lat="42.5221400" lon="12.8071800"></trkpt>
      <trkpt lat="42.5219900" lon="12.8072900"></trkpt>
      <trkpt lat="42.5219200" lon="12.8073600"></trkpt>
      <trkpt lat="42.5218800" lon="12.8074000"></trkpt>
      <trkpt lat="42.5218500" lon="12.8074400"></trkpt>
      <trkpt lat="42.5218200" lon="12.8074900"></trkpt>
      <trkpt lat="42.5218000" lon="12.8075100"></trkpt>
      <trkpt lat="42.5217900" lon="12.8075400"></trkpt>
      <trkpt lat="42.5217600" lon="12.8075800"></trkpt>
      <trkpt lat="42.5217300" lon="12.8076500"></trkpt>
      <trkpt lat="42.5217100" lon="12.8077000"></trkpt>
      <trkpt lat="42.5217100" lon="12.8077200"></trkpt>
      <trkpt lat="42.5216900" lon="12.8077700"></trkpt>
      <trkpt lat="42.5216800" lon="12.8078200"></trkpt>
      <trkpt lat="42.5216700" lon="12.8078900"></trkpt>
      <trkpt lat="42.5216600" lon="12.8079500"></trkpt>
      <trkpt lat="42.5216600" lon="12.8079900"></trkpt>
      <trkpt lat="42.5216600" lon="12.8080300"></trkpt>
      <trkpt lat="42.5216700" lon="12.8080800"></trkpt>
      <trkpt lat="42.5216800" lon="12.8081200"></trkpt>
      <trkpt lat="42.5217000" lon="12.8081600"></trkpt>
      <trkpt lat="42.5217000" lon="12.8081800"></trkpt>
      <trkpt lat="42.5217200" lon="12.8082100"></trkpt>
      <trkpt lat="42.5217400" lon="12.8082500"></trkpt>
      <trkpt lat="42.5217800" lon="12.8083100"></trkpt>
      <trkpt lat="42.5218100" lon="12.8083400"></trkpt>
      <trkpt lat="42.5218300" lon="12.8083600"></trkpt>
      <trkpt lat="42.5219200" lon="12.8084500"></trkpt>
      <trkpt lat="42.5219800" lon="12.8085200"></trkpt>
      <trkpt lat="42.5220300" lon="12.8085900"></trkpt>
      <trkpt lat="42.5220600" lon="12.8086400"></trkpt>
      <trkpt lat="42.5220800" lon="12.8087000"></trkpt>
      <trkpt lat="42.5221000" lon="12.8087700"></trkpt>
      <trkpt lat="42.5221200" lon="12.8088300"></trkpt>
      <trkpt lat="42.5221200" lon="12.8088800"></trkpt>
      <trkpt lat="42.5221200" lon="12.8089300"></trkpt>
      <trkpt lat="42.5221200" lon="12.8089900"></trkpt>
      <trkpt lat="42.5221200" lon="12.8090500"></trkpt>
      <trkpt lat="42.5221100" lon="12.8091700"></trkpt>
      <trkpt lat="42.5220900" lon="12.8093500"></trkpt>
      <trkpt lat="42.5220800" lon="12.8093800"></trkpt>
      <trkpt lat="42.5220800" lon="12.8094100"></trkpt>
      <trkpt lat="42.5220700" lon="12.8094600"></trkpt>
      <trkpt lat="42.5220500" lon="12.8096000"></trkpt>
      <trkpt lat="42.5220400" lon="12.8096500"></trkpt>
      <trkpt lat="42.5220400" lon="12.8096600"></trkpt>
      <trkpt lat="42.5220200" lon="12.8097000"></trkpt>
      <trkpt lat="42.5220100" lon="12.8097300"></trkpt>
      <trkpt lat="42.5220000" lon="12.8097700"></trkpt>
      <trkpt lat="42.5219700" lon="12.8098000"></trkpt>
      <trkpt lat="42.5219500" lon="12.8098300"></trkpt>
      <trkpt lat="42.5219300" lon="12.8098400"></trkpt>
      <trkpt lat="42.5219200" lon="12.8098500"></trkpt>
      <trkpt lat="42.5218800" lon="12.8098700"></trkpt>
      <trkpt lat="42.5217900" lon="12.8098900"></trkpt>
      <trkpt lat="42.5217800" lon="12.8098900"></trkpt>
      <trkpt lat="42.5217600" lon="12.8099000"></trkpt>
      <trkpt lat="42.5216200" lon="12.8099000"></trkpt>
      <trkpt lat="42.5213800" lon="12.8099000"></trkpt>
      <trkpt lat="42.5212400" lon="12.8099000"></trkpt>
      <trkpt lat="42.5212200" lon="12.8099000"></trkpt>
      <trkpt lat="42.5210600" lon="12.8098900"></trkpt>
      <trkpt lat="42.5210400" lon="12.8098900"></trkpt>
      <trkpt lat="42.5208800" lon="12.8098700"></trkpt>
      <trkpt lat="42.5208600" lon="12.8098700"></trkpt>
      <trkpt lat="42.5207800" lon="12.8098600"></trkpt>
      <trkpt lat="42.5207300" lon="12.8098600"></trkpt>
      <trkpt lat="42.5207000" lon="12.8098600"></trkpt>
      <trkpt lat="42.5206800" lon="12.8098600"></trkpt>
      <trkpt lat="42.5206700" lon="12.8098600"></trkpt>
      <trkpt lat="42.5206500" lon="12.8098700"></trkpt>
      <trkpt lat="42.5206200" lon="12.8098800"></trkpt>
      <trkpt lat="42.5205900" lon="12.8099000"></trkpt>
      <trkpt lat="42.5205700" lon="12.8099200"></trkpt>
      <trkpt lat="42.5205500" lon="12.8099400"></trkpt>
      <trkpt lat="42.5205400" lon="12.8099600"></trkpt>
      <trkpt lat="42.5205300" lon="12.8099800"></trkpt>
      <trkpt lat="42.5205200" lon="12.8099900"></trkpt>
      <trkpt lat="42.5205100" lon="12.8100200"></trkpt>
      <trkpt lat="42.5204900" lon="12.8100700"></trkpt>
      <trkpt lat="42.5204800" lon="12.8101100"></trkpt>
      <trkpt lat="42.5204700" lon="12.8101600"></trkpt>
      <trkpt lat="42.5204600" lon="12.8102000"></trkpt>
      <trkpt lat="42.5204600" lon="12.8102500"></trkpt>
      <trkpt lat="42.5204600" lon="12.8102800"></trkpt>
      <trkpt lat="42.5204600" lon="12.8103300"></trkpt>
      <trkpt lat="42.5204600" lon="12.8103800"></trkpt>
      <trkpt lat="42.5204700" lon="12.8104100"></trkpt>
      <trkpt lat="42.5204800" lon="12.8104400"></trkpt>
      <trkpt lat="42.5204800" lon="12.8104500"></trkpt>
      <trkpt lat="42.5205100" lon="12.8106000"></trkpt>
      <trkpt lat="42.5205600" lon="12.8107700"></trkpt>
      <trkpt lat="42.5205800" lon="12.8108300"></trkpt>
      <trkpt lat="42.5205900" lon="12.8109000"></trkpt>
      <trkpt lat="42.5206000" lon="12.8109600"></trkpt>
      <trkpt lat="42.5206000" lon="12.8110100"></trkpt>
      <trkpt lat="42.5205900" lon="12.8110700"></trkpt>
      <trkpt lat="42.5205800" lon="12.8111200"></trkpt>
      <trkpt lat="42.5205700" lon="12.8111400"></trkpt>
      <trkpt lat="42.5205500" lon="12.8112000"></trkpt>
      <trkpt lat="42.5204800" lon="12.8113500"></trkpt>
      <trkpt lat="42.5204600" lon="12.8114100"></trkpt>
      <trkpt lat="42.5203800" lon="12.8115400"></trkpt>
      <trkpt lat="42.5203700" lon="12.8115600"></trkpt>
      <trkpt lat="42.5202900" lon="12.8116800"></trkpt>
      <trkpt lat="42.5202500" lon="12.8117300"></trkpt>
      <trkpt lat="42.5201900" lon="12.8118000"></trkpt>
      <trkpt lat="42.5199600" lon="12.8120200"></trkpt>
      <trkpt lat="42.5199500" lon="12.8120300"></trkpt>
      <trkpt lat="42.5199300" lon="12.8120500"></trkpt>
      <trkpt lat="42.5198100" lon="12.8121500"></trkpt>
      <trkpt lat="42.5198000" lon="12.8121700"></trkpt>
      <trkpt lat="42.5197100" lon="12.8122300"></trkpt>
      <trkpt lat="42.5196600" lon="12.8122700"></trkpt>
      <trkpt lat="42.5196200" lon="12.8122900"></trkpt>
      <trkpt lat="42.5195200" lon="12.8123300"></trkpt>
      <trkpt lat="42.5193900" lon="12.8123800"></trkpt>
      <trkpt lat="42.5192600" lon="12.8124100"></trkpt>
      <trkpt lat="42.5191300" lon="12.8124500"></trkpt>
      <trkpt lat="42.5190400" lon="12.8124800"></trkpt>
      <trkpt lat="42.5189800" lon="12.8125200"></trkpt>
      <trkpt lat="42.5189500" lon="12.8125300"></trkpt>
      <trkpt lat="42.5189500" lon="12.8125400"></trkpt>
      <trkpt lat="42.5189200" lon="12.8125600"></trkpt>
      <trkpt lat="42.5188700" lon="12.8126100"></trkpt>
      <trkpt lat="42.5188100" lon="12.8126600"></trkpt>
      <trkpt lat="42.5188000" lon="12.8126800"></trkpt>
      <trkpt lat="42.5187800" lon="12.8127000"></trkpt>
      <trkpt lat="42.5187300" lon="12.8127700"></trkpt>
      <trkpt lat="42.5186700" lon="12.8128400"></trkpt>
      <trkpt lat="42.5185700" lon="12.8130800"></trkpt>
      <trkpt lat="42.5185400" lon="12.8131600"></trkpt>
      <trkpt lat="42.5185200" lon="12.8132300"></trkpt>
      <trkpt lat="42.5185100" lon="12.8132900"></trkpt>
      <trkpt lat="42.5184900" lon="12.8133900"></trkpt>
      <trkpt lat="42.5184800" lon="12.8134900"></trkpt>
      <trkpt lat="42.5184700" lon="12.8136100"></trkpt>
      <trkpt lat="42.5184300" lon="12.8140900"></trkpt>
      <trkpt lat="42.5184200" lon="12.8142500"></trkpt>
      <trkpt lat="42.5184000" lon="12.8144900"></trkpt>
      <trkpt lat="42.5184000" lon="12.8145300"></trkpt>
      <trkpt lat="42.5183900" lon="12.8146700"></trkpt>
      <trkpt lat="42.5183700" lon="12.8151000"></trkpt>
      <trkpt lat="42.5183600" lon="12.8153100"></trkpt>
      <trkpt lat="42.5183600" lon="12.8154600"></trkpt>
      <trkpt lat="42.5183700" lon="12.8154700"></trkpt>
      <trkpt lat="42.5183700" lon="12.8155000"></trkpt>
      <trkpt lat="42.5183700" lon="12.8156100"></trkpt>
      <trkpt lat="42.5183800" lon="12.8157100"></trkpt>
      <trkpt lat="42.5183900" lon="12.8157900"></trkpt>
      <trkpt lat="42.5184100" lon="12.8159500"></trkpt>
      <trkpt lat="42.5184200" lon="12.8159800"></trkpt>
      <trkpt lat="42.5184900" lon="12.8163100"></trkpt>
      <trkpt lat="42.5185800" lon="12.8166800"></trkpt>
      <trkpt lat="42.5186300" lon="12.8169000"></trkpt>
      <trkpt lat="42.5186700" lon="12.8170900"></trkpt>
      <trkpt lat="42.5186800" lon="12.8172600"></trkpt>
      <trkpt lat="42.5186900" lon="12.8173800"></trkpt>
      <trkpt lat="42.5186800" lon="12.8174800"></trkpt>
      <trkpt lat="42.5186700" lon="12.8175700"></trkpt>
      <trkpt lat="42.5186700" lon="12.8175900"></trkpt>
      <trkpt lat="42.5186600" lon="12.8177400"></trkpt>
      <trkpt lat="42.5186400" lon="12.8179700"></trkpt>
      <trkpt lat="42.5186300" lon="12.8181300"></trkpt>
      <trkpt lat="42.5186300" lon="12.8182300"></trkpt>
      <trkpt lat="42.5186300" lon="12.8183700"></trkpt>
      <trkpt lat="42.5186400" lon="12.8184900"></trkpt>
      <trkpt lat="42.5186400" lon="12.8185500"></trkpt>
      <trkpt lat="42.5186500" lon="12.8186000"></trkpt>
      <trkpt lat="42.5186600" lon="12.8186900"></trkpt>
      <trkpt lat="42.5186800" lon="12.8187800"></trkpt>
      <trkpt lat="42.5186800" lon="12.8187900"></trkpt>
      <trkpt lat="42.5187200" lon="12.8189100"></trkpt>
      <trkpt lat="42.5187600" lon="12.8190000"></trkpt>
      <trkpt lat="42.5187600" lon="12.8190200"></trkpt>
      <trkpt lat="42.5187600" lon="12.8190300"></trkpt>
      <trkpt lat="42.5188000" lon="12.8190900"></trkpt>
      <trkpt lat="42.5188400" lon="12.8191500"></trkpt>
      <trkpt lat="42.5189000" lon="12.8192300"></trkpt>
      <trkpt lat="42.5189600" lon="12.8192900"></trkpt>
      <trkpt lat="42.5190600" lon="12.8193600"></trkpt>
      <trkpt lat="42.5192400" lon="12.8194600"></trkpt>
      <trkpt lat="42.5193800" lon="12.8195200"></trkpt>
      <trkpt lat="42.5195200" lon="12.8196000"></trkpt>
      <trkpt lat="42.5196500" lon="12.8196700"></trkpt>
      <trkpt lat="42.5197600" lon="12.8197300"></trkpt>
      <trkpt lat="42.5198400" lon="12.8198000"></trkpt>
      <trkpt lat="42.5198600" lon="12.8198100"></trkpt>
      <trkpt lat="42.5199400" lon="12.8198900"></trkpt>
      <trkpt lat="42.5199900" lon="12.8199400"></trkpt>
      <trkpt lat="42.5200000" lon="12.8199500"></trkpt>
      <trkpt lat="42.5200200" lon="12.8199700"></trkpt>
      <trkpt lat="42.5201100" lon="12.8201000"></trkpt>
      <trkpt lat="42.5201300" lon="12.8201200"></trkpt>
      <trkpt lat="42.5201700" lon="12.8201800"></trkpt>
      <trkpt lat="42.5202500" lon="12.8202900"></trkpt>
      <trkpt lat="42.5202600" lon="12.8203000"></trkpt>
      <trkpt lat="42.5203000" lon="12.8203600"></trkpt>
      <trkpt lat="42.5203300" lon="12.8204200"></trkpt>
      <trkpt lat="42.5203400" lon="12.8204700"></trkpt>
      <trkpt lat="42.5203400" lon="12.8204900"></trkpt>
      <trkpt lat="42.5203400" lon="12.8205100"></trkpt>
      <trkpt lat="42.5203500" lon="12.8205200"></trkpt>
      <trkpt lat="42.5203500" lon="12.8205500"></trkpt>
      <trkpt lat="42.5203400" lon="12.8205800"></trkpt>
      <trkpt lat="42.5203300" lon="12.8206100"></trkpt>
      <trkpt lat="42.5203100" lon="12.8206500"></trkpt>
      <trkpt lat="42.5202900" lon="12.8206800"></trkpt>
      <trkpt lat="42.5202700" lon="12.8206900"></trkpt>
      <trkpt lat="42.5202600" lon="12.8207000"></trkpt>
      <trkpt lat="42.5202100" lon="12.8207000"></trkpt>
      <trkpt lat="42.5201500" lon="12.8207000"></trkpt>
      <trkpt lat="42.5200900" lon="12.8206900"></trkpt>
      <trkpt lat="42.5200700" lon="12.8206800"></trkpt>
      <trkpt lat="42.5199900" lon="12.8206700"></trkpt>
      <trkpt lat="42.5199200" lon="12.8206700"></trkpt>
      <trkpt lat="42.5199100" lon="12.8206700"></trkpt>
      <trkpt lat="42.5199000" lon="12.8206700"></trkpt>
      <trkpt lat="42.5198500" lon="12.8206800"></trkpt>
      <trkpt lat="42.5198000" lon="12.8206900"></trkpt>
      <trkpt lat="42.5197700" lon="12.8207100"></trkpt>
      <trkpt lat="42.5197400" lon="12.8207200"></trkpt>
      <trkpt lat="42.5197300" lon="12.8207300"></trkpt>
      <trkpt lat="42.5197100" lon="12.8207400"></trkpt>
      <trkpt lat="42.5196600" lon="12.8207800"></trkpt>
      <trkpt lat="42.5195900" lon="12.8208500"></trkpt>
      <trkpt lat="42.5195800" lon="12.8208600"></trkpt>
      <trkpt lat="42.5195500" lon="12.8208900"></trkpt>
      <trkpt lat="42.5194600" lon="12.8210200"></trkpt>
      <trkpt lat="42.5193300" lon="12.8211900"></trkpt>
      <trkpt lat="42.5192700" lon="12.8212900"></trkpt>
      <trkpt lat="42.5192100" lon="12.8214000"></trkpt>
      <trkpt lat="42.5191700" lon="12.8215100"></trkpt>
      <trkpt lat="42.5191500" lon="12.8216200"></trkpt>
      <trkpt lat="42.5191400" lon="12.8217300"></trkpt>
      <trkpt lat="42.5191400" lon="12.8218600"></trkpt>
      <trkpt lat="42.5191500" lon="12.8220600"></trkpt>
      <trkpt lat="42.5191500" lon="12.8220900"></trkpt>
      <trkpt lat="42.5191600" lon="12.8222300"></trkpt>
      <trkpt lat="42.5192000" lon="12.8225200"></trkpt>
      <trkpt lat="42.5192100" lon="12.8225700"></trkpt>
      <trkpt lat="42.5192300" lon="12.8226700"></trkpt>
      <trkpt lat="42.5192900" lon="12.8229200"></trkpt>
      <trkpt lat="42.5193400" lon="12.8230200"></trkpt>
      <trkpt lat="42.5194000" lon="12.8231100"></trkpt>
      <trkpt lat="42.5194800" lon="12.8231900"></trkpt>
      <trkpt lat="42.5194800" lon="12.8232000"></trkpt>
      <trkpt lat="42.5194900" lon="12.8232000"></trkpt>
      <trkpt lat="42.5196300" lon="12.8233200"></trkpt>
      <trkpt lat="42.5197800" lon="12.8234400"></trkpt>
      <trkpt lat="42.5199300" lon="12.8235900"></trkpt>
      <trkpt lat="42.5199400" lon="12.8236000"></trkpt>
      <trkpt lat="42.5200000" lon="12.8236900"></trkpt>
      <trkpt lat="42.5200500" lon="12.8237600"></trkpt>
      <trkpt lat="42.5201800" lon="12.8239300"></trkpt>
      <trkpt lat="42.5201900" lon="12.8239400"></trkpt>
      <trkpt lat="42.5203200" lon="12.8240900"></trkpt>
      <trkpt lat="42.5203200" lon="12.8241000"></trkpt>
      <trkpt lat="42.5205000" lon="12.8243300"></trkpt>
      <trkpt lat="42.5205500" lon="12.8243800"></trkpt>
      <trkpt lat="42.5205800" lon="12.8244300"></trkpt>
      <trkpt lat="42.5206100" lon="12.8244800"></trkpt>
      <trkpt lat="42.5206200" lon="12.8245300"></trkpt>
      <trkpt lat="42.5206300" lon="12.8245800"></trkpt>
      <trkpt lat="42.5206300" lon="12.8246300"></trkpt>
      <trkpt lat="42.5206300" lon="12.8246500"></trkpt>
      <trkpt lat="42.5206300" lon="12.8246700"></trkpt>
      <trkpt lat="42.5206300" lon="12.8246800"></trkpt>
      <trkpt lat="42.5206300" lon="12.8247200"></trkpt>
      <trkpt lat="42.5206200" lon="12.8247700"></trkpt>
      <trkpt lat="42.5206100" lon="12.8248400"></trkpt>
      <trkpt lat="42.5206100" lon="12.8248900"></trkpt>
      <trkpt lat="42.5206100" lon="12.8249000"></trkpt>
      <trkpt lat="42.5206100" lon="12.8249600"></trkpt>
      <trkpt lat="42.5206300" lon="12.8250800"></trkpt>
      <trkpt lat="42.5206300" lon="12.8251300"></trkpt>
      <trkpt lat="42.5206400" lon="12.8252000"></trkpt>
      <trkpt lat="42.5206700" lon="12.8253200"></trkpt>
      <trkpt lat="42.5206800" lon="12.8253700"></trkpt>
      <trkpt lat="42.5206900" lon="12.8253900"></trkpt>
      <trkpt lat="42.5207200" lon="12.8254800"></trkpt>
      <trkpt lat="42.5207600" lon="12.8256000"></trkpt>
      <trkpt lat="42.5208100" lon="12.8257700"></trkpt>
      <trkpt lat="42.5208400" lon="12.8259000"></trkpt>
      <trkpt lat="42.5208500" lon="12.8259600"></trkpt>
      <trkpt lat="42.5208600" lon="12.8260200"></trkpt>
      <trkpt lat="42.5208600" lon="12.8260600"></trkpt>
      <trkpt lat="42.5208600" lon="12.8260700"></trkpt>
      <trkpt lat="42.5208600" lon="12.8261100"></trkpt>
      <trkpt lat="42.5208400" lon="12.8261500"></trkpt>
      <trkpt lat="42.5208100" lon="12.8262000"></trkpt>
      <trkpt lat="42.5207800" lon="12.8262300"></trkpt>
      <trkpt lat="42.5207700" lon="12.8262500"></trkpt>
      <trkpt lat="42.5207600" lon="12.8262600"></trkpt>
      <trkpt lat="42.5207400" lon="12.8262700"></trkpt>
      <trkpt lat="42.5206900" lon="12.8263000"></trkpt>
      <trkpt lat="42.5206400" lon="12.8263100"></trkpt>
      <trkpt lat="42.5205900" lon="12.8263200"></trkpt>
      <trkpt lat="42.5205300" lon="12.8263400"></trkpt>
      <trkpt lat="42.5204300" lon="12.8263600"></trkpt>
      <trkpt lat="42.5204200" lon="12.8263700"></trkpt>
      <trkpt lat="42.5203800" lon="12.8263800"></trkpt>
      <trkpt lat="42.5203300" lon="12.8264100"></trkpt>
      <trkpt lat="42.5203100" lon="12.8264300"></trkpt>
      <trkpt lat="42.5202800" lon="12.8264500"></trkpt>
      <trkpt lat="42.5202500" lon="12.8264900"></trkpt>
      <trkpt lat="42.5202300" lon="12.8265400"></trkpt>
      <trkpt lat="42.5202200" lon="12.8265800"></trkpt>
      <trkpt lat="42.5202200" lon="12.8266200"></trkpt>
      <trkpt lat="42.5202200" lon="12.8266800"></trkpt>
      <trkpt lat="42.5202200" lon="12.8267100"></trkpt>
      <trkpt lat="42.5202200" lon="12.8267200"></trkpt>
      <trkpt lat="42.5202200" lon="12.8267400"></trkpt>
      <trkpt lat="42.5202200" lon="12.8268100"></trkpt>
      <trkpt lat="42.5202400" lon="12.8268800"></trkpt>
      <trkpt lat="42.5202600" lon="12.8269400"></trkpt>
      <trkpt lat="42.5203000" lon="12.8270200"></trkpt>
      <trkpt lat="42.5203300" lon="12.8270900"></trkpt>
      <trkpt lat="42.5203700" lon="12.8271300"></trkpt>
      <trkpt lat="42.5204100" lon="12.8271800"></trkpt>
      <trkpt lat="42.5205200" lon="12.8272600"></trkpt>
      <trkpt lat="42.5206800" lon="12.8273800"></trkpt>
      <trkpt lat="42.5208100" lon="12.8274900"></trkpt>
      <trkpt lat="42.5208400" lon="12.8275100"></trkpt>
      <trkpt lat="42.5208500" lon="12.8275200"></trkpt>
      <trkpt lat="42.5208800" lon="12.8275600"></trkpt>
      <trkpt lat="42.5208800" lon="12.8275700"></trkpt>
      <trkpt lat="42.5209000" lon="12.8276100"></trkpt>
      <trkpt lat="42.5209200" lon="12.8276400"></trkpt>
      <trkpt lat="42.5209400" lon="12.8277000"></trkpt>
      <trkpt lat="42.5209400" lon="12.8277300"></trkpt>
      <trkpt lat="42.5209700" lon="12.8278400"></trkpt>
      <trkpt lat="42.5209800" lon="12.8279200"></trkpt>
      <trkpt lat="42.5209900" lon="12.8279600"></trkpt>
      <trkpt lat="42.5210200" lon="12.8281300"></trkpt>
      <trkpt lat="42.5210300" lon="12.8282000"></trkpt>
      <trkpt lat="42.5210300" lon="12.8282100"></trkpt>
      <trkpt lat="42.5210500" lon="12.8283900"></trkpt>
      <trkpt lat="42.5210600" lon="12.8284400"></trkpt>
      <trkpt lat="42.5210700" lon="12.8285200"></trkpt>
      <trkpt lat="42.5210900" lon="12.8286800"></trkpt>
      <trkpt lat="42.5211000" lon="12.8287400"></trkpt>
      <trkpt lat="42.5211600" lon="12.8290800"></trkpt>
      <trkpt lat="42.5211800" lon="12.8291500"></trkpt>
      <trkpt lat="42.5212000" lon="12.8292700"></trkpt>
      <trkpt lat="42.5212200" lon="12.8293800"></trkpt>
      <trkpt lat="42.5212200" lon="12.8293900"></trkpt>
      <trkpt lat="42.5212200" lon="12.8295100"></trkpt>
      <trkpt lat="42.5212100" lon="12.8296600"></trkpt>
      <trkpt lat="42.5212000" lon="12.8298400"></trkpt>
      <trkpt lat="42.5211900" lon="12.8299600"></trkpt>
      <trkpt lat="42.5211700" lon="12.8301100"></trkpt>
      <trkpt lat="42.5211700" lon="12.8301200"></trkpt>
      <trkpt lat="42.5211600" lon="12.8302300"></trkpt>
      <trkpt lat="42.5211400" lon="12.8303500"></trkpt>
      <trkpt lat="42.5211200" lon="12.8304300"></trkpt>
      <trkpt lat="42.5210900" lon="12.8304900"></trkpt>
      <trkpt lat="42.5210700" lon="12.8305300"></trkpt>
      <trkpt lat="42.5210400" lon="12.8305500"></trkpt>
      <trkpt lat="42.5210100" lon="12.8305800"></trkpt>
      <trkpt lat="42.5209600" lon="12.8305900"></trkpt>
      <trkpt lat="42.5209100" lon="12.8305900"></trkpt>
      <trkpt lat="42.5208700" lon="12.8305700"></trkpt>
      <trkpt lat="42.5208400" lon="12.8305500"></trkpt>
      <trkpt lat="42.5208200" lon="12.8305200"></trkpt>
      <trkpt lat="42.5207800" lon="12.8304800"></trkpt>
      <trkpt lat="42.5202300" lon="12.8298300"></trkpt>
      <trkpt lat="42.5202100" lon="12.8298200"></trkpt>
      <trkpt lat="42.5201800" lon="12.8298100"></trkpt>
      <trkpt lat="42.5201400" lon="12.8298200"></trkpt>
      <trkpt lat="42.5201200" lon="12.8298300"></trkpt>
      <trkpt lat="42.5200900" lon="12.8298400"></trkpt>
      <trkpt lat="42.5200700" lon="12.8298600"></trkpt>
      <trkpt lat="42.5200400" lon="12.8298900"></trkpt>
      <trkpt lat="42.5200200" lon="12.8299200"></trkpt>
      <trkpt lat="42.5199900" lon="12.8299700"></trkpt>
      <trkpt lat="42.5199800" lon="12.8300200"></trkpt>
      <trkpt lat="42.5199900" lon="12.8301100"></trkpt>
      <trkpt lat="42.5200000" lon="12.8301400"></trkpt>
      <trkpt lat="42.5201600" lon="12.8306000"></trkpt>
      <trkpt lat="42.5202200" lon="12.8306000"></trkpt>
      <trkpt lat="42.5202400" lon="12.8306100"></trkpt>
      <trkpt lat="42.5202600" lon="12.8306200"></trkpt>
      <trkpt lat="42.5202800" lon="12.8306300"></trkpt>
      <trkpt lat="42.5203500" lon="12.8307000"></trkpt>
      <trkpt lat="42.5206700" lon="12.8311000"></trkpt>
      <trkpt lat="42.5207400" lon="12.8311900"></trkpt>
      <trkpt lat="42.5209000" lon="12.8313900"></trkpt>
      <trkpt lat="42.5211600" lon="12.8317400"></trkpt>
      <trkpt lat="42.5213300" lon="12.8319700"></trkpt>
      <trkpt lat="42.5213800" lon="12.8320900"></trkpt>
      <trkpt lat="42.5214100" lon="12.8321600"></trkpt>
      <trkpt lat="42.5214300" lon="12.8322400"></trkpt>
      <trkpt lat="42.5214600" lon="12.8323700"></trkpt>
      <trkpt lat="42.5214400" lon="12.8328700"></trkpt>
      <trkpt lat="42.5214300" lon="12.8331000"></trkpt>
      <trkpt lat="42.5214200" lon="12.8331700"></trkpt>
      <trkpt lat="42.5214200" lon="12.8331900"></trkpt>
      <trkpt lat="42.5214200" lon="12.8332400"></trkpt>
      <trkpt lat="42.5214300" lon="12.8332900"></trkpt>
      <trkpt lat="42.5214400" lon="12.8333500"></trkpt>
      <trkpt lat="42.5214400" lon="12.8333800"></trkpt>
      <trkpt lat="42.5214600" lon="12.8334100"></trkpt>
      <trkpt lat="42.5214600" lon="12.8334300"></trkpt>
      <trkpt lat="42.5214800" lon="12.8334500"></trkpt>
      <trkpt lat="42.5215000" lon="12.8334900"></trkpt>
      <trkpt lat="42.5215300" lon="12.8335300"></trkpt>
      <trkpt lat="42.5215600" lon="12.8335600"></trkpt>
      <trkpt lat="42.5215900" lon="12.8335900"></trkpt>
      <trkpt lat="42.5216300" lon="12.8336300"></trkpt>
      <trkpt lat="42.5216800" lon="12.8336600"></trkpt>
      <trkpt lat="42.5217300" lon="12.8336800"></trkpt>
      <trkpt lat="42.5217600" lon="12.8336900"></trkpt>
      <trkpt lat="42.5218000" lon="12.8337000"></trkpt>
      <trkpt lat="42.5218400" lon="12.8337100"></trkpt>
      <trkpt lat="42.5218800" lon="12.8337000"></trkpt>
      <trkpt lat="42.5219600" lon="12.8336800"></trkpt>
      <trkpt lat="42.5220600" lon="12.8336400"></trkpt>
      <trkpt lat="42.5221000" lon="12.8336200"></trkpt>
      <trkpt lat="42.5222500" lon="12.8335500"></trkpt>
      <trkpt lat="42.5223500" lon="12.8335100"></trkpt>
      <trkpt lat="42.5223800" lon="12.8335000"></trkpt>
      <trkpt lat="42.5224300" lon="12.8334800"></trkpt>
      <trkpt lat="42.5224400" lon="12.8334800"></trkpt>
      <trkpt lat="42.5225000" lon="12.8334600"></trkpt>
      <trkpt lat="42.5225600" lon="12.8334600"></trkpt>
      <trkpt lat="42.5225900" lon="12.8334500"></trkpt>
      <trkpt lat="42.5226200" lon="12.8334600"></trkpt>
      <trkpt lat="42.5226800" lon="12.8334600"></trkpt>
      <trkpt lat="42.5227400" lon="12.8334600"></trkpt>
      <trkpt lat="42.5227700" lon="12.8334600"></trkpt>
      <trkpt lat="42.5230700" lon="12.8335000"></trkpt>
      <trkpt lat="42.5230900" lon="12.8335000"></trkpt>
      <trkpt lat="42.5231000" lon="12.8335000"></trkpt>
      <trkpt lat="42.5231300" lon="12.8334900"></trkpt>
      <trkpt lat="42.5231500" lon="12.8334800"></trkpt>
      <trkpt lat="42.5231700" lon="12.8334600"></trkpt>
      <trkpt lat="42.5231900" lon="12.8334400"></trkpt>
      <trkpt lat="42.5232300" lon="12.8333800"></trkpt>
      <trkpt lat="42.5233600" lon="12.8331800"></trkpt>
      <trkpt lat="42.5234700" lon="12.8330300"></trkpt>
      <trkpt lat="42.5235500" lon="12.8329200"></trkpt>
      <trkpt lat="42.5236200" lon="12.8328400"></trkpt>
      <trkpt lat="42.5236900" lon="12.8327700"></trkpt>
      <trkpt lat="42.5237000" lon="12.8327700"></trkpt>
      <trkpt lat="42.5237300" lon="12.8327500"></trkpt>
      <trkpt lat="42.5238000" lon="12.8327100"></trkpt>
      <trkpt lat="42.5238700" lon="12.8326900"></trkpt>
      <trkpt lat="42.5239100" lon="12.8326800"></trkpt>
      <trkpt lat="42.5239800" lon="12.8326600"></trkpt>
      <trkpt lat="42.5240300" lon="12.8326600"></trkpt>
      <trkpt lat="42.5240800" lon="12.8326500"></trkpt>
      <trkpt lat="42.5241200" lon="12.8326600"></trkpt>
      <trkpt lat="42.5241900" lon="12.8326900"></trkpt>
      <trkpt lat="42.5242300" lon="12.8327200"></trkpt>
      <trkpt lat="42.5242600" lon="12.8327500"></trkpt>
      <trkpt lat="42.5243700" lon="12.8328500"></trkpt>
      <trkpt lat="42.5244700" lon="12.8329000"></trkpt>
      <trkpt lat="42.5245300" lon="12.8329200"></trkpt>
      <trkpt lat="42.5245700" lon="12.8329300"></trkpt>
      <trkpt lat="42.5246000" lon="12.8329300"></trkpt>
      <trkpt lat="42.5246600" lon="12.8329300"></trkpt>
      <trkpt lat="42.5247100" lon="12.8329100"></trkpt>
      <trkpt lat="42.5249900" lon="12.8328100"></trkpt>
      <trkpt lat="42.5252100" lon="12.8327300"></trkpt>
      <trkpt lat="42.5253300" lon="12.8326800"></trkpt>
      <trkpt lat="42.5253800" lon="12.8326500"></trkpt>
      <trkpt lat="42.5254500" lon="12.8326000"></trkpt>
      <trkpt lat="42.5255100" lon="12.8325500"></trkpt>
      <trkpt lat="42.5255600" lon="12.8325000"></trkpt>
      <trkpt lat="42.5255900" lon="12.8324500"></trkpt>
      <trkpt lat="42.5256900" lon="12.8322700"></trkpt>
      <trkpt lat="42.5257400" lon="12.8322000"></trkpt>
      <trkpt lat="42.5257700" lon="12.8321600"></trkpt>
      <trkpt lat="42.5258000" lon="12.8321300"></trkpt>
      <trkpt lat="42.5258500" lon="12.8321100"></trkpt>
      <trkpt lat="42.5258900" lon="12.8321000"></trkpt>
      <trkpt lat="42.5259200" lon="12.8321000"></trkpt>
      <trkpt lat="42.5259600" lon="12.8321100"></trkpt>
      <trkpt lat="42.5260400" lon="12.8321200"></trkpt>
      <trkpt lat="42.5261200" lon="12.8321500"></trkpt>
      <trkpt lat="42.5262000" lon="12.8322200"></trkpt>
      <trkpt lat="42.5262600" lon="12.8322800"></trkpt>
      <trkpt lat="42.5262900" lon="12.8323100"></trkpt>
      <trkpt lat="42.5263000" lon="12.8323200"></trkpt>
      <trkpt lat="42.5263200" lon="12.8323400"></trkpt>
      <trkpt lat="42.5264200" lon="12.8324500"></trkpt>
      <trkpt lat="42.5264600" lon="12.8325000"></trkpt>
      <trkpt lat="42.5264900" lon="12.8325400"></trkpt>
      <trkpt lat="42.5265000" lon="12.8325600"></trkpt>
      <trkpt lat="42.5265100" lon="12.8325900"></trkpt>
      <trkpt lat="42.5265300" lon="12.8326600"></trkpt>
      <trkpt lat="42.5265300" lon="12.8327100"></trkpt>
      <trkpt lat="42.5265300" lon="12.8327400"></trkpt>
      <trkpt lat="42.5265200" lon="12.8327600"></trkpt>
      <trkpt lat="42.5265200" lon="12.8327900"></trkpt>
      <trkpt lat="42.5265000" lon="12.8328100"></trkpt>
      <trkpt lat="42.5264300" lon="12.8329400"></trkpt>
      <trkpt lat="42.5263500" lon="12.8330600"></trkpt>
      <trkpt lat="42.5262600" lon="12.8331900"></trkpt>
      <trkpt lat="42.5261700" lon="12.8333000"></trkpt>
      <trkpt lat="42.5260400" lon="12.8334400"></trkpt>
      <trkpt lat="42.5259700" lon="12.8335100"></trkpt>
      <trkpt lat="42.5259000" lon="12.8335800"></trkpt>
      <trkpt lat="42.5258500" lon="12.8336300"></trkpt>
      <trkpt lat="42.5257600" lon="12.8337200"></trkpt>
      <trkpt lat="42.5257500" lon="12.8337300"></trkpt>
      <trkpt lat="42.5255900" lon="12.8338300"></trkpt>
      <trkpt lat="42.5255700" lon="12.8338500"></trkpt>
      <trkpt lat="42.5255200" lon="12.8338800"></trkpt>
      <trkpt lat="42.5254700" lon="12.8339200"></trkpt>
      <trkpt lat="42.5254200" lon="12.8339700"></trkpt>
      <trkpt lat="42.5253900" lon="12.8340200"></trkpt>
      <trkpt lat="42.5253600" lon="12.8340600"></trkpt>
      <trkpt lat="42.5253300" lon="12.8341300"></trkpt>
      <trkpt lat="42.5253200" lon="12.8341500"></trkpt>
      <trkpt lat="42.5253100" lon="12.8341900"></trkpt>
      <trkpt lat="42.5252900" lon="12.8342800"></trkpt>
      <trkpt lat="42.5252600" lon="12.8344100"></trkpt>
      <trkpt lat="42.5252500" lon="12.8345300"></trkpt>
      <trkpt lat="42.5252500" lon="12.8346400"></trkpt>
      <trkpt lat="42.5252400" lon="12.8348700"></trkpt>
      <trkpt lat="42.5252400" lon="12.8350400"></trkpt>
      <trkpt lat="42.5252300" lon="12.8352900"></trkpt>
      <trkpt lat="42.5252200" lon="12.8353900"></trkpt>
      <trkpt lat="42.5252000" lon="12.8355000"></trkpt>
      <trkpt lat="42.5251900" lon="12.8355900"></trkpt>
      <trkpt lat="42.5251300" lon="12.8358200"></trkpt>
      <trkpt lat="42.5251000" lon="12.8359400"></trkpt>
      <trkpt lat="42.5250500" lon="12.8361100"></trkpt>
      <trkpt lat="42.5250300" lon="12.8361700"></trkpt>
      <trkpt lat="42.5249700" lon="12.8362700"></trkpt>
      <trkpt lat="42.5248700" lon="12.8363800"></trkpt>
      <trkpt lat="42.5247700" lon="12.8364800"></trkpt>
      <trkpt lat="42.5246700" lon="12.8365800"></trkpt>
      <trkpt lat="42.5245500" lon="12.8367000"></trkpt>
      <trkpt lat="42.5245500" lon="12.8367100"></trkpt>
      <trkpt lat="42.5245200" lon="12.8367200"></trkpt>
      <trkpt lat="42.5244700" lon="12.8367400"></trkpt>
      <trkpt lat="42.5244300" lon="12.8367300"></trkpt>
      <trkpt lat="42.5243900" lon="12.8367200"></trkpt>
      <trkpt lat="42.5243700" lon="12.8367100"></trkpt>
      <trkpt lat="42.5243500" lon="12.8367100"></trkpt>
      <trkpt lat="42.5243000" lon="12.8366800"></trkpt>
      <trkpt lat="42.5242300" lon="12.8366200"></trkpt>
      <trkpt lat="42.5241800" lon="12.8365800"></trkpt>
      <trkpt lat="42.5241300" lon="12.8365400"></trkpt>
      <trkpt lat="42.5240800" lon="12.8365100"></trkpt>
      <trkpt lat="42.5240400" lon="12.8364900"></trkpt>
      <trkpt lat="42.5240000" lon="12.8364800"></trkpt>
      <trkpt lat="42.5239500" lon="12.8364800"></trkpt>
      <trkpt lat="42.5239200" lon="12.8364900"></trkpt>
      <trkpt lat="42.5238800" lon="12.8365200"></trkpt>
      <trkpt lat="42.5238600" lon="12.8365400"></trkpt>
      <trkpt lat="42.5238300" lon="12.8365700"></trkpt>
      <trkpt lat="42.5238100" lon="12.8366100"></trkpt>
      <trkpt lat="42.5237700" lon="12.8367100"></trkpt>
      <trkpt lat="42.5237600" lon="12.8367200"></trkpt>
      <trkpt lat="42.5237600" lon="12.8367300"></trkpt>
      <trkpt lat="42.5237100" lon="12.8368500"></trkpt>
      <trkpt lat="42.5236800" lon="12.8369300"></trkpt>
      <trkpt lat="42.5236400" lon="12.8370000"></trkpt>
      <trkpt lat="42.5235900" lon="12.8370700"></trkpt>
      <trkpt lat="42.5235500" lon="12.8371300"></trkpt>
      <trkpt lat="42.5235400" lon="12.8371300"></trkpt>
      <trkpt lat="42.5234900" lon="12.8371800"></trkpt>
      <trkpt lat="42.5234400" lon="12.8372200"></trkpt>
      <trkpt lat="42.5233800" lon="12.8372500"></trkpt>
      <trkpt lat="42.5232900" lon="12.8372700"></trkpt>
      <trkpt lat="42.5232400" lon="12.8372800"></trkpt>
      <trkpt lat="42.5232300" lon="12.8372800"></trkpt>
      <trkpt lat="42.5230600" lon="12.8372800"></trkpt>
      <trkpt lat="42.5229900" lon="12.8372900"></trkpt>
      <trkpt lat="42.5228900" lon="12.8372900"></trkpt>
      <trkpt lat="42.5228100" lon="12.8373000"></trkpt>
      <trkpt lat="42.5227400" lon="12.8373100"></trkpt>
      <trkpt lat="42.5226800" lon="12.8373400"></trkpt>
      <trkpt lat="42.5226200" lon="12.8373600"></trkpt>
      <trkpt lat="42.5225600" lon="12.8374200"></trkpt>
      <trkpt lat="42.5225200" lon="12.8374900"></trkpt>
      <trkpt lat="42.5224600" lon="12.8376000"></trkpt>
      <trkpt lat="42.5224400" lon="12.8376500"></trkpt>
      <trkpt lat="42.5224300" lon="12.8376800"></trkpt>
      <trkpt lat="42.5224100" lon="12.8377200"></trkpt>
      <trkpt lat="42.5223900" lon="12.8378100"></trkpt>
      <trkpt lat="42.5223600" lon="12.8379300"></trkpt>
      <trkpt lat="42.5223500" lon="12.8379900"></trkpt>
      <trkpt lat="42.5223500" lon="12.8380600"></trkpt>
      <trkpt lat="42.5223400" lon="12.8381400"></trkpt>
      <trkpt lat="42.5223400" lon="12.8382900"></trkpt>
      <trkpt lat="42.5223500" lon="12.8384600"></trkpt>
      <trkpt lat="42.5223700" lon="12.8386000"></trkpt>
      <trkpt lat="42.5223700" lon="12.8386300"></trkpt>
      <trkpt lat="42.5223700" lon="12.8386400"></trkpt>
      <trkpt lat="42.5223700" lon="12.8386900"></trkpt>
      <trkpt lat="42.5223700" lon="12.8387500"></trkpt>
      <trkpt lat="42.5223500" lon="12.8388400"></trkpt>
      <trkpt lat="42.5223500" lon="12.8388600"></trkpt>
      <trkpt lat="42.5223400" lon="12.8389000"></trkpt>
      <trkpt lat="42.5223300" lon="12.8389100"></trkpt>
      <trkpt lat="42.5223000" lon="12.8389700"></trkpt>
      <trkpt lat="42.5222300" lon="12.8390800"></trkpt>
      <trkpt lat="42.5221600" lon="12.8391600"></trkpt>
      <trkpt lat="42.5220900" lon="12.8392800"></trkpt>
      <trkpt lat="42.5220400" lon="12.8393500"></trkpt>
      <trkpt lat="42.5219900" lon="12.8394400"></trkpt>
      <trkpt lat="42.5219500" lon="12.8395500"></trkpt>
      <trkpt lat="42.5219300" lon="12.8395900"></trkpt>
      <trkpt lat="42.5219200" lon="12.8396400"></trkpt>
      <trkpt lat="42.5219100" lon="12.8397200"></trkpt>
      <trkpt lat="42.5219100" lon="12.8398000"></trkpt>
      <trkpt lat="42.5219100" lon="12.8398600"></trkpt>
      <trkpt lat="42.5219100" lon="12.8399300"></trkpt>
      <trkpt lat="42.5219200" lon="12.8400300"></trkpt>
      <trkpt lat="42.5219500" lon="12.8401300"></trkpt>
      <trkpt lat="42.5219800" lon="12.8402600"></trkpt>
      <trkpt lat="42.5217400" lon="12.8402500"></trkpt>
      <trkpt lat="42.5215800" lon="12.8403300"></trkpt>
      <trkpt lat="42.5215400" lon="12.8403500"></trkpt>
      <trkpt lat="42.5214900" lon="12.8403700"></trkpt>
      <trkpt lat="42.5214300" lon="12.8404000"></trkpt>
      <trkpt lat="42.5213800" lon="12.8404000"></trkpt>
      <trkpt lat="42.5213100" lon="12.8404000"></trkpt>
      <trkpt lat="42.5212500" lon="12.8403900"></trkpt>
      <trkpt lat="42.5211800" lon="12.8403700"></trkpt>
      <trkpt lat="42.5211000" lon="12.8403500"></trkpt>
      <trkpt lat="42.5210300" lon="12.8403200"></trkpt>
      <trkpt lat="42.5210000" lon="12.8403000"></trkpt>
      <trkpt lat="42.5209400" lon="12.8402800"></trkpt>
      <trkpt lat="42.5208500" lon="12.8402500"></trkpt>
      <trkpt lat="42.5207600" lon="12.8402200"></trkpt>
      <trkpt lat="42.5207200" lon="12.8402000"></trkpt>
      <trkpt lat="42.5206100" lon="12.8401700"></trkpt>
      <trkpt lat="42.5204800" lon="12.8401300"></trkpt>
      <trkpt lat="42.5204200" lon="12.8400900"></trkpt>
      <trkpt lat="42.5202700" lon="12.8400200"></trkpt>
      <trkpt lat="42.5201500" lon="12.8399800"></trkpt>
      <trkpt lat="42.5201000" lon="12.8399600"></trkpt>
      <trkpt lat="42.5200600" lon="12.8399500"></trkpt>
      <trkpt lat="42.5199900" lon="12.8399600"></trkpt>
      <trkpt lat="42.5199200" lon="12.8399900"></trkpt>
      <trkpt lat="42.5198700" lon="12.8400300"></trkpt>
      <trkpt lat="42.5198300" lon="12.8401000"></trkpt>
      <trkpt lat="42.5198100" lon="12.8401600"></trkpt>
      <trkpt lat="42.5198100" lon="12.8401700"></trkpt>
      <trkpt lat="42.5198000" lon="12.8402400"></trkpt>
      <trkpt lat="42.5198100" lon="12.8403400"></trkpt>
      <trkpt lat="42.5198200" lon="12.8404300"></trkpt>
      <trkpt lat="42.5198500" lon="12.8405600"></trkpt>
      <trkpt lat="42.5198700" lon="12.8406400"></trkpt>
      <trkpt lat="42.5199000" lon="12.8407200"></trkpt>
      <trkpt lat="42.5199200" lon="12.8407800"></trkpt>
      <trkpt lat="42.5199400" lon="12.8408300"></trkpt>
      <trkpt lat="42.5199700" lon="12.8409200"></trkpt>
      <trkpt lat="42.5200100" lon="12.8410500"></trkpt>
      <trkpt lat="42.5200600" lon="12.8412400"></trkpt>
      <trkpt lat="42.5200700" lon="12.8413300"></trkpt>
      <trkpt lat="42.5200800" lon="12.8413900"></trkpt>
      <trkpt lat="42.5200700" lon="12.8414500"></trkpt>
      <trkpt lat="42.5200700" lon="12.8415100"></trkpt>
      <trkpt lat="42.5200600" lon="12.8415600"></trkpt>
      <trkpt lat="42.5200500" lon="12.8416000"></trkpt>
      <trkpt lat="42.5200300" lon="12.8416600"></trkpt>
      <trkpt lat="42.5200000" lon="12.8417000"></trkpt>
      <trkpt lat="42.5199600" lon="12.8417800"></trkpt>
      <trkpt lat="42.5199300" lon="12.8418300"></trkpt>
      <trkpt lat="42.5199000" lon="12.8418600"></trkpt>
      <trkpt lat="42.5198500" lon="12.8419100"></trkpt>
      <trkpt lat="42.5197900" lon="12.8419600"></trkpt>
      <trkpt lat="42.5197500" lon="12.8419800"></trkpt>
      <trkpt lat="42.5197100" lon="12.8420100"></trkpt>
      <trkpt lat="42.5197000" lon="12.8420200"></trkpt>
      <trkpt lat="42.5196900" lon="12.8420200"></trkpt>
      <trkpt lat="42.5196400" lon="12.8420600"></trkpt>
      <trkpt lat="42.5195900" lon="12.8421000"></trkpt>
      <trkpt lat="42.5195500" lon="12.8421500"></trkpt>
      <trkpt lat="42.5195200" lon="12.8421900"></trkpt>
      <trkpt lat="42.5194900" lon="12.8422300"></trkpt>
      <trkpt lat="42.5194700" lon="12.8422700"></trkpt>
      <trkpt lat="42.5194600" lon="12.8423000"></trkpt>
      <trkpt lat="42.5194500" lon="12.8423500"></trkpt>
      <trkpt lat="42.5194300" lon="12.8424300"></trkpt>
      <trkpt lat="42.5194300" lon="12.8425200"></trkpt>
      <trkpt lat="42.5194300" lon="12.8426100"></trkpt>
      <trkpt lat="42.5194400" lon="12.8426900"></trkpt>
      <trkpt lat="42.5194800" lon="12.8428000"></trkpt>
      <trkpt lat="42.5195300" lon="12.8429200"></trkpt>
      <trkpt lat="42.5196000" lon="12.8430800"></trkpt>
      <trkpt lat="42.5196500" lon="12.8432200"></trkpt>
      <trkpt lat="42.5196600" lon="12.8432600"></trkpt>
      <trkpt lat="42.5197000" lon="12.8433600"></trkpt>
      <trkpt lat="42.5197200" lon="12.8434900"></trkpt>
      <trkpt lat="42.5197400" lon="12.8437300"></trkpt>
      <trkpt lat="42.5197500" lon="12.8440200"></trkpt>
      <trkpt lat="42.5197600" lon="12.8442800"></trkpt>
      <trkpt lat="42.5197700" lon="12.8444200"></trkpt>
      <trkpt lat="42.5197700" lon="12.8444300"></trkpt>
      <trkpt lat="42.5197700" lon="12.8444600"></trkpt>
      <trkpt lat="42.5197800" lon="12.8445600"></trkpt>
      <trkpt lat="42.5197700" lon="12.8446500"></trkpt>
      <trkpt lat="42.5197600" lon="12.8451100"></trkpt>
      <trkpt lat="42.5197600" lon="12.8451800"></trkpt>
      <trkpt lat="42.5197600" lon="12.8452400"></trkpt>
      <trkpt lat="42.5197400" lon="12.8461100"></trkpt>
      <trkpt lat="42.5197400" lon="12.8461300"></trkpt>
      <trkpt lat="42.5197300" lon="12.8463300"></trkpt>
      <trkpt lat="42.5197300" lon="12.8463500"></trkpt>
      <trkpt lat="42.5197300" lon="12.8463800"></trkpt>
      <trkpt lat="42.5197300" lon="12.8465400"></trkpt>
      <trkpt lat="42.5197300" lon="12.8465800"></trkpt>
      <trkpt lat="42.5197300" lon="12.8466000"></trkpt>
      <trkpt lat="42.5197300" lon="12.8466200"></trkpt>
      <trkpt lat="42.5197300" lon="12.8468200"></trkpt>
      <trkpt lat="42.5197300" lon="12.8468400"></trkpt>
      <trkpt lat="42.5197300" lon="12.8468700"></trkpt>
      <trkpt lat="42.5197300" lon="12.8469100"></trkpt>
      <trkpt lat="42.5197400" lon="12.8471100"></trkpt>
      <trkpt lat="42.5197300" lon="12.8472400"></trkpt>
      <trkpt lat="42.5197200" lon="12.8474400"></trkpt>
      <trkpt lat="42.5196900" lon="12.8477800"></trkpt>
      <trkpt lat="42.5196900" lon="12.8477900"></trkpt>
      <trkpt lat="42.5196600" lon="12.8480300"></trkpt>
      <trkpt lat="42.5196600" lon="12.8480400"></trkpt>
      <trkpt lat="42.5196600" lon="12.8480900"></trkpt>
      <trkpt lat="42.5196500" lon="12.8482800"></trkpt>
      <trkpt lat="42.5196500" lon="12.8483300"></trkpt>
      <trkpt lat="42.5196500" lon="12.8484000"></trkpt>
      <trkpt lat="42.5196500" lon="12.8484800"></trkpt>
      <trkpt lat="42.5196300" lon="12.8485600"></trkpt>
      <trkpt lat="42.5196200" lon="12.8485700"></trkpt>
      <trkpt lat="42.5196000" lon="12.8486200"></trkpt>
      <trkpt lat="42.5195500" lon="12.8486700"></trkpt>
      <trkpt lat="42.5195000" lon="12.8486900"></trkpt>
      <trkpt lat="42.5194500" lon="12.8486700"></trkpt>
      <trkpt lat="42.5194000" lon="12.8486500"></trkpt>
      <trkpt lat="42.5193700" lon="12.8486100"></trkpt>
      <trkpt lat="42.5193600" lon="12.8485900"></trkpt>
      <trkpt lat="42.5193400" lon="12.8485500"></trkpt>
      <trkpt lat="42.5193300" lon="12.8485000"></trkpt>
      <trkpt lat="42.5193200" lon="12.8484500"></trkpt>
      <trkpt lat="42.5193100" lon="12.8483400"></trkpt>
      <trkpt lat="42.5193100" lon="12.8482500"></trkpt>
      <trkpt lat="42.5193000" lon="12.8481700"></trkpt>
      <trkpt lat="42.5192800" lon="12.8481200"></trkpt>
      <trkpt lat="42.5192800" lon="12.8481000"></trkpt>
      <trkpt lat="42.5192700" lon="12.8480800"></trkpt>
      <trkpt lat="42.5192500" lon="12.8480200"></trkpt>
      <trkpt lat="42.5192300" lon="12.8479700"></trkpt>
      <trkpt lat="42.5191800" lon="12.8479100"></trkpt>
      <trkpt lat="42.5191400" lon="12.8478800"></trkpt>
      <trkpt lat="42.5190800" lon="12.8478600"></trkpt>
      <trkpt lat="42.5190300" lon="12.8478400"></trkpt>
      <trkpt lat="42.5190200" lon="12.8478500"></trkpt>
      <trkpt lat="42.5190000" lon="12.8478500"></trkpt>
      <trkpt lat="42.5189800" lon="12.8478500"></trkpt>
      <trkpt lat="42.5189000" lon="12.8478600"></trkpt>
      <trkpt lat="42.5185800" lon="12.8478900"></trkpt>
      <trkpt lat="42.5180600" lon="12.8479300"></trkpt>
      <trkpt lat="42.5180100" lon="12.8479300"></trkpt>
      <trkpt lat="42.5179400" lon="12.8479300"></trkpt>
      <trkpt lat="42.5179100" lon="12.8479300"></trkpt>
      <trkpt lat="42.5178800" lon="12.8479200"></trkpt>
      <trkpt lat="42.5178500" lon="12.8479100"></trkpt>
      <trkpt lat="42.5178300" lon="12.8479000"></trkpt>
      <trkpt lat="42.5178000" lon="12.8478700"></trkpt>
      <trkpt lat="42.5177700" lon="12.8478400"></trkpt>
      <trkpt lat="42.5177600" lon="12.8478400"></trkpt>
      <trkpt lat="42.5177500" lon="12.8478200"></trkpt>
      <trkpt lat="42.5177500" lon="12.8478100"></trkpt>
      <trkpt lat="42.5177300" lon="12.8477800"></trkpt>
      <trkpt lat="42.5177200" lon="12.8477500"></trkpt>
      <trkpt lat="42.5177100" lon="12.8477200"></trkpt>
      <trkpt lat="42.5177000" lon="12.8476700"></trkpt>
      <trkpt lat="42.5176800" lon="12.8475800"></trkpt>
      <trkpt lat="42.5176800" lon="12.8474100"></trkpt>
      <trkpt lat="42.5176800" lon="12.8471500"></trkpt>
      <trkpt lat="42.5176800" lon="12.8471300"></trkpt>
      <trkpt lat="42.5176800" lon="12.8471100"></trkpt>
      <trkpt lat="42.5176800" lon="12.8470300"></trkpt>
      <trkpt lat="42.5176800" lon="12.8469700"></trkpt>
      <trkpt lat="42.5176700" lon="12.8469200"></trkpt>
      <trkpt lat="42.5176700" lon="12.8469100"></trkpt>
      <trkpt lat="42.5176500" lon="12.8468600"></trkpt>
      <trkpt lat="42.5176300" lon="12.8468000"></trkpt>
      <trkpt lat="42.5176000" lon="12.8467400"></trkpt>
      <trkpt lat="42.5175700" lon="12.8466900"></trkpt>
      <trkpt lat="42.5174500" lon="12.8465100"></trkpt>
      <trkpt lat="42.5171700" lon="12.8462800"></trkpt>
      <trkpt lat="42.5171100" lon="12.8462400"></trkpt>
      <trkpt lat="42.5170700" lon="12.8462200"></trkpt>
      <trkpt lat="42.5170300" lon="12.8462000"></trkpt>
      <trkpt lat="42.5169800" lon="12.8461900"></trkpt>
      <trkpt lat="42.5169600" lon="12.8461800"></trkpt>
      <trkpt lat="42.5168200" lon="12.8461700"></trkpt>
      <trkpt lat="42.5166400" lon="12.8461400"></trkpt>
      <trkpt lat="42.5165300" lon="12.8461100"></trkpt>
      <trkpt lat="42.5164700" lon="12.8461000"></trkpt>
      <trkpt lat="42.5164000" lon="12.8460700"></trkpt>
      <trkpt lat="42.5163500" lon="12.8460500"></trkpt>
      <trkpt lat="42.5163100" lon="12.8460200"></trkpt>
      <trkpt lat="42.5162800" lon="12.8459900"></trkpt>
      <trkpt lat="42.5162400" lon="12.8459500"></trkpt>
      <trkpt lat="42.5162100" lon="12.8459300"></trkpt>
      <trkpt lat="42.5161500" lon="12.8458600"></trkpt>
      <trkpt lat="42.5161100" lon="12.8458100"></trkpt>
      <trkpt lat="42.5160800" lon="12.8457700"></trkpt>
      <trkpt lat="42.5160500" lon="12.8457200"></trkpt>
      <trkpt lat="42.5160100" lon="12.8456700"></trkpt>
      <trkpt lat="42.5159800" lon="12.8456000"></trkpt>
      <trkpt lat="42.5159300" lon="12.8455100"></trkpt>
      <trkpt lat="42.5159200" lon="12.8454600"></trkpt>
      <trkpt lat="42.5159000" lon="12.8454000"></trkpt>
      <trkpt lat="42.5158800" lon="12.8453200"></trkpt>
      <trkpt lat="42.5158600" lon="12.8452400"></trkpt>
      <trkpt lat="42.5158600" lon="12.8452300"></trkpt>
      <trkpt lat="42.5158300" lon="12.8451300"></trkpt>
      <trkpt lat="42.5158100" lon="12.8450500"></trkpt>
      <trkpt lat="42.5157800" lon="12.8449400"></trkpt>
      <trkpt lat="42.5157500" lon="12.8448400"></trkpt>
      <trkpt lat="42.5157300" lon="12.8447800"></trkpt>
      <trkpt lat="42.5156600" lon="12.8446600"></trkpt>
      <trkpt lat="42.5156200" lon="12.8445900"></trkpt>
      <trkpt lat="42.5155700" lon="12.8445300"></trkpt>
      <trkpt lat="42.5155300" lon="12.8444900"></trkpt>
      <trkpt lat="42.5154700" lon="12.8444400"></trkpt>
      <trkpt lat="42.5153300" lon="12.8444100"></trkpt>
      <trkpt lat="42.5153200" lon="12.8444000"></trkpt>
      <trkpt lat="42.5152200" lon="12.8443700"></trkpt>
      <trkpt lat="42.5151100" lon="12.8443000"></trkpt>
      <trkpt lat="42.5149900" lon="12.8442200"></trkpt>
      <trkpt lat="42.5149800" lon="12.8442200"></trkpt>
      <trkpt lat="42.5148400" lon="12.8441200"></trkpt>
      <trkpt lat="42.5146800" lon="12.8439700"></trkpt>
      <trkpt lat="42.5146200" lon="12.8441800"></trkpt>
      <trkpt lat="42.5146100" lon="12.8441900"></trkpt>
      <trkpt lat="42.5146000" lon="12.8442400"></trkpt>
      <trkpt lat="42.5146000" lon="12.8442900"></trkpt>
      <trkpt lat="42.5146000" lon="12.8443300"></trkpt>
      <trkpt lat="42.5146000" lon="12.8443800"></trkpt>
      <trkpt lat="42.5146000" lon="12.8444200"></trkpt>
      <trkpt lat="42.5146100" lon="12.8444300"></trkpt>
      <trkpt lat="42.5146100" lon="12.8444700"></trkpt>
      <trkpt lat="42.5146700" lon="12.8446600"></trkpt>
      <trkpt lat="42.5146800" lon="12.8447000"></trkpt>
      <trkpt lat="42.5147400" lon="12.8448600"></trkpt>
      <trkpt lat="42.5147400" lon="12.8448800"></trkpt>
      <trkpt lat="42.5148300" lon="12.8451500"></trkpt>
      <trkpt lat="42.5148700" lon="12.8453300"></trkpt>
      <trkpt lat="42.5148900" lon="12.8454100"></trkpt>
      <trkpt lat="42.5149300" lon="12.8456500"></trkpt>
      <trkpt lat="42.5150200" lon="12.8461300"></trkpt>
      <trkpt lat="42.5150500" lon="12.8463100"></trkpt>
      <trkpt lat="42.5150700" lon="12.8464000"></trkpt>
      <trkpt lat="42.5150800" lon="12.8464700"></trkpt>
      <trkpt lat="42.5151100" lon="12.8465300"></trkpt>
      <trkpt lat="42.5151300" lon="12.8465800"></trkpt>
      <trkpt lat="42.5151700" lon="12.8466400"></trkpt>
      <trkpt lat="42.5152200" lon="12.8467200"></trkpt>
      <trkpt lat="42.5153900" lon="12.8469500"></trkpt>
      <trkpt lat="42.5156700" lon="12.8472600"></trkpt>
      <trkpt lat="42.5159700" lon="12.8476100"></trkpt>
      <trkpt lat="42.5160800" lon="12.8477200"></trkpt>
      <trkpt lat="42.5160900" lon="12.8477200"></trkpt>
      <trkpt lat="42.5162800" lon="12.8478800"></trkpt>
      <trkpt lat="42.5163300" lon="12.8479400"></trkpt>
      <trkpt lat="42.5163700" lon="12.8480000"></trkpt>
      <trkpt lat="42.5163700" lon="12.8480200"></trkpt>
      <trkpt lat="42.5163900" lon="12.8480700"></trkpt>
      <trkpt lat="42.5164000" lon="12.8481200"></trkpt>
      <trkpt lat="42.5163900" lon="12.8481800"></trkpt>
      <trkpt lat="42.5163800" lon="12.8482400"></trkpt>
      <trkpt lat="42.5163800" lon="12.8482500"></trkpt>
      <trkpt lat="42.5163500" lon="12.8483200"></trkpt>
      <trkpt lat="42.5163000" lon="12.8483900"></trkpt>
      <trkpt lat="42.5162600" lon="12.8484300"></trkpt>
      <trkpt lat="42.5162300" lon="12.8484700"></trkpt>
      <trkpt lat="42.5161200" lon="12.8485900"></trkpt>
      <trkpt lat="42.5160800" lon="12.8486400"></trkpt>
      <trkpt lat="42.5159800" lon="12.8487400"></trkpt>
      <trkpt lat="42.5158500" lon="12.8488700"></trkpt>
      <trkpt lat="42.5157400" lon="12.8489800"></trkpt>
      <trkpt lat="42.5156500" lon="12.8490600"></trkpt>
      <trkpt lat="42.5156000" lon="12.8491200"></trkpt>
      <trkpt lat="42.5155800" lon="12.8491600"></trkpt>
      <trkpt lat="42.5155600" lon="12.8491900"></trkpt>
      <trkpt lat="42.5155500" lon="12.8492000"></trkpt>
      <trkpt lat="42.5155300" lon="12.8492400"></trkpt>
      <trkpt lat="42.5155100" lon="12.8493000"></trkpt>
      <trkpt lat="42.5154900" lon="12.8493600"></trkpt>
      <trkpt lat="42.5154700" lon="12.8494000"></trkpt>
      <trkpt lat="42.5154600" lon="12.8494600"></trkpt>
      <trkpt lat="42.5154200" lon="12.8496100"></trkpt>
      <trkpt lat="42.5153900" lon="12.8497900"></trkpt>
      <trkpt lat="42.5153600" lon="12.8499900"></trkpt>
      <trkpt lat="42.5153500" lon="12.8501100"></trkpt>
      <trkpt lat="42.5153500" lon="12.8501800"></trkpt>
      <trkpt lat="42.5153400" lon="12.8503600"></trkpt>
      <trkpt lat="42.5153300" lon="12.8505200"></trkpt>
      <trkpt lat="42.5153300" lon="12.8506000"></trkpt>
      <trkpt lat="42.5153300" lon="12.8508300"></trkpt>
      <trkpt lat="42.5153300" lon="12.8508400"></trkpt>
      <trkpt lat="42.5153400" lon="12.8510900"></trkpt>
      <trkpt lat="42.5153400" lon="12.8511600"></trkpt>
      <trkpt lat="42.5153400" lon="12.8513100"></trkpt>
      <trkpt lat="42.5153600" lon="12.8514100"></trkpt>
      <trkpt lat="42.5153800" lon="12.8515200"></trkpt>
      <trkpt lat="42.5154000" lon="12.8515700"></trkpt>
      <trkpt lat="42.5154100" lon="12.8516000"></trkpt>
      <trkpt lat="42.5154500" lon="12.8516600"></trkpt>
      <trkpt lat="42.5154900" lon="12.8517100"></trkpt>
      <trkpt lat="42.5155200" lon="12.8517400"></trkpt>
      <trkpt lat="42.5155500" lon="12.8517700"></trkpt>
      <trkpt lat="42.5156300" lon="12.8518200"></trkpt>
      <trkpt lat="42.5156800" lon="12.8518400"></trkpt>
      <trkpt lat="42.5157000" lon="12.8518600"></trkpt>
      <trkpt lat="42.5157800" lon="12.8518700"></trkpt>
      <trkpt lat="42.5158600" lon="12.8518800"></trkpt>
      <trkpt lat="42.5159400" lon="12.8518700"></trkpt>
      <trkpt lat="42.5160300" lon="12.8518500"></trkpt>
      <trkpt lat="42.5160500" lon="12.8518500"></trkpt>
      <trkpt lat="42.5162100" lon="12.8518000"></trkpt>
      <trkpt lat="42.5164300" lon="12.8517400"></trkpt>
      <trkpt lat="42.5165600" lon="12.8516900"></trkpt>
      <trkpt lat="42.5166100" lon="12.8516700"></trkpt>
      <trkpt lat="42.5167000" lon="12.8516400"></trkpt>
      <trkpt lat="42.5167300" lon="12.8516200"></trkpt>
      <trkpt lat="42.5167800" lon="12.8516000"></trkpt>
      <trkpt lat="42.5169000" lon="12.8515300"></trkpt>
      <trkpt lat="42.5170100" lon="12.8514700"></trkpt>
      <trkpt lat="42.5170600" lon="12.8514300"></trkpt>
      <trkpt lat="42.5171200" lon="12.8513800"></trkpt>
      <trkpt lat="42.5172200" lon="12.8513100"></trkpt>
      <trkpt lat="42.5172600" lon="12.8512800"></trkpt>
      <trkpt lat="42.5173700" lon="12.8511800"></trkpt>
      <trkpt lat="42.5174400" lon="12.8511500"></trkpt>
      <trkpt lat="42.5174900" lon="12.8511400"></trkpt>
      <trkpt lat="42.5175200" lon="12.8511400"></trkpt>
      <trkpt lat="42.5175500" lon="12.8511400"></trkpt>
      <trkpt lat="42.5175600" lon="12.8511400"></trkpt>
      <trkpt lat="42.5175900" lon="12.8511600"></trkpt>
      <trkpt lat="42.5176200" lon="12.8511800"></trkpt>
      <trkpt lat="42.5176400" lon="12.8512100"></trkpt>
      <trkpt lat="42.5176600" lon="12.8512400"></trkpt>
      <trkpt lat="42.5176700" lon="12.8512600"></trkpt>
      <trkpt lat="42.5176900" lon="12.8513000"></trkpt>
      <trkpt lat="42.5177000" lon="12.8513400"></trkpt>
      <trkpt lat="42.5177000" lon="12.8513900"></trkpt>
      <trkpt lat="42.5177100" lon="12.8514400"></trkpt>
      <trkpt lat="42.5177000" lon="12.8515300"></trkpt>
      <trkpt lat="42.5176900" lon="12.8515800"></trkpt>
      <trkpt lat="42.5176600" lon="12.8517500"></trkpt>
      <trkpt lat="42.5176100" lon="12.8519900"></trkpt>
      <trkpt lat="42.5176100" lon="12.8520000"></trkpt>
      <trkpt lat="42.5175200" lon="12.8522700"></trkpt>
      <trkpt lat="42.5174200" lon="12.8525200"></trkpt>
      <trkpt lat="42.5173800" lon="12.8526000"></trkpt>
      <trkpt lat="42.5173700" lon="12.8526500"></trkpt>
      <trkpt lat="42.5173500" lon="12.8527000"></trkpt>
      <trkpt lat="42.5173400" lon="12.8527500"></trkpt>
      <trkpt lat="42.5173400" lon="12.8528100"></trkpt>
      <trkpt lat="42.5173300" lon="12.8528600"></trkpt>
      <trkpt lat="42.5173300" lon="12.8528900"></trkpt>
      <trkpt lat="42.5173300" lon="12.8529100"></trkpt>
      <trkpt lat="42.5173400" lon="12.8529500"></trkpt>
      <trkpt lat="42.5173500" lon="12.8530000"></trkpt>
      <trkpt lat="42.5173700" lon="12.8530600"></trkpt>
      <trkpt lat="42.5173900" lon="12.8531200"></trkpt>
      <trkpt lat="42.5174100" lon="12.8531600"></trkpt>
      <trkpt lat="42.5174900" lon="12.8533200"></trkpt>
      <trkpt lat="42.5175200" lon="12.8533700"></trkpt>
      <trkpt lat="42.5176000" lon="12.8535100"></trkpt>
      <trkpt lat="42.5177800" lon="12.8538000"></trkpt>
      <trkpt lat="42.5178300" lon="12.8538900"></trkpt>
      <trkpt lat="42.5179000" lon="12.8539800"></trkpt>
      <trkpt lat="42.5179900" lon="12.8540700"></trkpt>
      <trkpt lat="42.5181500" lon="12.8542100"></trkpt>
      <trkpt lat="42.5182800" lon="12.8543200"></trkpt>
      <trkpt lat="42.5183900" lon="12.8543800"></trkpt>
      <trkpt lat="42.5184900" lon="12.8544200"></trkpt>
      <trkpt lat="42.5186300" lon="12.8544600"></trkpt>
      <trkpt lat="42.5188600" lon="12.8545400"></trkpt>
      <trkpt lat="42.5189000" lon="12.8545600"></trkpt>
      <trkpt lat="42.5189300" lon="12.8545800"></trkpt>
      <trkpt lat="42.5189500" lon="12.8546000"></trkpt>
      <trkpt lat="42.5189700" lon="12.8546200"></trkpt>
      <trkpt lat="42.5189900" lon="12.8546500"></trkpt>
      <trkpt lat="42.5190000" lon="12.8546900"></trkpt>
      <trkpt lat="42.5190100" lon="12.8547200"></trkpt>
      <trkpt lat="42.5190100" lon="12.8547400"></trkpt>
      <trkpt lat="42.5190100" lon="12.8547600"></trkpt>
      <trkpt lat="42.5190100" lon="12.8547800"></trkpt>
      <trkpt lat="42.5190100" lon="12.8548000"></trkpt>
      <trkpt lat="42.5190100" lon="12.8548300"></trkpt>
      <trkpt lat="42.5190000" lon="12.8548600"></trkpt>
      <trkpt lat="42.5189900" lon="12.8549000"></trkpt>
      <trkpt lat="42.5189700" lon="12.8549400"></trkpt>
      <trkpt lat="42.5189500" lon="12.8549700"></trkpt>
      <trkpt lat="42.5189300" lon="12.8550000"></trkpt>
      <trkpt lat="42.5189100" lon="12.8550200"></trkpt>
      <trkpt lat="42.5188900" lon="12.8550400"></trkpt>
      <trkpt lat="42.5188700" lon="12.8550500"></trkpt>
      <trkpt lat="42.5188500" lon="12.8550700"></trkpt>
      <trkpt lat="42.5188400" lon="12.8550700"></trkpt>
      <trkpt lat="42.5188300" lon="12.8550700"></trkpt>
      <trkpt lat="42.5186300" lon="12.8551200"></trkpt>
      <trkpt lat="42.5185700" lon="12.8551400"></trkpt>
      <trkpt lat="42.5184600" lon="12.8552000"></trkpt>
      <trkpt lat="42.5183000" lon="12.8553000"></trkpt>
      <trkpt lat="42.5182200" lon="12.8553500"></trkpt>
      <trkpt lat="42.5180400" lon="12.8554400"></trkpt>
      <trkpt lat="42.5179700" lon="12.8554600"></trkpt>
      <trkpt lat="42.5179000" lon="12.8554600"></trkpt>
      <trkpt lat="42.5178300" lon="12.8554400"></trkpt>
      <trkpt lat="42.5177800" lon="12.8554200"></trkpt>
      <trkpt lat="42.5177100" lon="12.8553700"></trkpt>
      <trkpt lat="42.5176200" lon="12.8552700"></trkpt>
      <trkpt lat="42.5174900" lon="12.8551000"></trkpt>
      <trkpt lat="42.5174200" lon="12.8550100"></trkpt>
      <trkpt lat="42.5172500" lon="12.8547800"></trkpt>
      <trkpt lat="42.5170600" lon="12.8545600"></trkpt>
      <trkpt lat="42.5169900" lon="12.8544900"></trkpt>
      <trkpt lat="42.5169300" lon="12.8544400"></trkpt>
      <trkpt lat="42.5168900" lon="12.8544100"></trkpt>
      <trkpt lat="42.5168500" lon="12.8543900"></trkpt>
      <trkpt lat="42.5168400" lon="12.8543800"></trkpt>
      <trkpt lat="42.5168000" lon="12.8543700"></trkpt>
      <trkpt lat="42.5167600" lon="12.8543500"></trkpt>
      <trkpt lat="42.5167100" lon="12.8543400"></trkpt>
      <trkpt lat="42.5166800" lon="12.8543400"></trkpt>
      <trkpt lat="42.5166300" lon="12.8543500"></trkpt>
      <trkpt lat="42.5165500" lon="12.8543500"></trkpt>
      <trkpt lat="42.5164200" lon="12.8543700"></trkpt>
      <trkpt lat="42.5162700" lon="12.8543900"></trkpt>
      <trkpt lat="42.5161100" lon="12.8544200"></trkpt>
      <trkpt lat="42.5160000" lon="12.8544400"></trkpt>
      <trkpt lat="42.5159300" lon="12.8544700"></trkpt>
      <trkpt lat="42.5158100" lon="12.8545200"></trkpt>
      <trkpt lat="42.5157900" lon="12.8545300"></trkpt>
      <trkpt lat="42.5157200" lon="12.8545800"></trkpt>
      <trkpt lat="42.5156300" lon="12.8546400"></trkpt>
      <trkpt lat="42.5156000" lon="12.8546600"></trkpt>
      <trkpt lat="42.5154800" lon="12.8547500"></trkpt>
      <trkpt lat="42.5154700" lon="12.8547500"></trkpt>
      <trkpt lat="42.5153700" lon="12.8548200"></trkpt>
      <trkpt lat="42.5152600" lon="12.8548800"></trkpt>
      <trkpt lat="42.5152100" lon="12.8549000"></trkpt>
      <trkpt lat="42.5151500" lon="12.8549300"></trkpt>
      <trkpt lat="42.5150900" lon="12.8549700"></trkpt>
      <trkpt lat="42.5150400" lon="12.8550300"></trkpt>
      <trkpt lat="42.5150000" lon="12.8550700"></trkpt>
      <trkpt lat="42.5150000" lon="12.8550800"></trkpt>
      <trkpt lat="42.5149800" lon="12.8551000"></trkpt>
      <trkpt lat="42.5149200" lon="12.8551800"></trkpt>
      <trkpt lat="42.5149200" lon="12.8551900"></trkpt>
      <trkpt lat="42.5149100" lon="12.8552000"></trkpt>
      <trkpt lat="42.5148900" lon="12.8552100"></trkpt>
      <trkpt lat="42.5148800" lon="12.8552100"></trkpt>
      <trkpt lat="42.5148600" lon="12.8552200"></trkpt>
      <trkpt lat="42.5148500" lon="12.8552200"></trkpt>
      <trkpt lat="42.5148200" lon="12.8552100"></trkpt>
      <trkpt lat="42.5148100" lon="12.8552100"></trkpt>
      <trkpt lat="42.5148000" lon="12.8552100"></trkpt>
      <trkpt lat="42.5147900" lon="12.8552000"></trkpt>
      <trkpt lat="42.5147900" lon="12.8551900"></trkpt>
      <trkpt lat="42.5147800" lon="12.8551900"></trkpt>
      <trkpt lat="42.5147800" lon="12.8551800"></trkpt>
      <trkpt lat="42.5147600" lon="12.8551400"></trkpt>
      <trkpt lat="42.5147300" lon="12.8551700"></trkpt>
      <trkpt lat="42.5147100" lon="12.8552000"></trkpt>
      <trkpt lat="42.5146900" lon="12.8552200"></trkpt>
      <trkpt lat="42.5146600" lon="12.8552500"></trkpt>
      <trkpt lat="42.5146300" lon="12.8553300"></trkpt>
      <trkpt lat="42.5146100" lon="12.8553700"></trkpt>
      <trkpt lat="42.5145900" lon="12.8554400"></trkpt>
      <trkpt lat="42.5145800" lon="12.8554500"></trkpt>
      <trkpt lat="42.5145800" lon="12.8554700"></trkpt>
      <trkpt lat="42.5145800" lon="12.8554800"></trkpt>
      <trkpt lat="42.5145800" lon="12.8555000"></trkpt>
      <trkpt lat="42.5145800" lon="12.8555100"></trkpt>
      <trkpt lat="42.5145900" lon="12.8555300"></trkpt>
      <trkpt lat="42.5146000" lon="12.8555500"></trkpt>
      <trkpt lat="42.5146000" lon="12.8555600"></trkpt>
      <trkpt lat="42.5146100" lon="12.8555700"></trkpt>
      <trkpt lat="42.5146300" lon="12.8555800"></trkpt>
      <trkpt lat="42.5146700" lon="12.8556000"></trkpt>
      <trkpt lat="42.5147400" lon="12.8556200"></trkpt>
      <trkpt lat="42.5147500" lon="12.8556200"></trkpt>
      <trkpt lat="42.5147900" lon="12.8556300"></trkpt>
      <trkpt lat="42.5149100" lon="12.8557000"></trkpt>
      <trkpt lat="42.5150300" lon="12.8557600"></trkpt>
      <trkpt lat="42.5150700" lon="12.8557800"></trkpt>
      <trkpt lat="42.5151000" lon="12.8557800"></trkpt>
      <trkpt lat="42.5151300" lon="12.8557700"></trkpt>
      <trkpt lat="42.5151600" lon="12.8557600"></trkpt>
      <trkpt lat="42.5152200" lon="12.8557300"></trkpt>
      <trkpt lat="42.5153000" lon="12.8556800"></trkpt>
      <trkpt lat="42.5153500" lon="12.8556600"></trkpt>
      <trkpt lat="42.5154600" lon="12.8555900"></trkpt>
      <trkpt lat="42.5154900" lon="12.8555700"></trkpt>
      <trkpt lat="42.5155500" lon="12.8555400"></trkpt>
      <trkpt lat="42.5155900" lon="12.8555300"></trkpt>
      <trkpt lat="42.5156200" lon="12.8555200"></trkpt>
      <trkpt lat="42.5156700" lon="12.8555100"></trkpt>
      <trkpt lat="42.5157000" lon="12.8555000"></trkpt>
      <trkpt lat="42.5157400" lon="12.8554900"></trkpt>
      <trkpt lat="42.5157900" lon="12.8554500"></trkpt>
      <trkpt lat="42.5158100" lon="12.8554300"></trkpt>
      <trkpt lat="42.5158300" lon="12.8554100"></trkpt>
      <trkpt lat="42.5158700" lon="12.8553500"></trkpt>
      <trkpt lat="42.5159300" lon="12.8552400"></trkpt>
      <trkpt lat="42.5159400" lon="12.8552100"></trkpt>
      <trkpt lat="42.5159500" lon="12.8551900"></trkpt>
      <trkpt lat="42.5159600" lon="12.8551800"></trkpt>
      <trkpt lat="42.5159900" lon="12.8551400"></trkpt>
      <trkpt lat="42.5160100" lon="12.8551300"></trkpt>
      <trkpt lat="42.5161000" lon="12.8551400"></trkpt>
      <trkpt lat="42.5161700" lon="12.8551400"></trkpt>
      <trkpt lat="42.5162300" lon="12.8551500"></trkpt>
      <trkpt lat="42.5162800" lon="12.8551600"></trkpt>
      <trkpt lat="42.5163200" lon="12.8551800"></trkpt>
      <trkpt lat="42.5163600" lon="12.8552100"></trkpt>
      <trkpt lat="42.5163900" lon="12.8552700"></trkpt>
      <trkpt lat="42.5164200" lon="12.8553100"></trkpt>
      <trkpt lat="42.5164400" lon="12.8553500"></trkpt>
      <trkpt lat="42.5165000" lon="12.8554100"></trkpt>
      <trkpt lat="42.5165600" lon="12.8554700"></trkpt>
      <trkpt lat="42.5166000" lon="12.8555100"></trkpt>
      <trkpt lat="42.5166600" lon="12.8555900"></trkpt>
      <trkpt lat="42.5166900" lon="12.8556200"></trkpt>
      <trkpt lat="42.5167400" lon="12.8556700"></trkpt>
      <trkpt lat="42.5168300" lon="12.8557800"></trkpt>
      <trkpt lat="42.5168400" lon="12.8557900"></trkpt>
      <trkpt lat="42.5168700" lon="12.8558400"></trkpt>
      <trkpt lat="42.5169200" lon="12.8559100"></trkpt>
      <trkpt lat="42.5169400" lon="12.8559700"></trkpt>
      <trkpt lat="42.5169700" lon="12.8560400"></trkpt>
      <trkpt lat="42.5170300" lon="12.8561800"></trkpt>
      <trkpt lat="42.5170500" lon="12.8562200"></trkpt>
      <trkpt lat="42.5171000" lon="12.8563100"></trkpt>
      <trkpt lat="42.5171300" lon="12.8563900"></trkpt>
      <trkpt lat="42.5171400" lon="12.8564200"></trkpt>
      <trkpt lat="42.5172000" lon="12.8566100"></trkpt>
      <trkpt lat="42.5172000" lon="12.8566200"></trkpt>
      <trkpt lat="42.5172200" lon="12.8566700"></trkpt>
      <trkpt lat="42.5172400" lon="12.8567400"></trkpt>
      <trkpt lat="42.5172500" lon="12.8568400"></trkpt>
      <trkpt lat="42.5172500" lon="12.8568500"></trkpt>
      <trkpt lat="42.5172500" lon="12.8569100"></trkpt>
      <trkpt lat="42.5172500" lon="12.8569800"></trkpt>
      <trkpt lat="42.5172500" lon="12.8570300"></trkpt>
      <trkpt lat="42.5172400" lon="12.8570600"></trkpt>
      <trkpt lat="42.5172300" lon="12.8570900"></trkpt>
      <trkpt lat="42.5172200" lon="12.8571200"></trkpt>
      <trkpt lat="42.5172000" lon="12.8571900"></trkpt>
      <trkpt lat="42.5171800" lon="12.8572400"></trkpt>
      <trkpt lat="42.5171600" lon="12.8573100"></trkpt>
      <trkpt lat="42.5171500" lon="12.8573600"></trkpt>
      <trkpt lat="42.5171500" lon="12.8573700"></trkpt>
      <trkpt lat="42.5171300" lon="12.8574500"></trkpt>
      <trkpt lat="42.5171200" lon="12.8575400"></trkpt>
      <trkpt lat="42.5171200" lon="12.8576000"></trkpt>
      <trkpt lat="42.5171100" lon="12.8576500"></trkpt>
      <trkpt lat="42.5171100" lon="12.8577400"></trkpt>
      <trkpt lat="42.5171100" lon="12.8578100"></trkpt>
      <trkpt lat="42.5171100" lon="12.8578500"></trkpt>
      <trkpt lat="42.5171000" lon="12.8579800"></trkpt>
      <trkpt lat="42.5171000" lon="12.8580400"></trkpt>
      <trkpt lat="42.5171100" lon="12.8580900"></trkpt>
      <trkpt lat="42.5171100" lon="12.8583200"></trkpt>
      <trkpt lat="42.5171200" lon="12.8584300"></trkpt>
      <trkpt lat="42.5171300" lon="12.8585500"></trkpt>
      <trkpt lat="42.5171700" lon="12.8588500"></trkpt>
      <trkpt lat="42.5171900" lon="12.8589700"></trkpt>
      <trkpt lat="42.5172000" lon="12.8591400"></trkpt>
      <trkpt lat="42.5172000" lon="12.8591900"></trkpt>
      <trkpt lat="42.5172000" lon="12.8592200"></trkpt>
      <trkpt lat="42.5172000" lon="12.8592700"></trkpt>
      <trkpt lat="42.5172000" lon="12.8593000"></trkpt>
      <trkpt lat="42.5172000" lon="12.8593200"></trkpt>
      <trkpt lat="42.5171900" lon="12.8593600"></trkpt>
      <trkpt lat="42.5171800" lon="12.8593900"></trkpt>
      <trkpt lat="42.5171700" lon="12.8594200"></trkpt>
      <trkpt lat="42.5171600" lon="12.8594300"></trkpt>
      <trkpt lat="42.5171500" lon="12.8594500"></trkpt>
      <trkpt lat="42.5171300" lon="12.8594700"></trkpt>
      <trkpt lat="42.5170900" lon="12.8594900"></trkpt>
      <trkpt lat="42.5170500" lon="12.8595200"></trkpt>
      <trkpt lat="42.5170000" lon="12.8595300"></trkpt>
      <trkpt lat="42.5169600" lon="12.8595400"></trkpt>
      <trkpt lat="42.5169500" lon="12.8595300"></trkpt>
      <trkpt lat="42.5169300" lon="12.8595200"></trkpt>
      <trkpt lat="42.5169000" lon="12.8594900"></trkpt>
      <trkpt lat="42.5168600" lon="12.8594500"></trkpt>
      <trkpt lat="42.5168500" lon="12.8594300"></trkpt>
      <trkpt lat="42.5168200" lon="12.8593900"></trkpt>
      <trkpt lat="42.5167800" lon="12.8593400"></trkpt>
      <trkpt lat="42.5167400" lon="12.8592700"></trkpt>
      <trkpt lat="42.5167300" lon="12.8592500"></trkpt>
      <trkpt lat="42.5167000" lon="12.8592100"></trkpt>
      <trkpt lat="42.5166700" lon="12.8591400"></trkpt>
      <trkpt lat="42.5166400" lon="12.8590700"></trkpt>
      <trkpt lat="42.5166300" lon="12.8590500"></trkpt>
      <trkpt lat="42.5165900" lon="12.8589300"></trkpt>
      <trkpt lat="42.5165500" lon="12.8588300"></trkpt>
      <trkpt lat="42.5165000" lon="12.8586800"></trkpt>
      <trkpt lat="42.5164800" lon="12.8586100"></trkpt>
      <trkpt lat="42.5164500" lon="12.8585200"></trkpt>
      <trkpt lat="42.5164200" lon="12.8584300"></trkpt>
      <trkpt lat="42.5164100" lon="12.8583800"></trkpt>
      <trkpt lat="42.5163900" lon="12.8583400"></trkpt>
      <trkpt lat="42.5163600" lon="12.8582200"></trkpt>
      <trkpt lat="42.5163500" lon="12.8581500"></trkpt>
      <trkpt lat="42.5163100" lon="12.8579900"></trkpt>
      <trkpt lat="42.5162900" lon="12.8578800"></trkpt>
      <trkpt lat="42.5162600" lon="12.8576900"></trkpt>
      <trkpt lat="42.5162600" lon="12.8576800"></trkpt>
      <trkpt lat="42.5162400" lon="12.8575500"></trkpt>
      <trkpt lat="42.5162200" lon="12.8574800"></trkpt>
      <trkpt lat="42.5162100" lon="12.8574500"></trkpt>
      <trkpt lat="42.5162000" lon="12.8574200"></trkpt>
      <trkpt lat="42.5161700" lon="12.8573600"></trkpt>
      <trkpt lat="42.5161500" lon="12.8573400"></trkpt>
      <trkpt lat="42.5161300" lon="12.8573200"></trkpt>
      <trkpt lat="42.5161000" lon="12.8573200"></trkpt>
      <trkpt lat="42.5160800" lon="12.8573200"></trkpt>
      <trkpt lat="42.5160700" lon="12.8573200"></trkpt>
      <trkpt lat="42.5160200" lon="12.8573400"></trkpt>
      <trkpt lat="42.5159200" lon="12.8574300"></trkpt>
      <trkpt lat="42.5158300" lon="12.8575000"></trkpt>
      <trkpt lat="42.5157200" lon="12.8575900"></trkpt>
      <trkpt lat="42.5156000" lon="12.8576700"></trkpt>
      <trkpt lat="42.5155900" lon="12.8576800"></trkpt>
      <trkpt lat="42.5154800" lon="12.8577700"></trkpt>
      <trkpt lat="42.5154500" lon="12.8577900"></trkpt>
      <trkpt lat="42.5153000" lon="12.8579300"></trkpt>
      <trkpt lat="42.5151500" lon="12.8580600"></trkpt>
      <trkpt lat="42.5150600" lon="12.8581300"></trkpt>
      <trkpt lat="42.5149900" lon="12.8581800"></trkpt>
      <trkpt lat="42.5148800" lon="12.8582600"></trkpt>
      <trkpt lat="42.5148300" lon="12.8582800"></trkpt>
      <trkpt lat="42.5147700" lon="12.8583000"></trkpt>
      <trkpt lat="42.5146500" lon="12.8583100"></trkpt>
      <trkpt lat="42.5144700" lon="12.8583100"></trkpt>
      <trkpt lat="42.5143400" lon="12.8582900"></trkpt>
      <trkpt lat="42.5142900" lon="12.8582800"></trkpt>
      <trkpt lat="42.5141100" lon="12.8582500"></trkpt>
      <trkpt lat="42.5140700" lon="12.8582500"></trkpt>
      <trkpt lat="42.5139300" lon="12.8582300"></trkpt>
      <trkpt lat="42.5139200" lon="12.8582200"></trkpt>
      <trkpt lat="42.5138000" lon="12.8582200"></trkpt>
      <trkpt lat="42.5137500" lon="12.8582300"></trkpt>
      <trkpt lat="42.5137100" lon="12.8582500"></trkpt>
      <trkpt lat="42.5136600" lon="12.8582800"></trkpt>
      <trkpt lat="42.5136300" lon="12.8583200"></trkpt>
      <trkpt lat="42.5136000" lon="12.8583500"></trkpt>
      <trkpt lat="42.5135700" lon="12.8583800"></trkpt>
      <trkpt lat="42.5135000" lon="12.8584900"></trkpt>
      <trkpt lat="42.5134800" lon="12.8585300"></trkpt>
      <trkpt lat="42.5134600" lon="12.8585700"></trkpt>
      <trkpt lat="42.5134200" lon="12.8586500"></trkpt>
      <trkpt lat="42.5133700" lon="12.8587900"></trkpt>
      <trkpt lat="42.5133200" lon="12.8589200"></trkpt>
      <trkpt lat="42.5132300" lon="12.8591300"></trkpt>
      <trkpt lat="42.5131600" lon="12.8593400"></trkpt>
      <trkpt lat="42.5130700" lon="12.8595900"></trkpt>
      <trkpt lat="42.5130700" lon="12.8596100"></trkpt>
      <trkpt lat="42.5130200" lon="12.8597500"></trkpt>
      <trkpt lat="42.5129900" lon="12.8598300"></trkpt>
      <trkpt lat="42.5129800" lon="12.8598700"></trkpt>
      <trkpt lat="42.5129200" lon="12.8600600"></trkpt>
      <trkpt lat="42.5128900" lon="12.8601900"></trkpt>
      <trkpt lat="42.5128500" lon="12.8603200"></trkpt>
      <trkpt lat="42.5128300" lon="12.8604400"></trkpt>
      <trkpt lat="42.5128000" lon="12.8605500"></trkpt>
      <trkpt lat="42.5127700" lon="12.8606800"></trkpt>
      <trkpt lat="42.5127300" lon="12.8608400"></trkpt>
      <trkpt lat="42.5126600" lon="12.8609600"></trkpt>
      <trkpt lat="42.5126600" lon="12.8609800"></trkpt>
      <trkpt lat="42.5125900" lon="12.8611000"></trkpt>
      <trkpt lat="42.5125500" lon="12.8611600"></trkpt>
      <trkpt lat="42.5125000" lon="12.8612500"></trkpt>
      <trkpt lat="42.5124400" lon="12.8613400"></trkpt>
      <trkpt lat="42.5123900" lon="12.8614000"></trkpt>
      <trkpt lat="42.5122600" lon="12.8616100"></trkpt>
      <trkpt lat="42.5121700" lon="12.8617300"></trkpt>
      <trkpt lat="42.5120400" lon="12.8619300"></trkpt>
      <trkpt lat="42.5119500" lon="12.8620600"></trkpt>
      <trkpt lat="42.5119400" lon="12.8620800"></trkpt>
      <trkpt lat="42.5118300" lon="12.8622400"></trkpt>
      <trkpt lat="42.5117600" lon="12.8623500"></trkpt>
      <trkpt lat="42.5117100" lon="12.8624200"></trkpt>
      <trkpt lat="42.5116400" lon="12.8625100"></trkpt>
      <trkpt lat="42.5115800" lon="12.8626000"></trkpt>
      <trkpt lat="42.5115200" lon="12.8627000"></trkpt>
      <trkpt lat="42.5114900" lon="12.8627600"></trkpt>
      <trkpt lat="42.5114600" lon="12.8628400"></trkpt>
      <trkpt lat="42.5114200" lon="12.8629600"></trkpt>
      <trkpt lat="42.5113600" lon="12.8631300"></trkpt>
      <trkpt lat="42.5113200" lon="12.8632400"></trkpt>
      <trkpt lat="42.5113200" lon="12.8632500"></trkpt>
      <trkpt lat="42.5112700" lon="12.8633800"></trkpt>
      <trkpt lat="42.5112500" lon="12.8634600"></trkpt>
      <trkpt lat="42.5112000" lon="12.8635800"></trkpt>
      <trkpt lat="42.5111600" lon="12.8636700"></trkpt>
      <trkpt lat="42.5111500" lon="12.8637000"></trkpt>
      <trkpt lat="42.5110900" lon="12.8638200"></trkpt>
      <trkpt lat="42.5110700" lon="12.8638800"></trkpt>
      <trkpt lat="42.5110500" lon="12.8639200"></trkpt>
      <trkpt lat="42.5110100" lon="12.8640100"></trkpt>
      <trkpt lat="42.5109700" lon="12.8640900"></trkpt>
      <trkpt lat="42.5109700" lon="12.8641100"></trkpt>
      <trkpt lat="42.5109300" lon="12.8642000"></trkpt>
      <trkpt lat="42.5109000" lon="12.8642700"></trkpt>
      <trkpt lat="42.5108900" lon="12.8643000"></trkpt>
      <trkpt lat="42.5108700" lon="12.8643600"></trkpt>
      <trkpt lat="42.5108400" lon="12.8644400"></trkpt>
      <trkpt lat="42.5108300" lon="12.8645100"></trkpt>
      <trkpt lat="42.5108200" lon="12.8645300"></trkpt>
      <trkpt lat="42.5108000" lon="12.8646200"></trkpt>
      <trkpt lat="42.5107800" lon="12.8647600"></trkpt>
      <trkpt lat="42.5107800" lon="12.8647700"></trkpt>
      <trkpt lat="42.5107600" lon="12.8649300"></trkpt>
      <trkpt lat="42.5107500" lon="12.8650100"></trkpt>
      <trkpt lat="42.5107400" lon="12.8651100"></trkpt>
      <trkpt lat="42.5107300" lon="12.8652000"></trkpt>
      <trkpt lat="42.5107200" lon="12.8652500"></trkpt>
      <trkpt lat="42.5107200" lon="12.8653200"></trkpt>
      <trkpt lat="42.5107100" lon="12.8654300"></trkpt>
      <trkpt lat="42.5107000" lon="12.8654900"></trkpt>
      <trkpt lat="42.5107000" lon="12.8655500"></trkpt>
      <trkpt lat="42.5106800" lon="12.8657100"></trkpt>
      <trkpt lat="42.5106800" lon="12.8657300"></trkpt>
      <trkpt lat="42.5106700" lon="12.8658100"></trkpt>
      <trkpt lat="42.5106500" lon="12.8658900"></trkpt>
      <trkpt lat="42.5106300" lon="12.8659700"></trkpt>
      <trkpt lat="42.5106000" lon="12.8660500"></trkpt>
      <trkpt lat="42.5105700" lon="12.8661400"></trkpt>
      <trkpt lat="42.5105500" lon="12.8661900"></trkpt>
      <trkpt lat="42.5105200" lon="12.8662800"></trkpt>
      <trkpt lat="42.5104700" lon="12.8664000"></trkpt>
      <trkpt lat="42.5104500" lon="12.8664300"></trkpt>
      <trkpt lat="42.5103700" lon="12.8666100"></trkpt>
      <trkpt lat="42.5103500" lon="12.8666600"></trkpt>
      <trkpt lat="42.5102800" lon="12.8668100"></trkpt>
      <trkpt lat="42.5102700" lon="12.8668200"></trkpt>
      <trkpt lat="42.5101900" lon="12.8669500"></trkpt>
      <trkpt lat="42.5101500" lon="12.8669900"></trkpt>
      <trkpt lat="42.5100900" lon="12.8670800"></trkpt>
      <trkpt lat="42.5100600" lon="12.8671100"></trkpt>
      <trkpt lat="42.5100300" lon="12.8671400"></trkpt>
      <trkpt lat="42.5100200" lon="12.8671500"></trkpt>
      <trkpt lat="42.5100100" lon="12.8671600"></trkpt>
      <trkpt lat="42.5099600" lon="12.8671800"></trkpt>
      <trkpt lat="42.5099000" lon="12.8672000"></trkpt>
      <trkpt lat="42.5098400" lon="12.8672100"></trkpt>
      <trkpt lat="42.5098400" lon="12.8672200"></trkpt>
      <trkpt lat="42.5097900" lon="12.8672200"></trkpt>
      <trkpt lat="42.5097400" lon="12.8672100"></trkpt>
      <trkpt lat="42.5096900" lon="12.8671900"></trkpt>
      <trkpt lat="42.5096500" lon="12.8671700"></trkpt>
      <trkpt lat="42.5096000" lon="12.8671300"></trkpt>
      <trkpt lat="42.5095200" lon="12.8670400"></trkpt>
      <trkpt lat="42.5094000" lon="12.8669300"></trkpt>
      <trkpt lat="42.5093300" lon="12.8668800"></trkpt>
      <trkpt lat="42.5092600" lon="12.8668500"></trkpt>
      <trkpt lat="42.5092000" lon="12.8668500"></trkpt>
      <trkpt lat="42.5091900" lon="12.8668500"></trkpt>
      <trkpt lat="42.5091300" lon="12.8668500"></trkpt>
      <trkpt lat="42.5090700" lon="12.8668700"></trkpt>
      <trkpt lat="42.5090300" lon="12.8669100"></trkpt>
      <trkpt lat="42.5090200" lon="12.8669100"></trkpt>
      <trkpt lat="42.5089800" lon="12.8669500"></trkpt>
      <trkpt lat="42.5089500" lon="12.8669900"></trkpt>
      <trkpt lat="42.5089400" lon="12.8670200"></trkpt>
      <trkpt lat="42.5089100" lon="12.8670700"></trkpt>
      <trkpt lat="42.5089100" lon="12.8670800"></trkpt>
      <trkpt lat="42.5088900" lon="12.8671300"></trkpt>
      <trkpt lat="42.5088500" lon="12.8672100"></trkpt>
      <trkpt lat="42.5088200" lon="12.8673000"></trkpt>
      <trkpt lat="42.5087900" lon="12.8673900"></trkpt>
      <trkpt lat="42.5087600" lon="12.8674600"></trkpt>
      <trkpt lat="42.5087400" lon="12.8675100"></trkpt>
      <trkpt lat="42.5087300" lon="12.8675300"></trkpt>
      <trkpt lat="42.5086600" lon="12.8676400"></trkpt>
      <trkpt lat="42.5086200" lon="12.8677000"></trkpt>
      <trkpt lat="42.5085500" lon="12.8677500"></trkpt>
      <trkpt lat="42.5085100" lon="12.8677900"></trkpt>
      <trkpt lat="42.5084700" lon="12.8678300"></trkpt>
      <trkpt lat="42.5084100" lon="12.8678600"></trkpt>
      <trkpt lat="42.5083500" lon="12.8679000"></trkpt>
      <trkpt lat="42.5083000" lon="12.8679300"></trkpt>
      <trkpt lat="42.5082800" lon="12.8679400"></trkpt>
      <trkpt lat="42.5081600" lon="12.8680300"></trkpt>
      <trkpt lat="42.5081500" lon="12.8680400"></trkpt>
      <trkpt lat="42.5080800" lon="12.8681000"></trkpt>
      <trkpt lat="42.5080200" lon="12.8681800"></trkpt>
      <trkpt lat="42.5080100" lon="12.8682000"></trkpt>
      <trkpt lat="42.5079700" lon="12.8682900"></trkpt>
      <trkpt lat="42.5079300" lon="12.8684000"></trkpt>
      <trkpt lat="42.5079300" lon="12.8684100"></trkpt>
      <trkpt lat="42.5079100" lon="12.8684800"></trkpt>
      <trkpt lat="42.5078800" lon="12.8686000"></trkpt>
      <trkpt lat="42.5078700" lon="12.8686500"></trkpt>
      <trkpt lat="42.5078600" lon="12.8687400"></trkpt>
      <trkpt lat="42.5078300" lon="12.8688900"></trkpt>
      <trkpt lat="42.5078300" lon="12.8689100"></trkpt>
      <trkpt lat="42.5078000" lon="12.8690600"></trkpt>
      <trkpt lat="42.5077900" lon="12.8691200"></trkpt>
      <trkpt lat="42.5077600" lon="12.8692500"></trkpt>
      <trkpt lat="42.5077400" lon="12.8693600"></trkpt>
      <trkpt lat="42.5077300" lon="12.8693900"></trkpt>
      <trkpt lat="42.5077000" lon="12.8695200"></trkpt>
      <trkpt lat="42.5076800" lon="12.8695900"></trkpt>
      <trkpt lat="42.5076700" lon="12.8696400"></trkpt>
      <trkpt lat="42.5076100" lon="12.8698100"></trkpt>
      <trkpt lat="42.5075900" lon="12.8698800"></trkpt>
      <trkpt lat="42.5075400" lon="12.8699700"></trkpt>
      <trkpt lat="42.5074900" lon="12.8700400"></trkpt>
      <trkpt lat="42.5074000" lon="12.8701700"></trkpt>
      <trkpt lat="42.5073900" lon="12.8701900"></trkpt>
      <trkpt lat="42.5073600" lon="12.8702300"></trkpt>
      <trkpt lat="42.5073100" lon="12.8703000"></trkpt>
      <trkpt lat="42.5072600" lon="12.8703800"></trkpt>
      <trkpt lat="42.5072100" lon="12.8704500"></trkpt>
      <trkpt lat="42.5071600" lon="12.8705200"></trkpt>
      <trkpt lat="42.5071400" lon="12.8705400"></trkpt>
      <trkpt lat="42.5071000" lon="12.8705700"></trkpt>
      <trkpt lat="42.5070500" lon="12.8706200"></trkpt>
      <trkpt lat="42.5069900" lon="12.8706700"></trkpt>
      <trkpt lat="42.5069400" lon="12.8707200"></trkpt>
      <trkpt lat="42.5068900" lon="12.8707600"></trkpt>
      <trkpt lat="42.5068400" lon="12.8708200"></trkpt>
      <trkpt lat="42.5068200" lon="12.8708700"></trkpt>
      <trkpt lat="42.5067900" lon="12.8709100"></trkpt>
      <trkpt lat="42.5067700" lon="12.8709600"></trkpt>
      <trkpt lat="42.5067500" lon="12.8710100"></trkpt>
      <trkpt lat="42.5067400" lon="12.8710200"></trkpt>
      <trkpt lat="42.5067200" lon="12.8710700"></trkpt>
      <trkpt lat="42.5067100" lon="12.8711200"></trkpt>
      <trkpt lat="42.5067000" lon="12.8711600"></trkpt>
      <trkpt lat="42.5066800" lon="12.8712200"></trkpt>
      <trkpt lat="42.5066700" lon="12.8712900"></trkpt>
      <trkpt lat="42.5066600" lon="12.8713500"></trkpt>
      <trkpt lat="42.5066600" lon="12.8714200"></trkpt>
      <trkpt lat="42.5066600" lon="12.8714800"></trkpt>
      <trkpt lat="42.5066600" lon="12.8714900"></trkpt>
      <trkpt lat="42.5066600" lon="12.8715600"></trkpt>
      <trkpt lat="42.5066700" lon="12.8716300"></trkpt>
      <trkpt lat="42.5066900" lon="12.8717000"></trkpt>
      <trkpt lat="42.5066900" lon="12.8717300"></trkpt>
      <trkpt lat="42.5067000" lon="12.8717800"></trkpt>
      <trkpt lat="42.5067200" lon="12.8718500"></trkpt>
      <trkpt lat="42.5067500" lon="12.8719200"></trkpt>
      <trkpt lat="42.5067600" lon="12.8719500"></trkpt>
      <trkpt lat="42.5067900" lon="12.8720300"></trkpt>
      <trkpt lat="42.5068300" lon="12.8721200"></trkpt>
      <trkpt lat="42.5068400" lon="12.8721700"></trkpt>
      <trkpt lat="42.5068500" lon="12.8721900"></trkpt>
      <trkpt lat="42.5068700" lon="12.8722500"></trkpt>
      <trkpt lat="42.5068900" lon="12.8723000"></trkpt>
      <trkpt lat="42.5069000" lon="12.8723500"></trkpt>
      <trkpt lat="42.5069100" lon="12.8724000"></trkpt>
      <trkpt lat="42.5069300" lon="12.8724600"></trkpt>
      <trkpt lat="42.5069400" lon="12.8725200"></trkpt>
      <trkpt lat="42.5069500" lon="12.8725900"></trkpt>
      <trkpt lat="42.5069500" lon="12.8726400"></trkpt>
      <trkpt lat="42.5069500" lon="12.8726600"></trkpt>
      <trkpt lat="42.5069500" lon="12.8727400"></trkpt>
      <trkpt lat="42.5069400" lon="12.8728000"></trkpt>
      <trkpt lat="42.5069400" lon="12.8728800"></trkpt>
      <trkpt lat="42.5069200" lon="12.8729700"></trkpt>
      <trkpt lat="42.5069100" lon="12.8730600"></trkpt>
      <trkpt lat="42.5068900" lon="12.8731400"></trkpt>
      <trkpt lat="42.5068700" lon="12.8732000"></trkpt>
      <trkpt lat="42.5068300" lon="12.8733000"></trkpt>
      <trkpt lat="42.5068200" lon="12.8733300"></trkpt>
      <trkpt lat="42.5068100" lon="12.8733600"></trkpt>
      <trkpt lat="42.5067900" lon="12.8734100"></trkpt>
      <trkpt lat="42.5067100" lon="12.8735300"></trkpt>
      <trkpt lat="42.5067300" lon="12.8736200"></trkpt>
      <trkpt lat="42.5067300" lon="12.8737000"></trkpt>
      <trkpt lat="42.5067200" lon="12.8737600"></trkpt>
      <trkpt lat="42.5067100" lon="12.8738100"></trkpt>
      <trkpt lat="42.5066800" lon="12.8738700"></trkpt>
      <trkpt lat="42.5066400" lon="12.8739200"></trkpt>
      <trkpt lat="42.5066100" lon="12.8739500"></trkpt>
      <trkpt lat="42.5065800" lon="12.8739700"></trkpt>
      <trkpt lat="42.5065200" lon="12.8740000"></trkpt>
      <trkpt lat="42.5064700" lon="12.8740100"></trkpt>
      <trkpt lat="42.5063500" lon="12.8740800"></trkpt>
      <trkpt lat="42.5062700" lon="12.8741500"></trkpt>
      <trkpt lat="42.5062200" lon="12.8742100"></trkpt>
      <trkpt lat="42.5062100" lon="12.8742300"></trkpt>
      <trkpt lat="42.5061700" lon="12.8743000"></trkpt>
      <trkpt lat="42.5061600" lon="12.8743200"></trkpt>
      <trkpt lat="42.5061300" lon="12.8744000"></trkpt>
      <trkpt lat="42.5061100" lon="12.8744400"></trkpt>
      <trkpt lat="42.5060900" lon="12.8745100"></trkpt>
      <trkpt lat="42.5060300" lon="12.8746700"></trkpt>
      <trkpt lat="42.5059300" lon="12.8749900"></trkpt>
      <trkpt lat="42.5058200" lon="12.8753300"></trkpt>
      <trkpt lat="42.5057000" lon="12.8756500"></trkpt>
      <trkpt lat="42.5056300" lon="12.8758600"></trkpt>
      <trkpt lat="42.5056300" lon="12.8758700"></trkpt>
      <trkpt lat="42.5056000" lon="12.8759600"></trkpt>
      <trkpt lat="42.5055900" lon="12.8759900"></trkpt>
      <trkpt lat="42.5055800" lon="12.8760300"></trkpt>
      <trkpt lat="42.5055800" lon="12.8760800"></trkpt>
      <trkpt lat="42.5055700" lon="12.8761500"></trkpt>
      <trkpt lat="42.5055700" lon="12.8762600"></trkpt>
      <trkpt lat="42.5055900" lon="12.8763900"></trkpt>
      <trkpt lat="42.5056100" lon="12.8765400"></trkpt>
      <trkpt lat="42.5056300" lon="12.8766300"></trkpt>
      <trkpt lat="42.5056500" lon="12.8767100"></trkpt>
      <trkpt lat="42.5056500" lon="12.8767200"></trkpt>
      <trkpt lat="42.5056600" lon="12.8767900"></trkpt>
      <trkpt lat="42.5056600" lon="12.8768200"></trkpt>
      <trkpt lat="42.5056600" lon="12.8768700"></trkpt>
      <trkpt lat="42.5056600" lon="12.8769500"></trkpt>
      <trkpt lat="42.5056600" lon="12.8770300"></trkpt>
      <trkpt lat="42.5056500" lon="12.8771100"></trkpt>
      <trkpt lat="42.5056300" lon="12.8772400"></trkpt>
      <trkpt lat="42.5056200" lon="12.8773000"></trkpt>
      <trkpt lat="42.5056100" lon="12.8773300"></trkpt>
      <trkpt lat="42.5055800" lon="12.8774300"></trkpt>
      <trkpt lat="42.5055600" lon="12.8775000"></trkpt>
      <trkpt lat="42.5055500" lon="12.8775200"></trkpt>
      <trkpt lat="42.5054900" lon="12.8776200"></trkpt>
      <trkpt lat="42.5054500" lon="12.8776800"></trkpt>
      <trkpt lat="42.5054000" lon="12.8777300"></trkpt>
      <trkpt lat="42.5053100" lon="12.8778000"></trkpt>
      <trkpt lat="42.5052100" lon="12.8778800"></trkpt>
      <trkpt lat="42.5051300" lon="12.8779500"></trkpt>
      <trkpt lat="42.5050700" lon="12.8780100"></trkpt>
      <trkpt lat="42.5050400" lon="12.8780400"></trkpt>
      <trkpt lat="42.5049800" lon="12.8781100"></trkpt>
      <trkpt lat="42.5048900" lon="12.8782300"></trkpt>
      <trkpt lat="42.5048500" lon="12.8783400"></trkpt>
      <trkpt lat="42.5048200" lon="12.8784200"></trkpt>
      <trkpt lat="42.5047900" lon="12.8785000"></trkpt>
      <trkpt lat="42.5047600" lon="12.8786000"></trkpt>
      <trkpt lat="42.5047100" lon="12.8786900"></trkpt>
      <trkpt lat="42.5046800" lon="12.8787400"></trkpt>
      <trkpt lat="42.5046400" lon="12.8788100"></trkpt>
      <trkpt lat="42.5046000" lon="12.8788500"></trkpt>
      <trkpt lat="42.5045600" lon="12.8788900"></trkpt>
      <trkpt lat="42.5045400" lon="12.8789100"></trkpt>
      <trkpt lat="42.5045200" lon="12.8789400"></trkpt>
      <trkpt lat="42.5044800" lon="12.8789900"></trkpt>
      <trkpt lat="42.5044100" lon="12.8790600"></trkpt>
      <trkpt lat="42.5043600" lon="12.8791400"></trkpt>
      <trkpt lat="42.5043200" lon="12.8792100"></trkpt>
      <trkpt lat="42.5042700" lon="12.8793400"></trkpt>
      <trkpt lat="42.5041500" lon="12.8796200"></trkpt>
      <trkpt lat="42.5040600" lon="12.8798500"></trkpt>
      <trkpt lat="42.5039300" lon="12.8801300"></trkpt>
      <trkpt lat="42.5038800" lon="12.8803000"></trkpt>
      <trkpt lat="42.5038000" lon="12.8805500"></trkpt>
      <trkpt lat="42.5037600" lon="12.8806900"></trkpt>
      <trkpt lat="42.5037500" lon="12.8807100"></trkpt>
      <trkpt lat="42.5037100" lon="12.8808600"></trkpt>
      <trkpt lat="42.5036600" lon="12.8810800"></trkpt>
      <trkpt lat="42.5036500" lon="12.8811300"></trkpt>
      <trkpt lat="42.5036400" lon="12.8812200"></trkpt>
      <trkpt lat="42.5036300" lon="12.8812800"></trkpt>
      <trkpt lat="42.5036200" lon="12.8813400"></trkpt>
      <trkpt lat="42.5036100" lon="12.8813600"></trkpt>
      <trkpt lat="42.5035800" lon="12.8815700"></trkpt>
      <trkpt lat="42.5035000" lon="12.8819200"></trkpt>
      <trkpt lat="42.5035000" lon="12.8819400"></trkpt>
      <trkpt lat="42.5034500" lon="12.8821500"></trkpt>
      <trkpt lat="42.5034200" lon="12.8822400"></trkpt>
      <trkpt lat="42.5033700" lon="12.8823900"></trkpt>
      <trkpt lat="42.5033200" lon="12.8824900"></trkpt>
      <trkpt lat="42.5032800" lon="12.8825800"></trkpt>
      <trkpt lat="42.5032300" lon="12.8826800"></trkpt>
      <trkpt lat="42.5030100" lon="12.8830900"></trkpt>
      <trkpt lat="42.5030200" lon="12.8831300"></trkpt>
      <trkpt lat="42.5030200" lon="12.8831700"></trkpt>
      <trkpt lat="42.5030400" lon="12.8831900"></trkpt>
      <trkpt lat="42.5030600" lon="12.8832100"></trkpt>
      <trkpt lat="42.5030700" lon="12.8832200"></trkpt>
      <trkpt lat="42.5031200" lon="12.8832200"></trkpt>
      <trkpt lat="42.5032900" lon="12.8829400"></trkpt>
      <trkpt lat="42.5034600" lon="12.8826000"></trkpt>
      <trkpt lat="42.5036700" lon="12.8822100"></trkpt>
      <trkpt lat="42.5037000" lon="12.8821400"></trkpt>
      <trkpt lat="42.5037300" lon="12.8821000"></trkpt>
      <trkpt lat="42.5037500" lon="12.8820600"></trkpt>
      <trkpt lat="42.5037900" lon="12.8820300"></trkpt>
      <trkpt lat="42.5038300" lon="12.8820200"></trkpt>
      <trkpt lat="42.5038400" lon="12.8820200"></trkpt>
      <trkpt lat="42.5038600" lon="12.8820300"></trkpt>
      <trkpt lat="42.5038700" lon="12.8820400"></trkpt>
      <trkpt lat="42.5038800" lon="12.8820500"></trkpt>
      <trkpt lat="42.5038800" lon="12.8820600"></trkpt>
      <trkpt lat="42.5038900" lon="12.8820800"></trkpt>
      <trkpt lat="42.5039000" lon="12.8821300"></trkpt>
      <trkpt lat="42.5039000" lon="12.8821700"></trkpt>
      <trkpt lat="42.5038900" lon="12.8822300"></trkpt>
      <trkpt lat="42.5038900" lon="12.8822600"></trkpt>
      <trkpt lat="42.5038800" lon="12.8822800"></trkpt>
      <trkpt lat="42.5036800" lon="12.8828200"></trkpt>
      <trkpt lat="42.5034800" lon="12.8833100"></trkpt>
      <trkpt lat="42.5034100" lon="12.8834800"></trkpt>
      <trkpt lat="42.5033100" lon="12.8836500"></trkpt>
      <trkpt lat="42.5032800" lon="12.8837100"></trkpt>
      <trkpt lat="42.5032100" lon="12.8838200"></trkpt>
      <trkpt lat="42.5031400" lon="12.8838900"></trkpt>
      <trkpt lat="42.5030900" lon="12.8839300"></trkpt>
      <trkpt lat="42.5030400" lon="12.8839600"></trkpt>
      <trkpt lat="42.5029600" lon="12.8840100"></trkpt>
      <trkpt lat="42.5028600" lon="12.8841000"></trkpt>
      <trkpt lat="42.5027300" lon="12.8842100"></trkpt>
      <trkpt lat="42.5027100" lon="12.8842200"></trkpt>
      <trkpt lat="42.5026900" lon="12.8842400"></trkpt>
      <trkpt lat="42.5026000" lon="12.8843600"></trkpt>
      <trkpt lat="42.5025600" lon="12.8844100"></trkpt>
      <trkpt lat="42.5025300" lon="12.8844400"></trkpt>
      <trkpt lat="42.5024900" lon="12.8845100"></trkpt>
      <trkpt lat="42.5024400" lon="12.8845800"></trkpt>
      <trkpt lat="42.5024100" lon="12.8846200"></trkpt>
      <trkpt lat="42.5024000" lon="12.8846400"></trkpt>
      <trkpt lat="42.5023400" lon="12.8847800"></trkpt>
      <trkpt lat="42.5023200" lon="12.8848300"></trkpt>
      <trkpt lat="42.5022900" lon="12.8848900"></trkpt>
      <trkpt lat="42.5022700" lon="12.8850000"></trkpt>
      <trkpt lat="42.5022500" lon="12.8850500"></trkpt>
      <trkpt lat="42.5022400" lon="12.8850900"></trkpt>
      <trkpt lat="42.5022300" lon="12.8852400"></trkpt>
      <trkpt lat="42.5022200" lon="12.8852900"></trkpt>
      <trkpt lat="42.5022200" lon="12.8853300"></trkpt>
      <trkpt lat="42.5022100" lon="12.8853400"></trkpt>
      <trkpt lat="42.5022100" lon="12.8854800"></trkpt>
      <trkpt lat="42.5022000" lon="12.8855400"></trkpt>
      <trkpt lat="42.5022000" lon="12.8855500"></trkpt>
      <trkpt lat="42.5021800" lon="12.8857300"></trkpt>
      <trkpt lat="42.5021800" lon="12.8857800"></trkpt>
      <trkpt lat="42.5021700" lon="12.8859700"></trkpt>
      <trkpt lat="42.5021600" lon="12.8860200"></trkpt>
      <trkpt lat="42.5021600" lon="12.8860600"></trkpt>
      <trkpt lat="42.5021600" lon="12.8860700"></trkpt>
      <trkpt lat="42.5021500" lon="12.8862100"></trkpt>
      <trkpt lat="42.5021500" lon="12.8862600"></trkpt>
      <trkpt lat="42.5021500" lon="12.8863000"></trkpt>
      <trkpt lat="42.5021200" lon="12.8864500"></trkpt>
      <trkpt lat="42.5021100" lon="12.8865000"></trkpt>
      <trkpt lat="42.5020700" lon="12.8866500"></trkpt>
      <trkpt lat="42.5020700" lon="12.8866800"></trkpt>
      <trkpt lat="42.5020600" lon="12.8867200"></trkpt>
      <trkpt lat="42.5020600" lon="12.8867400"></trkpt>
      <trkpt lat="42.5020500" lon="12.8867600"></trkpt>
      <trkpt lat="42.5020500" lon="12.8868000"></trkpt>
      <trkpt lat="42.5020500" lon="12.8868500"></trkpt>
      <trkpt lat="42.5020600" lon="12.8868900"></trkpt>
      <trkpt lat="42.5020700" lon="12.8869200"></trkpt>
      <trkpt lat="42.5020800" lon="12.8869400"></trkpt>
      <trkpt lat="42.5021000" lon="12.8869600"></trkpt>
      <trkpt lat="42.5021000" lon="12.8869700"></trkpt>
      <trkpt lat="42.5021200" lon="12.8869800"></trkpt>
      <trkpt lat="42.5021300" lon="12.8869800"></trkpt>
      <trkpt lat="42.5021400" lon="12.8869900"></trkpt>
      <trkpt lat="42.5021600" lon="12.8869900"></trkpt>
      <trkpt lat="42.5021800" lon="12.8869800"></trkpt>
      <trkpt lat="42.5022000" lon="12.8869700"></trkpt>
      <trkpt lat="42.5022200" lon="12.8869600"></trkpt>
      <trkpt lat="42.5022600" lon="12.8869300"></trkpt>
      <trkpt lat="42.5022800" lon="12.8868900"></trkpt>
      <trkpt lat="42.5022800" lon="12.8868500"></trkpt>
      <trkpt lat="42.5022900" lon="12.8868000"></trkpt>
      <trkpt lat="42.5023100" lon="12.8864200"></trkpt>
      <trkpt lat="42.5023100" lon="12.8863800"></trkpt>
      <trkpt lat="42.5023300" lon="12.8861800"></trkpt>
      <trkpt lat="42.5023400" lon="12.8861000"></trkpt>
      <trkpt lat="42.5023500" lon="12.8860600"></trkpt>
      <trkpt lat="42.5023800" lon="12.8859400"></trkpt>
      <trkpt lat="42.5023900" lon="12.8858900"></trkpt>
      <trkpt lat="42.5024000" lon="12.8858300"></trkpt>
      <trkpt lat="42.5024400" lon="12.8857000"></trkpt>
      <trkpt lat="42.5025300" lon="12.8855000"></trkpt>
      <trkpt lat="42.5025800" lon="12.8853900"></trkpt>
      <trkpt lat="42.5026600" lon="12.8852100"></trkpt>
      <trkpt lat="42.5027200" lon="12.8851100"></trkpt>
      <trkpt lat="42.5027300" lon="12.8851000"></trkpt>
      <trkpt lat="42.5027500" lon="12.8850700"></trkpt>
      <trkpt lat="42.5027900" lon="12.8850400"></trkpt>
      <trkpt lat="42.5028000" lon="12.8850400"></trkpt>
      <trkpt lat="42.5028400" lon="12.8850100"></trkpt>
      <trkpt lat="42.5029100" lon="12.8849800"></trkpt>
      <trkpt lat="42.5030300" lon="12.8849200"></trkpt>
      <trkpt lat="42.5032700" lon="12.8848500"></trkpt>
      <trkpt lat="42.5034900" lon="12.8847800"></trkpt>
      <trkpt lat="42.5036700" lon="12.8847200"></trkpt>
      <trkpt lat="42.5037600" lon="12.8846900"></trkpt>
      <trkpt lat="42.5038100" lon="12.8846700"></trkpt>
      <trkpt lat="42.5038400" lon="12.8846600"></trkpt>
      <trkpt lat="42.5038500" lon="12.8846500"></trkpt>
      <trkpt lat="42.5038800" lon="12.8846300"></trkpt>
      <trkpt lat="42.5039100" lon="12.8846000"></trkpt>
      <trkpt lat="42.5039500" lon="12.8845600"></trkpt>
      <trkpt lat="42.5039900" lon="12.8845200"></trkpt>
      <trkpt lat="42.5040500" lon="12.8844600"></trkpt>
      <trkpt lat="42.5040900" lon="12.8844300"></trkpt>
      <trkpt lat="42.5041500" lon="12.8843700"></trkpt>
      <trkpt lat="42.5041600" lon="12.8843600"></trkpt>
      <trkpt lat="42.5042400" lon="12.8842800"></trkpt>
      <trkpt lat="42.5044100" lon="12.8840700"></trkpt>
      <trkpt lat="42.5045600" lon="12.8838700"></trkpt>
      <trkpt lat="42.5049500" lon="12.8833300"></trkpt>
      <trkpt lat="42.5050400" lon="12.8831800"></trkpt>
      <trkpt lat="42.5051300" lon="12.8830500"></trkpt>
      <trkpt lat="42.5051500" lon="12.8830200"></trkpt>
      <trkpt lat="42.5051600" lon="12.8830100"></trkpt>
      <trkpt lat="42.5051900" lon="12.8829800"></trkpt>
      <trkpt lat="42.5052700" lon="12.8829900"></trkpt>
      <trkpt lat="42.5052800" lon="12.8829900"></trkpt>
      <trkpt lat="42.5052900" lon="12.8829900"></trkpt>
      <trkpt lat="42.5053000" lon="12.8829900"></trkpt>
      <trkpt lat="42.5053100" lon="12.8830000"></trkpt>
      <trkpt lat="42.5053200" lon="12.8830100"></trkpt>
      <trkpt lat="42.5053300" lon="12.8830100"></trkpt>
      <trkpt lat="42.5053300" lon="12.8830200"></trkpt>
      <trkpt lat="42.5053400" lon="12.8830300"></trkpt>
      <trkpt lat="42.5053500" lon="12.8830500"></trkpt>
      <trkpt lat="42.5053600" lon="12.8830700"></trkpt>
      <trkpt lat="42.5053700" lon="12.8831000"></trkpt>
      <trkpt lat="42.5053700" lon="12.8831200"></trkpt>
      <trkpt lat="42.5053700" lon="12.8831600"></trkpt>
      <trkpt lat="42.5053700" lon="12.8831900"></trkpt>
      <trkpt lat="42.5053600" lon="12.8832300"></trkpt>
      <trkpt lat="42.5053500" lon="12.8832500"></trkpt>
      <trkpt lat="42.5053400" lon="12.8832600"></trkpt>
      <trkpt lat="42.5053300" lon="12.8832900"></trkpt>
      <trkpt lat="42.5053100" lon="12.8833100"></trkpt>
      <trkpt lat="42.5052900" lon="12.8833300"></trkpt>
      <trkpt lat="42.5052700" lon="12.8833500"></trkpt>
      <trkpt lat="42.5052200" lon="12.8833800"></trkpt>
      <trkpt lat="42.5051800" lon="12.8834100"></trkpt>
      <trkpt lat="42.5051300" lon="12.8834500"></trkpt>
      <trkpt lat="42.5050900" lon="12.8835100"></trkpt>
      <trkpt lat="42.5050700" lon="12.8835500"></trkpt>
      <trkpt lat="42.5050400" lon="12.8835800"></trkpt>
      <trkpt lat="42.5050100" lon="12.8836300"></trkpt>
      <trkpt lat="42.5049600" lon="12.8837300"></trkpt>
      <trkpt lat="42.5049200" lon="12.8838300"></trkpt>
      <trkpt lat="42.5048500" lon="12.8839600"></trkpt>
      <trkpt lat="42.5048200" lon="12.8840500"></trkpt>
      <trkpt lat="42.5048000" lon="12.8841100"></trkpt>
      <trkpt lat="42.5047700" lon="12.8842200"></trkpt>
      <trkpt lat="42.5047400" lon="12.8843500"></trkpt>
      <trkpt lat="42.5047100" lon="12.8844800"></trkpt>
      <trkpt lat="42.5046700" lon="12.8845900"></trkpt>
      <trkpt lat="42.5046600" lon="12.8846200"></trkpt>
      <trkpt lat="42.5046400" lon="12.8846900"></trkpt>
      <trkpt lat="42.5046200" lon="12.8847400"></trkpt>
      <trkpt lat="42.5046000" lon="12.8847800"></trkpt>
      <trkpt lat="42.5045800" lon="12.8848100"></trkpt>
      <trkpt lat="42.5045700" lon="12.8848300"></trkpt>
      <trkpt lat="42.5045500" lon="12.8848600"></trkpt>
      <trkpt lat="42.5045300" lon="12.8848800"></trkpt>
      <trkpt lat="42.5045000" lon="12.8849100"></trkpt>
      <trkpt lat="42.5044200" lon="12.8849600"></trkpt>
      <trkpt lat="42.5042600" lon="12.8850700"></trkpt>
      <trkpt lat="42.5039700" lon="12.8852600"></trkpt>
      <trkpt lat="42.5039400" lon="12.8852900"></trkpt>
      <trkpt lat="42.5037900" lon="12.8854300"></trkpt>
      <trkpt lat="42.5036200" lon="12.8855800"></trkpt>
      <trkpt lat="42.5034900" lon="12.8857000"></trkpt>
      <trkpt lat="42.5034200" lon="12.8857800"></trkpt>
      <trkpt lat="42.5033800" lon="12.8858400"></trkpt>
      <trkpt lat="42.5033300" lon="12.8859100"></trkpt>
      <trkpt lat="42.5032700" lon="12.8860500"></trkpt>
      <trkpt lat="42.5032400" lon="12.8861800"></trkpt>
      <trkpt lat="42.5032300" lon="12.8862800"></trkpt>
      <trkpt lat="42.5032100" lon="12.8864200"></trkpt>
      <trkpt lat="42.5032100" lon="12.8865700"></trkpt>
      <trkpt lat="42.5032200" lon="12.8866700"></trkpt>
      <trkpt lat="42.5032100" lon="12.8868400"></trkpt>
      <trkpt lat="42.5032000" lon="12.8869400"></trkpt>
      <trkpt lat="42.5032000" lon="12.8870500"></trkpt>
      <trkpt lat="42.5031700" lon="12.8872700"></trkpt>
      <trkpt lat="42.5031400" lon="12.8874500"></trkpt>
      <trkpt lat="42.5030300" lon="12.8880000"></trkpt>
      <trkpt lat="42.5029900" lon="12.8883800"></trkpt>
      <trkpt lat="42.5029900" lon="12.8884600"></trkpt>
      <trkpt lat="42.5029900" lon="12.8885900"></trkpt>
      <trkpt lat="42.5030000" lon="12.8886700"></trkpt>
      <trkpt lat="42.5030300" lon="12.8887800"></trkpt>
      <trkpt lat="42.5030700" lon="12.8888700"></trkpt>
      <trkpt lat="42.5030900" lon="12.8889400"></trkpt>
      <trkpt lat="42.5031200" lon="12.8890100"></trkpt>
      <trkpt lat="42.5031900" lon="12.8892000"></trkpt>
      <trkpt lat="42.5032000" lon="12.8892200"></trkpt>
      <trkpt lat="42.5033700" lon="12.8896600"></trkpt>
      <trkpt lat="42.5033800" lon="12.8896800"></trkpt>
      <trkpt lat="42.5034500" lon="12.8898700"></trkpt>
      <trkpt lat="42.5036200" lon="12.8903000"></trkpt>
      <trkpt lat="42.5036500" lon="12.8903600"></trkpt>
      <trkpt lat="42.5038200" lon="12.8908000"></trkpt>
      <trkpt lat="42.5038800" lon="12.8909500"></trkpt>
      <trkpt lat="42.5039000" lon="12.8909900"></trkpt>
      <trkpt lat="42.5039100" lon="12.8910200"></trkpt>
      <trkpt lat="42.5039600" lon="12.8911200"></trkpt>
      <trkpt lat="42.5039800" lon="12.8911500"></trkpt>
      <trkpt lat="42.5040100" lon="12.8912100"></trkpt>
      <trkpt lat="42.5040100" lon="12.8912200"></trkpt>
      <trkpt lat="42.5040500" lon="12.8912900"></trkpt>
      <trkpt lat="42.5040800" lon="12.8913500"></trkpt>
      <trkpt lat="42.5041100" lon="12.8913900"></trkpt>
      <trkpt lat="42.5041200" lon="12.8914100"></trkpt>
      <trkpt lat="42.5041600" lon="12.8914700"></trkpt>
      <trkpt lat="42.5041800" lon="12.8915100"></trkpt>
      <trkpt lat="42.5042000" lon="12.8915300"></trkpt>
      <trkpt lat="42.5042500" lon="12.8915800"></trkpt>
      <trkpt lat="42.5043300" lon="12.8917200"></trkpt>
      <trkpt lat="42.5044500" lon="12.8919100"></trkpt>
      <trkpt lat="42.5045500" lon="12.8920800"></trkpt>
      <trkpt lat="42.5045600" lon="12.8921000"></trkpt>
      <trkpt lat="42.5046000" lon="12.8921800"></trkpt>
      <trkpt lat="42.5046300" lon="12.8922400"></trkpt>
      <trkpt lat="42.5046400" lon="12.8922700"></trkpt>
      <trkpt lat="42.5046500" lon="12.8923100"></trkpt>
      <trkpt lat="42.5046500" lon="12.8923400"></trkpt>
      <trkpt lat="42.5046500" lon="12.8923700"></trkpt>
      <trkpt lat="42.5046500" lon="12.8924000"></trkpt>
      <trkpt lat="42.5046500" lon="12.8924300"></trkpt>
      <trkpt lat="42.5046400" lon="12.8924700"></trkpt>
      <trkpt lat="42.5046300" lon="12.8925100"></trkpt>
      <trkpt lat="42.5046100" lon="12.8925500"></trkpt>
      <trkpt lat="42.5045900" lon="12.8926200"></trkpt>
      <trkpt lat="42.5045700" lon="12.8926700"></trkpt>
      <trkpt lat="42.5045600" lon="12.8927100"></trkpt>
      <trkpt lat="42.5045500" lon="12.8927400"></trkpt>
      <trkpt lat="42.5045500" lon="12.8927700"></trkpt>
      <trkpt lat="42.5045400" lon="12.8927900"></trkpt>
      <trkpt lat="42.5045500" lon="12.8928100"></trkpt>
      <trkpt lat="42.5045500" lon="12.8928200"></trkpt>
      <trkpt lat="42.5045500" lon="12.8928400"></trkpt>
      <trkpt lat="42.5045600" lon="12.8928700"></trkpt>
      <trkpt lat="42.5045700" lon="12.8928800"></trkpt>
      <trkpt lat="42.5045600" lon="12.8928700"></trkpt>
      <trkpt lat="42.5045500" lon="12.8928400"></trkpt>
      <trkpt lat="42.5045500" lon="12.8928200"></trkpt>
      <trkpt lat="42.5045500" lon="12.8928100"></trkpt>
      <trkpt lat="42.5045400" lon="12.8927900"></trkpt>
      <trkpt lat="42.5045500" lon="12.8927700"></trkpt>
      <trkpt lat="42.5045500" lon="12.8927400"></trkpt>
      <trkpt lat="42.5045600" lon="12.8927100"></trkpt>
      <trkpt lat="42.5045700" lon="12.8926700"></trkpt>
      <trkpt lat="42.5045900" lon="12.8926200"></trkpt>
      <trkpt lat="42.5046100" lon="12.8925500"></trkpt>
      <trkpt lat="42.5046300" lon="12.8925100"></trkpt>
      <trkpt lat="42.5046400" lon="12.8924700"></trkpt>
      <trkpt lat="42.5046500" lon="12.8924300"></trkpt>
      <trkpt lat="42.5046500" lon="12.8924000"></trkpt>
      <trkpt lat="42.5046500" lon="12.8923700"></trkpt>
      <trkpt lat="42.5046500" lon="12.8923400"></trkpt>
      <trkpt lat="42.5046500" lon="12.8923100"></trkpt>
      <trkpt lat="42.5046400" lon="12.8922700"></trkpt>
      <trkpt lat="42.5046300" lon="12.8922400"></trkpt>
      <trkpt lat="42.5046000" lon="12.8921800"></trkpt>
      <trkpt lat="42.5045600" lon="12.8921000"></trkpt>
      <trkpt lat="42.5045500" lon="12.8920800"></trkpt>
      <trkpt lat="42.5044500" lon="12.8919100"></trkpt>
      <trkpt lat="42.5043300" lon="12.8917200"></trkpt>
      <trkpt lat="42.5042500" lon="12.8915800"></trkpt>
      <trkpt lat="42.5042000" lon="12.8915300"></trkpt>
      <trkpt lat="42.5041800" lon="12.8915100"></trkpt>
      <trkpt lat="42.5041600" lon="12.8914700"></trkpt>
      <trkpt lat="42.5041200" lon="12.8914100"></trkpt>
      <trkpt lat="42.5041100" lon="12.8913900"></trkpt>
      <trkpt lat="42.5040800" lon="12.8913500"></trkpt>
      <trkpt lat="42.5040500" lon="12.8912900"></trkpt>
      <trkpt lat="42.5040100" lon="12.8912200"></trkpt>
      <trkpt lat="42.5040100" lon="12.8912100"></trkpt>
      <trkpt lat="42.5039800" lon="12.8911500"></trkpt>
      <trkpt lat="42.5039600" lon="12.8911200"></trkpt>
      <trkpt lat="42.5039100" lon="12.8910200"></trkpt>
      <trkpt lat="42.5039000" lon="12.8909900"></trkpt>
      <trkpt lat="42.5038800" lon="12.8909500"></trkpt>
      <trkpt lat="42.5038200" lon="12.8908000"></trkpt>
      <trkpt lat="42.5036500" lon="12.8903600"></trkpt>
      <trkpt lat="42.5036200" lon="12.8903000"></trkpt>
      <trkpt lat="42.5034500" lon="12.8898700"></trkpt>
      <trkpt lat="42.5033800" lon="12.8896800"></trkpt>
      <trkpt lat="42.5033700" lon="12.8896600"></trkpt>
      <trkpt lat="42.5032000" lon="12.8892200"></trkpt>
      <trkpt lat="42.5031900" lon="12.8892000"></trkpt>
      <trkpt lat="42.5031200" lon="12.8890100"></trkpt>
      <trkpt lat="42.5030900" lon="12.8889400"></trkpt>
      <trkpt lat="42.5030700" lon="12.8888700"></trkpt>
      <trkpt lat="42.5030300" lon="12.8887800"></trkpt>
      <trkpt lat="42.5030000" lon="12.8886700"></trkpt>
      <trkpt lat="42.5029900" lon="12.8885900"></trkpt>
      <trkpt lat="42.5029900" lon="12.8884600"></trkpt>
      <trkpt lat="42.5029900" lon="12.8883800"></trkpt>
      <trkpt lat="42.5030300" lon="12.8880000"></trkpt>
      <trkpt lat="42.5031400" lon="12.8874500"></trkpt>
      <trkpt lat="42.5031700" lon="12.8872700"></trkpt>
      <trkpt lat="42.5032000" lon="12.8870500"></trkpt>
      <trkpt lat="42.5032000" lon="12.8869400"></trkpt>
      <trkpt lat="42.5032100" lon="12.8868400"></trkpt>
      <trkpt lat="42.5032200" lon="12.8866700"></trkpt>
      <trkpt lat="42.5032100" lon="12.8865700"></trkpt>
      <trkpt lat="42.5032100" lon="12.8864200"></trkpt>
      <trkpt lat="42.5032300" lon="12.8862800"></trkpt>
      <trkpt lat="42.5032400" lon="12.8861800"></trkpt>
      <trkpt lat="42.5032700" lon="12.8860500"></trkpt>
      <trkpt lat="42.5033300" lon="12.8859100"></trkpt>
      <trkpt lat="42.5033800" lon="12.8858400"></trkpt>
      <trkpt lat="42.5034200" lon="12.8857800"></trkpt>
      <trkpt lat="42.5034900" lon="12.8857000"></trkpt>
      <trkpt lat="42.5036200" lon="12.8855800"></trkpt>
      <trkpt lat="42.5037900" lon="12.8854300"></trkpt>
      <trkpt lat="42.5039400" lon="12.8852900"></trkpt>
      <trkpt lat="42.5039700" lon="12.8852600"></trkpt>
      <trkpt lat="42.5042600" lon="12.8850700"></trkpt>
      <trkpt lat="42.5044200" lon="12.8849600"></trkpt>
      <trkpt lat="42.5045000" lon="12.8849100"></trkpt>
      <trkpt lat="42.5045300" lon="12.8848800"></trkpt>
      <trkpt lat="42.5045500" lon="12.8848600"></trkpt>
      <trkpt lat="42.5045700" lon="12.8848300"></trkpt>
      <trkpt lat="42.5045800" lon="12.8848100"></trkpt>
      <trkpt lat="42.5046000" lon="12.8847800"></trkpt>
      <trkpt lat="42.5046200" lon="12.8847400"></trkpt>
      <trkpt lat="42.5046400" lon="12.8846900"></trkpt>
      <trkpt lat="42.5046600" lon="12.8846200"></trkpt>
      <trkpt lat="42.5046700" lon="12.8845900"></trkpt>
      <trkpt lat="42.5047100" lon="12.8844800"></trkpt>
      <trkpt lat="42.5047400" lon="12.8843500"></trkpt>
      <trkpt lat="42.5047700" lon="12.8842200"></trkpt>
      <trkpt lat="42.5048000" lon="12.8841100"></trkpt>
      <trkpt lat="42.5048200" lon="12.8840500"></trkpt>
      <trkpt lat="42.5048500" lon="12.8839600"></trkpt>
      <trkpt lat="42.5049200" lon="12.8838300"></trkpt>
      <trkpt lat="42.5049600" lon="12.8837300"></trkpt>
      <trkpt lat="42.5050100" lon="12.8836300"></trkpt>
      <trkpt lat="42.5050400" lon="12.8835800"></trkpt>
      <trkpt lat="42.5050700" lon="12.8835500"></trkpt>
      <trkpt lat="42.5050900" lon="12.8835100"></trkpt>
      <trkpt lat="42.5051300" lon="12.8834500"></trkpt>
      <trkpt lat="42.5051800" lon="12.8834100"></trkpt>
      <trkpt lat="42.5052200" lon="12.8833800"></trkpt>
      <trkpt lat="42.5052700" lon="12.8833500"></trkpt>
      <trkpt lat="42.5052900" lon="12.8833300"></trkpt>
      <trkpt lat="42.5053100" lon="12.8833100"></trkpt>
      <trkpt lat="42.5053300" lon="12.8832900"></trkpt>
      <trkpt lat="42.5053400" lon="12.8832600"></trkpt>
      <trkpt lat="42.5053500" lon="12.8832500"></trkpt>
      <trkpt lat="42.5053600" lon="12.8832300"></trkpt>
      <trkpt lat="42.5053700" lon="12.8831900"></trkpt>
      <trkpt lat="42.5053700" lon="12.8831600"></trkpt>
      <trkpt lat="42.5053700" lon="12.8831200"></trkpt>
      <trkpt lat="42.5053700" lon="12.8831000"></trkpt>
      <trkpt lat="42.5053600" lon="12.8830700"></trkpt>
      <trkpt lat="42.5053500" lon="12.8830500"></trkpt>
      <trkpt lat="42.5053400" lon="12.8830300"></trkpt>
      <trkpt lat="42.5053300" lon="12.8830200"></trkpt>
      <trkpt lat="42.5053300" lon="12.8830100"></trkpt>
      <trkpt lat="42.5053200" lon="12.8830100"></trkpt>
      <trkpt lat="42.5053100" lon="12.8830000"></trkpt>
      <trkpt lat="42.5053000" lon="12.8829900"></trkpt>
      <trkpt lat="42.5052900" lon="12.8829900"></trkpt>
      <trkpt lat="42.5052800" lon="12.8829900"></trkpt>
      <trkpt lat="42.5052700" lon="12.8829900"></trkpt>
      <trkpt lat="42.5051900" lon="12.8829800"></trkpt>
      <trkpt lat="42.5051600" lon="12.8830100"></trkpt>
      <trkpt lat="42.5051500" lon="12.8830200"></trkpt>
      <trkpt lat="42.5051300" lon="12.8830500"></trkpt>
      <trkpt lat="42.5050400" lon="12.8831800"></trkpt>
      <trkpt lat="42.5049500" lon="12.8833300"></trkpt>
      <trkpt lat="42.5045600" lon="12.8838700"></trkpt>
      <trkpt lat="42.5044100" lon="12.8840700"></trkpt>
      <trkpt lat="42.5042400" lon="12.8842800"></trkpt>
      <trkpt lat="42.5041600" lon="12.8843600"></trkpt>
      <trkpt lat="42.5041500" lon="12.8843700"></trkpt>
      <trkpt lat="42.5040900" lon="12.8844300"></trkpt>
      <trkpt lat="42.5040500" lon="12.8844600"></trkpt>
      <trkpt lat="42.5039900" lon="12.8845200"></trkpt>
      <trkpt lat="42.5039500" lon="12.8845600"></trkpt>
      <trkpt lat="42.5039100" lon="12.8846000"></trkpt>
      <trkpt lat="42.5038800" lon="12.8846300"></trkpt>
      <trkpt lat="42.5038500" lon="12.8846500"></trkpt>
      <trkpt lat="42.5038400" lon="12.8846600"></trkpt>
      <trkpt lat="42.5038100" lon="12.8846700"></trkpt>
      <trkpt lat="42.5037600" lon="12.8846900"></trkpt>
      <trkpt lat="42.5036700" lon="12.8847200"></trkpt>
      <trkpt lat="42.5034900" lon="12.8847800"></trkpt>
      <trkpt lat="42.5032700" lon="12.8848500"></trkpt>
      <trkpt lat="42.5030300" lon="12.8849200"></trkpt>
      <trkpt lat="42.5029100" lon="12.8849800"></trkpt>
      <trkpt lat="42.5028400" lon="12.8850100"></trkpt>
      <trkpt lat="42.5028000" lon="12.8850400"></trkpt>
      <trkpt lat="42.5027900" lon="12.8850400"></trkpt>
      <trkpt lat="42.5027500" lon="12.8850700"></trkpt>
      <trkpt lat="42.5027300" lon="12.8851000"></trkpt>
      <trkpt lat="42.5027200" lon="12.8851100"></trkpt>
      <trkpt lat="42.5026600" lon="12.8852100"></trkpt>
      <trkpt lat="42.5025800" lon="12.8853900"></trkpt>
      <trkpt lat="42.5025300" lon="12.8855000"></trkpt>
      <trkpt lat="42.5024400" lon="12.8857000"></trkpt>
      <trkpt lat="42.5024000" lon="12.8858300"></trkpt>
      <trkpt lat="42.5023900" lon="12.8858900"></trkpt>
      <trkpt lat="42.5023800" lon="12.8859400"></trkpt>
      <trkpt lat="42.5023500" lon="12.8860600"></trkpt>
      <trkpt lat="42.5023400" lon="12.8861000"></trkpt>
      <trkpt lat="42.5023300" lon="12.8861800"></trkpt>
      <trkpt lat="42.5023100" lon="12.8863800"></trkpt>
      <trkpt lat="42.5023100" lon="12.8864200"></trkpt>
      <trkpt lat="42.5022900" lon="12.8868000"></trkpt>
      <trkpt lat="42.5022800" lon="12.8868500"></trkpt>
      <trkpt lat="42.5022800" lon="12.8868900"></trkpt>
      <trkpt lat="42.5022600" lon="12.8869300"></trkpt>
      <trkpt lat="42.5022200" lon="12.8869600"></trkpt>
      <trkpt lat="42.5022000" lon="12.8869700"></trkpt>
      <trkpt lat="42.5021800" lon="12.8869800"></trkpt>
      <trkpt lat="42.5021600" lon="12.8869900"></trkpt>
      <trkpt lat="42.5021400" lon="12.8869900"></trkpt>
      <trkpt lat="42.5021300" lon="12.8869800"></trkpt>
      <trkpt lat="42.5021200" lon="12.8869800"></trkpt>
      <trkpt lat="42.5021000" lon="12.8869700"></trkpt>
      <trkpt lat="42.5021000" lon="12.8869600"></trkpt>
      <trkpt lat="42.5020800" lon="12.8869400"></trkpt>
      <trkpt lat="42.5020700" lon="12.8869200"></trkpt>
      <trkpt lat="42.5020600" lon="12.8868900"></trkpt>
      <trkpt lat="42.5020500" lon="12.8868500"></trkpt>
      <trkpt lat="42.5020500" lon="12.8868000"></trkpt>
      <trkpt lat="42.5020500" lon="12.8867600"></trkpt>
      <trkpt lat="42.5020600" lon="12.8867400"></trkpt>
      <trkpt lat="42.5020600" lon="12.8867200"></trkpt>
      <trkpt lat="42.5020700" lon="12.8866800"></trkpt>
      <trkpt lat="42.5020700" lon="12.8866500"></trkpt>
      <trkpt lat="42.5021100" lon="12.8865000"></trkpt>
      <trkpt lat="42.5021200" lon="12.8864500"></trkpt>
      <trkpt lat="42.5021500" lon="12.8863000"></trkpt>
      <trkpt lat="42.5021500" lon="12.8862600"></trkpt>
      <trkpt lat="42.5021500" lon="12.8862100"></trkpt>
      <trkpt lat="42.5021600" lon="12.8860700"></trkpt>
      <trkpt lat="42.5021600" lon="12.8860600"></trkpt>
      <trkpt lat="42.5021600" lon="12.8860200"></trkpt>
      <trkpt lat="42.5021700" lon="12.8859700"></trkpt>
      <trkpt lat="42.5021800" lon="12.8857800"></trkpt>
      <trkpt lat="42.5021800" lon="12.8857300"></trkpt>
      <trkpt lat="42.5022000" lon="12.8855500"></trkpt>
      <trkpt lat="42.5022000" lon="12.8855400"></trkpt>
      <trkpt lat="42.5022100" lon="12.8854800"></trkpt>
      <trkpt lat="42.5022100" lon="12.8853400"></trkpt>
      <trkpt lat="42.5022200" lon="12.8853300"></trkpt>
      <trkpt lat="42.5022200" lon="12.8852900"></trkpt>
      <trkpt lat="42.5022300" lon="12.8852400"></trkpt>
      <trkpt lat="42.5022400" lon="12.8850900"></trkpt>
      <trkpt lat="42.5022500" lon="12.8850500"></trkpt>
      <trkpt lat="42.5022700" lon="12.8850000"></trkpt>
      <trkpt lat="42.5022900" lon="12.8848900"></trkpt>
      <trkpt lat="42.5023200" lon="12.8848300"></trkpt>
      <trkpt lat="42.5023400" lon="12.8847800"></trkpt>
      <trkpt lat="42.5024000" lon="12.8846400"></trkpt>
      <trkpt lat="42.5024100" lon="12.8846200"></trkpt>
      <trkpt lat="42.5024400" lon="12.8845800"></trkpt>
      <trkpt lat="42.5024900" lon="12.8845100"></trkpt>
      <trkpt lat="42.5025300" lon="12.8844400"></trkpt>
      <trkpt lat="42.5025600" lon="12.8844100"></trkpt>
      <trkpt lat="42.5026000" lon="12.8843600"></trkpt>
      <trkpt lat="42.5026900" lon="12.8842400"></trkpt>
      <trkpt lat="42.5027100" lon="12.8842200"></trkpt>
      <trkpt lat="42.5027300" lon="12.8842100"></trkpt>
      <trkpt lat="42.5028600" lon="12.8841000"></trkpt>
      <trkpt lat="42.5029600" lon="12.8840100"></trkpt>
      <trkpt lat="42.5030400" lon="12.8839600"></trkpt>
      <trkpt lat="42.5030900" lon="12.8839300"></trkpt>
      <trkpt lat="42.5031400" lon="12.8838900"></trkpt>
      <trkpt lat="42.5032100" lon="12.8838200"></trkpt>
      <trkpt lat="42.5032800" lon="12.8837100"></trkpt>
      <trkpt lat="42.5033100" lon="12.8836500"></trkpt>
      <trkpt lat="42.5034100" lon="12.8834800"></trkpt>
      <trkpt lat="42.5034800" lon="12.8833100"></trkpt>
      <trkpt lat="42.5036800" lon="12.8828200"></trkpt>
      <trkpt lat="42.5038800" lon="12.8822800"></trkpt>
      <trkpt lat="42.5038900" lon="12.8822600"></trkpt>
      <trkpt lat="42.5038900" lon="12.8822300"></trkpt>
      <trkpt lat="42.5039000" lon="12.8821700"></trkpt>
      <trkpt lat="42.5039000" lon="12.8821300"></trkpt>
      <trkpt lat="42.5038900" lon="12.8820800"></trkpt>
      <trkpt lat="42.5038800" lon="12.8820600"></trkpt>
      <trkpt lat="42.5038800" lon="12.8820500"></trkpt>
      <trkpt lat="42.5038700" lon="12.8820400"></trkpt>
      <trkpt lat="42.5038600" lon="12.8820300"></trkpt>
      <trkpt lat="42.5038400" lon="12.8820200"></trkpt>
      <trkpt lat="42.5038300" lon="12.8820200"></trkpt>
      <trkpt lat="42.5037900" lon="12.8820300"></trkpt>
      <trkpt lat="42.5037500" lon="12.8820600"></trkpt>
      <trkpt lat="42.5037300" lon="12.8821000"></trkpt>
      <trkpt lat="42.5037000" lon="12.8821400"></trkpt>
      <trkpt lat="42.5036700" lon="12.8822100"></trkpt>
      <trkpt lat="42.5034600" lon="12.8826000"></trkpt>
      <trkpt lat="42.5032900" lon="12.8829400"></trkpt>
      <trkpt lat="42.5031200" lon="12.8832200"></trkpt>
      <trkpt lat="42.5030700" lon="12.8832200"></trkpt>
      <trkpt lat="42.5030600" lon="12.8832100"></trkpt>
      <trkpt lat="42.5030400" lon="12.8831900"></trkpt>
      <trkpt lat="42.5030200" lon="12.8831700"></trkpt>
      <trkpt lat="42.5030200" lon="12.8831300"></trkpt>
      <trkpt lat="42.5030100" lon="12.8830900"></trkpt>
      <trkpt lat="42.5032300" lon="12.8826800"></trkpt>
      <trkpt lat="42.5032800" lon="12.8825800"></trkpt>
      <trkpt lat="42.5033200" lon="12.8824900"></trkpt>
      <trkpt lat="42.5033700" lon="12.8823900"></trkpt>
      <trkpt lat="42.5034200" lon="12.8822400"></trkpt>
      <trkpt lat="42.5034500" lon="12.8821500"></trkpt>
      <trkpt lat="42.5035000" lon="12.8819400"></trkpt>
      <trkpt lat="42.5035000" lon="12.8819200"></trkpt>
      <trkpt lat="42.5035800" lon="12.8815700"></trkpt>
      <trkpt lat="42.5036100" lon="12.8813600"></trkpt>
      <trkpt lat="42.5036200" lon="12.8813400"></trkpt>
      <trkpt lat="42.5036300" lon="12.8812800"></trkpt>
      <trkpt lat="42.5036400" lon="12.8812200"></trkpt>
      <trkpt lat="42.5036500" lon="12.8811300"></trkpt>
      <trkpt lat="42.5036600" lon="12.8810800"></trkpt>
      <trkpt lat="42.5037100" lon="12.8808600"></trkpt>
      <trkpt lat="42.5037500" lon="12.8807100"></trkpt>
      <trkpt lat="42.5037600" lon="12.8806900"></trkpt>
      <trkpt lat="42.5038000" lon="12.8805500"></trkpt>
      <trkpt lat="42.5038800" lon="12.8803000"></trkpt>
      <trkpt lat="42.5039300" lon="12.8801300"></trkpt>
      <trkpt lat="42.5040600" lon="12.8798500"></trkpt>
      <trkpt lat="42.5041500" lon="12.8796200"></trkpt>
      <trkpt lat="42.5042700" lon="12.8793400"></trkpt>
      <trkpt lat="42.5043200" lon="12.8792100"></trkpt>
      <trkpt lat="42.5043600" lon="12.8791400"></trkpt>
      <trkpt lat="42.5044100" lon="12.8790600"></trkpt>
      <trkpt lat="42.5044800" lon="12.8789900"></trkpt>
      <trkpt lat="42.5045200" lon="12.8789400"></trkpt>
      <trkpt lat="42.5045400" lon="12.8789100"></trkpt>
      <trkpt lat="42.5045600" lon="12.8788900"></trkpt>
      <trkpt lat="42.5046000" lon="12.8788500"></trkpt>
      <trkpt lat="42.5046400" lon="12.8788100"></trkpt>
      <trkpt lat="42.5046800" lon="12.8787400"></trkpt>
      <trkpt lat="42.5047100" lon="12.8786900"></trkpt>
      <trkpt lat="42.5047600" lon="12.8786000"></trkpt>
      <trkpt lat="42.5047900" lon="12.8785000"></trkpt>
      <trkpt lat="42.5048200" lon="12.8784200"></trkpt>
      <trkpt lat="42.5048500" lon="12.8783400"></trkpt>
      <trkpt lat="42.5048900" lon="12.8782300"></trkpt>
      <trkpt lat="42.5049800" lon="12.8781100"></trkpt>
      <trkpt lat="42.5050400" lon="12.8780400"></trkpt>
      <trkpt lat="42.5050700" lon="12.8780100"></trkpt>
      <trkpt lat="42.5051300" lon="12.8779500"></trkpt>
      <trkpt lat="42.5052100" lon="12.8778800"></trkpt>
      <trkpt lat="42.5053100" lon="12.8778000"></trkpt>
      <trkpt lat="42.5054000" lon="12.8777300"></trkpt>
      <trkpt lat="42.5054500" lon="12.8776800"></trkpt>
      <trkpt lat="42.5054900" lon="12.8776200"></trkpt>
      <trkpt lat="42.5055500" lon="12.8775200"></trkpt>
      <trkpt lat="42.5055600" lon="12.8775000"></trkpt>
      <trkpt lat="42.5055800" lon="12.8774300"></trkpt>
      <trkpt lat="42.5056100" lon="12.8773300"></trkpt>
      <trkpt lat="42.5056200" lon="12.8773000"></trkpt>
      <trkpt lat="42.5056300" lon="12.8772400"></trkpt>
      <trkpt lat="42.5056500" lon="12.8771100"></trkpt>
      <trkpt lat="42.5056600" lon="12.8770300"></trkpt>
      <trkpt lat="42.5056600" lon="12.8769500"></trkpt>
      <trkpt lat="42.5056600" lon="12.8768700"></trkpt>
      <trkpt lat="42.5056600" lon="12.8768200"></trkpt>
      <trkpt lat="42.5056600" lon="12.8767900"></trkpt>
      <trkpt lat="42.5056500" lon="12.8767200"></trkpt>
      <trkpt lat="42.5056500" lon="12.8767100"></trkpt>
      <trkpt lat="42.5056300" lon="12.8766300"></trkpt>
      <trkpt lat="42.5056100" lon="12.8765400"></trkpt>
      <trkpt lat="42.5055900" lon="12.8763900"></trkpt>
      <trkpt lat="42.5055700" lon="12.8762600"></trkpt>
      <trkpt lat="42.5055700" lon="12.8761500"></trkpt>
      <trkpt lat="42.5055800" lon="12.8760800"></trkpt>
      <trkpt lat="42.5055800" lon="12.8760300"></trkpt>
      <trkpt lat="42.5055900" lon="12.8759900"></trkpt>
      <trkpt lat="42.5056000" lon="12.8759600"></trkpt>
      <trkpt lat="42.5056300" lon="12.8758700"></trkpt>
      <trkpt lat="42.5056300" lon="12.8758600"></trkpt>
      <trkpt lat="42.5057000" lon="12.8756500"></trkpt>
      <trkpt lat="42.5058200" lon="12.8753300"></trkpt>
      <trkpt lat="42.5059300" lon="12.8749900"></trkpt>
      <trkpt lat="42.5060300" lon="12.8746700"></trkpt>
      <trkpt lat="42.5060900" lon="12.8745100"></trkpt>
      <trkpt lat="42.5061100" lon="12.8744400"></trkpt>
      <trkpt lat="42.5061300" lon="12.8744000"></trkpt>
      <trkpt lat="42.5061600" lon="12.8743200"></trkpt>
      <trkpt lat="42.5061700" lon="12.8743000"></trkpt>
      <trkpt lat="42.5062100" lon="12.8742300"></trkpt>
      <trkpt lat="42.5062200" lon="12.8742100"></trkpt>
      <trkpt lat="42.5062700" lon="12.8741500"></trkpt>
      <trkpt lat="42.5063500" lon="12.8740800"></trkpt>
      <trkpt lat="42.5064700" lon="12.8740100"></trkpt>
      <trkpt lat="42.5065200" lon="12.8740000"></trkpt>
      <trkpt lat="42.5065800" lon="12.8739700"></trkpt>
      <trkpt lat="42.5066100" lon="12.8739500"></trkpt>
      <trkpt lat="42.5066400" lon="12.8739200"></trkpt>
      <trkpt lat="42.5066800" lon="12.8738700"></trkpt>
      <trkpt lat="42.5067100" lon="12.8738100"></trkpt>
      <trkpt lat="42.5067200" lon="12.8737600"></trkpt>
      <trkpt lat="42.5067300" lon="12.8737000"></trkpt>
      <trkpt lat="42.5067300" lon="12.8736200"></trkpt>
      <trkpt lat="42.5067100" lon="12.8735300"></trkpt>
      <trkpt lat="42.5066700" lon="12.8735200"></trkpt>
      <trkpt lat="42.5066400" lon="12.8735100"></trkpt>
      <trkpt lat="42.5065800" lon="12.8734900"></trkpt>
      <trkpt lat="42.5064900" lon="12.8734800"></trkpt>
      <trkpt lat="42.5064200" lon="12.8735200"></trkpt>
      <trkpt lat="42.5063700" lon="12.8735500"></trkpt>
      <trkpt lat="42.5063600" lon="12.8735500"></trkpt>
      <trkpt lat="42.5063000" lon="12.8736100"></trkpt>
      <trkpt lat="42.5062400" lon="12.8737000"></trkpt>
      <trkpt lat="42.5061300" lon="12.8738300"></trkpt>
      <trkpt lat="42.5060100" lon="12.8740000"></trkpt>
      <trkpt lat="42.5059100" lon="12.8741800"></trkpt>
      <trkpt lat="42.5058100" lon="12.8743400"></trkpt>
      <trkpt lat="42.5057200" lon="12.8744900"></trkpt>
      <trkpt lat="42.5056700" lon="12.8745700"></trkpt>
      <trkpt lat="42.5056400" lon="12.8746300"></trkpt>
      <trkpt lat="42.5055700" lon="12.8747900"></trkpt>
      <trkpt lat="42.5055400" lon="12.8748400"></trkpt>
      <trkpt lat="42.5055200" lon="12.8748900"></trkpt>
      <trkpt lat="42.5054400" lon="12.8749800"></trkpt>
      <trkpt lat="42.5054200" lon="12.8750100"></trkpt>
      <trkpt lat="42.5053900" lon="12.8750300"></trkpt>
      <trkpt lat="42.5053400" lon="12.8750700"></trkpt>
      <trkpt lat="42.5052400" lon="12.8751500"></trkpt>
      <trkpt lat="42.5051400" lon="12.8752300"></trkpt>
      <trkpt lat="42.5050700" lon="12.8753000"></trkpt>
      <trkpt lat="42.5050200" lon="12.8753800"></trkpt>
      <trkpt lat="42.5049900" lon="12.8754500"></trkpt>
      <trkpt lat="42.5049800" lon="12.8755200"></trkpt>
      <trkpt lat="42.5049400" lon="12.8757600"></trkpt>
      <trkpt lat="42.5048900" lon="12.8759400"></trkpt>
      <trkpt lat="42.5048700" lon="12.8760000"></trkpt>
      <trkpt lat="42.5048400" lon="12.8760700"></trkpt>
      <trkpt lat="42.5047900" lon="12.8761400"></trkpt>
      <trkpt lat="42.5047500" lon="12.8761800"></trkpt>
      <trkpt lat="42.5047000" lon="12.8762200"></trkpt>
      <trkpt lat="42.5046500" lon="12.8762300"></trkpt>
      <trkpt lat="42.5046000" lon="12.8762400"></trkpt>
      <trkpt lat="42.5045400" lon="12.8762400"></trkpt>
      <trkpt lat="42.5044800" lon="12.8762200"></trkpt>
      <trkpt lat="42.5043500" lon="12.8761800"></trkpt>
      <trkpt lat="42.5043000" lon="12.8761600"></trkpt>
      <trkpt lat="42.5042500" lon="12.8761400"></trkpt>
      <trkpt lat="42.5041300" lon="12.8761000"></trkpt>
      <trkpt lat="42.5041200" lon="12.8761000"></trkpt>
      <trkpt lat="42.5039500" lon="12.8760700"></trkpt>
      <trkpt lat="42.5039000" lon="12.8760800"></trkpt>
      <trkpt lat="42.5038700" lon="12.8760900"></trkpt>
      <trkpt lat="42.5038400" lon="12.8761100"></trkpt>
      <trkpt lat="42.5038200" lon="12.8761200"></trkpt>
      <trkpt lat="42.5038100" lon="12.8761500"></trkpt>
      <trkpt lat="42.5037900" lon="12.8761700"></trkpt>
      <trkpt lat="42.5037900" lon="12.8761800"></trkpt>
      <trkpt lat="42.5037800" lon="12.8762000"></trkpt>
      <trkpt lat="42.5037600" lon="12.8762400"></trkpt>
      <trkpt lat="42.5037500" lon="12.8762800"></trkpt>
      <trkpt lat="42.5037500" lon="12.8763300"></trkpt>
      <trkpt lat="42.5037400" lon="12.8763800"></trkpt>
      <trkpt lat="42.5037400" lon="12.8764400"></trkpt>
      <trkpt lat="42.5037400" lon="12.8765300"></trkpt>
      <trkpt lat="42.5037400" lon="12.8766500"></trkpt>
      <trkpt lat="42.5037400" lon="12.8767000"></trkpt>
      <trkpt lat="42.5037400" lon="12.8768200"></trkpt>
      <trkpt lat="42.5037400" lon="12.8769300"></trkpt>
      <trkpt lat="42.5037300" lon="12.8770100"></trkpt>
      <trkpt lat="42.5037000" lon="12.8771100"></trkpt>
      <trkpt lat="42.5036800" lon="12.8771600"></trkpt>
      <trkpt lat="42.5036500" lon="12.8772100"></trkpt>
      <trkpt lat="42.5036100" lon="12.8772600"></trkpt>
      <trkpt lat="42.5035600" lon="12.8773100"></trkpt>
      <trkpt lat="42.5035100" lon="12.8773500"></trkpt>
      <trkpt lat="42.5034500" lon="12.8773900"></trkpt>
      <trkpt lat="42.5033000" lon="12.8774600"></trkpt>
      <trkpt lat="42.5032400" lon="12.8774900"></trkpt>
      <trkpt lat="42.5031700" lon="12.8775300"></trkpt>
      <trkpt lat="42.5030700" lon="12.8775800"></trkpt>
      <trkpt lat="42.5030000" lon="12.8776100"></trkpt>
      <trkpt lat="42.5027500" lon="12.8777000"></trkpt>
      <trkpt lat="42.5024400" lon="12.8778200"></trkpt>
      <trkpt lat="42.5023400" lon="12.8778600"></trkpt>
      <trkpt lat="42.5022600" lon="12.8779000"></trkpt>
      <trkpt lat="42.5021900" lon="12.8779400"></trkpt>
      <trkpt lat="42.5021300" lon="12.8779900"></trkpt>
      <trkpt lat="42.5021200" lon="12.8779900"></trkpt>
      <trkpt lat="42.5020800" lon="12.8780200"></trkpt>
      <trkpt lat="42.5020500" lon="12.8780600"></trkpt>
      <trkpt lat="42.5020200" lon="12.8781100"></trkpt>
      <trkpt lat="42.5019900" lon="12.8781500"></trkpt>
      <trkpt lat="42.5019800" lon="12.8781600"></trkpt>
      <trkpt lat="42.5019600" lon="12.8782200"></trkpt>
      <trkpt lat="42.5019400" lon="12.8782800"></trkpt>
      <trkpt lat="42.5019200" lon="12.8783700"></trkpt>
      <trkpt lat="42.5019000" lon="12.8784400"></trkpt>
      <trkpt lat="42.5018500" lon="12.8785800"></trkpt>
      <trkpt lat="42.5018200" lon="12.8787000"></trkpt>
      <trkpt lat="42.5017800" lon="12.8788000"></trkpt>
      <trkpt lat="42.5017500" lon="12.8789000"></trkpt>
      <trkpt lat="42.5017100" lon="12.8789700"></trkpt>
      <trkpt lat="42.5016800" lon="12.8790200"></trkpt>
      <trkpt lat="42.5016300" lon="12.8791000"></trkpt>
      <trkpt lat="42.5015300" lon="12.8792200"></trkpt>
      <trkpt lat="42.5014400" lon="12.8793400"></trkpt>
      <trkpt lat="42.5012400" lon="12.8795800"></trkpt>
      <trkpt lat="42.5011100" lon="12.8797200"></trkpt>
      <trkpt lat="42.5011000" lon="12.8796000"></trkpt>
      <trkpt lat="42.5011100" lon="12.8795400"></trkpt>
      <trkpt lat="42.5011100" lon="12.8794700"></trkpt>
      <trkpt lat="42.5011100" lon="12.8794500"></trkpt>
      <trkpt lat="42.5011200" lon="12.8793500"></trkpt>
      <trkpt lat="42.5011400" lon="12.8792400"></trkpt>
      <trkpt lat="42.5011400" lon="12.8792300"></trkpt>
      <trkpt lat="42.5011500" lon="12.8791000"></trkpt>
      <trkpt lat="42.5011600" lon="12.8789900"></trkpt>
      <trkpt lat="42.5011600" lon="12.8789800"></trkpt>
      <trkpt lat="42.5011800" lon="12.8789100"></trkpt>
      <trkpt lat="42.5011900" lon="12.8788600"></trkpt>
      <trkpt lat="42.5012100" lon="12.8788100"></trkpt>
      <trkpt lat="42.5012200" lon="12.8787600"></trkpt>
      <trkpt lat="42.5012300" lon="12.8787500"></trkpt>
      <trkpt lat="42.5012900" lon="12.8786400"></trkpt>
      <trkpt lat="42.5013300" lon="12.8785600"></trkpt>
      <trkpt lat="42.5013500" lon="12.8785200"></trkpt>
      <trkpt lat="42.5013800" lon="12.8784500"></trkpt>
      <trkpt lat="42.5013900" lon="12.8783800"></trkpt>
      <trkpt lat="42.5014000" lon="12.8783100"></trkpt>
      <trkpt lat="42.5014100" lon="12.8782500"></trkpt>
      <trkpt lat="42.5014100" lon="12.8781700"></trkpt>
      <trkpt lat="42.5014100" lon="12.8781000"></trkpt>
      <trkpt lat="42.5014100" lon="12.8780800"></trkpt>
      <trkpt lat="42.5014000" lon="12.8779900"></trkpt>
      <trkpt lat="42.5013900" lon="12.8779100"></trkpt>
      <trkpt lat="42.5013900" lon="12.8778400"></trkpt>
      <trkpt lat="42.5013700" lon="12.8777500"></trkpt>
      <trkpt lat="42.5013500" lon="12.8776600"></trkpt>
      <trkpt lat="42.5013400" lon="12.8776300"></trkpt>
      <trkpt lat="42.5013200" lon="12.8775200"></trkpt>
      <trkpt lat="42.5013200" lon="12.8773900"></trkpt>
      <trkpt lat="42.5013200" lon="12.8773400"></trkpt>
      <trkpt lat="42.5013200" lon="12.8772100"></trkpt>
      <trkpt lat="42.5013200" lon="12.8771200"></trkpt>
      <trkpt lat="42.5013100" lon="12.8770100"></trkpt>
      <trkpt lat="42.5013200" lon="12.8769100"></trkpt>
      <trkpt lat="42.5013200" lon="12.8769000"></trkpt>
      <trkpt lat="42.5013400" lon="12.8767600"></trkpt>
      <trkpt lat="42.5013600" lon="12.8766600"></trkpt>
      <trkpt lat="42.5013700" lon="12.8765600"></trkpt>
      <trkpt lat="42.5013800" lon="12.8764200"></trkpt>
      <trkpt lat="42.5013800" lon="12.8762500"></trkpt>
      <trkpt lat="42.5013900" lon="12.8761600"></trkpt>
      <trkpt lat="42.5014000" lon="12.8760700"></trkpt>
      <trkpt lat="42.5014000" lon="12.8759800"></trkpt>
      <trkpt lat="42.5014000" lon="12.8759300"></trkpt>
      <trkpt lat="42.5014000" lon="12.8759200"></trkpt>
      <trkpt lat="42.5013800" lon="12.8758400"></trkpt>
      <trkpt lat="42.5013400" lon="12.8757200"></trkpt>
      <trkpt lat="42.5012900" lon="12.8755800"></trkpt>
      <trkpt lat="42.5012500" lon="12.8754900"></trkpt>
      <trkpt lat="42.5012400" lon="12.8754600"></trkpt>
      <trkpt lat="42.5011900" lon="12.8753300"></trkpt>
      <trkpt lat="42.5011500" lon="12.8752500"></trkpt>
      <trkpt lat="42.5011100" lon="12.8751800"></trkpt>
      <trkpt lat="42.5010700" lon="12.8751200"></trkpt>
      <trkpt lat="42.5010600" lon="12.8750800"></trkpt>
      <trkpt lat="42.5010300" lon="12.8750400"></trkpt>
      <trkpt lat="42.5010100" lon="12.8749700"></trkpt>
      <trkpt lat="42.5010100" lon="12.8749200"></trkpt>
      <trkpt lat="42.5010000" lon="12.8748700"></trkpt>
      <trkpt lat="42.5010000" lon="12.8748200"></trkpt>
      <trkpt lat="42.5010000" lon="12.8748100"></trkpt>
      <trkpt lat="42.5010000" lon="12.8747700"></trkpt>
      <trkpt lat="42.5010000" lon="12.8747300"></trkpt>
      <trkpt lat="42.5009800" lon="12.8747000"></trkpt>
      <trkpt lat="42.5009700" lon="12.8746700"></trkpt>
      <trkpt lat="42.5009400" lon="12.8746300"></trkpt>
      <trkpt lat="42.5009300" lon="12.8746100"></trkpt>
      <trkpt lat="42.5009000" lon="12.8745700"></trkpt>
      <trkpt lat="42.5008700" lon="12.8745200"></trkpt>
      <trkpt lat="42.5008400" lon="12.8745000"></trkpt>
      <trkpt lat="42.5007900" lon="12.8744600"></trkpt>
      <trkpt lat="42.5006300" lon="12.8746800"></trkpt>
      <trkpt lat="42.5004300" lon="12.8750000"></trkpt>
      <trkpt lat="42.5001200" lon="12.8754900"></trkpt>
      <trkpt lat="42.4998300" lon="12.8759200"></trkpt>
      <trkpt lat="42.4994500" lon="12.8765000"></trkpt>
      <trkpt lat="42.4991100" lon="12.8768500"></trkpt>
      <trkpt lat="42.4990400" lon="12.8769100"></trkpt>
      <trkpt lat="42.4989100" lon="12.8770300"></trkpt>
      <trkpt lat="42.4988900" lon="12.8770400"></trkpt>
      <trkpt lat="42.4986800" lon="12.8772100"></trkpt>
      <trkpt lat="42.4984600" lon="12.8773700"></trkpt>
      <trkpt lat="42.4982500" lon="12.8775000"></trkpt>
      <trkpt lat="42.4977800" lon="12.8778700"></trkpt>
      <trkpt lat="42.4977500" lon="12.8778900"></trkpt>
      <trkpt lat="42.4976200" lon="12.8779700"></trkpt>
      <trkpt lat="42.4974400" lon="12.8780800"></trkpt>
      <trkpt lat="42.4972200" lon="12.8782000"></trkpt>
      <trkpt lat="42.4969400" lon="12.8783000"></trkpt>
      <trkpt lat="42.4969200" lon="12.8783000"></trkpt>
      <trkpt lat="42.4967600" lon="12.8783300"></trkpt>
      <trkpt lat="42.4965900" lon="12.8783700"></trkpt>
      <trkpt lat="42.4963700" lon="12.8784100"></trkpt>
      <trkpt lat="42.4962000" lon="12.8784600"></trkpt>
      <trkpt lat="42.4960800" lon="12.8785000"></trkpt>
      <trkpt lat="42.4960600" lon="12.8784400"></trkpt>
      <trkpt lat="42.4960200" lon="12.8783600"></trkpt>
      <trkpt lat="42.4959800" lon="12.8783000"></trkpt>
      <trkpt lat="42.4959700" lon="12.8782800"></trkpt>
      <trkpt lat="42.4959300" lon="12.8782300"></trkpt>
      <trkpt lat="42.4956500" lon="12.8778800"></trkpt>
      <trkpt lat="42.4954700" lon="12.8777000"></trkpt>
      <trkpt lat="42.4954400" lon="12.8776600"></trkpt>
      <trkpt lat="42.4954000" lon="12.8776200"></trkpt>
      <trkpt lat="42.4953500" lon="12.8775600"></trkpt>
      <trkpt lat="42.4953200" lon="12.8775100"></trkpt>
      <trkpt lat="42.4952900" lon="12.8774600"></trkpt>
      <trkpt lat="42.4952100" lon="12.8773300"></trkpt>
      <trkpt lat="42.4950900" lon="12.8770600"></trkpt>
      <trkpt lat="42.4950000" lon="12.8768000"></trkpt>
      <trkpt lat="42.4949400" lon="12.8765200"></trkpt>
      <trkpt lat="42.4948000" lon="12.8758100"></trkpt>
      <trkpt lat="42.4947000" lon="12.8753400"></trkpt>
      <trkpt lat="42.4945300" lon="12.8745300"></trkpt>
      <trkpt lat="42.4942600" lon="12.8733000"></trkpt>
      <trkpt lat="42.4939600" lon="12.8719400"></trkpt>
      <trkpt lat="42.4939300" lon="12.8718200"></trkpt>
      <trkpt lat="42.4938900" lon="12.8716800"></trkpt>
      <trkpt lat="42.4938500" lon="12.8715500"></trkpt>
      <trkpt lat="42.4937700" lon="12.8713800"></trkpt>
      <trkpt lat="42.4937400" lon="12.8713300"></trkpt>
      <trkpt lat="42.4923600" lon="12.8696900"></trkpt>
      <trkpt lat="42.4922300" lon="12.8695300"></trkpt>
      <trkpt lat="42.4921600" lon="12.8694500"></trkpt>
      <trkpt lat="42.4921500" lon="12.8694400"></trkpt>
      <trkpt lat="42.4921100" lon="12.8693600"></trkpt>
      <trkpt lat="42.4915100" lon="12.8682700"></trkpt>
      <trkpt lat="42.4911400" lon="12.8676000"></trkpt>
      <trkpt lat="42.4907600" lon="12.8669100"></trkpt>
      <trkpt lat="42.4906800" lon="12.8667700"></trkpt>
      <trkpt lat="42.4906400" lon="12.8667200"></trkpt>
      <trkpt lat="42.4906000" lon="12.8666600"></trkpt>
      <trkpt lat="42.4905600" lon="12.8665900"></trkpt>
      <trkpt lat="42.4905300" lon="12.8665600"></trkpt>
      <trkpt lat="42.4905100" lon="12.8665400"></trkpt>
      <trkpt lat="42.4904500" lon="12.8664700"></trkpt>
      <trkpt lat="42.4902700" lon="12.8662900"></trkpt>
      <trkpt lat="42.4899500" lon="12.8660700"></trkpt>
      <trkpt lat="42.4892900" lon="12.8656200"></trkpt>
      <trkpt lat="42.4892600" lon="12.8655800"></trkpt>
      <trkpt lat="42.4890400" lon="12.8653200"></trkpt>
      <trkpt lat="42.4888500" lon="12.8650900"></trkpt>
      <trkpt lat="42.4885900" lon="12.8647700"></trkpt>
      <trkpt lat="42.4882400" lon="12.8643500"></trkpt>
      <trkpt lat="42.4879100" lon="12.8639600"></trkpt>
      <trkpt lat="42.4878500" lon="12.8638900"></trkpt>
      <trkpt lat="42.4877800" lon="12.8638000"></trkpt>
      <trkpt lat="42.4876400" lon="12.8636500"></trkpt>
      <trkpt lat="42.4875100" lon="12.8634700"></trkpt>
      <trkpt lat="42.4874200" lon="12.8633300"></trkpt>
      <trkpt lat="42.4873500" lon="12.8631900"></trkpt>
      <trkpt lat="42.4873000" lon="12.8630800"></trkpt>
      <trkpt lat="42.4872400" lon="12.8629100"></trkpt>
      <trkpt lat="42.4872200" lon="12.8628600"></trkpt>
      <trkpt lat="42.4871500" lon="12.8626600"></trkpt>
      <trkpt lat="42.4871500" lon="12.8626400"></trkpt>
      <trkpt lat="42.4870700" lon="12.8624100"></trkpt>
      <trkpt lat="42.4867800" lon="12.8615200"></trkpt>
      <trkpt lat="42.4866400" lon="12.8610700"></trkpt>
      <trkpt lat="42.4865600" lon="12.8608500"></trkpt>
      <trkpt lat="42.4864900" lon="12.8606300"></trkpt>
      <trkpt lat="42.4864200" lon="12.8604000"></trkpt>
      <trkpt lat="42.4862700" lon="12.8599600"></trkpt>
      <trkpt lat="42.4862400" lon="12.8598600"></trkpt>
      <trkpt lat="42.4862200" lon="12.8597300"></trkpt>
      <trkpt lat="42.4861200" lon="12.8591200"></trkpt>
      <trkpt lat="42.4861100" lon="12.8590500"></trkpt>
      <trkpt lat="42.4854900" lon="12.8554000"></trkpt>
      <trkpt lat="42.4854500" lon="12.8551300"></trkpt>
      <trkpt lat="42.4854400" lon="12.8549400"></trkpt>
      <trkpt lat="42.4854400" lon="12.8548000"></trkpt>
      <trkpt lat="42.4854400" lon="12.8546300"></trkpt>
      <trkpt lat="42.4854600" lon="12.8544700"></trkpt>
      <trkpt lat="42.4854700" lon="12.8543800"></trkpt>
      <trkpt lat="42.4855200" lon="12.8540800"></trkpt>
      <trkpt lat="42.4856100" lon="12.8534800"></trkpt>
      <trkpt lat="42.4856300" lon="12.8533700"></trkpt>
      <trkpt lat="42.4856500" lon="12.8532400"></trkpt>
      <trkpt lat="42.4857100" lon="12.8528400"></trkpt>
      <trkpt lat="42.4857800" lon="12.8523800"></trkpt>
      <trkpt lat="42.4857900" lon="12.8521500"></trkpt>
      <trkpt lat="42.4857700" lon="12.8517300"></trkpt>
      <trkpt lat="42.4857600" lon="12.8516800"></trkpt>
      <trkpt lat="42.4857400" lon="12.8514400"></trkpt>
      <trkpt lat="42.4857200" lon="12.8512100"></trkpt>
      <trkpt lat="42.4855900" lon="12.8503600"></trkpt>
      <trkpt lat="42.4855900" lon="12.8503500"></trkpt>
      <trkpt lat="42.4855700" lon="12.8502400"></trkpt>
      <trkpt lat="42.4855500" lon="12.8501100"></trkpt>
      <trkpt lat="42.4855300" lon="12.8500100"></trkpt>
      <trkpt lat="42.4852800" lon="12.8486500"></trkpt>
      <trkpt lat="42.4852100" lon="12.8482200"></trkpt>
      <trkpt lat="42.4851600" lon="12.8479800"></trkpt>
      <trkpt lat="42.4850200" lon="12.8471600"></trkpt>
      <trkpt lat="42.4850100" lon="12.8471000"></trkpt>
      <trkpt lat="42.4848700" lon="12.8463200"></trkpt>
      <trkpt lat="42.4848700" lon="12.8462800"></trkpt>
      <trkpt lat="42.4848500" lon="12.8462100"></trkpt>
      <trkpt lat="42.4847800" lon="12.8458900"></trkpt>
      <trkpt lat="42.4847700" lon="12.8458500"></trkpt>
      <trkpt lat="42.4847400" lon="12.8457200"></trkpt>
      <trkpt lat="42.4847000" lon="12.8455900"></trkpt>
      <trkpt lat="42.4846900" lon="12.8455400"></trkpt>
      <trkpt lat="42.4846300" lon="12.8453800"></trkpt>
      <trkpt lat="42.4845600" lon="12.8452300"></trkpt>
      <trkpt lat="42.4845200" lon="12.8451700"></trkpt>
      <trkpt lat="42.4844800" lon="12.8450900"></trkpt>
      <trkpt lat="42.4844000" lon="12.8449800"></trkpt>
      <trkpt lat="42.4843400" lon="12.8448900"></trkpt>
      <trkpt lat="42.4842800" lon="12.8448100"></trkpt>
      <trkpt lat="42.4841800" lon="12.8446800"></trkpt>
      <trkpt lat="42.4841000" lon="12.8445600"></trkpt>
      <trkpt lat="42.4840400" lon="12.8445000"></trkpt>
      <trkpt lat="42.4840100" lon="12.8444800"></trkpt>
      <trkpt lat="42.4839700" lon="12.8444400"></trkpt>
      <trkpt lat="42.4838600" lon="12.8443400"></trkpt>
      <trkpt lat="42.4836200" lon="12.8441300"></trkpt>
      <trkpt lat="42.4833400" lon="12.8438800"></trkpt>
      <trkpt lat="42.4828800" lon="12.8434400"></trkpt>
      <trkpt lat="42.4827800" lon="12.8433500"></trkpt>
      <trkpt lat="42.4823400" lon="12.8429300"></trkpt>
      <trkpt lat="42.4820600" lon="12.8426800"></trkpt>
      <trkpt lat="42.4817500" lon="12.8423900"></trkpt>
      <trkpt lat="42.4816900" lon="12.8423400"></trkpt>
      <trkpt lat="42.4811500" lon="12.8418500"></trkpt>
      <trkpt lat="42.4811100" lon="12.8418100"></trkpt>
      <trkpt lat="42.4810900" lon="12.8417900"></trkpt>
      <trkpt lat="42.4810300" lon="12.8417400"></trkpt>
      <trkpt lat="42.4809600" lon="12.8416700"></trkpt>
      <trkpt lat="42.4809400" lon="12.8416400"></trkpt>
      <trkpt lat="42.4809200" lon="12.8416100"></trkpt>
      <trkpt lat="42.4808400" lon="12.8414800"></trkpt>
      <trkpt lat="42.4806500" lon="12.8411900"></trkpt>
      <trkpt lat="42.4804000" lon="12.8407300"></trkpt>
      <trkpt lat="42.4802100" lon="12.8403900"></trkpt>
      <trkpt lat="42.4801800" lon="12.8403400"></trkpt>
      <trkpt lat="42.4801600" lon="12.8403100"></trkpt>
      <trkpt lat="42.4798800" lon="12.8398000"></trkpt>
      <trkpt lat="42.4796500" lon="12.8393900"></trkpt>
      <trkpt lat="42.4796300" lon="12.8393400"></trkpt>
      <trkpt lat="42.4795200" lon="12.8391400"></trkpt>
      <trkpt lat="42.4794300" lon="12.8389800"></trkpt>
      <trkpt lat="42.4792500" lon="12.8386400"></trkpt>
      <trkpt lat="42.4791900" lon="12.8385500"></trkpt>
      <trkpt lat="42.4791200" lon="12.8384200"></trkpt>
      <trkpt lat="42.4790800" lon="12.8383600"></trkpt>
      <trkpt lat="42.4790400" lon="12.8383000"></trkpt>
      <trkpt lat="42.4789700" lon="12.8382100"></trkpt>
      <trkpt lat="42.4789000" lon="12.8381300"></trkpt>
      <trkpt lat="42.4788700" lon="12.8380900"></trkpt>
      <trkpt lat="42.4788100" lon="12.8380500"></trkpt>
      <trkpt lat="42.4783500" lon="12.8377100"></trkpt>
      <trkpt lat="42.4781400" lon="12.8375600"></trkpt>
      <trkpt lat="42.4778400" lon="12.8373300"></trkpt>
      <trkpt lat="42.4777600" lon="12.8372500"></trkpt>
      <trkpt lat="42.4776900" lon="12.8371800"></trkpt>
      <trkpt lat="42.4776200" lon="12.8370900"></trkpt>
      <trkpt lat="42.4775200" lon="12.8369300"></trkpt>
      <trkpt lat="42.4774300" lon="12.8367000"></trkpt>
      <trkpt lat="42.4774100" lon="12.8366500"></trkpt>
      <trkpt lat="42.4773900" lon="12.8365900"></trkpt>
      <trkpt lat="42.4773600" lon="12.8365000"></trkpt>
      <trkpt lat="42.4773000" lon="12.8362800"></trkpt>
      <trkpt lat="42.4772800" lon="12.8362100"></trkpt>
      <trkpt lat="42.4770700" lon="12.8362200"></trkpt>
      <trkpt lat="42.4767500" lon="12.8362300"></trkpt>
      <trkpt lat="42.4766000" lon="12.8362400"></trkpt>
      <trkpt lat="42.4765200" lon="12.8362400"></trkpt>
      <trkpt lat="42.4764200" lon="12.8362600"></trkpt>
      <trkpt lat="42.4754300" lon="12.8362800"></trkpt>
      <trkpt lat="42.4754000" lon="12.8362800"></trkpt>
      <trkpt lat="42.4753600" lon="12.8362800"></trkpt>
      <trkpt lat="42.4749100" lon="12.8362900"></trkpt>
      <trkpt lat="42.4746200" lon="12.8362900"></trkpt>
      <trkpt lat="42.4745300" lon="12.8362800"></trkpt>
      <trkpt lat="42.4744700" lon="12.8362800"></trkpt>
      <trkpt lat="42.4743000" lon="12.8362700"></trkpt>
      <trkpt lat="42.4741000" lon="12.8362600"></trkpt>
      <trkpt lat="42.4739000" lon="12.8362400"></trkpt>
      <trkpt lat="42.4738100" lon="12.8362300"></trkpt>
      <trkpt lat="42.4737900" lon="12.8362300"></trkpt>
      <trkpt lat="42.4736700" lon="12.8362200"></trkpt>
      <trkpt lat="42.4735300" lon="12.8361900"></trkpt>
      <trkpt lat="42.4734200" lon="12.8361700"></trkpt>
      <trkpt lat="42.4726400" lon="12.8360400"></trkpt>
      <trkpt lat="42.4725400" lon="12.8360100"></trkpt>
      <trkpt lat="42.4723400" lon="12.8359700"></trkpt>
      <trkpt lat="42.4722700" lon="12.8359600"></trkpt>
      <trkpt lat="42.4722000" lon="12.8359300"></trkpt>
      <trkpt lat="42.4721300" lon="12.8359000"></trkpt>
      <trkpt lat="42.4720700" lon="12.8358800"></trkpt>
      <trkpt lat="42.4720200" lon="12.8358400"></trkpt>
      <trkpt lat="42.4719500" lon="12.8357600"></trkpt>
      <trkpt lat="42.4718900" lon="12.8356900"></trkpt>
      <trkpt lat="42.4718600" lon="12.8356300"></trkpt>
      <trkpt lat="42.4718100" lon="12.8355600"></trkpt>
      <trkpt lat="42.4717600" lon="12.8354900"></trkpt>
      <trkpt lat="42.4717500" lon="12.8354800"></trkpt>
      <trkpt lat="42.4713600" lon="12.8348600"></trkpt>
      <trkpt lat="42.4713000" lon="12.8347500"></trkpt>
      <trkpt lat="42.4712700" lon="12.8347200"></trkpt>
      <trkpt lat="42.4711100" lon="12.8344500"></trkpt>
      <trkpt lat="42.4708900" lon="12.8341200"></trkpt>
      <trkpt lat="42.4708600" lon="12.8340700"></trkpt>
      <trkpt lat="42.4706000" lon="12.8336700"></trkpt>
      <trkpt lat="42.4703700" lon="12.8333300"></trkpt>
      <trkpt lat="42.4702800" lon="12.8331800"></trkpt>
      <trkpt lat="42.4702000" lon="12.8330500"></trkpt>
      <trkpt lat="42.4701400" lon="12.8329600"></trkpt>
      <trkpt lat="42.4700700" lon="12.8328600"></trkpt>
      <trkpt lat="42.4700100" lon="12.8327600"></trkpt>
      <trkpt lat="42.4699400" lon="12.8326600"></trkpt>
      <trkpt lat="42.4698600" lon="12.8325700"></trkpt>
      <trkpt lat="42.4697800" lon="12.8324900"></trkpt>
      <trkpt lat="42.4697500" lon="12.8324600"></trkpt>
      <trkpt lat="42.4697100" lon="12.8324300"></trkpt>
      <trkpt lat="42.4696200" lon="12.8323500"></trkpt>
      <trkpt lat="42.4695000" lon="12.8322500"></trkpt>
      <trkpt lat="42.4693800" lon="12.8321600"></trkpt>
      <trkpt lat="42.4689200" lon="12.8318500"></trkpt>
      <trkpt lat="42.4689000" lon="12.8318400"></trkpt>
      <trkpt lat="42.4688900" lon="12.8318300"></trkpt>
      <trkpt lat="42.4682100" lon="12.8313600"></trkpt>
      <trkpt lat="42.4680500" lon="12.8312600"></trkpt>
      <trkpt lat="42.4679000" lon="12.8311700"></trkpt>
      <trkpt lat="42.4677600" lon="12.8311000"></trkpt>
      <trkpt lat="42.4676200" lon="12.8310400"></trkpt>
      <trkpt lat="42.4675100" lon="12.8310100"></trkpt>
      <trkpt lat="42.4673900" lon="12.8309700"></trkpt>
      <trkpt lat="42.4672900" lon="12.8309500"></trkpt>
      <trkpt lat="42.4672300" lon="12.8309400"></trkpt>
      <trkpt lat="42.4671200" lon="12.8309400"></trkpt>
      <trkpt lat="42.4670700" lon="12.8309400"></trkpt>
      <trkpt lat="42.4670100" lon="12.8309500"></trkpt>
      <trkpt lat="42.4669000" lon="12.8309800"></trkpt>
      <trkpt lat="42.4668200" lon="12.8310000"></trkpt>
      <trkpt lat="42.4667000" lon="12.8310300"></trkpt>
      <trkpt lat="42.4664200" lon="12.8311300"></trkpt>
      <trkpt lat="42.4662900" lon="12.8311700"></trkpt>
      <trkpt lat="42.4660600" lon="12.8312400"></trkpt>
      <trkpt lat="42.4657700" lon="12.8313400"></trkpt>
      <trkpt lat="42.4656000" lon="12.8314000"></trkpt>
      <trkpt lat="42.4655500" lon="12.8314100"></trkpt>
      <trkpt lat="42.4655100" lon="12.8314300"></trkpt>
      <trkpt lat="42.4654800" lon="12.8314400"></trkpt>
      <trkpt lat="42.4652100" lon="12.8315200"></trkpt>
      <trkpt lat="42.4651500" lon="12.8315200"></trkpt>
      <trkpt lat="42.4651100" lon="12.8315300"></trkpt>
      <trkpt lat="42.4650600" lon="12.8315300"></trkpt>
      <trkpt lat="42.4649800" lon="12.8315200"></trkpt>
      <trkpt lat="42.4649300" lon="12.8315100"></trkpt>
      <trkpt lat="42.4647800" lon="12.8314600"></trkpt>
      <trkpt lat="42.4645900" lon="12.8314100"></trkpt>
      <trkpt lat="42.4644800" lon="12.8313700"></trkpt>
      <trkpt lat="42.4644200" lon="12.8313500"></trkpt>
      <trkpt lat="42.4643500" lon="12.8313200"></trkpt>
      <trkpt lat="42.4642800" lon="12.8312800"></trkpt>
      <trkpt lat="42.4642200" lon="12.8312400"></trkpt>
      <trkpt lat="42.4641500" lon="12.8311900"></trkpt>
      <trkpt lat="42.4640900" lon="12.8311400"></trkpt>
      <trkpt lat="42.4639600" lon="12.8310300"></trkpt>
      <trkpt lat="42.4638300" lon="12.8308900"></trkpt>
      <trkpt lat="42.4637600" lon="12.8308100"></trkpt>
      <trkpt lat="42.4637100" lon="12.8307500"></trkpt>
      <trkpt lat="42.4636600" lon="12.8306800"></trkpt>
      <trkpt lat="42.4636000" lon="12.8305900"></trkpt>
      <trkpt lat="42.4635600" lon="12.8305000"></trkpt>
      <trkpt lat="42.4634000" lon="12.8301400"></trkpt>
      <trkpt lat="42.4633500" lon="12.8300700"></trkpt>
      <trkpt lat="42.4633000" lon="12.8300100"></trkpt>
      <trkpt lat="42.4632600" lon="12.8299800"></trkpt>
      <trkpt lat="42.4631900" lon="12.8299300"></trkpt>
      <trkpt lat="42.4631100" lon="12.8298800"></trkpt>
      <trkpt lat="42.4629500" lon="12.8297900"></trkpt>
      <trkpt lat="42.4628300" lon="12.8297500"></trkpt>
      <trkpt lat="42.4627600" lon="12.8297300"></trkpt>
      <trkpt lat="42.4626900" lon="12.8297200"></trkpt>
      <trkpt lat="42.4624900" lon="12.8296900"></trkpt>
      <trkpt lat="42.4623800" lon="12.8296900"></trkpt>
      <trkpt lat="42.4622800" lon="12.8297000"></trkpt>
      <trkpt lat="42.4621600" lon="12.8297300"></trkpt>
      <trkpt lat="42.4620900" lon="12.8297600"></trkpt>
      <trkpt lat="42.4620200" lon="12.8297900"></trkpt>
      <trkpt lat="42.4618300" lon="12.8298800"></trkpt>
      <trkpt lat="42.4616700" lon="12.8299600"></trkpt>
      <trkpt lat="42.4615300" lon="12.8300500"></trkpt>
      <trkpt lat="42.4612100" lon="12.8302700"></trkpt>
      <trkpt lat="42.4611300" lon="12.8303300"></trkpt>
      <trkpt lat="42.4609600" lon="12.8304500"></trkpt>
      <trkpt lat="42.4608300" lon="12.8305500"></trkpt>
      <trkpt lat="42.4606600" lon="12.8306700"></trkpt>
      <trkpt lat="42.4604800" lon="12.8307900"></trkpt>
      <trkpt lat="42.4603500" lon="12.8308700"></trkpt>
      <trkpt lat="42.4602000" lon="12.8309500"></trkpt>
      <trkpt lat="42.4601700" lon="12.8309700"></trkpt>
      <trkpt lat="42.4599600" lon="12.8310700"></trkpt>
      <trkpt lat="42.4597600" lon="12.8311700"></trkpt>
      <trkpt lat="42.4595000" lon="12.8312900"></trkpt>
      <trkpt lat="42.4593500" lon="12.8313400"></trkpt>
      <trkpt lat="42.4593100" lon="12.8313500"></trkpt>
      <trkpt lat="42.4592600" lon="12.8313600"></trkpt>
      <trkpt lat="42.4591900" lon="12.8313500"></trkpt>
      <trkpt lat="42.4591000" lon="12.8313400"></trkpt>
      <trkpt lat="42.4590000" lon="12.8313200"></trkpt>
      <trkpt lat="42.4588200" lon="12.8312500"></trkpt>
      <trkpt lat="42.4587400" lon="12.8312300"></trkpt>
      <trkpt lat="42.4586400" lon="12.8312100"></trkpt>
      <trkpt lat="42.4585400" lon="12.8312000"></trkpt>
      <trkpt lat="42.4584900" lon="12.8312000"></trkpt>
      <trkpt lat="42.4584400" lon="12.8312100"></trkpt>
      <trkpt lat="42.4584300" lon="12.8312100"></trkpt>
      <trkpt lat="42.4583900" lon="12.8312100"></trkpt>
      <trkpt lat="42.4583400" lon="12.8312300"></trkpt>
      <trkpt lat="42.4582400" lon="12.8312800"></trkpt>
      <trkpt lat="42.4582100" lon="12.8313000"></trkpt>
      <trkpt lat="42.4580300" lon="12.8314200"></trkpt>
      <trkpt lat="42.4578900" lon="12.8315400"></trkpt>
      <trkpt lat="42.4578600" lon="12.8315600"></trkpt>
      <trkpt lat="42.4572500" lon="12.8321000"></trkpt>
      <trkpt lat="42.4551800" lon="12.8339300"></trkpt>
      <trkpt lat="42.4549200" lon="12.8341700"></trkpt>
      <trkpt lat="42.4539400" lon="12.8350500"></trkpt>
      <trkpt lat="42.4535700" lon="12.8353900"></trkpt>
      <trkpt lat="42.4529600" lon="12.8359400"></trkpt>
      <trkpt lat="42.4525700" lon="12.8363200"></trkpt>
      <trkpt lat="42.4524900" lon="12.8363100"></trkpt>
      <trkpt lat="42.4524500" lon="12.8363100"></trkpt>
      <trkpt lat="42.4524000" lon="12.8362800"></trkpt>
      <trkpt lat="42.4523600" lon="12.8362600"></trkpt>
      <trkpt lat="42.4523300" lon="12.8362300"></trkpt>
      <trkpt lat="42.4523000" lon="12.8362000"></trkpt>
      <trkpt lat="42.4522800" lon="12.8361700"></trkpt>
      <trkpt lat="42.4522500" lon="12.8361300"></trkpt>
      <trkpt lat="42.4522300" lon="12.8361000"></trkpt>
      <trkpt lat="42.4521500" lon="12.8359300"></trkpt>
      <trkpt lat="42.4521300" lon="12.8358900"></trkpt>
      <trkpt lat="42.4520800" lon="12.8357500"></trkpt>
      <trkpt lat="42.4520300" lon="12.8356600"></trkpt>
      <trkpt lat="42.4519600" lon="12.8355200"></trkpt>
      <trkpt lat="42.4519600" lon="12.8355100"></trkpt>
      <trkpt lat="42.4519200" lon="12.8354400"></trkpt>
      <trkpt lat="42.4518600" lon="12.8353400"></trkpt>
      <trkpt lat="42.4518500" lon="12.8353200"></trkpt>
      <trkpt lat="42.4517900" lon="12.8352400"></trkpt>
      <trkpt lat="42.4516800" lon="12.8351100"></trkpt>
      <trkpt lat="42.4516300" lon="12.8350600"></trkpt>
      <trkpt lat="42.4515800" lon="12.8350400"></trkpt>
      <trkpt lat="42.4515700" lon="12.8350400"></trkpt>
      <trkpt lat="42.4515300" lon="12.8350300"></trkpt>
      <trkpt lat="42.4514600" lon="12.8350300"></trkpt>
      <trkpt lat="42.4514000" lon="12.8350300"></trkpt>
      <trkpt lat="42.4511600" lon="12.8351400"></trkpt>
      <trkpt lat="42.4509300" lon="12.8352700"></trkpt>
      <trkpt lat="42.4504200" lon="12.8355500"></trkpt>
      <trkpt lat="42.4497800" lon="12.8359400"></trkpt>
      <trkpt lat="42.4497700" lon="12.8359400"></trkpt>
      <trkpt lat="42.4496400" lon="12.8360500"></trkpt>
      <trkpt lat="42.4494800" lon="12.8361900"></trkpt>
      <trkpt lat="42.4493600" lon="12.8363200"></trkpt>
      <trkpt lat="42.4492800" lon="12.8364300"></trkpt>
      <trkpt lat="42.4492100" lon="12.8365200"></trkpt>
      <trkpt lat="42.4491500" lon="12.8365900"></trkpt>
      <trkpt lat="42.4491400" lon="12.8366100"></trkpt>
      <trkpt lat="42.4491100" lon="12.8366200"></trkpt>
      <trkpt lat="42.4490900" lon="12.8366400"></trkpt>
      <trkpt lat="42.4490300" lon="12.8366600"></trkpt>
      <trkpt lat="42.4488700" lon="12.8367100"></trkpt>
      <trkpt lat="42.4483600" lon="12.8368600"></trkpt>
      <trkpt lat="42.4478300" lon="12.8370100"></trkpt>
      <trkpt lat="42.4476500" lon="12.8370600"></trkpt>
      <trkpt lat="42.4474500" lon="12.8371200"></trkpt>
      <trkpt lat="42.4473100" lon="12.8371700"></trkpt>
      <trkpt lat="42.4473000" lon="12.8371700"></trkpt>
      <trkpt lat="42.4472300" lon="12.8372100"></trkpt>
      <trkpt lat="42.4471400" lon="12.8372700"></trkpt>
      <trkpt lat="42.4468200" lon="12.8375000"></trkpt>
      <trkpt lat="42.4467700" lon="12.8375300"></trkpt>
      <trkpt lat="42.4463800" lon="12.8377800"></trkpt>
      <trkpt lat="42.4462400" lon="12.8378500"></trkpt>
      <trkpt lat="42.4461600" lon="12.8378900"></trkpt>
      <trkpt lat="42.4460800" lon="12.8379200"></trkpt>
      <trkpt lat="42.4459900" lon="12.8379400"></trkpt>
      <trkpt lat="42.4458900" lon="12.8379500"></trkpt>
      <trkpt lat="42.4458300" lon="12.8379400"></trkpt>
      <trkpt lat="42.4457500" lon="12.8379300"></trkpt>
      <trkpt lat="42.4454600" lon="12.8378300"></trkpt>
      <trkpt lat="42.4453500" lon="12.8377900"></trkpt>
      <trkpt lat="42.4452800" lon="12.8377700"></trkpt>
      <trkpt lat="42.4444700" lon="12.8374400"></trkpt>
      <trkpt lat="42.4442500" lon="12.8373400"></trkpt>
      <trkpt lat="42.4440800" lon="12.8372900"></trkpt>
      <trkpt lat="42.4439500" lon="12.8372400"></trkpt>
      <trkpt lat="42.4438800" lon="12.8372200"></trkpt>
      <trkpt lat="42.4438000" lon="12.8372100"></trkpt>
      <trkpt lat="42.4437200" lon="12.8372000"></trkpt>
      <trkpt lat="42.4437000" lon="12.8372000"></trkpt>
      <trkpt lat="42.4436100" lon="12.8372000"></trkpt>
      <trkpt lat="42.4429300" lon="12.8372600"></trkpt>
      <trkpt lat="42.4418700" lon="12.8373800"></trkpt>
      <trkpt lat="42.4418200" lon="12.8373800"></trkpt>
      <trkpt lat="42.4417700" lon="12.8373800"></trkpt>
      <trkpt lat="42.4417200" lon="12.8373700"></trkpt>
      <trkpt lat="42.4416800" lon="12.8373600"></trkpt>
      <trkpt lat="42.4416500" lon="12.8373500"></trkpt>
      <trkpt lat="42.4416300" lon="12.8373400"></trkpt>
      <trkpt lat="42.4415700" lon="12.8373000"></trkpt>
      <trkpt lat="42.4413600" lon="12.8369400"></trkpt>
      <trkpt lat="42.4413400" lon="12.8369100"></trkpt>
      <trkpt lat="42.4413000" lon="12.8368500"></trkpt>
      <trkpt lat="42.4412300" lon="12.8367600"></trkpt>
      <trkpt lat="42.4411300" lon="12.8366600"></trkpt>
      <trkpt lat="42.4410100" lon="12.8365400"></trkpt>
      <trkpt lat="42.4408800" lon="12.8364100"></trkpt>
      <trkpt lat="42.4407700" lon="12.8363400"></trkpt>
      <trkpt lat="42.4406900" lon="12.8362900"></trkpt>
      <trkpt lat="42.4406100" lon="12.8362600"></trkpt>
      <trkpt lat="42.4405200" lon="12.8362300"></trkpt>
      <trkpt lat="42.4404400" lon="12.8362200"></trkpt>
      <trkpt lat="42.4400600" lon="12.8361800"></trkpt>
      <trkpt lat="42.4396200" lon="12.8361400"></trkpt>
      <trkpt lat="42.4395600" lon="12.8361400"></trkpt>
      <trkpt lat="42.4394800" lon="12.8361400"></trkpt>
      <trkpt lat="42.4393300" lon="12.8361600"></trkpt>
      <trkpt lat="42.4391600" lon="12.8361400"></trkpt>
      <trkpt lat="42.4391300" lon="12.8361300"></trkpt>
      <trkpt lat="42.4382600" lon="12.8360500"></trkpt>
      <trkpt lat="42.4380900" lon="12.8360400"></trkpt>
      <trkpt lat="42.4377000" lon="12.8359600"></trkpt>
      <trkpt lat="42.4376200" lon="12.8359300"></trkpt>
      <trkpt lat="42.4375700" lon="12.8359000"></trkpt>
      <trkpt lat="42.4375600" lon="12.8358900"></trkpt>
      <trkpt lat="42.4375100" lon="12.8358600"></trkpt>
      <trkpt lat="42.4374600" lon="12.8358000"></trkpt>
      <trkpt lat="42.4374300" lon="12.8357400"></trkpt>
      <trkpt lat="42.4374200" lon="12.8356600"></trkpt>
      <trkpt lat="42.4374200" lon="12.8351700"></trkpt>
      <trkpt lat="42.4374100" lon="12.8350300"></trkpt>
      <trkpt lat="42.4373900" lon="12.8349300"></trkpt>
      <trkpt lat="42.4373700" lon="12.8348700"></trkpt>
      <trkpt lat="42.4373200" lon="12.8347900"></trkpt>
      <trkpt lat="42.4372500" lon="12.8346900"></trkpt>
      <trkpt lat="42.4371900" lon="12.8346200"></trkpt>
      <trkpt lat="42.4371800" lon="12.8346100"></trkpt>
      <trkpt lat="42.4370900" lon="12.8345400"></trkpt>
      <trkpt lat="42.4370000" lon="12.8344900"></trkpt>
      <trkpt lat="42.4367000" lon="12.8344200"></trkpt>
      <trkpt lat="42.4361200" lon="12.8342700"></trkpt>
      <trkpt lat="42.4357000" lon="12.8341400"></trkpt>
      <trkpt lat="42.4355700" lon="12.8340900"></trkpt>
      <trkpt lat="42.4354300" lon="12.8340300"></trkpt>
      <trkpt lat="42.4346900" lon="12.8336700"></trkpt>
      <trkpt lat="42.4344000" lon="12.8335500"></trkpt>
      <trkpt lat="42.4343900" lon="12.8335500"></trkpt>
      <trkpt lat="42.4343100" lon="12.8335300"></trkpt>
      <trkpt lat="42.4342300" lon="12.8335400"></trkpt>
      <trkpt lat="42.4341600" lon="12.8335700"></trkpt>
      <trkpt lat="42.4341100" lon="12.8336000"></trkpt>
      <trkpt lat="42.4338600" lon="12.8338000"></trkpt>
      <trkpt lat="42.4332600" lon="12.8342000"></trkpt>
      <trkpt lat="42.4329800" lon="12.8344200"></trkpt>
      <trkpt lat="42.4328900" lon="12.8344700"></trkpt>
      <trkpt lat="42.4327900" lon="12.8345100"></trkpt>
      <trkpt lat="42.4327000" lon="12.8345300"></trkpt>
      <trkpt lat="42.4326100" lon="12.8345400"></trkpt>
      <trkpt lat="42.4322900" lon="12.8345800"></trkpt>
      <trkpt lat="42.4320400" lon="12.8346100"></trkpt>
      <trkpt lat="42.4320300" lon="12.8346100"></trkpt>
      <trkpt lat="42.4318700" lon="12.8346400"></trkpt>
      <trkpt lat="42.4316800" lon="12.8346700"></trkpt>
      <trkpt lat="42.4316600" lon="12.8346700"></trkpt>
      <trkpt lat="42.4310300" lon="12.8347600"></trkpt>
      <trkpt lat="42.4303900" lon="12.8347000"></trkpt>
      <trkpt lat="42.4301100" lon="12.8346600"></trkpt>
      <trkpt lat="42.4300900" lon="12.8346600"></trkpt>
      <trkpt lat="42.4299300" lon="12.8345800"></trkpt>
      <trkpt lat="42.4298700" lon="12.8345600"></trkpt>
      <trkpt lat="42.4294400" lon="12.8343500"></trkpt>
      <trkpt lat="42.4290200" lon="12.8341600"></trkpt>
      <trkpt lat="42.4287600" lon="12.8339900"></trkpt>
      <trkpt lat="42.4286400" lon="12.8338500"></trkpt>
      <trkpt lat="42.4286000" lon="12.8338000"></trkpt>
      <trkpt lat="42.4284800" lon="12.8339000"></trkpt>
      <trkpt lat="42.4284700" lon="12.8339100"></trkpt>
      <trkpt lat="42.4284000" lon="12.8339800"></trkpt>
      <trkpt lat="42.4283500" lon="12.8340400"></trkpt>
      <trkpt lat="42.4282300" lon="12.8341600"></trkpt>
      <trkpt lat="42.4281300" lon="12.8342700"></trkpt>
      <trkpt lat="42.4278900" lon="12.8345200"></trkpt>
      <trkpt lat="42.4278200" lon="12.8346200"></trkpt>
      <trkpt lat="42.4274800" lon="12.8350400"></trkpt>
      <trkpt lat="42.4274600" lon="12.8350700"></trkpt>
      <trkpt lat="42.4274000" lon="12.8351300"></trkpt>
      <trkpt lat="42.4271800" lon="12.8353300"></trkpt>
      <trkpt lat="42.4270000" lon="12.8355000"></trkpt>
      <trkpt lat="42.4269300" lon="12.8355600"></trkpt>
      <trkpt lat="42.4268500" lon="12.8356400"></trkpt>
      <trkpt lat="42.4267700" lon="12.8357300"></trkpt>
      <trkpt lat="42.4265900" lon="12.8359700"></trkpt>
      <trkpt lat="42.4264500" lon="12.8361500"></trkpt>
      <trkpt lat="42.4263600" lon="12.8362700"></trkpt>
      <trkpt lat="42.4262500" lon="12.8363700"></trkpt>
      <trkpt lat="42.4261100" lon="12.8364900"></trkpt>
      <trkpt lat="42.4258400" lon="12.8367000"></trkpt>
      <trkpt lat="42.4256700" lon="12.8368200"></trkpt>
      <trkpt lat="42.4256500" lon="12.8368400"></trkpt>
      <trkpt lat="42.4254600" lon="12.8370000"></trkpt>
      <trkpt lat="42.4252800" lon="12.8371700"></trkpt>
      <trkpt lat="42.4251100" lon="12.8373500"></trkpt>
      <trkpt lat="42.4251000" lon="12.8373600"></trkpt>
      <trkpt lat="42.4248000" lon="12.8376800"></trkpt>
      <trkpt lat="42.4236800" lon="12.8391800"></trkpt>
      <trkpt lat="42.4233900" lon="12.8395800"></trkpt>
      <trkpt lat="42.4231900" lon="12.8398400"></trkpt>
      <trkpt lat="42.4227400" lon="12.8404500"></trkpt>
      <trkpt lat="42.4225600" lon="12.8407000"></trkpt>
      <trkpt lat="42.4223200" lon="12.8410300"></trkpt>
      <trkpt lat="42.4222300" lon="12.8411700"></trkpt>
      <trkpt lat="42.4221800" lon="12.8412500"></trkpt>
      <trkpt lat="42.4220200" lon="12.8415100"></trkpt>
      <trkpt lat="42.4216400" lon="12.8421100"></trkpt>
      <trkpt lat="42.4214800" lon="12.8423900"></trkpt>
      <trkpt lat="42.4209300" lon="12.8434000"></trkpt>
      <trkpt lat="42.4208800" lon="12.8434600"></trkpt>
      <trkpt lat="42.4206400" lon="12.8437600"></trkpt>
      <trkpt lat="42.4199900" lon="12.8442900"></trkpt>
      <trkpt lat="42.4199800" lon="12.8443000"></trkpt>
      <trkpt lat="42.4198400" lon="12.8444500"></trkpt>
      <trkpt lat="42.4194600" lon="12.8448700"></trkpt>
      <trkpt lat="42.4193000" lon="12.8450600"></trkpt>
      <trkpt lat="42.4190200" lon="12.8453900"></trkpt>
      <trkpt lat="42.4189200" lon="12.8455200"></trkpt>
      <trkpt lat="42.4188200" lon="12.8456500"></trkpt>
      <trkpt lat="42.4187400" lon="12.8457600"></trkpt>
      <trkpt lat="42.4187000" lon="12.8458200"></trkpt>
      <trkpt lat="42.4185600" lon="12.8460500"></trkpt>
      <trkpt lat="42.4184400" lon="12.8462300"></trkpt>
      <trkpt lat="42.4184400" lon="12.8462400"></trkpt>
      <trkpt lat="42.4184200" lon="12.8462700"></trkpt>
      <trkpt lat="42.4184100" lon="12.8462800"></trkpt>
      <trkpt lat="42.4183800" lon="12.8463300"></trkpt>
      <trkpt lat="42.4183000" lon="12.8464600"></trkpt>
      <trkpt lat="42.4180100" lon="12.8469400"></trkpt>
      <trkpt lat="42.4179400" lon="12.8470600"></trkpt>
      <trkpt lat="42.4179000" lon="12.8471200"></trkpt>
      <trkpt lat="42.4178600" lon="12.8471700"></trkpt>
      <trkpt lat="42.4178200" lon="12.8472400"></trkpt>
      <trkpt lat="42.4178100" lon="12.8472700"></trkpt>
      <trkpt lat="42.4177900" lon="12.8473000"></trkpt>
      <trkpt lat="42.4176800" lon="12.8474800"></trkpt>
      <trkpt lat="42.4176700" lon="12.8474800"></trkpt>
      <trkpt lat="42.4176600" lon="12.8474800"></trkpt>
      <trkpt lat="42.4176500" lon="12.8474700"></trkpt>
      <trkpt lat="42.4176400" lon="12.8474700"></trkpt>
      <trkpt lat="42.4176300" lon="12.8474700"></trkpt>
      <trkpt lat="42.4176200" lon="12.8474700"></trkpt>
      <trkpt lat="42.4176100" lon="12.8474700"></trkpt>
      <trkpt lat="42.4176000" lon="12.8474700"></trkpt>
      <trkpt lat="42.4175900" lon="12.8474800"></trkpt>
      <trkpt lat="42.4175800" lon="12.8474800"></trkpt>
      <trkpt lat="42.4175700" lon="12.8474800"></trkpt>
      <trkpt lat="42.4175600" lon="12.8474900"></trkpt>
      <trkpt lat="42.4175500" lon="12.8474900"></trkpt>
      <trkpt lat="42.4175500" lon="12.8475000"></trkpt>
      <trkpt lat="42.4175400" lon="12.8475100"></trkpt>
      <trkpt lat="42.4175300" lon="12.8475200"></trkpt>
      <trkpt lat="42.4175200" lon="12.8475200"></trkpt>
      <trkpt lat="42.4175200" lon="12.8475300"></trkpt>
      <trkpt lat="42.4175100" lon="12.8475400"></trkpt>
      <trkpt lat="42.4175000" lon="12.8475500"></trkpt>
      <trkpt lat="42.4175000" lon="12.8475600"></trkpt>
      <trkpt lat="42.4174900" lon="12.8475800"></trkpt>
      <trkpt lat="42.4174900" lon="12.8475900"></trkpt>
      <trkpt lat="42.4174800" lon="12.8476000"></trkpt>
      <trkpt lat="42.4174800" lon="12.8476100"></trkpt>
      <trkpt lat="42.4174800" lon="12.8476200"></trkpt>
      <trkpt lat="42.4174800" lon="12.8476500"></trkpt>
      <trkpt lat="42.4172900" lon="12.8478200"></trkpt>
      <trkpt lat="42.4172300" lon="12.8478700"></trkpt>
      <trkpt lat="42.4172100" lon="12.8478800"></trkpt>
      <trkpt lat="42.4171900" lon="12.8479000"></trkpt>
      <trkpt lat="42.4170700" lon="12.8479900"></trkpt>
      <trkpt lat="42.4165300" lon="12.8482900"></trkpt>
      <trkpt lat="42.4163800" lon="12.8483900"></trkpt>
      <trkpt lat="42.4163000" lon="12.8484500"></trkpt>
      <trkpt lat="42.4162400" lon="12.8484900"></trkpt>
      <trkpt lat="42.4161700" lon="12.8485200"></trkpt>
      <trkpt lat="42.4160800" lon="12.8485600"></trkpt>
      <trkpt lat="42.4160500" lon="12.8485700"></trkpt>
      <trkpt lat="42.4159000" lon="12.8486100"></trkpt>
      <trkpt lat="42.4158500" lon="12.8486200"></trkpt>
      <trkpt lat="42.4149700" lon="12.8487700"></trkpt>
      <trkpt lat="42.4146300" lon="12.8488100"></trkpt>
      <trkpt lat="42.4139900" lon="12.8488500"></trkpt>
      <trkpt lat="42.4139300" lon="12.8488500"></trkpt>
      <trkpt lat="42.4139100" lon="12.8488500"></trkpt>
      <trkpt lat="42.4138300" lon="12.8488600"></trkpt>
      <trkpt lat="42.4137300" lon="12.8488700"></trkpt>
      <trkpt lat="42.4136900" lon="12.8488800"></trkpt>
      <trkpt lat="42.4136300" lon="12.8489000"></trkpt>
      <trkpt lat="42.4135800" lon="12.8489100"></trkpt>
      <trkpt lat="42.4135200" lon="12.8489200"></trkpt>
      <trkpt lat="42.4134400" lon="12.8489300"></trkpt>
      <trkpt lat="42.4128600" lon="12.8490000"></trkpt>
      <trkpt lat="42.4124000" lon="12.8490100"></trkpt>
      <trkpt lat="42.4116300" lon="12.8489900"></trkpt>
      <trkpt lat="42.4114900" lon="12.8490000"></trkpt>
      <trkpt lat="42.4113300" lon="12.8490500"></trkpt>
      <trkpt lat="42.4111500" lon="12.8491100"></trkpt>
      <trkpt lat="42.4102900" lon="12.8493700"></trkpt>
      <trkpt lat="42.4097900" lon="12.8495100"></trkpt>
      <trkpt lat="42.4097400" lon="12.8495200"></trkpt>
      <trkpt lat="42.4093900" lon="12.8496100"></trkpt>
      <trkpt lat="42.4093300" lon="12.8495300"></trkpt>
      <trkpt lat="42.4092600" lon="12.8494500"></trkpt>
      <trkpt lat="42.4090000" lon="12.8491700"></trkpt>
      <trkpt lat="42.4083800" lon="12.8485100"></trkpt>
      <trkpt lat="42.4082100" lon="12.8483100"></trkpt>
      <trkpt lat="42.4079100" lon="12.8479600"></trkpt>
      <trkpt lat="42.4078200" lon="12.8478700"></trkpt>
      <trkpt lat="42.4076800" lon="12.8477600"></trkpt>
      <trkpt lat="42.4075700" lon="12.8477000"></trkpt>
      <trkpt lat="42.4075100" lon="12.8476800"></trkpt>
      <trkpt lat="42.4073600" lon="12.8476900"></trkpt>
      <trkpt lat="42.4072600" lon="12.8477000"></trkpt>
      <trkpt lat="42.4070800" lon="12.8477300"></trkpt>
      <trkpt lat="42.4068100" lon="12.8477700"></trkpt>
      <trkpt lat="42.4067400" lon="12.8477900"></trkpt>
      <trkpt lat="42.4060400" lon="12.8479700"></trkpt>
      <trkpt lat="42.4059400" lon="12.8480400"></trkpt>
      <trkpt lat="42.4059400" lon="12.8480300"></trkpt>
      <trkpt lat="42.4059400" lon="12.8480200"></trkpt>
      <trkpt lat="42.4059300" lon="12.8480200"></trkpt>
      <trkpt lat="42.4059300" lon="12.8480100"></trkpt>
      <trkpt lat="42.4059200" lon="12.8480000"></trkpt>
      <trkpt lat="42.4059200" lon="12.8479900"></trkpt>
      <trkpt lat="42.4059100" lon="12.8479900"></trkpt>
      <trkpt lat="42.4059100" lon="12.8479800"></trkpt>
      <trkpt lat="42.4059000" lon="12.8479800"></trkpt>
      <trkpt lat="42.4058900" lon="12.8479700"></trkpt>
      <trkpt lat="42.4058800" lon="12.8479700"></trkpt>
      <trkpt lat="42.4058700" lon="12.8479700"></trkpt>
      <trkpt lat="42.4058600" lon="12.8479600"></trkpt>
      <trkpt lat="42.4058500" lon="12.8479600"></trkpt>
      <trkpt lat="42.4058500" lon="12.8479700"></trkpt>
      <trkpt lat="42.4058400" lon="12.8479700"></trkpt>
      <trkpt lat="42.4058300" lon="12.8479700"></trkpt>
      <trkpt lat="42.4058200" lon="12.8479700"></trkpt>
      <trkpt lat="42.4058200" lon="12.8479800"></trkpt>
      <trkpt lat="42.4058100" lon="12.8479800"></trkpt>
      <trkpt lat="42.4058100" lon="12.8479900"></trkpt>
      <trkpt lat="42.4058000" lon="12.8479900"></trkpt>
      <trkpt lat="42.4058000" lon="12.8480000"></trkpt>
      <trkpt lat="42.4057900" lon="12.8480000"></trkpt>
      <trkpt lat="42.4057900" lon="12.8480100"></trkpt>
      <trkpt lat="42.4057800" lon="12.8480100"></trkpt>
      <trkpt lat="42.4057800" lon="12.8480200"></trkpt>
      <trkpt lat="42.4057800" lon="12.8480300"></trkpt>
      <trkpt lat="42.4057700" lon="12.8480400"></trkpt>
      <trkpt lat="42.4057700" lon="12.8480500"></trkpt>
      <trkpt lat="42.4057700" lon="12.8480600"></trkpt>
      <trkpt lat="42.4057600" lon="12.8480700"></trkpt>
      <trkpt lat="42.4057600" lon="12.8480800"></trkpt>
      <trkpt lat="42.4057600" lon="12.8480900"></trkpt>
      <trkpt lat="42.4057600" lon="12.8481000"></trkpt>
      <trkpt lat="42.4057600" lon="12.8481100"></trkpt>
      <trkpt lat="42.4057600" lon="12.8481200"></trkpt>
      <trkpt lat="42.4057600" lon="12.8481300"></trkpt>
      <trkpt lat="42.4057600" lon="12.8481400"></trkpt>
      <trkpt lat="42.4057700" lon="12.8481400"></trkpt>
      <trkpt lat="42.4056400" lon="12.8482600"></trkpt>
      <trkpt lat="42.4054300" lon="12.8485200"></trkpt>
      <trkpt lat="42.4050800" lon="12.8489300"></trkpt>
      <trkpt lat="42.4050100" lon="12.8490100"></trkpt>
      <trkpt lat="42.4048900" lon="12.8491200"></trkpt>
      <trkpt lat="42.4047800" lon="12.8492000"></trkpt>
      <trkpt lat="42.4047400" lon="12.8492400"></trkpt>
      <trkpt lat="42.4046800" lon="12.8492900"></trkpt>
      <trkpt lat="42.4046300" lon="12.8493400"></trkpt>
      <trkpt lat="42.4045900" lon="12.8493700"></trkpt>
      <trkpt lat="42.4045300" lon="12.8494200"></trkpt>
      <trkpt lat="42.4044400" lon="12.8495000"></trkpt>
      <trkpt lat="42.4043800" lon="12.8495500"></trkpt>
      <trkpt lat="42.4040800" lon="12.8498100"></trkpt>
      <trkpt lat="42.4039000" lon="12.8498000"></trkpt>
      <trkpt lat="42.4036600" lon="12.8498000"></trkpt>
      <trkpt lat="42.4031700" lon="12.8497900"></trkpt>
      <trkpt lat="42.4030800" lon="12.8497900"></trkpt>
      <trkpt lat="42.4029000" lon="12.8498000"></trkpt>
      <trkpt lat="42.4028900" lon="12.8498000"></trkpt>
      <trkpt lat="42.4025100" lon="12.8498800"></trkpt>
      <trkpt lat="42.4021900" lon="12.8499900"></trkpt>
      <trkpt lat="42.4021500" lon="12.8500100"></trkpt>
      <trkpt lat="42.4019300" lon="12.8500600"></trkpt>
      <trkpt lat="42.4017900" lon="12.8500900"></trkpt>
      <trkpt lat="42.4010800" lon="12.8501900"></trkpt>
      <trkpt lat="42.4009600" lon="12.8502100"></trkpt>
      <trkpt lat="42.4008700" lon="12.8502300"></trkpt>
      <trkpt lat="42.4007500" lon="12.8502800"></trkpt>
      <trkpt lat="42.4006100" lon="12.8503800"></trkpt>
      <trkpt lat="42.4005200" lon="12.8504800"></trkpt>
      <trkpt lat="42.4004500" lon="12.8505400"></trkpt>
      <trkpt lat="42.4003100" lon="12.8506800"></trkpt>
      <trkpt lat="42.3995100" lon="12.8513800"></trkpt>
      <trkpt lat="42.3994700" lon="12.8514800"></trkpt>
      <trkpt lat="42.3993900" lon="12.8519000"></trkpt>
      <trkpt lat="42.3992500" lon="12.8526000"></trkpt>
      <trkpt lat="42.3991700" lon="12.8530300"></trkpt>
      <trkpt lat="42.3987700" lon="12.8551500"></trkpt>
      <trkpt lat="42.3987600" lon="12.8551900"></trkpt>
      <trkpt lat="42.3987000" lon="12.8555200"></trkpt>
      <trkpt lat="42.3986500" lon="12.8557900"></trkpt>
      <trkpt lat="42.3986500" lon="12.8558800"></trkpt>
      <trkpt lat="42.3986700" lon="12.8559200"></trkpt>
      <trkpt lat="42.3986800" lon="12.8559500"></trkpt>
      <trkpt lat="42.3987200" lon="12.8560100"></trkpt>
      <trkpt lat="42.3987500" lon="12.8560300"></trkpt>
      <trkpt lat="42.3987700" lon="12.8560600"></trkpt>
      <trkpt lat="42.3987900" lon="12.8560800"></trkpt>
      <trkpt lat="42.3988300" lon="12.8561300"></trkpt>
      <trkpt lat="42.3988500" lon="12.8561600"></trkpt>
      <trkpt lat="42.3988700" lon="12.8561800"></trkpt>
      <trkpt lat="42.3988800" lon="12.8562100"></trkpt>
      <trkpt lat="42.3988800" lon="12.8562300"></trkpt>
      <trkpt lat="42.3989100" lon="12.8564300"></trkpt>
      <trkpt lat="42.3981000" lon="12.8574700"></trkpt>
      <trkpt lat="42.3979200" lon="12.8577000"></trkpt>
      <trkpt lat="42.3977800" lon="12.8578600"></trkpt>
      <trkpt lat="42.3977200" lon="12.8579500"></trkpt>
      <trkpt lat="42.3977000" lon="12.8579800"></trkpt>
      <trkpt lat="42.3976800" lon="12.8580000"></trkpt>
      <trkpt lat="42.3975800" lon="12.8581300"></trkpt>
      <trkpt lat="42.3973700" lon="12.8584000"></trkpt>
      <trkpt lat="42.3972900" lon="12.8584700"></trkpt>
      <trkpt lat="42.3972100" lon="12.8585500"></trkpt>
      <trkpt lat="42.3970700" lon="12.8586500"></trkpt>
      <trkpt lat="42.3964600" lon="12.8590800"></trkpt>
      <trkpt lat="42.3960400" lon="12.8594400"></trkpt>
      <trkpt lat="42.3959700" lon="12.8595100"></trkpt>
      <trkpt lat="42.3959100" lon="12.8595700"></trkpt>
      <trkpt lat="42.3958700" lon="12.8596400"></trkpt>
      <trkpt lat="42.3958600" lon="12.8596400"></trkpt>
      <trkpt lat="42.3958500" lon="12.8596400"></trkpt>
      <trkpt lat="42.3958500" lon="12.8596500"></trkpt>
      <trkpt lat="42.3958400" lon="12.8596500"></trkpt>
      <trkpt lat="42.3958300" lon="12.8596600"></trkpt>
      <trkpt lat="42.3958200" lon="12.8596700"></trkpt>
      <trkpt lat="42.3958200" lon="12.8596800"></trkpt>
      <trkpt lat="42.3958100" lon="12.8596800"></trkpt>
      <trkpt lat="42.3958100" lon="12.8596900"></trkpt>
      <trkpt lat="42.3958000" lon="12.8596900"></trkpt>
      <trkpt lat="42.3958000" lon="12.8597000"></trkpt>
      <trkpt lat="42.3958000" lon="12.8597100"></trkpt>
      <trkpt lat="42.3958000" lon="12.8597200"></trkpt>
      <trkpt lat="42.3957900" lon="12.8597200"></trkpt>
      <trkpt lat="42.3957900" lon="12.8597300"></trkpt>
      <trkpt lat="42.3957900" lon="12.8597400"></trkpt>
      <trkpt lat="42.3957900" lon="12.8597500"></trkpt>
      <trkpt lat="42.3957900" lon="12.8597600"></trkpt>
      <trkpt lat="42.3957900" lon="12.8597700"></trkpt>
      <trkpt lat="42.3957900" lon="12.8597800"></trkpt>
      <trkpt lat="42.3957900" lon="12.8597900"></trkpt>
      <trkpt lat="42.3957900" lon="12.8598000"></trkpt>
      <trkpt lat="42.3958000" lon="12.8598000"></trkpt>
      <trkpt lat="42.3958000" lon="12.8598100"></trkpt>
      <trkpt lat="42.3958000" lon="12.8598200"></trkpt>
      <trkpt lat="42.3958000" lon="12.8598300"></trkpt>
      <trkpt lat="42.3958100" lon="12.8598300"></trkpt>
      <trkpt lat="42.3958100" lon="12.8598400"></trkpt>
      <trkpt lat="42.3958200" lon="12.8598500"></trkpt>
      <trkpt lat="42.3958200" lon="12.8598600"></trkpt>
      <trkpt lat="42.3958300" lon="12.8598600"></trkpt>
      <trkpt lat="42.3958300" lon="12.8598700"></trkpt>
      <trkpt lat="42.3958400" lon="12.8598700"></trkpt>
      <trkpt lat="42.3958500" lon="12.8598700"></trkpt>
      <trkpt lat="42.3958500" lon="12.8598800"></trkpt>
      <trkpt lat="42.3958600" lon="12.8598800"></trkpt>
      <trkpt lat="42.3958700" lon="12.8598800"></trkpt>
      <trkpt lat="42.3958800" lon="12.8598800"></trkpt>
      <trkpt lat="42.3958900" lon="12.8598800"></trkpt>
      <trkpt lat="42.3959100" lon="12.8599500"></trkpt>
      <trkpt lat="42.3959400" lon="12.8600000"></trkpt>
      <trkpt lat="42.3959900" lon="12.8600500"></trkpt>
      <trkpt lat="42.3960100" lon="12.8600500"></trkpt>
      <trkpt lat="42.3960400" lon="12.8600600"></trkpt>
      <trkpt lat="42.3961000" lon="12.8600800"></trkpt>
      <trkpt lat="42.3969200" lon="12.8601700"></trkpt>
      <trkpt lat="42.3969600" lon="12.8601800"></trkpt>
      <trkpt lat="42.3971400" lon="12.8602000"></trkpt>
      <trkpt lat="42.3972300" lon="12.8602500"></trkpt>
      <trkpt lat="42.3973000" lon="12.8602600"></trkpt>
      <trkpt lat="42.3975600" lon="12.8604600"></trkpt>
      <trkpt lat="42.3977800" lon="12.8607100"></trkpt>
      <trkpt lat="42.3980600" lon="12.8609400"></trkpt>
      <trkpt lat="42.3981500" lon="12.8610100"></trkpt>
      <trkpt lat="42.3984000" lon="12.8612300"></trkpt>
      <trkpt lat="42.3984200" lon="12.8612600"></trkpt>
      <trkpt lat="42.3985000" lon="12.8613400"></trkpt>
      <trkpt lat="42.3985500" lon="12.8614000"></trkpt>
      <trkpt lat="42.3986000" lon="12.8614600"></trkpt>
      <trkpt lat="42.3987200" lon="12.8616000"></trkpt>
      <trkpt lat="42.3987400" lon="12.8616400"></trkpt>
      <trkpt lat="42.3987800" lon="12.8616900"></trkpt>
      <trkpt lat="42.3988400" lon="12.8617700"></trkpt>
      <trkpt lat="42.3988900" lon="12.8618700"></trkpt>
      <trkpt lat="42.3989400" lon="12.8619400"></trkpt>
      <trkpt lat="42.3989500" lon="12.8619900"></trkpt>
      <trkpt lat="42.3989700" lon="12.8620400"></trkpt>
      <trkpt lat="42.3989800" lon="12.8621000"></trkpt>
      <trkpt lat="42.3990000" lon="12.8621600"></trkpt>
      <trkpt lat="42.3990100" lon="12.8622500"></trkpt>
      <trkpt lat="42.3990300" lon="12.8624000"></trkpt>
      <trkpt lat="42.3990300" lon="12.8624300"></trkpt>
      <trkpt lat="42.3990500" lon="12.8624100"></trkpt>
      <trkpt lat="42.3990500" lon="12.8624000"></trkpt>
      <trkpt lat="42.3990600" lon="12.8623900"></trkpt>
      <trkpt lat="42.3990700" lon="12.8623600"></trkpt>
      <trkpt lat="42.3990800" lon="12.8622900"></trkpt>
      <trkpt lat="42.3990900" lon="12.8622300"></trkpt>
      <trkpt lat="42.3991200" lon="12.8620900"></trkpt>
      <trkpt lat="42.3991600" lon="12.8618600"></trkpt>
      <trkpt lat="42.3992800" lon="12.8619500"></trkpt>
      <trkpt lat="42.3993000" lon="12.8619500"></trkpt>
      <trkpt lat="42.3993400" lon="12.8619400"></trkpt>
      <trkpt lat="42.3993600" lon="12.8619000"></trkpt>
      <trkpt lat="42.3993700" lon="12.8618900"></trkpt>
      <trkpt lat="42.3993900" lon="12.8618400"></trkpt>
      <trkpt lat="42.3994000" lon="12.8618000"></trkpt>
    </trkseg>
  </trk>
</gpx>
