<?xml version="1.0" encoding="UTF-8"?>
<gpx version="1.1" creator="GPX2Maps" xmlns="http://www.topografix.com/GPX/1/1" xmlns:xsi="http://www.w3.org/2001/XMLSchema-instance" xsi:schemaLocation="http://www.topografix.com/GPX/1/1 http://www.topografix.com/GPX/1/1/gpx.xsd">
  <metadata>
    <name>Trasferimento</name>
    <desc>Converted from Google Maps
Distance: 175.7 km
Duration: 159 min
Via: SS 4 Via Salaria</desc>
    <link href="https://gpx2maps.com">
      <text>Created with GPX2Maps</text>
    </link>
    <time>2026-07-22T12:38:52Z</time>
  </metadata>
  <wpt lat="42.3994000" lon="12.8618000">
    <name>Start</name>
    <sym>Flag, Green</sym>
  </wpt>
  <wpt lat="41.4823900" lon="12.7947500">
    <name>End</name>
    <sym>Flag, Red</sym>
  </wpt>
  <trk>
    <name>Trasferimento</name>
    <trkseg>
      <trkpt lat="42.3994000" lon="12.8618000"></trkpt>
      <trkpt lat="42.3994400" lon="12.8613100"></trkpt>
      <trkpt lat="42.3994400" lon="12.8612900"></trkpt>
      <trkpt lat="42.3994600" lon="12.8609700"></trkpt>
      <trkpt lat="42.3994700" lon="12.8607700"></trkpt>
      <trkpt lat="42.3993500" lon="12.8607800"></trkpt>
      <trkpt lat="42.3992600" lon="12.8612000"></trkpt>
      <trkpt lat="42.3992300" lon="12.8614000"></trkpt>
      <trkpt lat="42.3991900" lon="12.8616700"></trkpt>
      <trkpt lat="42.3991700" lon="12.8617600"></trkpt>
      <trkpt lat="42.3991600" lon="12.8618600"></trkpt>
      <trkpt lat="42.3991200" lon="12.8620900"></trkpt>
      <trkpt lat="42.3990900" lon="12.8622300"></trkpt>
      <trkpt lat="42.3990800" lon="12.8622900"></trkpt>
      <trkpt lat="42.3990700" lon="12.8623600"></trkpt>
      <trkpt lat="42.3990600" lon="12.8623900"></trkpt>
      <trkpt lat="42.3990500" lon="12.8624000"></trkpt>
      <trkpt lat="42.3990500" lon="12.8624100"></trkpt>
      <trkpt lat="42.3990300" lon="12.8624300"></trkpt>
      <trkpt lat="42.3990300" lon="12.8624000"></trkpt>
      <trkpt lat="42.3990100" lon="12.8622500"></trkpt>
      <trkpt lat="42.3990000" lon="12.8621600"></trkpt>
      <trkpt lat="42.3989800" lon="12.8621000"></trkpt>
      <trkpt lat="42.3989700" lon="12.8620400"></trkpt>
      <trkpt lat="42.3989500" lon="12.8619900"></trkpt>
      <trkpt lat="42.3989400" lon="12.8619400"></trkpt>
      <trkpt lat="42.3988900" lon="12.8618700"></trkpt>
      <trkpt lat="42.3988400" lon="12.8617700"></trkpt>
      <trkpt lat="42.3987800" lon="12.8616900"></trkpt>
      <trkpt lat="42.3987400" lon="12.8616400"></trkpt>
      <trkpt lat="42.3987200" lon="12.8616000"></trkpt>
      <trkpt lat="42.3986000" lon="12.8614600"></trkpt>
      <trkpt lat="42.3985500" lon="12.8614000"></trkpt>
      <trkpt lat="42.3985000" lon="12.8613400"></trkpt>
      <trkpt lat="42.3984200" lon="12.8612600"></trkpt>
      <trkpt lat="42.3984000" lon="12.8612300"></trkpt>
      <trkpt lat="42.3981500" lon="12.8610100"></trkpt>
      <trkpt lat="42.3980600" lon="12.8609400"></trkpt>
      <trkpt lat="42.3977800" lon="12.8607100"></trkpt>
      <trkpt lat="42.3975600" lon="12.8604600"></trkpt>
      <trkpt lat="42.3973000" lon="12.8602600"></trkpt>
      <trkpt lat="42.3972700" lon="12.8601700"></trkpt>
      <trkpt lat="42.3971600" lon="12.8601000"></trkpt>
      <trkpt lat="42.3967000" lon="12.8600200"></trkpt>
      <trkpt lat="42.3963200" lon="12.8600200"></trkpt>
      <trkpt lat="42.3962800" lon="12.8600200"></trkpt>
      <trkpt lat="42.3962000" lon="12.8600000"></trkpt>
      <trkpt lat="42.3961400" lon="12.8599700"></trkpt>
      <trkpt lat="42.3960900" lon="12.8599400"></trkpt>
      <trkpt lat="42.3960500" lon="12.8599000"></trkpt>
      <trkpt lat="42.3960100" lon="12.8598300"></trkpt>
      <trkpt lat="42.3959700" lon="12.8597800"></trkpt>
      <trkpt lat="42.3959700" lon="12.8597700"></trkpt>
      <trkpt lat="42.3959700" lon="12.8597600"></trkpt>
      <trkpt lat="42.3959700" lon="12.8597500"></trkpt>
      <trkpt lat="42.3959700" lon="12.8597400"></trkpt>
      <trkpt lat="42.3959700" lon="12.8597300"></trkpt>
      <trkpt lat="42.3959600" lon="12.8597200"></trkpt>
      <trkpt lat="42.3959600" lon="12.8597100"></trkpt>
      <trkpt lat="42.3959600" lon="12.8597000"></trkpt>
      <trkpt lat="42.3959500" lon="12.8596900"></trkpt>
      <trkpt lat="42.3959500" lon="12.8596800"></trkpt>
      <trkpt lat="42.3959400" lon="12.8596800"></trkpt>
      <trkpt lat="42.3959400" lon="12.8596700"></trkpt>
      <trkpt lat="42.3959300" lon="12.8596600"></trkpt>
      <trkpt lat="42.3959200" lon="12.8596600"></trkpt>
      <trkpt lat="42.3959200" lon="12.8596500"></trkpt>
      <trkpt lat="42.3959100" lon="12.8596500"></trkpt>
      <trkpt lat="42.3959000" lon="12.8596400"></trkpt>
      <trkpt lat="42.3958900" lon="12.8596400"></trkpt>
      <trkpt lat="42.3958800" lon="12.8596400"></trkpt>
      <trkpt lat="42.3958700" lon="12.8596400"></trkpt>
      <trkpt lat="42.3958600" lon="12.8596400"></trkpt>
      <trkpt lat="42.3958500" lon="12.8596400"></trkpt>
      <trkpt lat="42.3958500" lon="12.8596500"></trkpt>
      <trkpt lat="42.3958400" lon="12.8596500"></trkpt>
      <trkpt lat="42.3958300" lon="12.8596600"></trkpt>
      <trkpt lat="42.3957300" lon="12.8595800"></trkpt>
      <trkpt lat="42.3956600" lon="12.8595500"></trkpt>
      <trkpt lat="42.3956400" lon="12.8595500"></trkpt>
      <trkpt lat="42.3954400" lon="12.8594900"></trkpt>
      <trkpt lat="42.3953400" lon="12.8594700"></trkpt>
      <trkpt lat="42.3949500" lon="12.8594600"></trkpt>
      <trkpt lat="42.3948300" lon="12.8594800"></trkpt>
      <trkpt lat="42.3947800" lon="12.8594900"></trkpt>
      <trkpt lat="42.3946300" lon="12.8595300"></trkpt>
      <trkpt lat="42.3944800" lon="12.8595400"></trkpt>
      <trkpt lat="42.3944000" lon="12.8595600"></trkpt>
      <trkpt lat="42.3942600" lon="12.8595800"></trkpt>
      <trkpt lat="42.3942400" lon="12.8595800"></trkpt>
      <trkpt lat="42.3940600" lon="12.8595600"></trkpt>
      <trkpt lat="42.3937400" lon="12.8595400"></trkpt>
      <trkpt lat="42.3937000" lon="12.8595300"></trkpt>
      <trkpt lat="42.3935300" lon="12.8595000"></trkpt>
      <trkpt lat="42.3934800" lon="12.8594900"></trkpt>
      <trkpt lat="42.3933300" lon="12.8594600"></trkpt>
      <trkpt lat="42.3933000" lon="12.8594600"></trkpt>
      <trkpt lat="42.3931700" lon="12.8594300"></trkpt>
      <trkpt lat="42.3931600" lon="12.8594300"></trkpt>
      <trkpt lat="42.3930200" lon="12.8594000"></trkpt>
      <trkpt lat="42.3928400" lon="12.8593700"></trkpt>
      <trkpt lat="42.3927400" lon="12.8593500"></trkpt>
      <trkpt lat="42.3926600" lon="12.8593400"></trkpt>
      <trkpt lat="42.3924300" lon="12.8593100"></trkpt>
      <trkpt lat="42.3923100" lon="12.8592800"></trkpt>
      <trkpt lat="42.3921600" lon="12.8592400"></trkpt>
      <trkpt lat="42.3919700" lon="12.8592100"></trkpt>
      <trkpt lat="42.3917800" lon="12.8592000"></trkpt>
      <trkpt lat="42.3917700" lon="12.8592000"></trkpt>
      <trkpt lat="42.3915600" lon="12.8592200"></trkpt>
      <trkpt lat="42.3914100" lon="12.8592500"></trkpt>
      <trkpt lat="42.3911600" lon="12.8593200"></trkpt>
      <trkpt lat="42.3911500" lon="12.8593100"></trkpt>
      <trkpt lat="42.3911400" lon="12.8593100"></trkpt>
      <trkpt lat="42.3911300" lon="12.8593000"></trkpt>
      <trkpt lat="42.3911200" lon="12.8592900"></trkpt>
      <trkpt lat="42.3911100" lon="12.8592900"></trkpt>
      <trkpt lat="42.3911000" lon="12.8592900"></trkpt>
      <trkpt lat="42.3910900" lon="12.8592800"></trkpt>
      <trkpt lat="42.3910800" lon="12.8592800"></trkpt>
      <trkpt lat="42.3910700" lon="12.8592800"></trkpt>
      <trkpt lat="42.3910600" lon="12.8592800"></trkpt>
      <trkpt lat="42.3910500" lon="12.8592800"></trkpt>
      <trkpt lat="42.3910400" lon="12.8592800"></trkpt>
      <trkpt lat="42.3910300" lon="12.8592800"></trkpt>
      <trkpt lat="42.3910200" lon="12.8592800"></trkpt>
      <trkpt lat="42.3910200" lon="12.8592900"></trkpt>
      <trkpt lat="42.3906500" lon="12.8591700"></trkpt>
      <trkpt lat="42.3900800" lon="12.8590800"></trkpt>
      <trkpt lat="42.3898700" lon="12.8590400"></trkpt>
      <trkpt lat="42.3898300" lon="12.8590400"></trkpt>
      <trkpt lat="42.3891700" lon="12.8589300"></trkpt>
      <trkpt lat="42.3880300" lon="12.8587500"></trkpt>
      <trkpt lat="42.3878000" lon="12.8587100"></trkpt>
      <trkpt lat="42.3867800" lon="12.8585400"></trkpt>
      <trkpt lat="42.3862400" lon="12.8584600"></trkpt>
      <trkpt lat="42.3859200" lon="12.8584100"></trkpt>
      <trkpt lat="42.3853500" lon="12.8583200"></trkpt>
      <trkpt lat="42.3852500" lon="12.8583000"></trkpt>
      <trkpt lat="42.3851500" lon="12.8582800"></trkpt>
      <trkpt lat="42.3850500" lon="12.8582700"></trkpt>
      <trkpt lat="42.3848800" lon="12.8582400"></trkpt>
      <trkpt lat="42.3844100" lon="12.8581700"></trkpt>
      <trkpt lat="42.3842600" lon="12.8581700"></trkpt>
      <trkpt lat="42.3841300" lon="12.8581600"></trkpt>
      <trkpt lat="42.3839800" lon="12.8581800"></trkpt>
      <trkpt lat="42.3838000" lon="12.8582200"></trkpt>
      <trkpt lat="42.3836600" lon="12.8582700"></trkpt>
      <trkpt lat="42.3833400" lon="12.8584500"></trkpt>
      <trkpt lat="42.3832600" lon="12.8584900"></trkpt>
      <trkpt lat="42.3828900" lon="12.8586800"></trkpt>
      <trkpt lat="42.3824800" lon="12.8589000"></trkpt>
      <trkpt lat="42.3822100" lon="12.8590500"></trkpt>
      <trkpt lat="42.3819900" lon="12.8591500"></trkpt>
      <trkpt lat="42.3817900" lon="12.8592000"></trkpt>
      <trkpt lat="42.3814100" lon="12.8592600"></trkpt>
      <trkpt lat="42.3811800" lon="12.8592800"></trkpt>
      <trkpt lat="42.3808800" lon="12.8592500"></trkpt>
      <trkpt lat="42.3807500" lon="12.8592100"></trkpt>
      <trkpt lat="42.3805400" lon="12.8591200"></trkpt>
      <trkpt lat="42.3801700" lon="12.8589400"></trkpt>
      <trkpt lat="42.3800700" lon="12.8589000"></trkpt>
      <trkpt lat="42.3799700" lon="12.8588600"></trkpt>
      <trkpt lat="42.3798900" lon="12.8588400"></trkpt>
      <trkpt lat="42.3798100" lon="12.8588200"></trkpt>
      <trkpt lat="42.3797200" lon="12.8588100"></trkpt>
      <trkpt lat="42.3795500" lon="12.8587900"></trkpt>
      <trkpt lat="42.3795400" lon="12.8587900"></trkpt>
      <trkpt lat="42.3791800" lon="12.8587600"></trkpt>
      <trkpt lat="42.3782800" lon="12.8587500"></trkpt>
      <trkpt lat="42.3780900" lon="12.8587400"></trkpt>
      <trkpt lat="42.3777400" lon="12.8587700"></trkpt>
      <trkpt lat="42.3775600" lon="12.8587800"></trkpt>
      <trkpt lat="42.3770200" lon="12.8588200"></trkpt>
      <trkpt lat="42.3762100" lon="12.8589700"></trkpt>
      <trkpt lat="42.3758700" lon="12.8590500"></trkpt>
      <trkpt lat="42.3753900" lon="12.8592100"></trkpt>
      <trkpt lat="42.3753200" lon="12.8592400"></trkpt>
      <trkpt lat="42.3753000" lon="12.8592400"></trkpt>
      <trkpt lat="42.3751500" lon="12.8592900"></trkpt>
      <trkpt lat="42.3748100" lon="12.8593900"></trkpt>
      <trkpt lat="42.3747500" lon="12.8594100"></trkpt>
      <trkpt lat="42.3746300" lon="12.8594500"></trkpt>
      <trkpt lat="42.3742800" lon="12.8595700"></trkpt>
      <trkpt lat="42.3742100" lon="12.8596000"></trkpt>
      <trkpt lat="42.3737500" lon="12.8597100"></trkpt>
      <trkpt lat="42.3735800" lon="12.8597400"></trkpt>
      <trkpt lat="42.3732100" lon="12.8597600"></trkpt>
      <trkpt lat="42.3727200" lon="12.8598200"></trkpt>
      <trkpt lat="42.3724900" lon="12.8598600"></trkpt>
      <trkpt lat="42.3720600" lon="12.8599600"></trkpt>
      <trkpt lat="42.3718500" lon="12.8600200"></trkpt>
      <trkpt lat="42.3715400" lon="12.8600800"></trkpt>
      <trkpt lat="42.3706000" lon="12.8602500"></trkpt>
      <trkpt lat="42.3703400" lon="12.8603100"></trkpt>
      <trkpt lat="42.3701700" lon="12.8603700"></trkpt>
      <trkpt lat="42.3699200" lon="12.8604900"></trkpt>
      <trkpt lat="42.3696500" lon="12.8606400"></trkpt>
      <trkpt lat="42.3692400" lon="12.8608400"></trkpt>
      <trkpt lat="42.3691700" lon="12.8608800"></trkpt>
      <trkpt lat="42.3689900" lon="12.8609600"></trkpt>
      <trkpt lat="42.3688900" lon="12.8609700"></trkpt>
      <trkpt lat="42.3684400" lon="12.8609700"></trkpt>
      <trkpt lat="42.3680700" lon="12.8609600"></trkpt>
      <trkpt lat="42.3680500" lon="12.8609600"></trkpt>
      <trkpt lat="42.3676800" lon="12.8609500"></trkpt>
      <trkpt lat="42.3673500" lon="12.8609300"></trkpt>
      <trkpt lat="42.3673000" lon="12.8609300"></trkpt>
      <trkpt lat="42.3671800" lon="12.8609200"></trkpt>
      <trkpt lat="42.3671400" lon="12.8609200"></trkpt>
      <trkpt lat="42.3670400" lon="12.8609100"></trkpt>
      <trkpt lat="42.3668200" lon="12.8608900"></trkpt>
      <trkpt lat="42.3666800" lon="12.8608600"></trkpt>
      <trkpt lat="42.3665400" lon="12.8608300"></trkpt>
      <trkpt lat="42.3663300" lon="12.8607800"></trkpt>
      <trkpt lat="42.3663000" lon="12.8607700"></trkpt>
      <trkpt lat="42.3662900" lon="12.8607700"></trkpt>
      <trkpt lat="42.3659300" lon="12.8606800"></trkpt>
      <trkpt lat="42.3658500" lon="12.8606600"></trkpt>
      <trkpt lat="42.3657000" lon="12.8606200"></trkpt>
      <trkpt lat="42.3656200" lon="12.8605900"></trkpt>
      <trkpt lat="42.3655500" lon="12.8605600"></trkpt>
      <trkpt lat="42.3655100" lon="12.8605400"></trkpt>
      <trkpt lat="42.3654200" lon="12.8604900"></trkpt>
      <trkpt lat="42.3653000" lon="12.8604200"></trkpt>
      <trkpt lat="42.3651800" lon="12.8603300"></trkpt>
      <trkpt lat="42.3644900" lon="12.8596800"></trkpt>
      <trkpt lat="42.3644400" lon="12.8596300"></trkpt>
      <trkpt lat="42.3643900" lon="12.8595800"></trkpt>
      <trkpt lat="42.3642800" lon="12.8594900"></trkpt>
      <trkpt lat="42.3641200" lon="12.8593500"></trkpt>
      <trkpt lat="42.3640500" lon="12.8592900"></trkpt>
      <trkpt lat="42.3639800" lon="12.8592500"></trkpt>
      <trkpt lat="42.3639200" lon="12.8592200"></trkpt>
      <trkpt lat="42.3638600" lon="12.8592000"></trkpt>
      <trkpt lat="42.3637700" lon="12.8591800"></trkpt>
      <trkpt lat="42.3636800" lon="12.8591600"></trkpt>
      <trkpt lat="42.3635600" lon="12.8591500"></trkpt>
      <trkpt lat="42.3634700" lon="12.8591400"></trkpt>
      <trkpt lat="42.3634200" lon="12.8591500"></trkpt>
      <trkpt lat="42.3633200" lon="12.8591600"></trkpt>
      <trkpt lat="42.3631500" lon="12.8591900"></trkpt>
      <trkpt lat="42.3628500" lon="12.8592500"></trkpt>
      <trkpt lat="42.3628100" lon="12.8592600"></trkpt>
      <trkpt lat="42.3627500" lon="12.8592700"></trkpt>
      <trkpt lat="42.3627000" lon="12.8592800"></trkpt>
      <trkpt lat="42.3625200" lon="12.8593000"></trkpt>
      <trkpt lat="42.3623700" lon="12.8593100"></trkpt>
      <trkpt lat="42.3622500" lon="12.8593100"></trkpt>
      <trkpt lat="42.3621400" lon="12.8593000"></trkpt>
      <trkpt lat="42.3620400" lon="12.8592800"></trkpt>
      <trkpt lat="42.3620300" lon="12.8592800"></trkpt>
      <trkpt lat="42.3619400" lon="12.8592700"></trkpt>
      <trkpt lat="42.3618000" lon="12.8592300"></trkpt>
      <trkpt lat="42.3617000" lon="12.8592000"></trkpt>
      <trkpt lat="42.3616100" lon="12.8591500"></trkpt>
      <trkpt lat="42.3615400" lon="12.8591200"></trkpt>
      <trkpt lat="42.3615200" lon="12.8591100"></trkpt>
      <trkpt lat="42.3615000" lon="12.8590900"></trkpt>
      <trkpt lat="42.3614900" lon="12.8590900"></trkpt>
      <trkpt lat="42.3614200" lon="12.8590400"></trkpt>
      <trkpt lat="42.3613800" lon="12.8590100"></trkpt>
      <trkpt lat="42.3612800" lon="12.8589400"></trkpt>
      <trkpt lat="42.3611500" lon="12.8588300"></trkpt>
      <trkpt lat="42.3608100" lon="12.8585300"></trkpt>
      <trkpt lat="42.3605700" lon="12.8582400"></trkpt>
      <trkpt lat="42.3603100" lon="12.8579900"></trkpt>
      <trkpt lat="42.3602600" lon="12.8579500"></trkpt>
      <trkpt lat="42.3601400" lon="12.8578700"></trkpt>
      <trkpt lat="42.3600000" lon="12.8577700"></trkpt>
      <trkpt lat="42.3599300" lon="12.8577400"></trkpt>
      <trkpt lat="42.3599000" lon="12.8577200"></trkpt>
      <trkpt lat="42.3598100" lon="12.8576700"></trkpt>
      <trkpt lat="42.3597600" lon="12.8576600"></trkpt>
      <trkpt lat="42.3596700" lon="12.8576200"></trkpt>
      <trkpt lat="42.3595900" lon="12.8576000"></trkpt>
      <trkpt lat="42.3594100" lon="12.8575500"></trkpt>
      <trkpt lat="42.3592400" lon="12.8574900"></trkpt>
      <trkpt lat="42.3590600" lon="12.8574400"></trkpt>
      <trkpt lat="42.3589100" lon="12.8573900"></trkpt>
      <trkpt lat="42.3587100" lon="12.8573400"></trkpt>
      <trkpt lat="42.3583300" lon="12.8572400"></trkpt>
      <trkpt lat="42.3580400" lon="12.8571600"></trkpt>
      <trkpt lat="42.3580000" lon="12.8571400"></trkpt>
      <trkpt lat="42.3579500" lon="12.8571300"></trkpt>
      <trkpt lat="42.3578600" lon="12.8571000"></trkpt>
      <trkpt lat="42.3574700" lon="12.8570200"></trkpt>
      <trkpt lat="42.3574300" lon="12.8570100"></trkpt>
      <trkpt lat="42.3573000" lon="12.8569900"></trkpt>
      <trkpt lat="42.3572300" lon="12.8569800"></trkpt>
      <trkpt lat="42.3570600" lon="12.8569800"></trkpt>
      <trkpt lat="42.3570500" lon="12.8569800"></trkpt>
      <trkpt lat="42.3569800" lon="12.8569800"></trkpt>
      <trkpt lat="42.3569400" lon="12.8569800"></trkpt>
      <trkpt lat="42.3567600" lon="12.8569800"></trkpt>
      <trkpt lat="42.3567000" lon="12.8569800"></trkpt>
      <trkpt lat="42.3565800" lon="12.8569800"></trkpt>
      <trkpt lat="42.3564200" lon="12.8569700"></trkpt>
      <trkpt lat="42.3563200" lon="12.8569500"></trkpt>
      <trkpt lat="42.3562500" lon="12.8569300"></trkpt>
      <trkpt lat="42.3562400" lon="12.8569300"></trkpt>
      <trkpt lat="42.3561600" lon="12.8569100"></trkpt>
      <trkpt lat="42.3560700" lon="12.8568700"></trkpt>
      <trkpt lat="42.3559700" lon="12.8568300"></trkpt>
      <trkpt lat="42.3559000" lon="12.8568100"></trkpt>
      <trkpt lat="42.3558100" lon="12.8567900"></trkpt>
      <trkpt lat="42.3557200" lon="12.8567900"></trkpt>
      <trkpt lat="42.3556400" lon="12.8567900"></trkpt>
      <trkpt lat="42.3556100" lon="12.8567900"></trkpt>
      <trkpt lat="42.3555600" lon="12.8567800"></trkpt>
      <trkpt lat="42.3554600" lon="12.8567800"></trkpt>
      <trkpt lat="42.3554500" lon="12.8567800"></trkpt>
      <trkpt lat="42.3553700" lon="12.8567800"></trkpt>
      <trkpt lat="42.3553100" lon="12.8567600"></trkpt>
      <trkpt lat="42.3552500" lon="12.8567400"></trkpt>
      <trkpt lat="42.3551100" lon="12.8566900"></trkpt>
      <trkpt lat="42.3550800" lon="12.8566700"></trkpt>
      <trkpt lat="42.3548000" lon="12.8565600"></trkpt>
      <trkpt lat="42.3545700" lon="12.8564500"></trkpt>
      <trkpt lat="42.3543600" lon="12.8563300"></trkpt>
      <trkpt lat="42.3542600" lon="12.8562700"></trkpt>
      <trkpt lat="42.3542500" lon="12.8562600"></trkpt>
      <trkpt lat="42.3542400" lon="12.8562600"></trkpt>
      <trkpt lat="42.3542300" lon="12.8562500"></trkpt>
      <trkpt lat="42.3541400" lon="12.8561900"></trkpt>
      <trkpt lat="42.3540800" lon="12.8561400"></trkpt>
      <trkpt lat="42.3540700" lon="12.8561300"></trkpt>
      <trkpt lat="42.3540500" lon="12.8561100"></trkpt>
      <trkpt lat="42.3538600" lon="12.8559400"></trkpt>
      <trkpt lat="42.3536700" lon="12.8557600"></trkpt>
      <trkpt lat="42.3536500" lon="12.8557500"></trkpt>
      <trkpt lat="42.3536200" lon="12.8557200"></trkpt>
      <trkpt lat="42.3535800" lon="12.8556800"></trkpt>
      <trkpt lat="42.3535300" lon="12.8556400"></trkpt>
      <trkpt lat="42.3534000" lon="12.8555400"></trkpt>
      <trkpt lat="42.3532300" lon="12.8554300"></trkpt>
      <trkpt lat="42.3530400" lon="12.8553200"></trkpt>
      <trkpt lat="42.3529100" lon="12.8552500"></trkpt>
      <trkpt lat="42.3527800" lon="12.8551100"></trkpt>
      <trkpt lat="42.3526400" lon="12.8549700"></trkpt>
      <trkpt lat="42.3526300" lon="12.8549500"></trkpt>
      <trkpt lat="42.3525800" lon="12.8548900"></trkpt>
      <trkpt lat="42.3525300" lon="12.8548200"></trkpt>
      <trkpt lat="42.3524700" lon="12.8547200"></trkpt>
      <trkpt lat="42.3523400" lon="12.8545200"></trkpt>
      <trkpt lat="42.3522800" lon="12.8544100"></trkpt>
      <trkpt lat="42.3522400" lon="12.8543400"></trkpt>
      <trkpt lat="42.3522200" lon="12.8543200"></trkpt>
      <trkpt lat="42.3522000" lon="12.8542800"></trkpt>
      <trkpt lat="42.3521800" lon="12.8542500"></trkpt>
      <trkpt lat="42.3521700" lon="12.8542300"></trkpt>
      <trkpt lat="42.3520000" lon="12.8539800"></trkpt>
      <trkpt lat="42.3519900" lon="12.8539700"></trkpt>
      <trkpt lat="42.3518900" lon="12.8538100"></trkpt>
      <trkpt lat="42.3518800" lon="12.8538000"></trkpt>
      <trkpt lat="42.3518300" lon="12.8537200"></trkpt>
      <trkpt lat="42.3518100" lon="12.8536900"></trkpt>
      <trkpt lat="42.3518000" lon="12.8536900"></trkpt>
      <trkpt lat="42.3517600" lon="12.8536200"></trkpt>
      <trkpt lat="42.3517500" lon="12.8536100"></trkpt>
      <trkpt lat="42.3517000" lon="12.8535500"></trkpt>
      <trkpt lat="42.3516900" lon="12.8535400"></trkpt>
      <trkpt lat="42.3516700" lon="12.8535200"></trkpt>
      <trkpt lat="42.3516300" lon="12.8534800"></trkpt>
      <trkpt lat="42.3516200" lon="12.8534700"></trkpt>
      <trkpt lat="42.3515600" lon="12.8534300"></trkpt>
      <trkpt lat="42.3514800" lon="12.8533600"></trkpt>
      <trkpt lat="42.3514600" lon="12.8533500"></trkpt>
      <trkpt lat="42.3514200" lon="12.8533300"></trkpt>
      <trkpt lat="42.3513800" lon="12.8533200"></trkpt>
      <trkpt lat="42.3513600" lon="12.8533100"></trkpt>
      <trkpt lat="42.3513500" lon="12.8533000"></trkpt>
      <trkpt lat="42.3512900" lon="12.8532900"></trkpt>
      <trkpt lat="42.3512000" lon="12.8532600"></trkpt>
      <trkpt lat="42.3511100" lon="12.8532600"></trkpt>
      <trkpt lat="42.3510600" lon="12.8532500"></trkpt>
      <trkpt lat="42.3509800" lon="12.8532600"></trkpt>
      <trkpt lat="42.3509300" lon="12.8532600"></trkpt>
      <trkpt lat="42.3508500" lon="12.8532700"></trkpt>
      <trkpt lat="42.3508200" lon="12.8532800"></trkpt>
      <trkpt lat="42.3507500" lon="12.8533000"></trkpt>
      <trkpt lat="42.3503800" lon="12.8533800"></trkpt>
      <trkpt lat="42.3500400" lon="12.8534600"></trkpt>
      <trkpt lat="42.3500200" lon="12.8534700"></trkpt>
      <trkpt lat="42.3497400" lon="12.8535400"></trkpt>
      <trkpt lat="42.3496900" lon="12.8535600"></trkpt>
      <trkpt lat="42.3496100" lon="12.8535800"></trkpt>
      <trkpt lat="42.3495800" lon="12.8535900"></trkpt>
      <trkpt lat="42.3495100" lon="12.8536100"></trkpt>
      <trkpt lat="42.3493500" lon="12.8536600"></trkpt>
      <trkpt lat="42.3490800" lon="12.8537500"></trkpt>
      <trkpt lat="42.3489900" lon="12.8537800"></trkpt>
      <trkpt lat="42.3489500" lon="12.8537900"></trkpt>
      <trkpt lat="42.3489100" lon="12.8538100"></trkpt>
      <trkpt lat="42.3486800" lon="12.8538900"></trkpt>
      <trkpt lat="42.3486400" lon="12.8539000"></trkpt>
      <trkpt lat="42.3483900" lon="12.8539900"></trkpt>
      <trkpt lat="42.3483300" lon="12.8540100"></trkpt>
      <trkpt lat="42.3481800" lon="12.8541100"></trkpt>
      <trkpt lat="42.3481200" lon="12.8541600"></trkpt>
      <trkpt lat="42.3480600" lon="12.8542200"></trkpt>
      <trkpt lat="42.3479900" lon="12.8542500"></trkpt>
      <trkpt lat="42.3479700" lon="12.8542600"></trkpt>
      <trkpt lat="42.3477400" lon="12.8543700"></trkpt>
      <trkpt lat="42.3476900" lon="12.8543900"></trkpt>
      <trkpt lat="42.3476600" lon="12.8544000"></trkpt>
      <trkpt lat="42.3473300" lon="12.8545500"></trkpt>
      <trkpt lat="42.3472600" lon="12.8545800"></trkpt>
      <trkpt lat="42.3472200" lon="12.8546000"></trkpt>
      <trkpt lat="42.3472100" lon="12.8546200"></trkpt>
      <trkpt lat="42.3471600" lon="12.8546700"></trkpt>
      <trkpt lat="42.3469900" lon="12.8547400"></trkpt>
      <trkpt lat="42.3468800" lon="12.8547900"></trkpt>
      <trkpt lat="42.3467100" lon="12.8548600"></trkpt>
      <trkpt lat="42.3466700" lon="12.8548800"></trkpt>
      <trkpt lat="42.3464400" lon="12.8549700"></trkpt>
      <trkpt lat="42.3462700" lon="12.8550300"></trkpt>
      <trkpt lat="42.3460900" lon="12.8551000"></trkpt>
      <trkpt lat="42.3459000" lon="12.8551700"></trkpt>
      <trkpt lat="42.3458700" lon="12.8551800"></trkpt>
      <trkpt lat="42.3458400" lon="12.8551900"></trkpt>
      <trkpt lat="42.3457200" lon="12.8552200"></trkpt>
      <trkpt lat="42.3456900" lon="12.8552300"></trkpt>
      <trkpt lat="42.3456700" lon="12.8552300"></trkpt>
      <trkpt lat="42.3455500" lon="12.8552600"></trkpt>
      <trkpt lat="42.3454900" lon="12.8552700"></trkpt>
      <trkpt lat="42.3453800" lon="12.8552900"></trkpt>
      <trkpt lat="42.3450900" lon="12.8553400"></trkpt>
      <trkpt lat="42.3449600" lon="12.8553600"></trkpt>
      <trkpt lat="42.3446500" lon="12.8553900"></trkpt>
      <trkpt lat="42.3444600" lon="12.8554200"></trkpt>
      <trkpt lat="42.3442900" lon="12.8554400"></trkpt>
      <trkpt lat="42.3439800" lon="12.8554800"></trkpt>
      <trkpt lat="42.3438000" lon="12.8555000"></trkpt>
      <trkpt lat="42.3437200" lon="12.8555100"></trkpt>
      <trkpt lat="42.3434400" lon="12.8555600"></trkpt>
      <trkpt lat="42.3434000" lon="12.8555600"></trkpt>
      <trkpt lat="42.3430800" lon="12.8556000"></trkpt>
      <trkpt lat="42.3429000" lon="12.8556300"></trkpt>
      <trkpt lat="42.3426100" lon="12.8556600"></trkpt>
      <trkpt lat="42.3424400" lon="12.8556900"></trkpt>
      <trkpt lat="42.3423700" lon="12.8557200"></trkpt>
      <trkpt lat="42.3422600" lon="12.8557400"></trkpt>
      <trkpt lat="42.3420600" lon="12.8557600"></trkpt>
      <trkpt lat="42.3412300" lon="12.8558800"></trkpt>
      <trkpt lat="42.3411700" lon="12.8558800"></trkpt>
      <trkpt lat="42.3411600" lon="12.8558900"></trkpt>
      <trkpt lat="42.3409900" lon="12.8559100"></trkpt>
      <trkpt lat="42.3386900" lon="12.8562200"></trkpt>
      <trkpt lat="42.3386000" lon="12.8562300"></trkpt>
      <trkpt lat="42.3381600" lon="12.8562700"></trkpt>
      <trkpt lat="42.3380200" lon="12.8562800"></trkpt>
      <trkpt lat="42.3377700" lon="12.8563200"></trkpt>
      <trkpt lat="42.3375100" lon="12.8563700"></trkpt>
      <trkpt lat="42.3373600" lon="12.8564100"></trkpt>
      <trkpt lat="42.3372600" lon="12.8564400"></trkpt>
      <trkpt lat="42.3372000" lon="12.8564700"></trkpt>
      <trkpt lat="42.3370500" lon="12.8565300"></trkpt>
      <trkpt lat="42.3367800" lon="12.8566600"></trkpt>
      <trkpt lat="42.3363000" lon="12.8569100"></trkpt>
      <trkpt lat="42.3362400" lon="12.8569400"></trkpt>
      <trkpt lat="42.3360800" lon="12.8570300"></trkpt>
      <trkpt lat="42.3357300" lon="12.8572000"></trkpt>
      <trkpt lat="42.3355500" lon="12.8573000"></trkpt>
      <trkpt lat="42.3353700" lon="12.8573900"></trkpt>
      <trkpt lat="42.3352600" lon="12.8574300"></trkpt>
      <trkpt lat="42.3350800" lon="12.8574900"></trkpt>
      <trkpt lat="42.3348500" lon="12.8575500"></trkpt>
      <trkpt lat="42.3345100" lon="12.8576200"></trkpt>
      <trkpt lat="42.3338500" lon="12.8577500"></trkpt>
      <trkpt lat="42.3333200" lon="12.8578500"></trkpt>
      <trkpt lat="42.3331300" lon="12.8578800"></trkpt>
      <trkpt lat="42.3328800" lon="12.8579300"></trkpt>
      <trkpt lat="42.3326900" lon="12.8579800"></trkpt>
      <trkpt lat="42.3325300" lon="12.8580000"></trkpt>
      <trkpt lat="42.3320500" lon="12.8580900"></trkpt>
      <trkpt lat="42.3319800" lon="12.8581000"></trkpt>
      <trkpt lat="42.3316700" lon="12.8581600"></trkpt>
      <trkpt lat="42.3312000" lon="12.8582600"></trkpt>
      <trkpt lat="42.3311700" lon="12.8582500"></trkpt>
      <trkpt lat="42.3311600" lon="12.8582500"></trkpt>
      <trkpt lat="42.3309900" lon="12.8582700"></trkpt>
      <trkpt lat="42.3305700" lon="12.8583500"></trkpt>
      <trkpt lat="42.3304600" lon="12.8583800"></trkpt>
      <trkpt lat="42.3303300" lon="12.8584000"></trkpt>
      <trkpt lat="42.3301200" lon="12.8584400"></trkpt>
      <trkpt lat="42.3298000" lon="12.8585100"></trkpt>
      <trkpt lat="42.3296900" lon="12.8585300"></trkpt>
      <trkpt lat="42.3294300" lon="12.8585900"></trkpt>
      <trkpt lat="42.3290600" lon="12.8586700"></trkpt>
      <trkpt lat="42.3290500" lon="12.8586700"></trkpt>
      <trkpt lat="42.3286100" lon="12.8587500"></trkpt>
      <trkpt lat="42.3284900" lon="12.8587800"></trkpt>
      <trkpt lat="42.3283900" lon="12.8588100"></trkpt>
      <trkpt lat="42.3279900" lon="12.8589000"></trkpt>
      <trkpt lat="42.3277400" lon="12.8589500"></trkpt>
      <trkpt lat="42.3276800" lon="12.8589900"></trkpt>
      <trkpt lat="42.3273500" lon="12.8590400"></trkpt>
      <trkpt lat="42.3272200" lon="12.8590500"></trkpt>
      <trkpt lat="42.3270500" lon="12.8590800"></trkpt>
      <trkpt lat="42.3269400" lon="12.8590800"></trkpt>
      <trkpt lat="42.3268600" lon="12.8590900"></trkpt>
      <trkpt lat="42.3267700" lon="12.8590900"></trkpt>
      <trkpt lat="42.3267000" lon="12.8590900"></trkpt>
      <trkpt lat="42.3266300" lon="12.8590900"></trkpt>
      <trkpt lat="42.3265600" lon="12.8590800"></trkpt>
      <trkpt lat="42.3264700" lon="12.8590600"></trkpt>
      <trkpt lat="42.3263400" lon="12.8590200"></trkpt>
      <trkpt lat="42.3262100" lon="12.8589800"></trkpt>
      <trkpt lat="42.3261200" lon="12.8589400"></trkpt>
      <trkpt lat="42.3260800" lon="12.8589200"></trkpt>
      <trkpt lat="42.3260100" lon="12.8588900"></trkpt>
      <trkpt lat="42.3259100" lon="12.8588300"></trkpt>
      <trkpt lat="42.3257800" lon="12.8587600"></trkpt>
      <trkpt lat="42.3252900" lon="12.8584000"></trkpt>
      <trkpt lat="42.3246200" lon="12.8579100"></trkpt>
      <trkpt lat="42.3242800" lon="12.8576600"></trkpt>
      <trkpt lat="42.3238700" lon="12.8573600"></trkpt>
      <trkpt lat="42.3235900" lon="12.8571600"></trkpt>
      <trkpt lat="42.3235500" lon="12.8571300"></trkpt>
      <trkpt lat="42.3219000" lon="12.8558900"></trkpt>
      <trkpt lat="42.3209600" lon="12.8552100"></trkpt>
      <trkpt lat="42.3203700" lon="12.8547700"></trkpt>
      <trkpt lat="42.3192300" lon="12.8539600"></trkpt>
      <trkpt lat="42.3187800" lon="12.8536400"></trkpt>
      <trkpt lat="42.3185800" lon="12.8535000"></trkpt>
      <trkpt lat="42.3185000" lon="12.8534500"></trkpt>
      <trkpt lat="42.3183500" lon="12.8533600"></trkpt>
      <trkpt lat="42.3182600" lon="12.8533100"></trkpt>
      <trkpt lat="42.3181100" lon="12.8532400"></trkpt>
      <trkpt lat="42.3179700" lon="12.8531700"></trkpt>
      <trkpt lat="42.3177800" lon="12.8530800"></trkpt>
      <trkpt lat="42.3176300" lon="12.8530200"></trkpt>
      <trkpt lat="42.3174100" lon="12.8529700"></trkpt>
      <trkpt lat="42.3172700" lon="12.8529200"></trkpt>
      <trkpt lat="42.3169900" lon="12.8528800"></trkpt>
      <trkpt lat="42.3167000" lon="12.8528400"></trkpt>
      <trkpt lat="42.3162100" lon="12.8527700"></trkpt>
      <trkpt lat="42.3155000" lon="12.8526700"></trkpt>
      <trkpt lat="42.3151300" lon="12.8526200"></trkpt>
      <trkpt lat="42.3149600" lon="12.8526000"></trkpt>
      <trkpt lat="42.3148600" lon="12.8526000"></trkpt>
      <trkpt lat="42.3147700" lon="12.8526000"></trkpt>
      <trkpt lat="42.3145800" lon="12.8526000"></trkpt>
      <trkpt lat="42.3142100" lon="12.8526400"></trkpt>
      <trkpt lat="42.3140300" lon="12.8526500"></trkpt>
      <trkpt lat="42.3127100" lon="12.8528100"></trkpt>
      <trkpt lat="42.3118500" lon="12.8528800"></trkpt>
      <trkpt lat="42.3112700" lon="12.8529200"></trkpt>
      <trkpt lat="42.3110800" lon="12.8529400"></trkpt>
      <trkpt lat="42.3105000" lon="12.8529800"></trkpt>
      <trkpt lat="42.3103200" lon="12.8529900"></trkpt>
      <trkpt lat="42.3099700" lon="12.8530200"></trkpt>
      <trkpt lat="42.3097100" lon="12.8530400"></trkpt>
      <trkpt lat="42.3094800" lon="12.8530700"></trkpt>
      <trkpt lat="42.3092900" lon="12.8531100"></trkpt>
      <trkpt lat="42.3090900" lon="12.8531700"></trkpt>
      <trkpt lat="42.3090700" lon="12.8531800"></trkpt>
      <trkpt lat="42.3088900" lon="12.8532300"></trkpt>
      <trkpt lat="42.3086100" lon="12.8533400"></trkpt>
      <trkpt lat="42.3084700" lon="12.8534100"></trkpt>
      <trkpt lat="42.3080700" lon="12.8536000"></trkpt>
      <trkpt lat="42.3080500" lon="12.8536200"></trkpt>
      <trkpt lat="42.3078800" lon="12.8537000"></trkpt>
      <trkpt lat="42.3077700" lon="12.8537500"></trkpt>
      <trkpt lat="42.3075100" lon="12.8538700"></trkpt>
      <trkpt lat="42.3072500" lon="12.8539800"></trkpt>
      <trkpt lat="42.3071000" lon="12.8540400"></trkpt>
      <trkpt lat="42.3068500" lon="12.8541200"></trkpt>
      <trkpt lat="42.3067200" lon="12.8541500"></trkpt>
      <trkpt lat="42.3066600" lon="12.8541600"></trkpt>
      <trkpt lat="42.3066200" lon="12.8541700"></trkpt>
      <trkpt lat="42.3066100" lon="12.8541700"></trkpt>
      <trkpt lat="42.3065200" lon="12.8541900"></trkpt>
      <trkpt lat="42.3062500" lon="12.8542100"></trkpt>
      <trkpt lat="42.3058200" lon="12.8542300"></trkpt>
      <trkpt lat="42.3052300" lon="12.8542500"></trkpt>
      <trkpt lat="42.3048700" lon="12.8542500"></trkpt>
      <trkpt lat="42.3047500" lon="12.8542500"></trkpt>
      <trkpt lat="42.3046800" lon="12.8542600"></trkpt>
      <trkpt lat="42.3046400" lon="12.8542600"></trkpt>
      <trkpt lat="42.3046100" lon="12.8542700"></trkpt>
      <trkpt lat="42.3044400" lon="12.8542900"></trkpt>
      <trkpt lat="42.3042600" lon="12.8543300"></trkpt>
      <trkpt lat="42.3040500" lon="12.8544000"></trkpt>
      <trkpt lat="42.3038900" lon="12.8544600"></trkpt>
      <trkpt lat="42.3037200" lon="12.8545400"></trkpt>
      <trkpt lat="42.3036000" lon="12.8546300"></trkpt>
      <trkpt lat="42.3033600" lon="12.8547900"></trkpt>
      <trkpt lat="42.3031400" lon="12.8549700"></trkpt>
      <trkpt lat="42.3030200" lon="12.8551000"></trkpt>
      <trkpt lat="42.3028500" lon="12.8552800"></trkpt>
      <trkpt lat="42.3027500" lon="12.8554000"></trkpt>
      <trkpt lat="42.3025000" lon="12.8556800"></trkpt>
      <trkpt lat="42.3023300" lon="12.8558700"></trkpt>
      <trkpt lat="42.3021500" lon="12.8560700"></trkpt>
      <trkpt lat="42.3018600" lon="12.8564200"></trkpt>
      <trkpt lat="42.3017900" lon="12.8564900"></trkpt>
      <trkpt lat="42.3017500" lon="12.8565300"></trkpt>
      <trkpt lat="42.3017100" lon="12.8565700"></trkpt>
      <trkpt lat="42.3016400" lon="12.8566300"></trkpt>
      <trkpt lat="42.3016300" lon="12.8566400"></trkpt>
      <trkpt lat="42.3016000" lon="12.8566700"></trkpt>
      <trkpt lat="42.3014700" lon="12.8567900"></trkpt>
      <trkpt lat="42.3013200" lon="12.8568900"></trkpt>
      <trkpt lat="42.3012100" lon="12.8569700"></trkpt>
      <trkpt lat="42.3011000" lon="12.8570400"></trkpt>
      <trkpt lat="42.3009600" lon="12.8571200"></trkpt>
      <trkpt lat="42.3006900" lon="12.8572300"></trkpt>
      <trkpt lat="42.3004500" lon="12.8573300"></trkpt>
      <trkpt lat="42.3003600" lon="12.8573700"></trkpt>
      <trkpt lat="42.3002800" lon="12.8574000"></trkpt>
      <trkpt lat="42.3000700" lon="12.8574900"></trkpt>
      <trkpt lat="42.2988500" lon="12.8579800"></trkpt>
      <trkpt lat="42.2984900" lon="12.8581600"></trkpt>
      <trkpt lat="42.2977800" lon="12.8585600"></trkpt>
      <trkpt lat="42.2970300" lon="12.8589800"></trkpt>
      <trkpt lat="42.2966900" lon="12.8591700"></trkpt>
      <trkpt lat="42.2966400" lon="12.8591900"></trkpt>
      <trkpt lat="42.2965200" lon="12.8592600"></trkpt>
      <trkpt lat="42.2963500" lon="12.8593500"></trkpt>
      <trkpt lat="42.2963400" lon="12.8593600"></trkpt>
      <trkpt lat="42.2961500" lon="12.8594500"></trkpt>
      <trkpt lat="42.2960100" lon="12.8595100"></trkpt>
      <trkpt lat="42.2959100" lon="12.8595500"></trkpt>
      <trkpt lat="42.2957300" lon="12.8596100"></trkpt>
      <trkpt lat="42.2955600" lon="12.8596600"></trkpt>
      <trkpt lat="42.2955000" lon="12.8596800"></trkpt>
      <trkpt lat="42.2953300" lon="12.8597100"></trkpt>
      <trkpt lat="42.2951700" lon="12.8597300"></trkpt>
      <trkpt lat="42.2950000" lon="12.8597500"></trkpt>
      <trkpt lat="42.2948100" lon="12.8597600"></trkpt>
      <trkpt lat="42.2947900" lon="12.8597600"></trkpt>
      <trkpt lat="42.2946600" lon="12.8597600"></trkpt>
      <trkpt lat="42.2944700" lon="12.8597500"></trkpt>
      <trkpt lat="42.2943900" lon="12.8597400"></trkpt>
      <trkpt lat="42.2942700" lon="12.8597200"></trkpt>
      <trkpt lat="42.2941500" lon="12.8596900"></trkpt>
      <trkpt lat="42.2940200" lon="12.8596500"></trkpt>
      <trkpt lat="42.2940000" lon="12.8596500"></trkpt>
      <trkpt lat="42.2938100" lon="12.8595800"></trkpt>
      <trkpt lat="42.2937600" lon="12.8595500"></trkpt>
      <trkpt lat="42.2937500" lon="12.8595500"></trkpt>
      <trkpt lat="42.2937000" lon="12.8595200"></trkpt>
      <trkpt lat="42.2936600" lon="12.8595000"></trkpt>
      <trkpt lat="42.2935500" lon="12.8594300"></trkpt>
      <trkpt lat="42.2934100" lon="12.8593500"></trkpt>
      <trkpt lat="42.2934000" lon="12.8593500"></trkpt>
      <trkpt lat="42.2933500" lon="12.8593200"></trkpt>
      <trkpt lat="42.2933100" lon="12.8592900"></trkpt>
      <trkpt lat="42.2932800" lon="12.8592700"></trkpt>
      <trkpt lat="42.2932300" lon="12.8592400"></trkpt>
      <trkpt lat="42.2932300" lon="12.8592300"></trkpt>
      <trkpt lat="42.2931700" lon="12.8591900"></trkpt>
      <trkpt lat="42.2931200" lon="12.8591700"></trkpt>
      <trkpt lat="42.2931100" lon="12.8591600"></trkpt>
      <trkpt lat="42.2931000" lon="12.8591500"></trkpt>
      <trkpt lat="42.2930400" lon="12.8591100"></trkpt>
      <trkpt lat="42.2929900" lon="12.8590700"></trkpt>
      <trkpt lat="42.2928800" lon="12.8589900"></trkpt>
      <trkpt lat="42.2927700" lon="12.8589100"></trkpt>
      <trkpt lat="42.2927100" lon="12.8588100"></trkpt>
      <trkpt lat="42.2925400" lon="12.8586100"></trkpt>
      <trkpt lat="42.2924800" lon="12.8585600"></trkpt>
      <trkpt lat="42.2923400" lon="12.8583800"></trkpt>
      <trkpt lat="42.2920700" lon="12.8580400"></trkpt>
      <trkpt lat="42.2920300" lon="12.8579700"></trkpt>
      <trkpt lat="42.2917500" lon="12.8575000"></trkpt>
      <trkpt lat="42.2914900" lon="12.8570400"></trkpt>
      <trkpt lat="42.2913600" lon="12.8568600"></trkpt>
      <trkpt lat="42.2912900" lon="12.8568000"></trkpt>
      <trkpt lat="42.2912100" lon="12.8566500"></trkpt>
      <trkpt lat="42.2911900" lon="12.8566100"></trkpt>
      <trkpt lat="42.2907500" lon="12.8558400"></trkpt>
      <trkpt lat="42.2906300" lon="12.8556300"></trkpt>
      <trkpt lat="42.2905500" lon="12.8554900"></trkpt>
      <trkpt lat="42.2900900" lon="12.8546900"></trkpt>
      <trkpt lat="42.2900400" lon="12.8546000"></trkpt>
      <trkpt lat="42.2897700" lon="12.8541200"></trkpt>
      <trkpt lat="42.2897200" lon="12.8540200"></trkpt>
      <trkpt lat="42.2896900" lon="12.8539600"></trkpt>
      <trkpt lat="42.2896600" lon="12.8538900"></trkpt>
      <trkpt lat="42.2896300" lon="12.8538300"></trkpt>
      <trkpt lat="42.2896100" lon="12.8537800"></trkpt>
      <trkpt lat="42.2895700" lon="12.8536600"></trkpt>
      <trkpt lat="42.2895400" lon="12.8535700"></trkpt>
      <trkpt lat="42.2895000" lon="12.8534500"></trkpt>
      <trkpt lat="42.2894500" lon="12.8533000"></trkpt>
      <trkpt lat="42.2894300" lon="12.8532200"></trkpt>
      <trkpt lat="42.2894300" lon="12.8531900"></trkpt>
      <trkpt lat="42.2893800" lon="12.8530000"></trkpt>
      <trkpt lat="42.2893800" lon="12.8529900"></trkpt>
      <trkpt lat="42.2893500" lon="12.8528400"></trkpt>
      <trkpt lat="42.2893500" lon="12.8528000"></trkpt>
      <trkpt lat="42.2893400" lon="12.8527500"></trkpt>
      <trkpt lat="42.2893300" lon="12.8526600"></trkpt>
      <trkpt lat="42.2893300" lon="12.8526200"></trkpt>
      <trkpt lat="42.2893200" lon="12.8525100"></trkpt>
      <trkpt lat="42.2893200" lon="12.8524500"></trkpt>
      <trkpt lat="42.2893100" lon="12.8522600"></trkpt>
      <trkpt lat="42.2893100" lon="12.8520600"></trkpt>
      <trkpt lat="42.2893100" lon="12.8519200"></trkpt>
      <trkpt lat="42.2893100" lon="12.8518200"></trkpt>
      <trkpt lat="42.2893100" lon="12.8516500"></trkpt>
      <trkpt lat="42.2893100" lon="12.8515800"></trkpt>
      <trkpt lat="42.2893100" lon="12.8515700"></trkpt>
      <trkpt lat="42.2893100" lon="12.8514100"></trkpt>
      <trkpt lat="42.2893100" lon="12.8513700"></trkpt>
      <trkpt lat="42.2893100" lon="12.8513300"></trkpt>
      <trkpt lat="42.2893100" lon="12.8513100"></trkpt>
      <trkpt lat="42.2893100" lon="12.8512900"></trkpt>
      <trkpt lat="42.2893100" lon="12.8512500"></trkpt>
      <trkpt lat="42.2893100" lon="12.8510100"></trkpt>
      <trkpt lat="42.2893100" lon="12.8508500"></trkpt>
      <trkpt lat="42.2893100" lon="12.8507700"></trkpt>
      <trkpt lat="42.2893100" lon="12.8506800"></trkpt>
      <trkpt lat="42.2893100" lon="12.8506100"></trkpt>
      <trkpt lat="42.2893100" lon="12.8505100"></trkpt>
      <trkpt lat="42.2893100" lon="12.8504400"></trkpt>
      <trkpt lat="42.2893100" lon="12.8502800"></trkpt>
      <trkpt lat="42.2893100" lon="12.8502000"></trkpt>
      <trkpt lat="42.2893200" lon="12.8501900"></trkpt>
      <trkpt lat="42.2893100" lon="12.8501200"></trkpt>
      <trkpt lat="42.2893100" lon="12.8500400"></trkpt>
      <trkpt lat="42.2893100" lon="12.8498800"></trkpt>
      <trkpt lat="42.2893100" lon="12.8498000"></trkpt>
      <trkpt lat="42.2893100" lon="12.8497300"></trkpt>
      <trkpt lat="42.2893000" lon="12.8496400"></trkpt>
      <trkpt lat="42.2892900" lon="12.8494000"></trkpt>
      <trkpt lat="42.2892400" lon="12.8490300"></trkpt>
      <trkpt lat="42.2892100" lon="12.8489200"></trkpt>
      <trkpt lat="42.2891800" lon="12.8487700"></trkpt>
      <trkpt lat="42.2891600" lon="12.8486900"></trkpt>
      <trkpt lat="42.2891000" lon="12.8484900"></trkpt>
      <trkpt lat="42.2890900" lon="12.8484700"></trkpt>
      <trkpt lat="42.2890100" lon="12.8482400"></trkpt>
      <trkpt lat="42.2889200" lon="12.8480300"></trkpt>
      <trkpt lat="42.2888800" lon="12.8479600"></trkpt>
      <trkpt lat="42.2888200" lon="12.8478200"></trkpt>
      <trkpt lat="42.2887500" lon="12.8476900"></trkpt>
      <trkpt lat="42.2886000" lon="12.8474400"></trkpt>
      <trkpt lat="42.2884400" lon="12.8472200"></trkpt>
      <trkpt lat="42.2883000" lon="12.8470600"></trkpt>
      <trkpt lat="42.2881700" lon="12.8469300"></trkpt>
      <trkpt lat="42.2880500" lon="12.8468100"></trkpt>
      <trkpt lat="42.2878900" lon="12.8466900"></trkpt>
      <trkpt lat="42.2877500" lon="12.8466000"></trkpt>
      <trkpt lat="42.2876600" lon="12.8465500"></trkpt>
      <trkpt lat="42.2875000" lon="12.8464700"></trkpt>
      <trkpt lat="42.2873900" lon="12.8464200"></trkpt>
      <trkpt lat="42.2872700" lon="12.8463800"></trkpt>
      <trkpt lat="42.2871600" lon="12.8463400"></trkpt>
      <trkpt lat="42.2869200" lon="12.8462800"></trkpt>
      <trkpt lat="42.2866800" lon="12.8462400"></trkpt>
      <trkpt lat="42.2864100" lon="12.8461900"></trkpt>
      <trkpt lat="42.2861700" lon="12.8461400"></trkpt>
      <trkpt lat="42.2859600" lon="12.8461000"></trkpt>
      <trkpt lat="42.2858300" lon="12.8460700"></trkpt>
      <trkpt lat="42.2857900" lon="12.8460600"></trkpt>
      <trkpt lat="42.2856200" lon="12.8460200"></trkpt>
      <trkpt lat="42.2854300" lon="12.8459800"></trkpt>
      <trkpt lat="42.2850800" lon="12.8458800"></trkpt>
      <trkpt lat="42.2849000" lon="12.8458400"></trkpt>
      <trkpt lat="42.2847800" lon="12.8458100"></trkpt>
      <trkpt lat="42.2847600" lon="12.8458000"></trkpt>
      <trkpt lat="42.2847000" lon="12.8457500"></trkpt>
      <trkpt lat="42.2843600" lon="12.8456900"></trkpt>
      <trkpt lat="42.2841500" lon="12.8456600"></trkpt>
      <trkpt lat="42.2839400" lon="12.8456500"></trkpt>
      <trkpt lat="42.2837300" lon="12.8456600"></trkpt>
      <trkpt lat="42.2836800" lon="12.8456700"></trkpt>
      <trkpt lat="42.2835300" lon="12.8456600"></trkpt>
      <trkpt lat="42.2834500" lon="12.8456700"></trkpt>
      <trkpt lat="42.2832900" lon="12.8456700"></trkpt>
      <trkpt lat="42.2832400" lon="12.8456800"></trkpt>
      <trkpt lat="42.2830000" lon="12.8457300"></trkpt>
      <trkpt lat="42.2829600" lon="12.8457400"></trkpt>
      <trkpt lat="42.2825800" lon="12.8458500"></trkpt>
      <trkpt lat="42.2824100" lon="12.8459000"></trkpt>
      <trkpt lat="42.2818600" lon="12.8460500"></trkpt>
      <trkpt lat="42.2815900" lon="12.8461300"></trkpt>
      <trkpt lat="42.2812500" lon="12.8462300"></trkpt>
      <trkpt lat="42.2811600" lon="12.8462500"></trkpt>
      <trkpt lat="42.2808500" lon="12.8463300"></trkpt>
      <trkpt lat="42.2807900" lon="12.8463500"></trkpt>
      <trkpt lat="42.2807000" lon="12.8463700"></trkpt>
      <trkpt lat="42.2803600" lon="12.8464700"></trkpt>
      <trkpt lat="42.2801900" lon="12.8465200"></trkpt>
      <trkpt lat="42.2800800" lon="12.8465500"></trkpt>
      <trkpt lat="42.2799300" lon="12.8465800"></trkpt>
      <trkpt lat="42.2797600" lon="12.8466000"></trkpt>
      <trkpt lat="42.2795000" lon="12.8466100"></trkpt>
      <trkpt lat="42.2794300" lon="12.8466200"></trkpt>
      <trkpt lat="42.2793200" lon="12.8466100"></trkpt>
      <trkpt lat="42.2792900" lon="12.8466000"></trkpt>
      <trkpt lat="42.2792200" lon="12.8465900"></trkpt>
      <trkpt lat="42.2791800" lon="12.8465900"></trkpt>
      <trkpt lat="42.2791200" lon="12.8465800"></trkpt>
      <trkpt lat="42.2790200" lon="12.8465900"></trkpt>
      <trkpt lat="42.2789100" lon="12.8465600"></trkpt>
      <trkpt lat="42.2787600" lon="12.8465000"></trkpt>
      <trkpt lat="42.2786100" lon="12.8464300"></trkpt>
      <trkpt lat="42.2784100" lon="12.8463500"></trkpt>
      <trkpt lat="42.2782300" lon="12.8462600"></trkpt>
      <trkpt lat="42.2778400" lon="12.8460500"></trkpt>
      <trkpt lat="42.2770100" lon="12.8455600"></trkpt>
      <trkpt lat="42.2768400" lon="12.8454600"></trkpt>
      <trkpt lat="42.2767200" lon="12.8453900"></trkpt>
      <trkpt lat="42.2760700" lon="12.8450300"></trkpt>
      <trkpt lat="42.2759900" lon="12.8449900"></trkpt>
      <trkpt lat="42.2759300" lon="12.8449700"></trkpt>
      <trkpt lat="42.2758200" lon="12.8449400"></trkpt>
      <trkpt lat="42.2756800" lon="12.8449100"></trkpt>
      <trkpt lat="42.2755200" lon="12.8448900"></trkpt>
      <trkpt lat="42.2753800" lon="12.8448600"></trkpt>
      <trkpt lat="42.2750000" lon="12.8448000"></trkpt>
      <trkpt lat="42.2744800" lon="12.8447100"></trkpt>
      <trkpt lat="42.2741700" lon="12.8446600"></trkpt>
      <trkpt lat="42.2739400" lon="12.8446100"></trkpt>
      <trkpt lat="42.2738800" lon="12.8445900"></trkpt>
      <trkpt lat="42.2737200" lon="12.8445500"></trkpt>
      <trkpt lat="42.2734100" lon="12.8444600"></trkpt>
      <trkpt lat="42.2732900" lon="12.8444100"></trkpt>
      <trkpt lat="42.2730700" lon="12.8443100"></trkpt>
      <trkpt lat="42.2727600" lon="12.8441500"></trkpt>
      <trkpt lat="42.2727400" lon="12.8441400"></trkpt>
      <trkpt lat="42.2725300" lon="12.8440300"></trkpt>
      <trkpt lat="42.2721000" lon="12.8437700"></trkpt>
      <trkpt lat="42.2720800" lon="12.8437600"></trkpt>
      <trkpt lat="42.2720500" lon="12.8437400"></trkpt>
      <trkpt lat="42.2719600" lon="12.8436900"></trkpt>
      <trkpt lat="42.2719400" lon="12.8436700"></trkpt>
      <trkpt lat="42.2719200" lon="12.8436600"></trkpt>
      <trkpt lat="42.2718900" lon="12.8436400"></trkpt>
      <trkpt lat="42.2718400" lon="12.8436100"></trkpt>
      <trkpt lat="42.2714400" lon="12.8433700"></trkpt>
      <trkpt lat="42.2713100" lon="12.8433000"></trkpt>
      <trkpt lat="42.2712900" lon="12.8432900"></trkpt>
      <trkpt lat="42.2712500" lon="12.8432600"></trkpt>
      <trkpt lat="42.2712000" lon="12.8432300"></trkpt>
      <trkpt lat="42.2710600" lon="12.8431700"></trkpt>
      <trkpt lat="42.2710500" lon="12.8431700"></trkpt>
      <trkpt lat="42.2707700" lon="12.8430700"></trkpt>
      <trkpt lat="42.2706000" lon="12.8430400"></trkpt>
      <trkpt lat="42.2704000" lon="12.8430100"></trkpt>
      <trkpt lat="42.2700800" lon="12.8429600"></trkpt>
      <trkpt lat="42.2698000" lon="12.8429000"></trkpt>
      <trkpt lat="42.2696400" lon="12.8428500"></trkpt>
      <trkpt lat="42.2695200" lon="12.8428100"></trkpt>
      <trkpt lat="42.2695000" lon="12.8428000"></trkpt>
      <trkpt lat="42.2694900" lon="12.8428000"></trkpt>
      <trkpt lat="42.2694700" lon="12.8427900"></trkpt>
      <trkpt lat="42.2692500" lon="12.8427100"></trkpt>
      <trkpt lat="42.2690000" lon="12.8426000"></trkpt>
      <trkpt lat="42.2689900" lon="12.8426000"></trkpt>
      <trkpt lat="42.2685900" lon="12.8424200"></trkpt>
      <trkpt lat="42.2682300" lon="12.8422500"></trkpt>
      <trkpt lat="42.2680000" lon="12.8421500"></trkpt>
      <trkpt lat="42.2678300" lon="12.8420800"></trkpt>
      <trkpt lat="42.2676100" lon="12.8420100"></trkpt>
      <trkpt lat="42.2671900" lon="12.8419300"></trkpt>
      <trkpt lat="42.2669200" lon="12.8418700"></trkpt>
      <trkpt lat="42.2668900" lon="12.8418700"></trkpt>
      <trkpt lat="42.2668700" lon="12.8418600"></trkpt>
      <trkpt lat="42.2667400" lon="12.8418400"></trkpt>
      <trkpt lat="42.2667200" lon="12.8418300"></trkpt>
      <trkpt lat="42.2666400" lon="12.8418200"></trkpt>
      <trkpt lat="42.2663300" lon="12.8417600"></trkpt>
      <trkpt lat="42.2660100" lon="12.8417000"></trkpt>
      <trkpt lat="42.2658600" lon="12.8416700"></trkpt>
      <trkpt lat="42.2657700" lon="12.8416300"></trkpt>
      <trkpt lat="42.2656300" lon="12.8415800"></trkpt>
      <trkpt lat="42.2655400" lon="12.8415500"></trkpt>
      <trkpt lat="42.2655300" lon="12.8415500"></trkpt>
      <trkpt lat="42.2654500" lon="12.8415100"></trkpt>
      <trkpt lat="42.2654300" lon="12.8415000"></trkpt>
      <trkpt lat="42.2653300" lon="12.8414500"></trkpt>
      <trkpt lat="42.2653200" lon="12.8414400"></trkpt>
      <trkpt lat="42.2652600" lon="12.8414100"></trkpt>
      <trkpt lat="42.2649600" lon="12.8412400"></trkpt>
      <trkpt lat="42.2647500" lon="12.8411200"></trkpt>
      <trkpt lat="42.2645300" lon="12.8410200"></trkpt>
      <trkpt lat="42.2644400" lon="12.8409800"></trkpt>
      <trkpt lat="42.2643500" lon="12.8409600"></trkpt>
      <trkpt lat="42.2643100" lon="12.8409500"></trkpt>
      <trkpt lat="42.2642000" lon="12.8409100"></trkpt>
      <trkpt lat="42.2640700" lon="12.8408900"></trkpt>
      <trkpt lat="42.2638800" lon="12.8408300"></trkpt>
      <trkpt lat="42.2637900" lon="12.8408100"></trkpt>
      <trkpt lat="42.2637800" lon="12.8408000"></trkpt>
      <trkpt lat="42.2637300" lon="12.8407900"></trkpt>
      <trkpt lat="42.2636400" lon="12.8407500"></trkpt>
      <trkpt lat="42.2635400" lon="12.8407000"></trkpt>
      <trkpt lat="42.2634400" lon="12.8406500"></trkpt>
      <trkpt lat="42.2633200" lon="12.8405700"></trkpt>
      <trkpt lat="42.2632200" lon="12.8404900"></trkpt>
      <trkpt lat="42.2631300" lon="12.8404100"></trkpt>
      <trkpt lat="42.2630100" lon="12.8402800"></trkpt>
      <trkpt lat="42.2629100" lon="12.8401600"></trkpt>
      <trkpt lat="42.2628200" lon="12.8400300"></trkpt>
      <trkpt lat="42.2627600" lon="12.8399300"></trkpt>
      <trkpt lat="42.2627200" lon="12.8398600"></trkpt>
      <trkpt lat="42.2626400" lon="12.8397100"></trkpt>
      <trkpt lat="42.2625300" lon="12.8394400"></trkpt>
      <trkpt lat="42.2624500" lon="12.8392500"></trkpt>
      <trkpt lat="42.2623700" lon="12.8390900"></trkpt>
      <trkpt lat="42.2623100" lon="12.8389700"></trkpt>
      <trkpt lat="42.2622800" lon="12.8389100"></trkpt>
      <trkpt lat="42.2622700" lon="12.8388900"></trkpt>
      <trkpt lat="42.2622300" lon="12.8388200"></trkpt>
      <trkpt lat="42.2621500" lon="12.8387100"></trkpt>
      <trkpt lat="42.2621400" lon="12.8387000"></trkpt>
      <trkpt lat="42.2620100" lon="12.8385400"></trkpt>
      <trkpt lat="42.2619200" lon="12.8384500"></trkpt>
      <trkpt lat="42.2617700" lon="12.8383000"></trkpt>
      <trkpt lat="42.2617000" lon="12.8382500"></trkpt>
      <trkpt lat="42.2616400" lon="12.8382000"></trkpt>
      <trkpt lat="42.2615600" lon="12.8381600"></trkpt>
      <trkpt lat="42.2614800" lon="12.8381200"></trkpt>
      <trkpt lat="42.2613600" lon="12.8380700"></trkpt>
      <trkpt lat="42.2612600" lon="12.8380400"></trkpt>
      <trkpt lat="42.2611300" lon="12.8380100"></trkpt>
      <trkpt lat="42.2610100" lon="12.8379900"></trkpt>
      <trkpt lat="42.2609300" lon="12.8379800"></trkpt>
      <trkpt lat="42.2608000" lon="12.8379800"></trkpt>
      <trkpt lat="42.2607100" lon="12.8379900"></trkpt>
      <trkpt lat="42.2606600" lon="12.8380000"></trkpt>
      <trkpt lat="42.2606100" lon="12.8380000"></trkpt>
      <trkpt lat="42.2605500" lon="12.8380100"></trkpt>
      <trkpt lat="42.2605200" lon="12.8380100"></trkpt>
      <trkpt lat="42.2605000" lon="12.8380200"></trkpt>
      <trkpt lat="42.2604900" lon="12.8380200"></trkpt>
      <trkpt lat="42.2603000" lon="12.8380500"></trkpt>
      <trkpt lat="42.2599000" lon="12.8381200"></trkpt>
      <trkpt lat="42.2595900" lon="12.8381800"></trkpt>
      <trkpt lat="42.2592900" lon="12.8382300"></trkpt>
      <trkpt lat="42.2585300" lon="12.8382900"></trkpt>
      <trkpt lat="42.2584000" lon="12.8383100"></trkpt>
      <trkpt lat="42.2580900" lon="12.8383300"></trkpt>
      <trkpt lat="42.2578300" lon="12.8383600"></trkpt>
      <trkpt lat="42.2576400" lon="12.8383700"></trkpt>
      <trkpt lat="42.2575900" lon="12.8383800"></trkpt>
      <trkpt lat="42.2574700" lon="12.8384000"></trkpt>
      <trkpt lat="42.2573600" lon="12.8384100"></trkpt>
      <trkpt lat="42.2569900" lon="12.8384800"></trkpt>
      <trkpt lat="42.2569200" lon="12.8384900"></trkpt>
      <trkpt lat="42.2568600" lon="12.8385000"></trkpt>
      <trkpt lat="42.2568300" lon="12.8385100"></trkpt>
      <trkpt lat="42.2567900" lon="12.8385200"></trkpt>
      <trkpt lat="42.2567800" lon="12.8385200"></trkpt>
      <trkpt lat="42.2558000" lon="12.8387800"></trkpt>
      <trkpt lat="42.2554500" lon="12.8388800"></trkpt>
      <trkpt lat="42.2553700" lon="12.8388900"></trkpt>
      <trkpt lat="42.2552400" lon="12.8389300"></trkpt>
      <trkpt lat="42.2550500" lon="12.8389800"></trkpt>
      <trkpt lat="42.2548100" lon="12.8390600"></trkpt>
      <trkpt lat="42.2546100" lon="12.8391200"></trkpt>
      <trkpt lat="42.2544400" lon="12.8391500"></trkpt>
      <trkpt lat="42.2544100" lon="12.8391600"></trkpt>
      <trkpt lat="42.2542500" lon="12.8391600"></trkpt>
      <trkpt lat="42.2540200" lon="12.8391300"></trkpt>
      <trkpt lat="42.2538500" lon="12.8390900"></trkpt>
      <trkpt lat="42.2536700" lon="12.8390200"></trkpt>
      <trkpt lat="42.2535600" lon="12.8389800"></trkpt>
      <trkpt lat="42.2533900" lon="12.8389200"></trkpt>
      <trkpt lat="42.2532900" lon="12.8388700"></trkpt>
      <trkpt lat="42.2531800" lon="12.8388100"></trkpt>
      <trkpt lat="42.2531200" lon="12.8387600"></trkpt>
      <trkpt lat="42.2530400" lon="12.8387100"></trkpt>
      <trkpt lat="42.2528800" lon="12.8386000"></trkpt>
      <trkpt lat="42.2528200" lon="12.8385500"></trkpt>
      <trkpt lat="42.2527500" lon="12.8385000"></trkpt>
      <trkpt lat="42.2526000" lon="12.8383600"></trkpt>
      <trkpt lat="42.2524800" lon="12.8382200"></trkpt>
      <trkpt lat="42.2523600" lon="12.8380600"></trkpt>
      <trkpt lat="42.2522600" lon="12.8379000"></trkpt>
      <trkpt lat="42.2521700" lon="12.8377200"></trkpt>
      <trkpt lat="42.2521200" lon="12.8376100"></trkpt>
      <trkpt lat="42.2520800" lon="12.8375100"></trkpt>
      <trkpt lat="42.2519700" lon="12.8371200"></trkpt>
      <trkpt lat="42.2518700" lon="12.8367600"></trkpt>
      <trkpt lat="42.2518300" lon="12.8366300"></trkpt>
      <trkpt lat="42.2518000" lon="12.8365300"></trkpt>
      <trkpt lat="42.2517900" lon="12.8364800"></trkpt>
      <trkpt lat="42.2517700" lon="12.8364000"></trkpt>
      <trkpt lat="42.2517600" lon="12.8363900"></trkpt>
      <trkpt lat="42.2517500" lon="12.8363300"></trkpt>
      <trkpt lat="42.2516400" lon="12.8359400"></trkpt>
      <trkpt lat="42.2515400" lon="12.8355700"></trkpt>
      <trkpt lat="42.2515000" lon="12.8354200"></trkpt>
      <trkpt lat="42.2514000" lon="12.8350600"></trkpt>
      <trkpt lat="42.2512800" lon="12.8346200"></trkpt>
      <trkpt lat="42.2511900" lon="12.8343200"></trkpt>
      <trkpt lat="42.2511500" lon="12.8341700"></trkpt>
      <trkpt lat="42.2510700" lon="12.8338800"></trkpt>
      <trkpt lat="42.2509500" lon="12.8334800"></trkpt>
      <trkpt lat="42.2509100" lon="12.8333400"></trkpt>
      <trkpt lat="42.2508800" lon="12.8332600"></trkpt>
      <trkpt lat="42.2508600" lon="12.8331900"></trkpt>
      <trkpt lat="42.2508500" lon="12.8331700"></trkpt>
      <trkpt lat="42.2508100" lon="12.8330600"></trkpt>
      <trkpt lat="42.2507600" lon="12.8329600"></trkpt>
      <trkpt lat="42.2507600" lon="12.8329500"></trkpt>
      <trkpt lat="42.2507400" lon="12.8329200"></trkpt>
      <trkpt lat="42.2507200" lon="12.8328700"></trkpt>
      <trkpt lat="42.2506500" lon="12.8327200"></trkpt>
      <trkpt lat="42.2505800" lon="12.8325800"></trkpt>
      <trkpt lat="42.2505300" lon="12.8324900"></trkpt>
      <trkpt lat="42.2504000" lon="12.8323000"></trkpt>
      <trkpt lat="42.2502900" lon="12.8321500"></trkpt>
      <trkpt lat="42.2500900" lon="12.8319200"></trkpt>
      <trkpt lat="42.2498600" lon="12.8317100"></trkpt>
      <trkpt lat="42.2495800" lon="12.8314700"></trkpt>
      <trkpt lat="42.2494400" lon="12.8313600"></trkpt>
      <trkpt lat="42.2489900" lon="12.8309900"></trkpt>
      <trkpt lat="42.2485600" lon="12.8306200"></trkpt>
      <trkpt lat="42.2483600" lon="12.8304800"></trkpt>
      <trkpt lat="42.2482400" lon="12.8303900"></trkpt>
      <trkpt lat="42.2473600" lon="12.8298900"></trkpt>
      <trkpt lat="42.2472100" lon="12.8298100"></trkpt>
      <trkpt lat="42.2461100" lon="12.8291900"></trkpt>
      <trkpt lat="42.2458800" lon="12.8290600"></trkpt>
      <trkpt lat="42.2455400" lon="12.8288600"></trkpt>
      <trkpt lat="42.2449400" lon="12.8285300"></trkpt>
      <trkpt lat="42.2447100" lon="12.8284000"></trkpt>
      <trkpt lat="42.2444500" lon="12.8282600"></trkpt>
      <trkpt lat="42.2433300" lon="12.8276300"></trkpt>
      <trkpt lat="42.2430500" lon="12.8274500"></trkpt>
      <trkpt lat="42.2427600" lon="12.8271900"></trkpt>
      <trkpt lat="42.2426100" lon="12.8270500"></trkpt>
      <trkpt lat="42.2424600" lon="12.8269200"></trkpt>
      <trkpt lat="42.2423900" lon="12.8268500"></trkpt>
      <trkpt lat="42.2420800" lon="12.8265700"></trkpt>
      <trkpt lat="42.2419300" lon="12.8264500"></trkpt>
      <trkpt lat="42.2418100" lon="12.8263700"></trkpt>
      <trkpt lat="42.2416000" lon="12.8262400"></trkpt>
      <trkpt lat="42.2413700" lon="12.8261300"></trkpt>
      <trkpt lat="42.2410900" lon="12.8260200"></trkpt>
      <trkpt lat="42.2409100" lon="12.8259700"></trkpt>
      <trkpt lat="42.2408300" lon="12.8259500"></trkpt>
      <trkpt lat="42.2407300" lon="12.8259200"></trkpt>
      <trkpt lat="42.2406700" lon="12.8259100"></trkpt>
      <trkpt lat="42.2396800" lon="12.8256600"></trkpt>
      <trkpt lat="42.2392700" lon="12.8255600"></trkpt>
      <trkpt lat="42.2390200" lon="12.8254800"></trkpt>
      <trkpt lat="42.2388200" lon="12.8253700"></trkpt>
      <trkpt lat="42.2386600" lon="12.8252800"></trkpt>
      <trkpt lat="42.2386400" lon="12.8252600"></trkpt>
      <trkpt lat="42.2385600" lon="12.8252100"></trkpt>
      <trkpt lat="42.2385000" lon="12.8251600"></trkpt>
      <trkpt lat="42.2383900" lon="12.8250800"></trkpt>
      <trkpt lat="42.2380200" lon="12.8247500"></trkpt>
      <trkpt lat="42.2379300" lon="12.8246700"></trkpt>
      <trkpt lat="42.2374000" lon="12.8241800"></trkpt>
      <trkpt lat="42.2372800" lon="12.8240800"></trkpt>
      <trkpt lat="42.2371800" lon="12.8240000"></trkpt>
      <trkpt lat="42.2370300" lon="12.8239000"></trkpt>
      <trkpt lat="42.2369600" lon="12.8238400"></trkpt>
      <trkpt lat="42.2368700" lon="12.8237800"></trkpt>
      <trkpt lat="42.2367000" lon="12.8236700"></trkpt>
      <trkpt lat="42.2366400" lon="12.8236300"></trkpt>
      <trkpt lat="42.2364300" lon="12.8235100"></trkpt>
      <trkpt lat="42.2362000" lon="12.8234100"></trkpt>
      <trkpt lat="42.2361800" lon="12.8234000"></trkpt>
      <trkpt lat="42.2361300" lon="12.8233800"></trkpt>
      <trkpt lat="42.2360600" lon="12.8233600"></trkpt>
      <trkpt lat="42.2360300" lon="12.8233500"></trkpt>
      <trkpt lat="42.2359600" lon="12.8233200"></trkpt>
      <trkpt lat="42.2358800" lon="12.8233000"></trkpt>
      <trkpt lat="42.2358400" lon="12.8232900"></trkpt>
      <trkpt lat="42.2358200" lon="12.8232800"></trkpt>
      <trkpt lat="42.2357800" lon="12.8232700"></trkpt>
      <trkpt lat="42.2356200" lon="12.8232300"></trkpt>
      <trkpt lat="42.2356000" lon="12.8232300"></trkpt>
      <trkpt lat="42.2354200" lon="12.8231700"></trkpt>
      <trkpt lat="42.2351600" lon="12.8230800"></trkpt>
      <trkpt lat="42.2345700" lon="12.8229100"></trkpt>
      <trkpt lat="42.2345600" lon="12.8229100"></trkpt>
      <trkpt lat="42.2343000" lon="12.8228400"></trkpt>
      <trkpt lat="42.2341500" lon="12.8228000"></trkpt>
      <trkpt lat="42.2337800" lon="12.8227000"></trkpt>
      <trkpt lat="42.2336600" lon="12.8226600"></trkpt>
      <trkpt lat="42.2334800" lon="12.8226100"></trkpt>
      <trkpt lat="42.2333300" lon="12.8225600"></trkpt>
      <trkpt lat="42.2332000" lon="12.8225100"></trkpt>
      <trkpt lat="42.2331600" lon="12.8225100"></trkpt>
      <trkpt lat="42.2331300" lon="12.8225000"></trkpt>
      <trkpt lat="42.2330300" lon="12.8224800"></trkpt>
      <trkpt lat="42.2329300" lon="12.8224800"></trkpt>
      <trkpt lat="42.2329000" lon="12.8224900"></trkpt>
      <trkpt lat="42.2327900" lon="12.8225000"></trkpt>
      <trkpt lat="42.2327000" lon="12.8225100"></trkpt>
      <trkpt lat="42.2326600" lon="12.8225100"></trkpt>
      <trkpt lat="42.2325500" lon="12.8225300"></trkpt>
      <trkpt lat="42.2324200" lon="12.8225600"></trkpt>
      <trkpt lat="42.2323700" lon="12.8225600"></trkpt>
      <trkpt lat="42.2322700" lon="12.8225900"></trkpt>
      <trkpt lat="42.2321700" lon="12.8226200"></trkpt>
      <trkpt lat="42.2320100" lon="12.8226800"></trkpt>
      <trkpt lat="42.2319200" lon="12.8227200"></trkpt>
      <trkpt lat="42.2318100" lon="12.8227700"></trkpt>
      <trkpt lat="42.2317100" lon="12.8228300"></trkpt>
      <trkpt lat="42.2316700" lon="12.8228600"></trkpt>
      <trkpt lat="42.2316700" lon="12.8228700"></trkpt>
      <trkpt lat="42.2315600" lon="12.8229400"></trkpt>
      <trkpt lat="42.2315300" lon="12.8229600"></trkpt>
      <trkpt lat="42.2314500" lon="12.8230400"></trkpt>
      <trkpt lat="42.2314400" lon="12.8230500"></trkpt>
      <trkpt lat="42.2313200" lon="12.8231500"></trkpt>
      <trkpt lat="42.2313000" lon="12.8231700"></trkpt>
      <trkpt lat="42.2312300" lon="12.8232300"></trkpt>
      <trkpt lat="42.2310400" lon="12.8234300"></trkpt>
      <trkpt lat="42.2308500" lon="12.8236900"></trkpt>
      <trkpt lat="42.2308100" lon="12.8237500"></trkpt>
      <trkpt lat="42.2307600" lon="12.8238200"></trkpt>
      <trkpt lat="42.2307100" lon="12.8238900"></trkpt>
      <trkpt lat="42.2306100" lon="12.8240300"></trkpt>
      <trkpt lat="42.2305800" lon="12.8240600"></trkpt>
      <trkpt lat="42.2304600" lon="12.8242400"></trkpt>
      <trkpt lat="42.2304300" lon="12.8242700"></trkpt>
      <trkpt lat="42.2303300" lon="12.8244100"></trkpt>
      <trkpt lat="42.2303000" lon="12.8244600"></trkpt>
      <trkpt lat="42.2302100" lon="12.8245900"></trkpt>
      <trkpt lat="42.2302000" lon="12.8245900"></trkpt>
      <trkpt lat="42.2301200" lon="12.8247200"></trkpt>
      <trkpt lat="42.2300900" lon="12.8247700"></trkpt>
      <trkpt lat="42.2300200" lon="12.8248700"></trkpt>
      <trkpt lat="42.2299600" lon="12.8249400"></trkpt>
      <trkpt lat="42.2299000" lon="12.8250300"></trkpt>
      <trkpt lat="42.2298400" lon="12.8251100"></trkpt>
      <trkpt lat="42.2298400" lon="12.8251200"></trkpt>
      <trkpt lat="42.2297500" lon="12.8252300"></trkpt>
      <trkpt lat="42.2297000" lon="12.8252800"></trkpt>
      <trkpt lat="42.2296200" lon="12.8253800"></trkpt>
      <trkpt lat="42.2295600" lon="12.8254300"></trkpt>
      <trkpt lat="42.2295300" lon="12.8254700"></trkpt>
      <trkpt lat="42.2294500" lon="12.8255400"></trkpt>
      <trkpt lat="42.2293800" lon="12.8256100"></trkpt>
      <trkpt lat="42.2293300" lon="12.8256500"></trkpt>
      <trkpt lat="42.2292300" lon="12.8257300"></trkpt>
      <trkpt lat="42.2290900" lon="12.8258200"></trkpt>
      <trkpt lat="42.2289600" lon="12.8258900"></trkpt>
      <trkpt lat="42.2289400" lon="12.8259000"></trkpt>
      <trkpt lat="42.2288100" lon="12.8259600"></trkpt>
      <trkpt lat="42.2287700" lon="12.8259800"></trkpt>
      <trkpt lat="42.2286800" lon="12.8260100"></trkpt>
      <trkpt lat="42.2285900" lon="12.8260200"></trkpt>
      <trkpt lat="42.2285700" lon="12.8260300"></trkpt>
      <trkpt lat="42.2283400" lon="12.8260500"></trkpt>
      <trkpt lat="42.2282300" lon="12.8260500"></trkpt>
      <trkpt lat="42.2280800" lon="12.8260500"></trkpt>
      <trkpt lat="42.2280500" lon="12.8260500"></trkpt>
      <trkpt lat="42.2278400" lon="12.8260400"></trkpt>
      <trkpt lat="42.2277200" lon="12.8260400"></trkpt>
      <trkpt lat="42.2275400" lon="12.8260400"></trkpt>
      <trkpt lat="42.2273600" lon="12.8260400"></trkpt>
      <trkpt lat="42.2271200" lon="12.8260500"></trkpt>
      <trkpt lat="42.2269100" lon="12.8260500"></trkpt>
      <trkpt lat="42.2268300" lon="12.8260500"></trkpt>
      <trkpt lat="42.2264600" lon="12.8260700"></trkpt>
      <trkpt lat="42.2261800" lon="12.8260800"></trkpt>
      <trkpt lat="42.2259800" lon="12.8261200"></trkpt>
      <trkpt lat="42.2259400" lon="12.8261300"></trkpt>
      <trkpt lat="42.2258400" lon="12.8261400"></trkpt>
      <trkpt lat="42.2257900" lon="12.8261500"></trkpt>
      <trkpt lat="42.2254000" lon="12.8262300"></trkpt>
      <trkpt lat="42.2251900" lon="12.8262700"></trkpt>
      <trkpt lat="42.2249800" lon="12.8263200"></trkpt>
      <trkpt lat="42.2248700" lon="12.8263500"></trkpt>
      <trkpt lat="42.2244500" lon="12.8264500"></trkpt>
      <trkpt lat="42.2244400" lon="12.8264500"></trkpt>
      <trkpt lat="42.2243800" lon="12.8264700"></trkpt>
      <trkpt lat="42.2242600" lon="12.8265000"></trkpt>
      <trkpt lat="42.2242000" lon="12.8265100"></trkpt>
      <trkpt lat="42.2240500" lon="12.8265500"></trkpt>
      <trkpt lat="42.2239000" lon="12.8265800"></trkpt>
      <trkpt lat="42.2238500" lon="12.8265900"></trkpt>
      <trkpt lat="42.2236500" lon="12.8266300"></trkpt>
      <trkpt lat="42.2234900" lon="12.8266600"></trkpt>
      <trkpt lat="42.2232900" lon="12.8266900"></trkpt>
      <trkpt lat="42.2231300" lon="12.8267200"></trkpt>
      <trkpt lat="42.2227100" lon="12.8267600"></trkpt>
      <trkpt lat="42.2226300" lon="12.8267600"></trkpt>
      <trkpt lat="42.2222300" lon="12.8267800"></trkpt>
      <trkpt lat="42.2217800" lon="12.8267800"></trkpt>
      <trkpt lat="42.2215200" lon="12.8268000"></trkpt>
      <trkpt lat="42.2213400" lon="12.8268200"></trkpt>
      <trkpt lat="42.2211900" lon="12.8268300"></trkpt>
      <trkpt lat="42.2211600" lon="12.8268400"></trkpt>
      <trkpt lat="42.2209800" lon="12.8268500"></trkpt>
      <trkpt lat="42.2208300" lon="12.8268600"></trkpt>
      <trkpt lat="42.2206900" lon="12.8268600"></trkpt>
      <trkpt lat="42.2206500" lon="12.8268600"></trkpt>
      <trkpt lat="42.2204700" lon="12.8268700"></trkpt>
      <trkpt lat="42.2204100" lon="12.8268800"></trkpt>
      <trkpt lat="42.2202000" lon="12.8269200"></trkpt>
      <trkpt lat="42.2201100" lon="12.8269400"></trkpt>
      <trkpt lat="42.2201000" lon="12.8269400"></trkpt>
      <trkpt lat="42.2199300" lon="12.8269700"></trkpt>
      <trkpt lat="42.2199200" lon="12.8269700"></trkpt>
      <trkpt lat="42.2198100" lon="12.8269900"></trkpt>
      <trkpt lat="42.2197600" lon="12.8270000"></trkpt>
      <trkpt lat="42.2196800" lon="12.8270100"></trkpt>
      <trkpt lat="42.2195800" lon="12.8270300"></trkpt>
      <trkpt lat="42.2195000" lon="12.8270500"></trkpt>
      <trkpt lat="42.2193900" lon="12.8270800"></trkpt>
      <trkpt lat="42.2192500" lon="12.8271400"></trkpt>
      <trkpt lat="42.2192300" lon="12.8271500"></trkpt>
      <trkpt lat="42.2190600" lon="12.8272200"></trkpt>
      <trkpt lat="42.2190200" lon="12.8272300"></trkpt>
      <trkpt lat="42.2188600" lon="12.8273100"></trkpt>
      <trkpt lat="42.2187700" lon="12.8273500"></trkpt>
      <trkpt lat="42.2185200" lon="12.8274700"></trkpt>
      <trkpt lat="42.2184300" lon="12.8275100"></trkpt>
      <trkpt lat="42.2183800" lon="12.8275400"></trkpt>
      <trkpt lat="42.2182900" lon="12.8275900"></trkpt>
      <trkpt lat="42.2182400" lon="12.8276200"></trkpt>
      <trkpt lat="42.2180500" lon="12.8277300"></trkpt>
      <trkpt lat="42.2176900" lon="12.8279300"></trkpt>
      <trkpt lat="42.2175500" lon="12.8280100"></trkpt>
      <trkpt lat="42.2175100" lon="12.8280400"></trkpt>
      <trkpt lat="42.2173900" lon="12.8281100"></trkpt>
      <trkpt lat="42.2173600" lon="12.8281300"></trkpt>
      <trkpt lat="42.2172200" lon="12.8282200"></trkpt>
      <trkpt lat="42.2170600" lon="12.8283200"></trkpt>
      <trkpt lat="42.2167400" lon="12.8285500"></trkpt>
      <trkpt lat="42.2165400" lon="12.8287000"></trkpt>
      <trkpt lat="42.2164300" lon="12.8287800"></trkpt>
      <trkpt lat="42.2160300" lon="12.8290600"></trkpt>
      <trkpt lat="42.2153800" lon="12.8295600"></trkpt>
      <trkpt lat="42.2153000" lon="12.8296200"></trkpt>
      <trkpt lat="42.2151700" lon="12.8297100"></trkpt>
      <trkpt lat="42.2151400" lon="12.8297300"></trkpt>
      <trkpt lat="42.2150000" lon="12.8298400"></trkpt>
      <trkpt lat="42.2148900" lon="12.8299200"></trkpt>
      <trkpt lat="42.2148500" lon="12.8299500"></trkpt>
      <trkpt lat="42.2148100" lon="12.8299800"></trkpt>
      <trkpt lat="42.2147700" lon="12.8300000"></trkpt>
      <trkpt lat="42.2146400" lon="12.8301000"></trkpt>
      <trkpt lat="42.2143600" lon="12.8302900"></trkpt>
      <trkpt lat="42.2142300" lon="12.8303700"></trkpt>
      <trkpt lat="42.2140900" lon="12.8304400"></trkpt>
      <trkpt lat="42.2138600" lon="12.8305200"></trkpt>
      <trkpt lat="42.2137400" lon="12.8305500"></trkpt>
      <trkpt lat="42.2137300" lon="12.8305600"></trkpt>
      <trkpt lat="42.2135700" lon="12.8306000"></trkpt>
      <trkpt lat="42.2134300" lon="12.8306200"></trkpt>
      <trkpt lat="42.2133900" lon="12.8306300"></trkpt>
      <trkpt lat="42.2132200" lon="12.8306300"></trkpt>
      <trkpt lat="42.2130300" lon="12.8306200"></trkpt>
      <trkpt lat="42.2130000" lon="12.8306200"></trkpt>
      <trkpt lat="42.2128500" lon="12.8305900"></trkpt>
      <trkpt lat="42.2127300" lon="12.8305600"></trkpt>
      <trkpt lat="42.2126800" lon="12.8305400"></trkpt>
      <trkpt lat="42.2125000" lon="12.8304900"></trkpt>
      <trkpt lat="42.2124400" lon="12.8304300"></trkpt>
      <trkpt lat="42.2123700" lon="12.8303900"></trkpt>
      <trkpt lat="42.2122700" lon="12.8303400"></trkpt>
      <trkpt lat="42.2121700" lon="12.8302800"></trkpt>
      <trkpt lat="42.2120800" lon="12.8302300"></trkpt>
      <trkpt lat="42.2120100" lon="12.8301700"></trkpt>
      <trkpt lat="42.2119400" lon="12.8301200"></trkpt>
      <trkpt lat="42.2118400" lon="12.8300500"></trkpt>
      <trkpt lat="42.2116700" lon="12.8298800"></trkpt>
      <trkpt lat="42.2115900" lon="12.8298000"></trkpt>
      <trkpt lat="42.2115600" lon="12.8297700"></trkpt>
      <trkpt lat="42.2114400" lon="12.8296300"></trkpt>
      <trkpt lat="42.2113700" lon="12.8295600"></trkpt>
      <trkpt lat="42.2112700" lon="12.8294300"></trkpt>
      <trkpt lat="42.2111400" lon="12.8292500"></trkpt>
      <trkpt lat="42.2110600" lon="12.8291100"></trkpt>
      <trkpt lat="42.2110200" lon="12.8290400"></trkpt>
      <trkpt lat="42.2109400" lon="12.8288800"></trkpt>
      <trkpt lat="42.2109100" lon="12.8288100"></trkpt>
      <trkpt lat="42.2108900" lon="12.8287600"></trkpt>
      <trkpt lat="42.2108400" lon="12.8286300"></trkpt>
      <trkpt lat="42.2107500" lon="12.8284000"></trkpt>
      <trkpt lat="42.2107500" lon="12.8283700"></trkpt>
      <trkpt lat="42.2106700" lon="12.8281400"></trkpt>
      <trkpt lat="42.2105800" lon="12.8276700"></trkpt>
      <trkpt lat="42.2105100" lon="12.8273400"></trkpt>
      <trkpt lat="42.2104700" lon="12.8271700"></trkpt>
      <trkpt lat="42.2104400" lon="12.8270500"></trkpt>
      <trkpt lat="42.2104100" lon="12.8269600"></trkpt>
      <trkpt lat="42.2103700" lon="12.8267200"></trkpt>
      <trkpt lat="42.2103200" lon="12.8264900"></trkpt>
      <trkpt lat="42.2102700" lon="12.8262500"></trkpt>
      <trkpt lat="42.2102600" lon="12.8261800"></trkpt>
      <trkpt lat="42.2102200" lon="12.8260200"></trkpt>
      <trkpt lat="42.2101800" lon="12.8257800"></trkpt>
      <trkpt lat="42.2101600" lon="12.8257100"></trkpt>
      <trkpt lat="42.2101600" lon="12.8257000"></trkpt>
      <trkpt lat="42.2101300" lon="12.8255500"></trkpt>
      <trkpt lat="42.2101100" lon="12.8254400"></trkpt>
      <trkpt lat="42.2100700" lon="12.8252500"></trkpt>
      <trkpt lat="42.2100200" lon="12.8251000"></trkpt>
      <trkpt lat="42.2100000" lon="12.8250400"></trkpt>
      <trkpt lat="42.2099400" lon="12.8248800"></trkpt>
      <trkpt lat="42.2099700" lon="12.8247900"></trkpt>
      <trkpt lat="42.2099800" lon="12.8247500"></trkpt>
      <trkpt lat="42.2099900" lon="12.8247200"></trkpt>
      <trkpt lat="42.2099900" lon="12.8247000"></trkpt>
      <trkpt lat="42.2100000" lon="12.8246800"></trkpt>
      <trkpt lat="42.2100100" lon="12.8246600"></trkpt>
      <trkpt lat="42.2100200" lon="12.8246500"></trkpt>
      <trkpt lat="42.2100300" lon="12.8246200"></trkpt>
      <trkpt lat="42.2100400" lon="12.8246100"></trkpt>
      <trkpt lat="42.2100500" lon="12.8245900"></trkpt>
      <trkpt lat="42.2100700" lon="12.8245700"></trkpt>
      <trkpt lat="42.2101400" lon="12.8244900"></trkpt>
      <trkpt lat="42.2101500" lon="12.8245000"></trkpt>
      <trkpt lat="42.2102000" lon="12.8245200"></trkpt>
      <trkpt lat="42.2104200" lon="12.8245900"></trkpt>
      <trkpt lat="42.2105900" lon="12.8246500"></trkpt>
      <trkpt lat="42.2105200" lon="12.8247600"></trkpt>
      <trkpt lat="42.2104800" lon="12.8248200"></trkpt>
      <trkpt lat="42.2104400" lon="12.8248600"></trkpt>
      <trkpt lat="42.2104100" lon="12.8249000"></trkpt>
      <trkpt lat="42.2103600" lon="12.8249400"></trkpt>
      <trkpt lat="42.2103000" lon="12.8249800"></trkpt>
      <trkpt lat="42.2102200" lon="12.8250200"></trkpt>
      <trkpt lat="42.2100900" lon="12.8250700"></trkpt>
      <trkpt lat="42.2100400" lon="12.8250900"></trkpt>
      <trkpt lat="42.2099600" lon="12.8251200"></trkpt>
      <trkpt lat="42.2097600" lon="12.8252100"></trkpt>
      <trkpt lat="42.2095800" lon="12.8249300"></trkpt>
      <trkpt lat="42.2095600" lon="12.8249000"></trkpt>
      <trkpt lat="42.2089800" lon="12.8240200"></trkpt>
      <trkpt lat="42.2089600" lon="12.8239900"></trkpt>
      <trkpt lat="42.2086700" lon="12.8235600"></trkpt>
      <trkpt lat="42.2086200" lon="12.8234800"></trkpt>
      <trkpt lat="42.2084500" lon="12.8232200"></trkpt>
      <trkpt lat="42.2080500" lon="12.8226100"></trkpt>
      <trkpt lat="42.2078500" lon="12.8223600"></trkpt>
      <trkpt lat="42.2078500" lon="12.8222500"></trkpt>
      <trkpt lat="42.2078500" lon="12.8219900"></trkpt>
      <trkpt lat="42.2078600" lon="12.8219900"></trkpt>
      <trkpt lat="42.2078600" lon="12.8219800"></trkpt>
      <trkpt lat="42.2078700" lon="12.8219700"></trkpt>
      <trkpt lat="42.2078800" lon="12.8219600"></trkpt>
      <trkpt lat="42.2078800" lon="12.8219500"></trkpt>
      <trkpt lat="42.2078800" lon="12.8219400"></trkpt>
      <trkpt lat="42.2078900" lon="12.8219300"></trkpt>
      <trkpt lat="42.2078900" lon="12.8219200"></trkpt>
      <trkpt lat="42.2078900" lon="12.8219100"></trkpt>
      <trkpt lat="42.2078900" lon="12.8219000"></trkpt>
      <trkpt lat="42.2078900" lon="12.8218900"></trkpt>
      <trkpt lat="42.2078900" lon="12.8218800"></trkpt>
      <trkpt lat="42.2078900" lon="12.8218700"></trkpt>
      <trkpt lat="42.2078900" lon="12.8218600"></trkpt>
      <trkpt lat="42.2078900" lon="12.8218500"></trkpt>
      <trkpt lat="42.2078900" lon="12.8218400"></trkpt>
      <trkpt lat="42.2078900" lon="12.8218300"></trkpt>
      <trkpt lat="42.2078900" lon="12.8218200"></trkpt>
      <trkpt lat="42.2078800" lon="12.8218100"></trkpt>
      <trkpt lat="42.2078800" lon="12.8218000"></trkpt>
      <trkpt lat="42.2078800" lon="12.8217900"></trkpt>
      <trkpt lat="42.2078700" lon="12.8217800"></trkpt>
      <trkpt lat="42.2078600" lon="12.8217700"></trkpt>
      <trkpt lat="42.2078600" lon="12.8217600"></trkpt>
      <trkpt lat="42.2078500" lon="12.8217500"></trkpt>
      <trkpt lat="42.2078400" lon="12.8217400"></trkpt>
      <trkpt lat="42.2078300" lon="12.8217300"></trkpt>
      <trkpt lat="42.2078200" lon="12.8217300"></trkpt>
      <trkpt lat="42.2078100" lon="12.8217200"></trkpt>
      <trkpt lat="42.2078000" lon="12.8217200"></trkpt>
      <trkpt lat="42.2077900" lon="12.8217200"></trkpt>
      <trkpt lat="42.2077800" lon="12.8217200"></trkpt>
      <trkpt lat="42.2077700" lon="12.8217200"></trkpt>
      <trkpt lat="42.2077600" lon="12.8217200"></trkpt>
      <trkpt lat="42.2077500" lon="12.8217200"></trkpt>
      <trkpt lat="42.2077400" lon="12.8217200"></trkpt>
      <trkpt lat="42.2077300" lon="12.8217300"></trkpt>
      <trkpt lat="42.2077200" lon="12.8217300"></trkpt>
      <trkpt lat="42.2077200" lon="12.8217400"></trkpt>
      <trkpt lat="42.2077100" lon="12.8217400"></trkpt>
      <trkpt lat="42.2077000" lon="12.8217500"></trkpt>
      <trkpt lat="42.2076100" lon="12.8217500"></trkpt>
      <trkpt lat="42.2075700" lon="12.8217400"></trkpt>
      <trkpt lat="42.2075300" lon="12.8217300"></trkpt>
      <trkpt lat="42.2075000" lon="12.8217200"></trkpt>
      <trkpt lat="42.2074800" lon="12.8217200"></trkpt>
      <trkpt lat="42.2074400" lon="12.8217100"></trkpt>
      <trkpt lat="42.2065100" lon="12.8202400"></trkpt>
      <trkpt lat="42.2062700" lon="12.8198700"></trkpt>
      <trkpt lat="42.2056300" lon="12.8189100"></trkpt>
      <trkpt lat="42.2053200" lon="12.8184400"></trkpt>
      <trkpt lat="42.2052700" lon="12.8183700"></trkpt>
      <trkpt lat="42.2052000" lon="12.8182600"></trkpt>
      <trkpt lat="42.2049500" lon="12.8179000"></trkpt>
      <trkpt lat="42.2046500" lon="12.8174000"></trkpt>
      <trkpt lat="42.2042400" lon="12.8167700"></trkpt>
      <trkpt lat="42.2041200" lon="12.8165900"></trkpt>
      <trkpt lat="42.2040600" lon="12.8165000"></trkpt>
      <trkpt lat="42.2032900" lon="12.8153100"></trkpt>
      <trkpt lat="42.2029400" lon="12.8147600"></trkpt>
      <trkpt lat="42.2028400" lon="12.8146100"></trkpt>
      <trkpt lat="42.2029000" lon="12.8144900"></trkpt>
      <trkpt lat="42.2030300" lon="12.8142300"></trkpt>
      <trkpt lat="42.2030400" lon="12.8141900"></trkpt>
      <trkpt lat="42.2031300" lon="12.8139700"></trkpt>
      <trkpt lat="42.2036300" lon="12.8128600"></trkpt>
      <trkpt lat="42.2036400" lon="12.8128300"></trkpt>
      <trkpt lat="42.2036800" lon="12.8127600"></trkpt>
      <trkpt lat="42.2043500" lon="12.8113300"></trkpt>
      <trkpt lat="42.2043900" lon="12.8112200"></trkpt>
      <trkpt lat="42.2044100" lon="12.8111700"></trkpt>
      <trkpt lat="42.2044100" lon="12.8109400"></trkpt>
      <trkpt lat="42.2044500" lon="12.8100100"></trkpt>
      <trkpt lat="42.2044800" lon="12.8091300"></trkpt>
      <trkpt lat="42.2045100" lon="12.8081600"></trkpt>
      <trkpt lat="42.2045200" lon="12.8079300"></trkpt>
      <trkpt lat="42.2045600" lon="12.8068300"></trkpt>
      <trkpt lat="42.2045800" lon="12.8061700"></trkpt>
      <trkpt lat="42.2045900" lon="12.8060300"></trkpt>
      <trkpt lat="42.2046000" lon="12.8058500"></trkpt>
      <trkpt lat="42.2046400" lon="12.8053200"></trkpt>
      <trkpt lat="42.2046500" lon="12.8052600"></trkpt>
      <trkpt lat="42.2047000" lon="12.8051300"></trkpt>
      <trkpt lat="42.2047500" lon="12.8050400"></trkpt>
      <trkpt lat="42.2048200" lon="12.8049600"></trkpt>
      <trkpt lat="42.2051900" lon="12.8045600"></trkpt>
      <trkpt lat="42.2053400" lon="12.8044100"></trkpt>
      <trkpt lat="42.2056000" lon="12.8041300"></trkpt>
      <trkpt lat="42.2056200" lon="12.8041100"></trkpt>
      <trkpt lat="42.2059000" lon="12.8038100"></trkpt>
      <trkpt lat="42.2059500" lon="12.8037600"></trkpt>
      <trkpt lat="42.2061300" lon="12.8034900"></trkpt>
      <trkpt lat="42.2061600" lon="12.8034400"></trkpt>
      <trkpt lat="42.2061800" lon="12.8033900"></trkpt>
      <trkpt lat="42.2062000" lon="12.8033100"></trkpt>
      <trkpt lat="42.2062200" lon="12.8032300"></trkpt>
      <trkpt lat="42.2062300" lon="12.8030800"></trkpt>
      <trkpt lat="42.2062300" lon="12.8029600"></trkpt>
      <trkpt lat="42.2062300" lon="12.8028100"></trkpt>
      <trkpt lat="42.2062400" lon="12.8026500"></trkpt>
      <trkpt lat="42.2062400" lon="12.8024600"></trkpt>
      <trkpt lat="42.2062400" lon="12.8023400"></trkpt>
      <trkpt lat="42.2062200" lon="12.8012300"></trkpt>
      <trkpt lat="42.2061900" lon="12.8008400"></trkpt>
      <trkpt lat="42.2061800" lon="12.8007400"></trkpt>
      <trkpt lat="42.2061200" lon="12.8000700"></trkpt>
      <trkpt lat="42.2061100" lon="12.7998800"></trkpt>
      <trkpt lat="42.2060500" lon="12.7992300"></trkpt>
      <trkpt lat="42.2059400" lon="12.7979600"></trkpt>
      <trkpt lat="42.2059200" lon="12.7977500"></trkpt>
      <trkpt lat="42.2059000" lon="12.7976000"></trkpt>
      <trkpt lat="42.2058700" lon="12.7973600"></trkpt>
      <trkpt lat="42.2058400" lon="12.7970000"></trkpt>
      <trkpt lat="42.2058300" lon="12.7968200"></trkpt>
      <trkpt lat="42.2057800" lon="12.7962900"></trkpt>
      <trkpt lat="42.2057400" lon="12.7958500"></trkpt>
      <trkpt lat="42.2057200" lon="12.7956200"></trkpt>
      <trkpt lat="42.2057200" lon="12.7956100"></trkpt>
      <trkpt lat="42.2057000" lon="12.7953800"></trkpt>
      <trkpt lat="42.2057000" lon="12.7953600"></trkpt>
      <trkpt lat="42.2056900" lon="12.7952200"></trkpt>
      <trkpt lat="42.2056400" lon="12.7946600"></trkpt>
      <trkpt lat="42.2056800" lon="12.7944900"></trkpt>
      <trkpt lat="42.2057300" lon="12.7943900"></trkpt>
      <trkpt lat="42.2057700" lon="12.7943100"></trkpt>
      <trkpt lat="42.2058200" lon="12.7942500"></trkpt>
      <trkpt lat="42.2058800" lon="12.7941900"></trkpt>
      <trkpt lat="42.2065000" lon="12.7937400"></trkpt>
      <trkpt lat="42.2066100" lon="12.7936100"></trkpt>
      <trkpt lat="42.2066400" lon="12.7935600"></trkpt>
      <trkpt lat="42.2066600" lon="12.7935000"></trkpt>
      <trkpt lat="42.2067400" lon="12.7931700"></trkpt>
      <trkpt lat="42.2068600" lon="12.7926300"></trkpt>
      <trkpt lat="42.2068700" lon="12.7925700"></trkpt>
      <trkpt lat="42.2069300" lon="12.7923000"></trkpt>
      <trkpt lat="42.2069400" lon="12.7922800"></trkpt>
      <trkpt lat="42.2069600" lon="12.7922400"></trkpt>
      <trkpt lat="42.2069700" lon="12.7922300"></trkpt>
      <trkpt lat="42.2069900" lon="12.7921900"></trkpt>
      <trkpt lat="42.2069900" lon="12.7921800"></trkpt>
      <trkpt lat="42.2071000" lon="12.7920500"></trkpt>
      <trkpt lat="42.2071600" lon="12.7919800"></trkpt>
      <trkpt lat="42.2073400" lon="12.7917000"></trkpt>
      <trkpt lat="42.2073600" lon="12.7916800"></trkpt>
      <trkpt lat="42.2073600" lon="12.7916600"></trkpt>
      <trkpt lat="42.2074400" lon="12.7914900"></trkpt>
      <trkpt lat="42.2074600" lon="12.7914400"></trkpt>
      <trkpt lat="42.2074700" lon="12.7913400"></trkpt>
      <trkpt lat="42.2074700" lon="12.7911500"></trkpt>
      <trkpt lat="42.2074100" lon="12.7909600"></trkpt>
      <trkpt lat="42.2073800" lon="12.7908100"></trkpt>
      <trkpt lat="42.2073600" lon="12.7907000"></trkpt>
      <trkpt lat="42.2072800" lon="12.7902700"></trkpt>
      <trkpt lat="42.2072500" lon="12.7901300"></trkpt>
      <trkpt lat="42.2072200" lon="12.7898600"></trkpt>
      <trkpt lat="42.2072100" lon="12.7897500"></trkpt>
      <trkpt lat="42.2072000" lon="12.7897200"></trkpt>
      <trkpt lat="42.2072100" lon="12.7896300"></trkpt>
      <trkpt lat="42.2072700" lon="12.7889000"></trkpt>
      <trkpt lat="42.2072800" lon="12.7888000"></trkpt>
      <trkpt lat="42.2072900" lon="12.7886400"></trkpt>
      <trkpt lat="42.2073000" lon="12.7884100"></trkpt>
      <trkpt lat="42.2072600" lon="12.7878900"></trkpt>
      <trkpt lat="42.2072600" lon="12.7878400"></trkpt>
      <trkpt lat="42.2072300" lon="12.7872300"></trkpt>
      <trkpt lat="42.2071900" lon="12.7869800"></trkpt>
      <trkpt lat="42.2071600" lon="12.7867600"></trkpt>
      <trkpt lat="42.2070700" lon="12.7865300"></trkpt>
      <trkpt lat="42.2070600" lon="12.7864900"></trkpt>
      <trkpt lat="42.2069600" lon="12.7862900"></trkpt>
      <trkpt lat="42.2067600" lon="12.7858900"></trkpt>
      <trkpt lat="42.2065800" lon="12.7851100"></trkpt>
      <trkpt lat="42.2065300" lon="12.7848700"></trkpt>
      <trkpt lat="42.2063300" lon="12.7839400"></trkpt>
      <trkpt lat="42.2062500" lon="12.7835900"></trkpt>
      <trkpt lat="42.2062400" lon="12.7834700"></trkpt>
      <trkpt lat="42.2062100" lon="12.7831000"></trkpt>
      <trkpt lat="42.2062100" lon="12.7829500"></trkpt>
      <trkpt lat="42.2062500" lon="12.7827900"></trkpt>
      <trkpt lat="42.2063400" lon="12.7826000"></trkpt>
      <trkpt lat="42.2063900" lon="12.7825400"></trkpt>
      <trkpt lat="42.2064600" lon="12.7824900"></trkpt>
      <trkpt lat="42.2065700" lon="12.7824200"></trkpt>
      <trkpt lat="42.2067200" lon="12.7823500"></trkpt>
      <trkpt lat="42.2067300" lon="12.7823500"></trkpt>
      <trkpt lat="42.2069100" lon="12.7822800"></trkpt>
      <trkpt lat="42.2070800" lon="12.7822300"></trkpt>
      <trkpt lat="42.2071100" lon="12.7822100"></trkpt>
      <trkpt lat="42.2072700" lon="12.7821100"></trkpt>
      <trkpt lat="42.2073100" lon="12.7820900"></trkpt>
      <trkpt lat="42.2073600" lon="12.7820500"></trkpt>
      <trkpt lat="42.2073900" lon="12.7820100"></trkpt>
      <trkpt lat="42.2074400" lon="12.7819400"></trkpt>
      <trkpt lat="42.2074800" lon="12.7818700"></trkpt>
      <trkpt lat="42.2075100" lon="12.7817900"></trkpt>
      <trkpt lat="42.2075300" lon="12.7817400"></trkpt>
      <trkpt lat="42.2076100" lon="12.7815800"></trkpt>
      <trkpt lat="42.2076500" lon="12.7814500"></trkpt>
      <trkpt lat="42.2078100" lon="12.7810800"></trkpt>
      <trkpt lat="42.2078800" lon="12.7808400"></trkpt>
      <trkpt lat="42.2079000" lon="12.7807900"></trkpt>
      <trkpt lat="42.2079000" lon="12.7807400"></trkpt>
      <trkpt lat="42.2079000" lon="12.7804900"></trkpt>
      <trkpt lat="42.2079000" lon="12.7804000"></trkpt>
      <trkpt lat="42.2078900" lon="12.7802200"></trkpt>
      <trkpt lat="42.2078600" lon="12.7796500"></trkpt>
      <trkpt lat="42.2078500" lon="12.7794900"></trkpt>
      <trkpt lat="42.2078500" lon="12.7793900"></trkpt>
      <trkpt lat="42.2078400" lon="12.7793000"></trkpt>
      <trkpt lat="42.2077900" lon="12.7786000"></trkpt>
      <trkpt lat="42.2077900" lon="12.7785400"></trkpt>
      <trkpt lat="42.2078000" lon="12.7783800"></trkpt>
      <trkpt lat="42.2078100" lon="12.7783100"></trkpt>
      <trkpt lat="42.2078200" lon="12.7782500"></trkpt>
      <trkpt lat="42.2078400" lon="12.7781900"></trkpt>
      <trkpt lat="42.2078400" lon="12.7781800"></trkpt>
      <trkpt lat="42.2079200" lon="12.7779700"></trkpt>
      <trkpt lat="42.2079400" lon="12.7779200"></trkpt>
      <trkpt lat="42.2079700" lon="12.7778600"></trkpt>
      <trkpt lat="42.2083500" lon="12.7776000"></trkpt>
      <trkpt lat="42.2083700" lon="12.7775800"></trkpt>
      <trkpt lat="42.2085100" lon="12.7773800"></trkpt>
      <trkpt lat="42.2085300" lon="12.7773300"></trkpt>
      <trkpt lat="42.2085400" lon="12.7773000"></trkpt>
      <trkpt lat="42.2085400" lon="12.7772800"></trkpt>
      <trkpt lat="42.2086100" lon="12.7768700"></trkpt>
      <trkpt lat="42.2086200" lon="12.7768000"></trkpt>
      <trkpt lat="42.2086800" lon="12.7766100"></trkpt>
      <trkpt lat="42.2086800" lon="12.7766000"></trkpt>
      <trkpt lat="42.2087300" lon="12.7764600"></trkpt>
      <trkpt lat="42.2087500" lon="12.7764200"></trkpt>
      <trkpt lat="42.2087700" lon="12.7763900"></trkpt>
      <trkpt lat="42.2088100" lon="12.7763600"></trkpt>
      <trkpt lat="42.2088800" lon="12.7762900"></trkpt>
      <trkpt lat="42.2089800" lon="12.7762200"></trkpt>
      <trkpt lat="42.2094200" lon="12.7759700"></trkpt>
      <trkpt lat="42.2094400" lon="12.7759600"></trkpt>
      <trkpt lat="42.2094900" lon="12.7759200"></trkpt>
      <trkpt lat="42.2094900" lon="12.7759100"></trkpt>
      <trkpt lat="42.2095000" lon="12.7759000"></trkpt>
      <trkpt lat="42.2095400" lon="12.7758500"></trkpt>
      <trkpt lat="42.2095900" lon="12.7757700"></trkpt>
      <trkpt lat="42.2096100" lon="12.7757100"></trkpt>
      <trkpt lat="42.2096400" lon="12.7756400"></trkpt>
      <trkpt lat="42.2097700" lon="12.7751300"></trkpt>
      <trkpt lat="42.2098100" lon="12.7749500"></trkpt>
      <trkpt lat="42.2098700" lon="12.7746800"></trkpt>
      <trkpt lat="42.2099100" lon="12.7744900"></trkpt>
      <trkpt lat="42.2100500" lon="12.7742200"></trkpt>
      <trkpt lat="42.2102000" lon="12.7739300"></trkpt>
      <trkpt lat="42.2103100" lon="12.7737300"></trkpt>
      <trkpt lat="42.2103900" lon="12.7735500"></trkpt>
      <trkpt lat="42.2104400" lon="12.7733700"></trkpt>
      <trkpt lat="42.2104600" lon="12.7733000"></trkpt>
      <trkpt lat="42.2104700" lon="12.7732200"></trkpt>
      <trkpt lat="42.2104700" lon="12.7731300"></trkpt>
      <trkpt lat="42.2104600" lon="12.7730200"></trkpt>
      <trkpt lat="42.2104500" lon="12.7729200"></trkpt>
      <trkpt lat="42.2104300" lon="12.7725300"></trkpt>
      <trkpt lat="42.2104200" lon="12.7722800"></trkpt>
      <trkpt lat="42.2104200" lon="12.7721800"></trkpt>
      <trkpt lat="42.2103800" lon="12.7719100"></trkpt>
      <trkpt lat="42.2103600" lon="12.7718500"></trkpt>
      <trkpt lat="42.2103400" lon="12.7718000"></trkpt>
      <trkpt lat="42.2103100" lon="12.7717500"></trkpt>
      <trkpt lat="42.2102600" lon="12.7717000"></trkpt>
      <trkpt lat="42.2101600" lon="12.7716300"></trkpt>
      <trkpt lat="42.2100400" lon="12.7715500"></trkpt>
      <trkpt lat="42.2099200" lon="12.7714300"></trkpt>
      <trkpt lat="42.2098900" lon="12.7713900"></trkpt>
      <trkpt lat="42.2098700" lon="12.7713500"></trkpt>
      <trkpt lat="42.2098700" lon="12.7713200"></trkpt>
      <trkpt lat="42.2098700" lon="12.7713000"></trkpt>
      <trkpt lat="42.2098700" lon="12.7712600"></trkpt>
      <trkpt lat="42.2098800" lon="12.7712200"></trkpt>
      <trkpt lat="42.2099000" lon="12.7711900"></trkpt>
      <trkpt lat="42.2099200" lon="12.7711700"></trkpt>
      <trkpt lat="42.2099400" lon="12.7711400"></trkpt>
      <trkpt lat="42.2099700" lon="12.7711200"></trkpt>
      <trkpt lat="42.2100100" lon="12.7711200"></trkpt>
      <trkpt lat="42.2101200" lon="12.7711100"></trkpt>
      <trkpt lat="42.2103000" lon="12.7710900"></trkpt>
      <trkpt lat="42.2109400" lon="12.7710300"></trkpt>
      <trkpt lat="42.2110100" lon="12.7710200"></trkpt>
      <trkpt lat="42.2110300" lon="12.7710200"></trkpt>
      <trkpt lat="42.2111100" lon="12.7710000"></trkpt>
      <trkpt lat="42.2111500" lon="12.7709900"></trkpt>
      <trkpt lat="42.2111800" lon="12.7709700"></trkpt>
      <trkpt lat="42.2111900" lon="12.7709600"></trkpt>
      <trkpt lat="42.2112200" lon="12.7709200"></trkpt>
      <trkpt lat="42.2112800" lon="12.7708400"></trkpt>
      <trkpt lat="42.2113100" lon="12.7707800"></trkpt>
      <trkpt lat="42.2113400" lon="12.7707100"></trkpt>
      <trkpt lat="42.2113700" lon="12.7705600"></trkpt>
      <trkpt lat="42.2114200" lon="12.7703800"></trkpt>
      <trkpt lat="42.2115100" lon="12.7699200"></trkpt>
      <trkpt lat="42.2115100" lon="12.7698500"></trkpt>
      <trkpt lat="42.2115400" lon="12.7695500"></trkpt>
      <trkpt lat="42.2115600" lon="12.7693700"></trkpt>
      <trkpt lat="42.2115900" lon="12.7689700"></trkpt>
      <trkpt lat="42.2116100" lon="12.7688900"></trkpt>
      <trkpt lat="42.2116200" lon="12.7688700"></trkpt>
      <trkpt lat="42.2116500" lon="12.7688000"></trkpt>
      <trkpt lat="42.2117000" lon="12.7686900"></trkpt>
      <trkpt lat="42.2117100" lon="12.7686700"></trkpt>
      <trkpt lat="42.2117700" lon="12.7685600"></trkpt>
      <trkpt lat="42.2118300" lon="12.7684700"></trkpt>
      <trkpt lat="42.2118800" lon="12.7684100"></trkpt>
      <trkpt lat="42.2119200" lon="12.7683300"></trkpt>
      <trkpt lat="42.2119400" lon="12.7682600"></trkpt>
      <trkpt lat="42.2119500" lon="12.7680700"></trkpt>
      <trkpt lat="42.2119500" lon="12.7678400"></trkpt>
      <trkpt lat="42.2119600" lon="12.7675600"></trkpt>
      <trkpt lat="42.2119700" lon="12.7672600"></trkpt>
      <trkpt lat="42.2120000" lon="12.7670300"></trkpt>
      <trkpt lat="42.2120500" lon="12.7668100"></trkpt>
      <trkpt lat="42.2121200" lon="12.7665300"></trkpt>
      <trkpt lat="42.2121600" lon="12.7664100"></trkpt>
      <trkpt lat="42.2122200" lon="12.7661600"></trkpt>
      <trkpt lat="42.2124200" lon="12.7655100"></trkpt>
      <trkpt lat="42.2125700" lon="12.7649500"></trkpt>
      <trkpt lat="42.2125800" lon="12.7649100"></trkpt>
      <trkpt lat="42.2125800" lon="12.7648700"></trkpt>
      <trkpt lat="42.2125700" lon="12.7647900"></trkpt>
      <trkpt lat="42.2125200" lon="12.7645100"></trkpt>
      <trkpt lat="42.2124600" lon="12.7642300"></trkpt>
      <trkpt lat="42.2124000" lon="12.7640000"></trkpt>
      <trkpt lat="42.2122400" lon="12.7633000"></trkpt>
      <trkpt lat="42.2122000" lon="12.7631600"></trkpt>
      <trkpt lat="42.2120600" lon="12.7619900"></trkpt>
      <trkpt lat="42.2120600" lon="12.7618700"></trkpt>
      <trkpt lat="42.2120800" lon="12.7615600"></trkpt>
      <trkpt lat="42.2121100" lon="12.7612500"></trkpt>
      <trkpt lat="42.2121200" lon="12.7611200"></trkpt>
      <trkpt lat="42.2121200" lon="12.7610500"></trkpt>
      <trkpt lat="42.2121100" lon="12.7609500"></trkpt>
      <trkpt lat="42.2118600" lon="12.7603600"></trkpt>
      <trkpt lat="42.2118100" lon="12.7602500"></trkpt>
      <trkpt lat="42.2118000" lon="12.7602300"></trkpt>
      <trkpt lat="42.2117400" lon="12.7600500"></trkpt>
      <trkpt lat="42.2117200" lon="12.7600100"></trkpt>
      <trkpt lat="42.2117200" lon="12.7600000"></trkpt>
      <trkpt lat="42.2117100" lon="12.7599300"></trkpt>
      <trkpt lat="42.2117200" lon="12.7597700"></trkpt>
      <trkpt lat="42.2117300" lon="12.7594300"></trkpt>
      <trkpt lat="42.2117300" lon="12.7593600"></trkpt>
      <trkpt lat="42.2117300" lon="12.7591300"></trkpt>
      <trkpt lat="42.2117400" lon="12.7589800"></trkpt>
      <trkpt lat="42.2117400" lon="12.7589600"></trkpt>
      <trkpt lat="42.2117400" lon="12.7587900"></trkpt>
      <trkpt lat="42.2117200" lon="12.7585700"></trkpt>
      <trkpt lat="42.2117200" lon="12.7585100"></trkpt>
      <trkpt lat="42.2117200" lon="12.7583700"></trkpt>
      <trkpt lat="42.2117200" lon="12.7582600"></trkpt>
      <trkpt lat="42.2117200" lon="12.7581400"></trkpt>
      <trkpt lat="42.2117500" lon="12.7579000"></trkpt>
      <trkpt lat="42.2117900" lon="12.7577200"></trkpt>
      <trkpt lat="42.2118100" lon="12.7575900"></trkpt>
      <trkpt lat="42.2118400" lon="12.7574800"></trkpt>
      <trkpt lat="42.2118700" lon="12.7573900"></trkpt>
      <trkpt lat="42.2119200" lon="12.7573100"></trkpt>
      <trkpt lat="42.2119300" lon="12.7572800"></trkpt>
      <trkpt lat="42.2120100" lon="12.7571800"></trkpt>
      <trkpt lat="42.2121300" lon="12.7570200"></trkpt>
      <trkpt lat="42.2121800" lon="12.7569400"></trkpt>
      <trkpt lat="42.2121900" lon="12.7569100"></trkpt>
      <trkpt lat="42.2122300" lon="12.7568000"></trkpt>
      <trkpt lat="42.2122500" lon="12.7567200"></trkpt>
      <trkpt lat="42.2122700" lon="12.7566600"></trkpt>
      <trkpt lat="42.2122800" lon="12.7565800"></trkpt>
      <trkpt lat="42.2122900" lon="12.7564800"></trkpt>
      <trkpt lat="42.2123100" lon="12.7559700"></trkpt>
      <trkpt lat="42.2123400" lon="12.7552600"></trkpt>
      <trkpt lat="42.2123500" lon="12.7551000"></trkpt>
      <trkpt lat="42.2123500" lon="12.7550400"></trkpt>
      <trkpt lat="42.2123500" lon="12.7549800"></trkpt>
      <trkpt lat="42.2123600" lon="12.7549000"></trkpt>
      <trkpt lat="42.2123700" lon="12.7547800"></trkpt>
      <trkpt lat="42.2123800" lon="12.7545600"></trkpt>
      <trkpt lat="42.2123800" lon="12.7545300"></trkpt>
      <trkpt lat="42.2124100" lon="12.7540700"></trkpt>
      <trkpt lat="42.2124100" lon="12.7540500"></trkpt>
      <trkpt lat="42.2124200" lon="12.7539000"></trkpt>
      <trkpt lat="42.2124200" lon="12.7537400"></trkpt>
      <trkpt lat="42.2124200" lon="12.7537200"></trkpt>
      <trkpt lat="42.2124200" lon="12.7536800"></trkpt>
      <trkpt lat="42.2124100" lon="12.7536400"></trkpt>
      <trkpt lat="42.2124100" lon="12.7536200"></trkpt>
      <trkpt lat="42.2124000" lon="12.7536000"></trkpt>
      <trkpt lat="42.2123900" lon="12.7535900"></trkpt>
      <trkpt lat="42.2123600" lon="12.7535700"></trkpt>
      <trkpt lat="42.2123300" lon="12.7535500"></trkpt>
      <trkpt lat="42.2122500" lon="12.7535600"></trkpt>
      <trkpt lat="42.2121200" lon="12.7535700"></trkpt>
      <trkpt lat="42.2120200" lon="12.7536200"></trkpt>
      <trkpt lat="42.2119900" lon="12.7536500"></trkpt>
      <trkpt lat="42.2119500" lon="12.7536900"></trkpt>
      <trkpt lat="42.2119300" lon="12.7537400"></trkpt>
      <trkpt lat="42.2119000" lon="12.7537900"></trkpt>
      <trkpt lat="42.2118200" lon="12.7540100"></trkpt>
      <trkpt lat="42.2117600" lon="12.7541500"></trkpt>
      <trkpt lat="42.2117500" lon="12.7541600"></trkpt>
      <trkpt lat="42.2117400" lon="12.7541800"></trkpt>
      <trkpt lat="42.2117200" lon="12.7542100"></trkpt>
      <trkpt lat="42.2117000" lon="12.7542200"></trkpt>
      <trkpt lat="42.2116800" lon="12.7542400"></trkpt>
      <trkpt lat="42.2116600" lon="12.7542500"></trkpt>
      <trkpt lat="42.2116200" lon="12.7542700"></trkpt>
      <trkpt lat="42.2116000" lon="12.7542900"></trkpt>
      <trkpt lat="42.2115600" lon="12.7543100"></trkpt>
      <trkpt lat="42.2112500" lon="12.7543900"></trkpt>
      <trkpt lat="42.2110800" lon="12.7544700"></trkpt>
      <trkpt lat="42.2107100" lon="12.7546800"></trkpt>
      <trkpt lat="42.2105300" lon="12.7547300"></trkpt>
      <trkpt lat="42.2104600" lon="12.7547200"></trkpt>
      <trkpt lat="42.2101700" lon="12.7546700"></trkpt>
      <trkpt lat="42.2097500" lon="12.7545500"></trkpt>
      <trkpt lat="42.2094700" lon="12.7544800"></trkpt>
      <trkpt lat="42.2094200" lon="12.7544800"></trkpt>
      <trkpt lat="42.2092100" lon="12.7545500"></trkpt>
      <trkpt lat="42.2091800" lon="12.7545600"></trkpt>
      <trkpt lat="42.2091600" lon="12.7545800"></trkpt>
      <trkpt lat="42.2090800" lon="12.7546600"></trkpt>
      <trkpt lat="42.2089800" lon="12.7547700"></trkpt>
      <trkpt lat="42.2089200" lon="12.7548200"></trkpt>
      <trkpt lat="42.2087900" lon="12.7549100"></trkpt>
      <trkpt lat="42.2086700" lon="12.7548200"></trkpt>
      <trkpt lat="42.2086500" lon="12.7548000"></trkpt>
      <trkpt lat="42.2086200" lon="12.7547800"></trkpt>
      <trkpt lat="42.2086100" lon="12.7547600"></trkpt>
      <trkpt lat="42.2085900" lon="12.7547200"></trkpt>
      <trkpt lat="42.2085800" lon="12.7546700"></trkpt>
      <trkpt lat="42.2085800" lon="12.7546100"></trkpt>
      <trkpt lat="42.2085700" lon="12.7545800"></trkpt>
      <trkpt lat="42.2085800" lon="12.7545500"></trkpt>
      <trkpt lat="42.2085800" lon="12.7545100"></trkpt>
      <trkpt lat="42.2085900" lon="12.7544800"></trkpt>
      <trkpt lat="42.2086000" lon="12.7544600"></trkpt>
      <trkpt lat="42.2086100" lon="12.7544200"></trkpt>
      <trkpt lat="42.2086200" lon="12.7543800"></trkpt>
      <trkpt lat="42.2086500" lon="12.7543500"></trkpt>
      <trkpt lat="42.2086900" lon="12.7542900"></trkpt>
      <trkpt lat="42.2087000" lon="12.7542700"></trkpt>
      <trkpt lat="42.2087900" lon="12.7541500"></trkpt>
      <trkpt lat="42.2088500" lon="12.7540800"></trkpt>
      <trkpt lat="42.2089900" lon="12.7539400"></trkpt>
      <trkpt lat="42.2091600" lon="12.7538200"></trkpt>
      <trkpt lat="42.2093000" lon="12.7537300"></trkpt>
      <trkpt lat="42.2095800" lon="12.7536700"></trkpt>
      <trkpt lat="42.2098300" lon="12.7535900"></trkpt>
      <trkpt lat="42.2099200" lon="12.7535400"></trkpt>
      <trkpt lat="42.2099400" lon="12.7535300"></trkpt>
      <trkpt lat="42.2100200" lon="12.7534800"></trkpt>
      <trkpt lat="42.2100700" lon="12.7534500"></trkpt>
      <trkpt lat="42.2101100" lon="12.7534200"></trkpt>
      <trkpt lat="42.2101300" lon="12.7534000"></trkpt>
      <trkpt lat="42.2101800" lon="12.7533500"></trkpt>
      <trkpt lat="42.2102100" lon="12.7533000"></trkpt>
      <trkpt lat="42.2102800" lon="12.7532100"></trkpt>
      <trkpt lat="42.2103200" lon="12.7531600"></trkpt>
      <trkpt lat="42.2103500" lon="12.7530900"></trkpt>
      <trkpt lat="42.2105200" lon="12.7527500"></trkpt>
      <trkpt lat="42.2106500" lon="12.7524700"></trkpt>
      <trkpt lat="42.2108200" lon="12.7521200"></trkpt>
      <trkpt lat="42.2109000" lon="12.7518700"></trkpt>
      <trkpt lat="42.2109400" lon="12.7517100"></trkpt>
      <trkpt lat="42.2109400" lon="12.7516600"></trkpt>
      <trkpt lat="42.2109500" lon="12.7516000"></trkpt>
      <trkpt lat="42.2109500" lon="12.7514600"></trkpt>
      <trkpt lat="42.2109400" lon="12.7513500"></trkpt>
      <trkpt lat="42.2109000" lon="12.7511900"></trkpt>
      <trkpt lat="42.2108500" lon="12.7510500"></trkpt>
      <trkpt lat="42.2108200" lon="12.7510000"></trkpt>
      <trkpt lat="42.2107500" lon="12.7508900"></trkpt>
      <trkpt lat="42.2106900" lon="12.7508000"></trkpt>
      <trkpt lat="42.2106800" lon="12.7507800"></trkpt>
      <trkpt lat="42.2105700" lon="12.7506500"></trkpt>
      <trkpt lat="42.2105600" lon="12.7506300"></trkpt>
      <trkpt lat="42.2104200" lon="12.7504800"></trkpt>
      <trkpt lat="42.2102800" lon="12.7503200"></trkpt>
      <trkpt lat="42.2102300" lon="12.7502600"></trkpt>
      <trkpt lat="42.2101400" lon="12.7501700"></trkpt>
      <trkpt lat="42.2100100" lon="12.7500100"></trkpt>
      <trkpt lat="42.2099200" lon="12.7499200"></trkpt>
      <trkpt lat="42.2098600" lon="12.7498700"></trkpt>
      <trkpt lat="42.2098300" lon="12.7498500"></trkpt>
      <trkpt lat="42.2096900" lon="12.7497600"></trkpt>
      <trkpt lat="42.2095100" lon="12.7496500"></trkpt>
      <trkpt lat="42.2094200" lon="12.7495800"></trkpt>
      <trkpt lat="42.2093900" lon="12.7495500"></trkpt>
      <trkpt lat="42.2093800" lon="12.7495400"></trkpt>
      <trkpt lat="42.2093600" lon="12.7495100"></trkpt>
      <trkpt lat="42.2093300" lon="12.7494600"></trkpt>
      <trkpt lat="42.2093000" lon="12.7494000"></trkpt>
      <trkpt lat="42.2092900" lon="12.7493600"></trkpt>
      <trkpt lat="42.2092800" lon="12.7493400"></trkpt>
      <trkpt lat="42.2092800" lon="12.7493000"></trkpt>
      <trkpt lat="42.2092700" lon="12.7491900"></trkpt>
      <trkpt lat="42.2092800" lon="12.7490000"></trkpt>
      <trkpt lat="42.2093000" lon="12.7488300"></trkpt>
      <trkpt lat="42.2093200" lon="12.7487300"></trkpt>
      <trkpt lat="42.2093300" lon="12.7486500"></trkpt>
      <trkpt lat="42.2093400" lon="12.7486200"></trkpt>
      <trkpt lat="42.2093400" lon="12.7485800"></trkpt>
      <trkpt lat="42.2093400" lon="12.7484900"></trkpt>
      <trkpt lat="42.2093300" lon="12.7483800"></trkpt>
      <trkpt lat="42.2093000" lon="12.7482800"></trkpt>
      <trkpt lat="42.2091900" lon="12.7479700"></trkpt>
      <trkpt lat="42.2091800" lon="12.7479400"></trkpt>
      <trkpt lat="42.2091200" lon="12.7477700"></trkpt>
      <trkpt lat="42.2091100" lon="12.7477200"></trkpt>
      <trkpt lat="42.2090800" lon="12.7476100"></trkpt>
      <trkpt lat="42.2090600" lon="12.7474800"></trkpt>
      <trkpt lat="42.2090500" lon="12.7473200"></trkpt>
      <trkpt lat="42.2090400" lon="12.7472400"></trkpt>
      <trkpt lat="42.2090300" lon="12.7471900"></trkpt>
      <trkpt lat="42.2090000" lon="12.7467800"></trkpt>
      <trkpt lat="42.2089800" lon="12.7464300"></trkpt>
      <trkpt lat="42.2089800" lon="12.7462100"></trkpt>
      <trkpt lat="42.2090100" lon="12.7460600"></trkpt>
      <trkpt lat="42.2090200" lon="12.7460300"></trkpt>
      <trkpt lat="42.2090500" lon="12.7458400"></trkpt>
      <trkpt lat="42.2090600" lon="12.7457900"></trkpt>
      <trkpt lat="42.2090900" lon="12.7456600"></trkpt>
      <trkpt lat="42.2091500" lon="12.7455200"></trkpt>
      <trkpt lat="42.2092100" lon="12.7453700"></trkpt>
      <trkpt lat="42.2092200" lon="12.7453600"></trkpt>
      <trkpt lat="42.2093100" lon="12.7451800"></trkpt>
      <trkpt lat="42.2094700" lon="12.7449300"></trkpt>
      <trkpt lat="42.2095400" lon="12.7447800"></trkpt>
      <trkpt lat="42.2095900" lon="12.7446700"></trkpt>
      <trkpt lat="42.2096300" lon="12.7445600"></trkpt>
      <trkpt lat="42.2096700" lon="12.7444300"></trkpt>
      <trkpt lat="42.2097000" lon="12.7443400"></trkpt>
      <trkpt lat="42.2097000" lon="12.7443100"></trkpt>
      <trkpt lat="42.2097400" lon="12.7441800"></trkpt>
      <trkpt lat="42.2097500" lon="12.7441100"></trkpt>
      <trkpt lat="42.2097500" lon="12.7441000"></trkpt>
      <trkpt lat="42.2097800" lon="12.7440000"></trkpt>
      <trkpt lat="42.2098400" lon="12.7438600"></trkpt>
      <trkpt lat="42.2099000" lon="12.7437500"></trkpt>
      <trkpt lat="42.2099300" lon="12.7437000"></trkpt>
      <trkpt lat="42.2099500" lon="12.7436700"></trkpt>
      <trkpt lat="42.2100000" lon="12.7436200"></trkpt>
      <trkpt lat="42.2100400" lon="12.7435800"></trkpt>
      <trkpt lat="42.2100700" lon="12.7435400"></trkpt>
      <trkpt lat="42.2102600" lon="12.7433400"></trkpt>
      <trkpt lat="42.2103700" lon="12.7432100"></trkpt>
      <trkpt lat="42.2105100" lon="12.7430600"></trkpt>
      <trkpt lat="42.2105700" lon="12.7430000"></trkpt>
      <trkpt lat="42.2106400" lon="12.7429000"></trkpt>
      <trkpt lat="42.2107500" lon="12.7427600"></trkpt>
      <trkpt lat="42.2107700" lon="12.7427300"></trkpt>
      <trkpt lat="42.2107800" lon="12.7427100"></trkpt>
      <trkpt lat="42.2108000" lon="12.7426700"></trkpt>
      <trkpt lat="42.2108400" lon="12.7425700"></trkpt>
      <trkpt lat="42.2108600" lon="12.7425200"></trkpt>
      <trkpt lat="42.2108700" lon="12.7424700"></trkpt>
      <trkpt lat="42.2108800" lon="12.7423000"></trkpt>
      <trkpt lat="42.2108800" lon="12.7422800"></trkpt>
      <trkpt lat="42.2108800" lon="12.7421600"></trkpt>
      <trkpt lat="42.2108700" lon="12.7418800"></trkpt>
      <trkpt lat="42.2108300" lon="12.7416500"></trkpt>
      <trkpt lat="42.2108300" lon="12.7416400"></trkpt>
      <trkpt lat="42.2108100" lon="12.7414700"></trkpt>
      <trkpt lat="42.2108000" lon="12.7414000"></trkpt>
      <trkpt lat="42.2107800" lon="12.7411200"></trkpt>
      <trkpt lat="42.2107600" lon="12.7409200"></trkpt>
      <trkpt lat="42.2107500" lon="12.7406800"></trkpt>
      <trkpt lat="42.2107400" lon="12.7405200"></trkpt>
      <trkpt lat="42.2107300" lon="12.7404300"></trkpt>
      <trkpt lat="42.2107000" lon="12.7402000"></trkpt>
      <trkpt lat="42.2106700" lon="12.7400600"></trkpt>
      <trkpt lat="42.2106300" lon="12.7399600"></trkpt>
      <trkpt lat="42.2105600" lon="12.7397900"></trkpt>
      <trkpt lat="42.2104900" lon="12.7396800"></trkpt>
      <trkpt lat="42.2104400" lon="12.7396000"></trkpt>
      <trkpt lat="42.2104200" lon="12.7395800"></trkpt>
      <trkpt lat="42.2103800" lon="12.7395400"></trkpt>
      <trkpt lat="42.2103100" lon="12.7394900"></trkpt>
      <trkpt lat="42.2102100" lon="12.7394500"></trkpt>
      <trkpt lat="42.2101500" lon="12.7394200"></trkpt>
      <trkpt lat="42.2101000" lon="12.7393900"></trkpt>
      <trkpt lat="42.2100100" lon="12.7393400"></trkpt>
      <trkpt lat="42.2099400" lon="12.7393000"></trkpt>
      <trkpt lat="42.2099300" lon="12.7392900"></trkpt>
      <trkpt lat="42.2098800" lon="12.7392500"></trkpt>
      <trkpt lat="42.2098300" lon="12.7392000"></trkpt>
      <trkpt lat="42.2098000" lon="12.7391400"></trkpt>
      <trkpt lat="42.2097800" lon="12.7391100"></trkpt>
      <trkpt lat="42.2097000" lon="12.7389800"></trkpt>
      <trkpt lat="42.2096300" lon="12.7388000"></trkpt>
      <trkpt lat="42.2096000" lon="12.7387300"></trkpt>
      <trkpt lat="42.2095200" lon="12.7385600"></trkpt>
      <trkpt lat="42.2093900" lon="12.7383600"></trkpt>
      <trkpt lat="42.2093200" lon="12.7382700"></trkpt>
      <trkpt lat="42.2092900" lon="12.7382300"></trkpt>
      <trkpt lat="42.2092500" lon="12.7381800"></trkpt>
      <trkpt lat="42.2090900" lon="12.7379800"></trkpt>
      <trkpt lat="42.2090300" lon="12.7379000"></trkpt>
      <trkpt lat="42.2089900" lon="12.7378500"></trkpt>
      <trkpt lat="42.2089200" lon="12.7377600"></trkpt>
      <trkpt lat="42.2088700" lon="12.7376700"></trkpt>
      <trkpt lat="42.2088500" lon="12.7376300"></trkpt>
      <trkpt lat="42.2088200" lon="12.7375700"></trkpt>
      <trkpt lat="42.2088000" lon="12.7375300"></trkpt>
      <trkpt lat="42.2088000" lon="12.7375100"></trkpt>
      <trkpt lat="42.2087700" lon="12.7374000"></trkpt>
      <trkpt lat="42.2087600" lon="12.7372800"></trkpt>
      <trkpt lat="42.2087500" lon="12.7371800"></trkpt>
      <trkpt lat="42.2087400" lon="12.7370000"></trkpt>
      <trkpt lat="42.2087400" lon="12.7369800"></trkpt>
      <trkpt lat="42.2087200" lon="12.7368600"></trkpt>
      <trkpt lat="42.2087100" lon="12.7368000"></trkpt>
      <trkpt lat="42.2086900" lon="12.7367400"></trkpt>
      <trkpt lat="42.2086600" lon="12.7366100"></trkpt>
      <trkpt lat="42.2086100" lon="12.7364700"></trkpt>
      <trkpt lat="42.2085500" lon="12.7363300"></trkpt>
      <trkpt lat="42.2085400" lon="12.7363100"></trkpt>
      <trkpt lat="42.2084300" lon="12.7361200"></trkpt>
      <trkpt lat="42.2084300" lon="12.7361100"></trkpt>
      <trkpt lat="42.2083500" lon="12.7359500"></trkpt>
      <trkpt lat="42.2082800" lon="12.7358100"></trkpt>
      <trkpt lat="42.2082100" lon="12.7356400"></trkpt>
      <trkpt lat="42.2081900" lon="12.7355500"></trkpt>
      <trkpt lat="42.2081900" lon="12.7355300"></trkpt>
      <trkpt lat="42.2081900" lon="12.7354700"></trkpt>
      <trkpt lat="42.2081800" lon="12.7354300"></trkpt>
      <trkpt lat="42.2081800" lon="12.7354200"></trkpt>
      <trkpt lat="42.2081800" lon="12.7354000"></trkpt>
      <trkpt lat="42.2081900" lon="12.7353800"></trkpt>
      <trkpt lat="42.2082100" lon="12.7353100"></trkpt>
      <trkpt lat="42.2082100" lon="12.7352900"></trkpt>
      <trkpt lat="42.2082300" lon="12.7352400"></trkpt>
      <trkpt lat="42.2082400" lon="12.7352200"></trkpt>
      <trkpt lat="42.2082900" lon="12.7351300"></trkpt>
      <trkpt lat="42.2083000" lon="12.7351200"></trkpt>
      <trkpt lat="42.2083600" lon="12.7350800"></trkpt>
      <trkpt lat="42.2084000" lon="12.7350500"></trkpt>
      <trkpt lat="42.2085800" lon="12.7349600"></trkpt>
      <trkpt lat="42.2086900" lon="12.7349000"></trkpt>
      <trkpt lat="42.2087200" lon="12.7348800"></trkpt>
      <trkpt lat="42.2088800" lon="12.7348300"></trkpt>
      <trkpt lat="42.2090300" lon="12.7347800"></trkpt>
      <trkpt lat="42.2090400" lon="12.7347800"></trkpt>
      <trkpt lat="42.2091900" lon="12.7347700"></trkpt>
      <trkpt lat="42.2093900" lon="12.7347800"></trkpt>
      <trkpt lat="42.2094000" lon="12.7347800"></trkpt>
      <trkpt lat="42.2095600" lon="12.7347900"></trkpt>
      <trkpt lat="42.2097900" lon="12.7348000"></trkpt>
      <trkpt lat="42.2098400" lon="12.7348000"></trkpt>
      <trkpt lat="42.2098800" lon="12.7348000"></trkpt>
      <trkpt lat="42.2100100" lon="12.7348000"></trkpt>
      <trkpt lat="42.2102300" lon="12.7347900"></trkpt>
      <trkpt lat="42.2103000" lon="12.7347800"></trkpt>
      <trkpt lat="42.2103300" lon="12.7347700"></trkpt>
      <trkpt lat="42.2104600" lon="12.7347400"></trkpt>
      <trkpt lat="42.2105400" lon="12.7347100"></trkpt>
      <trkpt lat="42.2106200" lon="12.7346900"></trkpt>
      <trkpt lat="42.2108000" lon="12.7346400"></trkpt>
      <trkpt lat="42.2108300" lon="12.7346400"></trkpt>
      <trkpt lat="42.2110000" lon="12.7346100"></trkpt>
      <trkpt lat="42.2111800" lon="12.7345800"></trkpt>
      <trkpt lat="42.2113000" lon="12.7345700"></trkpt>
      <trkpt lat="42.2114800" lon="12.7345100"></trkpt>
      <trkpt lat="42.2116400" lon="12.7344700"></trkpt>
      <trkpt lat="42.2117100" lon="12.7344400"></trkpt>
      <trkpt lat="42.2118300" lon="12.7344000"></trkpt>
      <trkpt lat="42.2119300" lon="12.7343700"></trkpt>
      <trkpt lat="42.2119800" lon="12.7343400"></trkpt>
      <trkpt lat="42.2120300" lon="12.7342900"></trkpt>
      <trkpt lat="42.2120600" lon="12.7342600"></trkpt>
      <trkpt lat="42.2121000" lon="12.7342000"></trkpt>
      <trkpt lat="42.2121500" lon="12.7341000"></trkpt>
      <trkpt lat="42.2121500" lon="12.7340900"></trkpt>
      <trkpt lat="42.2122000" lon="12.7339800"></trkpt>
      <trkpt lat="42.2122200" lon="12.7338600"></trkpt>
      <trkpt lat="42.2122800" lon="12.7336300"></trkpt>
      <trkpt lat="42.2123300" lon="12.7334000"></trkpt>
      <trkpt lat="42.2124400" lon="12.7333400"></trkpt>
      <trkpt lat="42.2124500" lon="12.7333400"></trkpt>
      <trkpt lat="42.2124900" lon="12.7333100"></trkpt>
      <trkpt lat="42.2125600" lon="12.7332000"></trkpt>
      <trkpt lat="42.2125800" lon="12.7331800"></trkpt>
      <trkpt lat="42.2126200" lon="12.7331200"></trkpt>
      <trkpt lat="42.2126600" lon="12.7330500"></trkpt>
      <trkpt lat="42.2127000" lon="12.7330000"></trkpt>
      <trkpt lat="42.2127500" lon="12.7329500"></trkpt>
      <trkpt lat="42.2128100" lon="12.7329100"></trkpt>
      <trkpt lat="42.2128600" lon="12.7328900"></trkpt>
      <trkpt lat="42.2128700" lon="12.7328900"></trkpt>
      <trkpt lat="42.2129100" lon="12.7328800"></trkpt>
      <trkpt lat="42.2129400" lon="12.7328700"></trkpt>
      <trkpt lat="42.2130000" lon="12.7328700"></trkpt>
      <trkpt lat="42.2130300" lon="12.7328800"></trkpt>
      <trkpt lat="42.2130400" lon="12.7328900"></trkpt>
      <trkpt lat="42.2130900" lon="12.7329100"></trkpt>
      <trkpt lat="42.2132000" lon="12.7329800"></trkpt>
      <trkpt lat="42.2132800" lon="12.7330400"></trkpt>
      <trkpt lat="42.2135300" lon="12.7331700"></trkpt>
      <trkpt lat="42.2135400" lon="12.7331800"></trkpt>
      <trkpt lat="42.2135900" lon="12.7331900"></trkpt>
      <trkpt lat="42.2137000" lon="12.7332300"></trkpt>
      <trkpt lat="42.2138800" lon="12.7332900"></trkpt>
      <trkpt lat="42.2139100" lon="12.7333000"></trkpt>
      <trkpt lat="42.2140500" lon="12.7333400"></trkpt>
      <trkpt lat="42.2143000" lon="12.7333900"></trkpt>
      <trkpt lat="42.2144100" lon="12.7334000"></trkpt>
      <trkpt lat="42.2145900" lon="12.7334100"></trkpt>
      <trkpt lat="42.2147000" lon="12.7334100"></trkpt>
      <trkpt lat="42.2147700" lon="12.7334100"></trkpt>
      <trkpt lat="42.2149400" lon="12.7334100"></trkpt>
      <trkpt lat="42.2150100" lon="12.7334000"></trkpt>
      <trkpt lat="42.2152400" lon="12.7333600"></trkpt>
      <trkpt lat="42.2154300" lon="12.7333000"></trkpt>
      <trkpt lat="42.2155900" lon="12.7332000"></trkpt>
      <trkpt lat="42.2156700" lon="12.7330900"></trkpt>
      <trkpt lat="42.2156900" lon="12.7330700"></trkpt>
      <trkpt lat="42.2157400" lon="12.7329600"></trkpt>
      <trkpt lat="42.2157500" lon="12.7329400"></trkpt>
      <trkpt lat="42.2157900" lon="12.7327900"></trkpt>
      <trkpt lat="42.2158000" lon="12.7327300"></trkpt>
      <trkpt lat="42.2158100" lon="12.7326600"></trkpt>
      <trkpt lat="42.2158700" lon="12.7322300"></trkpt>
      <trkpt lat="42.2159400" lon="12.7319800"></trkpt>
      <trkpt lat="42.2159600" lon="12.7319500"></trkpt>
      <trkpt lat="42.2161100" lon="12.7316000"></trkpt>
      <trkpt lat="42.2161800" lon="12.7314300"></trkpt>
      <trkpt lat="42.2164500" lon="12.7308900"></trkpt>
      <trkpt lat="42.2165000" lon="12.7307900"></trkpt>
      <trkpt lat="42.2165900" lon="12.7305800"></trkpt>
      <trkpt lat="42.2166200" lon="12.7305100"></trkpt>
      <trkpt lat="42.2166400" lon="12.7304700"></trkpt>
      <trkpt lat="42.2166700" lon="12.7303700"></trkpt>
      <trkpt lat="42.2166900" lon="12.7302900"></trkpt>
      <trkpt lat="42.2167200" lon="12.7302000"></trkpt>
      <trkpt lat="42.2167300" lon="12.7301400"></trkpt>
      <trkpt lat="42.2167300" lon="12.7300600"></trkpt>
      <trkpt lat="42.2167300" lon="12.7300400"></trkpt>
      <trkpt lat="42.2167200" lon="12.7299000"></trkpt>
      <trkpt lat="42.2167200" lon="12.7298900"></trkpt>
      <trkpt lat="42.2167000" lon="12.7298200"></trkpt>
      <trkpt lat="42.2166700" lon="12.7297100"></trkpt>
      <trkpt lat="42.2166500" lon="12.7296700"></trkpt>
      <trkpt lat="42.2166300" lon="12.7295900"></trkpt>
      <trkpt lat="42.2165900" lon="12.7294600"></trkpt>
      <trkpt lat="42.2165800" lon="12.7294500"></trkpt>
      <trkpt lat="42.2165400" lon="12.7294100"></trkpt>
      <trkpt lat="42.2165300" lon="12.7294000"></trkpt>
      <trkpt lat="42.2164400" lon="12.7292900"></trkpt>
      <trkpt lat="42.2163600" lon="12.7292100"></trkpt>
      <trkpt lat="42.2163000" lon="12.7291400"></trkpt>
      <trkpt lat="42.2162800" lon="12.7290600"></trkpt>
      <trkpt lat="42.2162800" lon="12.7289700"></trkpt>
      <trkpt lat="42.2162900" lon="12.7289000"></trkpt>
      <trkpt lat="42.2163200" lon="12.7288600"></trkpt>
      <trkpt lat="42.2163300" lon="12.7288400"></trkpt>
      <trkpt lat="42.2163800" lon="12.7287900"></trkpt>
      <trkpt lat="42.2164300" lon="12.7287500"></trkpt>
      <trkpt lat="42.2164800" lon="12.7287200"></trkpt>
      <trkpt lat="42.2165300" lon="12.7286800"></trkpt>
      <trkpt lat="42.2165900" lon="12.7286500"></trkpt>
      <trkpt lat="42.2166500" lon="12.7286200"></trkpt>
      <trkpt lat="42.2167600" lon="12.7285600"></trkpt>
      <trkpt lat="42.2168100" lon="12.7285300"></trkpt>
      <trkpt lat="42.2168300" lon="12.7285200"></trkpt>
      <trkpt lat="42.2169200" lon="12.7284600"></trkpt>
      <trkpt lat="42.2170400" lon="12.7283800"></trkpt>
      <trkpt lat="42.2170800" lon="12.7283300"></trkpt>
      <trkpt lat="42.2171600" lon="12.7282100"></trkpt>
      <trkpt lat="42.2172700" lon="12.7279700"></trkpt>
      <trkpt lat="42.2172800" lon="12.7279400"></trkpt>
      <trkpt lat="42.2173100" lon="12.7278700"></trkpt>
      <trkpt lat="42.2173800" lon="12.7277300"></trkpt>
      <trkpt lat="42.2174300" lon="12.7275000"></trkpt>
      <trkpt lat="42.2174900" lon="12.7272700"></trkpt>
      <trkpt lat="42.2176500" lon="12.7266000"></trkpt>
      <trkpt lat="42.2176600" lon="12.7265800"></trkpt>
      <trkpt lat="42.2177200" lon="12.7263500"></trkpt>
      <trkpt lat="42.2177700" lon="12.7262000"></trkpt>
      <trkpt lat="42.2178000" lon="12.7261300"></trkpt>
      <trkpt lat="42.2178300" lon="12.7260600"></trkpt>
      <trkpt lat="42.2178400" lon="12.7260300"></trkpt>
      <trkpt lat="42.2178800" lon="12.7259200"></trkpt>
      <trkpt lat="42.2179000" lon="12.7258900"></trkpt>
      <trkpt lat="42.2180800" lon="12.7252400"></trkpt>
      <trkpt lat="42.2181000" lon="12.7251700"></trkpt>
      <trkpt lat="42.2182800" lon="12.7245600"></trkpt>
      <trkpt lat="42.2183400" lon="12.7243400"></trkpt>
      <trkpt lat="42.2184700" lon="12.7238800"></trkpt>
      <trkpt lat="42.2186000" lon="12.7234300"></trkpt>
      <trkpt lat="42.2187300" lon="12.7229700"></trkpt>
      <trkpt lat="42.2187600" lon="12.7229000"></trkpt>
      <trkpt lat="42.2188100" lon="12.7227600"></trkpt>
      <trkpt lat="42.2188600" lon="12.7226100"></trkpt>
      <trkpt lat="42.2188900" lon="12.7225400"></trkpt>
      <trkpt lat="42.2189600" lon="12.7224200"></trkpt>
      <trkpt lat="42.2190100" lon="12.7223700"></trkpt>
      <trkpt lat="42.2190900" lon="12.7223100"></trkpt>
      <trkpt lat="42.2191800" lon="12.7222800"></trkpt>
      <trkpt lat="42.2193500" lon="12.7222100"></trkpt>
      <trkpt lat="42.2193800" lon="12.7222000"></trkpt>
      <trkpt lat="42.2195200" lon="12.7221300"></trkpt>
      <trkpt lat="42.2196900" lon="12.7220600"></trkpt>
      <trkpt lat="42.2197300" lon="12.7221200"></trkpt>
      <trkpt lat="42.2197600" lon="12.7221700"></trkpt>
      <trkpt lat="42.2197900" lon="12.7222000"></trkpt>
      <trkpt lat="42.2198200" lon="12.7222100"></trkpt>
      <trkpt lat="42.2198300" lon="12.7222200"></trkpt>
      <trkpt lat="42.2198500" lon="12.7222300"></trkpt>
      <trkpt lat="42.2198700" lon="12.7222400"></trkpt>
      <trkpt lat="42.2199100" lon="12.7222400"></trkpt>
      <trkpt lat="42.2199500" lon="12.7222400"></trkpt>
      <trkpt lat="42.2199900" lon="12.7222300"></trkpt>
      <trkpt lat="42.2200000" lon="12.7222200"></trkpt>
      <trkpt lat="42.2200300" lon="12.7222100"></trkpt>
      <trkpt lat="42.2200500" lon="12.7222000"></trkpt>
      <trkpt lat="42.2200700" lon="12.7221800"></trkpt>
      <trkpt lat="42.2201300" lon="12.7221300"></trkpt>
      <trkpt lat="42.2201500" lon="12.7221100"></trkpt>
      <trkpt lat="42.2201600" lon="12.7220900"></trkpt>
      <trkpt lat="42.2201800" lon="12.7220500"></trkpt>
      <trkpt lat="42.2202100" lon="12.7219600"></trkpt>
      <trkpt lat="42.2202300" lon="12.7218800"></trkpt>
      <trkpt lat="42.2202500" lon="12.7218300"></trkpt>
      <trkpt lat="42.2202900" lon="12.7216500"></trkpt>
      <trkpt lat="42.2203200" lon="12.7215700"></trkpt>
      <trkpt lat="42.2203600" lon="12.7214300"></trkpt>
      <trkpt lat="42.2203700" lon="12.7213700"></trkpt>
      <trkpt lat="42.2203800" lon="12.7213300"></trkpt>
      <trkpt lat="42.2204100" lon="12.7211900"></trkpt>
      <trkpt lat="42.2204200" lon="12.7211100"></trkpt>
      <trkpt lat="42.2204400" lon="12.7209500"></trkpt>
      <trkpt lat="42.2204400" lon="12.7209000"></trkpt>
      <trkpt lat="42.2204500" lon="12.7208300"></trkpt>
      <trkpt lat="42.2204600" lon="12.7206500"></trkpt>
      <trkpt lat="42.2204700" lon="12.7204700"></trkpt>
      <trkpt lat="42.2204800" lon="12.7204100"></trkpt>
      <trkpt lat="42.2204900" lon="12.7202300"></trkpt>
      <trkpt lat="42.2204900" lon="12.7201700"></trkpt>
      <trkpt lat="42.2205000" lon="12.7199900"></trkpt>
      <trkpt lat="42.2205100" lon="12.7199300"></trkpt>
      <trkpt lat="42.2205300" lon="12.7196900"></trkpt>
      <trkpt lat="42.2205400" lon="12.7196200"></trkpt>
      <trkpt lat="42.2205500" lon="12.7194500"></trkpt>
      <trkpt lat="42.2205600" lon="12.7194100"></trkpt>
      <trkpt lat="42.2205800" lon="12.7192500"></trkpt>
      <trkpt lat="42.2205900" lon="12.7192100"></trkpt>
      <trkpt lat="42.2206100" lon="12.7191500"></trkpt>
      <trkpt lat="42.2206600" lon="12.7190400"></trkpt>
      <trkpt lat="42.2206800" lon="12.7190000"></trkpt>
      <trkpt lat="42.2207200" lon="12.7189400"></trkpt>
      <trkpt lat="42.2207600" lon="12.7188800"></trkpt>
      <trkpt lat="42.2208000" lon="12.7188200"></trkpt>
      <trkpt lat="42.2208800" lon="12.7189800"></trkpt>
      <trkpt lat="42.2210300" lon="12.7187800"></trkpt>
      <trkpt lat="42.2211600" lon="12.7186100"></trkpt>
      <trkpt lat="42.2212900" lon="12.7184500"></trkpt>
      <trkpt lat="42.2212900" lon="12.7184400"></trkpt>
      <trkpt lat="42.2213700" lon="12.7183400"></trkpt>
      <trkpt lat="42.2212900" lon="12.7184400"></trkpt>
      <trkpt lat="42.2212900" lon="12.7184500"></trkpt>
      <trkpt lat="42.2211600" lon="12.7186100"></trkpt>
      <trkpt lat="42.2210300" lon="12.7187800"></trkpt>
      <trkpt lat="42.2208800" lon="12.7189800"></trkpt>
      <trkpt lat="42.2208000" lon="12.7188200"></trkpt>
      <trkpt lat="42.2208600" lon="12.7187300"></trkpt>
      <trkpt lat="42.2209300" lon="12.7186400"></trkpt>
      <trkpt lat="42.2210600" lon="12.7184700"></trkpt>
      <trkpt lat="42.2211800" lon="12.7183000"></trkpt>
      <trkpt lat="42.2213400" lon="12.7180900"></trkpt>
      <trkpt lat="42.2213800" lon="12.7180400"></trkpt>
      <trkpt lat="42.2216100" lon="12.7178200"></trkpt>
      <trkpt lat="42.2216200" lon="12.7178000"></trkpt>
      <trkpt lat="42.2217700" lon="12.7176600"></trkpt>
      <trkpt lat="42.2218400" lon="12.7176000"></trkpt>
      <trkpt lat="42.2219200" lon="12.7175200"></trkpt>
      <trkpt lat="42.2219400" lon="12.7175000"></trkpt>
      <trkpt lat="42.2220700" lon="12.7173900"></trkpt>
      <trkpt lat="42.2221300" lon="12.7173400"></trkpt>
      <trkpt lat="42.2221800" lon="12.7172700"></trkpt>
      <trkpt lat="42.2222100" lon="12.7172400"></trkpt>
      <trkpt lat="42.2222300" lon="12.7172000"></trkpt>
      <trkpt lat="42.2223100" lon="12.7170700"></trkpt>
      <trkpt lat="42.2223200" lon="12.7170500"></trkpt>
      <trkpt lat="42.2224000" lon="12.7169200"></trkpt>
      <trkpt lat="42.2224300" lon="12.7168600"></trkpt>
      <trkpt lat="42.2224800" lon="12.7167900"></trkpt>
      <trkpt lat="42.2225100" lon="12.7167200"></trkpt>
      <trkpt lat="42.2225200" lon="12.7166900"></trkpt>
      <trkpt lat="42.2225300" lon="12.7166600"></trkpt>
      <trkpt lat="42.2225500" lon="12.7165800"></trkpt>
      <trkpt lat="42.2225700" lon="12.7165300"></trkpt>
      <trkpt lat="42.2225800" lon="12.7165000"></trkpt>
      <trkpt lat="42.2225900" lon="12.7164300"></trkpt>
      <trkpt lat="42.2226000" lon="12.7163900"></trkpt>
      <trkpt lat="42.2226100" lon="12.7163500"></trkpt>
      <trkpt lat="42.2226200" lon="12.7163000"></trkpt>
      <trkpt lat="42.2226200" lon="12.7162400"></trkpt>
      <trkpt lat="42.2226300" lon="12.7161400"></trkpt>
      <trkpt lat="42.2226300" lon="12.7161100"></trkpt>
      <trkpt lat="42.2226300" lon="12.7161000"></trkpt>
      <trkpt lat="42.2226300" lon="12.7160900"></trkpt>
      <trkpt lat="42.2226100" lon="12.7159800"></trkpt>
      <trkpt lat="42.2225800" lon="12.7158700"></trkpt>
      <trkpt lat="42.2226600" lon="12.7157600"></trkpt>
      <trkpt lat="42.2227600" lon="12.7156300"></trkpt>
      <trkpt lat="42.2227900" lon="12.7155900"></trkpt>
      <trkpt lat="42.2228000" lon="12.7155900"></trkpt>
      <trkpt lat="42.2228700" lon="12.7155100"></trkpt>
      <trkpt lat="42.2229300" lon="12.7154600"></trkpt>
      <trkpt lat="42.2229300" lon="12.7154500"></trkpt>
      <trkpt lat="42.2229400" lon="12.7154500"></trkpt>
      <trkpt lat="42.2229900" lon="12.7154100"></trkpt>
      <trkpt lat="42.2230500" lon="12.7153700"></trkpt>
      <trkpt lat="42.2232200" lon="12.7152600"></trkpt>
      <trkpt lat="42.2232300" lon="12.7152600"></trkpt>
      <trkpt lat="42.2232600" lon="12.7152400"></trkpt>
      <trkpt lat="42.2232800" lon="12.7152300"></trkpt>
      <trkpt lat="42.2233900" lon="12.7151400"></trkpt>
      <trkpt lat="42.2234400" lon="12.7151000"></trkpt>
      <trkpt lat="42.2234900" lon="12.7150500"></trkpt>
      <trkpt lat="42.2235200" lon="12.7150000"></trkpt>
      <trkpt lat="42.2235300" lon="12.7149900"></trkpt>
      <trkpt lat="42.2235500" lon="12.7149500"></trkpt>
      <trkpt lat="42.2236400" lon="12.7148000"></trkpt>
      <trkpt lat="42.2237400" lon="12.7146100"></trkpt>
      <trkpt lat="42.2240700" lon="12.7140200"></trkpt>
      <trkpt lat="42.2242300" lon="12.7137300"></trkpt>
      <trkpt lat="42.2243000" lon="12.7136000"></trkpt>
      <trkpt lat="42.2243500" lon="12.7134800"></trkpt>
      <trkpt lat="42.2243700" lon="12.7134300"></trkpt>
      <trkpt lat="42.2244000" lon="12.7133200"></trkpt>
      <trkpt lat="42.2244500" lon="12.7131800"></trkpt>
      <trkpt lat="42.2245100" lon="12.7130100"></trkpt>
      <trkpt lat="42.2245800" lon="12.7127700"></trkpt>
      <trkpt lat="42.2245900" lon="12.7127500"></trkpt>
      <trkpt lat="42.2246500" lon="12.7125700"></trkpt>
      <trkpt lat="42.2248000" lon="12.7122300"></trkpt>
      <trkpt lat="42.2251400" lon="12.7114300"></trkpt>
      <trkpt lat="42.2252100" lon="12.7112700"></trkpt>
      <trkpt lat="42.2253600" lon="12.7109600"></trkpt>
      <trkpt lat="42.2254500" lon="12.7107200"></trkpt>
      <trkpt lat="42.2254700" lon="12.7106400"></trkpt>
      <trkpt lat="42.2255300" lon="12.7104100"></trkpt>
      <trkpt lat="42.2255300" lon="12.7104000"></trkpt>
      <trkpt lat="42.2255500" lon="12.7101900"></trkpt>
      <trkpt lat="42.2255700" lon="12.7100800"></trkpt>
      <trkpt lat="42.2255800" lon="12.7099200"></trkpt>
      <trkpt lat="42.2256300" lon="12.7096900"></trkpt>
      <trkpt lat="42.2256400" lon="12.7096400"></trkpt>
      <trkpt lat="42.2256900" lon="12.7094400"></trkpt>
      <trkpt lat="42.2257900" lon="12.7090400"></trkpt>
      <trkpt lat="42.2257900" lon="12.7090000"></trkpt>
      <trkpt lat="42.2258000" lon="12.7088700"></trkpt>
      <trkpt lat="42.2257900" lon="12.7087600"></trkpt>
      <trkpt lat="42.2257900" lon="12.7086200"></trkpt>
      <trkpt lat="42.2257600" lon="12.7084500"></trkpt>
      <trkpt lat="42.2257200" lon="12.7082500"></trkpt>
      <trkpt lat="42.2256500" lon="12.7079400"></trkpt>
      <trkpt lat="42.2255900" lon="12.7076700"></trkpt>
      <trkpt lat="42.2255200" lon="12.7073500"></trkpt>
      <trkpt lat="42.2254600" lon="12.7071200"></trkpt>
      <trkpt lat="42.2254400" lon="12.7070300"></trkpt>
      <trkpt lat="42.2253400" lon="12.7066600"></trkpt>
      <trkpt lat="42.2252800" lon="12.7064300"></trkpt>
      <trkpt lat="42.2252700" lon="12.7063900"></trkpt>
      <trkpt lat="42.2252300" lon="12.7062000"></trkpt>
      <trkpt lat="42.2252100" lon="12.7061400"></trkpt>
      <trkpt lat="42.2251800" lon="12.7059100"></trkpt>
      <trkpt lat="42.2251700" lon="12.7057200"></trkpt>
      <trkpt lat="42.2251700" lon="12.7057100"></trkpt>
      <trkpt lat="42.2251700" lon="12.7054800"></trkpt>
      <trkpt lat="42.2252100" lon="12.7051200"></trkpt>
      <trkpt lat="42.2252400" lon="12.7050100"></trkpt>
      <trkpt lat="42.2252500" lon="12.7049900"></trkpt>
      <trkpt lat="42.2252600" lon="12.7048500"></trkpt>
      <trkpt lat="42.2252600" lon="12.7047700"></trkpt>
      <trkpt lat="42.2252600" lon="12.7046800"></trkpt>
      <trkpt lat="42.2252400" lon="12.7045300"></trkpt>
      <trkpt lat="42.2252400" lon="12.7045200"></trkpt>
      <trkpt lat="42.2251900" lon="12.7043300"></trkpt>
      <trkpt lat="42.2251500" lon="12.7041700"></trkpt>
      <trkpt lat="42.2251400" lon="12.7040600"></trkpt>
      <trkpt lat="42.2251300" lon="12.7040500"></trkpt>
      <trkpt lat="42.2251400" lon="12.7039500"></trkpt>
      <trkpt lat="42.2251700" lon="12.7038500"></trkpt>
      <trkpt lat="42.2251800" lon="12.7038300"></trkpt>
      <trkpt lat="42.2252000" lon="12.7038100"></trkpt>
      <trkpt lat="42.2252300" lon="12.7037700"></trkpt>
      <trkpt lat="42.2252600" lon="12.7037500"></trkpt>
      <trkpt lat="42.2253000" lon="12.7037300"></trkpt>
      <trkpt lat="42.2253300" lon="12.7037200"></trkpt>
      <trkpt lat="42.2253600" lon="12.7037100"></trkpt>
      <trkpt lat="42.2254500" lon="12.7037000"></trkpt>
      <trkpt lat="42.2255100" lon="12.7037000"></trkpt>
      <trkpt lat="42.2256100" lon="12.7036800"></trkpt>
      <trkpt lat="42.2256900" lon="12.7036700"></trkpt>
      <trkpt lat="42.2257500" lon="12.7036600"></trkpt>
      <trkpt lat="42.2258300" lon="12.7036300"></trkpt>
      <trkpt lat="42.2259400" lon="12.7035700"></trkpt>
      <trkpt lat="42.2260200" lon="12.7035000"></trkpt>
      <trkpt lat="42.2260600" lon="12.7034600"></trkpt>
      <trkpt lat="42.2261800" lon="12.7033300"></trkpt>
      <trkpt lat="42.2262600" lon="12.7032100"></trkpt>
      <trkpt lat="42.2263000" lon="12.7031400"></trkpt>
      <trkpt lat="42.2263400" lon="12.7030700"></trkpt>
      <trkpt lat="42.2263900" lon="12.7029700"></trkpt>
      <trkpt lat="42.2265500" lon="12.7026500"></trkpt>
      <trkpt lat="42.2266700" lon="12.7024000"></trkpt>
      <trkpt lat="42.2267000" lon="12.7023700"></trkpt>
      <trkpt lat="42.2267200" lon="12.7023600"></trkpt>
      <trkpt lat="42.2267600" lon="12.7023400"></trkpt>
      <trkpt lat="42.2268000" lon="12.7023400"></trkpt>
      <trkpt lat="42.2268700" lon="12.7023600"></trkpt>
      <trkpt lat="42.2268900" lon="12.7024000"></trkpt>
      <trkpt lat="42.2269000" lon="12.7024500"></trkpt>
      <trkpt lat="42.2269000" lon="12.7025100"></trkpt>
      <trkpt lat="42.2268900" lon="12.7025600"></trkpt>
      <trkpt lat="42.2268600" lon="12.7026500"></trkpt>
      <trkpt lat="42.2268200" lon="12.7027600"></trkpt>
      <trkpt lat="42.2267800" lon="12.7028700"></trkpt>
      <trkpt lat="42.2267400" lon="12.7030100"></trkpt>
      <trkpt lat="42.2267200" lon="12.7031400"></trkpt>
      <trkpt lat="42.2267200" lon="12.7032300"></trkpt>
      <trkpt lat="42.2267400" lon="12.7033100"></trkpt>
      <trkpt lat="42.2267500" lon="12.7033900"></trkpt>
      <trkpt lat="42.2267900" lon="12.7035000"></trkpt>
      <trkpt lat="42.2267900" lon="12.7035100"></trkpt>
      <trkpt lat="42.2268200" lon="12.7036200"></trkpt>
      <trkpt lat="42.2268400" lon="12.7037500"></trkpt>
      <trkpt lat="42.2268500" lon="12.7038700"></trkpt>
      <trkpt lat="42.2268400" lon="12.7039800"></trkpt>
      <trkpt lat="42.2268400" lon="12.7040000"></trkpt>
      <trkpt lat="42.2268200" lon="12.7041100"></trkpt>
      <trkpt lat="42.2268000" lon="12.7042100"></trkpt>
      <trkpt lat="42.2268000" lon="12.7042300"></trkpt>
      <trkpt lat="42.2267400" lon="12.7043600"></trkpt>
      <trkpt lat="42.2267400" lon="12.7044600"></trkpt>
      <trkpt lat="42.2267600" lon="12.7045500"></trkpt>
      <trkpt lat="42.2267900" lon="12.7046200"></trkpt>
      <trkpt lat="42.2269600" lon="12.7048400"></trkpt>
      <trkpt lat="42.2271000" lon="12.7050000"></trkpt>
      <trkpt lat="42.2272400" lon="12.7051600"></trkpt>
      <trkpt lat="42.2274300" lon="12.7053600"></trkpt>
      <trkpt lat="42.2275200" lon="12.7054600"></trkpt>
      <trkpt lat="42.2279500" lon="12.7059900"></trkpt>
      <trkpt lat="42.2280900" lon="12.7061500"></trkpt>
      <trkpt lat="42.2282200" lon="12.7063100"></trkpt>
      <trkpt lat="42.2283500" lon="12.7064800"></trkpt>
      <trkpt lat="42.2286200" lon="12.7068000"></trkpt>
      <trkpt lat="42.2288400" lon="12.7070500"></trkpt>
      <trkpt lat="42.2289000" lon="12.7071100"></trkpt>
      <trkpt lat="42.2289500" lon="12.7071800"></trkpt>
      <trkpt lat="42.2293100" lon="12.7075600"></trkpt>
      <trkpt lat="42.2293800" lon="12.7076100"></trkpt>
      <trkpt lat="42.2294600" lon="12.7076600"></trkpt>
      <trkpt lat="42.2295000" lon="12.7076800"></trkpt>
      <trkpt lat="42.2295400" lon="12.7076900"></trkpt>
      <trkpt lat="42.2295900" lon="12.7077100"></trkpt>
      <trkpt lat="42.2297900" lon="12.7077500"></trkpt>
      <trkpt lat="42.2302600" lon="12.7078000"></trkpt>
      <trkpt lat="42.2303600" lon="12.7078100"></trkpt>
      <trkpt lat="42.2305400" lon="12.7078300"></trkpt>
      <trkpt lat="42.2307200" lon="12.7078400"></trkpt>
      <trkpt lat="42.2307600" lon="12.7078500"></trkpt>
      <trkpt lat="42.2308400" lon="12.7078700"></trkpt>
      <trkpt lat="42.2309200" lon="12.7079000"></trkpt>
      <trkpt lat="42.2309400" lon="12.7079100"></trkpt>
      <trkpt lat="42.2310900" lon="12.7079800"></trkpt>
      <trkpt lat="42.2311900" lon="12.7078600"></trkpt>
      <trkpt lat="42.2315200" lon="12.7074700"></trkpt>
      <trkpt lat="42.2318200" lon="12.7071100"></trkpt>
      <trkpt lat="42.2320100" lon="12.7068800"></trkpt>
      <trkpt lat="42.2321400" lon="12.7067200"></trkpt>
      <trkpt lat="42.2322200" lon="12.7066200"></trkpt>
      <trkpt lat="42.2322800" lon="12.7065600"></trkpt>
      <trkpt lat="42.2323900" lon="12.7064200"></trkpt>
      <trkpt lat="42.2324100" lon="12.7064000"></trkpt>
      <trkpt lat="42.2325500" lon="12.7062400"></trkpt>
      <trkpt lat="42.2326200" lon="12.7061800"></trkpt>
      <trkpt lat="42.2326900" lon="12.7061200"></trkpt>
      <trkpt lat="42.2327800" lon="12.7060800"></trkpt>
      <trkpt lat="42.2328700" lon="12.7060500"></trkpt>
      <trkpt lat="42.2329400" lon="12.7060400"></trkpt>
      <trkpt lat="42.2330400" lon="12.7060200"></trkpt>
      <trkpt lat="42.2330800" lon="12.7060200"></trkpt>
      <trkpt lat="42.2331400" lon="12.7060100"></trkpt>
      <trkpt lat="42.2331800" lon="12.7059900"></trkpt>
      <trkpt lat="42.2332300" lon="12.7059800"></trkpt>
      <trkpt lat="42.2332800" lon="12.7059600"></trkpt>
      <trkpt lat="42.2333700" lon="12.7058900"></trkpt>
      <trkpt lat="42.2335100" lon="12.7057700"></trkpt>
      <trkpt lat="42.2336900" lon="12.7055900"></trkpt>
      <trkpt lat="42.2339700" lon="12.7053000"></trkpt>
      <trkpt lat="42.2340500" lon="12.7052200"></trkpt>
      <trkpt lat="42.2341200" lon="12.7051500"></trkpt>
      <trkpt lat="42.2341600" lon="12.7051000"></trkpt>
      <trkpt lat="42.2343000" lon="12.7049800"></trkpt>
      <trkpt lat="42.2346300" lon="12.7046500"></trkpt>
      <trkpt lat="42.2347500" lon="12.7045200"></trkpt>
      <trkpt lat="42.2347600" lon="12.7045100"></trkpt>
      <trkpt lat="42.2351900" lon="12.7040800"></trkpt>
      <trkpt lat="42.2353400" lon="12.7039400"></trkpt>
      <trkpt lat="42.2356300" lon="12.7036500"></trkpt>
      <trkpt lat="42.2357700" lon="12.7035000"></trkpt>
      <trkpt lat="42.2359200" lon="12.7033600"></trkpt>
      <trkpt lat="42.2360600" lon="12.7032200"></trkpt>
      <trkpt lat="42.2362100" lon="12.7030700"></trkpt>
      <trkpt lat="42.2364700" lon="12.7028200"></trkpt>
      <trkpt lat="42.2366400" lon="12.7026600"></trkpt>
      <trkpt lat="42.2368600" lon="12.7030500"></trkpt>
      <trkpt lat="42.2369700" lon="12.7032400"></trkpt>
      <trkpt lat="42.2372800" lon="12.7038000"></trkpt>
      <trkpt lat="42.2376000" lon="12.7043600"></trkpt>
      <trkpt lat="42.2377400" lon="12.7045800"></trkpt>
      <trkpt lat="42.2379400" lon="12.7048600"></trkpt>
      <trkpt lat="42.2381700" lon="12.7051200"></trkpt>
      <trkpt lat="42.2383100" lon="12.7052700"></trkpt>
      <trkpt lat="42.2385400" lon="12.7055500"></trkpt>
      <trkpt lat="42.2386600" lon="12.7056600"></trkpt>
      <trkpt lat="42.2387400" lon="12.7057000"></trkpt>
      <trkpt lat="42.2388200" lon="12.7057500"></trkpt>
      <trkpt lat="42.2391100" lon="12.7058800"></trkpt>
      <trkpt lat="42.2394300" lon="12.7060000"></trkpt>
      <trkpt lat="42.2398200" lon="12.7061200"></trkpt>
      <trkpt lat="42.2403100" lon="12.7062100"></trkpt>
      <trkpt lat="42.2407100" lon="12.7063000"></trkpt>
      <trkpt lat="42.2409600" lon="12.7063100"></trkpt>
      <trkpt lat="42.2413300" lon="12.7062900"></trkpt>
      <trkpt lat="42.2419400" lon="12.7062500"></trkpt>
      <trkpt lat="42.2420500" lon="12.7062500"></trkpt>
      <trkpt lat="42.2420600" lon="12.7062500"></trkpt>
      <trkpt lat="42.2425600" lon="12.7062300"></trkpt>
      <trkpt lat="42.2431000" lon="12.7062100"></trkpt>
      <trkpt lat="42.2432600" lon="12.7062100"></trkpt>
      <trkpt lat="42.2433900" lon="12.7062100"></trkpt>
      <trkpt lat="42.2435800" lon="12.7061600"></trkpt>
      <trkpt lat="42.2436300" lon="12.7061300"></trkpt>
      <trkpt lat="42.2437900" lon="12.7060400"></trkpt>
      <trkpt lat="42.2438800" lon="12.7059900"></trkpt>
      <trkpt lat="42.2441000" lon="12.7058000"></trkpt>
      <trkpt lat="42.2441100" lon="12.7058000"></trkpt>
      <trkpt lat="42.2442200" lon="12.7057000"></trkpt>
      <trkpt lat="42.2442600" lon="12.7056800"></trkpt>
      <trkpt lat="42.2443200" lon="12.7056400"></trkpt>
      <trkpt lat="42.2444200" lon="12.7056000"></trkpt>
      <trkpt lat="42.2446400" lon="12.7055700"></trkpt>
      <trkpt lat="42.2447800" lon="12.7055600"></trkpt>
      <trkpt lat="42.2447900" lon="12.7055600"></trkpt>
      <trkpt lat="42.2449200" lon="12.7055500"></trkpt>
      <trkpt lat="42.2449600" lon="12.7055400"></trkpt>
      <trkpt lat="42.2449700" lon="12.7055300"></trkpt>
      <trkpt lat="42.2451300" lon="12.7054900"></trkpt>
      <trkpt lat="42.2451400" lon="12.7054900"></trkpt>
      <trkpt lat="42.2451500" lon="12.7054800"></trkpt>
      <trkpt lat="42.2453100" lon="12.7054200"></trkpt>
      <trkpt lat="42.2453200" lon="12.7054200"></trkpt>
      <trkpt lat="42.2453200" lon="12.7054100"></trkpt>
      <trkpt lat="42.2455800" lon="12.7052900"></trkpt>
      <trkpt lat="42.2457000" lon="12.7052400"></trkpt>
      <trkpt lat="42.2457700" lon="12.7052300"></trkpt>
      <trkpt lat="42.2458300" lon="12.7052300"></trkpt>
      <trkpt lat="42.2458500" lon="12.7052400"></trkpt>
      <trkpt lat="42.2458600" lon="12.7052400"></trkpt>
      <trkpt lat="42.2459000" lon="12.7052700"></trkpt>
      <trkpt lat="42.2459500" lon="12.7053000"></trkpt>
      <trkpt lat="42.2459800" lon="12.7053300"></trkpt>
      <trkpt lat="42.2460300" lon="12.7053500"></trkpt>
      <trkpt lat="42.2460900" lon="12.7053700"></trkpt>
      <trkpt lat="42.2461200" lon="12.7053700"></trkpt>
      <trkpt lat="42.2461800" lon="12.7053600"></trkpt>
      <trkpt lat="42.2462000" lon="12.7053600"></trkpt>
      <trkpt lat="42.2462400" lon="12.7053400"></trkpt>
      <trkpt lat="42.2464400" lon="12.7051700"></trkpt>
      <trkpt lat="42.2464400" lon="12.7051600"></trkpt>
      <trkpt lat="42.2466000" lon="12.7050400"></trkpt>
      <trkpt lat="42.2474300" lon="12.7043000"></trkpt>
      <trkpt lat="42.2478300" lon="12.7040100"></trkpt>
      <trkpt lat="42.2479900" lon="12.7039200"></trkpt>
      <trkpt lat="42.2480700" lon="12.7038700"></trkpt>
      <trkpt lat="42.2481600" lon="12.7038500"></trkpt>
      <trkpt lat="42.2486900" lon="12.7037300"></trkpt>
      <trkpt lat="42.2488400" lon="12.7034900"></trkpt>
      <trkpt lat="42.2488500" lon="12.7034800"></trkpt>
      <trkpt lat="42.2490700" lon="12.7032500"></trkpt>
      <trkpt lat="42.2494500" lon="12.7029900"></trkpt>
      <trkpt lat="42.2496100" lon="12.7028800"></trkpt>
      <trkpt lat="42.2497600" lon="12.7027800"></trkpt>
      <trkpt lat="42.2500800" lon="12.7025200"></trkpt>
      <trkpt lat="42.2502300" lon="12.7024000"></trkpt>
      <trkpt lat="42.2502400" lon="12.7023900"></trkpt>
      <trkpt lat="42.2509900" lon="12.7017300"></trkpt>
      <trkpt lat="42.2512900" lon="12.7014700"></trkpt>
      <trkpt lat="42.2514700" lon="12.7013100"></trkpt>
      <trkpt lat="42.2515400" lon="12.7012500"></trkpt>
      <trkpt lat="42.2516300" lon="12.7012000"></trkpt>
      <trkpt lat="42.2517100" lon="12.7011800"></trkpt>
      <trkpt lat="42.2518200" lon="12.7011800"></trkpt>
      <trkpt lat="42.2521100" lon="12.7012900"></trkpt>
      <trkpt lat="42.2522700" lon="12.7014100"></trkpt>
      <trkpt lat="42.2522900" lon="12.7014200"></trkpt>
      <trkpt lat="42.2524300" lon="12.7015200"></trkpt>
      <trkpt lat="42.2526500" lon="12.7016600"></trkpt>
      <trkpt lat="42.2527200" lon="12.7017200"></trkpt>
      <trkpt lat="42.2527900" lon="12.7017800"></trkpt>
      <trkpt lat="42.2530100" lon="12.7021000"></trkpt>
      <trkpt lat="42.2530900" lon="12.7022300"></trkpt>
      <trkpt lat="42.2531400" lon="12.7023000"></trkpt>
      <trkpt lat="42.2531700" lon="12.7023300"></trkpt>
      <trkpt lat="42.2532100" lon="12.7023400"></trkpt>
      <trkpt lat="42.2532800" lon="12.7023500"></trkpt>
      <trkpt lat="42.2533200" lon="12.7023400"></trkpt>
      <trkpt lat="42.2533600" lon="12.7023300"></trkpt>
      <trkpt lat="42.2534600" lon="12.7023200"></trkpt>
      <trkpt lat="42.2535900" lon="12.7023200"></trkpt>
      <trkpt lat="42.2536600" lon="12.7023400"></trkpt>
      <trkpt lat="42.2537000" lon="12.7023500"></trkpt>
      <trkpt lat="42.2538400" lon="12.7024100"></trkpt>
      <trkpt lat="42.2540000" lon="12.7025500"></trkpt>
      <trkpt lat="42.2542900" lon="12.7029000"></trkpt>
      <trkpt lat="42.2543500" lon="12.7029700"></trkpt>
      <trkpt lat="42.2544800" lon="12.7031400"></trkpt>
      <trkpt lat="42.2546800" lon="12.7033800"></trkpt>
      <trkpt lat="42.2550200" lon="12.7038000"></trkpt>
      <trkpt lat="42.2550400" lon="12.7038300"></trkpt>
      <trkpt lat="42.2551200" lon="12.7039200"></trkpt>
      <trkpt lat="42.2551400" lon="12.7039400"></trkpt>
      <trkpt lat="42.2551500" lon="12.7039500"></trkpt>
      <trkpt lat="42.2551700" lon="12.7039500"></trkpt>
      <trkpt lat="42.2552100" lon="12.7039500"></trkpt>
      <trkpt lat="42.2552300" lon="12.7039300"></trkpt>
      <trkpt lat="42.2552500" lon="12.7038900"></trkpt>
      <trkpt lat="42.2552500" lon="12.7038400"></trkpt>
      <trkpt lat="42.2552400" lon="12.7038100"></trkpt>
      <trkpt lat="42.2551500" lon="12.7036000"></trkpt>
      <trkpt lat="42.2551300" lon="12.7035600"></trkpt>
      <trkpt lat="42.2550600" lon="12.7033900"></trkpt>
      <trkpt lat="42.2547000" lon="12.7025500"></trkpt>
      <trkpt lat="42.2546800" lon="12.7025100"></trkpt>
      <trkpt lat="42.2545500" lon="12.7022200"></trkpt>
      <trkpt lat="42.2543300" lon="12.7018200"></trkpt>
      <trkpt lat="42.2542600" lon="12.7017200"></trkpt>
      <trkpt lat="42.2541700" lon="12.7015700"></trkpt>
      <trkpt lat="42.2541400" lon="12.7015400"></trkpt>
      <trkpt lat="42.2540300" lon="12.7013600"></trkpt>
      <trkpt lat="42.2540100" lon="12.7013200"></trkpt>
      <trkpt lat="42.2540100" lon="12.7012700"></trkpt>
      <trkpt lat="42.2540100" lon="12.7012200"></trkpt>
      <trkpt lat="42.2540400" lon="12.7011300"></trkpt>
      <trkpt lat="42.2541000" lon="12.7010800"></trkpt>
      <trkpt lat="42.2541300" lon="12.7010600"></trkpt>
      <trkpt lat="42.2541600" lon="12.7010600"></trkpt>
      <trkpt lat="42.2542000" lon="12.7010600"></trkpt>
      <trkpt lat="42.2542400" lon="12.7010700"></trkpt>
      <trkpt lat="42.2543400" lon="12.7011200"></trkpt>
      <trkpt lat="42.2548400" lon="12.7013800"></trkpt>
      <trkpt lat="42.2552200" lon="12.7015800"></trkpt>
      <trkpt lat="42.2553100" lon="12.7016200"></trkpt>
      <trkpt lat="42.2553700" lon="12.7015700"></trkpt>
      <trkpt lat="42.2554400" lon="12.7015300"></trkpt>
      <trkpt lat="42.2555800" lon="12.7014300"></trkpt>
      <trkpt lat="42.2555900" lon="12.7014200"></trkpt>
      <trkpt lat="42.2556300" lon="12.7014000"></trkpt>
      <trkpt lat="42.2557300" lon="12.7013400"></trkpt>
      <trkpt lat="42.2557600" lon="12.7013200"></trkpt>
      <trkpt lat="42.2558000" lon="12.7013000"></trkpt>
      <trkpt lat="42.2559300" lon="12.7012300"></trkpt>
      <trkpt lat="42.2559400" lon="12.7012300"></trkpt>
      <trkpt lat="42.2560700" lon="12.7011800"></trkpt>
      <trkpt lat="42.2562500" lon="12.7011500"></trkpt>
      <trkpt lat="42.2564300" lon="12.7011300"></trkpt>
      <trkpt lat="42.2565000" lon="12.7011300"></trkpt>
      <trkpt lat="42.2568500" lon="12.7010900"></trkpt>
      <trkpt lat="42.2569600" lon="12.7010800"></trkpt>
      <trkpt lat="42.2575100" lon="12.7010100"></trkpt>
      <trkpt lat="42.2575500" lon="12.7010100"></trkpt>
      <trkpt lat="42.2578300" lon="12.7009700"></trkpt>
      <trkpt lat="42.2580300" lon="12.7008800"></trkpt>
      <trkpt lat="42.2580800" lon="12.7008600"></trkpt>
      <trkpt lat="42.2582100" lon="12.7007700"></trkpt>
      <trkpt lat="42.2582900" lon="12.7007100"></trkpt>
      <trkpt lat="42.2583200" lon="12.7006600"></trkpt>
      <trkpt lat="42.2583300" lon="12.7006200"></trkpt>
      <trkpt lat="42.2583400" lon="12.7005600"></trkpt>
      <trkpt lat="42.2583200" lon="12.7001500"></trkpt>
      <trkpt lat="42.2582800" lon="12.7000300"></trkpt>
      <trkpt lat="42.2582400" lon="12.6999500"></trkpt>
      <trkpt lat="42.2581900" lon="12.6999000"></trkpt>
      <trkpt lat="42.2581200" lon="12.6998700"></trkpt>
      <trkpt lat="42.2580700" lon="12.6998500"></trkpt>
      <trkpt lat="42.2579800" lon="12.6998500"></trkpt>
      <trkpt lat="42.2579300" lon="12.6998600"></trkpt>
      <trkpt lat="42.2579000" lon="12.6998700"></trkpt>
      <trkpt lat="42.2578800" lon="12.6998800"></trkpt>
      <trkpt lat="42.2578100" lon="12.6999400"></trkpt>
      <trkpt lat="42.2577700" lon="12.6999600"></trkpt>
      <trkpt lat="42.2577600" lon="12.6999700"></trkpt>
      <trkpt lat="42.2577300" lon="12.6999700"></trkpt>
      <trkpt lat="42.2576300" lon="12.6999900"></trkpt>
      <trkpt lat="42.2575000" lon="12.6999600"></trkpt>
      <trkpt lat="42.2574600" lon="12.6999400"></trkpt>
      <trkpt lat="42.2574100" lon="12.6999100"></trkpt>
      <trkpt lat="42.2574000" lon="12.6998900"></trkpt>
      <trkpt lat="42.2573400" lon="12.6998500"></trkpt>
      <trkpt lat="42.2573200" lon="12.6998100"></trkpt>
      <trkpt lat="42.2572900" lon="12.6997700"></trkpt>
      <trkpt lat="42.2572500" lon="12.6996600"></trkpt>
      <trkpt lat="42.2572300" lon="12.6996000"></trkpt>
      <trkpt lat="42.2572200" lon="12.6995400"></trkpt>
      <trkpt lat="42.2572200" lon="12.6995200"></trkpt>
      <trkpt lat="42.2572000" lon="12.6992600"></trkpt>
      <trkpt lat="42.2572000" lon="12.6980400"></trkpt>
      <trkpt lat="42.2571900" lon="12.6980100"></trkpt>
      <trkpt lat="42.2571800" lon="12.6979700"></trkpt>
      <trkpt lat="42.2571500" lon="12.6979300"></trkpt>
      <trkpt lat="42.2571400" lon="12.6979100"></trkpt>
      <trkpt lat="42.2571200" lon="12.6979000"></trkpt>
      <trkpt lat="42.2570700" lon="12.6978800"></trkpt>
      <trkpt lat="42.2569500" lon="12.6978500"></trkpt>
      <trkpt lat="42.2567800" lon="12.6978200"></trkpt>
      <trkpt lat="42.2566300" lon="12.6978200"></trkpt>
      <trkpt lat="42.2565200" lon="12.6978100"></trkpt>
      <trkpt lat="42.2563800" lon="12.6978100"></trkpt>
      <trkpt lat="42.2563000" lon="12.6978000"></trkpt>
      <trkpt lat="42.2562200" lon="12.6977700"></trkpt>
      <trkpt lat="42.2561400" lon="12.6977400"></trkpt>
      <trkpt lat="42.2560800" lon="12.6977200"></trkpt>
      <trkpt lat="42.2560300" lon="12.6976800"></trkpt>
      <trkpt lat="42.2559900" lon="12.6976200"></trkpt>
      <trkpt lat="42.2559500" lon="12.6975500"></trkpt>
      <trkpt lat="42.2559100" lon="12.6974100"></trkpt>
      <trkpt lat="42.2558900" lon="12.6972000"></trkpt>
      <trkpt lat="42.2558900" lon="12.6969200"></trkpt>
      <trkpt lat="42.2559100" lon="12.6967100"></trkpt>
      <trkpt lat="42.2559100" lon="12.6967000"></trkpt>
      <trkpt lat="42.2559400" lon="12.6965100"></trkpt>
      <trkpt lat="42.2559500" lon="12.6964800"></trkpt>
      <trkpt lat="42.2559800" lon="12.6964000"></trkpt>
      <trkpt lat="42.2560000" lon="12.6963400"></trkpt>
      <trkpt lat="42.2560500" lon="12.6962600"></trkpt>
      <trkpt lat="42.2561200" lon="12.6961700"></trkpt>
      <trkpt lat="42.2561600" lon="12.6961400"></trkpt>
      <trkpt lat="42.2562000" lon="12.6961000"></trkpt>
      <trkpt lat="42.2563400" lon="12.6960100"></trkpt>
      <trkpt lat="42.2565100" lon="12.6959100"></trkpt>
      <trkpt lat="42.2567700" lon="12.6957400"></trkpt>
      <trkpt lat="42.2568300" lon="12.6957000"></trkpt>
      <trkpt lat="42.2571200" lon="12.6954700"></trkpt>
      <trkpt lat="42.2572700" lon="12.6953400"></trkpt>
      <trkpt lat="42.2573000" lon="12.6953200"></trkpt>
      <trkpt lat="42.2574300" lon="12.6952300"></trkpt>
      <trkpt lat="42.2575800" lon="12.6951200"></trkpt>
      <trkpt lat="42.2577800" lon="12.6948700"></trkpt>
      <trkpt lat="42.2580400" lon="12.6944800"></trkpt>
      <trkpt lat="42.2582100" lon="12.6942300"></trkpt>
      <trkpt lat="42.2584900" lon="12.6937100"></trkpt>
      <trkpt lat="42.2585100" lon="12.6936500"></trkpt>
      <trkpt lat="42.2585100" lon="12.6935700"></trkpt>
      <trkpt lat="42.2585100" lon="12.6934600"></trkpt>
      <trkpt lat="42.2585100" lon="12.6934000"></trkpt>
      <trkpt lat="42.2585000" lon="12.6933900"></trkpt>
      <trkpt lat="42.2584900" lon="12.6933500"></trkpt>
      <trkpt lat="42.2584700" lon="12.6932900"></trkpt>
      <trkpt lat="42.2584300" lon="12.6932300"></trkpt>
      <trkpt lat="42.2584000" lon="12.6932000"></trkpt>
      <trkpt lat="42.2583800" lon="12.6931700"></trkpt>
      <trkpt lat="42.2583100" lon="12.6931400"></trkpt>
      <trkpt lat="42.2582500" lon="12.6931300"></trkpt>
      <trkpt lat="42.2582300" lon="12.6931300"></trkpt>
      <trkpt lat="42.2581300" lon="12.6931200"></trkpt>
      <trkpt lat="42.2580500" lon="12.6931200"></trkpt>
      <trkpt lat="42.2579500" lon="12.6931200"></trkpt>
      <trkpt lat="42.2578700" lon="12.6931200"></trkpt>
      <trkpt lat="42.2578000" lon="12.6931000"></trkpt>
      <trkpt lat="42.2577000" lon="12.6930500"></trkpt>
      <trkpt lat="42.2576700" lon="12.6930300"></trkpt>
      <trkpt lat="42.2575100" lon="12.6929400"></trkpt>
      <trkpt lat="42.2573800" lon="12.6928400"></trkpt>
      <trkpt lat="42.2573000" lon="12.6927700"></trkpt>
      <trkpt lat="42.2571800" lon="12.6926700"></trkpt>
      <trkpt lat="42.2571500" lon="12.6926300"></trkpt>
      <trkpt lat="42.2571200" lon="12.6925800"></trkpt>
      <trkpt lat="42.2571100" lon="12.6925400"></trkpt>
      <trkpt lat="42.2571000" lon="12.6925200"></trkpt>
      <trkpt lat="42.2570500" lon="12.6922900"></trkpt>
      <trkpt lat="42.2570100" lon="12.6920300"></trkpt>
      <trkpt lat="42.2570100" lon="12.6919800"></trkpt>
      <trkpt lat="42.2569400" lon="12.6913200"></trkpt>
      <trkpt lat="42.2569400" lon="12.6912400"></trkpt>
      <trkpt lat="42.2569500" lon="12.6911600"></trkpt>
      <trkpt lat="42.2569900" lon="12.6910500"></trkpt>
      <trkpt lat="42.2570300" lon="12.6909500"></trkpt>
      <trkpt lat="42.2570800" lon="12.6908900"></trkpt>
      <trkpt lat="42.2571000" lon="12.6908700"></trkpt>
      <trkpt lat="42.2571200" lon="12.6908600"></trkpt>
      <trkpt lat="42.2572800" lon="12.6907300"></trkpt>
      <trkpt lat="42.2573800" lon="12.6906400"></trkpt>
      <trkpt lat="42.2574400" lon="12.6905800"></trkpt>
      <trkpt lat="42.2574800" lon="12.6905400"></trkpt>
      <trkpt lat="42.2575100" lon="12.6905000"></trkpt>
      <trkpt lat="42.2575800" lon="12.6904200"></trkpt>
      <trkpt lat="42.2577200" lon="12.6902100"></trkpt>
      <trkpt lat="42.2578800" lon="12.6900200"></trkpt>
      <trkpt lat="42.2579300" lon="12.6899900"></trkpt>
      <trkpt lat="42.2579700" lon="12.6899800"></trkpt>
      <trkpt lat="42.2580200" lon="12.6899900"></trkpt>
      <trkpt lat="42.2583700" lon="12.6901200"></trkpt>
      <trkpt lat="42.2585400" lon="12.6901900"></trkpt>
      <trkpt lat="42.2586400" lon="12.6902400"></trkpt>
      <trkpt lat="42.2586500" lon="12.6902400"></trkpt>
      <trkpt lat="42.2588600" lon="12.6903100"></trkpt>
      <trkpt lat="42.2588900" lon="12.6903100"></trkpt>
      <trkpt lat="42.2589100" lon="12.6903100"></trkpt>
      <trkpt lat="42.2589400" lon="12.6902900"></trkpt>
      <trkpt lat="42.2589800" lon="12.6902700"></trkpt>
      <trkpt lat="42.2590100" lon="12.6902200"></trkpt>
      <trkpt lat="42.2590200" lon="12.6901800"></trkpt>
      <trkpt lat="42.2590400" lon="12.6900900"></trkpt>
      <trkpt lat="42.2590500" lon="12.6899400"></trkpt>
      <trkpt lat="42.2591100" lon="12.6889900"></trkpt>
      <trkpt lat="42.2591100" lon="12.6883600"></trkpt>
      <trkpt lat="42.2591100" lon="12.6881200"></trkpt>
      <trkpt lat="42.2591100" lon="12.6878800"></trkpt>
      <trkpt lat="42.2591000" lon="12.6878200"></trkpt>
      <trkpt lat="42.2591000" lon="12.6878000"></trkpt>
      <trkpt lat="42.2590900" lon="12.6877800"></trkpt>
      <trkpt lat="42.2590900" lon="12.6877600"></trkpt>
      <trkpt lat="42.2590700" lon="12.6877400"></trkpt>
      <trkpt lat="42.2590500" lon="12.6877100"></trkpt>
      <trkpt lat="42.2590200" lon="12.6876800"></trkpt>
      <trkpt lat="42.2588900" lon="12.6875200"></trkpt>
      <trkpt lat="42.2587100" lon="12.6873100"></trkpt>
      <trkpt lat="42.2586100" lon="12.6872000"></trkpt>
      <trkpt lat="42.2585200" lon="12.6871000"></trkpt>
      <trkpt lat="42.2584700" lon="12.6870500"></trkpt>
      <trkpt lat="42.2584300" lon="12.6870000"></trkpt>
      <trkpt lat="42.2584000" lon="12.6869400"></trkpt>
      <trkpt lat="42.2583900" lon="12.6869000"></trkpt>
      <trkpt lat="42.2583800" lon="12.6868500"></trkpt>
      <trkpt lat="42.2583800" lon="12.6868300"></trkpt>
      <trkpt lat="42.2583700" lon="12.6867600"></trkpt>
      <trkpt lat="42.2583800" lon="12.6867200"></trkpt>
      <trkpt lat="42.2584100" lon="12.6866200"></trkpt>
      <trkpt lat="42.2584500" lon="12.6865500"></trkpt>
      <trkpt lat="42.2586100" lon="12.6863200"></trkpt>
      <trkpt lat="42.2586800" lon="12.6864100"></trkpt>
      <trkpt lat="42.2587400" lon="12.6864700"></trkpt>
      <trkpt lat="42.2587700" lon="12.6865000"></trkpt>
      <trkpt lat="42.2587700" lon="12.6865100"></trkpt>
      <trkpt lat="42.2588100" lon="12.6865500"></trkpt>
      <trkpt lat="42.2588800" lon="12.6866400"></trkpt>
      <trkpt lat="42.2589000" lon="12.6866500"></trkpt>
      <trkpt lat="42.2590400" lon="12.6868100"></trkpt>
      <trkpt lat="42.2591200" lon="12.6868800"></trkpt>
      <trkpt lat="42.2592000" lon="12.6869500"></trkpt>
      <trkpt lat="42.2592100" lon="12.6869600"></trkpt>
      <trkpt lat="42.2592900" lon="12.6870100"></trkpt>
      <trkpt lat="42.2598000" lon="12.6873700"></trkpt>
      <trkpt lat="42.2598500" lon="12.6873900"></trkpt>
      <trkpt lat="42.2600300" lon="12.6874800"></trkpt>
      <trkpt lat="42.2601600" lon="12.6875500"></trkpt>
      <trkpt lat="42.2602400" lon="12.6875700"></trkpt>
      <trkpt lat="42.2603700" lon="12.6875600"></trkpt>
      <trkpt lat="42.2604300" lon="12.6875600"></trkpt>
      <trkpt lat="42.2604900" lon="12.6875400"></trkpt>
      <trkpt lat="42.2605600" lon="12.6875100"></trkpt>
      <trkpt lat="42.2606500" lon="12.6874700"></trkpt>
      <trkpt lat="42.2606900" lon="12.6874300"></trkpt>
      <trkpt lat="42.2607000" lon="12.6874200"></trkpt>
      <trkpt lat="42.2607100" lon="12.6874000"></trkpt>
      <trkpt lat="42.2607500" lon="12.6873500"></trkpt>
      <trkpt lat="42.2607800" lon="12.6872900"></trkpt>
      <trkpt lat="42.2608500" lon="12.6870900"></trkpt>
      <trkpt lat="42.2609200" lon="12.6869200"></trkpt>
      <trkpt lat="42.2609800" lon="12.6867700"></trkpt>
      <trkpt lat="42.2609900" lon="12.6867300"></trkpt>
      <trkpt lat="42.2610000" lon="12.6867200"></trkpt>
      <trkpt lat="42.2610600" lon="12.6866100"></trkpt>
      <trkpt lat="42.2611300" lon="12.6864600"></trkpt>
      <trkpt lat="42.2611700" lon="12.6863900"></trkpt>
      <trkpt lat="42.2611900" lon="12.6863400"></trkpt>
      <trkpt lat="42.2612000" lon="12.6863300"></trkpt>
      <trkpt lat="42.2612800" lon="12.6862200"></trkpt>
      <trkpt lat="42.2613800" lon="12.6861700"></trkpt>
      <trkpt lat="42.2614800" lon="12.6861300"></trkpt>
      <trkpt lat="42.2615800" lon="12.6861000"></trkpt>
      <trkpt lat="42.2616500" lon="12.6861100"></trkpt>
      <trkpt lat="42.2617300" lon="12.6861200"></trkpt>
      <trkpt lat="42.2617600" lon="12.6861300"></trkpt>
      <trkpt lat="42.2620400" lon="12.6862000"></trkpt>
      <trkpt lat="42.2622800" lon="12.6862700"></trkpt>
      <trkpt lat="42.2623400" lon="12.6863100"></trkpt>
      <trkpt lat="42.2623700" lon="12.6863300"></trkpt>
      <trkpt lat="42.2624800" lon="12.6864500"></trkpt>
      <trkpt lat="42.2625000" lon="12.6864600"></trkpt>
      <trkpt lat="42.2626100" lon="12.6866700"></trkpt>
      <trkpt lat="42.2626900" lon="12.6868500"></trkpt>
      <trkpt lat="42.2627700" lon="12.6870600"></trkpt>
      <trkpt lat="42.2628100" lon="12.6871500"></trkpt>
      <trkpt lat="42.2628600" lon="12.6872700"></trkpt>
      <trkpt lat="42.2629600" lon="12.6875100"></trkpt>
      <trkpt lat="42.2630700" lon="12.6877300"></trkpt>
      <trkpt lat="42.2631700" lon="12.6879000"></trkpt>
      <trkpt lat="42.2632300" lon="12.6879500"></trkpt>
      <trkpt lat="42.2633200" lon="12.6880400"></trkpt>
      <trkpt lat="42.2633900" lon="12.6881000"></trkpt>
      <trkpt lat="42.2635400" lon="12.6882300"></trkpt>
      <trkpt lat="42.2637000" lon="12.6883600"></trkpt>
      <trkpt lat="42.2638500" lon="12.6884800"></trkpt>
      <trkpt lat="42.2640000" lon="12.6886100"></trkpt>
      <trkpt lat="42.2641600" lon="12.6887400"></trkpt>
      <trkpt lat="42.2642100" lon="12.6887900"></trkpt>
      <trkpt lat="42.2643000" lon="12.6888900"></trkpt>
      <trkpt lat="42.2643600" lon="12.6889600"></trkpt>
      <trkpt lat="42.2644300" lon="12.6890600"></trkpt>
      <trkpt lat="42.2644700" lon="12.6891200"></trkpt>
      <trkpt lat="42.2646600" lon="12.6894400"></trkpt>
      <trkpt lat="42.2647300" lon="12.6895500"></trkpt>
      <trkpt lat="42.2647700" lon="12.6896300"></trkpt>
      <trkpt lat="42.2648300" lon="12.6896800"></trkpt>
      <trkpt lat="42.2648600" lon="12.6897100"></trkpt>
      <trkpt lat="42.2649200" lon="12.6897400"></trkpt>
      <trkpt lat="42.2652100" lon="12.6896100"></trkpt>
      <trkpt lat="42.2652800" lon="12.6895500"></trkpt>
      <trkpt lat="42.2653400" lon="12.6894900"></trkpt>
      <trkpt lat="42.2653800" lon="12.6894500"></trkpt>
      <trkpt lat="42.2654400" lon="12.6893800"></trkpt>
      <trkpt lat="42.2655200" lon="12.6892700"></trkpt>
      <trkpt lat="42.2655900" lon="12.6891000"></trkpt>
      <trkpt lat="42.2656200" lon="12.6889700"></trkpt>
      <trkpt lat="42.2656200" lon="12.6888500"></trkpt>
      <trkpt lat="42.2656200" lon="12.6886600"></trkpt>
      <trkpt lat="42.2656000" lon="12.6885100"></trkpt>
      <trkpt lat="42.2654100" lon="12.6873600"></trkpt>
      <trkpt lat="42.2654000" lon="12.6873300"></trkpt>
      <trkpt lat="42.2651700" lon="12.6859700"></trkpt>
      <trkpt lat="42.2652400" lon="12.6859100"></trkpt>
      <trkpt lat="42.2653000" lon="12.6858500"></trkpt>
      <trkpt lat="42.2652600" lon="12.6858200"></trkpt>
      <trkpt lat="42.2653000" lon="12.6858500"></trkpt>
      <trkpt lat="42.2652400" lon="12.6859100"></trkpt>
      <trkpt lat="42.2651700" lon="12.6859700"></trkpt>
      <trkpt lat="42.2651400" lon="12.6859900"></trkpt>
      <trkpt lat="42.2651300" lon="12.6860000"></trkpt>
      <trkpt lat="42.2651200" lon="12.6860100"></trkpt>
      <trkpt lat="42.2651200" lon="12.6860200"></trkpt>
      <trkpt lat="42.2651100" lon="12.6860300"></trkpt>
      <trkpt lat="42.2651100" lon="12.6860500"></trkpt>
      <trkpt lat="42.2651000" lon="12.6860600"></trkpt>
      <trkpt lat="42.2650800" lon="12.6861800"></trkpt>
      <trkpt lat="42.2650700" lon="12.6861900"></trkpt>
      <trkpt lat="42.2650700" lon="12.6862000"></trkpt>
      <trkpt lat="42.2650600" lon="12.6863200"></trkpt>
      <trkpt lat="42.2650500" lon="12.6864300"></trkpt>
      <trkpt lat="42.2650200" lon="12.6866700"></trkpt>
      <trkpt lat="42.2650100" lon="12.6867200"></trkpt>
      <trkpt lat="42.2649600" lon="12.6869700"></trkpt>
      <trkpt lat="42.2649200" lon="12.6872300"></trkpt>
      <trkpt lat="42.2648700" lon="12.6874500"></trkpt>
      <trkpt lat="42.2648000" lon="12.6877400"></trkpt>
      <trkpt lat="42.2647200" lon="12.6879800"></trkpt>
      <trkpt lat="42.2646500" lon="12.6880600"></trkpt>
      <trkpt lat="42.2646200" lon="12.6880800"></trkpt>
      <trkpt lat="42.2645600" lon="12.6881200"></trkpt>
      <trkpt lat="42.2645000" lon="12.6881300"></trkpt>
      <trkpt lat="42.2644000" lon="12.6881500"></trkpt>
      <trkpt lat="42.2642800" lon="12.6881400"></trkpt>
      <trkpt lat="42.2642200" lon="12.6881100"></trkpt>
      <trkpt lat="42.2642100" lon="12.6881100"></trkpt>
      <trkpt lat="42.2640500" lon="12.6880700"></trkpt>
      <trkpt lat="42.2640200" lon="12.6880600"></trkpt>
      <trkpt lat="42.2638200" lon="12.6879500"></trkpt>
      <trkpt lat="42.2637400" lon="12.6879100"></trkpt>
      <trkpt lat="42.2637400" lon="12.6879000"></trkpt>
      <trkpt lat="42.2637100" lon="12.6879000"></trkpt>
      <trkpt lat="42.2636700" lon="12.6878600"></trkpt>
      <trkpt lat="42.2636500" lon="12.6878000"></trkpt>
      <trkpt lat="42.2636300" lon="12.6877300"></trkpt>
      <trkpt lat="42.2636300" lon="12.6876900"></trkpt>
      <trkpt lat="42.2636300" lon="12.6875400"></trkpt>
      <trkpt lat="42.2636200" lon="12.6874600"></trkpt>
      <trkpt lat="42.2636200" lon="12.6874500"></trkpt>
      <trkpt lat="42.2636200" lon="12.6873900"></trkpt>
      <trkpt lat="42.2636200" lon="12.6873200"></trkpt>
      <trkpt lat="42.2635900" lon="12.6872300"></trkpt>
      <trkpt lat="42.2635500" lon="12.6871700"></trkpt>
      <trkpt lat="42.2634900" lon="12.6871200"></trkpt>
      <trkpt lat="42.2631000" lon="12.6869600"></trkpt>
      <trkpt lat="42.2630000" lon="12.6869200"></trkpt>
      <trkpt lat="42.2629500" lon="12.6869000"></trkpt>
      <trkpt lat="42.2629300" lon="12.6868700"></trkpt>
      <trkpt lat="42.2629100" lon="12.6868400"></trkpt>
      <trkpt lat="42.2629000" lon="12.6868200"></trkpt>
      <trkpt lat="42.2628000" lon="12.6866400"></trkpt>
      <trkpt lat="42.2627700" lon="12.6865800"></trkpt>
      <trkpt lat="42.2626900" lon="12.6864600"></trkpt>
      <trkpt lat="42.2626700" lon="12.6864300"></trkpt>
      <trkpt lat="42.2625500" lon="12.6863000"></trkpt>
      <trkpt lat="42.2625400" lon="12.6862900"></trkpt>
      <trkpt lat="42.2624100" lon="12.6861600"></trkpt>
      <trkpt lat="42.2623400" lon="12.6860900"></trkpt>
      <trkpt lat="42.2623100" lon="12.6860700"></trkpt>
      <trkpt lat="42.2622500" lon="12.6860600"></trkpt>
      <trkpt lat="42.2622100" lon="12.6860500"></trkpt>
      <trkpt lat="42.2621300" lon="12.6860400"></trkpt>
      <trkpt lat="42.2620700" lon="12.6860300"></trkpt>
      <trkpt lat="42.2618900" lon="12.6860100"></trkpt>
      <trkpt lat="42.2617900" lon="12.6859600"></trkpt>
      <trkpt lat="42.2617300" lon="12.6859300"></trkpt>
      <trkpt lat="42.2617200" lon="12.6859200"></trkpt>
      <trkpt lat="42.2616700" lon="12.6859000"></trkpt>
      <trkpt lat="42.2616100" lon="12.6858900"></trkpt>
      <trkpt lat="42.2615700" lon="12.6859000"></trkpt>
      <trkpt lat="42.2615500" lon="12.6859200"></trkpt>
      <trkpt lat="42.2614500" lon="12.6860100"></trkpt>
      <trkpt lat="42.2614200" lon="12.6860300"></trkpt>
      <trkpt lat="42.2613900" lon="12.6860600"></trkpt>
      <trkpt lat="42.2613200" lon="12.6861600"></trkpt>
      <trkpt lat="42.2612900" lon="12.6862100"></trkpt>
      <trkpt lat="42.2612800" lon="12.6862200"></trkpt>
      <trkpt lat="42.2612000" lon="12.6863300"></trkpt>
      <trkpt lat="42.2611900" lon="12.6863400"></trkpt>
      <trkpt lat="42.2611700" lon="12.6863900"></trkpt>
      <trkpt lat="42.2611300" lon="12.6864600"></trkpt>
      <trkpt lat="42.2610600" lon="12.6866100"></trkpt>
      <trkpt lat="42.2610000" lon="12.6867200"></trkpt>
      <trkpt lat="42.2609900" lon="12.6867300"></trkpt>
      <trkpt lat="42.2609800" lon="12.6867700"></trkpt>
      <trkpt lat="42.2609200" lon="12.6869200"></trkpt>
      <trkpt lat="42.2608500" lon="12.6870900"></trkpt>
      <trkpt lat="42.2607800" lon="12.6872900"></trkpt>
      <trkpt lat="42.2607500" lon="12.6873500"></trkpt>
      <trkpt lat="42.2607100" lon="12.6874000"></trkpt>
      <trkpt lat="42.2607000" lon="12.6874200"></trkpt>
      <trkpt lat="42.2606900" lon="12.6874300"></trkpt>
      <trkpt lat="42.2606500" lon="12.6874700"></trkpt>
      <trkpt lat="42.2605600" lon="12.6875100"></trkpt>
      <trkpt lat="42.2604900" lon="12.6875400"></trkpt>
      <trkpt lat="42.2604300" lon="12.6875600"></trkpt>
      <trkpt lat="42.2603700" lon="12.6875600"></trkpt>
      <trkpt lat="42.2602400" lon="12.6875700"></trkpt>
      <trkpt lat="42.2601600" lon="12.6875500"></trkpt>
      <trkpt lat="42.2600300" lon="12.6874800"></trkpt>
      <trkpt lat="42.2598500" lon="12.6873900"></trkpt>
      <trkpt lat="42.2598000" lon="12.6873700"></trkpt>
      <trkpt lat="42.2592900" lon="12.6870100"></trkpt>
      <trkpt lat="42.2592100" lon="12.6869600"></trkpt>
      <trkpt lat="42.2592000" lon="12.6869500"></trkpt>
      <trkpt lat="42.2591200" lon="12.6868800"></trkpt>
      <trkpt lat="42.2590400" lon="12.6868100"></trkpt>
      <trkpt lat="42.2589000" lon="12.6866500"></trkpt>
      <trkpt lat="42.2588800" lon="12.6866400"></trkpt>
      <trkpt lat="42.2588100" lon="12.6865500"></trkpt>
      <trkpt lat="42.2587700" lon="12.6865100"></trkpt>
      <trkpt lat="42.2587700" lon="12.6865000"></trkpt>
      <trkpt lat="42.2587400" lon="12.6864700"></trkpt>
      <trkpt lat="42.2586800" lon="12.6864100"></trkpt>
      <trkpt lat="42.2586100" lon="12.6863200"></trkpt>
      <trkpt lat="42.2584500" lon="12.6858900"></trkpt>
      <trkpt lat="42.2584400" lon="12.6858600"></trkpt>
      <trkpt lat="42.2583600" lon="12.6856400"></trkpt>
      <trkpt lat="42.2583000" lon="12.6854500"></trkpt>
      <trkpt lat="42.2582000" lon="12.6851800"></trkpt>
      <trkpt lat="42.2581000" lon="12.6849700"></trkpt>
      <trkpt lat="42.2580300" lon="12.6848400"></trkpt>
      <trkpt lat="42.2580000" lon="12.6847800"></trkpt>
      <trkpt lat="42.2579400" lon="12.6847000"></trkpt>
      <trkpt lat="42.2579100" lon="12.6846500"></trkpt>
      <trkpt lat="42.2578400" lon="12.6845800"></trkpt>
      <trkpt lat="42.2578200" lon="12.6845600"></trkpt>
      <trkpt lat="42.2577200" lon="12.6844800"></trkpt>
      <trkpt lat="42.2576900" lon="12.6844500"></trkpt>
      <trkpt lat="42.2576800" lon="12.6844400"></trkpt>
      <trkpt lat="42.2575800" lon="12.6843500"></trkpt>
      <trkpt lat="42.2574000" lon="12.6842200"></trkpt>
      <trkpt lat="42.2573800" lon="12.6842100"></trkpt>
      <trkpt lat="42.2572600" lon="12.6841200"></trkpt>
      <trkpt lat="42.2571700" lon="12.6840600"></trkpt>
      <trkpt lat="42.2570600" lon="12.6839900"></trkpt>
      <trkpt lat="42.2570100" lon="12.6839600"></trkpt>
      <trkpt lat="42.2569900" lon="12.6839500"></trkpt>
      <trkpt lat="42.2569100" lon="12.6839100"></trkpt>
      <trkpt lat="42.2567400" lon="12.6838200"></trkpt>
      <trkpt lat="42.2567300" lon="12.6838200"></trkpt>
      <trkpt lat="42.2566900" lon="12.6838000"></trkpt>
      <trkpt lat="42.2565900" lon="12.6837700"></trkpt>
      <trkpt lat="42.2564400" lon="12.6837300"></trkpt>
      <trkpt lat="42.2563600" lon="12.6837100"></trkpt>
      <trkpt lat="42.2563100" lon="12.6837000"></trkpt>
      <trkpt lat="42.2558800" lon="12.6836100"></trkpt>
      <trkpt lat="42.2558000" lon="12.6835700"></trkpt>
      <trkpt lat="42.2557700" lon="12.6835500"></trkpt>
      <trkpt lat="42.2557700" lon="12.6835400"></trkpt>
      <trkpt lat="42.2557400" lon="12.6835600"></trkpt>
      <trkpt lat="42.2556500" lon="12.6835800"></trkpt>
      <trkpt lat="42.2555000" lon="12.6835900"></trkpt>
      <trkpt lat="42.2551400" lon="12.6836500"></trkpt>
      <trkpt lat="42.2548900" lon="12.6836600"></trkpt>
      <trkpt lat="42.2547900" lon="12.6836600"></trkpt>
      <trkpt lat="42.2546400" lon="12.6836700"></trkpt>
      <trkpt lat="42.2545700" lon="12.6837000"></trkpt>
      <trkpt lat="42.2545500" lon="12.6837100"></trkpt>
      <trkpt lat="42.2545200" lon="12.6837300"></trkpt>
      <trkpt lat="42.2545100" lon="12.6837300"></trkpt>
      <trkpt lat="42.2545000" lon="12.6837500"></trkpt>
      <trkpt lat="42.2544700" lon="12.6837700"></trkpt>
      <trkpt lat="42.2544600" lon="12.6837900"></trkpt>
      <trkpt lat="42.2544500" lon="12.6838000"></trkpt>
      <trkpt lat="42.2544400" lon="12.6838200"></trkpt>
      <trkpt lat="42.2544300" lon="12.6838400"></trkpt>
      <trkpt lat="42.2544300" lon="12.6838500"></trkpt>
      <trkpt lat="42.2544200" lon="12.6838600"></trkpt>
      <trkpt lat="42.2544200" lon="12.6838800"></trkpt>
      <trkpt lat="42.2544100" lon="12.6839000"></trkpt>
      <trkpt lat="42.2544100" lon="12.6839200"></trkpt>
      <trkpt lat="42.2544100" lon="12.6839500"></trkpt>
      <trkpt lat="42.2544100" lon="12.6839700"></trkpt>
      <trkpt lat="42.2544100" lon="12.6839900"></trkpt>
      <trkpt lat="42.2544100" lon="12.6840100"></trkpt>
      <trkpt lat="42.2544200" lon="12.6840200"></trkpt>
      <trkpt lat="42.2544200" lon="12.6840300"></trkpt>
      <trkpt lat="42.2544200" lon="12.6840400"></trkpt>
      <trkpt lat="42.2544900" lon="12.6842300"></trkpt>
      <trkpt lat="42.2545500" lon="12.6844100"></trkpt>
      <trkpt lat="42.2546200" lon="12.6845700"></trkpt>
      <trkpt lat="42.2546400" lon="12.6846500"></trkpt>
      <trkpt lat="42.2546500" lon="12.6847400"></trkpt>
      <trkpt lat="42.2546600" lon="12.6848600"></trkpt>
      <trkpt lat="42.2546600" lon="12.6849600"></trkpt>
      <trkpt lat="42.2546600" lon="12.6850000"></trkpt>
      <trkpt lat="42.2546400" lon="12.6851000"></trkpt>
      <trkpt lat="42.2546300" lon="12.6851300"></trkpt>
      <trkpt lat="42.2546100" lon="12.6851500"></trkpt>
      <trkpt lat="42.2546100" lon="12.6851600"></trkpt>
      <trkpt lat="42.2545900" lon="12.6851800"></trkpt>
      <trkpt lat="42.2545600" lon="12.6852000"></trkpt>
      <trkpt lat="42.2545300" lon="12.6852200"></trkpt>
      <trkpt lat="42.2543200" lon="12.6852700"></trkpt>
      <trkpt lat="42.2541400" lon="12.6853000"></trkpt>
      <trkpt lat="42.2541000" lon="12.6853100"></trkpt>
      <trkpt lat="42.2539000" lon="12.6853700"></trkpt>
      <trkpt lat="42.2537500" lon="12.6854700"></trkpt>
      <trkpt lat="42.2537200" lon="12.6854900"></trkpt>
      <trkpt lat="42.2535500" lon="12.6855600"></trkpt>
      <trkpt lat="42.2533300" lon="12.6856700"></trkpt>
      <trkpt lat="42.2529100" lon="12.6859100"></trkpt>
      <trkpt lat="42.2528400" lon="12.6859600"></trkpt>
      <trkpt lat="42.2526700" lon="12.6860900"></trkpt>
      <trkpt lat="42.2525400" lon="12.6862200"></trkpt>
      <trkpt lat="42.2525400" lon="12.6862300"></trkpt>
      <trkpt lat="42.2524700" lon="12.6863100"></trkpt>
      <trkpt lat="42.2524400" lon="12.6863900"></trkpt>
      <trkpt lat="42.2524300" lon="12.6864200"></trkpt>
      <trkpt lat="42.2524000" lon="12.6864900"></trkpt>
      <trkpt lat="42.2523800" lon="12.6865700"></trkpt>
      <trkpt lat="42.2523700" lon="12.6867000"></trkpt>
      <trkpt lat="42.2523600" lon="12.6868700"></trkpt>
      <trkpt lat="42.2523700" lon="12.6871100"></trkpt>
      <trkpt lat="42.2523600" lon="12.6872200"></trkpt>
      <trkpt lat="42.2523500" lon="12.6873100"></trkpt>
      <trkpt lat="42.2523400" lon="12.6873700"></trkpt>
      <trkpt lat="42.2523300" lon="12.6874200"></trkpt>
      <trkpt lat="42.2523100" lon="12.6874900"></trkpt>
      <trkpt lat="42.2522900" lon="12.6875600"></trkpt>
      <trkpt lat="42.2522600" lon="12.6875900"></trkpt>
      <trkpt lat="42.2522500" lon="12.6876100"></trkpt>
      <trkpt lat="42.2522000" lon="12.6876500"></trkpt>
      <trkpt lat="42.2521600" lon="12.6876700"></trkpt>
      <trkpt lat="42.2521100" lon="12.6876900"></trkpt>
      <trkpt lat="42.2519900" lon="12.6877100"></trkpt>
      <trkpt lat="42.2518500" lon="12.6877100"></trkpt>
      <trkpt lat="42.2517000" lon="12.6877000"></trkpt>
      <trkpt lat="42.2516700" lon="12.6877000"></trkpt>
      <trkpt lat="42.2514900" lon="12.6877100"></trkpt>
      <trkpt lat="42.2514800" lon="12.6877100"></trkpt>
      <trkpt lat="42.2513300" lon="12.6877200"></trkpt>
      <trkpt lat="42.2512500" lon="12.6876900"></trkpt>
      <trkpt lat="42.2512400" lon="12.6876900"></trkpt>
      <trkpt lat="42.2510900" lon="12.6877100"></trkpt>
      <trkpt lat="42.2510700" lon="12.6877100"></trkpt>
      <trkpt lat="42.2509400" lon="12.6877200"></trkpt>
      <trkpt lat="42.2508900" lon="12.6877200"></trkpt>
      <trkpt lat="42.2507500" lon="12.6877300"></trkpt>
      <trkpt lat="42.2507100" lon="12.6877300"></trkpt>
      <trkpt lat="42.2506400" lon="12.6876700"></trkpt>
      <trkpt lat="42.2505900" lon="12.6875900"></trkpt>
      <trkpt lat="42.2505600" lon="12.6875100"></trkpt>
      <trkpt lat="42.2505300" lon="12.6874200"></trkpt>
      <trkpt lat="42.2505100" lon="12.6873500"></trkpt>
      <trkpt lat="42.2504900" lon="12.6873000"></trkpt>
      <trkpt lat="42.2504600" lon="12.6872100"></trkpt>
      <trkpt lat="42.2503800" lon="12.6869500"></trkpt>
      <trkpt lat="42.2503700" lon="12.6869100"></trkpt>
      <trkpt lat="42.2503100" lon="12.6867200"></trkpt>
      <trkpt lat="42.2503000" lon="12.6866700"></trkpt>
      <trkpt lat="42.2502500" lon="12.6864300"></trkpt>
      <trkpt lat="42.2502200" lon="12.6862500"></trkpt>
      <trkpt lat="42.2502100" lon="12.6862100"></trkpt>
      <trkpt lat="42.2502000" lon="12.6860100"></trkpt>
      <trkpt lat="42.2502000" lon="12.6859800"></trkpt>
      <trkpt lat="42.2501700" lon="12.6857700"></trkpt>
      <trkpt lat="42.2500500" lon="12.6852600"></trkpt>
      <trkpt lat="42.2500200" lon="12.6851700"></trkpt>
      <trkpt lat="42.2499900" lon="12.6850600"></trkpt>
      <trkpt lat="42.2499700" lon="12.6849900"></trkpt>
      <trkpt lat="42.2499300" lon="12.6849000"></trkpt>
      <trkpt lat="42.2499200" lon="12.6848900"></trkpt>
      <trkpt lat="42.2499100" lon="12.6848900"></trkpt>
      <trkpt lat="42.2498900" lon="12.6848900"></trkpt>
      <trkpt lat="42.2498800" lon="12.6848900"></trkpt>
      <trkpt lat="42.2498600" lon="12.6849000"></trkpt>
      <trkpt lat="42.2498500" lon="12.6849100"></trkpt>
      <trkpt lat="42.2498300" lon="12.6849300"></trkpt>
      <trkpt lat="42.2498000" lon="12.6849700"></trkpt>
      <trkpt lat="42.2497800" lon="12.6850000"></trkpt>
      <trkpt lat="42.2497500" lon="12.6850900"></trkpt>
      <trkpt lat="42.2497100" lon="12.6850900"></trkpt>
      <trkpt lat="42.2496800" lon="12.6850900"></trkpt>
      <trkpt lat="42.2496400" lon="12.6850700"></trkpt>
      <trkpt lat="42.2495700" lon="12.6850500"></trkpt>
      <trkpt lat="42.2494600" lon="12.6849700"></trkpt>
      <trkpt lat="42.2494000" lon="12.6849200"></trkpt>
      <trkpt lat="42.2493700" lon="12.6849000"></trkpt>
      <trkpt lat="42.2493200" lon="12.6848500"></trkpt>
      <trkpt lat="42.2492400" lon="12.6847600"></trkpt>
      <trkpt lat="42.2492000" lon="12.6847300"></trkpt>
      <trkpt lat="42.2490800" lon="12.6846100"></trkpt>
      <trkpt lat="42.2490000" lon="12.6845200"></trkpt>
      <trkpt lat="42.2489500" lon="12.6844700"></trkpt>
      <trkpt lat="42.2489400" lon="12.6844600"></trkpt>
      <trkpt lat="42.2489100" lon="12.6844300"></trkpt>
      <trkpt lat="42.2485100" lon="12.6840100"></trkpt>
      <trkpt lat="42.2484700" lon="12.6839700"></trkpt>
      <trkpt lat="42.2484400" lon="12.6839100"></trkpt>
      <trkpt lat="42.2484200" lon="12.6838400"></trkpt>
      <trkpt lat="42.2484200" lon="12.6838300"></trkpt>
      <trkpt lat="42.2484200" lon="12.6838100"></trkpt>
      <trkpt lat="42.2484100" lon="12.6838000"></trkpt>
      <trkpt lat="42.2484000" lon="12.6837600"></trkpt>
      <trkpt lat="42.2483900" lon="12.6836400"></trkpt>
      <trkpt lat="42.2483800" lon="12.6835800"></trkpt>
      <trkpt lat="42.2483600" lon="12.6833500"></trkpt>
      <trkpt lat="42.2483600" lon="12.6833400"></trkpt>
      <trkpt lat="42.2483500" lon="12.6832600"></trkpt>
      <trkpt lat="42.2483500" lon="12.6829600"></trkpt>
      <trkpt lat="42.2483300" lon="12.6828900"></trkpt>
      <trkpt lat="42.2483300" lon="12.6828800"></trkpt>
      <trkpt lat="42.2483200" lon="12.6828600"></trkpt>
      <trkpt lat="42.2483000" lon="12.6828300"></trkpt>
      <trkpt lat="42.2480200" lon="12.6826200"></trkpt>
      <trkpt lat="42.2480100" lon="12.6826100"></trkpt>
      <trkpt lat="42.2478700" lon="12.6825000"></trkpt>
      <trkpt lat="42.2478600" lon="12.6824900"></trkpt>
      <trkpt lat="42.2478100" lon="12.6824600"></trkpt>
      <trkpt lat="42.2477800" lon="12.6824200"></trkpt>
      <trkpt lat="42.2477500" lon="12.6823800"></trkpt>
      <trkpt lat="42.2477200" lon="12.6823300"></trkpt>
      <trkpt lat="42.2476100" lon="12.6821300"></trkpt>
      <trkpt lat="42.2475000" lon="12.6819500"></trkpt>
      <trkpt lat="42.2475000" lon="12.6819400"></trkpt>
      <trkpt lat="42.2474000" lon="12.6817800"></trkpt>
      <trkpt lat="42.2473800" lon="12.6817800"></trkpt>
      <trkpt lat="42.2472100" lon="12.6817400"></trkpt>
      <trkpt lat="42.2466900" lon="12.6815900"></trkpt>
      <trkpt lat="42.2465200" lon="12.6816300"></trkpt>
      <trkpt lat="42.2464500" lon="12.6816500"></trkpt>
      <trkpt lat="42.2464100" lon="12.6816600"></trkpt>
      <trkpt lat="42.2463800" lon="12.6816500"></trkpt>
      <trkpt lat="42.2463500" lon="12.6816300"></trkpt>
      <trkpt lat="42.2463400" lon="12.6816200"></trkpt>
      <trkpt lat="42.2462900" lon="12.6815700"></trkpt>
      <trkpt lat="42.2462000" lon="12.6814200"></trkpt>
      <trkpt lat="42.2461200" lon="12.6812600"></trkpt>
      <trkpt lat="42.2460700" lon="12.6811100"></trkpt>
      <trkpt lat="42.2460100" lon="12.6809100"></trkpt>
      <trkpt lat="42.2459900" lon="12.6808100"></trkpt>
      <trkpt lat="42.2459700" lon="12.6807500"></trkpt>
      <trkpt lat="42.2459300" lon="12.6805800"></trkpt>
      <trkpt lat="42.2458700" lon="12.6803500"></trkpt>
      <trkpt lat="42.2458100" lon="12.6801200"></trkpt>
      <trkpt lat="42.2456500" lon="12.6796900"></trkpt>
      <trkpt lat="42.2454700" lon="12.6792000"></trkpt>
      <trkpt lat="42.2454200" lon="12.6791200"></trkpt>
      <trkpt lat="42.2454100" lon="12.6790600"></trkpt>
      <trkpt lat="42.2454100" lon="12.6790100"></trkpt>
      <trkpt lat="42.2454300" lon="12.6789700"></trkpt>
      <trkpt lat="42.2454700" lon="12.6789400"></trkpt>
      <trkpt lat="42.2455900" lon="12.6788900"></trkpt>
      <trkpt lat="42.2457600" lon="12.6788200"></trkpt>
      <trkpt lat="42.2459100" lon="12.6787600"></trkpt>
      <trkpt lat="42.2459300" lon="12.6787500"></trkpt>
      <trkpt lat="42.2459600" lon="12.6787300"></trkpt>
      <trkpt lat="42.2460000" lon="12.6787100"></trkpt>
      <trkpt lat="42.2460500" lon="12.6786500"></trkpt>
      <trkpt lat="42.2460800" lon="12.6786100"></trkpt>
      <trkpt lat="42.2462100" lon="12.6784500"></trkpt>
      <trkpt lat="42.2463500" lon="12.6782900"></trkpt>
      <trkpt lat="42.2464800" lon="12.6781200"></trkpt>
      <trkpt lat="42.2465100" lon="12.6780900"></trkpt>
      <trkpt lat="42.2466200" lon="12.6779700"></trkpt>
      <trkpt lat="42.2467600" lon="12.6778300"></trkpt>
      <trkpt lat="42.2468100" lon="12.6777800"></trkpt>
      <trkpt lat="42.2468500" lon="12.6777300"></trkpt>
      <trkpt lat="42.2468800" lon="12.6776600"></trkpt>
      <trkpt lat="42.2469100" lon="12.6776100"></trkpt>
      <trkpt lat="42.2469600" lon="12.6774300"></trkpt>
      <trkpt lat="42.2470300" lon="12.6772100"></trkpt>
      <trkpt lat="42.2470300" lon="12.6772000"></trkpt>
      <trkpt lat="42.2470500" lon="12.6771300"></trkpt>
      <trkpt lat="42.2470800" lon="12.6770800"></trkpt>
      <trkpt lat="42.2471200" lon="12.6770000"></trkpt>
      <trkpt lat="42.2471300" lon="12.6769700"></trkpt>
      <trkpt lat="42.2472400" lon="12.6768200"></trkpt>
      <trkpt lat="42.2473500" lon="12.6766700"></trkpt>
      <trkpt lat="42.2473600" lon="12.6766400"></trkpt>
      <trkpt lat="42.2473800" lon="12.6766100"></trkpt>
      <trkpt lat="42.2474200" lon="12.6765700"></trkpt>
      <trkpt lat="42.2475100" lon="12.6765100"></trkpt>
      <trkpt lat="42.2476800" lon="12.6764100"></trkpt>
      <trkpt lat="42.2478400" lon="12.6763000"></trkpt>
      <trkpt lat="42.2480000" lon="12.6762000"></trkpt>
      <trkpt lat="42.2480300" lon="12.6761800"></trkpt>
      <trkpt lat="42.2480700" lon="12.6761400"></trkpt>
      <trkpt lat="42.2481000" lon="12.6760900"></trkpt>
      <trkpt lat="42.2481300" lon="12.6760000"></trkpt>
      <trkpt lat="42.2481600" lon="12.6756600"></trkpt>
      <trkpt lat="42.2480300" lon="12.6750200"></trkpt>
      <trkpt lat="42.2479900" lon="12.6748000"></trkpt>
      <trkpt lat="42.2479800" lon="12.6747800"></trkpt>
      <trkpt lat="42.2479700" lon="12.6747400"></trkpt>
      <trkpt lat="42.2479500" lon="12.6746900"></trkpt>
      <trkpt lat="42.2479000" lon="12.6746000"></trkpt>
      <trkpt lat="42.2478000" lon="12.6744100"></trkpt>
      <trkpt lat="42.2476900" lon="12.6742100"></trkpt>
      <trkpt lat="42.2474800" lon="12.6738200"></trkpt>
      <trkpt lat="42.2474300" lon="12.6737000"></trkpt>
      <trkpt lat="42.2473500" lon="12.6734800"></trkpt>
      <trkpt lat="42.2472900" lon="12.6732600"></trkpt>
      <trkpt lat="42.2472300" lon="12.6730300"></trkpt>
      <trkpt lat="42.2471700" lon="12.6728000"></trkpt>
      <trkpt lat="42.2471100" lon="12.6725700"></trkpt>
      <trkpt lat="42.2470400" lon="12.6722700"></trkpt>
      <trkpt lat="42.2468600" lon="12.6718800"></trkpt>
      <trkpt lat="42.2468300" lon="12.6718400"></trkpt>
      <trkpt lat="42.2468300" lon="12.6718300"></trkpt>
      <trkpt lat="42.2468000" lon="12.6718000"></trkpt>
      <trkpt lat="42.2466700" lon="12.6717100"></trkpt>
      <trkpt lat="42.2465800" lon="12.6716700"></trkpt>
      <trkpt lat="42.2465400" lon="12.6716500"></trkpt>
      <trkpt lat="42.2465100" lon="12.6716400"></trkpt>
      <trkpt lat="42.2465000" lon="12.6716400"></trkpt>
      <trkpt lat="42.2462900" lon="12.6716300"></trkpt>
      <trkpt lat="42.2461500" lon="12.6716300"></trkpt>
      <trkpt lat="42.2457900" lon="12.6716300"></trkpt>
      <trkpt lat="42.2456300" lon="12.6715000"></trkpt>
      <trkpt lat="42.2454800" lon="12.6713800"></trkpt>
      <trkpt lat="42.2453300" lon="12.6712500"></trkpt>
      <trkpt lat="42.2451200" lon="12.6710800"></trkpt>
      <trkpt lat="42.2450900" lon="12.6710400"></trkpt>
      <trkpt lat="42.2450600" lon="12.6710000"></trkpt>
      <trkpt lat="42.2450400" lon="12.6709700"></trkpt>
      <trkpt lat="42.2449500" lon="12.6707900"></trkpt>
      <trkpt lat="42.2448800" lon="12.6705300"></trkpt>
      <trkpt lat="42.2448300" lon="12.6703000"></trkpt>
      <trkpt lat="42.2447900" lon="12.6701700"></trkpt>
      <trkpt lat="42.2445600" lon="12.6694300"></trkpt>
      <trkpt lat="42.2445600" lon="12.6694000"></trkpt>
      <trkpt lat="42.2444900" lon="12.6692000"></trkpt>
      <trkpt lat="42.2444800" lon="12.6691600"></trkpt>
      <trkpt lat="42.2444600" lon="12.6691000"></trkpt>
      <trkpt lat="42.2444200" lon="12.6690400"></trkpt>
      <trkpt lat="42.2443800" lon="12.6689800"></trkpt>
      <trkpt lat="42.2443500" lon="12.6689400"></trkpt>
      <trkpt lat="42.2443100" lon="12.6688800"></trkpt>
      <trkpt lat="42.2441300" lon="12.6686800"></trkpt>
      <trkpt lat="42.2441100" lon="12.6686600"></trkpt>
      <trkpt lat="42.2439800" lon="12.6685000"></trkpt>
      <trkpt lat="42.2438800" lon="12.6684000"></trkpt>
      <trkpt lat="42.2438600" lon="12.6683600"></trkpt>
      <trkpt lat="42.2437500" lon="12.6681700"></trkpt>
      <trkpt lat="42.2437300" lon="12.6681500"></trkpt>
      <trkpt lat="42.2436300" lon="12.6679800"></trkpt>
      <trkpt lat="42.2435200" lon="12.6677900"></trkpt>
      <trkpt lat="42.2434000" lon="12.6675800"></trkpt>
      <trkpt lat="42.2433000" lon="12.6674100"></trkpt>
      <trkpt lat="42.2432900" lon="12.6673900"></trkpt>
      <trkpt lat="42.2432500" lon="12.6673300"></trkpt>
      <trkpt lat="42.2431800" lon="12.6672200"></trkpt>
      <trkpt lat="42.2431700" lon="12.6672000"></trkpt>
      <trkpt lat="42.2430900" lon="12.6670800"></trkpt>
      <trkpt lat="42.2430600" lon="12.6670600"></trkpt>
      <trkpt lat="42.2430400" lon="12.6670600"></trkpt>
      <trkpt lat="42.2430100" lon="12.6670500"></trkpt>
      <trkpt lat="42.2430000" lon="12.6670500"></trkpt>
      <trkpt lat="42.2429800" lon="12.6670500"></trkpt>
      <trkpt lat="42.2429100" lon="12.6670600"></trkpt>
      <trkpt lat="42.2429000" lon="12.6670600"></trkpt>
      <trkpt lat="42.2427300" lon="12.6671200"></trkpt>
      <trkpt lat="42.2426100" lon="12.6671600"></trkpt>
      <trkpt lat="42.2425500" lon="12.6671800"></trkpt>
      <trkpt lat="42.2424700" lon="12.6672100"></trkpt>
      <trkpt lat="42.2423800" lon="12.6672400"></trkpt>
      <trkpt lat="42.2423100" lon="12.6672600"></trkpt>
      <trkpt lat="42.2422000" lon="12.6672800"></trkpt>
      <trkpt lat="42.2421900" lon="12.6672800"></trkpt>
      <trkpt lat="42.2421800" lon="12.6672800"></trkpt>
      <trkpt lat="42.2421600" lon="12.6672800"></trkpt>
      <trkpt lat="42.2421500" lon="12.6672800"></trkpt>
      <trkpt lat="42.2421400" lon="12.6672800"></trkpt>
      <trkpt lat="42.2420900" lon="12.6672400"></trkpt>
      <trkpt lat="42.2420400" lon="12.6672000"></trkpt>
      <trkpt lat="42.2420200" lon="12.6671700"></trkpt>
      <trkpt lat="42.2420100" lon="12.6671400"></trkpt>
      <trkpt lat="42.2419900" lon="12.6670900"></trkpt>
      <trkpt lat="42.2419000" lon="12.6668800"></trkpt>
      <trkpt lat="42.2418600" lon="12.6667600"></trkpt>
      <trkpt lat="42.2418200" lon="12.6666100"></trkpt>
      <trkpt lat="42.2418000" lon="12.6665400"></trkpt>
      <trkpt lat="42.2417400" lon="12.6663100"></trkpt>
      <trkpt lat="42.2417000" lon="12.6661500"></trkpt>
      <trkpt lat="42.2416900" lon="12.6660800"></trkpt>
      <trkpt lat="42.2416100" lon="12.6655800"></trkpt>
      <trkpt lat="42.2415800" lon="12.6653600"></trkpt>
      <trkpt lat="42.2415400" lon="12.6651200"></trkpt>
      <trkpt lat="42.2415000" lon="12.6648900"></trkpt>
      <trkpt lat="42.2414700" lon="12.6646500"></trkpt>
      <trkpt lat="42.2413900" lon="12.6641700"></trkpt>
      <trkpt lat="42.2413900" lon="12.6641300"></trkpt>
      <trkpt lat="42.2413600" lon="12.6639300"></trkpt>
      <trkpt lat="42.2413200" lon="12.6636800"></trkpt>
      <trkpt lat="42.2413100" lon="12.6634500"></trkpt>
      <trkpt lat="42.2413300" lon="12.6632100"></trkpt>
      <trkpt lat="42.2413400" lon="12.6631900"></trkpt>
      <trkpt lat="42.2413400" lon="12.6630600"></trkpt>
      <trkpt lat="42.2413400" lon="12.6629800"></trkpt>
      <trkpt lat="42.2413400" lon="12.6629700"></trkpt>
      <trkpt lat="42.2413300" lon="12.6629200"></trkpt>
      <trkpt lat="42.2413200" lon="12.6628600"></trkpt>
      <trkpt lat="42.2413000" lon="12.6628100"></trkpt>
      <trkpt lat="42.2412700" lon="12.6627500"></trkpt>
      <trkpt lat="42.2412500" lon="12.6627200"></trkpt>
      <trkpt lat="42.2412100" lon="12.6626700"></trkpt>
      <trkpt lat="42.2411700" lon="12.6626200"></trkpt>
      <trkpt lat="42.2411400" lon="12.6625900"></trkpt>
      <trkpt lat="42.2409800" lon="12.6624600"></trkpt>
      <trkpt lat="42.2409300" lon="12.6624100"></trkpt>
      <trkpt lat="42.2407600" lon="12.6622400"></trkpt>
      <trkpt lat="42.2406000" lon="12.6621200"></trkpt>
      <trkpt lat="42.2404400" lon="12.6620000"></trkpt>
      <trkpt lat="42.2403900" lon="12.6619500"></trkpt>
      <trkpt lat="42.2402900" lon="12.6618800"></trkpt>
      <trkpt lat="42.2401500" lon="12.6617600"></trkpt>
      <trkpt lat="42.2400800" lon="12.6616900"></trkpt>
      <trkpt lat="42.2400400" lon="12.6616500"></trkpt>
      <trkpt lat="42.2400100" lon="12.6615900"></trkpt>
      <trkpt lat="42.2400000" lon="12.6615800"></trkpt>
      <trkpt lat="42.2399700" lon="12.6615000"></trkpt>
      <trkpt lat="42.2399100" lon="12.6613800"></trkpt>
      <trkpt lat="42.2398400" lon="12.6612000"></trkpt>
      <trkpt lat="42.2397200" lon="12.6608900"></trkpt>
      <trkpt lat="42.2395900" lon="12.6605300"></trkpt>
      <trkpt lat="42.2395800" lon="12.6605100"></trkpt>
      <trkpt lat="42.2395300" lon="12.6602800"></trkpt>
      <trkpt lat="42.2395200" lon="12.6601800"></trkpt>
      <trkpt lat="42.2394900" lon="12.6600700"></trkpt>
      <trkpt lat="42.2394800" lon="12.6600200"></trkpt>
      <trkpt lat="42.2394400" lon="12.6599300"></trkpt>
      <trkpt lat="42.2394000" lon="12.6598000"></trkpt>
      <trkpt lat="42.2393700" lon="12.6597100"></trkpt>
      <trkpt lat="42.2393400" lon="12.6596100"></trkpt>
      <trkpt lat="42.2393300" lon="12.6595800"></trkpt>
      <trkpt lat="42.2393100" lon="12.6595100"></trkpt>
      <trkpt lat="42.2392800" lon="12.6593600"></trkpt>
      <trkpt lat="42.2392800" lon="12.6593500"></trkpt>
      <trkpt lat="42.2392600" lon="12.6592600"></trkpt>
      <trkpt lat="42.2392600" lon="12.6591800"></trkpt>
      <trkpt lat="42.2392600" lon="12.6591200"></trkpt>
      <trkpt lat="42.2392600" lon="12.6591100"></trkpt>
      <trkpt lat="42.2392700" lon="12.6589500"></trkpt>
      <trkpt lat="42.2392800" lon="12.6588400"></trkpt>
      <trkpt lat="42.2393000" lon="12.6587200"></trkpt>
      <trkpt lat="42.2393100" lon="12.6586300"></trkpt>
      <trkpt lat="42.2393300" lon="12.6585200"></trkpt>
      <trkpt lat="42.2393600" lon="12.6584000"></trkpt>
      <trkpt lat="42.2393600" lon="12.6583900"></trkpt>
      <trkpt lat="42.2393900" lon="12.6582900"></trkpt>
      <trkpt lat="42.2394400" lon="12.6582100"></trkpt>
      <trkpt lat="42.2394600" lon="12.6581900"></trkpt>
      <trkpt lat="42.2395300" lon="12.6581100"></trkpt>
      <trkpt lat="42.2395700" lon="12.6580700"></trkpt>
      <trkpt lat="42.2396100" lon="12.6580200"></trkpt>
      <trkpt lat="42.2396400" lon="12.6579700"></trkpt>
      <trkpt lat="42.2396600" lon="12.6579400"></trkpt>
      <trkpt lat="42.2396800" lon="12.6578900"></trkpt>
      <trkpt lat="42.2396800" lon="12.6578800"></trkpt>
      <trkpt lat="42.2397000" lon="12.6578400"></trkpt>
      <trkpt lat="42.2397000" lon="12.6578200"></trkpt>
      <trkpt lat="42.2397100" lon="12.6578000"></trkpt>
      <trkpt lat="42.2397100" lon="12.6577800"></trkpt>
      <trkpt lat="42.2397100" lon="12.6577600"></trkpt>
      <trkpt lat="42.2397000" lon="12.6577400"></trkpt>
      <trkpt lat="42.2397000" lon="12.6577200"></trkpt>
      <trkpt lat="42.2396300" lon="12.6574200"></trkpt>
      <trkpt lat="42.2396000" lon="12.6573000"></trkpt>
      <trkpt lat="42.2395600" lon="12.6571900"></trkpt>
      <trkpt lat="42.2395100" lon="12.6570500"></trkpt>
      <trkpt lat="42.2394000" lon="12.6567600"></trkpt>
      <trkpt lat="42.2393700" lon="12.6567100"></trkpt>
      <trkpt lat="42.2393400" lon="12.6566100"></trkpt>
      <trkpt lat="42.2392700" lon="12.6564300"></trkpt>
      <trkpt lat="42.2392000" lon="12.6562800"></trkpt>
      <trkpt lat="42.2391800" lon="12.6562400"></trkpt>
      <trkpt lat="42.2391800" lon="12.6562300"></trkpt>
      <trkpt lat="42.2390900" lon="12.6560600"></trkpt>
      <trkpt lat="42.2389900" lon="12.6558900"></trkpt>
      <trkpt lat="42.2389600" lon="12.6558500"></trkpt>
      <trkpt lat="42.2389200" lon="12.6557900"></trkpt>
      <trkpt lat="42.2387100" lon="12.6555100"></trkpt>
      <trkpt lat="42.2386000" lon="12.6553900"></trkpt>
      <trkpt lat="42.2385700" lon="12.6553500"></trkpt>
      <trkpt lat="42.2384600" lon="12.6552300"></trkpt>
      <trkpt lat="42.2383700" lon="12.6551300"></trkpt>
      <trkpt lat="42.2383200" lon="12.6550800"></trkpt>
      <trkpt lat="42.2382800" lon="12.6550500"></trkpt>
      <trkpt lat="42.2381700" lon="12.6549500"></trkpt>
      <trkpt lat="42.2381600" lon="12.6549400"></trkpt>
      <trkpt lat="42.2380100" lon="12.6548300"></trkpt>
      <trkpt lat="42.2379800" lon="12.6548000"></trkpt>
      <trkpt lat="42.2378600" lon="12.6547000"></trkpt>
      <trkpt lat="42.2378200" lon="12.6546700"></trkpt>
      <trkpt lat="42.2377700" lon="12.6546400"></trkpt>
      <trkpt lat="42.2376900" lon="12.6545500"></trkpt>
      <trkpt lat="42.2376500" lon="12.6545100"></trkpt>
      <trkpt lat="42.2375600" lon="12.6544500"></trkpt>
      <trkpt lat="42.2375000" lon="12.6544100"></trkpt>
      <trkpt lat="42.2374500" lon="12.6543900"></trkpt>
      <trkpt lat="42.2373100" lon="12.6543500"></trkpt>
      <trkpt lat="42.2372200" lon="12.6543500"></trkpt>
      <trkpt lat="42.2371300" lon="12.6543400"></trkpt>
      <trkpt lat="42.2371200" lon="12.6543400"></trkpt>
      <trkpt lat="42.2369500" lon="12.6543000"></trkpt>
      <trkpt lat="42.2369300" lon="12.6542900"></trkpt>
      <trkpt lat="42.2367800" lon="12.6542500"></trkpt>
      <trkpt lat="42.2366000" lon="12.6542000"></trkpt>
      <trkpt lat="42.2364300" lon="12.6541500"></trkpt>
      <trkpt lat="42.2362500" lon="12.6540900"></trkpt>
      <trkpt lat="42.2360800" lon="12.6540400"></trkpt>
      <trkpt lat="42.2360400" lon="12.6540300"></trkpt>
      <trkpt lat="42.2359000" lon="12.6539900"></trkpt>
      <trkpt lat="42.2357300" lon="12.6539300"></trkpt>
      <trkpt lat="42.2355500" lon="12.6538700"></trkpt>
      <trkpt lat="42.2355400" lon="12.6538700"></trkpt>
      <trkpt lat="42.2354300" lon="12.6538300"></trkpt>
      <trkpt lat="42.2353500" lon="12.6538200"></trkpt>
      <trkpt lat="42.2352200" lon="12.6538300"></trkpt>
      <trkpt lat="42.2350100" lon="12.6538500"></trkpt>
      <trkpt lat="42.2348400" lon="12.6538900"></trkpt>
      <trkpt lat="42.2344000" lon="12.6539800"></trkpt>
      <trkpt lat="42.2341100" lon="12.6540800"></trkpt>
      <trkpt lat="42.2338700" lon="12.6541400"></trkpt>
      <trkpt lat="42.2337000" lon="12.6541900"></trkpt>
      <trkpt lat="42.2335200" lon="12.6542200"></trkpt>
      <trkpt lat="42.2333400" lon="12.6542600"></trkpt>
      <trkpt lat="42.2332200" lon="12.6542800"></trkpt>
      <trkpt lat="42.2331600" lon="12.6542900"></trkpt>
      <trkpt lat="42.2329800" lon="12.6543100"></trkpt>
      <trkpt lat="42.2328600" lon="12.6543200"></trkpt>
      <trkpt lat="42.2328000" lon="12.6543300"></trkpt>
      <trkpt lat="42.2326200" lon="12.6543400"></trkpt>
      <trkpt lat="42.2324400" lon="12.6543500"></trkpt>
      <trkpt lat="42.2320800" lon="12.6543800"></trkpt>
      <trkpt lat="42.2320200" lon="12.6544000"></trkpt>
      <trkpt lat="42.2319300" lon="12.6544200"></trkpt>
      <trkpt lat="42.2317000" lon="12.6544800"></trkpt>
      <trkpt lat="42.2316000" lon="12.6545000"></trkpt>
      <trkpt lat="42.2315300" lon="12.6545200"></trkpt>
      <trkpt lat="42.2313500" lon="12.6545600"></trkpt>
      <trkpt lat="42.2312500" lon="12.6545800"></trkpt>
      <trkpt lat="42.2311700" lon="12.6546000"></trkpt>
      <trkpt lat="42.2309900" lon="12.6546400"></trkpt>
      <trkpt lat="42.2309000" lon="12.6546700"></trkpt>
      <trkpt lat="42.2308200" lon="12.6546900"></trkpt>
      <trkpt lat="42.2306400" lon="12.6547300"></trkpt>
      <trkpt lat="42.2305400" lon="12.6547300"></trkpt>
      <trkpt lat="42.2304600" lon="12.6547300"></trkpt>
      <trkpt lat="42.2301000" lon="12.6547300"></trkpt>
      <trkpt lat="42.2300000" lon="12.6547300"></trkpt>
      <trkpt lat="42.2299200" lon="12.6547300"></trkpt>
      <trkpt lat="42.2298200" lon="12.6547300"></trkpt>
      <trkpt lat="42.2297800" lon="12.6547300"></trkpt>
      <trkpt lat="42.2297400" lon="12.6547300"></trkpt>
      <trkpt lat="42.2293200" lon="12.6547600"></trkpt>
      <trkpt lat="42.2292000" lon="12.6547800"></trkpt>
      <trkpt lat="42.2291500" lon="12.6547900"></trkpt>
      <trkpt lat="42.2290200" lon="12.6548100"></trkpt>
      <trkpt lat="42.2290100" lon="12.6548200"></trkpt>
      <trkpt lat="42.2289300" lon="12.6548600"></trkpt>
      <trkpt lat="42.2288600" lon="12.6549100"></trkpt>
      <trkpt lat="42.2284000" lon="12.6551900"></trkpt>
      <trkpt lat="42.2282800" lon="12.6552400"></trkpt>
      <trkpt lat="42.2281900" lon="12.6552600"></trkpt>
      <trkpt lat="42.2281400" lon="12.6552700"></trkpt>
      <trkpt lat="42.2280900" lon="12.6552800"></trkpt>
      <trkpt lat="42.2280400" lon="12.6552800"></trkpt>
      <trkpt lat="42.2280100" lon="12.6552800"></trkpt>
      <trkpt lat="42.2279300" lon="12.6552600"></trkpt>
      <trkpt lat="42.2279200" lon="12.6552600"></trkpt>
      <trkpt lat="42.2278400" lon="12.6552400"></trkpt>
      <trkpt lat="42.2277800" lon="12.6552300"></trkpt>
      <trkpt lat="42.2277400" lon="12.6552200"></trkpt>
      <trkpt lat="42.2276600" lon="12.6552000"></trkpt>
      <trkpt lat="42.2275600" lon="12.6551700"></trkpt>
      <trkpt lat="42.2275500" lon="12.6551700"></trkpt>
      <trkpt lat="42.2274800" lon="12.6551500"></trkpt>
      <trkpt lat="42.2273900" lon="12.6551300"></trkpt>
      <trkpt lat="42.2273800" lon="12.6551300"></trkpt>
      <trkpt lat="42.2273000" lon="12.6551100"></trkpt>
      <trkpt lat="42.2271800" lon="12.6550900"></trkpt>
      <trkpt lat="42.2271300" lon="12.6550900"></trkpt>
      <trkpt lat="42.2268400" lon="12.6550900"></trkpt>
      <trkpt lat="42.2267700" lon="12.6550900"></trkpt>
      <trkpt lat="42.2265900" lon="12.6551100"></trkpt>
      <trkpt lat="42.2265500" lon="12.6551100"></trkpt>
      <trkpt lat="42.2264900" lon="12.6551200"></trkpt>
      <trkpt lat="42.2263100" lon="12.6551500"></trkpt>
      <trkpt lat="42.2262300" lon="12.6551600"></trkpt>
      <trkpt lat="42.2262000" lon="12.6551600"></trkpt>
      <trkpt lat="42.2260500" lon="12.6552100"></trkpt>
      <trkpt lat="42.2259100" lon="12.6552600"></trkpt>
      <trkpt lat="42.2257800" lon="12.6553000"></trkpt>
      <trkpt lat="42.2257000" lon="12.6553300"></trkpt>
      <trkpt lat="42.2256400" lon="12.6553500"></trkpt>
      <trkpt lat="42.2256100" lon="12.6553600"></trkpt>
      <trkpt lat="42.2255300" lon="12.6554000"></trkpt>
      <trkpt lat="42.2254400" lon="12.6554400"></trkpt>
      <trkpt lat="42.2252400" lon="12.6555400"></trkpt>
      <trkpt lat="42.2252000" lon="12.6555700"></trkpt>
      <trkpt lat="42.2251000" lon="12.6556200"></trkpt>
      <trkpt lat="42.2250300" lon="12.6556600"></trkpt>
      <trkpt lat="42.2248700" lon="12.6557600"></trkpt>
      <trkpt lat="42.2248500" lon="12.6557700"></trkpt>
      <trkpt lat="42.2247000" lon="12.6558500"></trkpt>
      <trkpt lat="42.2246800" lon="12.6558600"></trkpt>
      <trkpt lat="42.2246000" lon="12.6558900"></trkpt>
      <trkpt lat="42.2245500" lon="12.6559100"></trkpt>
      <trkpt lat="42.2245300" lon="12.6559200"></trkpt>
      <trkpt lat="42.2243500" lon="12.6559600"></trkpt>
      <trkpt lat="42.2242500" lon="12.6559800"></trkpt>
      <trkpt lat="42.2241700" lon="12.6559900"></trkpt>
      <trkpt lat="42.2241300" lon="12.6560000"></trkpt>
      <trkpt lat="42.2240700" lon="12.6560200"></trkpt>
      <trkpt lat="42.2240000" lon="12.6560500"></trkpt>
      <trkpt lat="42.2239000" lon="12.6560800"></trkpt>
      <trkpt lat="42.2238200" lon="12.6561000"></trkpt>
      <trkpt lat="42.2237900" lon="12.6561100"></trkpt>
      <trkpt lat="42.2237200" lon="12.6561400"></trkpt>
      <trkpt lat="42.2236500" lon="12.6561700"></trkpt>
      <trkpt lat="42.2235800" lon="12.6561900"></trkpt>
      <trkpt lat="42.2235500" lon="12.6561900"></trkpt>
      <trkpt lat="42.2234700" lon="12.6562100"></trkpt>
      <trkpt lat="42.2233800" lon="12.6562200"></trkpt>
      <trkpt lat="42.2233700" lon="12.6562200"></trkpt>
      <trkpt lat="42.2232900" lon="12.6562200"></trkpt>
      <trkpt lat="42.2231900" lon="12.6562200"></trkpt>
      <trkpt lat="42.2231100" lon="12.6562200"></trkpt>
      <trkpt lat="42.2229300" lon="12.6562300"></trkpt>
      <trkpt lat="42.2228500" lon="12.6562300"></trkpt>
      <trkpt lat="42.2227500" lon="12.6562400"></trkpt>
      <trkpt lat="42.2226300" lon="12.6562900"></trkpt>
      <trkpt lat="42.2224200" lon="12.6563900"></trkpt>
      <trkpt lat="42.2222900" lon="12.6564500"></trkpt>
      <trkpt lat="42.2222400" lon="12.6564600"></trkpt>
      <trkpt lat="42.2222100" lon="12.6564800"></trkpt>
      <trkpt lat="42.2221400" lon="12.6564800"></trkpt>
      <trkpt lat="42.2221300" lon="12.6564800"></trkpt>
      <trkpt lat="42.2220800" lon="12.6564400"></trkpt>
      <trkpt lat="42.2220700" lon="12.6564300"></trkpt>
      <trkpt lat="42.2220500" lon="12.6563900"></trkpt>
      <trkpt lat="42.2220300" lon="12.6563300"></trkpt>
      <trkpt lat="42.2220300" lon="12.6563100"></trkpt>
      <trkpt lat="42.2220300" lon="12.6562100"></trkpt>
      <trkpt lat="42.2220300" lon="12.6562000"></trkpt>
      <trkpt lat="42.2220300" lon="12.6560600"></trkpt>
      <trkpt lat="42.2220300" lon="12.6560500"></trkpt>
      <trkpt lat="42.2220300" lon="12.6559600"></trkpt>
      <trkpt lat="42.2220300" lon="12.6559200"></trkpt>
      <trkpt lat="42.2220100" lon="12.6556900"></trkpt>
      <trkpt lat="42.2220000" lon="12.6555800"></trkpt>
      <trkpt lat="42.2219900" lon="12.6555300"></trkpt>
      <trkpt lat="42.2219900" lon="12.6554700"></trkpt>
      <trkpt lat="42.2219500" lon="12.6553100"></trkpt>
      <trkpt lat="42.2219200" lon="12.6552000"></trkpt>
      <trkpt lat="42.2218600" lon="12.6549600"></trkpt>
      <trkpt lat="42.2218600" lon="12.6548900"></trkpt>
      <trkpt lat="42.2218500" lon="12.6547600"></trkpt>
      <trkpt lat="42.2218500" lon="12.6546000"></trkpt>
      <trkpt lat="42.2218700" lon="12.6545800"></trkpt>
      <trkpt lat="42.2218800" lon="12.6545700"></trkpt>
      <trkpt lat="42.2218900" lon="12.6545600"></trkpt>
      <trkpt lat="42.2218900" lon="12.6545400"></trkpt>
      <trkpt lat="42.2219000" lon="12.6545200"></trkpt>
      <trkpt lat="42.2219100" lon="12.6545100"></trkpt>
      <trkpt lat="42.2219100" lon="12.6544900"></trkpt>
      <trkpt lat="42.2219100" lon="12.6544700"></trkpt>
      <trkpt lat="42.2219200" lon="12.6544500"></trkpt>
      <trkpt lat="42.2219200" lon="12.6544000"></trkpt>
      <trkpt lat="42.2219100" lon="12.6543600"></trkpt>
      <trkpt lat="42.2219100" lon="12.6543400"></trkpt>
      <trkpt lat="42.2219100" lon="12.6543300"></trkpt>
      <trkpt lat="42.2219000" lon="12.6543100"></trkpt>
      <trkpt lat="42.2218900" lon="12.6542900"></trkpt>
      <trkpt lat="42.2218900" lon="12.6542800"></trkpt>
      <trkpt lat="42.2218800" lon="12.6542600"></trkpt>
      <trkpt lat="42.2218700" lon="12.6542500"></trkpt>
      <trkpt lat="42.2218600" lon="12.6542400"></trkpt>
      <trkpt lat="42.2218500" lon="12.6542200"></trkpt>
      <trkpt lat="42.2218400" lon="12.6542100"></trkpt>
      <trkpt lat="42.2218200" lon="12.6542000"></trkpt>
      <trkpt lat="42.2218100" lon="12.6542000"></trkpt>
      <trkpt lat="42.2218000" lon="12.6541900"></trkpt>
      <trkpt lat="42.2217900" lon="12.6541900"></trkpt>
      <trkpt lat="42.2217800" lon="12.6541800"></trkpt>
      <trkpt lat="42.2217400" lon="12.6541700"></trkpt>
      <trkpt lat="42.2216800" lon="12.6540900"></trkpt>
      <trkpt lat="42.2216400" lon="12.6540200"></trkpt>
      <trkpt lat="42.2215800" lon="12.6539700"></trkpt>
      <trkpt lat="42.2214900" lon="12.6537700"></trkpt>
      <trkpt lat="42.2213300" lon="12.6534200"></trkpt>
      <trkpt lat="42.2213000" lon="12.6533500"></trkpt>
      <trkpt lat="42.2212000" lon="12.6531000"></trkpt>
      <trkpt lat="42.2211700" lon="12.6530300"></trkpt>
      <trkpt lat="42.2211200" lon="12.6529600"></trkpt>
      <trkpt lat="42.2210400" lon="12.6528900"></trkpt>
      <trkpt lat="42.2209700" lon="12.6528400"></trkpt>
      <trkpt lat="42.2209600" lon="12.6528300"></trkpt>
      <trkpt lat="42.2208900" lon="12.6527900"></trkpt>
      <trkpt lat="42.2208400" lon="12.6527700"></trkpt>
      <trkpt lat="42.2207900" lon="12.6527500"></trkpt>
      <trkpt lat="42.2206800" lon="12.6527000"></trkpt>
      <trkpt lat="42.2204600" lon="12.6526200"></trkpt>
      <trkpt lat="42.2202800" lon="12.6525700"></trkpt>
      <trkpt lat="42.2202400" lon="12.6525600"></trkpt>
      <trkpt lat="42.2201400" lon="12.6525300"></trkpt>
      <trkpt lat="42.2200500" lon="12.6525000"></trkpt>
      <trkpt lat="42.2198600" lon="12.6524500"></trkpt>
      <trkpt lat="42.2198200" lon="12.6524400"></trkpt>
      <trkpt lat="42.2197300" lon="12.6524100"></trkpt>
      <trkpt lat="42.2196700" lon="12.6524000"></trkpt>
      <trkpt lat="42.2196000" lon="12.6524000"></trkpt>
      <trkpt lat="42.2195200" lon="12.6524100"></trkpt>
      <trkpt lat="42.2194300" lon="12.6524500"></trkpt>
      <trkpt lat="42.2192600" lon="12.6525300"></trkpt>
      <trkpt lat="42.2191800" lon="12.6525700"></trkpt>
      <trkpt lat="42.2190700" lon="12.6526000"></trkpt>
      <trkpt lat="42.2189900" lon="12.6526200"></trkpt>
      <trkpt lat="42.2189100" lon="12.6526300"></trkpt>
      <trkpt lat="42.2187900" lon="12.6526300"></trkpt>
      <trkpt lat="42.2187300" lon="12.6526300"></trkpt>
      <trkpt lat="42.2185500" lon="12.6526200"></trkpt>
      <trkpt lat="42.2183700" lon="12.6526200"></trkpt>
      <trkpt lat="42.2182500" lon="12.6526100"></trkpt>
      <trkpt lat="42.2178600" lon="12.6526300"></trkpt>
      <trkpt lat="42.2177400" lon="12.6526500"></trkpt>
      <trkpt lat="42.2176600" lon="12.6526800"></trkpt>
      <trkpt lat="42.2175800" lon="12.6527100"></trkpt>
      <trkpt lat="42.2174600" lon="12.6527600"></trkpt>
      <trkpt lat="42.2173100" lon="12.6528500"></trkpt>
      <trkpt lat="42.2171200" lon="12.6529500"></trkpt>
      <trkpt lat="42.2170000" lon="12.6529900"></trkpt>
      <trkpt lat="42.2169800" lon="12.6529900"></trkpt>
      <trkpt lat="42.2168800" lon="12.6530000"></trkpt>
      <trkpt lat="42.2168000" lon="12.6530000"></trkpt>
      <trkpt lat="42.2167300" lon="12.6530000"></trkpt>
      <trkpt lat="42.2165900" lon="12.6529800"></trkpt>
      <trkpt lat="42.2163100" lon="12.6529300"></trkpt>
      <trkpt lat="42.2162600" lon="12.6529200"></trkpt>
      <trkpt lat="42.2161700" lon="12.6529000"></trkpt>
      <trkpt lat="42.2161000" lon="12.6528700"></trkpt>
      <trkpt lat="42.2160900" lon="12.6528600"></trkpt>
      <trkpt lat="42.2160400" lon="12.6528200"></trkpt>
      <trkpt lat="42.2159400" lon="12.6527200"></trkpt>
      <trkpt lat="42.2158900" lon="12.6526300"></trkpt>
      <trkpt lat="42.2158500" lon="12.6525400"></trkpt>
      <trkpt lat="42.2158400" lon="12.6525200"></trkpt>
      <trkpt lat="42.2157800" lon="12.6523800"></trkpt>
      <trkpt lat="42.2156500" lon="12.6520200"></trkpt>
      <trkpt lat="42.2155800" lon="12.6518700"></trkpt>
      <trkpt lat="42.2155300" lon="12.6517800"></trkpt>
      <trkpt lat="42.2154600" lon="12.6516900"></trkpt>
      <trkpt lat="42.2153500" lon="12.6515600"></trkpt>
      <trkpt lat="42.2153300" lon="12.6515500"></trkpt>
      <trkpt lat="42.2152300" lon="12.6514700"></trkpt>
      <trkpt lat="42.2151700" lon="12.6514300"></trkpt>
      <trkpt lat="42.2150100" lon="12.6513100"></trkpt>
      <trkpt lat="42.2143600" lon="12.6509200"></trkpt>
      <trkpt lat="42.2138700" lon="12.6506200"></trkpt>
      <trkpt lat="42.2137500" lon="12.6505200"></trkpt>
      <trkpt lat="42.2136600" lon="12.6504300"></trkpt>
      <trkpt lat="42.2135500" lon="12.6503000"></trkpt>
      <trkpt lat="42.2134600" lon="12.6501600"></trkpt>
      <trkpt lat="42.2133700" lon="12.6500100"></trkpt>
      <trkpt lat="42.2133400" lon="12.6499700"></trkpt>
      <trkpt lat="42.2133000" lon="12.6499000"></trkpt>
      <trkpt lat="42.2132500" lon="12.6497800"></trkpt>
      <trkpt lat="42.2132500" lon="12.6497600"></trkpt>
      <trkpt lat="42.2131600" lon="12.6495500"></trkpt>
      <trkpt lat="42.2130900" lon="12.6493200"></trkpt>
      <trkpt lat="42.2130800" lon="12.6492900"></trkpt>
      <trkpt lat="42.2128500" lon="12.6484100"></trkpt>
      <trkpt lat="42.2127700" lon="12.6480800"></trkpt>
      <trkpt lat="42.2127300" lon="12.6479500"></trkpt>
      <trkpt lat="42.2127100" lon="12.6478700"></trkpt>
      <trkpt lat="42.2126600" lon="12.6477200"></trkpt>
      <trkpt lat="42.2126500" lon="12.6476900"></trkpt>
      <trkpt lat="42.2125800" lon="12.6475100"></trkpt>
      <trkpt lat="42.2125700" lon="12.6475000"></trkpt>
      <trkpt lat="42.2124800" lon="12.6473100"></trkpt>
      <trkpt lat="42.2124700" lon="12.6473100"></trkpt>
      <trkpt lat="42.2123100" lon="12.6469900"></trkpt>
      <trkpt lat="42.2122800" lon="12.6469400"></trkpt>
      <trkpt lat="42.2122700" lon="12.6469300"></trkpt>
      <trkpt lat="42.2122400" lon="12.6468700"></trkpt>
      <trkpt lat="42.2122100" lon="12.6468200"></trkpt>
      <trkpt lat="42.2120300" lon="12.6465500"></trkpt>
      <trkpt lat="42.2119100" lon="12.6463600"></trkpt>
      <trkpt lat="42.2117900" lon="12.6461800"></trkpt>
      <trkpt lat="42.2117000" lon="12.6460500"></trkpt>
      <trkpt lat="42.2116600" lon="12.6460100"></trkpt>
      <trkpt lat="42.2116100" lon="12.6459500"></trkpt>
      <trkpt lat="42.2115300" lon="12.6459000"></trkpt>
      <trkpt lat="42.2115100" lon="12.6458900"></trkpt>
      <trkpt lat="42.2114100" lon="12.6458400"></trkpt>
      <trkpt lat="42.2113400" lon="12.6458200"></trkpt>
      <trkpt lat="42.2112600" lon="12.6458100"></trkpt>
      <trkpt lat="42.2111600" lon="12.6458000"></trkpt>
      <trkpt lat="42.2110400" lon="12.6457900"></trkpt>
      <trkpt lat="42.2109800" lon="12.6457900"></trkpt>
      <trkpt lat="42.2109400" lon="12.6457800"></trkpt>
      <trkpt lat="42.2108400" lon="12.6458100"></trkpt>
      <trkpt lat="42.2108000" lon="12.6458300"></trkpt>
      <trkpt lat="42.2107500" lon="12.6458600"></trkpt>
      <trkpt lat="42.2106400" lon="12.6459300"></trkpt>
      <trkpt lat="42.2105300" lon="12.6460400"></trkpt>
      <trkpt lat="42.2103700" lon="12.6462400"></trkpt>
      <trkpt lat="42.2102400" lon="12.6465200"></trkpt>
      <trkpt lat="42.2101700" lon="12.6466600"></trkpt>
      <trkpt lat="42.2101400" lon="12.6467200"></trkpt>
      <trkpt lat="42.2100600" lon="12.6468600"></trkpt>
      <trkpt lat="42.2100300" lon="12.6469000"></trkpt>
      <trkpt lat="42.2097800" lon="12.6472600"></trkpt>
      <trkpt lat="42.2096900" lon="12.6473900"></trkpt>
      <trkpt lat="42.2096500" lon="12.6474500"></trkpt>
      <trkpt lat="42.2095800" lon="12.6475500"></trkpt>
      <trkpt lat="42.2095700" lon="12.6475700"></trkpt>
      <trkpt lat="42.2095300" lon="12.6476700"></trkpt>
      <trkpt lat="42.2094300" lon="12.6479300"></trkpt>
      <trkpt lat="42.2094000" lon="12.6480000"></trkpt>
      <trkpt lat="42.2093100" lon="12.6482100"></trkpt>
      <trkpt lat="42.2092200" lon="12.6484200"></trkpt>
      <trkpt lat="42.2091700" lon="12.6485500"></trkpt>
      <trkpt lat="42.2091300" lon="12.6486300"></trkpt>
      <trkpt lat="42.2090400" lon="12.6488400"></trkpt>
      <trkpt lat="42.2089900" lon="12.6489400"></trkpt>
      <trkpt lat="42.2089600" lon="12.6489900"></trkpt>
      <trkpt lat="42.2089400" lon="12.6490100"></trkpt>
      <trkpt lat="42.2089300" lon="12.6490300"></trkpt>
      <trkpt lat="42.2089200" lon="12.6490400"></trkpt>
      <trkpt lat="42.2088600" lon="12.6490900"></trkpt>
      <trkpt lat="42.2088100" lon="12.6491300"></trkpt>
      <trkpt lat="42.2087300" lon="12.6491700"></trkpt>
      <trkpt lat="42.2086800" lon="12.6491900"></trkpt>
      <trkpt lat="42.2086300" lon="12.6492100"></trkpt>
      <trkpt lat="42.2086100" lon="12.6492000"></trkpt>
      <trkpt lat="42.2084300" lon="12.6491800"></trkpt>
      <trkpt lat="42.2084200" lon="12.6491800"></trkpt>
      <trkpt lat="42.2082000" lon="12.6491000"></trkpt>
      <trkpt lat="42.2080900" lon="12.6490600"></trkpt>
      <trkpt lat="42.2080800" lon="12.6490600"></trkpt>
      <trkpt lat="42.2079000" lon="12.6489900"></trkpt>
      <trkpt lat="42.2078400" lon="12.6489800"></trkpt>
      <trkpt lat="42.2078000" lon="12.6489700"></trkpt>
      <trkpt lat="42.2077500" lon="12.6489700"></trkpt>
      <trkpt lat="42.2077200" lon="12.6489800"></trkpt>
      <trkpt lat="42.2077000" lon="12.6489900"></trkpt>
      <trkpt lat="42.2075600" lon="12.6490300"></trkpt>
      <trkpt lat="42.2074300" lon="12.6490800"></trkpt>
      <trkpt lat="42.2073300" lon="12.6491200"></trkpt>
      <trkpt lat="42.2072800" lon="12.6491400"></trkpt>
      <trkpt lat="42.2072500" lon="12.6491500"></trkpt>
      <trkpt lat="42.2072100" lon="12.6491500"></trkpt>
      <trkpt lat="42.2072000" lon="12.6491500"></trkpt>
      <trkpt lat="42.2071800" lon="12.6491500"></trkpt>
      <trkpt lat="42.2071600" lon="12.6491400"></trkpt>
      <trkpt lat="42.2071400" lon="12.6491300"></trkpt>
      <trkpt lat="42.2070500" lon="12.6490500"></trkpt>
      <trkpt lat="42.2068400" lon="12.6488600"></trkpt>
      <trkpt lat="42.2068000" lon="12.6488200"></trkpt>
      <trkpt lat="42.2067700" lon="12.6488000"></trkpt>
      <trkpt lat="42.2067400" lon="12.6487900"></trkpt>
      <trkpt lat="42.2067100" lon="12.6487800"></trkpt>
      <trkpt lat="42.2066700" lon="12.6487700"></trkpt>
      <trkpt lat="42.2066400" lon="12.6487700"></trkpt>
      <trkpt lat="42.2065800" lon="12.6487700"></trkpt>
      <trkpt lat="42.2065200" lon="12.6487800"></trkpt>
      <trkpt lat="42.2064300" lon="12.6488100"></trkpt>
      <trkpt lat="42.2064100" lon="12.6488300"></trkpt>
      <trkpt lat="42.2063900" lon="12.6488400"></trkpt>
      <trkpt lat="42.2063700" lon="12.6488500"></trkpt>
      <trkpt lat="42.2063200" lon="12.6488800"></trkpt>
      <trkpt lat="42.2062800" lon="12.6489100"></trkpt>
      <trkpt lat="42.2062300" lon="12.6489500"></trkpt>
      <trkpt lat="42.2060700" lon="12.6490800"></trkpt>
      <trkpt lat="42.2059700" lon="12.6491400"></trkpt>
      <trkpt lat="42.2059100" lon="12.6491700"></trkpt>
      <trkpt lat="42.2058000" lon="12.6492100"></trkpt>
      <trkpt lat="42.2057400" lon="12.6492300"></trkpt>
      <trkpt lat="42.2057300" lon="12.6492300"></trkpt>
      <trkpt lat="42.2056000" lon="12.6492700"></trkpt>
      <trkpt lat="42.2055600" lon="12.6492800"></trkpt>
      <trkpt lat="42.2044800" lon="12.6494800"></trkpt>
      <trkpt lat="42.2044200" lon="12.6494900"></trkpt>
      <trkpt lat="42.2043500" lon="12.6495100"></trkpt>
      <trkpt lat="42.2041700" lon="12.6495700"></trkpt>
      <trkpt lat="42.2039700" lon="12.6496700"></trkpt>
      <trkpt lat="42.2038000" lon="12.6498400"></trkpt>
      <trkpt lat="42.2037400" lon="12.6499400"></trkpt>
      <trkpt lat="42.2036900" lon="12.6500200"></trkpt>
      <trkpt lat="42.2036600" lon="12.6500700"></trkpt>
      <trkpt lat="42.2036100" lon="12.6501800"></trkpt>
      <trkpt lat="42.2036000" lon="12.6502200"></trkpt>
      <trkpt lat="42.2035900" lon="12.6502300"></trkpt>
      <trkpt lat="42.2035700" lon="12.6503200"></trkpt>
      <trkpt lat="42.2035600" lon="12.6503400"></trkpt>
      <trkpt lat="42.2035300" lon="12.6504500"></trkpt>
      <trkpt lat="42.2035300" lon="12.6504600"></trkpt>
      <trkpt lat="42.2035300" lon="12.6504800"></trkpt>
      <trkpt lat="42.2034900" lon="12.6506400"></trkpt>
      <trkpt lat="42.2034900" lon="12.6506900"></trkpt>
      <trkpt lat="42.2034800" lon="12.6507900"></trkpt>
      <trkpt lat="42.2034600" lon="12.6509400"></trkpt>
      <trkpt lat="42.2034400" lon="12.6510700"></trkpt>
      <trkpt lat="42.2034300" lon="12.6511700"></trkpt>
      <trkpt lat="42.2034200" lon="12.6512500"></trkpt>
      <trkpt lat="42.2034000" lon="12.6514000"></trkpt>
      <trkpt lat="42.2033900" lon="12.6514400"></trkpt>
      <trkpt lat="42.2033600" lon="12.6516100"></trkpt>
      <trkpt lat="42.2033100" lon="12.6517600"></trkpt>
      <trkpt lat="42.2032600" lon="12.6518900"></trkpt>
      <trkpt lat="42.2031500" lon="12.6522000"></trkpt>
      <trkpt lat="42.2031000" lon="12.6523100"></trkpt>
      <trkpt lat="42.2030500" lon="12.6523500"></trkpt>
      <trkpt lat="42.2030200" lon="12.6523800"></trkpt>
      <trkpt lat="42.2029700" lon="12.6524300"></trkpt>
      <trkpt lat="42.2029100" lon="12.6524900"></trkpt>
      <trkpt lat="42.2028400" lon="12.6525300"></trkpt>
      <trkpt lat="42.2028200" lon="12.6525100"></trkpt>
      <trkpt lat="42.2028100" lon="12.6525100"></trkpt>
      <trkpt lat="42.2027900" lon="12.6525000"></trkpt>
      <trkpt lat="42.2027800" lon="12.6524900"></trkpt>
      <trkpt lat="42.2027600" lon="12.6524900"></trkpt>
      <trkpt lat="42.2027400" lon="12.6524900"></trkpt>
      <trkpt lat="42.2027300" lon="12.6524900"></trkpt>
      <trkpt lat="42.2027100" lon="12.6525000"></trkpt>
      <trkpt lat="42.2026900" lon="12.6525000"></trkpt>
      <trkpt lat="42.2026800" lon="12.6525100"></trkpt>
      <trkpt lat="42.2026600" lon="12.6525200"></trkpt>
      <trkpt lat="42.2026500" lon="12.6525300"></trkpt>
      <trkpt lat="42.2026300" lon="12.6525400"></trkpt>
      <trkpt lat="42.2026200" lon="12.6525500"></trkpt>
      <trkpt lat="42.2026100" lon="12.6525700"></trkpt>
      <trkpt lat="42.2026000" lon="12.6525900"></trkpt>
      <trkpt lat="42.2025900" lon="12.6526000"></trkpt>
      <trkpt lat="42.2025800" lon="12.6526200"></trkpt>
      <trkpt lat="42.2025700" lon="12.6526400"></trkpt>
      <trkpt lat="42.2025600" lon="12.6526600"></trkpt>
      <trkpt lat="42.2025100" lon="12.6526700"></trkpt>
      <trkpt lat="42.2024200" lon="12.6526800"></trkpt>
      <trkpt lat="42.2023900" lon="12.6526800"></trkpt>
      <trkpt lat="42.2022900" lon="12.6527300"></trkpt>
      <trkpt lat="42.2022500" lon="12.6527100"></trkpt>
      <trkpt lat="42.2020600" lon="12.6526500"></trkpt>
      <trkpt lat="42.2020600" lon="12.6526400"></trkpt>
      <trkpt lat="42.2020100" lon="12.6526300"></trkpt>
      <trkpt lat="42.2019400" lon="12.6526000"></trkpt>
      <trkpt lat="42.2018900" lon="12.6525800"></trkpt>
      <trkpt lat="42.2017100" lon="12.6525000"></trkpt>
      <trkpt lat="42.2015900" lon="12.6524500"></trkpt>
      <trkpt lat="42.2015500" lon="12.6524300"></trkpt>
      <trkpt lat="42.2014900" lon="12.6524100"></trkpt>
      <trkpt lat="42.2014200" lon="12.6523800"></trkpt>
      <trkpt lat="42.2011900" lon="12.6522700"></trkpt>
      <trkpt lat="42.2009300" lon="12.6521400"></trkpt>
      <trkpt lat="42.2008100" lon="12.6520900"></trkpt>
      <trkpt lat="42.2008000" lon="12.6520800"></trkpt>
      <trkpt lat="42.2007100" lon="12.6520400"></trkpt>
      <trkpt lat="42.2006800" lon="12.6520200"></trkpt>
      <trkpt lat="42.2006400" lon="12.6520000"></trkpt>
      <trkpt lat="42.2005100" lon="12.6519400"></trkpt>
      <trkpt lat="42.2004700" lon="12.6519200"></trkpt>
      <trkpt lat="42.2003000" lon="12.6518400"></trkpt>
      <trkpt lat="42.2002700" lon="12.6518200"></trkpt>
      <trkpt lat="42.2001700" lon="12.6517800"></trkpt>
      <trkpt lat="42.2001500" lon="12.6517600"></trkpt>
      <trkpt lat="42.2001300" lon="12.6517600"></trkpt>
      <trkpt lat="42.2000500" lon="12.6517200"></trkpt>
      <trkpt lat="42.2000100" lon="12.6517000"></trkpt>
      <trkpt lat="42.1999700" lon="12.6516800"></trkpt>
      <trkpt lat="42.1999400" lon="12.6516700"></trkpt>
      <trkpt lat="42.1998800" lon="12.6516400"></trkpt>
      <trkpt lat="42.1998300" lon="12.6516300"></trkpt>
      <trkpt lat="42.1998200" lon="12.6516300"></trkpt>
      <trkpt lat="42.1997700" lon="12.6516300"></trkpt>
      <trkpt lat="42.1991200" lon="12.6518100"></trkpt>
      <trkpt lat="42.1989200" lon="12.6518500"></trkpt>
      <trkpt lat="42.1988700" lon="12.6518600"></trkpt>
      <trkpt lat="42.1988100" lon="12.6518600"></trkpt>
      <trkpt lat="42.1987600" lon="12.6518600"></trkpt>
      <trkpt lat="42.1987200" lon="12.6518400"></trkpt>
      <trkpt lat="42.1983700" lon="12.6517300"></trkpt>
      <trkpt lat="42.1980100" lon="12.6516300"></trkpt>
      <trkpt lat="42.1979600" lon="12.6516100"></trkpt>
      <trkpt lat="42.1979500" lon="12.6516100"></trkpt>
      <trkpt lat="42.1976500" lon="12.6515100"></trkpt>
      <trkpt lat="42.1972700" lon="12.6514100"></trkpt>
      <trkpt lat="42.1969700" lon="12.6513100"></trkpt>
      <trkpt lat="42.1967300" lon="12.6512000"></trkpt>
      <trkpt lat="42.1967000" lon="12.6511800"></trkpt>
      <trkpt lat="42.1963700" lon="12.6509900"></trkpt>
      <trkpt lat="42.1962900" lon="12.6509300"></trkpt>
      <trkpt lat="42.1959000" lon="12.6506300"></trkpt>
      <trkpt lat="42.1957500" lon="12.6505200"></trkpt>
      <trkpt lat="42.1954600" lon="12.6502100"></trkpt>
      <trkpt lat="42.1953400" lon="12.6500300"></trkpt>
      <trkpt lat="42.1953000" lon="12.6499700"></trkpt>
      <trkpt lat="42.1951900" lon="12.6497600"></trkpt>
      <trkpt lat="42.1951100" lon="12.6495700"></trkpt>
      <trkpt lat="42.1949600" lon="12.6492000"></trkpt>
      <trkpt lat="42.1948100" lon="12.6488500"></trkpt>
      <trkpt lat="42.1947400" lon="12.6486800"></trkpt>
      <trkpt lat="42.1946900" lon="12.6485600"></trkpt>
      <trkpt lat="42.1945700" lon="12.6482600"></trkpt>
      <trkpt lat="42.1945200" lon="12.6481400"></trkpt>
      <trkpt lat="42.1944800" lon="12.6480400"></trkpt>
      <trkpt lat="42.1944000" lon="12.6478300"></trkpt>
      <trkpt lat="42.1943800" lon="12.6477800"></trkpt>
      <trkpt lat="42.1943600" lon="12.6477100"></trkpt>
      <trkpt lat="42.1942000" lon="12.6472000"></trkpt>
      <trkpt lat="42.1940800" lon="12.6467300"></trkpt>
      <trkpt lat="42.1939100" lon="12.6460500"></trkpt>
      <trkpt lat="42.1939100" lon="12.6460400"></trkpt>
      <trkpt lat="42.1938500" lon="12.6458200"></trkpt>
      <trkpt lat="42.1937900" lon="12.6455900"></trkpt>
      <trkpt lat="42.1937600" lon="12.6455000"></trkpt>
      <trkpt lat="42.1937000" lon="12.6453800"></trkpt>
      <trkpt lat="42.1936700" lon="12.6453200"></trkpt>
      <trkpt lat="42.1936200" lon="12.6452400"></trkpt>
      <trkpt lat="42.1935800" lon="12.6451900"></trkpt>
      <trkpt lat="42.1935600" lon="12.6451700"></trkpt>
      <trkpt lat="42.1934900" lon="12.6450600"></trkpt>
      <trkpt lat="42.1934100" lon="12.6449900"></trkpt>
      <trkpt lat="42.1932300" lon="12.6448100"></trkpt>
      <trkpt lat="42.1931200" lon="12.6447100"></trkpt>
      <trkpt lat="42.1930200" lon="12.6446300"></trkpt>
      <trkpt lat="42.1928600" lon="12.6445000"></trkpt>
      <trkpt lat="42.1927100" lon="12.6443800"></trkpt>
      <trkpt lat="42.1922400" lon="12.6439400"></trkpt>
      <trkpt lat="42.1919400" lon="12.6436300"></trkpt>
      <trkpt lat="42.1917300" lon="12.6434200"></trkpt>
      <trkpt lat="42.1916300" lon="12.6433200"></trkpt>
      <trkpt lat="42.1914100" lon="12.6431000"></trkpt>
      <trkpt lat="42.1908300" lon="12.6425300"></trkpt>
      <trkpt lat="42.1907900" lon="12.6424900"></trkpt>
      <trkpt lat="42.1904300" lon="12.6421800"></trkpt>
      <trkpt lat="42.1903500" lon="12.6421000"></trkpt>
      <trkpt lat="42.1902500" lon="12.6420200"></trkpt>
      <trkpt lat="42.1901700" lon="12.6419700"></trkpt>
      <trkpt lat="42.1901100" lon="12.6419400"></trkpt>
      <trkpt lat="42.1900700" lon="12.6419200"></trkpt>
      <trkpt lat="42.1899000" lon="12.6418400"></trkpt>
      <trkpt lat="42.1897200" lon="12.6417700"></trkpt>
      <trkpt lat="42.1894100" lon="12.6416400"></trkpt>
      <trkpt lat="42.1893800" lon="12.6416300"></trkpt>
      <trkpt lat="42.1892100" lon="12.6415400"></trkpt>
      <trkpt lat="42.1891300" lon="12.6415000"></trkpt>
      <trkpt lat="42.1890000" lon="12.6414000"></trkpt>
      <trkpt lat="42.1889100" lon="12.6412900"></trkpt>
      <trkpt lat="42.1888500" lon="12.6412300"></trkpt>
      <trkpt lat="42.1887700" lon="12.6411200"></trkpt>
      <trkpt lat="42.1885400" lon="12.6407900"></trkpt>
      <trkpt lat="42.1885300" lon="12.6407600"></trkpt>
      <trkpt lat="42.1885100" lon="12.6407500"></trkpt>
      <trkpt lat="42.1884300" lon="12.6406100"></trkpt>
      <trkpt lat="42.1883200" lon="12.6404300"></trkpt>
      <trkpt lat="42.1883200" lon="12.6404200"></trkpt>
      <trkpt lat="42.1882300" lon="12.6402700"></trkpt>
      <trkpt lat="42.1882200" lon="12.6402400"></trkpt>
      <trkpt lat="42.1882000" lon="12.6402300"></trkpt>
      <trkpt lat="42.1881300" lon="12.6401300"></trkpt>
      <trkpt lat="42.1880600" lon="12.6400800"></trkpt>
      <trkpt lat="42.1880500" lon="12.6400600"></trkpt>
      <trkpt lat="42.1877600" lon="12.6398200"></trkpt>
      <trkpt lat="42.1876000" lon="12.6397000"></trkpt>
      <trkpt lat="42.1875500" lon="12.6396500"></trkpt>
      <trkpt lat="42.1875200" lon="12.6396200"></trkpt>
      <trkpt lat="42.1872900" lon="12.6394700"></trkpt>
      <trkpt lat="42.1867300" lon="12.6391800"></trkpt>
      <trkpt lat="42.1866600" lon="12.6391500"></trkpt>
      <trkpt lat="42.1862400" lon="12.6389900"></trkpt>
      <trkpt lat="42.1859200" lon="12.6388000"></trkpt>
      <trkpt lat="42.1858000" lon="12.6386800"></trkpt>
      <trkpt lat="42.1857200" lon="12.6385900"></trkpt>
      <trkpt lat="42.1856500" lon="12.6385000"></trkpt>
      <trkpt lat="42.1855300" lon="12.6383100"></trkpt>
      <trkpt lat="42.1854900" lon="12.6382600"></trkpt>
      <trkpt lat="42.1852500" lon="12.6379100"></trkpt>
      <trkpt lat="42.1850000" lon="12.6375600"></trkpt>
      <trkpt lat="42.1849800" lon="12.6375400"></trkpt>
      <trkpt lat="42.1847200" lon="12.6372900"></trkpt>
      <trkpt lat="42.1846800" lon="12.6372500"></trkpt>
      <trkpt lat="42.1846100" lon="12.6372000"></trkpt>
      <trkpt lat="42.1844200" lon="12.6370200"></trkpt>
      <trkpt lat="42.1843200" lon="12.6369300"></trkpt>
      <trkpt lat="42.1842700" lon="12.6368900"></trkpt>
      <trkpt lat="42.1841400" lon="12.6368000"></trkpt>
      <trkpt lat="42.1841100" lon="12.6367800"></trkpt>
      <trkpt lat="42.1839700" lon="12.6367000"></trkpt>
      <trkpt lat="42.1838100" lon="12.6366300"></trkpt>
      <trkpt lat="42.1837200" lon="12.6366100"></trkpt>
      <trkpt lat="42.1837000" lon="12.6366000"></trkpt>
      <trkpt lat="42.1834300" lon="12.6365600"></trkpt>
      <trkpt lat="42.1833600" lon="12.6365500"></trkpt>
      <trkpt lat="42.1827200" lon="12.6364300"></trkpt>
      <trkpt lat="42.1821300" lon="12.6363700"></trkpt>
      <trkpt lat="42.1816200" lon="12.6361900"></trkpt>
      <trkpt lat="42.1815300" lon="12.6361600"></trkpt>
      <trkpt lat="42.1814500" lon="12.6361300"></trkpt>
      <trkpt lat="42.1810300" lon="12.6359900"></trkpt>
      <trkpt lat="42.1810100" lon="12.6359800"></trkpt>
      <trkpt lat="42.1809100" lon="12.6359500"></trkpt>
      <trkpt lat="42.1807700" lon="12.6359100"></trkpt>
      <trkpt lat="42.1807500" lon="12.6359100"></trkpt>
      <trkpt lat="42.1806600" lon="12.6358900"></trkpt>
      <trkpt lat="42.1805700" lon="12.6358700"></trkpt>
      <trkpt lat="42.1805500" lon="12.6358700"></trkpt>
      <trkpt lat="42.1803900" lon="12.6358500"></trkpt>
      <trkpt lat="42.1802800" lon="12.6358400"></trkpt>
      <trkpt lat="42.1802100" lon="12.6358400"></trkpt>
      <trkpt lat="42.1801900" lon="12.6358400"></trkpt>
      <trkpt lat="42.1801200" lon="12.6358400"></trkpt>
      <trkpt lat="42.1800400" lon="12.6358400"></trkpt>
      <trkpt lat="42.1797700" lon="12.6358500"></trkpt>
      <trkpt lat="42.1792800" lon="12.6359200"></trkpt>
      <trkpt lat="42.1789100" lon="12.6360300"></trkpt>
      <trkpt lat="42.1788800" lon="12.6360400"></trkpt>
      <trkpt lat="42.1788400" lon="12.6360700"></trkpt>
      <trkpt lat="42.1788000" lon="12.6361100"></trkpt>
      <trkpt lat="42.1787700" lon="12.6361400"></trkpt>
      <trkpt lat="42.1787100" lon="12.6362300"></trkpt>
      <trkpt lat="42.1784700" lon="12.6366700"></trkpt>
      <trkpt lat="42.1784100" lon="12.6368100"></trkpt>
      <trkpt lat="42.1783400" lon="12.6369900"></trkpt>
      <trkpt lat="42.1783300" lon="12.6370000"></trkpt>
      <trkpt lat="42.1781900" lon="12.6372800"></trkpt>
      <trkpt lat="42.1781100" lon="12.6373700"></trkpt>
      <trkpt lat="42.1780700" lon="12.6374200"></trkpt>
      <trkpt lat="42.1779900" lon="12.6374900"></trkpt>
      <trkpt lat="42.1779600" lon="12.6375000"></trkpt>
      <trkpt lat="42.1778900" lon="12.6375400"></trkpt>
      <trkpt lat="42.1778000" lon="12.6375700"></trkpt>
      <trkpt lat="42.1777900" lon="12.6375700"></trkpt>
      <trkpt lat="42.1776800" lon="12.6375900"></trkpt>
      <trkpt lat="42.1775600" lon="12.6375900"></trkpt>
      <trkpt lat="42.1774200" lon="12.6375500"></trkpt>
      <trkpt lat="42.1772700" lon="12.6374500"></trkpt>
      <trkpt lat="42.1770400" lon="12.6372900"></trkpt>
      <trkpt lat="42.1766900" lon="12.6370800"></trkpt>
      <trkpt lat="42.1764600" lon="12.6369200"></trkpt>
      <trkpt lat="42.1762600" lon="12.6367900"></trkpt>
      <trkpt lat="42.1761000" lon="12.6366900"></trkpt>
      <trkpt lat="42.1760000" lon="12.6366400"></trkpt>
      <trkpt lat="42.1759700" lon="12.6366200"></trkpt>
      <trkpt lat="42.1758100" lon="12.6365700"></trkpt>
      <trkpt lat="42.1756600" lon="12.6365300"></trkpt>
      <trkpt lat="42.1753900" lon="12.6364500"></trkpt>
      <trkpt lat="42.1752300" lon="12.6364100"></trkpt>
      <trkpt lat="42.1750900" lon="12.6363700"></trkpt>
      <trkpt lat="42.1745600" lon="12.6362400"></trkpt>
      <trkpt lat="42.1743800" lon="12.6362000"></trkpt>
      <trkpt lat="42.1740600" lon="12.6361200"></trkpt>
      <trkpt lat="42.1736700" lon="12.6360400"></trkpt>
      <trkpt lat="42.1734900" lon="12.6360000"></trkpt>
      <trkpt lat="42.1730500" lon="12.6359100"></trkpt>
      <trkpt lat="42.1728400" lon="12.6358600"></trkpt>
      <trkpt lat="42.1727800" lon="12.6358500"></trkpt>
      <trkpt lat="42.1727500" lon="12.6358400"></trkpt>
      <trkpt lat="42.1726000" lon="12.6358000"></trkpt>
      <trkpt lat="42.1725900" lon="12.6358000"></trkpt>
      <trkpt lat="42.1724300" lon="12.6357200"></trkpt>
      <trkpt lat="42.1722600" lon="12.6356500"></trkpt>
      <trkpt lat="42.1721300" lon="12.6355800"></trkpt>
      <trkpt lat="42.1719200" lon="12.6354900"></trkpt>
      <trkpt lat="42.1718700" lon="12.6354600"></trkpt>
      <trkpt lat="42.1717500" lon="12.6354100"></trkpt>
      <trkpt lat="42.1717000" lon="12.6353800"></trkpt>
      <trkpt lat="42.1716500" lon="12.6353800"></trkpt>
      <trkpt lat="42.1715900" lon="12.6353700"></trkpt>
      <trkpt lat="42.1715300" lon="12.6353700"></trkpt>
      <trkpt lat="42.1714600" lon="12.6353800"></trkpt>
      <trkpt lat="42.1714000" lon="12.6353900"></trkpt>
      <trkpt lat="42.1713400" lon="12.6354200"></trkpt>
      <trkpt lat="42.1712100" lon="12.6355100"></trkpt>
      <trkpt lat="42.1711400" lon="12.6355700"></trkpt>
      <trkpt lat="42.1710800" lon="12.6356200"></trkpt>
      <trkpt lat="42.1707300" lon="12.6359400"></trkpt>
      <trkpt lat="42.1707100" lon="12.6359700"></trkpt>
      <trkpt lat="42.1703600" lon="12.6363500"></trkpt>
      <trkpt lat="42.1700800" lon="12.6366300"></trkpt>
      <trkpt lat="42.1700200" lon="12.6366900"></trkpt>
      <trkpt lat="42.1696600" lon="12.6370500"></trkpt>
      <trkpt lat="42.1695900" lon="12.6371100"></trkpt>
      <trkpt lat="42.1694200" lon="12.6373000"></trkpt>
      <trkpt lat="42.1692300" lon="12.6374600"></trkpt>
      <trkpt lat="42.1689700" lon="12.6377100"></trkpt>
      <trkpt lat="42.1689500" lon="12.6377400"></trkpt>
      <trkpt lat="42.1688100" lon="12.6379000"></trkpt>
      <trkpt lat="42.1687400" lon="12.6379900"></trkpt>
      <trkpt lat="42.1687200" lon="12.6380100"></trkpt>
      <trkpt lat="42.1687100" lon="12.6380300"></trkpt>
      <trkpt lat="42.1683400" lon="12.6386300"></trkpt>
      <trkpt lat="42.1681000" lon="12.6389900"></trkpt>
      <trkpt lat="42.1679700" lon="12.6391900"></trkpt>
      <trkpt lat="42.1679400" lon="12.6392500"></trkpt>
      <trkpt lat="42.1678700" lon="12.6393500"></trkpt>
      <trkpt lat="42.1678600" lon="12.6393600"></trkpt>
      <trkpt lat="42.1676200" lon="12.6397400"></trkpt>
      <trkpt lat="42.1676000" lon="12.6397600"></trkpt>
      <trkpt lat="42.1672600" lon="12.6403600"></trkpt>
      <trkpt lat="42.1668200" lon="12.6411000"></trkpt>
      <trkpt lat="42.1667200" lon="12.6412700"></trkpt>
      <trkpt lat="42.1667100" lon="12.6412700"></trkpt>
      <trkpt lat="42.1667000" lon="12.6412700"></trkpt>
      <trkpt lat="42.1666200" lon="12.6414100"></trkpt>
      <trkpt lat="42.1665500" lon="12.6415600"></trkpt>
      <trkpt lat="42.1664900" lon="12.6416700"></trkpt>
      <trkpt lat="42.1664600" lon="12.6417200"></trkpt>
      <trkpt lat="42.1664500" lon="12.6417300"></trkpt>
      <trkpt lat="42.1664400" lon="12.6417300"></trkpt>
      <trkpt lat="42.1664300" lon="12.6417400"></trkpt>
      <trkpt lat="42.1664200" lon="12.6417500"></trkpt>
      <trkpt lat="42.1664100" lon="12.6417600"></trkpt>
      <trkpt lat="42.1664000" lon="12.6417700"></trkpt>
      <trkpt lat="42.1664000" lon="12.6417800"></trkpt>
      <trkpt lat="42.1664000" lon="12.6417900"></trkpt>
      <trkpt lat="42.1663900" lon="12.6418000"></trkpt>
      <trkpt lat="42.1663900" lon="12.6418100"></trkpt>
      <trkpt lat="42.1663800" lon="12.6418200"></trkpt>
      <trkpt lat="42.1663800" lon="12.6418300"></trkpt>
      <trkpt lat="42.1663800" lon="12.6418400"></trkpt>
      <trkpt lat="42.1663800" lon="12.6418500"></trkpt>
      <trkpt lat="42.1663800" lon="12.6418600"></trkpt>
      <trkpt lat="42.1663200" lon="12.6419300"></trkpt>
      <trkpt lat="42.1661900" lon="12.6420700"></trkpt>
      <trkpt lat="42.1661400" lon="12.6421400"></trkpt>
      <trkpt lat="42.1661300" lon="12.6421500"></trkpt>
      <trkpt lat="42.1661300" lon="12.6421600"></trkpt>
      <trkpt lat="42.1659000" lon="12.6424100"></trkpt>
      <trkpt lat="42.1657100" lon="12.6426200"></trkpt>
      <trkpt lat="42.1655700" lon="12.6427700"></trkpt>
      <trkpt lat="42.1653300" lon="12.6430300"></trkpt>
      <trkpt lat="42.1651300" lon="12.6432500"></trkpt>
      <trkpt lat="42.1650100" lon="12.6433800"></trkpt>
      <trkpt lat="42.1649100" lon="12.6435000"></trkpt>
      <trkpt lat="42.1646400" lon="12.6438600"></trkpt>
      <trkpt lat="42.1644600" lon="12.6441100"></trkpt>
      <trkpt lat="42.1644300" lon="12.6441500"></trkpt>
      <trkpt lat="42.1644000" lon="12.6441900"></trkpt>
      <trkpt lat="42.1643900" lon="12.6441900"></trkpt>
      <trkpt lat="42.1641700" lon="12.6445200"></trkpt>
      <trkpt lat="42.1641400" lon="12.6445600"></trkpt>
      <trkpt lat="42.1640600" lon="12.6447000"></trkpt>
      <trkpt lat="42.1639500" lon="12.6448900"></trkpt>
      <trkpt lat="42.1637300" lon="12.6452800"></trkpt>
      <trkpt lat="42.1635500" lon="12.6455800"></trkpt>
      <trkpt lat="42.1634500" lon="12.6458200"></trkpt>
      <trkpt lat="42.1634300" lon="12.6458700"></trkpt>
      <trkpt lat="42.1631200" lon="12.6465400"></trkpt>
      <trkpt lat="42.1630700" lon="12.6465700"></trkpt>
      <trkpt lat="42.1630600" lon="12.6465800"></trkpt>
      <trkpt lat="42.1630500" lon="12.6465900"></trkpt>
      <trkpt lat="42.1629700" lon="12.6467700"></trkpt>
      <trkpt lat="42.1629500" lon="12.6468000"></trkpt>
      <trkpt lat="42.1628900" lon="12.6468000"></trkpt>
      <trkpt lat="42.1628400" lon="12.6468200"></trkpt>
      <trkpt lat="42.1627800" lon="12.6468500"></trkpt>
      <trkpt lat="42.1627700" lon="12.6468600"></trkpt>
      <trkpt lat="42.1627200" lon="12.6469000"></trkpt>
      <trkpt lat="42.1626500" lon="12.6469900"></trkpt>
      <trkpt lat="42.1626000" lon="12.6470500"></trkpt>
      <trkpt lat="42.1625500" lon="12.6471000"></trkpt>
      <trkpt lat="42.1625000" lon="12.6471400"></trkpt>
      <trkpt lat="42.1624400" lon="12.6471800"></trkpt>
      <trkpt lat="42.1623800" lon="12.6471900"></trkpt>
      <trkpt lat="42.1622700" lon="12.6471500"></trkpt>
      <trkpt lat="42.1621400" lon="12.6469800"></trkpt>
      <trkpt lat="42.1621200" lon="12.6469600"></trkpt>
      <trkpt lat="42.1620100" lon="12.6468100"></trkpt>
      <trkpt lat="42.1619800" lon="12.6467600"></trkpt>
      <trkpt lat="42.1618800" lon="12.6465600"></trkpt>
      <trkpt lat="42.1618100" lon="12.6464200"></trkpt>
      <trkpt lat="42.1618000" lon="12.6464000"></trkpt>
      <trkpt lat="42.1617900" lon="12.6463700"></trkpt>
      <trkpt lat="42.1617900" lon="12.6463500"></trkpt>
      <trkpt lat="42.1616700" lon="12.6459800"></trkpt>
      <trkpt lat="42.1616700" lon="12.6459700"></trkpt>
      <trkpt lat="42.1615400" lon="12.6454400"></trkpt>
      <trkpt lat="42.1615200" lon="12.6453800"></trkpt>
      <trkpt lat="42.1614700" lon="12.6452200"></trkpt>
      <trkpt lat="42.1614400" lon="12.6451200"></trkpt>
      <trkpt lat="42.1614200" lon="12.6450700"></trkpt>
      <trkpt lat="42.1614100" lon="12.6450400"></trkpt>
      <trkpt lat="42.1614000" lon="12.6450100"></trkpt>
      <trkpt lat="42.1614000" lon="12.6450000"></trkpt>
      <trkpt lat="42.1613100" lon="12.6447300"></trkpt>
      <trkpt lat="42.1612600" lon="12.6446300"></trkpt>
      <trkpt lat="42.1612500" lon="12.6446000"></trkpt>
      <trkpt lat="42.1612400" lon="12.6445600"></trkpt>
      <trkpt lat="42.1611900" lon="12.6444600"></trkpt>
      <trkpt lat="42.1611700" lon="12.6444300"></trkpt>
      <trkpt lat="42.1611400" lon="12.6443800"></trkpt>
      <trkpt lat="42.1610900" lon="12.6442700"></trkpt>
      <trkpt lat="42.1610600" lon="12.6442300"></trkpt>
      <trkpt lat="42.1610200" lon="12.6441700"></trkpt>
      <trkpt lat="42.1609800" lon="12.6441000"></trkpt>
      <trkpt lat="42.1609000" lon="12.6440000"></trkpt>
      <trkpt lat="42.1608800" lon="12.6439800"></trkpt>
      <trkpt lat="42.1608000" lon="12.6438900"></trkpt>
      <trkpt lat="42.1607700" lon="12.6438600"></trkpt>
      <trkpt lat="42.1606800" lon="12.6437700"></trkpt>
      <trkpt lat="42.1604800" lon="12.6436000"></trkpt>
      <trkpt lat="42.1601900" lon="12.6434500"></trkpt>
      <trkpt lat="42.1600000" lon="12.6433800"></trkpt>
      <trkpt lat="42.1598200" lon="12.6433200"></trkpt>
      <trkpt lat="42.1596100" lon="12.6432600"></trkpt>
      <trkpt lat="42.1594700" lon="12.6432200"></trkpt>
      <trkpt lat="42.1591200" lon="12.6431300"></trkpt>
      <trkpt lat="42.1590600" lon="12.6431200"></trkpt>
      <trkpt lat="42.1589800" lon="12.6431000"></trkpt>
      <trkpt lat="42.1589700" lon="12.6431000"></trkpt>
      <trkpt lat="42.1587000" lon="12.6430200"></trkpt>
      <trkpt lat="42.1585900" lon="12.6430000"></trkpt>
      <trkpt lat="42.1584500" lon="12.6429700"></trkpt>
      <trkpt lat="42.1583700" lon="12.6429500"></trkpt>
      <trkpt lat="42.1578700" lon="12.6428100"></trkpt>
      <trkpt lat="42.1573900" lon="12.6426900"></trkpt>
      <trkpt lat="42.1572600" lon="12.6426600"></trkpt>
      <trkpt lat="42.1569200" lon="12.6425600"></trkpt>
      <trkpt lat="42.1567500" lon="12.6425300"></trkpt>
      <trkpt lat="42.1565800" lon="12.6424800"></trkpt>
      <trkpt lat="42.1560600" lon="12.6423600"></trkpt>
      <trkpt lat="42.1559000" lon="12.6423100"></trkpt>
      <trkpt lat="42.1557900" lon="12.6422800"></trkpt>
      <trkpt lat="42.1555400" lon="12.6422000"></trkpt>
      <trkpt lat="42.1554800" lon="12.6421900"></trkpt>
      <trkpt lat="42.1553200" lon="12.6421600"></trkpt>
      <trkpt lat="42.1553100" lon="12.6421600"></trkpt>
      <trkpt lat="42.1550900" lon="12.6420800"></trkpt>
      <trkpt lat="42.1549100" lon="12.6420300"></trkpt>
      <trkpt lat="42.1547600" lon="12.6419900"></trkpt>
      <trkpt lat="42.1546800" lon="12.6419700"></trkpt>
      <trkpt lat="42.1546000" lon="12.6419500"></trkpt>
      <trkpt lat="42.1545700" lon="12.6419500"></trkpt>
      <trkpt lat="42.1544300" lon="12.6419200"></trkpt>
      <trkpt lat="42.1543000" lon="12.6418900"></trkpt>
      <trkpt lat="42.1541700" lon="12.6418500"></trkpt>
      <trkpt lat="42.1539800" lon="12.6417800"></trkpt>
      <trkpt lat="42.1539600" lon="12.6417700"></trkpt>
      <trkpt lat="42.1536600" lon="12.6416400"></trkpt>
      <trkpt lat="42.1536600" lon="12.6416300"></trkpt>
      <trkpt lat="42.1536200" lon="12.6416200"></trkpt>
      <trkpt lat="42.1536200" lon="12.6416100"></trkpt>
      <trkpt lat="42.1535100" lon="12.6415200"></trkpt>
      <trkpt lat="42.1534100" lon="12.6414300"></trkpt>
      <trkpt lat="42.1533600" lon="12.6413800"></trkpt>
      <trkpt lat="42.1533600" lon="12.6413700"></trkpt>
      <trkpt lat="42.1532700" lon="12.6412700"></trkpt>
      <trkpt lat="42.1532400" lon="12.6412200"></trkpt>
      <trkpt lat="42.1531300" lon="12.6410400"></trkpt>
      <trkpt lat="42.1530300" lon="12.6408700"></trkpt>
      <trkpt lat="42.1528100" lon="12.6404500"></trkpt>
      <trkpt lat="42.1527900" lon="12.6403700"></trkpt>
      <trkpt lat="42.1526700" lon="12.6400400"></trkpt>
      <trkpt lat="42.1525000" lon="12.6395100"></trkpt>
      <trkpt lat="42.1523700" lon="12.6391200"></trkpt>
      <trkpt lat="42.1522900" lon="12.6388700"></trkpt>
      <trkpt lat="42.1522400" lon="12.6387400"></trkpt>
      <trkpt lat="42.1521600" lon="12.6384800"></trkpt>
      <trkpt lat="42.1520700" lon="12.6382300"></trkpt>
      <trkpt lat="42.1520000" lon="12.6380300"></trkpt>
      <trkpt lat="42.1519800" lon="12.6379800"></trkpt>
      <trkpt lat="42.1518500" lon="12.6376400"></trkpt>
      <trkpt lat="42.1518100" lon="12.6375200"></trkpt>
      <trkpt lat="42.1517700" lon="12.6374100"></trkpt>
      <trkpt lat="42.1513100" lon="12.6360000"></trkpt>
      <trkpt lat="42.1512800" lon="12.6359100"></trkpt>
      <trkpt lat="42.1512200" lon="12.6356900"></trkpt>
      <trkpt lat="42.1511900" lon="12.6356000"></trkpt>
      <trkpt lat="42.1510900" lon="12.6352900"></trkpt>
      <trkpt lat="42.1508600" lon="12.6345800"></trkpt>
      <trkpt lat="42.1507800" lon="12.6343600"></trkpt>
      <trkpt lat="42.1507600" lon="12.6342700"></trkpt>
      <trkpt lat="42.1507100" lon="12.6341300"></trkpt>
      <trkpt lat="42.1506400" lon="12.6339100"></trkpt>
      <trkpt lat="42.1506200" lon="12.6338600"></trkpt>
      <trkpt lat="42.1503500" lon="12.6330500"></trkpt>
      <trkpt lat="42.1503000" lon="12.6328700"></trkpt>
      <trkpt lat="42.1502600" lon="12.6327300"></trkpt>
      <trkpt lat="42.1502000" lon="12.6325200"></trkpt>
      <trkpt lat="42.1501800" lon="12.6324100"></trkpt>
      <trkpt lat="42.1501600" lon="12.6323400"></trkpt>
      <trkpt lat="42.1501300" lon="12.6321800"></trkpt>
      <trkpt lat="42.1501100" lon="12.6320500"></trkpt>
      <trkpt lat="42.1500900" lon="12.6319000"></trkpt>
      <trkpt lat="42.1500700" lon="12.6317500"></trkpt>
      <trkpt lat="42.1500600" lon="12.6316500"></trkpt>
      <trkpt lat="42.1500400" lon="12.6314900"></trkpt>
      <trkpt lat="42.1500300" lon="12.6313400"></trkpt>
      <trkpt lat="42.1500000" lon="12.6308500"></trkpt>
      <trkpt lat="42.1499800" lon="12.6304200"></trkpt>
      <trkpt lat="42.1499700" lon="12.6303200"></trkpt>
      <trkpt lat="42.1499500" lon="12.6298500"></trkpt>
      <trkpt lat="42.1499100" lon="12.6291500"></trkpt>
      <trkpt lat="42.1498800" lon="12.6287000"></trkpt>
      <trkpt lat="42.1498600" lon="12.6282700"></trkpt>
      <trkpt lat="42.1498400" lon="12.6280000"></trkpt>
      <trkpt lat="42.1498300" lon="12.6277600"></trkpt>
      <trkpt lat="42.1498300" lon="12.6277500"></trkpt>
      <trkpt lat="42.1498000" lon="12.6272700"></trkpt>
      <trkpt lat="42.1497900" lon="12.6270300"></trkpt>
      <trkpt lat="42.1497800" lon="12.6268700"></trkpt>
      <trkpt lat="42.1497700" lon="12.6267900"></trkpt>
      <trkpt lat="42.1497400" lon="12.6261200"></trkpt>
      <trkpt lat="42.1497000" lon="12.6255600"></trkpt>
      <trkpt lat="42.1496800" lon="12.6251200"></trkpt>
      <trkpt lat="42.1496800" lon="12.6251000"></trkpt>
      <trkpt lat="42.1496700" lon="12.6249600"></trkpt>
      <trkpt lat="42.1496600" lon="12.6248600"></trkpt>
      <trkpt lat="42.1496500" lon="12.6246900"></trkpt>
      <trkpt lat="42.1496300" lon="12.6243600"></trkpt>
      <trkpt lat="42.1496000" lon="12.6241100"></trkpt>
      <trkpt lat="42.1495800" lon="12.6239800"></trkpt>
      <trkpt lat="42.1495500" lon="12.6238300"></trkpt>
      <trkpt lat="42.1494600" lon="12.6234300"></trkpt>
      <trkpt lat="42.1494000" lon="12.6232100"></trkpt>
      <trkpt lat="42.1493400" lon="12.6230000"></trkpt>
      <trkpt lat="42.1492500" lon="12.6227100"></trkpt>
      <trkpt lat="42.1492100" lon="12.6225700"></trkpt>
      <trkpt lat="42.1491700" lon="12.6224300"></trkpt>
      <trkpt lat="42.1491200" lon="12.6222800"></trkpt>
      <trkpt lat="42.1490700" lon="12.6221500"></trkpt>
      <trkpt lat="42.1490500" lon="12.6220900"></trkpt>
      <trkpt lat="42.1490200" lon="12.6220100"></trkpt>
      <trkpt lat="42.1489700" lon="12.6218800"></trkpt>
      <trkpt lat="42.1489200" lon="12.6217600"></trkpt>
      <trkpt lat="42.1488800" lon="12.6216500"></trkpt>
      <trkpt lat="42.1487700" lon="12.6214400"></trkpt>
      <trkpt lat="42.1486900" lon="12.6212800"></trkpt>
      <trkpt lat="42.1485700" lon="12.6210600"></trkpt>
      <trkpt lat="42.1485000" lon="12.6209500"></trkpt>
      <trkpt lat="42.1483800" lon="12.6207500"></trkpt>
      <trkpt lat="42.1482400" lon="12.6205600"></trkpt>
      <trkpt lat="42.1475700" lon="12.6196600"></trkpt>
      <trkpt lat="42.1475100" lon="12.6195800"></trkpt>
      <trkpt lat="42.1472400" lon="12.6192100"></trkpt>
      <trkpt lat="42.1468500" lon="12.6187000"></trkpt>
      <trkpt lat="42.1465100" lon="12.6182200"></trkpt>
      <trkpt lat="42.1464800" lon="12.6181800"></trkpt>
      <trkpt lat="42.1461300" lon="12.6177100"></trkpt>
      <trkpt lat="42.1456100" lon="12.6170100"></trkpt>
      <trkpt lat="42.1445600" lon="12.6156100"></trkpt>
      <trkpt lat="42.1444700" lon="12.6154800"></trkpt>
      <trkpt lat="42.1434400" lon="12.6141000"></trkpt>
      <trkpt lat="42.1432000" lon="12.6137800"></trkpt>
      <trkpt lat="42.1430700" lon="12.6136000"></trkpt>
      <trkpt lat="42.1423000" lon="12.6125600"></trkpt>
      <trkpt lat="42.1421300" lon="12.6123500"></trkpt>
      <trkpt lat="42.1419600" lon="12.6121400"></trkpt>
      <trkpt lat="42.1419000" lon="12.6120700"></trkpt>
      <trkpt lat="42.1418200" lon="12.6119800"></trkpt>
      <trkpt lat="42.1416500" lon="12.6118100"></trkpt>
      <trkpt lat="42.1414600" lon="12.6116400"></trkpt>
      <trkpt lat="42.1413000" lon="12.6115100"></trkpt>
      <trkpt lat="42.1410000" lon="12.6112900"></trkpt>
      <trkpt lat="42.1408300" lon="12.6111900"></trkpt>
      <trkpt lat="42.1407400" lon="12.6111400"></trkpt>
      <trkpt lat="42.1407100" lon="12.6111200"></trkpt>
      <trkpt lat="42.1406600" lon="12.6110900"></trkpt>
      <trkpt lat="42.1404400" lon="12.6109800"></trkpt>
      <trkpt lat="42.1400500" lon="12.6108100"></trkpt>
      <trkpt lat="42.1393000" lon="12.6104800"></trkpt>
      <trkpt lat="42.1392500" lon="12.6104600"></trkpt>
      <trkpt lat="42.1392400" lon="12.6104600"></trkpt>
      <trkpt lat="42.1391900" lon="12.6104300"></trkpt>
      <trkpt lat="42.1382000" lon="12.6100000"></trkpt>
      <trkpt lat="42.1380000" lon="12.6099100"></trkpt>
      <trkpt lat="42.1378100" lon="12.6098200"></trkpt>
      <trkpt lat="42.1376400" lon="12.6097400"></trkpt>
      <trkpt lat="42.1376000" lon="12.6097100"></trkpt>
      <trkpt lat="42.1374900" lon="12.6096400"></trkpt>
      <trkpt lat="42.1372400" lon="12.6094700"></trkpt>
      <trkpt lat="42.1371100" lon="12.6093800"></trkpt>
      <trkpt lat="42.1370300" lon="12.6093200"></trkpt>
      <trkpt lat="42.1366500" lon="12.6089700"></trkpt>
      <trkpt lat="42.1364500" lon="12.6088000"></trkpt>
      <trkpt lat="42.1362300" lon="12.6086000"></trkpt>
      <trkpt lat="42.1362100" lon="12.6085800"></trkpt>
      <trkpt lat="42.1360900" lon="12.6084800"></trkpt>
      <trkpt lat="42.1360800" lon="12.6084700"></trkpt>
      <trkpt lat="42.1360200" lon="12.6084200"></trkpt>
      <trkpt lat="42.1358900" lon="12.6083100"></trkpt>
      <trkpt lat="42.1357200" lon="12.6081600"></trkpt>
      <trkpt lat="42.1355600" lon="12.6080200"></trkpt>
      <trkpt lat="42.1349300" lon="12.6074600"></trkpt>
      <trkpt lat="42.1345500" lon="12.6071000"></trkpt>
      <trkpt lat="42.1343200" lon="12.6068900"></trkpt>
      <trkpt lat="42.1342300" lon="12.6068400"></trkpt>
      <trkpt lat="42.1337000" lon="12.6063700"></trkpt>
      <trkpt lat="42.1335700" lon="12.6062700"></trkpt>
      <trkpt lat="42.1334800" lon="12.6062000"></trkpt>
      <trkpt lat="42.1333200" lon="12.6060800"></trkpt>
      <trkpt lat="42.1331400" lon="12.6059700"></trkpt>
      <trkpt lat="42.1330100" lon="12.6058900"></trkpt>
      <trkpt lat="42.1328500" lon="12.6058000"></trkpt>
      <trkpt lat="42.1326100" lon="12.6056600"></trkpt>
      <trkpt lat="42.1319100" lon="12.6052600"></trkpt>
      <trkpt lat="42.1315300" lon="12.6050300"></trkpt>
      <trkpt lat="42.1314500" lon="12.6049800"></trkpt>
      <trkpt lat="42.1314100" lon="12.6049500"></trkpt>
      <trkpt lat="42.1313200" lon="12.6048700"></trkpt>
      <trkpt lat="42.1313000" lon="12.6048600"></trkpt>
      <trkpt lat="42.1311500" lon="12.6047200"></trkpt>
      <trkpt lat="42.1310400" lon="12.6046100"></trkpt>
      <trkpt lat="42.1310100" lon="12.6045700"></trkpt>
      <trkpt lat="42.1309000" lon="12.6044600"></trkpt>
      <trkpt lat="42.1308700" lon="12.6044200"></trkpt>
      <trkpt lat="42.1308000" lon="12.6043300"></trkpt>
      <trkpt lat="42.1307400" lon="12.6042500"></trkpt>
      <trkpt lat="42.1306900" lon="12.6041700"></trkpt>
      <trkpt lat="42.1306200" lon="12.6040700"></trkpt>
      <trkpt lat="42.1306100" lon="12.6040500"></trkpt>
      <trkpt lat="42.1305100" lon="12.6038700"></trkpt>
      <trkpt lat="42.1303600" lon="12.6036000"></trkpt>
      <trkpt lat="42.1303000" lon="12.6034800"></trkpt>
      <trkpt lat="42.1301900" lon="12.6032900"></trkpt>
      <trkpt lat="42.1300800" lon="12.6030900"></trkpt>
      <trkpt lat="42.1299700" lon="12.6029000"></trkpt>
      <trkpt lat="42.1298700" lon="12.6027100"></trkpt>
      <trkpt lat="42.1297600" lon="12.6025100"></trkpt>
      <trkpt lat="42.1297000" lon="12.6024000"></trkpt>
      <trkpt lat="42.1296100" lon="12.6022400"></trkpt>
      <trkpt lat="42.1294800" lon="12.6019900"></trkpt>
      <trkpt lat="42.1294600" lon="12.6019400"></trkpt>
      <trkpt lat="42.1294000" lon="12.6018100"></trkpt>
      <trkpt lat="42.1293400" lon="12.6016400"></trkpt>
      <trkpt lat="42.1292500" lon="12.6014300"></trkpt>
      <trkpt lat="42.1292200" lon="12.6013700"></trkpt>
      <trkpt lat="42.1291700" lon="12.6012200"></trkpt>
      <trkpt lat="42.1291700" lon="12.6012100"></trkpt>
      <trkpt lat="42.1291100" lon="12.6009900"></trkpt>
      <trkpt lat="42.1290700" lon="12.6007800"></trkpt>
      <trkpt lat="42.1290700" lon="12.6007400"></trkpt>
      <trkpt lat="42.1290500" lon="12.6006700"></trkpt>
      <trkpt lat="42.1290400" lon="12.6005900"></trkpt>
      <trkpt lat="42.1290400" lon="12.6004600"></trkpt>
      <trkpt lat="42.1290400" lon="12.6003900"></trkpt>
      <trkpt lat="42.1290400" lon="12.6003100"></trkpt>
      <trkpt lat="42.1290500" lon="12.6002600"></trkpt>
      <trkpt lat="42.1290500" lon="12.6002000"></trkpt>
      <trkpt lat="42.1290700" lon="12.6000700"></trkpt>
      <trkpt lat="42.1290700" lon="12.6000200"></trkpt>
      <trkpt lat="42.1290900" lon="12.5998600"></trkpt>
      <trkpt lat="42.1291000" lon="12.5997800"></trkpt>
      <trkpt lat="42.1291300" lon="12.5995300"></trkpt>
      <trkpt lat="42.1291600" lon="12.5992900"></trkpt>
      <trkpt lat="42.1291800" lon="12.5990900"></trkpt>
      <trkpt lat="42.1291800" lon="12.5990500"></trkpt>
      <trkpt lat="42.1292000" lon="12.5988800"></trkpt>
      <trkpt lat="42.1292200" lon="12.5988000"></trkpt>
      <trkpt lat="42.1292400" lon="12.5987200"></trkpt>
      <trkpt lat="42.1293000" lon="12.5986400"></trkpt>
      <trkpt lat="42.1293400" lon="12.5986000"></trkpt>
      <trkpt lat="42.1293800" lon="12.5985700"></trkpt>
      <trkpt lat="42.1294000" lon="12.5985500"></trkpt>
      <trkpt lat="42.1294300" lon="12.5985200"></trkpt>
      <trkpt lat="42.1299000" lon="12.5984700"></trkpt>
      <trkpt lat="42.1303300" lon="12.5984300"></trkpt>
      <trkpt lat="42.1304300" lon="12.5984200"></trkpt>
      <trkpt lat="42.1305100" lon="12.5984100"></trkpt>
      <trkpt lat="42.1306100" lon="12.5984000"></trkpt>
      <trkpt lat="42.1306800" lon="12.5983900"></trkpt>
      <trkpt lat="42.1310400" lon="12.5983500"></trkpt>
      <trkpt lat="42.1312200" lon="12.5983300"></trkpt>
      <trkpt lat="42.1313900" lon="12.5983200"></trkpt>
      <trkpt lat="42.1314000" lon="12.5983200"></trkpt>
      <trkpt lat="42.1315800" lon="12.5982800"></trkpt>
      <trkpt lat="42.1317600" lon="12.5982400"></trkpt>
      <trkpt lat="42.1318100" lon="12.5982300"></trkpt>
      <trkpt lat="42.1318300" lon="12.5982300"></trkpt>
      <trkpt lat="42.1318500" lon="12.5982200"></trkpt>
      <trkpt lat="42.1319000" lon="12.5982100"></trkpt>
      <trkpt lat="42.1323600" lon="12.5981200"></trkpt>
      <trkpt lat="42.1326500" lon="12.5980600"></trkpt>
      <trkpt lat="42.1328100" lon="12.5980300"></trkpt>
      <trkpt lat="42.1329000" lon="12.5980100"></trkpt>
      <trkpt lat="42.1334000" lon="12.5979000"></trkpt>
      <trkpt lat="42.1336700" lon="12.5978400"></trkpt>
      <trkpt lat="42.1337300" lon="12.5978500"></trkpt>
      <trkpt lat="42.1337600" lon="12.5978500"></trkpt>
      <trkpt lat="42.1338500" lon="12.5978600"></trkpt>
      <trkpt lat="42.1342700" lon="12.5980100"></trkpt>
      <trkpt lat="42.1343900" lon="12.5980500"></trkpt>
      <trkpt lat="42.1344400" lon="12.5980600"></trkpt>
      <trkpt lat="42.1344900" lon="12.5980700"></trkpt>
      <trkpt lat="42.1345300" lon="12.5980600"></trkpt>
      <trkpt lat="42.1346000" lon="12.5980500"></trkpt>
      <trkpt lat="42.1347100" lon="12.5980200"></trkpt>
      <trkpt lat="42.1348300" lon="12.5979800"></trkpt>
      <trkpt lat="42.1351200" lon="12.5978800"></trkpt>
      <trkpt lat="42.1354400" lon="12.5977700"></trkpt>
      <trkpt lat="42.1355500" lon="12.5977300"></trkpt>
      <trkpt lat="42.1357100" lon="12.5976800"></trkpt>
      <trkpt lat="42.1359500" lon="12.5976200"></trkpt>
      <trkpt lat="42.1359900" lon="12.5976400"></trkpt>
      <trkpt lat="42.1361100" lon="12.5976500"></trkpt>
      <trkpt lat="42.1363600" lon="12.5977000"></trkpt>
      <trkpt lat="42.1363600" lon="12.5977200"></trkpt>
      <trkpt lat="42.1363700" lon="12.5977300"></trkpt>
      <trkpt lat="42.1363800" lon="12.5977400"></trkpt>
      <trkpt lat="42.1363800" lon="12.5977500"></trkpt>
      <trkpt lat="42.1363900" lon="12.5977600"></trkpt>
      <trkpt lat="42.1364000" lon="12.5977700"></trkpt>
      <trkpt lat="42.1364100" lon="12.5977800"></trkpt>
      <trkpt lat="42.1364200" lon="12.5977800"></trkpt>
      <trkpt lat="42.1364200" lon="12.5977900"></trkpt>
      <trkpt lat="42.1364300" lon="12.5977900"></trkpt>
      <trkpt lat="42.1364400" lon="12.5978000"></trkpt>
      <trkpt lat="42.1364500" lon="12.5978000"></trkpt>
      <trkpt lat="42.1364600" lon="12.5978000"></trkpt>
      <trkpt lat="42.1364700" lon="12.5978000"></trkpt>
      <trkpt lat="42.1364700" lon="12.5978100"></trkpt>
      <trkpt lat="42.1364800" lon="12.5978100"></trkpt>
      <trkpt lat="42.1364900" lon="12.5978000"></trkpt>
      <trkpt lat="42.1365000" lon="12.5978000"></trkpt>
      <trkpt lat="42.1365100" lon="12.5978000"></trkpt>
      <trkpt lat="42.1365200" lon="12.5978000"></trkpt>
      <trkpt lat="42.1365300" lon="12.5977900"></trkpt>
      <trkpt lat="42.1366400" lon="12.5978800"></trkpt>
      <trkpt lat="42.1367800" lon="12.5979600"></trkpt>
      <trkpt lat="42.1368100" lon="12.5979900"></trkpt>
      <trkpt lat="42.1370700" lon="12.5982300"></trkpt>
      <trkpt lat="42.1371600" lon="12.5983000"></trkpt>
      <trkpt lat="42.1372300" lon="12.5983600"></trkpt>
      <trkpt lat="42.1373800" lon="12.5985000"></trkpt>
      <trkpt lat="42.1374300" lon="12.5985400"></trkpt>
      <trkpt lat="42.1385700" lon="12.5995500"></trkpt>
      <trkpt lat="42.1386100" lon="12.5995800"></trkpt>
      <trkpt lat="42.1389500" lon="12.5998800"></trkpt>
      <trkpt lat="42.1389900" lon="12.5999100"></trkpt>
      <trkpt lat="42.1390600" lon="12.6000300"></trkpt>
      <trkpt lat="42.1391000" lon="12.6000800"></trkpt>
      <trkpt lat="42.1391200" lon="12.6001400"></trkpt>
      <trkpt lat="42.1391400" lon="12.6001800"></trkpt>
      <trkpt lat="42.1391700" lon="12.6002400"></trkpt>
      <trkpt lat="42.1392000" lon="12.6003000"></trkpt>
      <trkpt lat="42.1392800" lon="12.6005100"></trkpt>
      <trkpt lat="42.1392900" lon="12.6006300"></trkpt>
      <trkpt lat="42.1392700" lon="12.6008000"></trkpt>
      <trkpt lat="42.1392500" lon="12.6008600"></trkpt>
      <trkpt lat="42.1392200" lon="12.6009800"></trkpt>
      <trkpt lat="42.1391700" lon="12.6010900"></trkpt>
      <trkpt lat="42.1391200" lon="12.6011800"></trkpt>
      <trkpt lat="42.1390600" lon="12.6012600"></trkpt>
      <trkpt lat="42.1387900" lon="12.6016600"></trkpt>
      <trkpt lat="42.1386900" lon="12.6018100"></trkpt>
      <trkpt lat="42.1385300" lon="12.6020500"></trkpt>
      <trkpt lat="42.1380600" lon="12.6027300"></trkpt>
      <trkpt lat="42.1379700" lon="12.6028400"></trkpt>
      <trkpt lat="42.1379200" lon="12.6029000"></trkpt>
      <trkpt lat="42.1378500" lon="12.6029600"></trkpt>
      <trkpt lat="42.1378000" lon="12.6029900"></trkpt>
      <trkpt lat="42.1377700" lon="12.6030100"></trkpt>
      <trkpt lat="42.1377400" lon="12.6030200"></trkpt>
      <trkpt lat="42.1376800" lon="12.6030500"></trkpt>
      <trkpt lat="42.1376000" lon="12.6030700"></trkpt>
      <trkpt lat="42.1375200" lon="12.6030700"></trkpt>
      <trkpt lat="42.1374400" lon="12.6030700"></trkpt>
      <trkpt lat="42.1373800" lon="12.6030600"></trkpt>
      <trkpt lat="42.1373100" lon="12.6030500"></trkpt>
      <trkpt lat="42.1372200" lon="12.6030000"></trkpt>
      <trkpt lat="42.1371600" lon="12.6029700"></trkpt>
      <trkpt lat="42.1371200" lon="12.6029300"></trkpt>
      <trkpt lat="42.1370600" lon="12.6028800"></trkpt>
      <trkpt lat="42.1370100" lon="12.6028300"></trkpt>
      <trkpt lat="42.1369600" lon="12.6027500"></trkpt>
      <trkpt lat="42.1369100" lon="12.6026700"></trkpt>
      <trkpt lat="42.1365800" lon="12.6020800"></trkpt>
      <trkpt lat="42.1365100" lon="12.6019600"></trkpt>
      <trkpt lat="42.1364300" lon="12.6018500"></trkpt>
      <trkpt lat="42.1363500" lon="12.6017400"></trkpt>
      <trkpt lat="42.1362700" lon="12.6016400"></trkpt>
      <trkpt lat="42.1361900" lon="12.6015600"></trkpt>
      <trkpt lat="42.1361400" lon="12.6015200"></trkpt>
      <trkpt lat="42.1360800" lon="12.6014700"></trkpt>
      <trkpt lat="42.1360800" lon="12.6014600"></trkpt>
      <trkpt lat="42.1359900" lon="12.6014000"></trkpt>
      <trkpt lat="42.1359800" lon="12.6013900"></trkpt>
      <trkpt lat="42.1359100" lon="12.6013500"></trkpt>
      <trkpt lat="42.1358300" lon="12.6013000"></trkpt>
      <trkpt lat="42.1358200" lon="12.6013000"></trkpt>
      <trkpt lat="42.1357300" lon="12.6012600"></trkpt>
      <trkpt lat="42.1356400" lon="12.6012300"></trkpt>
      <trkpt lat="42.1356300" lon="12.6012200"></trkpt>
      <trkpt lat="42.1355800" lon="12.6012100"></trkpt>
      <trkpt lat="42.1355000" lon="12.6011900"></trkpt>
      <trkpt lat="42.1354700" lon="12.6011900"></trkpt>
      <trkpt lat="42.1354000" lon="12.6011800"></trkpt>
      <trkpt lat="42.1352900" lon="12.6011700"></trkpt>
      <trkpt lat="42.1352000" lon="12.6011900"></trkpt>
      <trkpt lat="42.1351600" lon="12.6012000"></trkpt>
      <trkpt lat="42.1351200" lon="12.6012200"></trkpt>
      <trkpt lat="42.1350300" lon="12.6012900"></trkpt>
      <trkpt lat="42.1349100" lon="12.6014200"></trkpt>
      <trkpt lat="42.1348200" lon="12.6016400"></trkpt>
      <trkpt lat="42.1346400" lon="12.6022100"></trkpt>
      <trkpt lat="42.1345300" lon="12.6025200"></trkpt>
      <trkpt lat="42.1344200" lon="12.6028700"></trkpt>
      <trkpt lat="42.1343300" lon="12.6031400"></trkpt>
      <trkpt lat="42.1342900" lon="12.6033200"></trkpt>
      <trkpt lat="42.1342800" lon="12.6035600"></trkpt>
      <trkpt lat="42.1342800" lon="12.6036600"></trkpt>
      <trkpt lat="42.1343000" lon="12.6037500"></trkpt>
      <trkpt lat="42.1343100" lon="12.6038000"></trkpt>
      <trkpt lat="42.1343200" lon="12.6038400"></trkpt>
      <trkpt lat="42.1343500" lon="12.6039500"></trkpt>
      <trkpt lat="42.1343800" lon="12.6040300"></trkpt>
      <trkpt lat="42.1344300" lon="12.6041200"></trkpt>
      <trkpt lat="42.1344700" lon="12.6041800"></trkpt>
      <trkpt lat="42.1344900" lon="12.6042100"></trkpt>
      <trkpt lat="42.1345500" lon="12.6042900"></trkpt>
      <trkpt lat="42.1346300" lon="12.6043700"></trkpt>
      <trkpt lat="42.1347300" lon="12.6044300"></trkpt>
      <trkpt lat="42.1348000" lon="12.6044600"></trkpt>
      <trkpt lat="42.1348400" lon="12.6044800"></trkpt>
      <trkpt lat="42.1348700" lon="12.6044900"></trkpt>
      <trkpt lat="42.1350300" lon="12.6045300"></trkpt>
      <trkpt lat="42.1351500" lon="12.6045500"></trkpt>
      <trkpt lat="42.1352600" lon="12.6045800"></trkpt>
      <trkpt lat="42.1352800" lon="12.6045900"></trkpt>
      <trkpt lat="42.1353100" lon="12.6046300"></trkpt>
      <trkpt lat="42.1355800" lon="12.6046800"></trkpt>
      <trkpt lat="42.1358100" lon="12.6046900"></trkpt>
      <trkpt lat="42.1362100" lon="12.6046700"></trkpt>
      <trkpt lat="42.1363200" lon="12.6046500"></trkpt>
      <trkpt lat="42.1367900" lon="12.6045700"></trkpt>
      <trkpt lat="42.1371300" lon="12.6045500"></trkpt>
      <trkpt lat="42.1372700" lon="12.6045600"></trkpt>
      <trkpt lat="42.1374100" lon="12.6045900"></trkpt>
      <trkpt lat="42.1375600" lon="12.6046300"></trkpt>
      <trkpt lat="42.1376600" lon="12.6046600"></trkpt>
      <trkpt lat="42.1376900" lon="12.6046700"></trkpt>
      <trkpt lat="42.1378000" lon="12.6047200"></trkpt>
      <trkpt lat="42.1378800" lon="12.6047600"></trkpt>
      <trkpt lat="42.1380000" lon="12.6048200"></trkpt>
      <trkpt lat="42.1381100" lon="12.6048900"></trkpt>
      <trkpt lat="42.1382100" lon="12.6049700"></trkpt>
      <trkpt lat="42.1383800" lon="12.6051000"></trkpt>
      <trkpt lat="42.1387700" lon="12.6055100"></trkpt>
      <trkpt lat="42.1387900" lon="12.6055200"></trkpt>
      <trkpt lat="42.1390600" lon="12.6058600"></trkpt>
      <trkpt lat="42.1391900" lon="12.6060300"></trkpt>
      <trkpt lat="42.1393000" lon="12.6061900"></trkpt>
      <trkpt lat="42.1394400" lon="12.6064000"></trkpt>
      <trkpt lat="42.1395900" lon="12.6066100"></trkpt>
      <trkpt lat="42.1397000" lon="12.6067600"></trkpt>
      <trkpt lat="42.1398200" lon="12.6069300"></trkpt>
      <trkpt lat="42.1399100" lon="12.6070700"></trkpt>
      <trkpt lat="42.1399400" lon="12.6071200"></trkpt>
      <trkpt lat="42.1399500" lon="12.6071300"></trkpt>
      <trkpt lat="42.1400400" lon="12.6072600"></trkpt>
      <trkpt lat="42.1402600" lon="12.6075100"></trkpt>
      <trkpt lat="42.1406400" lon="12.6078600"></trkpt>
      <trkpt lat="42.1407600" lon="12.6079200"></trkpt>
      <trkpt lat="42.1408800" lon="12.6080400"></trkpt>
      <trkpt lat="42.1409800" lon="12.6081000"></trkpt>
      <trkpt lat="42.1410200" lon="12.6081200"></trkpt>
      <trkpt lat="42.1410600" lon="12.6081400"></trkpt>
      <trkpt lat="42.1411300" lon="12.6081700"></trkpt>
      <trkpt lat="42.1412200" lon="12.6082000"></trkpt>
      <trkpt lat="42.1412600" lon="12.6082000"></trkpt>
      <trkpt lat="42.1413100" lon="12.6082100"></trkpt>
      <trkpt lat="42.1413700" lon="12.6082200"></trkpt>
      <trkpt lat="42.1413800" lon="12.6082200"></trkpt>
      <trkpt lat="42.1415100" lon="12.6082100"></trkpt>
      <trkpt lat="42.1416100" lon="12.6081900"></trkpt>
      <trkpt lat="42.1417000" lon="12.6081600"></trkpt>
      <trkpt lat="42.1417800" lon="12.6081300"></trkpt>
      <trkpt lat="42.1418600" lon="12.6080900"></trkpt>
      <trkpt lat="42.1419600" lon="12.6080300"></trkpt>
      <trkpt lat="42.1420400" lon="12.6079600"></trkpt>
      <trkpt lat="42.1420800" lon="12.6079200"></trkpt>
      <trkpt lat="42.1421400" lon="12.6078600"></trkpt>
      <trkpt lat="42.1421900" lon="12.6077900"></trkpt>
      <trkpt lat="42.1422600" lon="12.6077100"></trkpt>
      <trkpt lat="42.1422700" lon="12.6076900"></trkpt>
      <trkpt lat="42.1423000" lon="12.6076500"></trkpt>
      <trkpt lat="42.1423300" lon="12.6075800"></trkpt>
      <trkpt lat="42.1423600" lon="12.6075200"></trkpt>
      <trkpt lat="42.1423900" lon="12.6074200"></trkpt>
      <trkpt lat="42.1424000" lon="12.6073600"></trkpt>
      <trkpt lat="42.1424000" lon="12.6073400"></trkpt>
      <trkpt lat="42.1424100" lon="12.6072800"></trkpt>
      <trkpt lat="42.1424100" lon="12.6071400"></trkpt>
      <trkpt lat="42.1424100" lon="12.6069500"></trkpt>
      <trkpt lat="42.1423800" lon="12.6067000"></trkpt>
      <trkpt lat="42.1423500" lon="12.6066100"></trkpt>
      <trkpt lat="42.1423300" lon="12.6065200"></trkpt>
      <trkpt lat="42.1422700" lon="12.6063900"></trkpt>
      <trkpt lat="42.1422200" lon="12.6063000"></trkpt>
      <trkpt lat="42.1421500" lon="12.6062000"></trkpt>
      <trkpt lat="42.1420600" lon="12.6060800"></trkpt>
      <trkpt lat="42.1419700" lon="12.6059800"></trkpt>
      <trkpt lat="42.1419000" lon="12.6059100"></trkpt>
      <trkpt lat="42.1417500" lon="12.6057900"></trkpt>
      <trkpt lat="42.1416000" lon="12.6057100"></trkpt>
      <trkpt lat="42.1415900" lon="12.6057000"></trkpt>
      <trkpt lat="42.1415100" lon="12.6056600"></trkpt>
      <trkpt lat="42.1414600" lon="12.6056300"></trkpt>
      <trkpt lat="42.1413400" lon="12.6055900"></trkpt>
      <trkpt lat="42.1413300" lon="12.6055900"></trkpt>
      <trkpt lat="42.1413200" lon="12.6055800"></trkpt>
      <trkpt lat="42.1411600" lon="12.6055400"></trkpt>
      <trkpt lat="42.1411500" lon="12.6055300"></trkpt>
      <trkpt lat="42.1410900" lon="12.6055100"></trkpt>
      <trkpt lat="42.1406400" lon="12.6053800"></trkpt>
      <trkpt lat="42.1402700" lon="12.6052700"></trkpt>
      <trkpt lat="42.1401000" lon="12.6052100"></trkpt>
      <trkpt lat="42.1400500" lon="12.6052000"></trkpt>
      <trkpt lat="42.1400200" lon="12.6052000"></trkpt>
      <trkpt lat="42.1399900" lon="12.6052200"></trkpt>
      <trkpt lat="42.1399300" lon="12.6052600"></trkpt>
      <trkpt lat="42.1397300" lon="12.6051500"></trkpt>
      <trkpt lat="42.1393600" lon="12.6049600"></trkpt>
      <trkpt lat="42.1390000" lon="12.6047200"></trkpt>
      <trkpt lat="42.1388000" lon="12.6045900"></trkpt>
      <trkpt lat="42.1386800" lon="12.6045200"></trkpt>
      <trkpt lat="42.1383500" lon="12.6043300"></trkpt>
      <trkpt lat="42.1383000" lon="12.6043000"></trkpt>
      <trkpt lat="42.1379400" lon="12.6040900"></trkpt>
      <trkpt lat="42.1376400" lon="12.6039100"></trkpt>
      <trkpt lat="42.1375500" lon="12.6038600"></trkpt>
      <trkpt lat="42.1371500" lon="12.6036200"></trkpt>
      <trkpt lat="42.1369900" lon="12.6035300"></trkpt>
      <trkpt lat="42.1369600" lon="12.6035100"></trkpt>
      <trkpt lat="42.1365500" lon="12.6032700"></trkpt>
      <trkpt lat="42.1353300" lon="12.6025600"></trkpt>
      <trkpt lat="42.1350500" lon="12.6024000"></trkpt>
      <trkpt lat="42.1347300" lon="12.6022100"></trkpt>
      <trkpt lat="42.1346600" lon="12.6021700"></trkpt>
      <trkpt lat="42.1346500" lon="12.6021600"></trkpt>
      <trkpt lat="42.1345600" lon="12.6021200"></trkpt>
      <trkpt lat="42.1336300" lon="12.6016200"></trkpt>
      <trkpt lat="42.1335900" lon="12.6015900"></trkpt>
      <trkpt lat="42.1321000" lon="12.6007900"></trkpt>
      <trkpt lat="42.1312300" lon="12.6003200"></trkpt>
      <trkpt lat="42.1311800" lon="12.6003000"></trkpt>
      <trkpt lat="42.1311700" lon="12.6002900"></trkpt>
      <trkpt lat="42.1311400" lon="12.6002600"></trkpt>
      <trkpt lat="42.1311300" lon="12.6002600"></trkpt>
      <trkpt lat="42.1310700" lon="12.6002300"></trkpt>
      <trkpt lat="42.1310100" lon="12.6001900"></trkpt>
      <trkpt lat="42.1309400" lon="12.6001600"></trkpt>
      <trkpt lat="42.1307400" lon="12.6000400"></trkpt>
      <trkpt lat="42.1306000" lon="12.5999500"></trkpt>
      <trkpt lat="42.1304300" lon="12.5998400"></trkpt>
      <trkpt lat="42.1300700" lon="12.5996400"></trkpt>
      <trkpt lat="42.1297100" lon="12.5994200"></trkpt>
      <trkpt lat="42.1295000" lon="12.5992900"></trkpt>
      <trkpt lat="42.1292300" lon="12.5991200"></trkpt>
      <trkpt lat="42.1291700" lon="12.5990800"></trkpt>
      <trkpt lat="42.1288500" lon="12.5988800"></trkpt>
      <trkpt lat="42.1286400" lon="12.5987500"></trkpt>
      <trkpt lat="42.1285100" lon="12.5986600"></trkpt>
      <trkpt lat="42.1284600" lon="12.5986300"></trkpt>
      <trkpt lat="42.1282800" lon="12.5985100"></trkpt>
      <trkpt lat="42.1282400" lon="12.5984800"></trkpt>
      <trkpt lat="42.1280800" lon="12.5983800"></trkpt>
      <trkpt lat="42.1279800" lon="12.5983100"></trkpt>
      <trkpt lat="42.1278800" lon="12.5982500"></trkpt>
      <trkpt lat="42.1278700" lon="12.5982400"></trkpt>
      <trkpt lat="42.1277600" lon="12.5981700"></trkpt>
      <trkpt lat="42.1277400" lon="12.5981600"></trkpt>
      <trkpt lat="42.1277100" lon="12.5981400"></trkpt>
      <trkpt lat="42.1276200" lon="12.5980800"></trkpt>
      <trkpt lat="42.1275700" lon="12.5980500"></trkpt>
      <trkpt lat="42.1275000" lon="12.5980000"></trkpt>
      <trkpt lat="42.1274400" lon="12.5979700"></trkpt>
      <trkpt lat="42.1267200" lon="12.5975100"></trkpt>
      <trkpt lat="42.1261700" lon="12.5971800"></trkpt>
      <trkpt lat="42.1257900" lon="12.5969600"></trkpt>
      <trkpt lat="42.1257200" lon="12.5969200"></trkpt>
      <trkpt lat="42.1257000" lon="12.5969100"></trkpt>
      <trkpt lat="42.1256400" lon="12.5968800"></trkpt>
      <trkpt lat="42.1253100" lon="12.5966800"></trkpt>
      <trkpt lat="42.1250500" lon="12.5965200"></trkpt>
      <trkpt lat="42.1246800" lon="12.5963100"></trkpt>
      <trkpt lat="42.1243600" lon="12.5961300"></trkpt>
      <trkpt lat="42.1239400" lon="12.5958800"></trkpt>
      <trkpt lat="42.1221900" lon="12.5948600"></trkpt>
      <trkpt lat="42.1221800" lon="12.5948500"></trkpt>
      <trkpt lat="42.1218600" lon="12.5946700"></trkpt>
      <trkpt lat="42.1216100" lon="12.5945200"></trkpt>
      <trkpt lat="42.1212900" lon="12.5943300"></trkpt>
      <trkpt lat="42.1212700" lon="12.5943200"></trkpt>
      <trkpt lat="42.1210600" lon="12.5942000"></trkpt>
      <trkpt lat="42.1209900" lon="12.5941500"></trkpt>
      <trkpt lat="42.1209100" lon="12.5941000"></trkpt>
      <trkpt lat="42.1208000" lon="12.5940400"></trkpt>
      <trkpt lat="42.1206200" lon="12.5939400"></trkpt>
      <trkpt lat="42.1205700" lon="12.5939100"></trkpt>
      <trkpt lat="42.1203100" lon="12.5937600"></trkpt>
      <trkpt lat="42.1200800" lon="12.5936200"></trkpt>
      <trkpt lat="42.1200400" lon="12.5936000"></trkpt>
      <trkpt lat="42.1199100" lon="12.5935300"></trkpt>
      <trkpt lat="42.1197500" lon="12.5934400"></trkpt>
      <trkpt lat="42.1195200" lon="12.5933000"></trkpt>
      <trkpt lat="42.1183300" lon="12.5926100"></trkpt>
      <trkpt lat="42.1172300" lon="12.5919700"></trkpt>
      <trkpt lat="42.1162600" lon="12.5914000"></trkpt>
      <trkpt lat="42.1153400" lon="12.5908600"></trkpt>
      <trkpt lat="42.1150800" lon="12.5907000"></trkpt>
      <trkpt lat="42.1145700" lon="12.5904100"></trkpt>
      <trkpt lat="42.1139800" lon="12.5900600"></trkpt>
      <trkpt lat="42.1125000" lon="12.5892000"></trkpt>
      <trkpt lat="42.1123600" lon="12.5891000"></trkpt>
      <trkpt lat="42.1122900" lon="12.5890800"></trkpt>
      <trkpt lat="42.1122100" lon="12.5890300"></trkpt>
      <trkpt lat="42.1121300" lon="12.5889800"></trkpt>
      <trkpt lat="42.1120900" lon="12.5889500"></trkpt>
      <trkpt lat="42.1120500" lon="12.5889400"></trkpt>
      <trkpt lat="42.1119800" lon="12.5888900"></trkpt>
      <trkpt lat="42.1119100" lon="12.5888500"></trkpt>
      <trkpt lat="42.1109900" lon="12.5883100"></trkpt>
      <trkpt lat="42.1109600" lon="12.5883000"></trkpt>
      <trkpt lat="42.1106000" lon="12.5880900"></trkpt>
      <trkpt lat="42.1103900" lon="12.5879800"></trkpt>
      <trkpt lat="42.1101400" lon="12.5878300"></trkpt>
      <trkpt lat="42.1099600" lon="12.5877200"></trkpt>
      <trkpt lat="42.1098100" lon="12.5876300"></trkpt>
      <trkpt lat="42.1097700" lon="12.5876100"></trkpt>
      <trkpt lat="42.1096300" lon="12.5875300"></trkpt>
      <trkpt lat="42.1094100" lon="12.5873900"></trkpt>
      <trkpt lat="42.1091000" lon="12.5872200"></trkpt>
      <trkpt lat="42.1086900" lon="12.5869800"></trkpt>
      <trkpt lat="42.1084900" lon="12.5868600"></trkpt>
      <trkpt lat="42.1081700" lon="12.5866700"></trkpt>
      <trkpt lat="42.1079100" lon="12.5865200"></trkpt>
      <trkpt lat="42.1068000" lon="12.5858700"></trkpt>
      <trkpt lat="42.1063000" lon="12.5855800"></trkpt>
      <trkpt lat="42.1060100" lon="12.5854100"></trkpt>
      <trkpt lat="42.1055500" lon="12.5851400"></trkpt>
      <trkpt lat="42.1048600" lon="12.5847400"></trkpt>
      <trkpt lat="42.1048200" lon="12.5847200"></trkpt>
      <trkpt lat="42.1047400" lon="12.5846800"></trkpt>
      <trkpt lat="42.1041800" lon="12.5843400"></trkpt>
      <trkpt lat="42.1039700" lon="12.5842200"></trkpt>
      <trkpt lat="42.1035000" lon="12.5839400"></trkpt>
      <trkpt lat="42.1032800" lon="12.5838200"></trkpt>
      <trkpt lat="42.1030000" lon="12.5836500"></trkpt>
      <trkpt lat="42.1028800" lon="12.5835800"></trkpt>
      <trkpt lat="42.1027900" lon="12.5835300"></trkpt>
      <trkpt lat="42.1027100" lon="12.5834800"></trkpt>
      <trkpt lat="42.1025000" lon="12.5833500"></trkpt>
      <trkpt lat="42.1023000" lon="12.5832400"></trkpt>
      <trkpt lat="42.1021200" lon="12.5831300"></trkpt>
      <trkpt lat="42.1020500" lon="12.5830900"></trkpt>
      <trkpt lat="42.1020100" lon="12.5830700"></trkpt>
      <trkpt lat="42.1018900" lon="12.5829900"></trkpt>
      <trkpt lat="42.1018200" lon="12.5829400"></trkpt>
      <trkpt lat="42.1016700" lon="12.5828500"></trkpt>
      <trkpt lat="42.1014200" lon="12.5826700"></trkpt>
      <trkpt lat="42.1008900" lon="12.5822600"></trkpt>
      <trkpt lat="42.1007400" lon="12.5821300"></trkpt>
      <trkpt lat="42.1006400" lon="12.5820400"></trkpt>
      <trkpt lat="42.1005900" lon="12.5820000"></trkpt>
      <trkpt lat="42.1004600" lon="12.5818800"></trkpt>
      <trkpt lat="42.1004500" lon="12.5818700"></trkpt>
      <trkpt lat="42.1001800" lon="12.5816100"></trkpt>
      <trkpt lat="42.0999300" lon="12.5813500"></trkpt>
      <trkpt lat="42.0998700" lon="12.5812800"></trkpt>
      <trkpt lat="42.0998200" lon="12.5812200"></trkpt>
      <trkpt lat="42.0998100" lon="12.5812100"></trkpt>
      <trkpt lat="42.0997600" lon="12.5811600"></trkpt>
      <trkpt lat="42.0996600" lon="12.5810400"></trkpt>
      <trkpt lat="42.0996100" lon="12.5809800"></trkpt>
      <trkpt lat="42.0995900" lon="12.5809600"></trkpt>
      <trkpt lat="42.0995500" lon="12.5809200"></trkpt>
      <trkpt lat="42.0995000" lon="12.5808500"></trkpt>
      <trkpt lat="42.0992700" lon="12.5805600"></trkpt>
      <trkpt lat="42.0990800" lon="12.5803300"></trkpt>
      <trkpt lat="42.0989400" lon="12.5801400"></trkpt>
      <trkpt lat="42.0987700" lon="12.5799200"></trkpt>
      <trkpt lat="42.0985300" lon="12.5796000"></trkpt>
      <trkpt lat="42.0977400" lon="12.5785700"></trkpt>
      <trkpt lat="42.0977300" lon="12.5785700"></trkpt>
      <trkpt lat="42.0977100" lon="12.5785300"></trkpt>
      <trkpt lat="42.0974600" lon="12.5781900"></trkpt>
      <trkpt lat="42.0973500" lon="12.5780500"></trkpt>
      <trkpt lat="42.0973300" lon="12.5780200"></trkpt>
      <trkpt lat="42.0973000" lon="12.5779900"></trkpt>
      <trkpt lat="42.0972200" lon="12.5778900"></trkpt>
      <trkpt lat="42.0970600" lon="12.5776800"></trkpt>
      <trkpt lat="42.0961100" lon="12.5764200"></trkpt>
      <trkpt lat="42.0958500" lon="12.5760800"></trkpt>
      <trkpt lat="42.0956200" lon="12.5757900"></trkpt>
      <trkpt lat="42.0955600" lon="12.5757000"></trkpt>
      <trkpt lat="42.0955200" lon="12.5756600"></trkpt>
      <trkpt lat="42.0953600" lon="12.5754500"></trkpt>
      <trkpt lat="42.0947500" lon="12.5746500"></trkpt>
      <trkpt lat="42.0946400" lon="12.5745100"></trkpt>
      <trkpt lat="42.0946300" lon="12.5745000"></trkpt>
      <trkpt lat="42.0946100" lon="12.5744700"></trkpt>
      <trkpt lat="42.0942900" lon="12.5740700"></trkpt>
      <trkpt lat="42.0938100" lon="12.5734400"></trkpt>
      <trkpt lat="42.0936000" lon="12.5731600"></trkpt>
      <trkpt lat="42.0932200" lon="12.5726600"></trkpt>
      <trkpt lat="42.0931100" lon="12.5725200"></trkpt>
      <trkpt lat="42.0930600" lon="12.5724500"></trkpt>
      <trkpt lat="42.0924400" lon="12.5716300"></trkpt>
      <trkpt lat="42.0922800" lon="12.5714200"></trkpt>
      <trkpt lat="42.0922100" lon="12.5713300"></trkpt>
      <trkpt lat="42.0921600" lon="12.5712700"></trkpt>
      <trkpt lat="42.0921500" lon="12.5712500"></trkpt>
      <trkpt lat="42.0920400" lon="12.5711000"></trkpt>
      <trkpt lat="42.0919100" lon="12.5709200"></trkpt>
      <trkpt lat="42.0916500" lon="12.5705900"></trkpt>
      <trkpt lat="42.0912700" lon="12.5701000"></trkpt>
      <trkpt lat="42.0905400" lon="12.5691400"></trkpt>
      <trkpt lat="42.0901500" lon="12.5686400"></trkpt>
      <trkpt lat="42.0898100" lon="12.5681900"></trkpt>
      <trkpt lat="42.0892500" lon="12.5674600"></trkpt>
      <trkpt lat="42.0889800" lon="12.5671000"></trkpt>
      <trkpt lat="42.0885900" lon="12.5666000"></trkpt>
      <trkpt lat="42.0882200" lon="12.5661300"></trkpt>
      <trkpt lat="42.0880400" lon="12.5658800"></trkpt>
      <trkpt lat="42.0877800" lon="12.5655400"></trkpt>
      <trkpt lat="42.0874600" lon="12.5651300"></trkpt>
      <trkpt lat="42.0873800" lon="12.5650300"></trkpt>
      <trkpt lat="42.0871400" lon="12.5647100"></trkpt>
      <trkpt lat="42.0869400" lon="12.5644600"></trkpt>
      <trkpt lat="42.0869000" lon="12.5644000"></trkpt>
      <trkpt lat="42.0855200" lon="12.5626100"></trkpt>
      <trkpt lat="42.0854700" lon="12.5625500"></trkpt>
      <trkpt lat="42.0853900" lon="12.5624400"></trkpt>
      <trkpt lat="42.0853400" lon="12.5623800"></trkpt>
      <trkpt lat="42.0850700" lon="12.5620300"></trkpt>
      <trkpt lat="42.0848600" lon="12.5617500"></trkpt>
      <trkpt lat="42.0848100" lon="12.5616700"></trkpt>
      <trkpt lat="42.0845300" lon="12.5612900"></trkpt>
      <trkpt lat="42.0842800" lon="12.5609300"></trkpt>
      <trkpt lat="42.0840900" lon="12.5606600"></trkpt>
      <trkpt lat="42.0839200" lon="12.5603800"></trkpt>
      <trkpt lat="42.0837400" lon="12.5600900"></trkpt>
      <trkpt lat="42.0835300" lon="12.5597100"></trkpt>
      <trkpt lat="42.0832600" lon="12.5591600"></trkpt>
      <trkpt lat="42.0829900" lon="12.5586000"></trkpt>
      <trkpt lat="42.0826500" lon="12.5578300"></trkpt>
      <trkpt lat="42.0823900" lon="12.5572400"></trkpt>
      <trkpt lat="42.0822700" lon="12.5569700"></trkpt>
      <trkpt lat="42.0819500" lon="12.5562600"></trkpt>
      <trkpt lat="42.0816000" lon="12.5554800"></trkpt>
      <trkpt lat="42.0812100" lon="12.5546000"></trkpt>
      <trkpt lat="42.0809500" lon="12.5540100"></trkpt>
      <trkpt lat="42.0808300" lon="12.5537500"></trkpt>
      <trkpt lat="42.0807600" lon="12.5535900"></trkpt>
      <trkpt lat="42.0806500" lon="12.5533600"></trkpt>
      <trkpt lat="42.0803900" lon="12.5527700"></trkpt>
      <trkpt lat="42.0803800" lon="12.5527500"></trkpt>
      <trkpt lat="42.0803800" lon="12.5527300"></trkpt>
      <trkpt lat="42.0803100" lon="12.5525900"></trkpt>
      <trkpt lat="42.0801100" lon="12.5521400"></trkpt>
      <trkpt lat="42.0800400" lon="12.5519800"></trkpt>
      <trkpt lat="42.0799400" lon="12.5517500"></trkpt>
      <trkpt lat="42.0799300" lon="12.5517400"></trkpt>
      <trkpt lat="42.0798000" lon="12.5514400"></trkpt>
      <trkpt lat="42.0796500" lon="12.5511000"></trkpt>
      <trkpt lat="42.0795500" lon="12.5508900"></trkpt>
      <trkpt lat="42.0793200" lon="12.5503900"></trkpt>
      <trkpt lat="42.0791500" lon="12.5499900"></trkpt>
      <trkpt lat="42.0785500" lon="12.5486500"></trkpt>
      <trkpt lat="42.0783500" lon="12.5482000"></trkpt>
      <trkpt lat="42.0777000" lon="12.5467400"></trkpt>
      <trkpt lat="42.0770600" lon="12.5453100"></trkpt>
      <trkpt lat="42.0770500" lon="12.5453000"></trkpt>
      <trkpt lat="42.0768300" lon="12.5447900"></trkpt>
      <trkpt lat="42.0765900" lon="12.5442600"></trkpt>
      <trkpt lat="42.0762800" lon="12.5435800"></trkpt>
      <trkpt lat="42.0761100" lon="12.5432200"></trkpt>
      <trkpt lat="42.0760500" lon="12.5431000"></trkpt>
      <trkpt lat="42.0759000" lon="12.5428300"></trkpt>
      <trkpt lat="42.0758000" lon="12.5426300"></trkpt>
      <trkpt lat="42.0755900" lon="12.5422400"></trkpt>
      <trkpt lat="42.0752800" lon="12.5417100"></trkpt>
      <trkpt lat="42.0751400" lon="12.5414900"></trkpt>
      <trkpt lat="42.0748100" lon="12.5409900"></trkpt>
      <trkpt lat="42.0745200" lon="12.5405700"></trkpt>
      <trkpt lat="42.0744100" lon="12.5404100"></trkpt>
      <trkpt lat="42.0742800" lon="12.5402400"></trkpt>
      <trkpt lat="42.0742600" lon="12.5402200"></trkpt>
      <trkpt lat="42.0740100" lon="12.5399100"></trkpt>
      <trkpt lat="42.0738600" lon="12.5397200"></trkpt>
      <trkpt lat="42.0735900" lon="12.5394000"></trkpt>
      <trkpt lat="42.0730400" lon="12.5387900"></trkpt>
      <trkpt lat="42.0724100" lon="12.5381800"></trkpt>
      <trkpt lat="42.0718700" lon="12.5377200"></trkpt>
      <trkpt lat="42.0714100" lon="12.5373500"></trkpt>
      <trkpt lat="42.0707900" lon="12.5369100"></trkpt>
      <trkpt lat="42.0705100" lon="12.5367400"></trkpt>
      <trkpt lat="42.0702500" lon="12.5365800"></trkpt>
      <trkpt lat="42.0699600" lon="12.5364100"></trkpt>
      <trkpt lat="42.0697400" lon="12.5362900"></trkpt>
      <trkpt lat="42.0694600" lon="12.5361500"></trkpt>
      <trkpt lat="42.0691700" lon="12.5360000"></trkpt>
      <trkpt lat="42.0688900" lon="12.5358800"></trkpt>
      <trkpt lat="42.0686000" lon="12.5357600"></trkpt>
      <trkpt lat="42.0682800" lon="12.5356500"></trkpt>
      <trkpt lat="42.0679200" lon="12.5355300"></trkpt>
      <trkpt lat="42.0678900" lon="12.5355200"></trkpt>
      <trkpt lat="42.0677200" lon="12.5354600"></trkpt>
      <trkpt lat="42.0676900" lon="12.5354500"></trkpt>
      <trkpt lat="42.0675400" lon="12.5354100"></trkpt>
      <trkpt lat="42.0674500" lon="12.5353900"></trkpt>
      <trkpt lat="42.0673000" lon="12.5353400"></trkpt>
      <trkpt lat="42.0669700" lon="12.5352700"></trkpt>
      <trkpt lat="42.0668300" lon="12.5352400"></trkpt>
      <trkpt lat="42.0666600" lon="12.5352100"></trkpt>
      <trkpt lat="42.0666300" lon="12.5352000"></trkpt>
      <trkpt lat="42.0663500" lon="12.5351600"></trkpt>
      <trkpt lat="42.0659300" lon="12.5351000"></trkpt>
      <trkpt lat="42.0654000" lon="12.5350300"></trkpt>
      <trkpt lat="42.0643300" lon="12.5349100"></trkpt>
      <trkpt lat="42.0632600" lon="12.5347800"></trkpt>
      <trkpt lat="42.0620700" lon="12.5346500"></trkpt>
      <trkpt lat="42.0619400" lon="12.5346300"></trkpt>
      <trkpt lat="42.0619100" lon="12.5346300"></trkpt>
      <trkpt lat="42.0618100" lon="12.5346200"></trkpt>
      <trkpt lat="42.0617200" lon="12.5346100"></trkpt>
      <trkpt lat="42.0613200" lon="12.5345800"></trkpt>
      <trkpt lat="42.0607100" lon="12.5345200"></trkpt>
      <trkpt lat="42.0605600" lon="12.5344900"></trkpt>
      <trkpt lat="42.0604800" lon="12.5344800"></trkpt>
      <trkpt lat="42.0604700" lon="12.5344800"></trkpt>
      <trkpt lat="42.0587900" lon="12.5343000"></trkpt>
      <trkpt lat="42.0585000" lon="12.5342600"></trkpt>
      <trkpt lat="42.0584900" lon="12.5342600"></trkpt>
      <trkpt lat="42.0584100" lon="12.5342600"></trkpt>
      <trkpt lat="42.0583300" lon="12.5342500"></trkpt>
      <trkpt lat="42.0582300" lon="12.5342400"></trkpt>
      <trkpt lat="42.0581400" lon="12.5342300"></trkpt>
      <trkpt lat="42.0575500" lon="12.5341700"></trkpt>
      <trkpt lat="42.0568100" lon="12.5340800"></trkpt>
      <trkpt lat="42.0562600" lon="12.5340100"></trkpt>
      <trkpt lat="42.0562400" lon="12.5340100"></trkpt>
      <trkpt lat="42.0561800" lon="12.5340000"></trkpt>
      <trkpt lat="42.0560800" lon="12.5339900"></trkpt>
      <trkpt lat="42.0560600" lon="12.5339900"></trkpt>
      <trkpt lat="42.0560000" lon="12.5339800"></trkpt>
      <trkpt lat="42.0557200" lon="12.5339600"></trkpt>
      <trkpt lat="42.0557100" lon="12.5339600"></trkpt>
      <trkpt lat="42.0556400" lon="12.5339500"></trkpt>
      <trkpt lat="42.0555400" lon="12.5339400"></trkpt>
      <trkpt lat="42.0552800" lon="12.5339100"></trkpt>
      <trkpt lat="42.0547400" lon="12.5338600"></trkpt>
      <trkpt lat="42.0531300" lon="12.5336800"></trkpt>
      <trkpt lat="42.0530200" lon="12.5336700"></trkpt>
      <trkpt lat="42.0526600" lon="12.5336300"></trkpt>
      <trkpt lat="42.0524900" lon="12.5336100"></trkpt>
      <trkpt lat="42.0524800" lon="12.5336100"></trkpt>
      <trkpt lat="42.0522100" lon="12.5335800"></trkpt>
      <trkpt lat="42.0517000" lon="12.5335200"></trkpt>
      <trkpt lat="42.0514800" lon="12.5335000"></trkpt>
      <trkpt lat="42.0514200" lon="12.5334900"></trkpt>
      <trkpt lat="42.0514000" lon="12.5334900"></trkpt>
      <trkpt lat="42.0508900" lon="12.5334300"></trkpt>
      <trkpt lat="42.0500900" lon="12.5333400"></trkpt>
      <trkpt lat="42.0496700" lon="12.5333000"></trkpt>
      <trkpt lat="42.0494500" lon="12.5332700"></trkpt>
      <trkpt lat="42.0475300" lon="12.5330700"></trkpt>
      <trkpt lat="42.0469600" lon="12.5330100"></trkpt>
      <trkpt lat="42.0463400" lon="12.5329300"></trkpt>
      <trkpt lat="42.0462100" lon="12.5329000"></trkpt>
      <trkpt lat="42.0459100" lon="12.5328600"></trkpt>
      <trkpt lat="42.0454200" lon="12.5328100"></trkpt>
      <trkpt lat="42.0453400" lon="12.5328300"></trkpt>
      <trkpt lat="42.0450200" lon="12.5328000"></trkpt>
      <trkpt lat="42.0433000" lon="12.5326100"></trkpt>
      <trkpt lat="42.0426400" lon="12.5325400"></trkpt>
      <trkpt lat="42.0423400" lon="12.5325000"></trkpt>
      <trkpt lat="42.0415900" lon="12.5324300"></trkpt>
      <trkpt lat="42.0412700" lon="12.5323900"></trkpt>
      <trkpt lat="42.0409800" lon="12.5323500"></trkpt>
      <trkpt lat="42.0403700" lon="12.5322600"></trkpt>
      <trkpt lat="42.0402900" lon="12.5322600"></trkpt>
      <trkpt lat="42.0402100" lon="12.5322500"></trkpt>
      <trkpt lat="42.0398000" lon="12.5322200"></trkpt>
      <trkpt lat="42.0397500" lon="12.5322000"></trkpt>
      <trkpt lat="42.0396600" lon="12.5322100"></trkpt>
      <trkpt lat="42.0394800" lon="12.5321900"></trkpt>
      <trkpt lat="42.0392400" lon="12.5321600"></trkpt>
      <trkpt lat="42.0392200" lon="12.5321600"></trkpt>
      <trkpt lat="42.0387200" lon="12.5321100"></trkpt>
      <trkpt lat="42.0380000" lon="12.5320300"></trkpt>
      <trkpt lat="42.0370700" lon="12.5319200"></trkpt>
      <trkpt lat="42.0368000" lon="12.5319000"></trkpt>
      <trkpt lat="42.0366100" lon="12.5318700"></trkpt>
      <trkpt lat="42.0362300" lon="12.5318200"></trkpt>
      <trkpt lat="42.0355500" lon="12.5317500"></trkpt>
      <trkpt lat="42.0353300" lon="12.5317300"></trkpt>
      <trkpt lat="42.0350300" lon="12.5317000"></trkpt>
      <trkpt lat="42.0347600" lon="12.5316700"></trkpt>
      <trkpt lat="42.0345100" lon="12.5316300"></trkpt>
      <trkpt lat="42.0342300" lon="12.5316000"></trkpt>
      <trkpt lat="42.0335700" lon="12.5315300"></trkpt>
      <trkpt lat="42.0333500" lon="12.5315000"></trkpt>
      <trkpt lat="42.0331300" lon="12.5314800"></trkpt>
      <trkpt lat="42.0321300" lon="12.5313700"></trkpt>
      <trkpt lat="42.0319800" lon="12.5313500"></trkpt>
      <trkpt lat="42.0318400" lon="12.5313400"></trkpt>
      <trkpt lat="42.0313900" lon="12.5312900"></trkpt>
      <trkpt lat="42.0301100" lon="12.5311500"></trkpt>
      <trkpt lat="42.0296200" lon="12.5311000"></trkpt>
      <trkpt lat="42.0291700" lon="12.5310500"></trkpt>
      <trkpt lat="42.0281900" lon="12.5309300"></trkpt>
      <trkpt lat="42.0271600" lon="12.5308200"></trkpt>
      <trkpt lat="42.0270700" lon="12.5308100"></trkpt>
      <trkpt lat="42.0270500" lon="12.5308100"></trkpt>
      <trkpt lat="42.0269500" lon="12.5308000"></trkpt>
      <trkpt lat="42.0258800" lon="12.5306800"></trkpt>
      <trkpt lat="42.0247600" lon="12.5305600"></trkpt>
      <trkpt lat="42.0242100" lon="12.5305000"></trkpt>
      <trkpt lat="42.0237300" lon="12.5304500"></trkpt>
      <trkpt lat="42.0232500" lon="12.5304000"></trkpt>
      <trkpt lat="42.0222900" lon="12.5302900"></trkpt>
      <trkpt lat="42.0210500" lon="12.5301600"></trkpt>
      <trkpt lat="42.0210400" lon="12.5301600"></trkpt>
      <trkpt lat="42.0207300" lon="12.5301300"></trkpt>
      <trkpt lat="42.0206800" lon="12.5301200"></trkpt>
      <trkpt lat="42.0206300" lon="12.5301200"></trkpt>
      <trkpt lat="42.0204000" lon="12.5301200"></trkpt>
      <trkpt lat="42.0202900" lon="12.5301000"></trkpt>
      <trkpt lat="42.0202100" lon="12.5300900"></trkpt>
      <trkpt lat="42.0201400" lon="12.5300900"></trkpt>
      <trkpt lat="42.0200500" lon="12.5300800"></trkpt>
      <trkpt lat="42.0199600" lon="12.5300600"></trkpt>
      <trkpt lat="42.0198700" lon="12.5300500"></trkpt>
      <trkpt lat="42.0197500" lon="12.5300400"></trkpt>
      <trkpt lat="42.0196700" lon="12.5300200"></trkpt>
      <trkpt lat="42.0196300" lon="12.5300200"></trkpt>
      <trkpt lat="42.0194500" lon="12.5299900"></trkpt>
      <trkpt lat="42.0193400" lon="12.5299700"></trkpt>
      <trkpt lat="42.0192400" lon="12.5299600"></trkpt>
      <trkpt lat="42.0191200" lon="12.5299500"></trkpt>
      <trkpt lat="42.0190300" lon="12.5299400"></trkpt>
      <trkpt lat="42.0189200" lon="12.5299200"></trkpt>
      <trkpt lat="42.0188800" lon="12.5299200"></trkpt>
      <trkpt lat="42.0186600" lon="12.5299000"></trkpt>
      <trkpt lat="42.0185600" lon="12.5298900"></trkpt>
      <trkpt lat="42.0184700" lon="12.5298800"></trkpt>
      <trkpt lat="42.0183000" lon="12.5298600"></trkpt>
      <trkpt lat="42.0182000" lon="12.5298500"></trkpt>
      <trkpt lat="42.0181300" lon="12.5298400"></trkpt>
      <trkpt lat="42.0178100" lon="12.5298000"></trkpt>
      <trkpt lat="42.0172800" lon="12.5297500"></trkpt>
      <trkpt lat="42.0163800" lon="12.5296700"></trkpt>
      <trkpt lat="42.0162500" lon="12.5296500"></trkpt>
      <trkpt lat="42.0160700" lon="12.5296400"></trkpt>
      <trkpt lat="42.0156200" lon="12.5295900"></trkpt>
      <trkpt lat="42.0147400" lon="12.5294900"></trkpt>
      <trkpt lat="42.0146900" lon="12.5294900"></trkpt>
      <trkpt lat="42.0146400" lon="12.5294800"></trkpt>
      <trkpt lat="42.0145500" lon="12.5294700"></trkpt>
      <trkpt lat="42.0143100" lon="12.5294600"></trkpt>
      <trkpt lat="42.0142300" lon="12.5294600"></trkpt>
      <trkpt lat="42.0141200" lon="12.5294500"></trkpt>
      <trkpt lat="42.0139400" lon="12.5294300"></trkpt>
      <trkpt lat="42.0138500" lon="12.5294200"></trkpt>
      <trkpt lat="42.0134900" lon="12.5293900"></trkpt>
      <trkpt lat="42.0132400" lon="12.5293600"></trkpt>
      <trkpt lat="42.0131000" lon="12.5293500"></trkpt>
      <trkpt lat="42.0129600" lon="12.5293300"></trkpt>
      <trkpt lat="42.0128500" lon="12.5293200"></trkpt>
      <trkpt lat="42.0127600" lon="12.5293200"></trkpt>
      <trkpt lat="42.0126800" lon="12.5293100"></trkpt>
      <trkpt lat="42.0123200" lon="12.5292700"></trkpt>
      <trkpt lat="42.0121500" lon="12.5292500"></trkpt>
      <trkpt lat="42.0120400" lon="12.5292400"></trkpt>
      <trkpt lat="42.0118300" lon="12.5292200"></trkpt>
      <trkpt lat="42.0117800" lon="12.5292100"></trkpt>
      <trkpt lat="42.0115900" lon="12.5291900"></trkpt>
      <trkpt lat="42.0115600" lon="12.5291900"></trkpt>
      <trkpt lat="42.0114000" lon="12.5291700"></trkpt>
      <trkpt lat="42.0112400" lon="12.5291500"></trkpt>
      <trkpt lat="42.0110000" lon="12.5291300"></trkpt>
      <trkpt lat="42.0107600" lon="12.5291000"></trkpt>
      <trkpt lat="42.0105600" lon="12.5290800"></trkpt>
      <trkpt lat="42.0103700" lon="12.5290600"></trkpt>
      <trkpt lat="42.0101300" lon="12.5290300"></trkpt>
      <trkpt lat="42.0098000" lon="12.5289900"></trkpt>
      <trkpt lat="42.0095300" lon="12.5289600"></trkpt>
      <trkpt lat="42.0094500" lon="12.5289500"></trkpt>
      <trkpt lat="42.0093700" lon="12.5289500"></trkpt>
      <trkpt lat="42.0093000" lon="12.5289400"></trkpt>
      <trkpt lat="42.0091300" lon="12.5289200"></trkpt>
      <trkpt lat="42.0089800" lon="12.5289100"></trkpt>
      <trkpt lat="42.0088000" lon="12.5288900"></trkpt>
      <trkpt lat="42.0086900" lon="12.5288700"></trkpt>
      <trkpt lat="42.0085400" lon="12.5288600"></trkpt>
      <trkpt lat="42.0084400" lon="12.5288500"></trkpt>
      <trkpt lat="42.0080500" lon="12.5288100"></trkpt>
      <trkpt lat="42.0078500" lon="12.5287800"></trkpt>
      <trkpt lat="42.0078000" lon="12.5287800"></trkpt>
      <trkpt lat="42.0075900" lon="12.5287500"></trkpt>
      <trkpt lat="42.0074800" lon="12.5287300"></trkpt>
      <trkpt lat="42.0073100" lon="12.5287200"></trkpt>
      <trkpt lat="42.0071600" lon="12.5287000"></trkpt>
      <trkpt lat="42.0066200" lon="12.5286400"></trkpt>
      <trkpt lat="42.0061900" lon="12.5286000"></trkpt>
      <trkpt lat="42.0061300" lon="12.5285900"></trkpt>
      <trkpt lat="42.0057900" lon="12.5285500"></trkpt>
      <trkpt lat="42.0057200" lon="12.5285400"></trkpt>
      <trkpt lat="42.0054700" lon="12.5285100"></trkpt>
      <trkpt lat="42.0052400" lon="12.5284900"></trkpt>
      <trkpt lat="42.0050000" lon="12.5284600"></trkpt>
      <trkpt lat="42.0045800" lon="12.5284400"></trkpt>
      <trkpt lat="42.0042200" lon="12.5283800"></trkpt>
      <trkpt lat="42.0039600" lon="12.5283600"></trkpt>
      <trkpt lat="42.0038200" lon="12.5283300"></trkpt>
      <trkpt lat="42.0036300" lon="12.5283000"></trkpt>
      <trkpt lat="42.0034000" lon="12.5282700"></trkpt>
      <trkpt lat="42.0031800" lon="12.5282500"></trkpt>
      <trkpt lat="42.0029800" lon="12.5282200"></trkpt>
      <trkpt lat="42.0029700" lon="12.5282200"></trkpt>
      <trkpt lat="42.0028600" lon="12.5282100"></trkpt>
      <trkpt lat="42.0028000" lon="12.5282100"></trkpt>
      <trkpt lat="42.0027600" lon="12.5282100"></trkpt>
      <trkpt lat="42.0026600" lon="12.5282000"></trkpt>
      <trkpt lat="42.0025600" lon="12.5281900"></trkpt>
      <trkpt lat="42.0024500" lon="12.5281800"></trkpt>
      <trkpt lat="42.0023100" lon="12.5281500"></trkpt>
      <trkpt lat="42.0020200" lon="12.5281200"></trkpt>
      <trkpt lat="42.0019700" lon="12.5281200"></trkpt>
      <trkpt lat="42.0015200" lon="12.5280800"></trkpt>
      <trkpt lat="42.0007700" lon="12.5280000"></trkpt>
      <trkpt lat="42.0007600" lon="12.5280000"></trkpt>
      <trkpt lat="42.0006400" lon="12.5279900"></trkpt>
      <trkpt lat="42.0002600" lon="12.5279500"></trkpt>
      <trkpt lat="41.9994700" lon="12.5278600"></trkpt>
      <trkpt lat="41.9987400" lon="12.5277800"></trkpt>
      <trkpt lat="41.9981400" lon="12.5277200"></trkpt>
      <trkpt lat="41.9981300" lon="12.5277100"></trkpt>
      <trkpt lat="41.9981000" lon="12.5277100"></trkpt>
      <trkpt lat="41.9975000" lon="12.5276500"></trkpt>
      <trkpt lat="41.9968000" lon="12.5275700"></trkpt>
      <trkpt lat="41.9966200" lon="12.5275500"></trkpt>
      <trkpt lat="41.9965700" lon="12.5275400"></trkpt>
      <trkpt lat="41.9959400" lon="12.5274700"></trkpt>
      <trkpt lat="41.9957600" lon="12.5274500"></trkpt>
      <trkpt lat="41.9953700" lon="12.5274100"></trkpt>
      <trkpt lat="41.9951900" lon="12.5273900"></trkpt>
      <trkpt lat="41.9950100" lon="12.5273700"></trkpt>
      <trkpt lat="41.9948100" lon="12.5273500"></trkpt>
      <trkpt lat="41.9947000" lon="12.5273400"></trkpt>
      <trkpt lat="41.9946500" lon="12.5273300"></trkpt>
      <trkpt lat="41.9944700" lon="12.5273100"></trkpt>
      <trkpt lat="41.9942900" lon="12.5272900"></trkpt>
      <trkpt lat="41.9941500" lon="12.5272800"></trkpt>
      <trkpt lat="41.9940800" lon="12.5272700"></trkpt>
      <trkpt lat="41.9940700" lon="12.5272700"></trkpt>
      <trkpt lat="41.9935100" lon="12.5272100"></trkpt>
      <trkpt lat="41.9930700" lon="12.5271600"></trkpt>
      <trkpt lat="41.9928100" lon="12.5271300"></trkpt>
      <trkpt lat="41.9927400" lon="12.5271300"></trkpt>
      <trkpt lat="41.9924300" lon="12.5270900"></trkpt>
      <trkpt lat="41.9918800" lon="12.5270300"></trkpt>
      <trkpt lat="41.9918200" lon="12.5270300"></trkpt>
      <trkpt lat="41.9917700" lon="12.5270200"></trkpt>
      <trkpt lat="41.9917400" lon="12.5270200"></trkpt>
      <trkpt lat="41.9915900" lon="12.5270000"></trkpt>
      <trkpt lat="41.9913400" lon="12.5269700"></trkpt>
      <trkpt lat="41.9910100" lon="12.5269400"></trkpt>
      <trkpt lat="41.9908000" lon="12.5269100"></trkpt>
      <trkpt lat="41.9906600" lon="12.5269000"></trkpt>
      <trkpt lat="41.9905800" lon="12.5268900"></trkpt>
      <trkpt lat="41.9905100" lon="12.5268800"></trkpt>
      <trkpt lat="41.9903700" lon="12.5268600"></trkpt>
      <trkpt lat="41.9903300" lon="12.5268600"></trkpt>
      <trkpt lat="41.9902500" lon="12.5268500"></trkpt>
      <trkpt lat="41.9899500" lon="12.5268000"></trkpt>
      <trkpt lat="41.9898000" lon="12.5267800"></trkpt>
      <trkpt lat="41.9896100" lon="12.5267400"></trkpt>
      <trkpt lat="41.9894900" lon="12.5267200"></trkpt>
      <trkpt lat="41.9891700" lon="12.5266600"></trkpt>
      <trkpt lat="41.9889200" lon="12.5266100"></trkpt>
      <trkpt lat="41.9885500" lon="12.5265400"></trkpt>
      <trkpt lat="41.9884300" lon="12.5265200"></trkpt>
      <trkpt lat="41.9883700" lon="12.5265100"></trkpt>
      <trkpt lat="41.9883200" lon="12.5265000"></trkpt>
      <trkpt lat="41.9882000" lon="12.5264800"></trkpt>
      <trkpt lat="41.9881900" lon="12.5264800"></trkpt>
      <trkpt lat="41.9880200" lon="12.5264400"></trkpt>
      <trkpt lat="41.9879900" lon="12.5264400"></trkpt>
      <trkpt lat="41.9877700" lon="12.5264000"></trkpt>
      <trkpt lat="41.9876600" lon="12.5263700"></trkpt>
      <trkpt lat="41.9875300" lon="12.5263400"></trkpt>
      <trkpt lat="41.9873400" lon="12.5263000"></trkpt>
      <trkpt lat="41.9870700" lon="12.5262300"></trkpt>
      <trkpt lat="41.9870000" lon="12.5262100"></trkpt>
      <trkpt lat="41.9868900" lon="12.5261700"></trkpt>
      <trkpt lat="41.9868600" lon="12.5261600"></trkpt>
      <trkpt lat="41.9868300" lon="12.5261500"></trkpt>
      <trkpt lat="41.9866800" lon="12.5260900"></trkpt>
      <trkpt lat="41.9866200" lon="12.5260700"></trkpt>
      <trkpt lat="41.9864900" lon="12.5260100"></trkpt>
      <trkpt lat="41.9864400" lon="12.5259900"></trkpt>
      <trkpt lat="41.9864300" lon="12.5259800"></trkpt>
      <trkpt lat="41.9862200" lon="12.5258600"></trkpt>
      <trkpt lat="41.9861300" lon="12.5258000"></trkpt>
      <trkpt lat="41.9860400" lon="12.5257300"></trkpt>
      <trkpt lat="41.9860000" lon="12.5257000"></trkpt>
      <trkpt lat="41.9858700" lon="12.5255900"></trkpt>
      <trkpt lat="41.9858300" lon="12.5255100"></trkpt>
      <trkpt lat="41.9857100" lon="12.5253800"></trkpt>
      <trkpt lat="41.9856100" lon="12.5252700"></trkpt>
      <trkpt lat="41.9856000" lon="12.5252700"></trkpt>
      <trkpt lat="41.9855000" lon="12.5251500"></trkpt>
      <trkpt lat="41.9854900" lon="12.5251300"></trkpt>
      <trkpt lat="41.9854700" lon="12.5251100"></trkpt>
      <trkpt lat="41.9853800" lon="12.5249900"></trkpt>
      <trkpt lat="41.9853800" lon="12.5249800"></trkpt>
      <trkpt lat="41.9853200" lon="12.5248900"></trkpt>
      <trkpt lat="41.9852500" lon="12.5247800"></trkpt>
      <trkpt lat="41.9852100" lon="12.5247300"></trkpt>
      <trkpt lat="41.9851600" lon="12.5246700"></trkpt>
      <trkpt lat="41.9851100" lon="12.5246000"></trkpt>
      <trkpt lat="41.9850700" lon="12.5245300"></trkpt>
      <trkpt lat="41.9850300" lon="12.5244500"></trkpt>
      <trkpt lat="41.9849900" lon="12.5243700"></trkpt>
      <trkpt lat="41.9849600" lon="12.5242900"></trkpt>
      <trkpt lat="41.9849300" lon="12.5242100"></trkpt>
      <trkpt lat="41.9849000" lon="12.5241300"></trkpt>
      <trkpt lat="41.9848800" lon="12.5240400"></trkpt>
      <trkpt lat="41.9848600" lon="12.5239500"></trkpt>
      <trkpt lat="41.9848400" lon="12.5238600"></trkpt>
      <trkpt lat="41.9848400" lon="12.5238300"></trkpt>
      <trkpt lat="41.9848300" lon="12.5237700"></trkpt>
      <trkpt lat="41.9848200" lon="12.5236800"></trkpt>
      <trkpt lat="41.9848100" lon="12.5235900"></trkpt>
      <trkpt lat="41.9848100" lon="12.5235000"></trkpt>
      <trkpt lat="41.9848100" lon="12.5234100"></trkpt>
      <trkpt lat="41.9848100" lon="12.5233100"></trkpt>
      <trkpt lat="41.9848200" lon="12.5232200"></trkpt>
      <trkpt lat="41.9848300" lon="12.5231300"></trkpt>
      <trkpt lat="41.9848400" lon="12.5230400"></trkpt>
      <trkpt lat="41.9848500" lon="12.5230000"></trkpt>
      <trkpt lat="41.9848500" lon="12.5229900"></trkpt>
      <trkpt lat="41.9848700" lon="12.5229300"></trkpt>
      <trkpt lat="41.9848900" lon="12.5228200"></trkpt>
      <trkpt lat="41.9849200" lon="12.5227300"></trkpt>
      <trkpt lat="41.9849400" lon="12.5226700"></trkpt>
      <trkpt lat="41.9850100" lon="12.5225000"></trkpt>
      <trkpt lat="41.9850400" lon="12.5224300"></trkpt>
      <trkpt lat="41.9852200" lon="12.5220300"></trkpt>
      <trkpt lat="41.9853100" lon="12.5218300"></trkpt>
      <trkpt lat="41.9854100" lon="12.5216000"></trkpt>
      <trkpt lat="41.9855300" lon="12.5213400"></trkpt>
      <trkpt lat="41.9855600" lon="12.5212600"></trkpt>
      <trkpt lat="41.9856100" lon="12.5211200"></trkpt>
      <trkpt lat="41.9856700" lon="12.5209600"></trkpt>
      <trkpt lat="41.9857200" lon="12.5207900"></trkpt>
      <trkpt lat="41.9857800" lon="12.5206500"></trkpt>
      <trkpt lat="41.9859700" lon="12.5202300"></trkpt>
      <trkpt lat="41.9860600" lon="12.5200300"></trkpt>
      <trkpt lat="41.9864400" lon="12.5191800"></trkpt>
      <trkpt lat="41.9865400" lon="12.5189600"></trkpt>
      <trkpt lat="41.9865900" lon="12.5188600"></trkpt>
      <trkpt lat="41.9866200" lon="12.5187700"></trkpt>
      <trkpt lat="41.9866500" lon="12.5187100"></trkpt>
      <trkpt lat="41.9867000" lon="12.5186200"></trkpt>
      <trkpt lat="41.9867100" lon="12.5186100"></trkpt>
      <trkpt lat="41.9869300" lon="12.5181000"></trkpt>
      <trkpt lat="41.9870500" lon="12.5178200"></trkpt>
      <trkpt lat="41.9870900" lon="12.5177400"></trkpt>
      <trkpt lat="41.9871200" lon="12.5176700"></trkpt>
      <trkpt lat="41.9871500" lon="12.5176100"></trkpt>
      <trkpt lat="41.9871700" lon="12.5175600"></trkpt>
      <trkpt lat="41.9876500" lon="12.5165000"></trkpt>
      <trkpt lat="41.9878000" lon="12.5161700"></trkpt>
      <trkpt lat="41.9878400" lon="12.5160800"></trkpt>
      <trkpt lat="41.9881700" lon="12.5153400"></trkpt>
      <trkpt lat="41.9883400" lon="12.5149600"></trkpt>
      <trkpt lat="41.9884200" lon="12.5147900"></trkpt>
      <trkpt lat="41.9885000" lon="12.5146000"></trkpt>
      <trkpt lat="41.9887700" lon="12.5140000"></trkpt>
      <trkpt lat="41.9888300" lon="12.5138800"></trkpt>
      <trkpt lat="41.9888700" lon="12.5137800"></trkpt>
      <trkpt lat="41.9889800" lon="12.5135500"></trkpt>
      <trkpt lat="41.9890500" lon="12.5133900"></trkpt>
      <trkpt lat="41.9891100" lon="12.5132600"></trkpt>
      <trkpt lat="41.9891800" lon="12.5130900"></trkpt>
      <trkpt lat="41.9893500" lon="12.5127300"></trkpt>
      <trkpt lat="41.9894100" lon="12.5126000"></trkpt>
      <trkpt lat="41.9894300" lon="12.5125500"></trkpt>
      <trkpt lat="41.9894500" lon="12.5125000"></trkpt>
      <trkpt lat="41.9895200" lon="12.5123600"></trkpt>
      <trkpt lat="41.9895500" lon="12.5122900"></trkpt>
      <trkpt lat="41.9896000" lon="12.5122000"></trkpt>
      <trkpt lat="41.9896200" lon="12.5121400"></trkpt>
      <trkpt lat="41.9896500" lon="12.5120700"></trkpt>
      <trkpt lat="41.9897500" lon="12.5118600"></trkpt>
      <trkpt lat="41.9900200" lon="12.5111900"></trkpt>
      <trkpt lat="41.9902400" lon="12.5106000"></trkpt>
      <trkpt lat="41.9903400" lon="12.5103500"></trkpt>
      <trkpt lat="41.9905500" lon="12.5098800"></trkpt>
      <trkpt lat="41.9906000" lon="12.5096900"></trkpt>
      <trkpt lat="41.9906000" lon="12.5096800"></trkpt>
      <trkpt lat="41.9905900" lon="12.5094700"></trkpt>
      <trkpt lat="41.9906700" lon="12.5091700"></trkpt>
      <trkpt lat="41.9907400" lon="12.5089100"></trkpt>
      <trkpt lat="41.9907800" lon="12.5087200"></trkpt>
      <trkpt lat="41.9908100" lon="12.5085700"></trkpt>
      <trkpt lat="41.9908500" lon="12.5083700"></trkpt>
      <trkpt lat="41.9909000" lon="12.5080500"></trkpt>
      <trkpt lat="41.9909200" lon="12.5078800"></trkpt>
      <trkpt lat="41.9909500" lon="12.5075700"></trkpt>
      <trkpt lat="41.9909800" lon="12.5071500"></trkpt>
      <trkpt lat="41.9909900" lon="12.5069000"></trkpt>
      <trkpt lat="41.9909800" lon="12.5064600"></trkpt>
      <trkpt lat="41.9909600" lon="12.5057000"></trkpt>
      <trkpt lat="41.9909600" lon="12.5056500"></trkpt>
      <trkpt lat="41.9909400" lon="12.5047900"></trkpt>
      <trkpt lat="41.9909400" lon="12.5043500"></trkpt>
      <trkpt lat="41.9909300" lon="12.5043300"></trkpt>
      <trkpt lat="41.9909300" lon="12.5043100"></trkpt>
      <trkpt lat="41.9909300" lon="12.5042500"></trkpt>
      <trkpt lat="41.9909300" lon="12.5042200"></trkpt>
      <trkpt lat="41.9909300" lon="12.5041900"></trkpt>
      <trkpt lat="41.9909300" lon="12.5041800"></trkpt>
      <trkpt lat="41.9909300" lon="12.5039000"></trkpt>
      <trkpt lat="41.9909200" lon="12.5035000"></trkpt>
      <trkpt lat="41.9909100" lon="12.5033100"></trkpt>
      <trkpt lat="41.9909000" lon="12.5030700"></trkpt>
      <trkpt lat="41.9908800" lon="12.5029200"></trkpt>
      <trkpt lat="41.9908300" lon="12.5025700"></trkpt>
      <trkpt lat="41.9907700" lon="12.5023000"></trkpt>
      <trkpt lat="41.9907100" lon="12.5020900"></trkpt>
      <trkpt lat="41.9906600" lon="12.5019200"></trkpt>
      <trkpt lat="41.9906400" lon="12.5018600"></trkpt>
      <trkpt lat="41.9905000" lon="12.5015200"></trkpt>
      <trkpt lat="41.9903800" lon="12.5012600"></trkpt>
      <trkpt lat="41.9903600" lon="12.5012100"></trkpt>
      <trkpt lat="41.9900800" lon="12.5007000"></trkpt>
      <trkpt lat="41.9900000" lon="12.5005900"></trkpt>
      <trkpt lat="41.9898400" lon="12.5003600"></trkpt>
      <trkpt lat="41.9896900" lon="12.5001600"></trkpt>
      <trkpt lat="41.9895400" lon="12.4999900"></trkpt>
      <trkpt lat="41.9893500" lon="12.4997600"></trkpt>
      <trkpt lat="41.9891200" lon="12.4994700"></trkpt>
      <trkpt lat="41.9889200" lon="12.4992200"></trkpt>
      <trkpt lat="41.9888600" lon="12.4991300"></trkpt>
      <trkpt lat="41.9887400" lon="12.4989600"></trkpt>
      <trkpt lat="41.9886800" lon="12.4988800"></trkpt>
      <trkpt lat="41.9884400" lon="12.4985200"></trkpt>
      <trkpt lat="41.9881700" lon="12.4980900"></trkpt>
      <trkpt lat="41.9880600" lon="12.4979100"></trkpt>
      <trkpt lat="41.9879400" lon="12.4977200"></trkpt>
      <trkpt lat="41.9878900" lon="12.4976400"></trkpt>
      <trkpt lat="41.9878200" lon="12.4975400"></trkpt>
      <trkpt lat="41.9877300" lon="12.4973800"></trkpt>
      <trkpt lat="41.9874800" lon="12.4969900"></trkpt>
      <trkpt lat="41.9873400" lon="12.4967700"></trkpt>
      <trkpt lat="41.9870900" lon="12.4963600"></trkpt>
      <trkpt lat="41.9868500" lon="12.4959500"></trkpt>
      <trkpt lat="41.9867900" lon="12.4958600"></trkpt>
      <trkpt lat="41.9867000" lon="12.4956700"></trkpt>
      <trkpt lat="41.9866100" lon="12.4955000"></trkpt>
      <trkpt lat="41.9865400" lon="12.4953500"></trkpt>
      <trkpt lat="41.9864600" lon="12.4951800"></trkpt>
      <trkpt lat="41.9863900" lon="12.4950200"></trkpt>
      <trkpt lat="41.9863500" lon="12.4949100"></trkpt>
      <trkpt lat="41.9863500" lon="12.4949000"></trkpt>
      <trkpt lat="41.9862800" lon="12.4946800"></trkpt>
      <trkpt lat="41.9862100" lon="12.4944600"></trkpt>
      <trkpt lat="41.9861900" lon="12.4943900"></trkpt>
      <trkpt lat="41.9861200" lon="12.4940800"></trkpt>
      <trkpt lat="41.9860900" lon="12.4939000"></trkpt>
      <trkpt lat="41.9860800" lon="12.4938300"></trkpt>
      <trkpt lat="41.9860500" lon="12.4936700"></trkpt>
      <trkpt lat="41.9860300" lon="12.4935500"></trkpt>
      <trkpt lat="41.9860200" lon="12.4934800"></trkpt>
      <trkpt lat="41.9860100" lon="12.4934000"></trkpt>
      <trkpt lat="41.9859800" lon="12.4930700"></trkpt>
      <trkpt lat="41.9859600" lon="12.4929100"></trkpt>
      <trkpt lat="41.9859400" lon="12.4926600"></trkpt>
      <trkpt lat="41.9859400" lon="12.4925900"></trkpt>
      <trkpt lat="41.9859300" lon="12.4924300"></trkpt>
      <trkpt lat="41.9859100" lon="12.4920500"></trkpt>
      <trkpt lat="41.9859100" lon="12.4920000"></trkpt>
      <trkpt lat="41.9859000" lon="12.4918900"></trkpt>
      <trkpt lat="41.9859000" lon="12.4918800"></trkpt>
      <trkpt lat="41.9858700" lon="12.4914500"></trkpt>
      <trkpt lat="41.9858600" lon="12.4912100"></trkpt>
      <trkpt lat="41.9858400" lon="12.4907500"></trkpt>
      <trkpt lat="41.9858300" lon="12.4907000"></trkpt>
      <trkpt lat="41.9858300" lon="12.4906500"></trkpt>
      <trkpt lat="41.9858300" lon="12.4906000"></trkpt>
      <trkpt lat="41.9858300" lon="12.4905600"></trkpt>
      <trkpt lat="41.9858000" lon="12.4902000"></trkpt>
      <trkpt lat="41.9857900" lon="12.4899500"></trkpt>
      <trkpt lat="41.9857800" lon="12.4897500"></trkpt>
      <trkpt lat="41.9857800" lon="12.4895900"></trkpt>
      <trkpt lat="41.9857700" lon="12.4894100"></trkpt>
      <trkpt lat="41.9857500" lon="12.4889200"></trkpt>
      <trkpt lat="41.9857600" lon="12.4888200"></trkpt>
      <trkpt lat="41.9857600" lon="12.4886800"></trkpt>
      <trkpt lat="41.9857600" lon="12.4886300"></trkpt>
      <trkpt lat="41.9857700" lon="12.4883900"></trkpt>
      <trkpt lat="41.9857800" lon="12.4881700"></trkpt>
      <trkpt lat="41.9858000" lon="12.4879800"></trkpt>
      <trkpt lat="41.9858300" lon="12.4877200"></trkpt>
      <trkpt lat="41.9858500" lon="12.4875500"></trkpt>
      <trkpt lat="41.9859000" lon="12.4871400"></trkpt>
      <trkpt lat="41.9861000" lon="12.4856000"></trkpt>
      <trkpt lat="41.9861100" lon="12.4855200"></trkpt>
      <trkpt lat="41.9861300" lon="12.4854100"></trkpt>
      <trkpt lat="41.9863000" lon="12.4838700"></trkpt>
      <trkpt lat="41.9863200" lon="12.4837100"></trkpt>
      <trkpt lat="41.9864000" lon="12.4827600"></trkpt>
      <trkpt lat="41.9864000" lon="12.4827400"></trkpt>
      <trkpt lat="41.9864500" lon="12.4819500"></trkpt>
      <trkpt lat="41.9864700" lon="12.4813000"></trkpt>
      <trkpt lat="41.9864700" lon="12.4810900"></trkpt>
      <trkpt lat="41.9864800" lon="12.4809700"></trkpt>
      <trkpt lat="41.9864800" lon="12.4809200"></trkpt>
      <trkpt lat="41.9864800" lon="12.4807500"></trkpt>
      <trkpt lat="41.9864800" lon="12.4803600"></trkpt>
      <trkpt lat="41.9864800" lon="12.4798900"></trkpt>
      <trkpt lat="41.9864800" lon="12.4794100"></trkpt>
      <trkpt lat="41.9864700" lon="12.4789200"></trkpt>
      <trkpt lat="41.9864600" lon="12.4787400"></trkpt>
      <trkpt lat="41.9864600" lon="12.4785400"></trkpt>
      <trkpt lat="41.9864400" lon="12.4783000"></trkpt>
      <trkpt lat="41.9864200" lon="12.4779300"></trkpt>
      <trkpt lat="41.9863900" lon="12.4774400"></trkpt>
      <trkpt lat="41.9863200" lon="12.4765900"></trkpt>
      <trkpt lat="41.9862500" lon="12.4759200"></trkpt>
      <trkpt lat="41.9862300" lon="12.4757500"></trkpt>
      <trkpt lat="41.9862100" lon="12.4755800"></trkpt>
      <trkpt lat="41.9862000" lon="12.4755200"></trkpt>
      <trkpt lat="41.9861400" lon="12.4750700"></trkpt>
      <trkpt lat="41.9860900" lon="12.4747100"></trkpt>
      <trkpt lat="41.9860300" lon="12.4742800"></trkpt>
      <trkpt lat="41.9857600" lon="12.4727100"></trkpt>
      <trkpt lat="41.9855800" lon="12.4716200"></trkpt>
      <trkpt lat="41.9854200" lon="12.4707100"></trkpt>
      <trkpt lat="41.9852900" lon="12.4700500"></trkpt>
      <trkpt lat="41.9852500" lon="12.4698700"></trkpt>
      <trkpt lat="41.9851400" lon="12.4693900"></trkpt>
      <trkpt lat="41.9851300" lon="12.4692900"></trkpt>
      <trkpt lat="41.9851100" lon="12.4691800"></trkpt>
      <trkpt lat="41.9851000" lon="12.4691400"></trkpt>
      <trkpt lat="41.9850700" lon="12.4690500"></trkpt>
      <trkpt lat="41.9849400" lon="12.4684900"></trkpt>
      <trkpt lat="41.9848300" lon="12.4680900"></trkpt>
      <trkpt lat="41.9847300" lon="12.4677200"></trkpt>
      <trkpt lat="41.9847100" lon="12.4676500"></trkpt>
      <trkpt lat="41.9846600" lon="12.4674700"></trkpt>
      <trkpt lat="41.9845600" lon="12.4671600"></trkpt>
      <trkpt lat="41.9844700" lon="12.4668300"></trkpt>
      <trkpt lat="41.9844400" lon="12.4667500"></trkpt>
      <trkpt lat="41.9843300" lon="12.4664100"></trkpt>
      <trkpt lat="41.9843000" lon="12.4663400"></trkpt>
      <trkpt lat="41.9842500" lon="12.4661800"></trkpt>
      <trkpt lat="41.9842300" lon="12.4661200"></trkpt>
      <trkpt lat="41.9841200" lon="12.4658000"></trkpt>
      <trkpt lat="41.9839600" lon="12.4653700"></trkpt>
      <trkpt lat="41.9838900" lon="12.4651700"></trkpt>
      <trkpt lat="41.9838500" lon="12.4650800"></trkpt>
      <trkpt lat="41.9837200" lon="12.4647700"></trkpt>
      <trkpt lat="41.9836600" lon="12.4646000"></trkpt>
      <trkpt lat="41.9834600" lon="12.4641100"></trkpt>
      <trkpt lat="41.9832300" lon="12.4635700"></trkpt>
      <trkpt lat="41.9831300" lon="12.4633300"></trkpt>
      <trkpt lat="41.9827800" lon="12.4625400"></trkpt>
      <trkpt lat="41.9824900" lon="12.4618900"></trkpt>
      <trkpt lat="41.9824800" lon="12.4618700"></trkpt>
      <trkpt lat="41.9824000" lon="12.4616600"></trkpt>
      <trkpt lat="41.9823200" lon="12.4614400"></trkpt>
      <trkpt lat="41.9821900" lon="12.4610700"></trkpt>
      <trkpt lat="41.9821400" lon="12.4609200"></trkpt>
      <trkpt lat="41.9821000" lon="12.4608100"></trkpt>
      <trkpt lat="41.9820000" lon="12.4604800"></trkpt>
      <trkpt lat="41.9819600" lon="12.4603500"></trkpt>
      <trkpt lat="41.9819200" lon="12.4602000"></trkpt>
      <trkpt lat="41.9818800" lon="12.4600600"></trkpt>
      <trkpt lat="41.9818600" lon="12.4599700"></trkpt>
      <trkpt lat="41.9818100" lon="12.4597800"></trkpt>
      <trkpt lat="41.9817800" lon="12.4596500"></trkpt>
      <trkpt lat="41.9817500" lon="12.4595000"></trkpt>
      <trkpt lat="41.9817200" lon="12.4593800"></trkpt>
      <trkpt lat="41.9816500" lon="12.4589900"></trkpt>
      <trkpt lat="41.9816300" lon="12.4588700"></trkpt>
      <trkpt lat="41.9816000" lon="12.4586100"></trkpt>
      <trkpt lat="41.9815700" lon="12.4584000"></trkpt>
      <trkpt lat="41.9815400" lon="12.4581200"></trkpt>
      <trkpt lat="41.9815200" lon="12.4579400"></trkpt>
      <trkpt lat="41.9815000" lon="12.4577500"></trkpt>
      <trkpt lat="41.9814600" lon="12.4573300"></trkpt>
      <trkpt lat="41.9814400" lon="12.4569500"></trkpt>
      <trkpt lat="41.9814400" lon="12.4568200"></trkpt>
      <trkpt lat="41.9814200" lon="12.4565000"></trkpt>
      <trkpt lat="41.9814000" lon="12.4561200"></trkpt>
      <trkpt lat="41.9813900" lon="12.4557400"></trkpt>
      <trkpt lat="41.9813800" lon="12.4554300"></trkpt>
      <trkpt lat="41.9813700" lon="12.4552300"></trkpt>
      <trkpt lat="41.9813600" lon="12.4549700"></trkpt>
      <trkpt lat="41.9813500" lon="12.4548000"></trkpt>
      <trkpt lat="41.9813500" lon="12.4546400"></trkpt>
      <trkpt lat="41.9813500" lon="12.4545600"></trkpt>
      <trkpt lat="41.9813400" lon="12.4544200"></trkpt>
      <trkpt lat="41.9813400" lon="12.4540900"></trkpt>
      <trkpt lat="41.9813400" lon="12.4539200"></trkpt>
      <trkpt lat="41.9813400" lon="12.4537900"></trkpt>
      <trkpt lat="41.9813400" lon="12.4536700"></trkpt>
      <trkpt lat="41.9813500" lon="12.4535500"></trkpt>
      <trkpt lat="41.9813500" lon="12.4534000"></trkpt>
      <trkpt lat="41.9813600" lon="12.4532700"></trkpt>
      <trkpt lat="41.9813700" lon="12.4531400"></trkpt>
      <trkpt lat="41.9813700" lon="12.4530100"></trkpt>
      <trkpt lat="41.9813800" lon="12.4528900"></trkpt>
      <trkpt lat="41.9814100" lon="12.4526200"></trkpt>
      <trkpt lat="41.9814300" lon="12.4523400"></trkpt>
      <trkpt lat="41.9814500" lon="12.4522200"></trkpt>
      <trkpt lat="41.9814700" lon="12.4520100"></trkpt>
      <trkpt lat="41.9814900" lon="12.4518200"></trkpt>
      <trkpt lat="41.9815200" lon="12.4516400"></trkpt>
      <trkpt lat="41.9815400" lon="12.4514700"></trkpt>
      <trkpt lat="41.9816200" lon="12.4508200"></trkpt>
      <trkpt lat="41.9817200" lon="12.4500600"></trkpt>
      <trkpt lat="41.9817500" lon="12.4498800"></trkpt>
      <trkpt lat="41.9817800" lon="12.4496500"></trkpt>
      <trkpt lat="41.9817900" lon="12.4495800"></trkpt>
      <trkpt lat="41.9818000" lon="12.4494500"></trkpt>
      <trkpt lat="41.9818400" lon="12.4491800"></trkpt>
      <trkpt lat="41.9818600" lon="12.4490000"></trkpt>
      <trkpt lat="41.9818900" lon="12.4488200"></trkpt>
      <trkpt lat="41.9819600" lon="12.4483000"></trkpt>
      <trkpt lat="41.9819900" lon="12.4480600"></trkpt>
      <trkpt lat="41.9820200" lon="12.4478700"></trkpt>
      <trkpt lat="41.9820300" lon="12.4477400"></trkpt>
      <trkpt lat="41.9820500" lon="12.4476100"></trkpt>
      <trkpt lat="41.9820700" lon="12.4474700"></trkpt>
      <trkpt lat="41.9821300" lon="12.4470400"></trkpt>
      <trkpt lat="41.9821500" lon="12.4469200"></trkpt>
      <trkpt lat="41.9821500" lon="12.4468900"></trkpt>
      <trkpt lat="41.9821700" lon="12.4467500"></trkpt>
      <trkpt lat="41.9821800" lon="12.4466800"></trkpt>
      <trkpt lat="41.9822200" lon="12.4462900"></trkpt>
      <trkpt lat="41.9822300" lon="12.4460700"></trkpt>
      <trkpt lat="41.9822400" lon="12.4460100"></trkpt>
      <trkpt lat="41.9822400" lon="12.4459200"></trkpt>
      <trkpt lat="41.9822500" lon="12.4458200"></trkpt>
      <trkpt lat="41.9822700" lon="12.4454400"></trkpt>
      <trkpt lat="41.9822800" lon="12.4449700"></trkpt>
      <trkpt lat="41.9822700" lon="12.4446200"></trkpt>
      <trkpt lat="41.9822500" lon="12.4442600"></trkpt>
      <trkpt lat="41.9822400" lon="12.4441700"></trkpt>
      <trkpt lat="41.9822100" lon="12.4437200"></trkpt>
      <trkpt lat="41.9821800" lon="12.4434400"></trkpt>
      <trkpt lat="41.9821300" lon="12.4430800"></trkpt>
      <trkpt lat="41.9821300" lon="12.4430600"></trkpt>
      <trkpt lat="41.9820300" lon="12.4423600"></trkpt>
      <trkpt lat="41.9820000" lon="12.4421300"></trkpt>
      <trkpt lat="41.9818600" lon="12.4413300"></trkpt>
      <trkpt lat="41.9817000" lon="12.4404400"></trkpt>
      <trkpt lat="41.9816800" lon="12.4403400"></trkpt>
      <trkpt lat="41.9816600" lon="12.4402000"></trkpt>
      <trkpt lat="41.9816100" lon="12.4398900"></trkpt>
      <trkpt lat="41.9815100" lon="12.4393600"></trkpt>
      <trkpt lat="41.9813300" lon="12.4383400"></trkpt>
      <trkpt lat="41.9812700" lon="12.4380300"></trkpt>
      <trkpt lat="41.9811800" lon="12.4376300"></trkpt>
      <trkpt lat="41.9811600" lon="12.4375500"></trkpt>
      <trkpt lat="41.9811200" lon="12.4373300"></trkpt>
      <trkpt lat="41.9810900" lon="12.4371000"></trkpt>
      <trkpt lat="41.9810400" lon="12.4368700"></trkpt>
      <trkpt lat="41.9810100" lon="12.4366600"></trkpt>
      <trkpt lat="41.9809700" lon="12.4364900"></trkpt>
      <trkpt lat="41.9809700" lon="12.4364800"></trkpt>
      <trkpt lat="41.9809400" lon="12.4363100"></trkpt>
      <trkpt lat="41.9809000" lon="12.4360500"></trkpt>
      <trkpt lat="41.9808400" lon="12.4357600"></trkpt>
      <trkpt lat="41.9808100" lon="12.4355600"></trkpt>
      <trkpt lat="41.9807600" lon="12.4353000"></trkpt>
      <trkpt lat="41.9807200" lon="12.4351200"></trkpt>
      <trkpt lat="41.9806600" lon="12.4348400"></trkpt>
      <trkpt lat="41.9806200" lon="12.4346400"></trkpt>
      <trkpt lat="41.9805700" lon="12.4344500"></trkpt>
      <trkpt lat="41.9805200" lon="12.4342600"></trkpt>
      <trkpt lat="41.9804600" lon="12.4340000"></trkpt>
      <trkpt lat="41.9804600" lon="12.4339900"></trkpt>
      <trkpt lat="41.9804100" lon="12.4338000"></trkpt>
      <trkpt lat="41.9803200" lon="12.4334600"></trkpt>
      <trkpt lat="41.9802300" lon="12.4331600"></trkpt>
      <trkpt lat="41.9801800" lon="12.4330300"></trkpt>
      <trkpt lat="41.9801500" lon="12.4329200"></trkpt>
      <trkpt lat="41.9801300" lon="12.4328600"></trkpt>
      <trkpt lat="41.9800500" lon="12.4325700"></trkpt>
      <trkpt lat="41.9800400" lon="12.4325600"></trkpt>
      <trkpt lat="41.9798800" lon="12.4320400"></trkpt>
      <trkpt lat="41.9797500" lon="12.4316200"></trkpt>
      <trkpt lat="41.9797300" lon="12.4315600"></trkpt>
      <trkpt lat="41.9796900" lon="12.4314500"></trkpt>
      <trkpt lat="41.9796000" lon="12.4311700"></trkpt>
      <trkpt lat="41.9795300" lon="12.4309400"></trkpt>
      <trkpt lat="41.9794600" lon="12.4307400"></trkpt>
      <trkpt lat="41.9794200" lon="12.4306100"></trkpt>
      <trkpt lat="41.9793500" lon="12.4303900"></trkpt>
      <trkpt lat="41.9792700" lon="12.4301500"></trkpt>
      <trkpt lat="41.9792200" lon="12.4299900"></trkpt>
      <trkpt lat="41.9791600" lon="12.4298100"></trkpt>
      <trkpt lat="41.9790700" lon="12.4295600"></trkpt>
      <trkpt lat="41.9790200" lon="12.4294100"></trkpt>
      <trkpt lat="41.9789800" lon="12.4292900"></trkpt>
      <trkpt lat="41.9789300" lon="12.4291600"></trkpt>
      <trkpt lat="41.9788600" lon="12.4289600"></trkpt>
      <trkpt lat="41.9787800" lon="12.4287700"></trkpt>
      <trkpt lat="41.9787000" lon="12.4285500"></trkpt>
      <trkpt lat="41.9785800" lon="12.4283000"></trkpt>
      <trkpt lat="41.9781900" lon="12.4275600"></trkpt>
      <trkpt lat="41.9779300" lon="12.4272200"></trkpt>
      <trkpt lat="41.9778900" lon="12.4271600"></trkpt>
      <trkpt lat="41.9778000" lon="12.4270500"></trkpt>
      <trkpt lat="41.9775500" lon="12.4267100"></trkpt>
      <trkpt lat="41.9773300" lon="12.4264100"></trkpt>
      <trkpt lat="41.9762600" lon="12.4248000"></trkpt>
      <trkpt lat="41.9762300" lon="12.4247500"></trkpt>
      <trkpt lat="41.9761600" lon="12.4246400"></trkpt>
      <trkpt lat="41.9761100" lon="12.4245700"></trkpt>
      <trkpt lat="41.9761100" lon="12.4245600"></trkpt>
      <trkpt lat="41.9751900" lon="12.4230700"></trkpt>
      <trkpt lat="41.9746800" lon="12.4221000"></trkpt>
      <trkpt lat="41.9746500" lon="12.4220400"></trkpt>
      <trkpt lat="41.9744200" lon="12.4216700"></trkpt>
      <trkpt lat="41.9742300" lon="12.4213300"></trkpt>
      <trkpt lat="41.9741500" lon="12.4211900"></trkpt>
      <trkpt lat="41.9738700" lon="12.4206500"></trkpt>
      <trkpt lat="41.9737000" lon="12.4202700"></trkpt>
      <trkpt lat="41.9736800" lon="12.4202400"></trkpt>
      <trkpt lat="41.9735300" lon="12.4198800"></trkpt>
      <trkpt lat="41.9734600" lon="12.4197100"></trkpt>
      <trkpt lat="41.9734000" lon="12.4195700"></trkpt>
      <trkpt lat="41.9729900" lon="12.4185600"></trkpt>
      <trkpt lat="41.9729100" lon="12.4183400"></trkpt>
      <trkpt lat="41.9727900" lon="12.4180600"></trkpt>
      <trkpt lat="41.9726700" lon="12.4177600"></trkpt>
      <trkpt lat="41.9724500" lon="12.4172000"></trkpt>
      <trkpt lat="41.9723800" lon="12.4170300"></trkpt>
      <trkpt lat="41.9722800" lon="12.4167900"></trkpt>
      <trkpt lat="41.9722200" lon="12.4166500"></trkpt>
      <trkpt lat="41.9721300" lon="12.4164100"></trkpt>
      <trkpt lat="41.9719800" lon="12.4160500"></trkpt>
      <trkpt lat="41.9719500" lon="12.4159500"></trkpt>
      <trkpt lat="41.9718400" lon="12.4156600"></trkpt>
      <trkpt lat="41.9718000" lon="12.4155600"></trkpt>
      <trkpt lat="41.9717300" lon="12.4153600"></trkpt>
      <trkpt lat="41.9717300" lon="12.4153400"></trkpt>
      <trkpt lat="41.9716600" lon="12.4151300"></trkpt>
      <trkpt lat="41.9716500" lon="12.4151000"></trkpt>
      <trkpt lat="41.9715800" lon="12.4148600"></trkpt>
      <trkpt lat="41.9715600" lon="12.4147700"></trkpt>
      <trkpt lat="41.9715300" lon="12.4146700"></trkpt>
      <trkpt lat="41.9714900" lon="12.4144900"></trkpt>
      <trkpt lat="41.9714300" lon="12.4142500"></trkpt>
      <trkpt lat="41.9713900" lon="12.4140500"></trkpt>
      <trkpt lat="41.9713700" lon="12.4139300"></trkpt>
      <trkpt lat="41.9713500" lon="12.4138300"></trkpt>
      <trkpt lat="41.9712600" lon="12.4132700"></trkpt>
      <trkpt lat="41.9710800" lon="12.4118300"></trkpt>
      <trkpt lat="41.9710600" lon="12.4116600"></trkpt>
      <trkpt lat="41.9710500" lon="12.4116000"></trkpt>
      <trkpt lat="41.9709900" lon="12.4110900"></trkpt>
      <trkpt lat="41.9709500" lon="12.4107400"></trkpt>
      <trkpt lat="41.9709400" lon="12.4106600"></trkpt>
      <trkpt lat="41.9709400" lon="12.4106400"></trkpt>
      <trkpt lat="41.9709200" lon="12.4105000"></trkpt>
      <trkpt lat="41.9709100" lon="12.4104100"></trkpt>
      <trkpt lat="41.9708700" lon="12.4101100"></trkpt>
      <trkpt lat="41.9708300" lon="12.4097900"></trkpt>
      <trkpt lat="41.9708300" lon="12.4097800"></trkpt>
      <trkpt lat="41.9708100" lon="12.4096700"></trkpt>
      <trkpt lat="41.9707600" lon="12.4093600"></trkpt>
      <trkpt lat="41.9707400" lon="12.4092200"></trkpt>
      <trkpt lat="41.9706200" lon="12.4085000"></trkpt>
      <trkpt lat="41.9705900" lon="12.4083700"></trkpt>
      <trkpt lat="41.9705600" lon="12.4082400"></trkpt>
      <trkpt lat="41.9704700" lon="12.4079100"></trkpt>
      <trkpt lat="41.9702700" lon="12.4072200"></trkpt>
      <trkpt lat="41.9702300" lon="12.4070700"></trkpt>
      <trkpt lat="41.9701500" lon="12.4068000"></trkpt>
      <trkpt lat="41.9700800" lon="12.4065900"></trkpt>
      <trkpt lat="41.9700100" lon="12.4063800"></trkpt>
      <trkpt lat="41.9699300" lon="12.4061500"></trkpt>
      <trkpt lat="41.9697600" lon="12.4057200"></trkpt>
      <trkpt lat="41.9697400" lon="12.4056600"></trkpt>
      <trkpt lat="41.9696500" lon="12.4054300"></trkpt>
      <trkpt lat="41.9696100" lon="12.4053500"></trkpt>
      <trkpt lat="41.9694700" lon="12.4050100"></trkpt>
      <trkpt lat="41.9694100" lon="12.4048800"></trkpt>
      <trkpt lat="41.9693300" lon="12.4047100"></trkpt>
      <trkpt lat="41.9691600" lon="12.4043800"></trkpt>
      <trkpt lat="41.9690700" lon="12.4042100"></trkpt>
      <trkpt lat="41.9689600" lon="12.4039900"></trkpt>
      <trkpt lat="41.9688100" lon="12.4037200"></trkpt>
      <trkpt lat="41.9687000" lon="12.4035600"></trkpt>
      <trkpt lat="41.9686000" lon="12.4034000"></trkpt>
      <trkpt lat="41.9684300" lon="12.4031400"></trkpt>
      <trkpt lat="41.9679500" lon="12.4024200"></trkpt>
      <trkpt lat="41.9674600" lon="12.4016900"></trkpt>
      <trkpt lat="41.9670200" lon="12.4010200"></trkpt>
      <trkpt lat="41.9669400" lon="12.4009000"></trkpt>
      <trkpt lat="41.9668600" lon="12.4007600"></trkpt>
      <trkpt lat="41.9668500" lon="12.4007600"></trkpt>
      <trkpt lat="41.9668200" lon="12.4007100"></trkpt>
      <trkpt lat="41.9665700" lon="12.4003100"></trkpt>
      <trkpt lat="41.9665300" lon="12.4002500"></trkpt>
      <trkpt lat="41.9661300" lon="12.3996000"></trkpt>
      <trkpt lat="41.9660600" lon="12.3995000"></trkpt>
      <trkpt lat="41.9660400" lon="12.3994700"></trkpt>
      <trkpt lat="41.9660400" lon="12.3994600"></trkpt>
      <trkpt lat="41.9657200" lon="12.3989400"></trkpt>
      <trkpt lat="41.9656100" lon="12.3987600"></trkpt>
      <trkpt lat="41.9655900" lon="12.3987300"></trkpt>
      <trkpt lat="41.9654400" lon="12.3984800"></trkpt>
      <trkpt lat="41.9653600" lon="12.3983500"></trkpt>
      <trkpt lat="41.9653500" lon="12.3983400"></trkpt>
      <trkpt lat="41.9653200" lon="12.3983000"></trkpt>
      <trkpt lat="41.9651600" lon="12.3980300"></trkpt>
      <trkpt lat="41.9648100" lon="12.3974500"></trkpt>
      <trkpt lat="41.9646700" lon="12.3972200"></trkpt>
      <trkpt lat="41.9637800" lon="12.3957700"></trkpt>
      <trkpt lat="41.9631800" lon="12.3947900"></trkpt>
      <trkpt lat="41.9627800" lon="12.3941200"></trkpt>
      <trkpt lat="41.9624800" lon="12.3936500"></trkpt>
      <trkpt lat="41.9621800" lon="12.3931500"></trkpt>
      <trkpt lat="41.9620700" lon="12.3929800"></trkpt>
      <trkpt lat="41.9619300" lon="12.3927500"></trkpt>
      <trkpt lat="41.9618200" lon="12.3925700"></trkpt>
      <trkpt lat="41.9616200" lon="12.3922600"></trkpt>
      <trkpt lat="41.9614900" lon="12.3920500"></trkpt>
      <trkpt lat="41.9613300" lon="12.3917800"></trkpt>
      <trkpt lat="41.9610900" lon="12.3913900"></trkpt>
      <trkpt lat="41.9600200" lon="12.3896500"></trkpt>
      <trkpt lat="41.9598200" lon="12.3893300"></trkpt>
      <trkpt lat="41.9597500" lon="12.3892200"></trkpt>
      <trkpt lat="41.9596600" lon="12.3890800"></trkpt>
      <trkpt lat="41.9594300" lon="12.3887100"></trkpt>
      <trkpt lat="41.9592200" lon="12.3883600"></trkpt>
      <trkpt lat="41.9591800" lon="12.3882900"></trkpt>
      <trkpt lat="41.9589700" lon="12.3879600"></trkpt>
      <trkpt lat="41.9588200" lon="12.3877000"></trkpt>
      <trkpt lat="41.9586400" lon="12.3873800"></trkpt>
      <trkpt lat="41.9585300" lon="12.3872100"></trkpt>
      <trkpt lat="41.9584800" lon="12.3871400"></trkpt>
      <trkpt lat="41.9582900" lon="12.3868300"></trkpt>
      <trkpt lat="41.9582100" lon="12.3867100"></trkpt>
      <trkpt lat="41.9581000" lon="12.3865300"></trkpt>
      <trkpt lat="41.9580000" lon="12.3863700"></trkpt>
      <trkpt lat="41.9579600" lon="12.3863200"></trkpt>
      <trkpt lat="41.9579200" lon="12.3862600"></trkpt>
      <trkpt lat="41.9578600" lon="12.3861700"></trkpt>
      <trkpt lat="41.9578000" lon="12.3860800"></trkpt>
      <trkpt lat="41.9577300" lon="12.3859800"></trkpt>
      <trkpt lat="41.9576900" lon="12.3859300"></trkpt>
      <trkpt lat="41.9576500" lon="12.3858800"></trkpt>
      <trkpt lat="41.9575300" lon="12.3857300"></trkpt>
      <trkpt lat="41.9574600" lon="12.3856200"></trkpt>
      <trkpt lat="41.9574000" lon="12.3855600"></trkpt>
      <trkpt lat="41.9573300" lon="12.3854600"></trkpt>
      <trkpt lat="41.9571700" lon="12.3852800"></trkpt>
      <trkpt lat="41.9570900" lon="12.3852000"></trkpt>
      <trkpt lat="41.9570400" lon="12.3851300"></trkpt>
      <trkpt lat="41.9568900" lon="12.3849800"></trkpt>
      <trkpt lat="41.9567300" lon="12.3848300"></trkpt>
      <trkpt lat="41.9565400" lon="12.3846500"></trkpt>
      <trkpt lat="41.9563000" lon="12.3844500"></trkpt>
      <trkpt lat="41.9561600" lon="12.3843500"></trkpt>
      <trkpt lat="41.9561000" lon="12.3843000"></trkpt>
      <trkpt lat="41.9558400" lon="12.3841100"></trkpt>
      <trkpt lat="41.9555200" lon="12.3839300"></trkpt>
      <trkpt lat="41.9555100" lon="12.3839200"></trkpt>
      <trkpt lat="41.9554600" lon="12.3838900"></trkpt>
      <trkpt lat="41.9554100" lon="12.3838600"></trkpt>
      <trkpt lat="41.9553500" lon="12.3838400"></trkpt>
      <trkpt lat="41.9552800" lon="12.3838000"></trkpt>
      <trkpt lat="41.9551600" lon="12.3837400"></trkpt>
      <trkpt lat="41.9549700" lon="12.3836500"></trkpt>
      <trkpt lat="41.9547700" lon="12.3835700"></trkpt>
      <trkpt lat="41.9544100" lon="12.3834600"></trkpt>
      <trkpt lat="41.9542300" lon="12.3834100"></trkpt>
      <trkpt lat="41.9539900" lon="12.3833500"></trkpt>
      <trkpt lat="41.9538100" lon="12.3833200"></trkpt>
      <trkpt lat="41.9536300" lon="12.3832900"></trkpt>
      <trkpt lat="41.9535600" lon="12.3832700"></trkpt>
      <trkpt lat="41.9532700" lon="12.3832300"></trkpt>
      <trkpt lat="41.9532300" lon="12.3832300"></trkpt>
      <trkpt lat="41.9531700" lon="12.3832200"></trkpt>
      <trkpt lat="41.9530900" lon="12.3832100"></trkpt>
      <trkpt lat="41.9529100" lon="12.3831900"></trkpt>
      <trkpt lat="41.9525600" lon="12.3831500"></trkpt>
      <trkpt lat="41.9523800" lon="12.3831200"></trkpt>
      <trkpt lat="41.9520600" lon="12.3830900"></trkpt>
      <trkpt lat="41.9518400" lon="12.3830600"></trkpt>
      <trkpt lat="41.9518000" lon="12.3830500"></trkpt>
      <trkpt lat="41.9516600" lon="12.3830400"></trkpt>
      <trkpt lat="41.9513600" lon="12.3830000"></trkpt>
      <trkpt lat="41.9511200" lon="12.3829700"></trkpt>
      <trkpt lat="41.9509400" lon="12.3829500"></trkpt>
      <trkpt lat="41.9509100" lon="12.3829400"></trkpt>
      <trkpt lat="41.9507600" lon="12.3829300"></trkpt>
      <trkpt lat="41.9502900" lon="12.3828700"></trkpt>
      <trkpt lat="41.9498700" lon="12.3828200"></trkpt>
      <trkpt lat="41.9495100" lon="12.3827800"></trkpt>
      <trkpt lat="41.9493300" lon="12.3827600"></trkpt>
      <trkpt lat="41.9492900" lon="12.3827500"></trkpt>
      <trkpt lat="41.9491800" lon="12.3827400"></trkpt>
      <trkpt lat="41.9491500" lon="12.3827400"></trkpt>
      <trkpt lat="41.9486200" lon="12.3826700"></trkpt>
      <trkpt lat="41.9485100" lon="12.3826600"></trkpt>
      <trkpt lat="41.9484400" lon="12.3826500"></trkpt>
      <trkpt lat="41.9484300" lon="12.3826500"></trkpt>
      <trkpt lat="41.9484000" lon="12.3826400"></trkpt>
      <trkpt lat="41.9482600" lon="12.3826300"></trkpt>
      <trkpt lat="41.9471700" lon="12.3825000"></trkpt>
      <trkpt lat="41.9464900" lon="12.3824100"></trkpt>
      <trkpt lat="41.9459500" lon="12.3823500"></trkpt>
      <trkpt lat="41.9457300" lon="12.3823200"></trkpt>
      <trkpt lat="41.9448300" lon="12.3822100"></trkpt>
      <trkpt lat="41.9439500" lon="12.3820900"></trkpt>
      <trkpt lat="41.9439400" lon="12.3820900"></trkpt>
      <trkpt lat="41.9438700" lon="12.3820800"></trkpt>
      <trkpt lat="41.9435800" lon="12.3820500"></trkpt>
      <trkpt lat="41.9434000" lon="12.3820300"></trkpt>
      <trkpt lat="41.9430400" lon="12.3819900"></trkpt>
      <trkpt lat="41.9423700" lon="12.3819100"></trkpt>
      <trkpt lat="41.9422200" lon="12.3818900"></trkpt>
      <trkpt lat="41.9421500" lon="12.3818800"></trkpt>
      <trkpt lat="41.9419900" lon="12.3818600"></trkpt>
      <trkpt lat="41.9400500" lon="12.3816400"></trkpt>
      <trkpt lat="41.9398500" lon="12.3816100"></trkpt>
      <trkpt lat="41.9398200" lon="12.3816100"></trkpt>
      <trkpt lat="41.9396800" lon="12.3815900"></trkpt>
      <trkpt lat="41.9387800" lon="12.3814900"></trkpt>
      <trkpt lat="41.9387700" lon="12.3814900"></trkpt>
      <trkpt lat="41.9382200" lon="12.3814200"></trkpt>
      <trkpt lat="41.9380500" lon="12.3814000"></trkpt>
      <trkpt lat="41.9378800" lon="12.3813800"></trkpt>
      <trkpt lat="41.9376700" lon="12.3813500"></trkpt>
      <trkpt lat="41.9374900" lon="12.3813300"></trkpt>
      <trkpt lat="41.9367900" lon="12.3812500"></trkpt>
      <trkpt lat="41.9363900" lon="12.3812000"></trkpt>
      <trkpt lat="41.9357500" lon="12.3811200"></trkpt>
      <trkpt lat="41.9356700" lon="12.3811100"></trkpt>
      <trkpt lat="41.9356600" lon="12.3811100"></trkpt>
      <trkpt lat="41.9356400" lon="12.3811100"></trkpt>
      <trkpt lat="41.9355600" lon="12.3811000"></trkpt>
      <trkpt lat="41.9351800" lon="12.3810500"></trkpt>
      <trkpt lat="41.9347200" lon="12.3810000"></trkpt>
      <trkpt lat="41.9345900" lon="12.3809800"></trkpt>
      <trkpt lat="41.9344700" lon="12.3809700"></trkpt>
      <trkpt lat="41.9338800" lon="12.3809000"></trkpt>
      <trkpt lat="41.9338000" lon="12.3808900"></trkpt>
      <trkpt lat="41.9332200" lon="12.3808200"></trkpt>
      <trkpt lat="41.9331100" lon="12.3808100"></trkpt>
      <trkpt lat="41.9329700" lon="12.3808000"></trkpt>
      <trkpt lat="41.9328100" lon="12.3807800"></trkpt>
      <trkpt lat="41.9327300" lon="12.3807700"></trkpt>
      <trkpt lat="41.9326300" lon="12.3807600"></trkpt>
      <trkpt lat="41.9325800" lon="12.3807600"></trkpt>
      <trkpt lat="41.9323600" lon="12.3807400"></trkpt>
      <trkpt lat="41.9322000" lon="12.3807300"></trkpt>
      <trkpt lat="41.9320600" lon="12.3807300"></trkpt>
      <trkpt lat="41.9319200" lon="12.3807200"></trkpt>
      <trkpt lat="41.9317700" lon="12.3807200"></trkpt>
      <trkpt lat="41.9315900" lon="12.3807200"></trkpt>
      <trkpt lat="41.9315300" lon="12.3807200"></trkpt>
      <trkpt lat="41.9313700" lon="12.3807200"></trkpt>
      <trkpt lat="41.9311900" lon="12.3807300"></trkpt>
      <trkpt lat="41.9310200" lon="12.3807400"></trkpt>
      <trkpt lat="41.9308300" lon="12.3807500"></trkpt>
      <trkpt lat="41.9304600" lon="12.3807800"></trkpt>
      <trkpt lat="41.9300800" lon="12.3808100"></trkpt>
      <trkpt lat="41.9297700" lon="12.3808400"></trkpt>
      <trkpt lat="41.9295800" lon="12.3808600"></trkpt>
      <trkpt lat="41.9293100" lon="12.3808800"></trkpt>
      <trkpt lat="41.9291900" lon="12.3808900"></trkpt>
      <trkpt lat="41.9288500" lon="12.3809200"></trkpt>
      <trkpt lat="41.9286800" lon="12.3809400"></trkpt>
      <trkpt lat="41.9285400" lon="12.3809500"></trkpt>
      <trkpt lat="41.9283800" lon="12.3809600"></trkpt>
      <trkpt lat="41.9282700" lon="12.3809700"></trkpt>
      <trkpt lat="41.9282000" lon="12.3809800"></trkpt>
      <trkpt lat="41.9281700" lon="12.3809800"></trkpt>
      <trkpt lat="41.9280600" lon="12.3809900"></trkpt>
      <trkpt lat="41.9274700" lon="12.3810400"></trkpt>
      <trkpt lat="41.9269800" lon="12.3810800"></trkpt>
      <trkpt lat="41.9269500" lon="12.3810800"></trkpt>
      <trkpt lat="41.9268300" lon="12.3810900"></trkpt>
      <trkpt lat="41.9267200" lon="12.3811000"></trkpt>
      <trkpt lat="41.9265800" lon="12.3811100"></trkpt>
      <trkpt lat="41.9264200" lon="12.3811200"></trkpt>
      <trkpt lat="41.9263200" lon="12.3811300"></trkpt>
      <trkpt lat="41.9260800" lon="12.3811500"></trkpt>
      <trkpt lat="41.9258500" lon="12.3811700"></trkpt>
      <trkpt lat="41.9255700" lon="12.3812000"></trkpt>
      <trkpt lat="41.9255200" lon="12.3812000"></trkpt>
      <trkpt lat="41.9254000" lon="12.3812100"></trkpt>
      <trkpt lat="41.9253200" lon="12.3812200"></trkpt>
      <trkpt lat="41.9248500" lon="12.3812600"></trkpt>
      <trkpt lat="41.9243700" lon="12.3813100"></trkpt>
      <trkpt lat="41.9241800" lon="12.3813400"></trkpt>
      <trkpt lat="41.9238400" lon="12.3813900"></trkpt>
      <trkpt lat="41.9237200" lon="12.3814200"></trkpt>
      <trkpt lat="41.9235700" lon="12.3814600"></trkpt>
      <trkpt lat="41.9230900" lon="12.3815800"></trkpt>
      <trkpt lat="41.9227200" lon="12.3817000"></trkpt>
      <trkpt lat="41.9225700" lon="12.3817600"></trkpt>
      <trkpt lat="41.9224200" lon="12.3818200"></trkpt>
      <trkpt lat="41.9222700" lon="12.3818900"></trkpt>
      <trkpt lat="41.9220300" lon="12.3819900"></trkpt>
      <trkpt lat="41.9219300" lon="12.3820400"></trkpt>
      <trkpt lat="41.9217600" lon="12.3821200"></trkpt>
      <trkpt lat="41.9213900" lon="12.3823300"></trkpt>
      <trkpt lat="41.9213300" lon="12.3823600"></trkpt>
      <trkpt lat="41.9212400" lon="12.3824200"></trkpt>
      <trkpt lat="41.9209700" lon="12.3825800"></trkpt>
      <trkpt lat="41.9209400" lon="12.3825900"></trkpt>
      <trkpt lat="41.9209300" lon="12.3826000"></trkpt>
      <trkpt lat="41.9208000" lon="12.3826700"></trkpt>
      <trkpt lat="41.9205200" lon="12.3828500"></trkpt>
      <trkpt lat="41.9202400" lon="12.3830200"></trkpt>
      <trkpt lat="41.9198700" lon="12.3832300"></trkpt>
      <trkpt lat="41.9198100" lon="12.3832500"></trkpt>
      <trkpt lat="41.9193600" lon="12.3834900"></trkpt>
      <trkpt lat="41.9192600" lon="12.3835300"></trkpt>
      <trkpt lat="41.9191700" lon="12.3835800"></trkpt>
      <trkpt lat="41.9189000" lon="12.3836900"></trkpt>
      <trkpt lat="41.9188000" lon="12.3837300"></trkpt>
      <trkpt lat="41.9186000" lon="12.3838100"></trkpt>
      <trkpt lat="41.9185400" lon="12.3838300"></trkpt>
      <trkpt lat="41.9185300" lon="12.3838300"></trkpt>
      <trkpt lat="41.9182600" lon="12.3839200"></trkpt>
      <trkpt lat="41.9181400" lon="12.3839600"></trkpt>
      <trkpt lat="41.9180800" lon="12.3839800"></trkpt>
      <trkpt lat="41.9176800" lon="12.3840900"></trkpt>
      <trkpt lat="41.9175000" lon="12.3841300"></trkpt>
      <trkpt lat="41.9173500" lon="12.3841700"></trkpt>
      <trkpt lat="41.9171400" lon="12.3842200"></trkpt>
      <trkpt lat="41.9168800" lon="12.3843000"></trkpt>
      <trkpt lat="41.9167900" lon="12.3843200"></trkpt>
      <trkpt lat="41.9164700" lon="12.3844000"></trkpt>
      <trkpt lat="41.9162300" lon="12.3844700"></trkpt>
      <trkpt lat="41.9161600" lon="12.3844800"></trkpt>
      <trkpt lat="41.9156100" lon="12.3846200"></trkpt>
      <trkpt lat="41.9150900" lon="12.3847500"></trkpt>
      <trkpt lat="41.9149500" lon="12.3847900"></trkpt>
      <trkpt lat="41.9149200" lon="12.3848000"></trkpt>
      <trkpt lat="41.9148500" lon="12.3848200"></trkpt>
      <trkpt lat="41.9147800" lon="12.3848400"></trkpt>
      <trkpt lat="41.9143800" lon="12.3849400"></trkpt>
      <trkpt lat="41.9140900" lon="12.3850200"></trkpt>
      <trkpt lat="41.9139300" lon="12.3850600"></trkpt>
      <trkpt lat="41.9138400" lon="12.3850800"></trkpt>
      <trkpt lat="41.9133400" lon="12.3852100"></trkpt>
      <trkpt lat="41.9130300" lon="12.3852800"></trkpt>
      <trkpt lat="41.9128200" lon="12.3853100"></trkpt>
      <trkpt lat="41.9127200" lon="12.3853200"></trkpt>
      <trkpt lat="41.9126600" lon="12.3853300"></trkpt>
      <trkpt lat="41.9122800" lon="12.3853500"></trkpt>
      <trkpt lat="41.9121900" lon="12.3853500"></trkpt>
      <trkpt lat="41.9119200" lon="12.3853500"></trkpt>
      <trkpt lat="41.9116400" lon="12.3853200"></trkpt>
      <trkpt lat="41.9112400" lon="12.3852600"></trkpt>
      <trkpt lat="41.9110900" lon="12.3852300"></trkpt>
      <trkpt lat="41.9106500" lon="12.3851500"></trkpt>
      <trkpt lat="41.9103000" lon="12.3850900"></trkpt>
      <trkpt lat="41.9097200" lon="12.3849700"></trkpt>
      <trkpt lat="41.9092200" lon="12.3848800"></trkpt>
      <trkpt lat="41.9091100" lon="12.3848500"></trkpt>
      <trkpt lat="41.9090400" lon="12.3848400"></trkpt>
      <trkpt lat="41.9083200" lon="12.3847000"></trkpt>
      <trkpt lat="41.9082700" lon="12.3847000"></trkpt>
      <trkpt lat="41.9071100" lon="12.3844800"></trkpt>
      <trkpt lat="41.9070200" lon="12.3844700"></trkpt>
      <trkpt lat="41.9069600" lon="12.3844600"></trkpt>
      <trkpt lat="41.9068800" lon="12.3844400"></trkpt>
      <trkpt lat="41.9067700" lon="12.3844200"></trkpt>
      <trkpt lat="41.9062500" lon="12.3843200"></trkpt>
      <trkpt lat="41.9060600" lon="12.3842900"></trkpt>
      <trkpt lat="41.9058300" lon="12.3842500"></trkpt>
      <trkpt lat="41.9052200" lon="12.3841300"></trkpt>
      <trkpt lat="41.9051300" lon="12.3841100"></trkpt>
      <trkpt lat="41.9050800" lon="12.3841100"></trkpt>
      <trkpt lat="41.9050300" lon="12.3841000"></trkpt>
      <trkpt lat="41.9049800" lon="12.3840900"></trkpt>
      <trkpt lat="41.9049200" lon="12.3840800"></trkpt>
      <trkpt lat="41.9048700" lon="12.3840700"></trkpt>
      <trkpt lat="41.9048600" lon="12.3840600"></trkpt>
      <trkpt lat="41.9047700" lon="12.3840400"></trkpt>
      <trkpt lat="41.9044900" lon="12.3839900"></trkpt>
      <trkpt lat="41.9041100" lon="12.3839200"></trkpt>
      <trkpt lat="41.9038700" lon="12.3838700"></trkpt>
      <trkpt lat="41.9037300" lon="12.3838400"></trkpt>
      <trkpt lat="41.9036100" lon="12.3838200"></trkpt>
      <trkpt lat="41.9034900" lon="12.3838000"></trkpt>
      <trkpt lat="41.9033600" lon="12.3837800"></trkpt>
      <trkpt lat="41.9032700" lon="12.3837500"></trkpt>
      <trkpt lat="41.9031200" lon="12.3837300"></trkpt>
      <trkpt lat="41.9026600" lon="12.3836400"></trkpt>
      <trkpt lat="41.9022600" lon="12.3835500"></trkpt>
      <trkpt lat="41.9021300" lon="12.3835100"></trkpt>
      <trkpt lat="41.9019800" lon="12.3834800"></trkpt>
      <trkpt lat="41.9018500" lon="12.3834400"></trkpt>
      <trkpt lat="41.9017900" lon="12.3834300"></trkpt>
      <trkpt lat="41.9017800" lon="12.3834200"></trkpt>
      <trkpt lat="41.9016900" lon="12.3834000"></trkpt>
      <trkpt lat="41.9015400" lon="12.3833500"></trkpt>
      <trkpt lat="41.9012900" lon="12.3832700"></trkpt>
      <trkpt lat="41.9011400" lon="12.3832200"></trkpt>
      <trkpt lat="41.9008800" lon="12.3831300"></trkpt>
      <trkpt lat="41.9006900" lon="12.3830700"></trkpt>
      <trkpt lat="41.9002700" lon="12.3829100"></trkpt>
      <trkpt lat="41.8991100" lon="12.3824900"></trkpt>
      <trkpt lat="41.8982200" lon="12.3821800"></trkpt>
      <trkpt lat="41.8979400" lon="12.3820800"></trkpt>
      <trkpt lat="41.8977300" lon="12.3820100"></trkpt>
      <trkpt lat="41.8973400" lon="12.3818700"></trkpt>
      <trkpt lat="41.8968000" lon="12.3816900"></trkpt>
      <trkpt lat="41.8967200" lon="12.3816700"></trkpt>
      <trkpt lat="41.8964300" lon="12.3815900"></trkpt>
      <trkpt lat="41.8960600" lon="12.3815100"></trkpt>
      <trkpt lat="41.8959500" lon="12.3815000"></trkpt>
      <trkpt lat="41.8955800" lon="12.3814400"></trkpt>
      <trkpt lat="41.8952300" lon="12.3814000"></trkpt>
      <trkpt lat="41.8950100" lon="12.3813800"></trkpt>
      <trkpt lat="41.8947100" lon="12.3813600"></trkpt>
      <trkpt lat="41.8945800" lon="12.3813500"></trkpt>
      <trkpt lat="41.8944800" lon="12.3813500"></trkpt>
      <trkpt lat="41.8936300" lon="12.3812800"></trkpt>
      <trkpt lat="41.8924800" lon="12.3812100"></trkpt>
      <trkpt lat="41.8924000" lon="12.3812000"></trkpt>
      <trkpt lat="41.8922500" lon="12.3811900"></trkpt>
      <trkpt lat="41.8918000" lon="12.3811600"></trkpt>
      <trkpt lat="41.8915300" lon="12.3811500"></trkpt>
      <trkpt lat="41.8913500" lon="12.3811300"></trkpt>
      <trkpt lat="41.8910600" lon="12.3811100"></trkpt>
      <trkpt lat="41.8909300" lon="12.3811100"></trkpt>
      <trkpt lat="41.8908000" lon="12.3811000"></trkpt>
      <trkpt lat="41.8907500" lon="12.3811000"></trkpt>
      <trkpt lat="41.8906700" lon="12.3810900"></trkpt>
      <trkpt lat="41.8904400" lon="12.3810800"></trkpt>
      <trkpt lat="41.8902100" lon="12.3810600"></trkpt>
      <trkpt lat="41.8897100" lon="12.3810200"></trkpt>
      <trkpt lat="41.8890200" lon="12.3809800"></trkpt>
      <trkpt lat="41.8881100" lon="12.3809400"></trkpt>
      <trkpt lat="41.8879600" lon="12.3809300"></trkpt>
      <trkpt lat="41.8875600" lon="12.3809200"></trkpt>
      <trkpt lat="41.8866700" lon="12.3808900"></trkpt>
      <trkpt lat="41.8863000" lon="12.3808800"></trkpt>
      <trkpt lat="41.8859900" lon="12.3808700"></trkpt>
      <trkpt lat="41.8858200" lon="12.3808600"></trkpt>
      <trkpt lat="41.8857200" lon="12.3808600"></trkpt>
      <trkpt lat="41.8856300" lon="12.3808600"></trkpt>
      <trkpt lat="41.8847700" lon="12.3808200"></trkpt>
      <trkpt lat="41.8841300" lon="12.3808000"></trkpt>
      <trkpt lat="41.8838300" lon="12.3807900"></trkpt>
      <trkpt lat="41.8836600" lon="12.3807900"></trkpt>
      <trkpt lat="41.8831800" lon="12.3807700"></trkpt>
      <trkpt lat="41.8828300" lon="12.3807600"></trkpt>
      <trkpt lat="41.8826000" lon="12.3807400"></trkpt>
      <trkpt lat="41.8824900" lon="12.3807400"></trkpt>
      <trkpt lat="41.8823900" lon="12.3807400"></trkpt>
      <trkpt lat="41.8822900" lon="12.3807300"></trkpt>
      <trkpt lat="41.8821900" lon="12.3807200"></trkpt>
      <trkpt lat="41.8820900" lon="12.3807100"></trkpt>
      <trkpt lat="41.8814400" lon="12.3806400"></trkpt>
      <trkpt lat="41.8813400" lon="12.3806300"></trkpt>
      <trkpt lat="41.8812800" lon="12.3806200"></trkpt>
      <trkpt lat="41.8812200" lon="12.3806100"></trkpt>
      <trkpt lat="41.8811500" lon="12.3805900"></trkpt>
      <trkpt lat="41.8810400" lon="12.3805800"></trkpt>
      <trkpt lat="41.8809400" lon="12.3805600"></trkpt>
      <trkpt lat="41.8808300" lon="12.3805400"></trkpt>
      <trkpt lat="41.8806600" lon="12.3805000"></trkpt>
      <trkpt lat="41.8806100" lon="12.3804900"></trkpt>
      <trkpt lat="41.8804000" lon="12.3804400"></trkpt>
      <trkpt lat="41.8803000" lon="12.3804100"></trkpt>
      <trkpt lat="41.8801100" lon="12.3803600"></trkpt>
      <trkpt lat="41.8800700" lon="12.3803500"></trkpt>
      <trkpt lat="41.8799100" lon="12.3803100"></trkpt>
      <trkpt lat="41.8798000" lon="12.3802700"></trkpt>
      <trkpt lat="41.8796100" lon="12.3802100"></trkpt>
      <trkpt lat="41.8795900" lon="12.3802000"></trkpt>
      <trkpt lat="41.8793900" lon="12.3801400"></trkpt>
      <trkpt lat="41.8792400" lon="12.3800800"></trkpt>
      <trkpt lat="41.8790500" lon="12.3800100"></trkpt>
      <trkpt lat="41.8789600" lon="12.3799800"></trkpt>
      <trkpt lat="41.8788700" lon="12.3799400"></trkpt>
      <trkpt lat="41.8787500" lon="12.3798900"></trkpt>
      <trkpt lat="41.8787400" lon="12.3798900"></trkpt>
      <trkpt lat="41.8786700" lon="12.3798500"></trkpt>
      <trkpt lat="41.8783500" lon="12.3797100"></trkpt>
      <trkpt lat="41.8782800" lon="12.3796700"></trkpt>
      <trkpt lat="41.8782200" lon="12.3796500"></trkpt>
      <trkpt lat="41.8780400" lon="12.3795600"></trkpt>
      <trkpt lat="41.8779000" lon="12.3794900"></trkpt>
      <trkpt lat="41.8776300" lon="12.3793400"></trkpt>
      <trkpt lat="41.8776100" lon="12.3793300"></trkpt>
      <trkpt lat="41.8773600" lon="12.3792000"></trkpt>
      <trkpt lat="41.8772600" lon="12.3791500"></trkpt>
      <trkpt lat="41.8766200" lon="12.3787900"></trkpt>
      <trkpt lat="41.8764400" lon="12.3786900"></trkpt>
      <trkpt lat="41.8762300" lon="12.3785800"></trkpt>
      <trkpt lat="41.8762100" lon="12.3785600"></trkpt>
      <trkpt lat="41.8761900" lon="12.3785500"></trkpt>
      <trkpt lat="41.8760200" lon="12.3784600"></trkpt>
      <trkpt lat="41.8759500" lon="12.3784200"></trkpt>
      <trkpt lat="41.8758500" lon="12.3783700"></trkpt>
      <trkpt lat="41.8756800" lon="12.3782800"></trkpt>
      <trkpt lat="41.8755200" lon="12.3781900"></trkpt>
      <trkpt lat="41.8755100" lon="12.3781900"></trkpt>
      <trkpt lat="41.8754000" lon="12.3781300"></trkpt>
      <trkpt lat="41.8753500" lon="12.3781000"></trkpt>
      <trkpt lat="41.8753400" lon="12.3781000"></trkpt>
      <trkpt lat="41.8751800" lon="12.3780100"></trkpt>
      <trkpt lat="41.8751300" lon="12.3779900"></trkpt>
      <trkpt lat="41.8750400" lon="12.3779400"></trkpt>
      <trkpt lat="41.8745100" lon="12.3776600"></trkpt>
      <trkpt lat="41.8744000" lon="12.3776000"></trkpt>
      <trkpt lat="41.8743500" lon="12.3775700"></trkpt>
      <trkpt lat="41.8741800" lon="12.3774900"></trkpt>
      <trkpt lat="41.8740100" lon="12.3774000"></trkpt>
      <trkpt lat="41.8738900" lon="12.3773300"></trkpt>
      <trkpt lat="41.8738700" lon="12.3773200"></trkpt>
      <trkpt lat="41.8738500" lon="12.3773100"></trkpt>
      <trkpt lat="41.8734300" lon="12.3770900"></trkpt>
      <trkpt lat="41.8733400" lon="12.3770500"></trkpt>
      <trkpt lat="41.8731700" lon="12.3769500"></trkpt>
      <trkpt lat="41.8728600" lon="12.3767900"></trkpt>
      <trkpt lat="41.8728500" lon="12.3767800"></trkpt>
      <trkpt lat="41.8727800" lon="12.3767400"></trkpt>
      <trkpt lat="41.8726900" lon="12.3766900"></trkpt>
      <trkpt lat="41.8724500" lon="12.3765600"></trkpt>
      <trkpt lat="41.8721400" lon="12.3763900"></trkpt>
      <trkpt lat="41.8720100" lon="12.3763100"></trkpt>
      <trkpt lat="41.8717700" lon="12.3761700"></trkpt>
      <trkpt lat="41.8714600" lon="12.3760000"></trkpt>
      <trkpt lat="41.8713500" lon="12.3759500"></trkpt>
      <trkpt lat="41.8712100" lon="12.3758700"></trkpt>
      <trkpt lat="41.8711200" lon="12.3758200"></trkpt>
      <trkpt lat="41.8710400" lon="12.3757800"></trkpt>
      <trkpt lat="41.8708800" lon="12.3756800"></trkpt>
      <trkpt lat="41.8705500" lon="12.3755000"></trkpt>
      <trkpt lat="41.8703200" lon="12.3753700"></trkpt>
      <trkpt lat="41.8698500" lon="12.3751000"></trkpt>
      <trkpt lat="41.8695100" lon="12.3749100"></trkpt>
      <trkpt lat="41.8693400" lon="12.3748200"></trkpt>
      <trkpt lat="41.8691800" lon="12.3747300"></trkpt>
      <trkpt lat="41.8690300" lon="12.3746500"></trkpt>
      <trkpt lat="41.8688600" lon="12.3745600"></trkpt>
      <trkpt lat="41.8688400" lon="12.3745500"></trkpt>
      <trkpt lat="41.8687000" lon="12.3744800"></trkpt>
      <trkpt lat="41.8684800" lon="12.3743700"></trkpt>
      <trkpt lat="41.8683100" lon="12.3742900"></trkpt>
      <trkpt lat="41.8681400" lon="12.3742100"></trkpt>
      <trkpt lat="41.8681300" lon="12.3742100"></trkpt>
      <trkpt lat="41.8679700" lon="12.3741400"></trkpt>
      <trkpt lat="41.8678100" lon="12.3740800"></trkpt>
      <trkpt lat="41.8676900" lon="12.3740400"></trkpt>
      <trkpt lat="41.8674500" lon="12.3739600"></trkpt>
      <trkpt lat="41.8672200" lon="12.3738900"></trkpt>
      <trkpt lat="41.8669300" lon="12.3738200"></trkpt>
      <trkpt lat="41.8667100" lon="12.3737800"></trkpt>
      <trkpt lat="41.8666400" lon="12.3737700"></trkpt>
      <trkpt lat="41.8665700" lon="12.3737500"></trkpt>
      <trkpt lat="41.8663900" lon="12.3737200"></trkpt>
      <trkpt lat="41.8661900" lon="12.3737000"></trkpt>
      <trkpt lat="41.8660700" lon="12.3736800"></trkpt>
      <trkpt lat="41.8659900" lon="12.3736800"></trkpt>
      <trkpt lat="41.8658400" lon="12.3736700"></trkpt>
      <trkpt lat="41.8658300" lon="12.3736700"></trkpt>
      <trkpt lat="41.8656000" lon="12.3736600"></trkpt>
      <trkpt lat="41.8655800" lon="12.3736500"></trkpt>
      <trkpt lat="41.8652500" lon="12.3736500"></trkpt>
      <trkpt lat="41.8650600" lon="12.3736600"></trkpt>
      <trkpt lat="41.8650000" lon="12.3736600"></trkpt>
      <trkpt lat="41.8648800" lon="12.3736700"></trkpt>
      <trkpt lat="41.8647000" lon="12.3736900"></trkpt>
      <trkpt lat="41.8646000" lon="12.3737000"></trkpt>
      <trkpt lat="41.8645500" lon="12.3737000"></trkpt>
      <trkpt lat="41.8640400" lon="12.3737900"></trkpt>
      <trkpt lat="41.8635100" lon="12.3739400"></trkpt>
      <trkpt lat="41.8633100" lon="12.3740000"></trkpt>
      <trkpt lat="41.8630300" lon="12.3740900"></trkpt>
      <trkpt lat="41.8628500" lon="12.3741500"></trkpt>
      <trkpt lat="41.8626400" lon="12.3742300"></trkpt>
      <trkpt lat="41.8625600" lon="12.3742600"></trkpt>
      <trkpt lat="41.8625100" lon="12.3742800"></trkpt>
      <trkpt lat="41.8624200" lon="12.3743200"></trkpt>
      <trkpt lat="41.8623100" lon="12.3743700"></trkpt>
      <trkpt lat="41.8620300" lon="12.3744900"></trkpt>
      <trkpt lat="41.8619900" lon="12.3745100"></trkpt>
      <trkpt lat="41.8616900" lon="12.3746400"></trkpt>
      <trkpt lat="41.8610700" lon="12.3749000"></trkpt>
      <trkpt lat="41.8610500" lon="12.3749100"></trkpt>
      <trkpt lat="41.8607500" lon="12.3750500"></trkpt>
      <trkpt lat="41.8602700" lon="12.3752500"></trkpt>
      <trkpt lat="41.8596800" lon="12.3755000"></trkpt>
      <trkpt lat="41.8593500" lon="12.3756300"></trkpt>
      <trkpt lat="41.8592500" lon="12.3756800"></trkpt>
      <trkpt lat="41.8589000" lon="12.3758300"></trkpt>
      <trkpt lat="41.8586800" lon="12.3759300"></trkpt>
      <trkpt lat="41.8585700" lon="12.3759700"></trkpt>
      <trkpt lat="41.8583700" lon="12.3760600"></trkpt>
      <trkpt lat="41.8581100" lon="12.3761700"></trkpt>
      <trkpt lat="41.8578500" lon="12.3762800"></trkpt>
      <trkpt lat="41.8575400" lon="12.3764200"></trkpt>
      <trkpt lat="41.8573100" lon="12.3765200"></trkpt>
      <trkpt lat="41.8571400" lon="12.3765900"></trkpt>
      <trkpt lat="41.8570500" lon="12.3766300"></trkpt>
      <trkpt lat="41.8570200" lon="12.3766400"></trkpt>
      <trkpt lat="41.8569600" lon="12.3766700"></trkpt>
      <trkpt lat="41.8568900" lon="12.3767000"></trkpt>
      <trkpt lat="41.8568000" lon="12.3767400"></trkpt>
      <trkpt lat="41.8567700" lon="12.3767500"></trkpt>
      <trkpt lat="41.8566900" lon="12.3767900"></trkpt>
      <trkpt lat="41.8566100" lon="12.3768200"></trkpt>
      <trkpt lat="41.8565000" lon="12.3768700"></trkpt>
      <trkpt lat="41.8563600" lon="12.3769300"></trkpt>
      <trkpt lat="41.8562500" lon="12.3769800"></trkpt>
      <trkpt lat="41.8561100" lon="12.3770400"></trkpt>
      <trkpt lat="41.8560100" lon="12.3770800"></trkpt>
      <trkpt lat="41.8558200" lon="12.3771700"></trkpt>
      <trkpt lat="41.8556600" lon="12.3772400"></trkpt>
      <trkpt lat="41.8555500" lon="12.3772800"></trkpt>
      <trkpt lat="41.8554300" lon="12.3773300"></trkpt>
      <trkpt lat="41.8554200" lon="12.3773300"></trkpt>
      <trkpt lat="41.8553600" lon="12.3773600"></trkpt>
      <trkpt lat="41.8551200" lon="12.3774600"></trkpt>
      <trkpt lat="41.8548800" lon="12.3775600"></trkpt>
      <trkpt lat="41.8545800" lon="12.3776800"></trkpt>
      <trkpt lat="41.8543700" lon="12.3777600"></trkpt>
      <trkpt lat="41.8541300" lon="12.3778600"></trkpt>
      <trkpt lat="41.8540500" lon="12.3778800"></trkpt>
      <trkpt lat="41.8540400" lon="12.3778900"></trkpt>
      <trkpt lat="41.8538800" lon="12.3779500"></trkpt>
      <trkpt lat="41.8537000" lon="12.3780200"></trkpt>
      <trkpt lat="41.8534900" lon="12.3781000"></trkpt>
      <trkpt lat="41.8533200" lon="12.3781700"></trkpt>
      <trkpt lat="41.8531500" lon="12.3782400"></trkpt>
      <trkpt lat="41.8528200" lon="12.3783800"></trkpt>
      <trkpt lat="41.8527000" lon="12.3784300"></trkpt>
      <trkpt lat="41.8524800" lon="12.3785200"></trkpt>
      <trkpt lat="41.8522200" lon="12.3786300"></trkpt>
      <trkpt lat="41.8519500" lon="12.3787500"></trkpt>
      <trkpt lat="41.8518600" lon="12.3787900"></trkpt>
      <trkpt lat="41.8518100" lon="12.3788100"></trkpt>
      <trkpt lat="41.8514700" lon="12.3789600"></trkpt>
      <trkpt lat="41.8514100" lon="12.3789800"></trkpt>
      <trkpt lat="41.8514000" lon="12.3789900"></trkpt>
      <trkpt lat="41.8512700" lon="12.3790500"></trkpt>
      <trkpt lat="41.8511000" lon="12.3791200"></trkpt>
      <trkpt lat="41.8510600" lon="12.3791400"></trkpt>
      <trkpt lat="41.8508100" lon="12.3792600"></trkpt>
      <trkpt lat="41.8506000" lon="12.3793600"></trkpt>
      <trkpt lat="41.8503600" lon="12.3794800"></trkpt>
      <trkpt lat="41.8503100" lon="12.3795000"></trkpt>
      <trkpt lat="41.8498800" lon="12.3797000"></trkpt>
      <trkpt lat="41.8498700" lon="12.3797100"></trkpt>
      <trkpt lat="41.8497200" lon="12.3797700"></trkpt>
      <trkpt lat="41.8496000" lon="12.3798300"></trkpt>
      <trkpt lat="41.8494400" lon="12.3799000"></trkpt>
      <trkpt lat="41.8493900" lon="12.3799200"></trkpt>
      <trkpt lat="41.8493600" lon="12.3799400"></trkpt>
      <trkpt lat="41.8489400" lon="12.3801200"></trkpt>
      <trkpt lat="41.8489000" lon="12.3801400"></trkpt>
      <trkpt lat="41.8487500" lon="12.3802000"></trkpt>
      <trkpt lat="41.8482000" lon="12.3804400"></trkpt>
      <trkpt lat="41.8480100" lon="12.3805300"></trkpt>
      <trkpt lat="41.8478700" lon="12.3805800"></trkpt>
      <trkpt lat="41.8477100" lon="12.3806500"></trkpt>
      <trkpt lat="41.8477000" lon="12.3806600"></trkpt>
      <trkpt lat="41.8475600" lon="12.3807200"></trkpt>
      <trkpt lat="41.8475300" lon="12.3807300"></trkpt>
      <trkpt lat="41.8473900" lon="12.3807900"></trkpt>
      <trkpt lat="41.8471900" lon="12.3808800"></trkpt>
      <trkpt lat="41.8470500" lon="12.3809400"></trkpt>
      <trkpt lat="41.8469500" lon="12.3809800"></trkpt>
      <trkpt lat="41.8467600" lon="12.3810700"></trkpt>
      <trkpt lat="41.8465000" lon="12.3811800"></trkpt>
      <trkpt lat="41.8463900" lon="12.3812300"></trkpt>
      <trkpt lat="41.8462900" lon="12.3812700"></trkpt>
      <trkpt lat="41.8459700" lon="12.3814100"></trkpt>
      <trkpt lat="41.8457000" lon="12.3815200"></trkpt>
      <trkpt lat="41.8456000" lon="12.3815600"></trkpt>
      <trkpt lat="41.8453100" lon="12.3817000"></trkpt>
      <trkpt lat="41.8452900" lon="12.3817000"></trkpt>
      <trkpt lat="41.8451500" lon="12.3817600"></trkpt>
      <trkpt lat="41.8449800" lon="12.3818400"></trkpt>
      <trkpt lat="41.8449400" lon="12.3818500"></trkpt>
      <trkpt lat="41.8441100" lon="12.3822100"></trkpt>
      <trkpt lat="41.8440700" lon="12.3822300"></trkpt>
      <trkpt lat="41.8437900" lon="12.3823400"></trkpt>
      <trkpt lat="41.8437300" lon="12.3823700"></trkpt>
      <trkpt lat="41.8435600" lon="12.3824400"></trkpt>
      <trkpt lat="41.8432500" lon="12.3825700"></trkpt>
      <trkpt lat="41.8430600" lon="12.3826500"></trkpt>
      <trkpt lat="41.8429400" lon="12.3827000"></trkpt>
      <trkpt lat="41.8427100" lon="12.3827900"></trkpt>
      <trkpt lat="41.8425600" lon="12.3828500"></trkpt>
      <trkpt lat="41.8423700" lon="12.3829300"></trkpt>
      <trkpt lat="41.8419100" lon="12.3831100"></trkpt>
      <trkpt lat="41.8416700" lon="12.3832000"></trkpt>
      <trkpt lat="41.8415300" lon="12.3832500"></trkpt>
      <trkpt lat="41.8414500" lon="12.3832800"></trkpt>
      <trkpt lat="41.8414300" lon="12.3832900"></trkpt>
      <trkpt lat="41.8412600" lon="12.3833600"></trkpt>
      <trkpt lat="41.8411500" lon="12.3833900"></trkpt>
      <trkpt lat="41.8409500" lon="12.3834700"></trkpt>
      <trkpt lat="41.8406000" lon="12.3836000"></trkpt>
      <trkpt lat="41.8404800" lon="12.3836400"></trkpt>
      <trkpt lat="41.8403100" lon="12.3837000"></trkpt>
      <trkpt lat="41.8400700" lon="12.3837900"></trkpt>
      <trkpt lat="41.8397900" lon="12.3838900"></trkpt>
      <trkpt lat="41.8394500" lon="12.3840200"></trkpt>
      <trkpt lat="41.8389000" lon="12.3842100"></trkpt>
      <trkpt lat="41.8383300" lon="12.3844000"></trkpt>
      <trkpt lat="41.8378500" lon="12.3845500"></trkpt>
      <trkpt lat="41.8377000" lon="12.3846000"></trkpt>
      <trkpt lat="41.8376100" lon="12.3846300"></trkpt>
      <trkpt lat="41.8370000" lon="12.3848300"></trkpt>
      <trkpt lat="41.8368900" lon="12.3848600"></trkpt>
      <trkpt lat="41.8363000" lon="12.3850500"></trkpt>
      <trkpt lat="41.8362100" lon="12.3850700"></trkpt>
      <trkpt lat="41.8346400" lon="12.3855700"></trkpt>
      <trkpt lat="41.8344600" lon="12.3856200"></trkpt>
      <trkpt lat="41.8342100" lon="12.3857000"></trkpt>
      <trkpt lat="41.8341200" lon="12.3857300"></trkpt>
      <trkpt lat="41.8337400" lon="12.3858500"></trkpt>
      <trkpt lat="41.8332300" lon="12.3860100"></trkpt>
      <trkpt lat="41.8328900" lon="12.3861100"></trkpt>
      <trkpt lat="41.8323700" lon="12.3862600"></trkpt>
      <trkpt lat="41.8321200" lon="12.3863300"></trkpt>
      <trkpt lat="41.8318700" lon="12.3864100"></trkpt>
      <trkpt lat="41.8310200" lon="12.3866300"></trkpt>
      <trkpt lat="41.8307600" lon="12.3866900"></trkpt>
      <trkpt lat="41.8304600" lon="12.3867800"></trkpt>
      <trkpt lat="41.8301400" lon="12.3868600"></trkpt>
      <trkpt lat="41.8299300" lon="12.3869200"></trkpt>
      <trkpt lat="41.8297800" lon="12.3869600"></trkpt>
      <trkpt lat="41.8297100" lon="12.3869900"></trkpt>
      <trkpt lat="41.8295800" lon="12.3870300"></trkpt>
      <trkpt lat="41.8284700" lon="12.3873700"></trkpt>
      <trkpt lat="41.8282200" lon="12.3874500"></trkpt>
      <trkpt lat="41.8279600" lon="12.3875200"></trkpt>
      <trkpt lat="41.8279200" lon="12.3875400"></trkpt>
      <trkpt lat="41.8276200" lon="12.3876300"></trkpt>
      <trkpt lat="41.8274300" lon="12.3876800"></trkpt>
      <trkpt lat="41.8271600" lon="12.3877700"></trkpt>
      <trkpt lat="41.8270200" lon="12.3878100"></trkpt>
      <trkpt lat="41.8268600" lon="12.3878600"></trkpt>
      <trkpt lat="41.8267000" lon="12.3879200"></trkpt>
      <trkpt lat="41.8265100" lon="12.3879800"></trkpt>
      <trkpt lat="41.8264500" lon="12.3880000"></trkpt>
      <trkpt lat="41.8260100" lon="12.3881400"></trkpt>
      <trkpt lat="41.8257500" lon="12.3882200"></trkpt>
      <trkpt lat="41.8256000" lon="12.3882700"></trkpt>
      <trkpt lat="41.8251600" lon="12.3884000"></trkpt>
      <trkpt lat="41.8250600" lon="12.3884300"></trkpt>
      <trkpt lat="41.8242500" lon="12.3886900"></trkpt>
      <trkpt lat="41.8239000" lon="12.3888000"></trkpt>
      <trkpt lat="41.8230200" lon="12.3890700"></trkpt>
      <trkpt lat="41.8228000" lon="12.3891400"></trkpt>
      <trkpt lat="41.8223200" lon="12.3892900"></trkpt>
      <trkpt lat="41.8218400" lon="12.3894500"></trkpt>
      <trkpt lat="41.8215800" lon="12.3895200"></trkpt>
      <trkpt lat="41.8215100" lon="12.3895400"></trkpt>
      <trkpt lat="41.8214700" lon="12.3895600"></trkpt>
      <trkpt lat="41.8213200" lon="12.3896100"></trkpt>
      <trkpt lat="41.8211000" lon="12.3896800"></trkpt>
      <trkpt lat="41.8209100" lon="12.3897400"></trkpt>
      <trkpt lat="41.8207300" lon="12.3898100"></trkpt>
      <trkpt lat="41.8206700" lon="12.3898300"></trkpt>
      <trkpt lat="41.8206100" lon="12.3898500"></trkpt>
      <trkpt lat="41.8204100" lon="12.3899200"></trkpt>
      <trkpt lat="41.8201900" lon="12.3900000"></trkpt>
      <trkpt lat="41.8200000" lon="12.3900700"></trkpt>
      <trkpt lat="41.8199900" lon="12.3900700"></trkpt>
      <trkpt lat="41.8197500" lon="12.3901700"></trkpt>
      <trkpt lat="41.8197000" lon="12.3901900"></trkpt>
      <trkpt lat="41.8196200" lon="12.3902200"></trkpt>
      <trkpt lat="41.8190900" lon="12.3904500"></trkpt>
      <trkpt lat="41.8189900" lon="12.3904900"></trkpt>
      <trkpt lat="41.8189100" lon="12.3905300"></trkpt>
      <trkpt lat="41.8188500" lon="12.3905600"></trkpt>
      <trkpt lat="41.8188100" lon="12.3905800"></trkpt>
      <trkpt lat="41.8187200" lon="12.3906200"></trkpt>
      <trkpt lat="41.8186000" lon="12.3906900"></trkpt>
      <trkpt lat="41.8181200" lon="12.3909500"></trkpt>
      <trkpt lat="41.8176500" lon="12.3912200"></trkpt>
      <trkpt lat="41.8176100" lon="12.3912400"></trkpt>
      <trkpt lat="41.8175600" lon="12.3912800"></trkpt>
      <trkpt lat="41.8174600" lon="12.3913400"></trkpt>
      <trkpt lat="41.8171800" lon="12.3915300"></trkpt>
      <trkpt lat="41.8169000" lon="12.3917300"></trkpt>
      <trkpt lat="41.8168100" lon="12.3918000"></trkpt>
      <trkpt lat="41.8165900" lon="12.3919700"></trkpt>
      <trkpt lat="41.8163800" lon="12.3921400"></trkpt>
      <trkpt lat="41.8160700" lon="12.3924000"></trkpt>
      <trkpt lat="41.8157900" lon="12.3926400"></trkpt>
      <trkpt lat="41.8156300" lon="12.3928000"></trkpt>
      <trkpt lat="41.8154700" lon="12.3929500"></trkpt>
      <trkpt lat="41.8153500" lon="12.3930600"></trkpt>
      <trkpt lat="41.8151800" lon="12.3932400"></trkpt>
      <trkpt lat="41.8149200" lon="12.3935100"></trkpt>
      <trkpt lat="41.8148000" lon="12.3936400"></trkpt>
      <trkpt lat="41.8147000" lon="12.3937500"></trkpt>
      <trkpt lat="41.8146700" lon="12.3937900"></trkpt>
      <trkpt lat="41.8146100" lon="12.3938500"></trkpt>
      <trkpt lat="41.8145300" lon="12.3939400"></trkpt>
      <trkpt lat="41.8144500" lon="12.3940400"></trkpt>
      <trkpt lat="41.8143200" lon="12.3941900"></trkpt>
      <trkpt lat="41.8142000" lon="12.3943400"></trkpt>
      <trkpt lat="41.8141200" lon="12.3944500"></trkpt>
      <trkpt lat="41.8139700" lon="12.3946400"></trkpt>
      <trkpt lat="41.8138300" lon="12.3948200"></trkpt>
      <trkpt lat="41.8137500" lon="12.3949300"></trkpt>
      <trkpt lat="41.8135100" lon="12.3952700"></trkpt>
      <trkpt lat="41.8133400" lon="12.3955100"></trkpt>
      <trkpt lat="41.8132100" lon="12.3957100"></trkpt>
      <trkpt lat="41.8131100" lon="12.3958600"></trkpt>
      <trkpt lat="41.8130600" lon="12.3959500"></trkpt>
      <trkpt lat="41.8129300" lon="12.3961500"></trkpt>
      <trkpt lat="41.8128400" lon="12.3963100"></trkpt>
      <trkpt lat="41.8126300" lon="12.3966600"></trkpt>
      <trkpt lat="41.8125200" lon="12.3968600"></trkpt>
      <trkpt lat="41.8123200" lon="12.3972400"></trkpt>
      <trkpt lat="41.8122100" lon="12.3974500"></trkpt>
      <trkpt lat="41.8120400" lon="12.3978000"></trkpt>
      <trkpt lat="41.8118600" lon="12.3981800"></trkpt>
      <trkpt lat="41.8117500" lon="12.3984200"></trkpt>
      <trkpt lat="41.8117000" lon="12.3985500"></trkpt>
      <trkpt lat="41.8115800" lon="12.3988300"></trkpt>
      <trkpt lat="41.8115400" lon="12.3989200"></trkpt>
      <trkpt lat="41.8114300" lon="12.3991800"></trkpt>
      <trkpt lat="41.8113400" lon="12.3994200"></trkpt>
      <trkpt lat="41.8112600" lon="12.3996400"></trkpt>
      <trkpt lat="41.8112000" lon="12.3998000"></trkpt>
      <trkpt lat="41.8111600" lon="12.3999200"></trkpt>
      <trkpt lat="41.8110300" lon="12.4002800"></trkpt>
      <trkpt lat="41.8109600" lon="12.4004900"></trkpt>
      <trkpt lat="41.8109200" lon="12.4006300"></trkpt>
      <trkpt lat="41.8108900" lon="12.4007100"></trkpt>
      <trkpt lat="41.8108100" lon="12.4009800"></trkpt>
      <trkpt lat="41.8106800" lon="12.4014100"></trkpt>
      <trkpt lat="41.8105800" lon="12.4017700"></trkpt>
      <trkpt lat="41.8105400" lon="12.4019400"></trkpt>
      <trkpt lat="41.8104800" lon="12.4021600"></trkpt>
      <trkpt lat="41.8104300" lon="12.4023700"></trkpt>
      <trkpt lat="41.8103100" lon="12.4028700"></trkpt>
      <trkpt lat="41.8102400" lon="12.4031800"></trkpt>
      <trkpt lat="41.8100300" lon="12.4040600"></trkpt>
      <trkpt lat="41.8100100" lon="12.4041600"></trkpt>
      <trkpt lat="41.8098700" lon="12.4048200"></trkpt>
      <trkpt lat="41.8097800" lon="12.4052000"></trkpt>
      <trkpt lat="41.8096800" lon="12.4056800"></trkpt>
      <trkpt lat="41.8096300" lon="12.4059200"></trkpt>
      <trkpt lat="41.8096100" lon="12.4060200"></trkpt>
      <trkpt lat="41.8095500" lon="12.4063400"></trkpt>
      <trkpt lat="41.8095200" lon="12.4064800"></trkpt>
      <trkpt lat="41.8094800" lon="12.4066300"></trkpt>
      <trkpt lat="41.8094600" lon="12.4067200"></trkpt>
      <trkpt lat="41.8093400" lon="12.4073100"></trkpt>
      <trkpt lat="41.8092900" lon="12.4075400"></trkpt>
      <trkpt lat="41.8092000" lon="12.4079600"></trkpt>
      <trkpt lat="41.8091500" lon="12.4082400"></trkpt>
      <trkpt lat="41.8090900" lon="12.4085200"></trkpt>
      <trkpt lat="41.8090300" lon="12.4088500"></trkpt>
      <trkpt lat="41.8089700" lon="12.4091500"></trkpt>
      <trkpt lat="41.8089500" lon="12.4092800"></trkpt>
      <trkpt lat="41.8089400" lon="12.4093200"></trkpt>
      <trkpt lat="41.8089300" lon="12.4093500"></trkpt>
      <trkpt lat="41.8089300" lon="12.4093700"></trkpt>
      <trkpt lat="41.8089300" lon="12.4093900"></trkpt>
      <trkpt lat="41.8088400" lon="12.4098900"></trkpt>
      <trkpt lat="41.8088200" lon="12.4100300"></trkpt>
      <trkpt lat="41.8087700" lon="12.4103100"></trkpt>
      <trkpt lat="41.8087400" lon="12.4104700"></trkpt>
      <trkpt lat="41.8087000" lon="12.4107200"></trkpt>
      <trkpt lat="41.8086600" lon="12.4110000"></trkpt>
      <trkpt lat="41.8085200" lon="12.4119800"></trkpt>
      <trkpt lat="41.8084500" lon="12.4125100"></trkpt>
      <trkpt lat="41.8083400" lon="12.4132800"></trkpt>
      <trkpt lat="41.8082400" lon="12.4139200"></trkpt>
      <trkpt lat="41.8082000" lon="12.4142400"></trkpt>
      <trkpt lat="41.8081600" lon="12.4145200"></trkpt>
      <trkpt lat="41.8081200" lon="12.4147900"></trkpt>
      <trkpt lat="41.8080900" lon="12.4150400"></trkpt>
      <trkpt lat="41.8080800" lon="12.4151500"></trkpt>
      <trkpt lat="41.8080700" lon="12.4151600"></trkpt>
      <trkpt lat="41.8080700" lon="12.4152200"></trkpt>
      <trkpt lat="41.8080600" lon="12.4152700"></trkpt>
      <trkpt lat="41.8080500" lon="12.4153100"></trkpt>
      <trkpt lat="41.8077800" lon="12.4174000"></trkpt>
      <trkpt lat="41.8077500" lon="12.4176200"></trkpt>
      <trkpt lat="41.8077500" lon="12.4176400"></trkpt>
      <trkpt lat="41.8077400" lon="12.4177100"></trkpt>
      <trkpt lat="41.8076900" lon="12.4180000"></trkpt>
      <trkpt lat="41.8076300" lon="12.4184200"></trkpt>
      <trkpt lat="41.8076000" lon="12.4185800"></trkpt>
      <trkpt lat="41.8075500" lon="12.4186300"></trkpt>
      <trkpt lat="41.8075400" lon="12.4186400"></trkpt>
      <trkpt lat="41.8075100" lon="12.4188200"></trkpt>
      <trkpt lat="41.8074900" lon="12.4189300"></trkpt>
      <trkpt lat="41.8074800" lon="12.4189800"></trkpt>
      <trkpt lat="41.8074600" lon="12.4190600"></trkpt>
      <trkpt lat="41.8074500" lon="12.4191100"></trkpt>
      <trkpt lat="41.8074400" lon="12.4191300"></trkpt>
      <trkpt lat="41.8074000" lon="12.4192600"></trkpt>
      <trkpt lat="41.8073600" lon="12.4193400"></trkpt>
      <trkpt lat="41.8072800" lon="12.4194800"></trkpt>
      <trkpt lat="41.8072500" lon="12.4195200"></trkpt>
      <trkpt lat="41.8072300" lon="12.4195300"></trkpt>
      <trkpt lat="41.8072200" lon="12.4195400"></trkpt>
      <trkpt lat="41.8071900" lon="12.4195600"></trkpt>
      <trkpt lat="41.8071500" lon="12.4195800"></trkpt>
      <trkpt lat="41.8071200" lon="12.4195800"></trkpt>
      <trkpt lat="41.8071100" lon="12.4195900"></trkpt>
      <trkpt lat="41.8070800" lon="12.4195900"></trkpt>
      <trkpt lat="41.8070500" lon="12.4196000"></trkpt>
      <trkpt lat="41.8069500" lon="12.4195900"></trkpt>
      <trkpt lat="41.8068800" lon="12.4195700"></trkpt>
      <trkpt lat="41.8068400" lon="12.4195600"></trkpt>
      <trkpt lat="41.8067900" lon="12.4195400"></trkpt>
      <trkpt lat="41.8067700" lon="12.4195400"></trkpt>
      <trkpt lat="41.8067300" lon="12.4195200"></trkpt>
      <trkpt lat="41.8067100" lon="12.4195100"></trkpt>
      <trkpt lat="41.8067000" lon="12.4195100"></trkpt>
      <trkpt lat="41.8066000" lon="12.4194700"></trkpt>
      <trkpt lat="41.8065500" lon="12.4194500"></trkpt>
      <trkpt lat="41.8065300" lon="12.4194400"></trkpt>
      <trkpt lat="41.8064400" lon="12.4194000"></trkpt>
      <trkpt lat="41.8064000" lon="12.4193800"></trkpt>
      <trkpt lat="41.8063400" lon="12.4193500"></trkpt>
      <trkpt lat="41.8062000" lon="12.4192900"></trkpt>
      <trkpt lat="41.8061700" lon="12.4192800"></trkpt>
      <trkpt lat="41.8061400" lon="12.4192600"></trkpt>
      <trkpt lat="41.8060700" lon="12.4192700"></trkpt>
      <trkpt lat="41.8060000" lon="12.4192200"></trkpt>
      <trkpt lat="41.8059900" lon="12.4192200"></trkpt>
      <trkpt lat="41.8053900" lon="12.4188800"></trkpt>
      <trkpt lat="41.8048300" lon="12.4185600"></trkpt>
      <trkpt lat="41.8043000" lon="12.4182600"></trkpt>
      <trkpt lat="41.8042500" lon="12.4182300"></trkpt>
      <trkpt lat="41.8042300" lon="12.4182200"></trkpt>
      <trkpt lat="41.8042000" lon="12.4182100"></trkpt>
      <trkpt lat="41.8041700" lon="12.4181900"></trkpt>
      <trkpt lat="41.8041200" lon="12.4181300"></trkpt>
      <trkpt lat="41.8040500" lon="12.4180900"></trkpt>
      <trkpt lat="41.8039500" lon="12.4180500"></trkpt>
      <trkpt lat="41.8038800" lon="12.4180300"></trkpt>
      <trkpt lat="41.8038000" lon="12.4180200"></trkpt>
      <trkpt lat="41.8037500" lon="12.4180100"></trkpt>
      <trkpt lat="41.8037100" lon="12.4180100"></trkpt>
      <trkpt lat="41.8036400" lon="12.4180200"></trkpt>
      <trkpt lat="41.8035400" lon="12.4180400"></trkpt>
      <trkpt lat="41.8035200" lon="12.4180500"></trkpt>
      <trkpt lat="41.8034700" lon="12.4180600"></trkpt>
      <trkpt lat="41.8034100" lon="12.4180900"></trkpt>
      <trkpt lat="41.8033400" lon="12.4181100"></trkpt>
      <trkpt lat="41.8033400" lon="12.4181200"></trkpt>
      <trkpt lat="41.8032800" lon="12.4181400"></trkpt>
      <trkpt lat="41.8032300" lon="12.4181500"></trkpt>
      <trkpt lat="41.8031800" lon="12.4181700"></trkpt>
      <trkpt lat="41.8031200" lon="12.4181900"></trkpt>
      <trkpt lat="41.8030500" lon="12.4181900"></trkpt>
      <trkpt lat="41.8030000" lon="12.4181900"></trkpt>
      <trkpt lat="41.8029600" lon="12.4181800"></trkpt>
      <trkpt lat="41.8029200" lon="12.4181800"></trkpt>
      <trkpt lat="41.8028800" lon="12.4181600"></trkpt>
      <trkpt lat="41.8028400" lon="12.4181500"></trkpt>
      <trkpt lat="41.8026800" lon="12.4180700"></trkpt>
      <trkpt lat="41.8024800" lon="12.4179700"></trkpt>
      <trkpt lat="41.8023200" lon="12.4179000"></trkpt>
      <trkpt lat="41.8023100" lon="12.4178900"></trkpt>
      <trkpt lat="41.8022200" lon="12.4178500"></trkpt>
      <trkpt lat="41.8021400" lon="12.4178000"></trkpt>
      <trkpt lat="41.8020400" lon="12.4177500"></trkpt>
      <trkpt lat="41.8020100" lon="12.4177300"></trkpt>
      <trkpt lat="41.8019600" lon="12.4177100"></trkpt>
      <trkpt lat="41.8019400" lon="12.4177000"></trkpt>
      <trkpt lat="41.8018400" lon="12.4176500"></trkpt>
      <trkpt lat="41.8016700" lon="12.4175600"></trkpt>
      <trkpt lat="41.8015700" lon="12.4175100"></trkpt>
      <trkpt lat="41.8015000" lon="12.4174800"></trkpt>
      <trkpt lat="41.8014600" lon="12.4174600"></trkpt>
      <trkpt lat="41.8014400" lon="12.4174500"></trkpt>
      <trkpt lat="41.8013300" lon="12.4173900"></trkpt>
      <trkpt lat="41.8011600" lon="12.4173100"></trkpt>
      <trkpt lat="41.8011000" lon="12.4172700"></trkpt>
      <trkpt lat="41.8010000" lon="12.4172200"></trkpt>
      <trkpt lat="41.8009500" lon="12.4172000"></trkpt>
      <trkpt lat="41.8008300" lon="12.4171400"></trkpt>
      <trkpt lat="41.8008100" lon="12.4171300"></trkpt>
      <trkpt lat="41.8007800" lon="12.4171200"></trkpt>
      <trkpt lat="41.8007000" lon="12.4170900"></trkpt>
      <trkpt lat="41.8006100" lon="12.4170800"></trkpt>
      <trkpt lat="41.8005400" lon="12.4170800"></trkpt>
      <trkpt lat="41.8004700" lon="12.4170800"></trkpt>
      <trkpt lat="41.8002900" lon="12.4170900"></trkpt>
      <trkpt lat="41.8002700" lon="12.4171000"></trkpt>
      <trkpt lat="41.8002200" lon="12.4171000"></trkpt>
      <trkpt lat="41.8001600" lon="12.4171100"></trkpt>
      <trkpt lat="41.8000200" lon="12.4171400"></trkpt>
      <trkpt lat="41.7999700" lon="12.4171500"></trkpt>
      <trkpt lat="41.7998100" lon="12.4171800"></trkpt>
      <trkpt lat="41.7998000" lon="12.4171800"></trkpt>
      <trkpt lat="41.7996300" lon="12.4172100"></trkpt>
      <trkpt lat="41.7995500" lon="12.4172200"></trkpt>
      <trkpt lat="41.7994700" lon="12.4172500"></trkpt>
      <trkpt lat="41.7993200" lon="12.4172800"></trkpt>
      <trkpt lat="41.7992900" lon="12.4173000"></trkpt>
      <trkpt lat="41.7992600" lon="12.4173100"></trkpt>
      <trkpt lat="41.7991900" lon="12.4173300"></trkpt>
      <trkpt lat="41.7988200" lon="12.4174300"></trkpt>
      <trkpt lat="41.7984500" lon="12.4175200"></trkpt>
      <trkpt lat="41.7981600" lon="12.4176000"></trkpt>
      <trkpt lat="41.7981200" lon="12.4176100"></trkpt>
      <trkpt lat="41.7980500" lon="12.4176300"></trkpt>
      <trkpt lat="41.7980000" lon="12.4176400"></trkpt>
      <trkpt lat="41.7978900" lon="12.4176700"></trkpt>
      <trkpt lat="41.7978000" lon="12.4177000"></trkpt>
      <trkpt lat="41.7977800" lon="12.4177000"></trkpt>
      <trkpt lat="41.7977200" lon="12.4177200"></trkpt>
      <trkpt lat="41.7977000" lon="12.4177300"></trkpt>
      <trkpt lat="41.7976600" lon="12.4177400"></trkpt>
      <trkpt lat="41.7976300" lon="12.4177600"></trkpt>
      <trkpt lat="41.7975900" lon="12.4177800"></trkpt>
      <trkpt lat="41.7974400" lon="12.4178400"></trkpt>
      <trkpt lat="41.7973900" lon="12.4178700"></trkpt>
      <trkpt lat="41.7973400" lon="12.4179000"></trkpt>
      <trkpt lat="41.7973000" lon="12.4179300"></trkpt>
      <trkpt lat="41.7972100" lon="12.4179900"></trkpt>
      <trkpt lat="41.7972000" lon="12.4179900"></trkpt>
      <trkpt lat="41.7971300" lon="12.4180500"></trkpt>
      <trkpt lat="41.7969300" lon="12.4182300"></trkpt>
      <trkpt lat="41.7966800" lon="12.4184500"></trkpt>
      <trkpt lat="41.7966400" lon="12.4184900"></trkpt>
      <trkpt lat="41.7965600" lon="12.4185700"></trkpt>
      <trkpt lat="41.7964700" lon="12.4186400"></trkpt>
      <trkpt lat="41.7963800" lon="12.4187100"></trkpt>
      <trkpt lat="41.7962700" lon="12.4188100"></trkpt>
      <trkpt lat="41.7960100" lon="12.4190200"></trkpt>
      <trkpt lat="41.7959100" lon="12.4191100"></trkpt>
      <trkpt lat="41.7956500" lon="12.4193300"></trkpt>
      <trkpt lat="41.7956200" lon="12.4193500"></trkpt>
      <trkpt lat="41.7954800" lon="12.4194600"></trkpt>
      <trkpt lat="41.7953300" lon="12.4195600"></trkpt>
      <trkpt lat="41.7952800" lon="12.4196000"></trkpt>
      <trkpt lat="41.7951400" lon="12.4196700"></trkpt>
      <trkpt lat="41.7950400" lon="12.4197300"></trkpt>
      <trkpt lat="41.7949100" lon="12.4197900"></trkpt>
      <trkpt lat="41.7945000" lon="12.4199800"></trkpt>
      <trkpt lat="41.7939900" lon="12.4202200"></trkpt>
      <trkpt lat="41.7938000" lon="12.4203100"></trkpt>
      <trkpt lat="41.7935900" lon="12.4204100"></trkpt>
      <trkpt lat="41.7934900" lon="12.4204600"></trkpt>
      <trkpt lat="41.7934200" lon="12.4204900"></trkpt>
      <trkpt lat="41.7933400" lon="12.4205300"></trkpt>
      <trkpt lat="41.7929400" lon="12.4207100"></trkpt>
      <trkpt lat="41.7925100" lon="12.4209000"></trkpt>
      <trkpt lat="41.7923700" lon="12.4209600"></trkpt>
      <trkpt lat="41.7923100" lon="12.4209900"></trkpt>
      <trkpt lat="41.7922000" lon="12.4210400"></trkpt>
      <trkpt lat="41.7921700" lon="12.4210600"></trkpt>
      <trkpt lat="41.7921000" lon="12.4210900"></trkpt>
      <trkpt lat="41.7918600" lon="12.4212200"></trkpt>
      <trkpt lat="41.7917000" lon="12.4213500"></trkpt>
      <trkpt lat="41.7913900" lon="12.4215700"></trkpt>
      <trkpt lat="41.7912300" lon="12.4217000"></trkpt>
      <trkpt lat="41.7911700" lon="12.4217400"></trkpt>
      <trkpt lat="41.7909200" lon="12.4219500"></trkpt>
      <trkpt lat="41.7907800" lon="12.4220700"></trkpt>
      <trkpt lat="41.7906500" lon="12.4221800"></trkpt>
      <trkpt lat="41.7906400" lon="12.4221800"></trkpt>
      <trkpt lat="41.7904800" lon="12.4223200"></trkpt>
      <trkpt lat="41.7904700" lon="12.4223200"></trkpt>
      <trkpt lat="41.7904600" lon="12.4223300"></trkpt>
      <trkpt lat="41.7904300" lon="12.4223500"></trkpt>
      <trkpt lat="41.7904000" lon="12.4223900"></trkpt>
      <trkpt lat="41.7903200" lon="12.4224500"></trkpt>
      <trkpt lat="41.7901600" lon="12.4225800"></trkpt>
      <trkpt lat="41.7900000" lon="12.4227000"></trkpt>
      <trkpt lat="41.7899600" lon="12.4227400"></trkpt>
      <trkpt lat="41.7899100" lon="12.4227800"></trkpt>
      <trkpt lat="41.7898700" lon="12.4228100"></trkpt>
      <trkpt lat="41.7897900" lon="12.4228900"></trkpt>
      <trkpt lat="41.7897500" lon="12.4229400"></trkpt>
      <trkpt lat="41.7897400" lon="12.4229500"></trkpt>
      <trkpt lat="41.7896900" lon="12.4229900"></trkpt>
      <trkpt lat="41.7896400" lon="12.4230500"></trkpt>
      <trkpt lat="41.7896100" lon="12.4230900"></trkpt>
      <trkpt lat="41.7895900" lon="12.4231200"></trkpt>
      <trkpt lat="41.7895600" lon="12.4231500"></trkpt>
      <trkpt lat="41.7895400" lon="12.4231900"></trkpt>
      <trkpt lat="41.7895000" lon="12.4232400"></trkpt>
      <trkpt lat="41.7894600" lon="12.4232900"></trkpt>
      <trkpt lat="41.7894300" lon="12.4233300"></trkpt>
      <trkpt lat="41.7894000" lon="12.4233800"></trkpt>
      <trkpt lat="41.7893800" lon="12.4234000"></trkpt>
      <trkpt lat="41.7893400" lon="12.4234600"></trkpt>
      <trkpt lat="41.7892800" lon="12.4235400"></trkpt>
      <trkpt lat="41.7891800" lon="12.4236800"></trkpt>
      <trkpt lat="41.7891400" lon="12.4237400"></trkpt>
      <trkpt lat="41.7891000" lon="12.4237900"></trkpt>
      <trkpt lat="41.7890600" lon="12.4238600"></trkpt>
      <trkpt lat="41.7890000" lon="12.4239400"></trkpt>
      <trkpt lat="41.7889400" lon="12.4240200"></trkpt>
      <trkpt lat="41.7889000" lon="12.4240900"></trkpt>
      <trkpt lat="41.7888700" lon="12.4241300"></trkpt>
      <trkpt lat="41.7888400" lon="12.4241700"></trkpt>
      <trkpt lat="41.7888200" lon="12.4241900"></trkpt>
      <trkpt lat="41.7888100" lon="12.4242200"></trkpt>
      <trkpt lat="41.7887800" lon="12.4242700"></trkpt>
      <trkpt lat="41.7887300" lon="12.4243400"></trkpt>
      <trkpt lat="41.7886600" lon="12.4244300"></trkpt>
      <trkpt lat="41.7885600" lon="12.4245700"></trkpt>
      <trkpt lat="41.7884100" lon="12.4247800"></trkpt>
      <trkpt lat="41.7882700" lon="12.4250000"></trkpt>
      <trkpt lat="41.7882300" lon="12.4250500"></trkpt>
      <trkpt lat="41.7881000" lon="12.4252700"></trkpt>
      <trkpt lat="41.7879500" lon="12.4255200"></trkpt>
      <trkpt lat="41.7877500" lon="12.4258800"></trkpt>
      <trkpt lat="41.7875700" lon="12.4262000"></trkpt>
      <trkpt lat="41.7875200" lon="12.4263000"></trkpt>
      <trkpt lat="41.7873200" lon="12.4266700"></trkpt>
      <trkpt lat="41.7871800" lon="12.4269300"></trkpt>
      <trkpt lat="41.7871400" lon="12.4270000"></trkpt>
      <trkpt lat="41.7868200" lon="12.4276600"></trkpt>
      <trkpt lat="41.7867900" lon="12.4277100"></trkpt>
      <trkpt lat="41.7867800" lon="12.4277500"></trkpt>
      <trkpt lat="41.7867500" lon="12.4278100"></trkpt>
      <trkpt lat="41.7865700" lon="12.4281500"></trkpt>
      <trkpt lat="41.7863600" lon="12.4285900"></trkpt>
      <trkpt lat="41.7862400" lon="12.4288200"></trkpt>
      <trkpt lat="41.7861700" lon="12.4289500"></trkpt>
      <trkpt lat="41.7861300" lon="12.4290200"></trkpt>
      <trkpt lat="41.7861000" lon="12.4290600"></trkpt>
      <trkpt lat="41.7860500" lon="12.4291400"></trkpt>
      <trkpt lat="41.7857200" lon="12.4296000"></trkpt>
      <trkpt lat="41.7856300" lon="12.4297300"></trkpt>
      <trkpt lat="41.7853100" lon="12.4301800"></trkpt>
      <trkpt lat="41.7852800" lon="12.4302200"></trkpt>
      <trkpt lat="41.7852700" lon="12.4302500"></trkpt>
      <trkpt lat="41.7852600" lon="12.4302700"></trkpt>
      <trkpt lat="41.7852400" lon="12.4303100"></trkpt>
      <trkpt lat="41.7852300" lon="12.4303300"></trkpt>
      <trkpt lat="41.7852300" lon="12.4303600"></trkpt>
      <trkpt lat="41.7852300" lon="12.4305000"></trkpt>
      <trkpt lat="41.7852300" lon="12.4306200"></trkpt>
      <trkpt lat="41.7852400" lon="12.4307500"></trkpt>
      <trkpt lat="41.7852500" lon="12.4308900"></trkpt>
      <trkpt lat="41.7852600" lon="12.4309600"></trkpt>
      <trkpt lat="41.7852700" lon="12.4310300"></trkpt>
      <trkpt lat="41.7852800" lon="12.4311000"></trkpt>
      <trkpt lat="41.7852900" lon="12.4311500"></trkpt>
      <trkpt lat="41.7853100" lon="12.4312000"></trkpt>
      <trkpt lat="41.7853400" lon="12.4313100"></trkpt>
      <trkpt lat="41.7854000" lon="12.4314700"></trkpt>
      <trkpt lat="41.7854200" lon="12.4315200"></trkpt>
      <trkpt lat="41.7854300" lon="12.4315500"></trkpt>
      <trkpt lat="41.7855100" lon="12.4317200"></trkpt>
      <trkpt lat="41.7856500" lon="12.4320500"></trkpt>
      <trkpt lat="41.7860300" lon="12.4328900"></trkpt>
      <trkpt lat="41.7860200" lon="12.4330700"></trkpt>
      <trkpt lat="41.7860200" lon="12.4331700"></trkpt>
      <trkpt lat="41.7860100" lon="12.4332500"></trkpt>
      <trkpt lat="41.7859900" lon="12.4333600"></trkpt>
      <trkpt lat="41.7859800" lon="12.4333900"></trkpt>
      <trkpt lat="41.7859900" lon="12.4334600"></trkpt>
      <trkpt lat="41.7858500" lon="12.4337400"></trkpt>
      <trkpt lat="41.7857700" lon="12.4338900"></trkpt>
      <trkpt lat="41.7856900" lon="12.4340000"></trkpt>
      <trkpt lat="41.7856000" lon="12.4341100"></trkpt>
      <trkpt lat="41.7855800" lon="12.4341400"></trkpt>
      <trkpt lat="41.7849000" lon="12.4350100"></trkpt>
      <trkpt lat="41.7848500" lon="12.4350900"></trkpt>
      <trkpt lat="41.7847600" lon="12.4351800"></trkpt>
      <trkpt lat="41.7846800" lon="12.4352500"></trkpt>
      <trkpt lat="41.7845900" lon="12.4353200"></trkpt>
      <trkpt lat="41.7845500" lon="12.4353400"></trkpt>
      <trkpt lat="41.7844600" lon="12.4353900"></trkpt>
      <trkpt lat="41.7843100" lon="12.4354500"></trkpt>
      <trkpt lat="41.7840500" lon="12.4355300"></trkpt>
      <trkpt lat="41.7836900" lon="12.4356200"></trkpt>
      <trkpt lat="41.7832200" lon="12.4357400"></trkpt>
      <trkpt lat="41.7825800" lon="12.4359300"></trkpt>
      <trkpt lat="41.7825000" lon="12.4359600"></trkpt>
      <trkpt lat="41.7823800" lon="12.4359900"></trkpt>
      <trkpt lat="41.7823400" lon="12.4360000"></trkpt>
      <trkpt lat="41.7823200" lon="12.4360200"></trkpt>
      <trkpt lat="41.7822600" lon="12.4360400"></trkpt>
      <trkpt lat="41.7822500" lon="12.4360500"></trkpt>
      <trkpt lat="41.7821800" lon="12.4360800"></trkpt>
      <trkpt lat="41.7820900" lon="12.4361300"></trkpt>
      <trkpt lat="41.7819900" lon="12.4362000"></trkpt>
      <trkpt lat="41.7819200" lon="12.4362500"></trkpt>
      <trkpt lat="41.7818500" lon="12.4363200"></trkpt>
      <trkpt lat="41.7815000" lon="12.4367100"></trkpt>
      <trkpt lat="41.7814400" lon="12.4367700"></trkpt>
      <trkpt lat="41.7812500" lon="12.4370300"></trkpt>
      <trkpt lat="41.7811000" lon="12.4372300"></trkpt>
      <trkpt lat="41.7809000" lon="12.4375000"></trkpt>
      <trkpt lat="41.7806600" lon="12.4378200"></trkpt>
      <trkpt lat="41.7805300" lon="12.4379800"></trkpt>
      <trkpt lat="41.7805300" lon="12.4379900"></trkpt>
      <trkpt lat="41.7803400" lon="12.4382300"></trkpt>
      <trkpt lat="41.7802000" lon="12.4384200"></trkpt>
      <trkpt lat="41.7800800" lon="12.4385800"></trkpt>
      <trkpt lat="41.7800200" lon="12.4386500"></trkpt>
      <trkpt lat="41.7804100" lon="12.4392000"></trkpt>
      <trkpt lat="41.7804200" lon="12.4392300"></trkpt>
      <trkpt lat="41.7804300" lon="12.4392400"></trkpt>
      <trkpt lat="41.7804300" lon="12.4392600"></trkpt>
      <trkpt lat="41.7804300" lon="12.4392700"></trkpt>
      <trkpt lat="41.7804300" lon="12.4392800"></trkpt>
      <trkpt lat="41.7804200" lon="12.4392800"></trkpt>
      <trkpt lat="41.7804200" lon="12.4392900"></trkpt>
      <trkpt lat="41.7804100" lon="12.4393000"></trkpt>
      <trkpt lat="41.7803700" lon="12.4393600"></trkpt>
      <trkpt lat="41.7798800" lon="12.4400000"></trkpt>
      <trkpt lat="41.7798300" lon="12.4400600"></trkpt>
      <trkpt lat="41.7797100" lon="12.4402200"></trkpt>
      <trkpt lat="41.7795700" lon="12.4404000"></trkpt>
      <trkpt lat="41.7794000" lon="12.4406200"></trkpt>
      <trkpt lat="41.7793800" lon="12.4406400"></trkpt>
      <trkpt lat="41.7792900" lon="12.4407500"></trkpt>
      <trkpt lat="41.7792500" lon="12.4407900"></trkpt>
      <trkpt lat="41.7792300" lon="12.4408100"></trkpt>
      <trkpt lat="41.7792200" lon="12.4408100"></trkpt>
      <trkpt lat="41.7792200" lon="12.4408200"></trkpt>
      <trkpt lat="41.7792100" lon="12.4408200"></trkpt>
      <trkpt lat="41.7792000" lon="12.4408300"></trkpt>
      <trkpt lat="41.7791900" lon="12.4408300"></trkpt>
      <trkpt lat="41.7791800" lon="12.4408300"></trkpt>
      <trkpt lat="41.7791700" lon="12.4408300"></trkpt>
      <trkpt lat="41.7791600" lon="12.4408200"></trkpt>
      <trkpt lat="41.7791500" lon="12.4408200"></trkpt>
      <trkpt lat="41.7791400" lon="12.4408100"></trkpt>
      <trkpt lat="41.7791300" lon="12.4408000"></trkpt>
      <trkpt lat="41.7791100" lon="12.4407600"></trkpt>
      <trkpt lat="41.7788800" lon="12.4404500"></trkpt>
      <trkpt lat="41.7788500" lon="12.4404100"></trkpt>
      <trkpt lat="41.7788300" lon="12.4403900"></trkpt>
      <trkpt lat="41.7788200" lon="12.4403800"></trkpt>
      <trkpt lat="41.7788100" lon="12.4403700"></trkpt>
      <trkpt lat="41.7788000" lon="12.4403600"></trkpt>
      <trkpt lat="41.7787900" lon="12.4403600"></trkpt>
      <trkpt lat="41.7787700" lon="12.4403500"></trkpt>
      <trkpt lat="41.7787600" lon="12.4403500"></trkpt>
      <trkpt lat="41.7787400" lon="12.4403500"></trkpt>
      <trkpt lat="41.7787300" lon="12.4403600"></trkpt>
      <trkpt lat="41.7787200" lon="12.4403700"></trkpt>
      <trkpt lat="41.7787100" lon="12.4403700"></trkpt>
      <trkpt lat="41.7787000" lon="12.4403800"></trkpt>
      <trkpt lat="41.7786800" lon="12.4404200"></trkpt>
      <trkpt lat="41.7785400" lon="12.4405900"></trkpt>
      <trkpt lat="41.7783400" lon="12.4408300"></trkpt>
      <trkpt lat="41.7780500" lon="12.4412200"></trkpt>
      <trkpt lat="41.7779100" lon="12.4414000"></trkpt>
      <trkpt lat="41.7775600" lon="12.4418500"></trkpt>
      <trkpt lat="41.7774100" lon="12.4420500"></trkpt>
      <trkpt lat="41.7770100" lon="12.4425600"></trkpt>
      <trkpt lat="41.7766700" lon="12.4429900"></trkpt>
      <trkpt lat="41.7766100" lon="12.4430700"></trkpt>
      <trkpt lat="41.7765900" lon="12.4431000"></trkpt>
      <trkpt lat="41.7765700" lon="12.4431100"></trkpt>
      <trkpt lat="41.7765700" lon="12.4431200"></trkpt>
      <trkpt lat="41.7765500" lon="12.4431400"></trkpt>
      <trkpt lat="41.7764800" lon="12.4432400"></trkpt>
      <trkpt lat="41.7764300" lon="12.4433100"></trkpt>
      <trkpt lat="41.7763400" lon="12.4434000"></trkpt>
      <trkpt lat="41.7763400" lon="12.4434100"></trkpt>
      <trkpt lat="41.7762100" lon="12.4435400"></trkpt>
      <trkpt lat="41.7760200" lon="12.4437100"></trkpt>
      <trkpt lat="41.7759600" lon="12.4437700"></trkpt>
      <trkpt lat="41.7758800" lon="12.4438400"></trkpt>
      <trkpt lat="41.7758100" lon="12.4439000"></trkpt>
      <trkpt lat="41.7757600" lon="12.4438900"></trkpt>
      <trkpt lat="41.7757500" lon="12.4438900"></trkpt>
      <trkpt lat="41.7755400" lon="12.4439500"></trkpt>
      <trkpt lat="41.7754900" lon="12.4439600"></trkpt>
      <trkpt lat="41.7754500" lon="12.4439700"></trkpt>
      <trkpt lat="41.7754300" lon="12.4439700"></trkpt>
      <trkpt lat="41.7754000" lon="12.4439800"></trkpt>
      <trkpt lat="41.7753700" lon="12.4439900"></trkpt>
      <trkpt lat="41.7751100" lon="12.4440600"></trkpt>
      <trkpt lat="41.7749200" lon="12.4441100"></trkpt>
      <trkpt lat="41.7748700" lon="12.4441200"></trkpt>
      <trkpt lat="41.7747500" lon="12.4441500"></trkpt>
      <trkpt lat="41.7746900" lon="12.4441600"></trkpt>
      <trkpt lat="41.7746600" lon="12.4441700"></trkpt>
      <trkpt lat="41.7746400" lon="12.4441800"></trkpt>
      <trkpt lat="41.7745200" lon="12.4442100"></trkpt>
      <trkpt lat="41.7744800" lon="12.4442100"></trkpt>
      <trkpt lat="41.7744200" lon="12.4442300"></trkpt>
      <trkpt lat="41.7743500" lon="12.4442400"></trkpt>
      <trkpt lat="41.7742300" lon="12.4442500"></trkpt>
      <trkpt lat="41.7740800" lon="12.4442500"></trkpt>
      <trkpt lat="41.7739100" lon="12.4442500"></trkpt>
      <trkpt lat="41.7737600" lon="12.4442400"></trkpt>
      <trkpt lat="41.7733400" lon="12.4441900"></trkpt>
      <trkpt lat="41.7732500" lon="12.4442200"></trkpt>
      <trkpt lat="41.7732000" lon="12.4442100"></trkpt>
      <trkpt lat="41.7731500" lon="12.4442000"></trkpt>
      <trkpt lat="41.7730400" lon="12.4441700"></trkpt>
      <trkpt lat="41.7729600" lon="12.4441500"></trkpt>
      <trkpt lat="41.7729100" lon="12.4441300"></trkpt>
      <trkpt lat="41.7728400" lon="12.4441000"></trkpt>
      <trkpt lat="41.7727800" lon="12.4440800"></trkpt>
      <trkpt lat="41.7726900" lon="12.4440500"></trkpt>
      <trkpt lat="41.7725900" lon="12.4440000"></trkpt>
      <trkpt lat="41.7725000" lon="12.4439600"></trkpt>
      <trkpt lat="41.7723800" lon="12.4439000"></trkpt>
      <trkpt lat="41.7722000" lon="12.4438100"></trkpt>
      <trkpt lat="41.7720800" lon="12.4437400"></trkpt>
      <trkpt lat="41.7719900" lon="12.4436800"></trkpt>
      <trkpt lat="41.7718900" lon="12.4436000"></trkpt>
      <trkpt lat="41.7717700" lon="12.4435200"></trkpt>
      <trkpt lat="41.7717000" lon="12.4434700"></trkpt>
      <trkpt lat="41.7715800" lon="12.4433700"></trkpt>
      <trkpt lat="41.7715700" lon="12.4433600"></trkpt>
      <trkpt lat="41.7714700" lon="12.4432800"></trkpt>
      <trkpt lat="41.7713700" lon="12.4431800"></trkpt>
      <trkpt lat="41.7713200" lon="12.4431300"></trkpt>
      <trkpt lat="41.7712600" lon="12.4430800"></trkpt>
      <trkpt lat="41.7712200" lon="12.4430300"></trkpt>
      <trkpt lat="41.7711600" lon="12.4429700"></trkpt>
      <trkpt lat="41.7711100" lon="12.4429100"></trkpt>
      <trkpt lat="41.7710500" lon="12.4428500"></trkpt>
      <trkpt lat="41.7710200" lon="12.4428100"></trkpt>
      <trkpt lat="41.7709100" lon="12.4426800"></trkpt>
      <trkpt lat="41.7708300" lon="12.4425800"></trkpt>
      <trkpt lat="41.7707500" lon="12.4424800"></trkpt>
      <trkpt lat="41.7706300" lon="12.4423100"></trkpt>
      <trkpt lat="41.7705600" lon="12.4422200"></trkpt>
      <trkpt lat="41.7703600" lon="12.4419600"></trkpt>
      <trkpt lat="41.7701600" lon="12.4417000"></trkpt>
      <trkpt lat="41.7700500" lon="12.4415600"></trkpt>
      <trkpt lat="41.7698800" lon="12.4413300"></trkpt>
      <trkpt lat="41.7695500" lon="12.4409100"></trkpt>
      <trkpt lat="41.7694100" lon="12.4407200"></trkpt>
      <trkpt lat="41.7693100" lon="12.4406000"></trkpt>
      <trkpt lat="41.7693100" lon="12.4405900"></trkpt>
      <trkpt lat="41.7692300" lon="12.4404900"></trkpt>
      <trkpt lat="41.7691800" lon="12.4404300"></trkpt>
      <trkpt lat="41.7691800" lon="12.4404200"></trkpt>
      <trkpt lat="41.7690600" lon="12.4402700"></trkpt>
      <trkpt lat="41.7689900" lon="12.4401700"></trkpt>
      <trkpt lat="41.7689200" lon="12.4400900"></trkpt>
      <trkpt lat="41.7688200" lon="12.4399600"></trkpt>
      <trkpt lat="41.7687200" lon="12.4398300"></trkpt>
      <trkpt lat="41.7686700" lon="12.4397600"></trkpt>
      <trkpt lat="41.7686200" lon="12.4397000"></trkpt>
      <trkpt lat="41.7685700" lon="12.4396400"></trkpt>
      <trkpt lat="41.7685300" lon="12.4395900"></trkpt>
      <trkpt lat="41.7685200" lon="12.4395900"></trkpt>
      <trkpt lat="41.7684800" lon="12.4395300"></trkpt>
      <trkpt lat="41.7684600" lon="12.4395100"></trkpt>
      <trkpt lat="41.7684000" lon="12.4394400"></trkpt>
      <trkpt lat="41.7683700" lon="12.4394200"></trkpt>
      <trkpt lat="41.7683500" lon="12.4393900"></trkpt>
      <trkpt lat="41.7683200" lon="12.4393600"></trkpt>
      <trkpt lat="41.7682700" lon="12.4393100"></trkpt>
      <trkpt lat="41.7682300" lon="12.4392800"></trkpt>
      <trkpt lat="41.7681500" lon="12.4392000"></trkpt>
      <trkpt lat="41.7681000" lon="12.4391500"></trkpt>
      <trkpt lat="41.7679900" lon="12.4390500"></trkpt>
      <trkpt lat="41.7678200" lon="12.4389200"></trkpt>
      <trkpt lat="41.7677000" lon="12.4388300"></trkpt>
      <trkpt lat="41.7675700" lon="12.4387400"></trkpt>
      <trkpt lat="41.7674800" lon="12.4386700"></trkpt>
      <trkpt lat="41.7674300" lon="12.4386400"></trkpt>
      <trkpt lat="41.7673400" lon="12.4385900"></trkpt>
      <trkpt lat="41.7670900" lon="12.4384600"></trkpt>
      <trkpt lat="41.7669800" lon="12.4384100"></trkpt>
      <trkpt lat="41.7668900" lon="12.4383700"></trkpt>
      <trkpt lat="41.7667400" lon="12.4383100"></trkpt>
      <trkpt lat="41.7666100" lon="12.4382700"></trkpt>
      <trkpt lat="41.7663600" lon="12.4382000"></trkpt>
      <trkpt lat="41.7662800" lon="12.4381900"></trkpt>
      <trkpt lat="41.7661800" lon="12.4381700"></trkpt>
      <trkpt lat="41.7660800" lon="12.4381500"></trkpt>
      <trkpt lat="41.7658400" lon="12.4381200"></trkpt>
      <trkpt lat="41.7657400" lon="12.4381200"></trkpt>
      <trkpt lat="41.7656300" lon="12.4381100"></trkpt>
      <trkpt lat="41.7654400" lon="12.4381100"></trkpt>
      <trkpt lat="41.7653800" lon="12.4381100"></trkpt>
      <trkpt lat="41.7652500" lon="12.4381200"></trkpt>
      <trkpt lat="41.7650300" lon="12.4381500"></trkpt>
      <trkpt lat="41.7649700" lon="12.4381600"></trkpt>
      <trkpt lat="41.7648900" lon="12.4381800"></trkpt>
      <trkpt lat="41.7648500" lon="12.4381800"></trkpt>
      <trkpt lat="41.7648100" lon="12.4381900"></trkpt>
      <trkpt lat="41.7644800" lon="12.4382600"></trkpt>
      <trkpt lat="41.7644300" lon="12.4382700"></trkpt>
      <trkpt lat="41.7641700" lon="12.4383200"></trkpt>
      <trkpt lat="41.7638600" lon="12.4383900"></trkpt>
      <trkpt lat="41.7634200" lon="12.4384800"></trkpt>
      <trkpt lat="41.7634100" lon="12.4384800"></trkpt>
      <trkpt lat="41.7629100" lon="12.4385900"></trkpt>
      <trkpt lat="41.7625200" lon="12.4386600"></trkpt>
      <trkpt lat="41.7624400" lon="12.4386700"></trkpt>
      <trkpt lat="41.7623800" lon="12.4386800"></trkpt>
      <trkpt lat="41.7623100" lon="12.4386900"></trkpt>
      <trkpt lat="41.7622900" lon="12.4386900"></trkpt>
      <trkpt lat="41.7622100" lon="12.4386900"></trkpt>
      <trkpt lat="41.7620900" lon="12.4387000"></trkpt>
      <trkpt lat="41.7620200" lon="12.4387100"></trkpt>
      <trkpt lat="41.7618200" lon="12.4387100"></trkpt>
      <trkpt lat="41.7617200" lon="12.4387100"></trkpt>
      <trkpt lat="41.7616200" lon="12.4387100"></trkpt>
      <trkpt lat="41.7614900" lon="12.4386900"></trkpt>
      <trkpt lat="41.7613600" lon="12.4386900"></trkpt>
      <trkpt lat="41.7612200" lon="12.4386700"></trkpt>
      <trkpt lat="41.7611700" lon="12.4386600"></trkpt>
      <trkpt lat="41.7611400" lon="12.4386600"></trkpt>
      <trkpt lat="41.7611000" lon="12.4386500"></trkpt>
      <trkpt lat="41.7608500" lon="12.4386100"></trkpt>
      <trkpt lat="41.7607800" lon="12.4386000"></trkpt>
      <trkpt lat="41.7606900" lon="12.4385800"></trkpt>
      <trkpt lat="41.7605800" lon="12.4385500"></trkpt>
      <trkpt lat="41.7604100" lon="12.4385000"></trkpt>
      <trkpt lat="41.7602100" lon="12.4384400"></trkpt>
      <trkpt lat="41.7600400" lon="12.4383800"></trkpt>
      <trkpt lat="41.7598500" lon="12.4383000"></trkpt>
      <trkpt lat="41.7598200" lon="12.4382900"></trkpt>
      <trkpt lat="41.7596100" lon="12.4381800"></trkpt>
      <trkpt lat="41.7594300" lon="12.4380900"></trkpt>
      <trkpt lat="41.7592900" lon="12.4380100"></trkpt>
      <trkpt lat="41.7592100" lon="12.4379600"></trkpt>
      <trkpt lat="41.7590900" lon="12.4378800"></trkpt>
      <trkpt lat="41.7590300" lon="12.4378400"></trkpt>
      <trkpt lat="41.7588600" lon="12.4377100"></trkpt>
      <trkpt lat="41.7587300" lon="12.4376100"></trkpt>
      <trkpt lat="41.7586400" lon="12.4375400"></trkpt>
      <trkpt lat="41.7585300" lon="12.4374600"></trkpt>
      <trkpt lat="41.7584300" lon="12.4373700"></trkpt>
      <trkpt lat="41.7583100" lon="12.4372700"></trkpt>
      <trkpt lat="41.7582000" lon="12.4371600"></trkpt>
      <trkpt lat="41.7581000" lon="12.4370700"></trkpt>
      <trkpt lat="41.7580100" lon="12.4369900"></trkpt>
      <trkpt lat="41.7578000" lon="12.4367700"></trkpt>
      <trkpt lat="41.7576100" lon="12.4365700"></trkpt>
      <trkpt lat="41.7575600" lon="12.4365300"></trkpt>
      <trkpt lat="41.7572400" lon="12.4362200"></trkpt>
      <trkpt lat="41.7570700" lon="12.4360600"></trkpt>
      <trkpt lat="41.7570100" lon="12.4360100"></trkpt>
      <trkpt lat="41.7569600" lon="12.4359500"></trkpt>
      <trkpt lat="41.7569300" lon="12.4359300"></trkpt>
      <trkpt lat="41.7568600" lon="12.4358600"></trkpt>
      <trkpt lat="41.7567300" lon="12.4357400"></trkpt>
      <trkpt lat="41.7566200" lon="12.4356300"></trkpt>
      <trkpt lat="41.7565300" lon="12.4355400"></trkpt>
      <trkpt lat="41.7564200" lon="12.4354200"></trkpt>
      <trkpt lat="41.7562400" lon="12.4352400"></trkpt>
      <trkpt lat="41.7560700" lon="12.4350800"></trkpt>
      <trkpt lat="41.7559400" lon="12.4349800"></trkpt>
      <trkpt lat="41.7559200" lon="12.4349600"></trkpt>
      <trkpt lat="41.7558500" lon="12.4349100"></trkpt>
      <trkpt lat="41.7557600" lon="12.4348400"></trkpt>
      <trkpt lat="41.7556000" lon="12.4347500"></trkpt>
      <trkpt lat="41.7554400" lon="12.4346700"></trkpt>
      <trkpt lat="41.7552600" lon="12.4346000"></trkpt>
      <trkpt lat="41.7551200" lon="12.4345600"></trkpt>
      <trkpt lat="41.7549100" lon="12.4345100"></trkpt>
      <trkpt lat="41.7547800" lon="12.4345000"></trkpt>
      <trkpt lat="41.7546500" lon="12.4344900"></trkpt>
      <trkpt lat="41.7545600" lon="12.4344900"></trkpt>
      <trkpt lat="41.7543800" lon="12.4345000"></trkpt>
      <trkpt lat="41.7543600" lon="12.4345000"></trkpt>
      <trkpt lat="41.7543100" lon="12.4345100"></trkpt>
      <trkpt lat="41.7542100" lon="12.4345200"></trkpt>
      <trkpt lat="41.7541100" lon="12.4345400"></trkpt>
      <trkpt lat="41.7539800" lon="12.4345800"></trkpt>
      <trkpt lat="41.7539400" lon="12.4345900"></trkpt>
      <trkpt lat="41.7539200" lon="12.4346000"></trkpt>
      <trkpt lat="41.7538300" lon="12.4346300"></trkpt>
      <trkpt lat="41.7537500" lon="12.4346600"></trkpt>
      <trkpt lat="41.7537000" lon="12.4346800"></trkpt>
      <trkpt lat="41.7536300" lon="12.4347100"></trkpt>
      <trkpt lat="41.7535800" lon="12.4347400"></trkpt>
      <trkpt lat="41.7534700" lon="12.4348000"></trkpt>
      <trkpt lat="41.7534300" lon="12.4348200"></trkpt>
      <trkpt lat="41.7534200" lon="12.4348300"></trkpt>
      <trkpt lat="41.7533000" lon="12.4349100"></trkpt>
      <trkpt lat="41.7532700" lon="12.4349300"></trkpt>
      <trkpt lat="41.7532600" lon="12.4349400"></trkpt>
      <trkpt lat="41.7530800" lon="12.4350800"></trkpt>
      <trkpt lat="41.7530300" lon="12.4351300"></trkpt>
      <trkpt lat="41.7529800" lon="12.4351600"></trkpt>
      <trkpt lat="41.7528900" lon="12.4352400"></trkpt>
      <trkpt lat="41.7528700" lon="12.4352500"></trkpt>
      <trkpt lat="41.7527200" lon="12.4353700"></trkpt>
      <trkpt lat="41.7526400" lon="12.4354400"></trkpt>
      <trkpt lat="41.7525500" lon="12.4355100"></trkpt>
      <trkpt lat="41.7524900" lon="12.4355700"></trkpt>
      <trkpt lat="41.7522900" lon="12.4357300"></trkpt>
      <trkpt lat="41.7522000" lon="12.4358000"></trkpt>
      <trkpt lat="41.7521900" lon="12.4358100"></trkpt>
      <trkpt lat="41.7520200" lon="12.4359500"></trkpt>
      <trkpt lat="41.7518700" lon="12.4360800"></trkpt>
      <trkpt lat="41.7516400" lon="12.4362600"></trkpt>
      <trkpt lat="41.7515900" lon="12.4363100"></trkpt>
      <trkpt lat="41.7514500" lon="12.4364300"></trkpt>
      <trkpt lat="41.7514200" lon="12.4364600"></trkpt>
      <trkpt lat="41.7512900" lon="12.4365700"></trkpt>
      <trkpt lat="41.7510900" lon="12.4367500"></trkpt>
      <trkpt lat="41.7508800" lon="12.4369100"></trkpt>
      <trkpt lat="41.7507800" lon="12.4369900"></trkpt>
      <trkpt lat="41.7507200" lon="12.4370300"></trkpt>
      <trkpt lat="41.7506700" lon="12.4370600"></trkpt>
      <trkpt lat="41.7506500" lon="12.4370700"></trkpt>
      <trkpt lat="41.7506000" lon="12.4371000"></trkpt>
      <trkpt lat="41.7505300" lon="12.4371400"></trkpt>
      <trkpt lat="41.7504200" lon="12.4372000"></trkpt>
      <trkpt lat="41.7503800" lon="12.4372200"></trkpt>
      <trkpt lat="41.7503000" lon="12.4372500"></trkpt>
      <trkpt lat="41.7502500" lon="12.4372700"></trkpt>
      <trkpt lat="41.7501700" lon="12.4373100"></trkpt>
      <trkpt lat="41.7500800" lon="12.4373400"></trkpt>
      <trkpt lat="41.7497700" lon="12.4374000"></trkpt>
      <trkpt lat="41.7495000" lon="12.4374400"></trkpt>
      <trkpt lat="41.7494400" lon="12.4374600"></trkpt>
      <trkpt lat="41.7493300" lon="12.4374700"></trkpt>
      <trkpt lat="41.7492600" lon="12.4374700"></trkpt>
      <trkpt lat="41.7492400" lon="12.4374600"></trkpt>
      <trkpt lat="41.7491800" lon="12.4374600"></trkpt>
      <trkpt lat="41.7490400" lon="12.4374600"></trkpt>
      <trkpt lat="41.7489900" lon="12.4374600"></trkpt>
      <trkpt lat="41.7489400" lon="12.4374500"></trkpt>
      <trkpt lat="41.7488500" lon="12.4374400"></trkpt>
      <trkpt lat="41.7486900" lon="12.4374100"></trkpt>
      <trkpt lat="41.7486200" lon="12.4373900"></trkpt>
      <trkpt lat="41.7484900" lon="12.4373600"></trkpt>
      <trkpt lat="41.7484200" lon="12.4373300"></trkpt>
      <trkpt lat="41.7484100" lon="12.4373300"></trkpt>
      <trkpt lat="41.7483100" lon="12.4373000"></trkpt>
      <trkpt lat="41.7481700" lon="12.4372400"></trkpt>
      <trkpt lat="41.7480900" lon="12.4372100"></trkpt>
      <trkpt lat="41.7480200" lon="12.4371700"></trkpt>
      <trkpt lat="41.7479400" lon="12.4371300"></trkpt>
      <trkpt lat="41.7478300" lon="12.4370600"></trkpt>
      <trkpt lat="41.7478100" lon="12.4370400"></trkpt>
      <trkpt lat="41.7476500" lon="12.4369200"></trkpt>
      <trkpt lat="41.7474500" lon="12.4367600"></trkpt>
      <trkpt lat="41.7473500" lon="12.4366600"></trkpt>
      <trkpt lat="41.7470800" lon="12.4363900"></trkpt>
      <trkpt lat="41.7469600" lon="12.4362700"></trkpt>
      <trkpt lat="41.7467700" lon="12.4360800"></trkpt>
      <trkpt lat="41.7464000" lon="12.4357100"></trkpt>
      <trkpt lat="41.7463300" lon="12.4356400"></trkpt>
      <trkpt lat="41.7462900" lon="12.4356000"></trkpt>
      <trkpt lat="41.7458500" lon="12.4351600"></trkpt>
      <trkpt lat="41.7457600" lon="12.4350600"></trkpt>
      <trkpt lat="41.7457300" lon="12.4350300"></trkpt>
      <trkpt lat="41.7456000" lon="12.4349000"></trkpt>
      <trkpt lat="41.7454700" lon="12.4347700"></trkpt>
      <trkpt lat="41.7453500" lon="12.4346400"></trkpt>
      <trkpt lat="41.7451700" lon="12.4344600"></trkpt>
      <trkpt lat="41.7448900" lon="12.4342000"></trkpt>
      <trkpt lat="41.7448200" lon="12.4341400"></trkpt>
      <trkpt lat="41.7447500" lon="12.4340700"></trkpt>
      <trkpt lat="41.7446700" lon="12.4340000"></trkpt>
      <trkpt lat="41.7443700" lon="12.4337100"></trkpt>
      <trkpt lat="41.7441100" lon="12.4334600"></trkpt>
      <trkpt lat="41.7438800" lon="12.4332500"></trkpt>
      <trkpt lat="41.7436200" lon="12.4330100"></trkpt>
      <trkpt lat="41.7433000" lon="12.4327200"></trkpt>
      <trkpt lat="41.7431200" lon="12.4325800"></trkpt>
      <trkpt lat="41.7430900" lon="12.4325600"></trkpt>
      <trkpt lat="41.7430400" lon="12.4325100"></trkpt>
      <trkpt lat="41.7429400" lon="12.4324400"></trkpt>
      <trkpt lat="41.7429000" lon="12.4324100"></trkpt>
      <trkpt lat="41.7427800" lon="12.4323300"></trkpt>
      <trkpt lat="41.7426300" lon="12.4322300"></trkpt>
      <trkpt lat="41.7424900" lon="12.4321500"></trkpt>
      <trkpt lat="41.7423100" lon="12.4320500"></trkpt>
      <trkpt lat="41.7422600" lon="12.4320200"></trkpt>
      <trkpt lat="41.7421700" lon="12.4319800"></trkpt>
      <trkpt lat="41.7421200" lon="12.4319500"></trkpt>
      <trkpt lat="41.7418400" lon="12.4318500"></trkpt>
      <trkpt lat="41.7415500" lon="12.4317400"></trkpt>
      <trkpt lat="41.7414600" lon="12.4317100"></trkpt>
      <trkpt lat="41.7412200" lon="12.4316500"></trkpt>
      <trkpt lat="41.7411200" lon="12.4316300"></trkpt>
      <trkpt lat="41.7409700" lon="12.4316000"></trkpt>
      <trkpt lat="41.7408700" lon="12.4315800"></trkpt>
      <trkpt lat="41.7407600" lon="12.4315700"></trkpt>
      <trkpt lat="41.7405500" lon="12.4315400"></trkpt>
      <trkpt lat="41.7402600" lon="12.4315300"></trkpt>
      <trkpt lat="41.7401300" lon="12.4315300"></trkpt>
      <trkpt lat="41.7400800" lon="12.4315300"></trkpt>
      <trkpt lat="41.7400500" lon="12.4315300"></trkpt>
      <trkpt lat="41.7399200" lon="12.4315300"></trkpt>
      <trkpt lat="41.7397800" lon="12.4315400"></trkpt>
      <trkpt lat="41.7396600" lon="12.4315500"></trkpt>
      <trkpt lat="41.7394500" lon="12.4315700"></trkpt>
      <trkpt lat="41.7393300" lon="12.4315800"></trkpt>
      <trkpt lat="41.7391900" lon="12.4315900"></trkpt>
      <trkpt lat="41.7391300" lon="12.4316000"></trkpt>
      <trkpt lat="41.7389900" lon="12.4316100"></trkpt>
      <trkpt lat="41.7387200" lon="12.4316300"></trkpt>
      <trkpt lat="41.7383300" lon="12.4316600"></trkpt>
      <trkpt lat="41.7382600" lon="12.4316700"></trkpt>
      <trkpt lat="41.7379900" lon="12.4316900"></trkpt>
      <trkpt lat="41.7379700" lon="12.4316900"></trkpt>
      <trkpt lat="41.7378100" lon="12.4317100"></trkpt>
      <trkpt lat="41.7377700" lon="12.4317100"></trkpt>
      <trkpt lat="41.7377200" lon="12.4317200"></trkpt>
      <trkpt lat="41.7376400" lon="12.4317200"></trkpt>
      <trkpt lat="41.7376100" lon="12.4317300"></trkpt>
      <trkpt lat="41.7375200" lon="12.4317300"></trkpt>
      <trkpt lat="41.7374200" lon="12.4317400"></trkpt>
      <trkpt lat="41.7373600" lon="12.4317500"></trkpt>
      <trkpt lat="41.7370200" lon="12.4317800"></trkpt>
      <trkpt lat="41.7366600" lon="12.4318100"></trkpt>
      <trkpt lat="41.7364200" lon="12.4318300"></trkpt>
      <trkpt lat="41.7363300" lon="12.4318400"></trkpt>
      <trkpt lat="41.7359600" lon="12.4318700"></trkpt>
      <trkpt lat="41.7357400" lon="12.4318800"></trkpt>
      <trkpt lat="41.7351800" lon="12.4319300"></trkpt>
      <trkpt lat="41.7349300" lon="12.4319500"></trkpt>
      <trkpt lat="41.7346100" lon="12.4319700"></trkpt>
      <trkpt lat="41.7345300" lon="12.4319800"></trkpt>
      <trkpt lat="41.7344000" lon="12.4319900"></trkpt>
      <trkpt lat="41.7343900" lon="12.4319900"></trkpt>
      <trkpt lat="41.7342700" lon="12.4320000"></trkpt>
      <trkpt lat="41.7339500" lon="12.4320300"></trkpt>
      <trkpt lat="41.7334300" lon="12.4320700"></trkpt>
      <trkpt lat="41.7332400" lon="12.4320900"></trkpt>
      <trkpt lat="41.7331400" lon="12.4321000"></trkpt>
      <trkpt lat="41.7329400" lon="12.4321100"></trkpt>
      <trkpt lat="41.7328700" lon="12.4321200"></trkpt>
      <trkpt lat="41.7325800" lon="12.4321500"></trkpt>
      <trkpt lat="41.7325100" lon="12.4321500"></trkpt>
      <trkpt lat="41.7324600" lon="12.4321600"></trkpt>
      <trkpt lat="41.7323800" lon="12.4321700"></trkpt>
      <trkpt lat="41.7323200" lon="12.4321800"></trkpt>
      <trkpt lat="41.7322800" lon="12.4321800"></trkpt>
      <trkpt lat="41.7322400" lon="12.4321900"></trkpt>
      <trkpt lat="41.7321900" lon="12.4322000"></trkpt>
      <trkpt lat="41.7321100" lon="12.4322100"></trkpt>
      <trkpt lat="41.7320400" lon="12.4322300"></trkpt>
      <trkpt lat="41.7319800" lon="12.4322500"></trkpt>
      <trkpt lat="41.7319200" lon="12.4322600"></trkpt>
      <trkpt lat="41.7318800" lon="12.4322800"></trkpt>
      <trkpt lat="41.7318300" lon="12.4322900"></trkpt>
      <trkpt lat="41.7317400" lon="12.4323200"></trkpt>
      <trkpt lat="41.7316700" lon="12.4323500"></trkpt>
      <trkpt lat="41.7315900" lon="12.4323800"></trkpt>
      <trkpt lat="41.7315200" lon="12.4324000"></trkpt>
      <trkpt lat="41.7314600" lon="12.4324300"></trkpt>
      <trkpt lat="41.7312300" lon="12.4325300"></trkpt>
      <trkpt lat="41.7311200" lon="12.4325900"></trkpt>
      <trkpt lat="41.7310100" lon="12.4326500"></trkpt>
      <trkpt lat="41.7307800" lon="12.4328000"></trkpt>
      <trkpt lat="41.7307400" lon="12.4328300"></trkpt>
      <trkpt lat="41.7306800" lon="12.4328700"></trkpt>
      <trkpt lat="41.7305000" lon="12.4330100"></trkpt>
      <trkpt lat="41.7302900" lon="12.4331900"></trkpt>
      <trkpt lat="41.7302000" lon="12.4332900"></trkpt>
      <trkpt lat="41.7300800" lon="12.4334000"></trkpt>
      <trkpt lat="41.7298700" lon="12.4336300"></trkpt>
      <trkpt lat="41.7298300" lon="12.4336800"></trkpt>
      <trkpt lat="41.7297600" lon="12.4337700"></trkpt>
      <trkpt lat="41.7295100" lon="12.4340700"></trkpt>
      <trkpt lat="41.7291800" lon="12.4344800"></trkpt>
      <trkpt lat="41.7288000" lon="12.4349500"></trkpt>
      <trkpt lat="41.7286100" lon="12.4352000"></trkpt>
      <trkpt lat="41.7285400" lon="12.4352800"></trkpt>
      <trkpt lat="41.7283300" lon="12.4355500"></trkpt>
      <trkpt lat="41.7281200" lon="12.4358000"></trkpt>
      <trkpt lat="41.7279700" lon="12.4359900"></trkpt>
      <trkpt lat="41.7279500" lon="12.4360100"></trkpt>
      <trkpt lat="41.7277800" lon="12.4362300"></trkpt>
      <trkpt lat="41.7276400" lon="12.4364200"></trkpt>
      <trkpt lat="41.7275400" lon="12.4365600"></trkpt>
      <trkpt lat="41.7274100" lon="12.4367600"></trkpt>
      <trkpt lat="41.7273200" lon="12.4369100"></trkpt>
      <trkpt lat="41.7272400" lon="12.4370400"></trkpt>
      <trkpt lat="41.7271300" lon="12.4372400"></trkpt>
      <trkpt lat="41.7270300" lon="12.4374100"></trkpt>
      <trkpt lat="41.7269200" lon="12.4376200"></trkpt>
      <trkpt lat="41.7268000" lon="12.4378400"></trkpt>
      <trkpt lat="41.7266800" lon="12.4380500"></trkpt>
      <trkpt lat="41.7264900" lon="12.4384000"></trkpt>
      <trkpt lat="41.7262800" lon="12.4387800"></trkpt>
      <trkpt lat="41.7262100" lon="12.4389000"></trkpt>
      <trkpt lat="41.7261100" lon="12.4390800"></trkpt>
      <trkpt lat="41.7257900" lon="12.4396800"></trkpt>
      <trkpt lat="41.7255500" lon="12.4401100"></trkpt>
      <trkpt lat="41.7253900" lon="12.4404200"></trkpt>
      <trkpt lat="41.7251700" lon="12.4408200"></trkpt>
      <trkpt lat="41.7250600" lon="12.4410200"></trkpt>
      <trkpt lat="41.7250000" lon="12.4411200"></trkpt>
      <trkpt lat="41.7249300" lon="12.4412500"></trkpt>
      <trkpt lat="41.7243100" lon="12.4423700"></trkpt>
      <trkpt lat="41.7242900" lon="12.4424000"></trkpt>
      <trkpt lat="41.7242700" lon="12.4424500"></trkpt>
      <trkpt lat="41.7240300" lon="12.4428800"></trkpt>
      <trkpt lat="41.7240300" lon="12.4428900"></trkpt>
      <trkpt lat="41.7238100" lon="12.4432800"></trkpt>
      <trkpt lat="41.7231500" lon="12.4444900"></trkpt>
      <trkpt lat="41.7228200" lon="12.4451000"></trkpt>
      <trkpt lat="41.7225700" lon="12.4455500"></trkpt>
      <trkpt lat="41.7224200" lon="12.4458200"></trkpt>
      <trkpt lat="41.7221200" lon="12.4463700"></trkpt>
      <trkpt lat="41.7220700" lon="12.4464600"></trkpt>
      <trkpt lat="41.7220600" lon="12.4464700"></trkpt>
      <trkpt lat="41.7219500" lon="12.4466700"></trkpt>
      <trkpt lat="41.7218700" lon="12.4468100"></trkpt>
      <trkpt lat="41.7213100" lon="12.4478500"></trkpt>
      <trkpt lat="41.7211900" lon="12.4480600"></trkpt>
      <trkpt lat="41.7210500" lon="12.4483100"></trkpt>
      <trkpt lat="41.7209300" lon="12.4484800"></trkpt>
      <trkpt lat="41.7208100" lon="12.4486700"></trkpt>
      <trkpt lat="41.7207800" lon="12.4487000"></trkpt>
      <trkpt lat="41.7206700" lon="12.4488500"></trkpt>
      <trkpt lat="41.7206100" lon="12.4489300"></trkpt>
      <trkpt lat="41.7205400" lon="12.4490300"></trkpt>
      <trkpt lat="41.7203600" lon="12.4492400"></trkpt>
      <trkpt lat="41.7202100" lon="12.4494100"></trkpt>
      <trkpt lat="41.7201400" lon="12.4494800"></trkpt>
      <trkpt lat="41.7201000" lon="12.4495200"></trkpt>
      <trkpt lat="41.7199000" lon="12.4497300"></trkpt>
      <trkpt lat="41.7197700" lon="12.4498600"></trkpt>
      <trkpt lat="41.7196200" lon="12.4500000"></trkpt>
      <trkpt lat="41.7195200" lon="12.4500900"></trkpt>
      <trkpt lat="41.7194400" lon="12.4501600"></trkpt>
      <trkpt lat="41.7193300" lon="12.4502500"></trkpt>
      <trkpt lat="41.7192600" lon="12.4503100"></trkpt>
      <trkpt lat="41.7191600" lon="12.4503800"></trkpt>
      <trkpt lat="41.7190800" lon="12.4504400"></trkpt>
      <trkpt lat="41.7189700" lon="12.4505200"></trkpt>
      <trkpt lat="41.7189100" lon="12.4505600"></trkpt>
      <trkpt lat="41.7188000" lon="12.4506400"></trkpt>
      <trkpt lat="41.7187000" lon="12.4507000"></trkpt>
      <trkpt lat="41.7186400" lon="12.4507400"></trkpt>
      <trkpt lat="41.7185100" lon="12.4508200"></trkpt>
      <trkpt lat="41.7183600" lon="12.4509200"></trkpt>
      <trkpt lat="41.7182400" lon="12.4509900"></trkpt>
      <trkpt lat="41.7181000" lon="12.4510700"></trkpt>
      <trkpt lat="41.7179200" lon="12.4511800"></trkpt>
      <trkpt lat="41.7178000" lon="12.4512500"></trkpt>
      <trkpt lat="41.7177500" lon="12.4512800"></trkpt>
      <trkpt lat="41.7176900" lon="12.4513200"></trkpt>
      <trkpt lat="41.7176800" lon="12.4513200"></trkpt>
      <trkpt lat="41.7175600" lon="12.4513900"></trkpt>
      <trkpt lat="41.7168300" lon="12.4518300"></trkpt>
      <trkpt lat="41.7167800" lon="12.4518600"></trkpt>
      <trkpt lat="41.7165300" lon="12.4520100"></trkpt>
      <trkpt lat="41.7161800" lon="12.4522200"></trkpt>
      <trkpt lat="41.7158800" lon="12.4524000"></trkpt>
      <trkpt lat="41.7155200" lon="12.4526200"></trkpt>
      <trkpt lat="41.7154300" lon="12.4526700"></trkpt>
      <trkpt lat="41.7152800" lon="12.4527600"></trkpt>
      <trkpt lat="41.7148500" lon="12.4530200"></trkpt>
      <trkpt lat="41.7145300" lon="12.4532100"></trkpt>
      <trkpt lat="41.7139900" lon="12.4535400"></trkpt>
      <trkpt lat="41.7137700" lon="12.4536700"></trkpt>
      <trkpt lat="41.7135100" lon="12.4538300"></trkpt>
      <trkpt lat="41.7133100" lon="12.4539500"></trkpt>
      <trkpt lat="41.7131000" lon="12.4540700"></trkpt>
      <trkpt lat="41.7128300" lon="12.4542400"></trkpt>
      <trkpt lat="41.7126600" lon="12.4543400"></trkpt>
      <trkpt lat="41.7124900" lon="12.4544400"></trkpt>
      <trkpt lat="41.7124400" lon="12.4544700"></trkpt>
      <trkpt lat="41.7124100" lon="12.4544900"></trkpt>
      <trkpt lat="41.7123500" lon="12.4545300"></trkpt>
      <trkpt lat="41.7121600" lon="12.4546300"></trkpt>
      <trkpt lat="41.7120200" lon="12.4547200"></trkpt>
      <trkpt lat="41.7119800" lon="12.4547400"></trkpt>
      <trkpt lat="41.7119400" lon="12.4547700"></trkpt>
      <trkpt lat="41.7118100" lon="12.4548500"></trkpt>
      <trkpt lat="41.7117700" lon="12.4548800"></trkpt>
      <trkpt lat="41.7115800" lon="12.4549900"></trkpt>
      <trkpt lat="41.7112300" lon="12.4552000"></trkpt>
      <trkpt lat="41.7110500" lon="12.4553100"></trkpt>
      <trkpt lat="41.7106400" lon="12.4555600"></trkpt>
      <trkpt lat="41.7105200" lon="12.4556300"></trkpt>
      <trkpt lat="41.7104400" lon="12.4556800"></trkpt>
      <trkpt lat="41.7101700" lon="12.4558400"></trkpt>
      <trkpt lat="41.7100000" lon="12.4559400"></trkpt>
      <trkpt lat="41.7097400" lon="12.4561000"></trkpt>
      <trkpt lat="41.7096600" lon="12.4561400"></trkpt>
      <trkpt lat="41.7095400" lon="12.4562100"></trkpt>
      <trkpt lat="41.7094100" lon="12.4562900"></trkpt>
      <trkpt lat="41.7093300" lon="12.4563400"></trkpt>
      <trkpt lat="41.7091500" lon="12.4564500"></trkpt>
      <trkpt lat="41.7090800" lon="12.4564900"></trkpt>
      <trkpt lat="41.7089800" lon="12.4565500"></trkpt>
      <trkpt lat="41.7088100" lon="12.4566500"></trkpt>
      <trkpt lat="41.7086700" lon="12.4567400"></trkpt>
      <trkpt lat="41.7084000" lon="12.4569000"></trkpt>
      <trkpt lat="41.7083300" lon="12.4569500"></trkpt>
      <trkpt lat="41.7080700" lon="12.4571200"></trkpt>
      <trkpt lat="41.7079900" lon="12.4571800"></trkpt>
      <trkpt lat="41.7079600" lon="12.4572000"></trkpt>
      <trkpt lat="41.7078900" lon="12.4572600"></trkpt>
      <trkpt lat="41.7077900" lon="12.4573300"></trkpt>
      <trkpt lat="41.7076900" lon="12.4574200"></trkpt>
      <trkpt lat="41.7076100" lon="12.4574900"></trkpt>
      <trkpt lat="41.7075200" lon="12.4575800"></trkpt>
      <trkpt lat="41.7074000" lon="12.4576900"></trkpt>
      <trkpt lat="41.7071600" lon="12.4579400"></trkpt>
      <trkpt lat="41.7070100" lon="12.4580900"></trkpt>
      <trkpt lat="41.7068600" lon="12.4582700"></trkpt>
      <trkpt lat="41.7067700" lon="12.4583800"></trkpt>
      <trkpt lat="41.7066200" lon="12.4585800"></trkpt>
      <trkpt lat="41.7066000" lon="12.4586100"></trkpt>
      <trkpt lat="41.7065800" lon="12.4586400"></trkpt>
      <trkpt lat="41.7065000" lon="12.4587500"></trkpt>
      <trkpt lat="41.7063500" lon="12.4589600"></trkpt>
      <trkpt lat="41.7062300" lon="12.4591400"></trkpt>
      <trkpt lat="41.7061100" lon="12.4593500"></trkpt>
      <trkpt lat="41.7060700" lon="12.4594100"></trkpt>
      <trkpt lat="41.7060200" lon="12.4595100"></trkpt>
      <trkpt lat="41.7059000" lon="12.4597300"></trkpt>
      <trkpt lat="41.7057600" lon="12.4600200"></trkpt>
      <trkpt lat="41.7057200" lon="12.4600900"></trkpt>
      <trkpt lat="41.7057000" lon="12.4601300"></trkpt>
      <trkpt lat="41.7056800" lon="12.4601900"></trkpt>
      <trkpt lat="41.7055800" lon="12.4604200"></trkpt>
      <trkpt lat="41.7055200" lon="12.4605600"></trkpt>
      <trkpt lat="41.7054300" lon="12.4607900"></trkpt>
      <trkpt lat="41.7054000" lon="12.4608800"></trkpt>
      <trkpt lat="41.7053600" lon="12.4610000"></trkpt>
      <trkpt lat="41.7053100" lon="12.4611300"></trkpt>
      <trkpt lat="41.7052500" lon="12.4613300"></trkpt>
      <trkpt lat="41.7051800" lon="12.4615700"></trkpt>
      <trkpt lat="41.7051300" lon="12.4617600"></trkpt>
      <trkpt lat="41.7050000" lon="12.4622900"></trkpt>
      <trkpt lat="41.7049900" lon="12.4623600"></trkpt>
      <trkpt lat="41.7049600" lon="12.4624500"></trkpt>
      <trkpt lat="41.7049200" lon="12.4626300"></trkpt>
      <trkpt lat="41.7049000" lon="12.4627200"></trkpt>
      <trkpt lat="41.7048800" lon="12.4627900"></trkpt>
      <trkpt lat="41.7048800" lon="12.4628000"></trkpt>
      <trkpt lat="41.7048600" lon="12.4628700"></trkpt>
      <trkpt lat="41.7048500" lon="12.4629300"></trkpt>
      <trkpt lat="41.7048300" lon="12.4630200"></trkpt>
      <trkpt lat="41.7048100" lon="12.4630800"></trkpt>
      <trkpt lat="41.7047900" lon="12.4631700"></trkpt>
      <trkpt lat="41.7047700" lon="12.4632400"></trkpt>
      <trkpt lat="41.7047400" lon="12.4633200"></trkpt>
      <trkpt lat="41.7047200" lon="12.4634100"></trkpt>
      <trkpt lat="41.7046900" lon="12.4634900"></trkpt>
      <trkpt lat="41.7046600" lon="12.4635900"></trkpt>
      <trkpt lat="41.7046300" lon="12.4636700"></trkpt>
      <trkpt lat="41.7046000" lon="12.4637500"></trkpt>
      <trkpt lat="41.7045600" lon="12.4638800"></trkpt>
      <trkpt lat="41.7045400" lon="12.4639100"></trkpt>
      <trkpt lat="41.7045100" lon="12.4639800"></trkpt>
      <trkpt lat="41.7044700" lon="12.4640800"></trkpt>
      <trkpt lat="41.7044100" lon="12.4642300"></trkpt>
      <trkpt lat="41.7043900" lon="12.4642700"></trkpt>
      <trkpt lat="41.7043200" lon="12.4644100"></trkpt>
      <trkpt lat="41.7043000" lon="12.4644700"></trkpt>
      <trkpt lat="41.7042600" lon="12.4645400"></trkpt>
      <trkpt lat="41.7042200" lon="12.4646200"></trkpt>
      <trkpt lat="41.7041800" lon="12.4646900"></trkpt>
      <trkpt lat="41.7041300" lon="12.4647800"></trkpt>
      <trkpt lat="41.7040500" lon="12.4649100"></trkpt>
      <trkpt lat="41.7039800" lon="12.4650400"></trkpt>
      <trkpt lat="41.7038200" lon="12.4652800"></trkpt>
      <trkpt lat="41.7036300" lon="12.4655400"></trkpt>
      <trkpt lat="41.7035400" lon="12.4656600"></trkpt>
      <trkpt lat="41.7034000" lon="12.4658200"></trkpt>
      <trkpt lat="41.7033400" lon="12.4658900"></trkpt>
      <trkpt lat="41.7031700" lon="12.4660800"></trkpt>
      <trkpt lat="41.7031600" lon="12.4660900"></trkpt>
      <trkpt lat="41.7030300" lon="12.4662000"></trkpt>
      <trkpt lat="41.7030100" lon="12.4662200"></trkpt>
      <trkpt lat="41.7028800" lon="12.4663400"></trkpt>
      <trkpt lat="41.7026500" lon="12.4665300"></trkpt>
      <trkpt lat="41.7023400" lon="12.4667300"></trkpt>
      <trkpt lat="41.7016600" lon="12.4671400"></trkpt>
      <trkpt lat="41.7015700" lon="12.4672000"></trkpt>
      <trkpt lat="41.7012800" lon="12.4673700"></trkpt>
      <trkpt lat="41.7012400" lon="12.4673900"></trkpt>
      <trkpt lat="41.7009100" lon="12.4675900"></trkpt>
      <trkpt lat="41.7007900" lon="12.4676600"></trkpt>
      <trkpt lat="41.7005800" lon="12.4677900"></trkpt>
      <trkpt lat="41.7004700" lon="12.4678500"></trkpt>
      <trkpt lat="41.7004200" lon="12.4678800"></trkpt>
      <trkpt lat="41.7004100" lon="12.4678900"></trkpt>
      <trkpt lat="41.7002200" lon="12.4680000"></trkpt>
      <trkpt lat="41.7000100" lon="12.4681200"></trkpt>
      <trkpt lat="41.6997700" lon="12.4682700"></trkpt>
      <trkpt lat="41.6996400" lon="12.4683600"></trkpt>
      <trkpt lat="41.6993900" lon="12.4685400"></trkpt>
      <trkpt lat="41.6992900" lon="12.4686200"></trkpt>
      <trkpt lat="41.6992200" lon="12.4686800"></trkpt>
      <trkpt lat="41.6991400" lon="12.4687500"></trkpt>
      <trkpt lat="41.6990100" lon="12.4688700"></trkpt>
      <trkpt lat="41.6989900" lon="12.4688900"></trkpt>
      <trkpt lat="41.6988200" lon="12.4690500"></trkpt>
      <trkpt lat="41.6986500" lon="12.4692200"></trkpt>
      <trkpt lat="41.6984300" lon="12.4694900"></trkpt>
      <trkpt lat="41.6983800" lon="12.4695500"></trkpt>
      <trkpt lat="41.6983300" lon="12.4696100"></trkpt>
      <trkpt lat="41.6982500" lon="12.4697200"></trkpt>
      <trkpt lat="41.6981200" lon="12.4699000"></trkpt>
      <trkpt lat="41.6980800" lon="12.4699700"></trkpt>
      <trkpt lat="41.6980400" lon="12.4700300"></trkpt>
      <trkpt lat="41.6980000" lon="12.4701000"></trkpt>
      <trkpt lat="41.6979700" lon="12.4701400"></trkpt>
      <trkpt lat="41.6979100" lon="12.4702300"></trkpt>
      <trkpt lat="41.6978400" lon="12.4703600"></trkpt>
      <trkpt lat="41.6977500" lon="12.4705100"></trkpt>
      <trkpt lat="41.6977100" lon="12.4706000"></trkpt>
      <trkpt lat="41.6976800" lon="12.4706500"></trkpt>
      <trkpt lat="41.6976400" lon="12.4707200"></trkpt>
      <trkpt lat="41.6975900" lon="12.4708300"></trkpt>
      <trkpt lat="41.6974700" lon="12.4711000"></trkpt>
      <trkpt lat="41.6972000" lon="12.4716900"></trkpt>
      <trkpt lat="41.6971800" lon="12.4717400"></trkpt>
      <trkpt lat="41.6969600" lon="12.4722300"></trkpt>
      <trkpt lat="41.6968200" lon="12.4725400"></trkpt>
      <trkpt lat="41.6966500" lon="12.4729200"></trkpt>
      <trkpt lat="41.6965300" lon="12.4731800"></trkpt>
      <trkpt lat="41.6965000" lon="12.4732300"></trkpt>
      <trkpt lat="41.6964500" lon="12.4733400"></trkpt>
      <trkpt lat="41.6964400" lon="12.4733700"></trkpt>
      <trkpt lat="41.6964300" lon="12.4733900"></trkpt>
      <trkpt lat="41.6964100" lon="12.4734300"></trkpt>
      <trkpt lat="41.6963600" lon="12.4735400"></trkpt>
      <trkpt lat="41.6962100" lon="12.4738800"></trkpt>
      <trkpt lat="41.6961800" lon="12.4739400"></trkpt>
      <trkpt lat="41.6961500" lon="12.4740100"></trkpt>
      <trkpt lat="41.6960500" lon="12.4742400"></trkpt>
      <trkpt lat="41.6959200" lon="12.4745200"></trkpt>
      <trkpt lat="41.6955900" lon="12.4752400"></trkpt>
      <trkpt lat="41.6954100" lon="12.4756300"></trkpt>
      <trkpt lat="41.6952600" lon="12.4759700"></trkpt>
      <trkpt lat="41.6951100" lon="12.4763100"></trkpt>
      <trkpt lat="41.6947800" lon="12.4770300"></trkpt>
      <trkpt lat="41.6946800" lon="12.4772500"></trkpt>
      <trkpt lat="41.6946200" lon="12.4773800"></trkpt>
      <trkpt lat="41.6946100" lon="12.4774000"></trkpt>
      <trkpt lat="41.6945100" lon="12.4776300"></trkpt>
      <trkpt lat="41.6943000" lon="12.4780900"></trkpt>
      <trkpt lat="41.6942600" lon="12.4781700"></trkpt>
      <trkpt lat="41.6941900" lon="12.4783300"></trkpt>
      <trkpt lat="41.6941000" lon="12.4785000"></trkpt>
      <trkpt lat="41.6940500" lon="12.4786100"></trkpt>
      <trkpt lat="41.6939900" lon="12.4787400"></trkpt>
      <trkpt lat="41.6939300" lon="12.4788400"></trkpt>
      <trkpt lat="41.6938700" lon="12.4789500"></trkpt>
      <trkpt lat="41.6937800" lon="12.4791100"></trkpt>
      <trkpt lat="41.6936600" lon="12.4793200"></trkpt>
      <trkpt lat="41.6935900" lon="12.4794300"></trkpt>
      <trkpt lat="41.6934800" lon="12.4796000"></trkpt>
      <trkpt lat="41.6934300" lon="12.4796700"></trkpt>
      <trkpt lat="41.6933800" lon="12.4797500"></trkpt>
      <trkpt lat="41.6933400" lon="12.4798100"></trkpt>
      <trkpt lat="41.6932500" lon="12.4799300"></trkpt>
      <trkpt lat="41.6931600" lon="12.4800600"></trkpt>
      <trkpt lat="41.6929500" lon="12.4803500"></trkpt>
      <trkpt lat="41.6928100" lon="12.4805400"></trkpt>
      <trkpt lat="41.6926100" lon="12.4808300"></trkpt>
      <trkpt lat="41.6925400" lon="12.4809200"></trkpt>
      <trkpt lat="41.6923800" lon="12.4811400"></trkpt>
      <trkpt lat="41.6922900" lon="12.4812600"></trkpt>
      <trkpt lat="41.6920500" lon="12.4816000"></trkpt>
      <trkpt lat="41.6920100" lon="12.4816500"></trkpt>
      <trkpt lat="41.6918300" lon="12.4819000"></trkpt>
      <trkpt lat="41.6917200" lon="12.4820500"></trkpt>
      <trkpt lat="41.6917100" lon="12.4820600"></trkpt>
      <trkpt lat="41.6917000" lon="12.4820800"></trkpt>
      <trkpt lat="41.6915900" lon="12.4822300"></trkpt>
      <trkpt lat="41.6914500" lon="12.4824200"></trkpt>
      <trkpt lat="41.6912400" lon="12.4826900"></trkpt>
      <trkpt lat="41.6908200" lon="12.4832700"></trkpt>
      <trkpt lat="41.6906400" lon="12.4835200"></trkpt>
      <trkpt lat="41.6904900" lon="12.4837300"></trkpt>
      <trkpt lat="41.6903900" lon="12.4838500"></trkpt>
      <trkpt lat="41.6894400" lon="12.4851400"></trkpt>
      <trkpt lat="41.6894100" lon="12.4851800"></trkpt>
      <trkpt lat="41.6886300" lon="12.4862600"></trkpt>
      <trkpt lat="41.6884200" lon="12.4865400"></trkpt>
      <trkpt lat="41.6880300" lon="12.4870800"></trkpt>
      <trkpt lat="41.6879600" lon="12.4871700"></trkpt>
      <trkpt lat="41.6879100" lon="12.4872300"></trkpt>
      <trkpt lat="41.6875500" lon="12.4877200"></trkpt>
      <trkpt lat="41.6872900" lon="12.4880600"></trkpt>
      <trkpt lat="41.6862500" lon="12.4894800"></trkpt>
      <trkpt lat="41.6862100" lon="12.4895300"></trkpt>
      <trkpt lat="41.6861600" lon="12.4895900"></trkpt>
      <trkpt lat="41.6858700" lon="12.4899900"></trkpt>
      <trkpt lat="41.6857700" lon="12.4901300"></trkpt>
      <trkpt lat="41.6854900" lon="12.4905100"></trkpt>
      <trkpt lat="41.6852600" lon="12.4908200"></trkpt>
      <trkpt lat="41.6850900" lon="12.4910200"></trkpt>
      <trkpt lat="41.6849700" lon="12.4911700"></trkpt>
      <trkpt lat="41.6848900" lon="12.4912600"></trkpt>
      <trkpt lat="41.6848200" lon="12.4913300"></trkpt>
      <trkpt lat="41.6846800" lon="12.4914800"></trkpt>
      <trkpt lat="41.6846300" lon="12.4915200"></trkpt>
      <trkpt lat="41.6844900" lon="12.4916500"></trkpt>
      <trkpt lat="41.6842900" lon="12.4918300"></trkpt>
      <trkpt lat="41.6840100" lon="12.4920700"></trkpt>
      <trkpt lat="41.6835600" lon="12.4924600"></trkpt>
      <trkpt lat="41.6834400" lon="12.4925700"></trkpt>
      <trkpt lat="41.6832300" lon="12.4927400"></trkpt>
      <trkpt lat="41.6831700" lon="12.4928000"></trkpt>
      <trkpt lat="41.6828500" lon="12.4930700"></trkpt>
      <trkpt lat="41.6827300" lon="12.4931700"></trkpt>
      <trkpt lat="41.6825500" lon="12.4933200"></trkpt>
      <trkpt lat="41.6824700" lon="12.4933900"></trkpt>
      <trkpt lat="41.6824300" lon="12.4934300"></trkpt>
      <trkpt lat="41.6823100" lon="12.4935300"></trkpt>
      <trkpt lat="41.6820700" lon="12.4937400"></trkpt>
      <trkpt lat="41.6820000" lon="12.4937900"></trkpt>
      <trkpt lat="41.6819300" lon="12.4938500"></trkpt>
      <trkpt lat="41.6815200" lon="12.4942100"></trkpt>
      <trkpt lat="41.6813100" lon="12.4943900"></trkpt>
      <trkpt lat="41.6812700" lon="12.4944200"></trkpt>
      <trkpt lat="41.6812100" lon="12.4944800"></trkpt>
      <trkpt lat="41.6811500" lon="12.4945300"></trkpt>
      <trkpt lat="41.6810900" lon="12.4945800"></trkpt>
      <trkpt lat="41.6809800" lon="12.4946800"></trkpt>
      <trkpt lat="41.6808800" lon="12.4947600"></trkpt>
      <trkpt lat="41.6804000" lon="12.4951700"></trkpt>
      <trkpt lat="41.6802100" lon="12.4953400"></trkpt>
      <trkpt lat="41.6801800" lon="12.4953700"></trkpt>
      <trkpt lat="41.6799300" lon="12.4955800"></trkpt>
      <trkpt lat="41.6798700" lon="12.4956400"></trkpt>
      <trkpt lat="41.6797000" lon="12.4957900"></trkpt>
      <trkpt lat="41.6791700" lon="12.4962500"></trkpt>
      <trkpt lat="41.6789900" lon="12.4964000"></trkpt>
      <trkpt lat="41.6788200" lon="12.4965500"></trkpt>
      <trkpt lat="41.6786000" lon="12.4967700"></trkpt>
      <trkpt lat="41.6785200" lon="12.4968400"></trkpt>
      <trkpt lat="41.6784400" lon="12.4969300"></trkpt>
      <trkpt lat="41.6783200" lon="12.4970600"></trkpt>
      <trkpt lat="41.6782000" lon="12.4972000"></trkpt>
      <trkpt lat="41.6780600" lon="12.4973700"></trkpt>
      <trkpt lat="41.6779600" lon="12.4974900"></trkpt>
      <trkpt lat="41.6779100" lon="12.4975700"></trkpt>
      <trkpt lat="41.6778700" lon="12.4976200"></trkpt>
      <trkpt lat="41.6777800" lon="12.4977300"></trkpt>
      <trkpt lat="41.6776400" lon="12.4979200"></trkpt>
      <trkpt lat="41.6775000" lon="12.4981100"></trkpt>
      <trkpt lat="41.6773200" lon="12.4983500"></trkpt>
      <trkpt lat="41.6771800" lon="12.4985500"></trkpt>
      <trkpt lat="41.6770400" lon="12.4987400"></trkpt>
      <trkpt lat="41.6767700" lon="12.4991100"></trkpt>
      <trkpt lat="41.6766000" lon="12.4993500"></trkpt>
      <trkpt lat="41.6762700" lon="12.4997800"></trkpt>
      <trkpt lat="41.6760800" lon="12.5000400"></trkpt>
      <trkpt lat="41.6760200" lon="12.5001100"></trkpt>
      <trkpt lat="41.6757200" lon="12.5005100"></trkpt>
      <trkpt lat="41.6755800" lon="12.5007000"></trkpt>
      <trkpt lat="41.6755400" lon="12.5007500"></trkpt>
      <trkpt lat="41.6754600" lon="12.5008600"></trkpt>
      <trkpt lat="41.6753800" lon="12.5009800"></trkpt>
      <trkpt lat="41.6752800" lon="12.5011000"></trkpt>
      <trkpt lat="41.6752000" lon="12.5012200"></trkpt>
      <trkpt lat="41.6750700" lon="12.5013900"></trkpt>
      <trkpt lat="41.6741800" lon="12.5025600"></trkpt>
      <trkpt lat="41.6735500" lon="12.5033900"></trkpt>
      <trkpt lat="41.6734000" lon="12.5035900"></trkpt>
      <trkpt lat="41.6732900" lon="12.5037300"></trkpt>
      <trkpt lat="41.6732500" lon="12.5037800"></trkpt>
      <trkpt lat="41.6728900" lon="12.5042500"></trkpt>
      <trkpt lat="41.6726000" lon="12.5046200"></trkpt>
      <trkpt lat="41.6724500" lon="12.5048200"></trkpt>
      <trkpt lat="41.6714900" lon="12.5060100"></trkpt>
      <trkpt lat="41.6712300" lon="12.5063200"></trkpt>
      <trkpt lat="41.6709500" lon="12.5066600"></trkpt>
      <trkpt lat="41.6709400" lon="12.5066900"></trkpt>
      <trkpt lat="41.6709200" lon="12.5067000"></trkpt>
      <trkpt lat="41.6708000" lon="12.5068500"></trkpt>
      <trkpt lat="41.6703600" lon="12.5074100"></trkpt>
      <trkpt lat="41.6698500" lon="12.5080300"></trkpt>
      <trkpt lat="41.6692200" lon="12.5088400"></trkpt>
      <trkpt lat="41.6691500" lon="12.5089400"></trkpt>
      <trkpt lat="41.6690800" lon="12.5090400"></trkpt>
      <trkpt lat="41.6690700" lon="12.5090400"></trkpt>
      <trkpt lat="41.6690000" lon="12.5091500"></trkpt>
      <trkpt lat="41.6689300" lon="12.5092500"></trkpt>
      <trkpt lat="41.6689000" lon="12.5092800"></trkpt>
      <trkpt lat="41.6688800" lon="12.5092900"></trkpt>
      <trkpt lat="41.6684100" lon="12.5099800"></trkpt>
      <trkpt lat="41.6681400" lon="12.5103700"></trkpt>
      <trkpt lat="41.6679000" lon="12.5107200"></trkpt>
      <trkpt lat="41.6676800" lon="12.5110900"></trkpt>
      <trkpt lat="41.6676000" lon="12.5112200"></trkpt>
      <trkpt lat="41.6674700" lon="12.5114200"></trkpt>
      <trkpt lat="41.6674400" lon="12.5114700"></trkpt>
      <trkpt lat="41.6674100" lon="12.5115100"></trkpt>
      <trkpt lat="41.6673100" lon="12.5116800"></trkpt>
      <trkpt lat="41.6672300" lon="12.5118000"></trkpt>
      <trkpt lat="41.6670800" lon="12.5120500"></trkpt>
      <trkpt lat="41.6670600" lon="12.5120700"></trkpt>
      <trkpt lat="41.6668900" lon="12.5123200"></trkpt>
      <trkpt lat="41.6664700" lon="12.5129900"></trkpt>
      <trkpt lat="41.6662600" lon="12.5133200"></trkpt>
      <trkpt lat="41.6661900" lon="12.5134500"></trkpt>
      <trkpt lat="41.6659700" lon="12.5138000"></trkpt>
      <trkpt lat="41.6657100" lon="12.5142000"></trkpt>
      <trkpt lat="41.6651700" lon="12.5150600"></trkpt>
      <trkpt lat="41.6649600" lon="12.5154100"></trkpt>
      <trkpt lat="41.6649200" lon="12.5154700"></trkpt>
      <trkpt lat="41.6647500" lon="12.5157300"></trkpt>
      <trkpt lat="41.6645600" lon="12.5160300"></trkpt>
      <trkpt lat="41.6640500" lon="12.5168600"></trkpt>
      <trkpt lat="41.6639700" lon="12.5169800"></trkpt>
      <trkpt lat="41.6637800" lon="12.5172800"></trkpt>
      <trkpt lat="41.6635900" lon="12.5175900"></trkpt>
      <trkpt lat="41.6635600" lon="12.5176400"></trkpt>
      <trkpt lat="41.6635400" lon="12.5176600"></trkpt>
      <trkpt lat="41.6635100" lon="12.5177100"></trkpt>
      <trkpt lat="41.6634700" lon="12.5177700"></trkpt>
      <trkpt lat="41.6632400" lon="12.5181300"></trkpt>
      <trkpt lat="41.6630200" lon="12.5184800"></trkpt>
      <trkpt lat="41.6629400" lon="12.5186000"></trkpt>
      <trkpt lat="41.6627200" lon="12.5189400"></trkpt>
      <trkpt lat="41.6620000" lon="12.5200900"></trkpt>
      <trkpt lat="41.6613200" lon="12.5211700"></trkpt>
      <trkpt lat="41.6612500" lon="12.5212800"></trkpt>
      <trkpt lat="41.6612400" lon="12.5213000"></trkpt>
      <trkpt lat="41.6611900" lon="12.5213800"></trkpt>
      <trkpt lat="41.6609500" lon="12.5217600"></trkpt>
      <trkpt lat="41.6609000" lon="12.5218400"></trkpt>
      <trkpt lat="41.6608500" lon="12.5219100"></trkpt>
      <trkpt lat="41.6607800" lon="12.5220300"></trkpt>
      <trkpt lat="41.6606800" lon="12.5221600"></trkpt>
      <trkpt lat="41.6605500" lon="12.5223400"></trkpt>
      <trkpt lat="41.6605100" lon="12.5223800"></trkpt>
      <trkpt lat="41.6603800" lon="12.5225400"></trkpt>
      <trkpt lat="41.6603100" lon="12.5226200"></trkpt>
      <trkpt lat="41.6601900" lon="12.5227600"></trkpt>
      <trkpt lat="41.6601100" lon="12.5228600"></trkpt>
      <trkpt lat="41.6598400" lon="12.5231400"></trkpt>
      <trkpt lat="41.6596400" lon="12.5233400"></trkpt>
      <trkpt lat="41.6595200" lon="12.5234500"></trkpt>
      <trkpt lat="41.6594800" lon="12.5234900"></trkpt>
      <trkpt lat="41.6594700" lon="12.5235000"></trkpt>
      <trkpt lat="41.6592900" lon="12.5236500"></trkpt>
      <trkpt lat="41.6590500" lon="12.5238500"></trkpt>
      <trkpt lat="41.6588300" lon="12.5240000"></trkpt>
      <trkpt lat="41.6587100" lon="12.5241000"></trkpt>
      <trkpt lat="41.6585900" lon="12.5241800"></trkpt>
      <trkpt lat="41.6583300" lon="12.5243500"></trkpt>
      <trkpt lat="41.6582100" lon="12.5244400"></trkpt>
      <trkpt lat="41.6580500" lon="12.5245500"></trkpt>
      <trkpt lat="41.6579200" lon="12.5246300"></trkpt>
      <trkpt lat="41.6578400" lon="12.5246800"></trkpt>
      <trkpt lat="41.6575600" lon="12.5248700"></trkpt>
      <trkpt lat="41.6574800" lon="12.5249300"></trkpt>
      <trkpt lat="41.6571800" lon="12.5251400"></trkpt>
      <trkpt lat="41.6567600" lon="12.5254200"></trkpt>
      <trkpt lat="41.6561300" lon="12.5258600"></trkpt>
      <trkpt lat="41.6558200" lon="12.5260800"></trkpt>
      <trkpt lat="41.6554900" lon="12.5263100"></trkpt>
      <trkpt lat="41.6552800" lon="12.5264500"></trkpt>
      <trkpt lat="41.6551200" lon="12.5265700"></trkpt>
      <trkpt lat="41.6549500" lon="12.5266800"></trkpt>
      <trkpt lat="41.6545700" lon="12.5269500"></trkpt>
      <trkpt lat="41.6542700" lon="12.5271600"></trkpt>
      <trkpt lat="41.6538500" lon="12.5274500"></trkpt>
      <trkpt lat="41.6535400" lon="12.5276800"></trkpt>
      <trkpt lat="41.6532900" lon="12.5278400"></trkpt>
      <trkpt lat="41.6532100" lon="12.5279000"></trkpt>
      <trkpt lat="41.6532000" lon="12.5279100"></trkpt>
      <trkpt lat="41.6531100" lon="12.5279700"></trkpt>
      <trkpt lat="41.6524400" lon="12.5284300"></trkpt>
      <trkpt lat="41.6523900" lon="12.5284600"></trkpt>
      <trkpt lat="41.6521100" lon="12.5286600"></trkpt>
      <trkpt lat="41.6516100" lon="12.5290100"></trkpt>
      <trkpt lat="41.6513600" lon="12.5291900"></trkpt>
      <trkpt lat="41.6513100" lon="12.5292300"></trkpt>
      <trkpt lat="41.6508700" lon="12.5295500"></trkpt>
      <trkpt lat="41.6507400" lon="12.5296700"></trkpt>
      <trkpt lat="41.6505900" lon="12.5297800"></trkpt>
      <trkpt lat="41.6505000" lon="12.5298500"></trkpt>
      <trkpt lat="41.6503600" lon="12.5299800"></trkpt>
      <trkpt lat="41.6502500" lon="12.5300800"></trkpt>
      <trkpt lat="41.6501200" lon="12.5302200"></trkpt>
      <trkpt lat="41.6500000" lon="12.5303400"></trkpt>
      <trkpt lat="41.6499500" lon="12.5304000"></trkpt>
      <trkpt lat="41.6498700" lon="12.5304800"></trkpt>
      <trkpt lat="41.6497900" lon="12.5305800"></trkpt>
      <trkpt lat="41.6497200" lon="12.5306600"></trkpt>
      <trkpt lat="41.6496400" lon="12.5307600"></trkpt>
      <trkpt lat="41.6495400" lon="12.5309000"></trkpt>
      <trkpt lat="41.6494600" lon="12.5310100"></trkpt>
      <trkpt lat="41.6494600" lon="12.5310200"></trkpt>
      <trkpt lat="41.6492900" lon="12.5312500"></trkpt>
      <trkpt lat="41.6492200" lon="12.5313500"></trkpt>
      <trkpt lat="41.6491300" lon="12.5314900"></trkpt>
      <trkpt lat="41.6490000" lon="12.5316900"></trkpt>
      <trkpt lat="41.6489200" lon="12.5318100"></trkpt>
      <trkpt lat="41.6488500" lon="12.5319300"></trkpt>
      <trkpt lat="41.6487300" lon="12.5321500"></trkpt>
      <trkpt lat="41.6486700" lon="12.5322600"></trkpt>
      <trkpt lat="41.6486100" lon="12.5323700"></trkpt>
      <trkpt lat="41.6485300" lon="12.5325500"></trkpt>
      <trkpt lat="41.6484000" lon="12.5328200"></trkpt>
      <trkpt lat="41.6482500" lon="12.5331600"></trkpt>
      <trkpt lat="41.6481300" lon="12.5334600"></trkpt>
      <trkpt lat="41.6479400" lon="12.5339400"></trkpt>
      <trkpt lat="41.6477900" lon="12.5343500"></trkpt>
      <trkpt lat="41.6474500" lon="12.5352400"></trkpt>
      <trkpt lat="41.6472700" lon="12.5356800"></trkpt>
      <trkpt lat="41.6470900" lon="12.5361600"></trkpt>
      <trkpt lat="41.6470400" lon="12.5362900"></trkpt>
      <trkpt lat="41.6469800" lon="12.5364300"></trkpt>
      <trkpt lat="41.6467100" lon="12.5371300"></trkpt>
      <trkpt lat="41.6463400" lon="12.5380700"></trkpt>
      <trkpt lat="41.6460200" lon="12.5389100"></trkpt>
      <trkpt lat="41.6458900" lon="12.5392300"></trkpt>
      <trkpt lat="41.6457100" lon="12.5397100"></trkpt>
      <trkpt lat="41.6451800" lon="12.5410900"></trkpt>
      <trkpt lat="41.6448600" lon="12.5419000"></trkpt>
      <trkpt lat="41.6448600" lon="12.5419200"></trkpt>
      <trkpt lat="41.6446200" lon="12.5425100"></trkpt>
      <trkpt lat="41.6445000" lon="12.5428200"></trkpt>
      <trkpt lat="41.6442900" lon="12.5433800"></trkpt>
      <trkpt lat="41.6441000" lon="12.5438500"></trkpt>
      <trkpt lat="41.6439900" lon="12.5441100"></trkpt>
      <trkpt lat="41.6439600" lon="12.5441700"></trkpt>
      <trkpt lat="41.6438700" lon="12.5444100"></trkpt>
      <trkpt lat="41.6437600" lon="12.5446300"></trkpt>
      <trkpt lat="41.6435600" lon="12.5450900"></trkpt>
      <trkpt lat="41.6434100" lon="12.5454000"></trkpt>
      <trkpt lat="41.6433800" lon="12.5454800"></trkpt>
      <trkpt lat="41.6431000" lon="12.5460600"></trkpt>
      <trkpt lat="41.6430700" lon="12.5461300"></trkpt>
      <trkpt lat="41.6428900" lon="12.5464900"></trkpt>
      <trkpt lat="41.6427000" lon="12.5468900"></trkpt>
      <trkpt lat="41.6425100" lon="12.5473000"></trkpt>
      <trkpt lat="41.6424100" lon="12.5475000"></trkpt>
      <trkpt lat="41.6423100" lon="12.5477100"></trkpt>
      <trkpt lat="41.6422200" lon="12.5479100"></trkpt>
      <trkpt lat="41.6421200" lon="12.5481100"></trkpt>
      <trkpt lat="41.6418900" lon="12.5486000"></trkpt>
      <trkpt lat="41.6417900" lon="12.5488100"></trkpt>
      <trkpt lat="41.6416900" lon="12.5490300"></trkpt>
      <trkpt lat="41.6413500" lon="12.5497400"></trkpt>
      <trkpt lat="41.6413100" lon="12.5498200"></trkpt>
      <trkpt lat="41.6411600" lon="12.5501400"></trkpt>
      <trkpt lat="41.6410200" lon="12.5504300"></trkpt>
      <trkpt lat="41.6406300" lon="12.5512500"></trkpt>
      <trkpt lat="41.6406300" lon="12.5512600"></trkpt>
      <trkpt lat="41.6405500" lon="12.5514300"></trkpt>
      <trkpt lat="41.6402900" lon="12.5519700"></trkpt>
      <trkpt lat="41.6399100" lon="12.5527600"></trkpt>
      <trkpt lat="41.6398700" lon="12.5528500"></trkpt>
      <trkpt lat="41.6394900" lon="12.5536600"></trkpt>
      <trkpt lat="41.6393400" lon="12.5539800"></trkpt>
      <trkpt lat="41.6392400" lon="12.5541800"></trkpt>
      <trkpt lat="41.6391900" lon="12.5542900"></trkpt>
      <trkpt lat="41.6390900" lon="12.5545000"></trkpt>
      <trkpt lat="41.6388200" lon="12.5550600"></trkpt>
      <trkpt lat="41.6386400" lon="12.5554400"></trkpt>
      <trkpt lat="41.6385500" lon="12.5556200"></trkpt>
      <trkpt lat="41.6383600" lon="12.5560400"></trkpt>
      <trkpt lat="41.6382100" lon="12.5563600"></trkpt>
      <trkpt lat="41.6381300" lon="12.5565200"></trkpt>
      <trkpt lat="41.6380000" lon="12.5568000"></trkpt>
      <trkpt lat="41.6377300" lon="12.5573700"></trkpt>
      <trkpt lat="41.6376800" lon="12.5574700"></trkpt>
      <trkpt lat="41.6376600" lon="12.5575200"></trkpt>
      <trkpt lat="41.6375400" lon="12.5577700"></trkpt>
      <trkpt lat="41.6373700" lon="12.5581100"></trkpt>
      <trkpt lat="41.6371400" lon="12.5586000"></trkpt>
      <trkpt lat="41.6370800" lon="12.5587300"></trkpt>
      <trkpt lat="41.6369900" lon="12.5589300"></trkpt>
      <trkpt lat="41.6369700" lon="12.5589800"></trkpt>
      <trkpt lat="41.6366600" lon="12.5596200"></trkpt>
      <trkpt lat="41.6364900" lon="12.5599900"></trkpt>
      <trkpt lat="41.6364500" lon="12.5600700"></trkpt>
      <trkpt lat="41.6364200" lon="12.5601600"></trkpt>
      <trkpt lat="41.6363900" lon="12.5602300"></trkpt>
      <trkpt lat="41.6363000" lon="12.5604200"></trkpt>
      <trkpt lat="41.6361600" lon="12.5607100"></trkpt>
      <trkpt lat="41.6360700" lon="12.5609000"></trkpt>
      <trkpt lat="41.6359500" lon="12.5611400"></trkpt>
      <trkpt lat="41.6359300" lon="12.5611800"></trkpt>
      <trkpt lat="41.6359000" lon="12.5612400"></trkpt>
      <trkpt lat="41.6358100" lon="12.5614300"></trkpt>
      <trkpt lat="41.6355900" lon="12.5618800"></trkpt>
      <trkpt lat="41.6355500" lon="12.5619500"></trkpt>
      <trkpt lat="41.6353800" lon="12.5623100"></trkpt>
      <trkpt lat="41.6353600" lon="12.5623500"></trkpt>
      <trkpt lat="41.6352900" lon="12.5625100"></trkpt>
      <trkpt lat="41.6351900" lon="12.5627200"></trkpt>
      <trkpt lat="41.6351500" lon="12.5628100"></trkpt>
      <trkpt lat="41.6350900" lon="12.5629200"></trkpt>
      <trkpt lat="41.6349900" lon="12.5631500"></trkpt>
      <trkpt lat="41.6349000" lon="12.5633400"></trkpt>
      <trkpt lat="41.6347100" lon="12.5637300"></trkpt>
      <trkpt lat="41.6347000" lon="12.5637500"></trkpt>
      <trkpt lat="41.6344900" lon="12.5642000"></trkpt>
      <trkpt lat="41.6343300" lon="12.5645400"></trkpt>
      <trkpt lat="41.6343300" lon="12.5645500"></trkpt>
      <trkpt lat="41.6343000" lon="12.5646100"></trkpt>
      <trkpt lat="41.6342300" lon="12.5647300"></trkpt>
      <trkpt lat="41.6340200" lon="12.5651800"></trkpt>
      <trkpt lat="41.6337500" lon="12.5657600"></trkpt>
      <trkpt lat="41.6337400" lon="12.5657700"></trkpt>
      <trkpt lat="41.6337200" lon="12.5658300"></trkpt>
      <trkpt lat="41.6336900" lon="12.5658900"></trkpt>
      <trkpt lat="41.6336500" lon="12.5659600"></trkpt>
      <trkpt lat="41.6336400" lon="12.5659900"></trkpt>
      <trkpt lat="41.6335300" lon="12.5662100"></trkpt>
      <trkpt lat="41.6333400" lon="12.5666000"></trkpt>
      <trkpt lat="41.6332500" lon="12.5667700"></trkpt>
      <trkpt lat="41.6331800" lon="12.5669100"></trkpt>
      <trkpt lat="41.6330200" lon="12.5672100"></trkpt>
      <trkpt lat="41.6328400" lon="12.5675200"></trkpt>
      <trkpt lat="41.6328000" lon="12.5675800"></trkpt>
      <trkpt lat="41.6327000" lon="12.5677300"></trkpt>
      <trkpt lat="41.6325800" lon="12.5679200"></trkpt>
      <trkpt lat="41.6324100" lon="12.5681500"></trkpt>
      <trkpt lat="41.6323000" lon="12.5683100"></trkpt>
      <trkpt lat="41.6322200" lon="12.5684200"></trkpt>
      <trkpt lat="41.6321000" lon="12.5685700"></trkpt>
      <trkpt lat="41.6319500" lon="12.5687600"></trkpt>
      <trkpt lat="41.6317200" lon="12.5690300"></trkpt>
      <trkpt lat="41.6316000" lon="12.5691700"></trkpt>
      <trkpt lat="41.6313500" lon="12.5694800"></trkpt>
      <trkpt lat="41.6311200" lon="12.5697600"></trkpt>
      <trkpt lat="41.6310100" lon="12.5698900"></trkpt>
      <trkpt lat="41.6309300" lon="12.5699800"></trkpt>
      <trkpt lat="41.6308800" lon="12.5700400"></trkpt>
      <trkpt lat="41.6305000" lon="12.5704900"></trkpt>
      <trkpt lat="41.6304800" lon="12.5705100"></trkpt>
      <trkpt lat="41.6303500" lon="12.5706700"></trkpt>
      <trkpt lat="41.6302300" lon="12.5708100"></trkpt>
      <trkpt lat="41.6300800" lon="12.5709900"></trkpt>
      <trkpt lat="41.6299500" lon="12.5711600"></trkpt>
      <trkpt lat="41.6298200" lon="12.5713300"></trkpt>
      <trkpt lat="41.6297600" lon="12.5714100"></trkpt>
      <trkpt lat="41.6297000" lon="12.5714900"></trkpt>
      <trkpt lat="41.6295600" lon="12.5716800"></trkpt>
      <trkpt lat="41.6293900" lon="12.5719300"></trkpt>
      <trkpt lat="41.6293000" lon="12.5720700"></trkpt>
      <trkpt lat="41.6291400" lon="12.5723200"></trkpt>
      <trkpt lat="41.6290900" lon="12.5724000"></trkpt>
      <trkpt lat="41.6289800" lon="12.5725600"></trkpt>
      <trkpt lat="41.6289700" lon="12.5725800"></trkpt>
      <trkpt lat="41.6287500" lon="12.5729200"></trkpt>
      <trkpt lat="41.6285200" lon="12.5732800"></trkpt>
      <trkpt lat="41.6285000" lon="12.5733100"></trkpt>
      <trkpt lat="41.6284600" lon="12.5733900"></trkpt>
      <trkpt lat="41.6284000" lon="12.5734900"></trkpt>
      <trkpt lat="41.6282300" lon="12.5737500"></trkpt>
      <trkpt lat="41.6280800" lon="12.5739900"></trkpt>
      <trkpt lat="41.6279700" lon="12.5741600"></trkpt>
      <trkpt lat="41.6275000" lon="12.5749000"></trkpt>
      <trkpt lat="41.6270100" lon="12.5756600"></trkpt>
      <trkpt lat="41.6270000" lon="12.5756600"></trkpt>
      <trkpt lat="41.6266500" lon="12.5762100"></trkpt>
      <trkpt lat="41.6264700" lon="12.5764900"></trkpt>
      <trkpt lat="41.6262800" lon="12.5767900"></trkpt>
      <trkpt lat="41.6262500" lon="12.5768400"></trkpt>
      <trkpt lat="41.6259300" lon="12.5773400"></trkpt>
      <trkpt lat="41.6257500" lon="12.5776200"></trkpt>
      <trkpt lat="41.6256700" lon="12.5777300"></trkpt>
      <trkpt lat="41.6255800" lon="12.5778700"></trkpt>
      <trkpt lat="41.6254800" lon="12.5780100"></trkpt>
      <trkpt lat="41.6254000" lon="12.5781400"></trkpt>
      <trkpt lat="41.6253600" lon="12.5782000"></trkpt>
      <trkpt lat="41.6252800" lon="12.5783200"></trkpt>
      <trkpt lat="41.6251900" lon="12.5784600"></trkpt>
      <trkpt lat="41.6249600" lon="12.5787700"></trkpt>
      <trkpt lat="41.6248400" lon="12.5789300"></trkpt>
      <trkpt lat="41.6247600" lon="12.5790300"></trkpt>
      <trkpt lat="41.6245800" lon="12.5792600"></trkpt>
      <trkpt lat="41.6244100" lon="12.5794700"></trkpt>
      <trkpt lat="41.6244000" lon="12.5794800"></trkpt>
      <trkpt lat="41.6241700" lon="12.5797500"></trkpt>
      <trkpt lat="41.6239800" lon="12.5799700"></trkpt>
      <trkpt lat="41.6237700" lon="12.5802100"></trkpt>
      <trkpt lat="41.6237300" lon="12.5802500"></trkpt>
      <trkpt lat="41.6235600" lon="12.5804400"></trkpt>
      <trkpt lat="41.6233600" lon="12.5806500"></trkpt>
      <trkpt lat="41.6232300" lon="12.5807800"></trkpt>
      <trkpt lat="41.6230900" lon="12.5809100"></trkpt>
      <trkpt lat="41.6229100" lon="12.5810800"></trkpt>
      <trkpt lat="41.6227400" lon="12.5812400"></trkpt>
      <trkpt lat="41.6227000" lon="12.5812800"></trkpt>
      <trkpt lat="41.6224700" lon="12.5815000"></trkpt>
      <trkpt lat="41.6224500" lon="12.5815200"></trkpt>
      <trkpt lat="41.6224100" lon="12.5815500"></trkpt>
      <trkpt lat="41.6223100" lon="12.5816400"></trkpt>
      <trkpt lat="41.6216700" lon="12.5822200"></trkpt>
      <trkpt lat="41.6216400" lon="12.5822400"></trkpt>
      <trkpt lat="41.6215800" lon="12.5823000"></trkpt>
      <trkpt lat="41.6215300" lon="12.5823400"></trkpt>
      <trkpt lat="41.6213700" lon="12.5824700"></trkpt>
      <trkpt lat="41.6213400" lon="12.5825000"></trkpt>
      <trkpt lat="41.6211200" lon="12.5826900"></trkpt>
      <trkpt lat="41.6208200" lon="12.5829600"></trkpt>
      <trkpt lat="41.6207500" lon="12.5830200"></trkpt>
      <trkpt lat="41.6207300" lon="12.5830400"></trkpt>
      <trkpt lat="41.6205600" lon="12.5832000"></trkpt>
      <trkpt lat="41.6205200" lon="12.5832400"></trkpt>
      <trkpt lat="41.6204700" lon="12.5832900"></trkpt>
      <trkpt lat="41.6201300" lon="12.5836700"></trkpt>
      <trkpt lat="41.6200200" lon="12.5838400"></trkpt>
      <trkpt lat="41.6199200" lon="12.5839700"></trkpt>
      <trkpt lat="41.6198700" lon="12.5840400"></trkpt>
      <trkpt lat="41.6198200" lon="12.5841200"></trkpt>
      <trkpt lat="41.6197600" lon="12.5842300"></trkpt>
      <trkpt lat="41.6197000" lon="12.5843200"></trkpt>
      <trkpt lat="41.6196800" lon="12.5843400"></trkpt>
      <trkpt lat="41.6196300" lon="12.5844300"></trkpt>
      <trkpt lat="41.6195600" lon="12.5845600"></trkpt>
      <trkpt lat="41.6194800" lon="12.5847200"></trkpt>
      <trkpt lat="41.6194200" lon="12.5848300"></trkpt>
      <trkpt lat="41.6193600" lon="12.5849700"></trkpt>
      <trkpt lat="41.6192800" lon="12.5851500"></trkpt>
      <trkpt lat="41.6192000" lon="12.5853700"></trkpt>
      <trkpt lat="41.6191800" lon="12.5854300"></trkpt>
      <trkpt lat="41.6191200" lon="12.5856000"></trkpt>
      <trkpt lat="41.6189000" lon="12.5863200"></trkpt>
      <trkpt lat="41.6188000" lon="12.5866400"></trkpt>
      <trkpt lat="41.6186900" lon="12.5870100"></trkpt>
      <trkpt lat="41.6185000" lon="12.5875900"></trkpt>
      <trkpt lat="41.6183500" lon="12.5880800"></trkpt>
      <trkpt lat="41.6182600" lon="12.5883400"></trkpt>
      <trkpt lat="41.6181400" lon="12.5887500"></trkpt>
      <trkpt lat="41.6181200" lon="12.5888000"></trkpt>
      <trkpt lat="41.6179600" lon="12.5892800"></trkpt>
      <trkpt lat="41.6179000" lon="12.5894500"></trkpt>
      <trkpt lat="41.6178900" lon="12.5894800"></trkpt>
      <trkpt lat="41.6178800" lon="12.5895000"></trkpt>
      <trkpt lat="41.6178000" lon="12.5896900"></trkpt>
      <trkpt lat="41.6177000" lon="12.5899300"></trkpt>
      <trkpt lat="41.6176300" lon="12.5900800"></trkpt>
      <trkpt lat="41.6175300" lon="12.5902700"></trkpt>
      <trkpt lat="41.6173900" lon="12.5905000"></trkpt>
      <trkpt lat="41.6173300" lon="12.5906000"></trkpt>
      <trkpt lat="41.6171900" lon="12.5908300"></trkpt>
      <trkpt lat="41.6170400" lon="12.5910400"></trkpt>
      <trkpt lat="41.6169300" lon="12.5911800"></trkpt>
      <trkpt lat="41.6169300" lon="12.5911900"></trkpt>
      <trkpt lat="41.6168800" lon="12.5912400"></trkpt>
      <trkpt lat="41.6168600" lon="12.5912800"></trkpt>
      <trkpt lat="41.6167800" lon="12.5913600"></trkpt>
      <trkpt lat="41.6167500" lon="12.5914100"></trkpt>
      <trkpt lat="41.6165900" lon="12.5915700"></trkpt>
      <trkpt lat="41.6164500" lon="12.5917100"></trkpt>
      <trkpt lat="41.6162600" lon="12.5918800"></trkpt>
      <trkpt lat="41.6159300" lon="12.5921500"></trkpt>
      <trkpt lat="41.6158400" lon="12.5922200"></trkpt>
      <trkpt lat="41.6158000" lon="12.5922500"></trkpt>
      <trkpt lat="41.6155500" lon="12.5924300"></trkpt>
      <trkpt lat="41.6154500" lon="12.5925100"></trkpt>
      <trkpt lat="41.6150700" lon="12.5928000"></trkpt>
      <trkpt lat="41.6148400" lon="12.5929800"></trkpt>
      <trkpt lat="41.6147600" lon="12.5930500"></trkpt>
      <trkpt lat="41.6146900" lon="12.5931000"></trkpt>
      <trkpt lat="41.6144500" lon="12.5932700"></trkpt>
      <trkpt lat="41.6143500" lon="12.5933500"></trkpt>
      <trkpt lat="41.6143200" lon="12.5933700"></trkpt>
      <trkpt lat="41.6141100" lon="12.5935300"></trkpt>
      <trkpt lat="41.6138900" lon="12.5937200"></trkpt>
      <trkpt lat="41.6138600" lon="12.5937500"></trkpt>
      <trkpt lat="41.6136900" lon="12.5939100"></trkpt>
      <trkpt lat="41.6135100" lon="12.5940900"></trkpt>
      <trkpt lat="41.6134000" lon="12.5942200"></trkpt>
      <trkpt lat="41.6132300" lon="12.5944200"></trkpt>
      <trkpt lat="41.6131000" lon="12.5946000"></trkpt>
      <trkpt lat="41.6130600" lon="12.5946500"></trkpt>
      <trkpt lat="41.6130400" lon="12.5946900"></trkpt>
      <trkpt lat="41.6129500" lon="12.5948200"></trkpt>
      <trkpt lat="41.6128600" lon="12.5949500"></trkpt>
      <trkpt lat="41.6128000" lon="12.5950600"></trkpt>
      <trkpt lat="41.6127400" lon="12.5951500"></trkpt>
      <trkpt lat="41.6127000" lon="12.5952100"></trkpt>
      <trkpt lat="41.6126800" lon="12.5952500"></trkpt>
      <trkpt lat="41.6125400" lon="12.5955200"></trkpt>
      <trkpt lat="41.6124200" lon="12.5957700"></trkpt>
      <trkpt lat="41.6123900" lon="12.5958300"></trkpt>
      <trkpt lat="41.6123500" lon="12.5959400"></trkpt>
      <trkpt lat="41.6123100" lon="12.5960300"></trkpt>
      <trkpt lat="41.6122800" lon="12.5961000"></trkpt>
      <trkpt lat="41.6121700" lon="12.5963900"></trkpt>
      <trkpt lat="41.6121500" lon="12.5964600"></trkpt>
      <trkpt lat="41.6120800" lon="12.5966500"></trkpt>
      <trkpt lat="41.6120300" lon="12.5968100"></trkpt>
      <trkpt lat="41.6119900" lon="12.5969400"></trkpt>
      <trkpt lat="41.6119400" lon="12.5971300"></trkpt>
      <trkpt lat="41.6119000" lon="12.5973400"></trkpt>
      <trkpt lat="41.6118600" lon="12.5975100"></trkpt>
      <trkpt lat="41.6118500" lon="12.5975600"></trkpt>
      <trkpt lat="41.6118300" lon="12.5977000"></trkpt>
      <trkpt lat="41.6118200" lon="12.5977400"></trkpt>
      <trkpt lat="41.6117500" lon="12.5980900"></trkpt>
      <trkpt lat="41.6116900" lon="12.5984600"></trkpt>
      <trkpt lat="41.6116600" lon="12.5986300"></trkpt>
      <trkpt lat="41.6116500" lon="12.5986800"></trkpt>
      <trkpt lat="41.6116200" lon="12.5988500"></trkpt>
      <trkpt lat="41.6116000" lon="12.5989600"></trkpt>
      <trkpt lat="41.6115500" lon="12.5991900"></trkpt>
      <trkpt lat="41.6115000" lon="12.5993900"></trkpt>
      <trkpt lat="41.6115000" lon="12.5994100"></trkpt>
      <trkpt lat="41.6114600" lon="12.5995800"></trkpt>
      <trkpt lat="41.6114200" lon="12.5997000"></trkpt>
      <trkpt lat="41.6113700" lon="12.5998700"></trkpt>
      <trkpt lat="41.6112700" lon="12.6001500"></trkpt>
      <trkpt lat="41.6111900" lon="12.6003800"></trkpt>
      <trkpt lat="41.6111600" lon="12.6004300"></trkpt>
      <trkpt lat="41.6111100" lon="12.6005600"></trkpt>
      <trkpt lat="41.6110300" lon="12.6007100"></trkpt>
      <trkpt lat="41.6109600" lon="12.6008700"></trkpt>
      <trkpt lat="41.6108800" lon="12.6010200"></trkpt>
      <trkpt lat="41.6107700" lon="12.6012300"></trkpt>
      <trkpt lat="41.6107000" lon="12.6013300"></trkpt>
      <trkpt lat="41.6106400" lon="12.6014300"></trkpt>
      <trkpt lat="41.6106100" lon="12.6014700"></trkpt>
      <trkpt lat="41.6105800" lon="12.6015300"></trkpt>
      <trkpt lat="41.6105000" lon="12.6016400"></trkpt>
      <trkpt lat="41.6103700" lon="12.6018200"></trkpt>
      <trkpt lat="41.6102900" lon="12.6019200"></trkpt>
      <trkpt lat="41.6102200" lon="12.6020000"></trkpt>
      <trkpt lat="41.6101600" lon="12.6020700"></trkpt>
      <trkpt lat="41.6100100" lon="12.6022400"></trkpt>
      <trkpt lat="41.6098300" lon="12.6024300"></trkpt>
      <trkpt lat="41.6097300" lon="12.6025200"></trkpt>
      <trkpt lat="41.6095700" lon="12.6026600"></trkpt>
      <trkpt lat="41.6093100" lon="12.6028600"></trkpt>
      <trkpt lat="41.6090400" lon="12.6030800"></trkpt>
      <trkpt lat="41.6090000" lon="12.6031100"></trkpt>
      <trkpt lat="41.6088500" lon="12.6032300"></trkpt>
      <trkpt lat="41.6087100" lon="12.6033400"></trkpt>
      <trkpt lat="41.6084300" lon="12.6035600"></trkpt>
      <trkpt lat="41.6083800" lon="12.6036000"></trkpt>
      <trkpt lat="41.6080300" lon="12.6038700"></trkpt>
      <trkpt lat="41.6078100" lon="12.6040500"></trkpt>
      <trkpt lat="41.6077600" lon="12.6040900"></trkpt>
      <trkpt lat="41.6074700" lon="12.6043200"></trkpt>
      <trkpt lat="41.6073100" lon="12.6044400"></trkpt>
      <trkpt lat="41.6069700" lon="12.6047100"></trkpt>
      <trkpt lat="41.6069200" lon="12.6047400"></trkpt>
      <trkpt lat="41.6066300" lon="12.6049700"></trkpt>
      <trkpt lat="41.6064700" lon="12.6051000"></trkpt>
      <trkpt lat="41.6063000" lon="12.6052500"></trkpt>
      <trkpt lat="41.6061600" lon="12.6053800"></trkpt>
      <trkpt lat="41.6060100" lon="12.6055300"></trkpt>
      <trkpt lat="41.6059400" lon="12.6056000"></trkpt>
      <trkpt lat="41.6058200" lon="12.6057300"></trkpt>
      <trkpt lat="41.6057400" lon="12.6058200"></trkpt>
      <trkpt lat="41.6054700" lon="12.6061600"></trkpt>
      <trkpt lat="41.6052900" lon="12.6064100"></trkpt>
      <trkpt lat="41.6051700" lon="12.6066000"></trkpt>
      <trkpt lat="41.6051000" lon="12.6067100"></trkpt>
      <trkpt lat="41.6048900" lon="12.6070800"></trkpt>
      <trkpt lat="41.6046900" lon="12.6074300"></trkpt>
      <trkpt lat="41.6043000" lon="12.6081100"></trkpt>
      <trkpt lat="41.6040900" lon="12.6084400"></trkpt>
      <trkpt lat="41.6040300" lon="12.6085400"></trkpt>
      <trkpt lat="41.6039400" lon="12.6086900"></trkpt>
      <trkpt lat="41.6037000" lon="12.6091000"></trkpt>
      <trkpt lat="41.6036200" lon="12.6092300"></trkpt>
      <trkpt lat="41.6035500" lon="12.6093500"></trkpt>
      <trkpt lat="41.6033400" lon="12.6097100"></trkpt>
      <trkpt lat="41.6030400" lon="12.6102200"></trkpt>
      <trkpt lat="41.6029400" lon="12.6103800"></trkpt>
      <trkpt lat="41.6027800" lon="12.6106500"></trkpt>
      <trkpt lat="41.6026200" lon="12.6109300"></trkpt>
      <trkpt lat="41.6025900" lon="12.6109800"></trkpt>
      <trkpt lat="41.6025100" lon="12.6111200"></trkpt>
      <trkpt lat="41.6022600" lon="12.6115400"></trkpt>
      <trkpt lat="41.6018400" lon="12.6122600"></trkpt>
      <trkpt lat="41.6017800" lon="12.6123700"></trkpt>
      <trkpt lat="41.6015200" lon="12.6128300"></trkpt>
      <trkpt lat="41.6011200" lon="12.6135000"></trkpt>
      <trkpt lat="41.6010500" lon="12.6136200"></trkpt>
      <trkpt lat="41.6008400" lon="12.6139900"></trkpt>
      <trkpt lat="41.6005300" lon="12.6145200"></trkpt>
      <trkpt lat="41.6004800" lon="12.6146200"></trkpt>
      <trkpt lat="41.6003400" lon="12.6148800"></trkpt>
      <trkpt lat="41.6001900" lon="12.6151900"></trkpt>
      <trkpt lat="41.6000800" lon="12.6154400"></trkpt>
      <trkpt lat="41.6000100" lon="12.6156300"></trkpt>
      <trkpt lat="41.5998500" lon="12.6160400"></trkpt>
      <trkpt lat="41.5997600" lon="12.6162900"></trkpt>
      <trkpt lat="41.5996900" lon="12.6165000"></trkpt>
      <trkpt lat="41.5996300" lon="12.6167200"></trkpt>
      <trkpt lat="41.5996100" lon="12.6167800"></trkpt>
      <trkpt lat="41.5995200" lon="12.6171100"></trkpt>
      <trkpt lat="41.5994300" lon="12.6174600"></trkpt>
      <trkpt lat="41.5993200" lon="12.6178800"></trkpt>
      <trkpt lat="41.5992900" lon="12.6179900"></trkpt>
      <trkpt lat="41.5992100" lon="12.6183000"></trkpt>
      <trkpt lat="41.5992000" lon="12.6183700"></trkpt>
      <trkpt lat="41.5989300" lon="12.6194400"></trkpt>
      <trkpt lat="41.5988900" lon="12.6195900"></trkpt>
      <trkpt lat="41.5988100" lon="12.6198400"></trkpt>
      <trkpt lat="41.5987600" lon="12.6200100"></trkpt>
      <trkpt lat="41.5987400" lon="12.6200700"></trkpt>
      <trkpt lat="41.5986900" lon="12.6202500"></trkpt>
      <trkpt lat="41.5986300" lon="12.6204000"></trkpt>
      <trkpt lat="41.5985300" lon="12.6207000"></trkpt>
      <trkpt lat="41.5984700" lon="12.6208300"></trkpt>
      <trkpt lat="41.5984000" lon="12.6210100"></trkpt>
      <trkpt lat="41.5983200" lon="12.6211800"></trkpt>
      <trkpt lat="41.5982700" lon="12.6212900"></trkpt>
      <trkpt lat="41.5981700" lon="12.6215000"></trkpt>
      <trkpt lat="41.5980500" lon="12.6217400"></trkpt>
      <trkpt lat="41.5979400" lon="12.6219600"></trkpt>
      <trkpt lat="41.5978100" lon="12.6221900"></trkpt>
      <trkpt lat="41.5976400" lon="12.6224700"></trkpt>
      <trkpt lat="41.5970100" lon="12.6235300"></trkpt>
      <trkpt lat="41.5969000" lon="12.6237000"></trkpt>
      <trkpt lat="41.5967500" lon="12.6239400"></trkpt>
      <trkpt lat="41.5965400" lon="12.6242700"></trkpt>
      <trkpt lat="41.5965100" lon="12.6243100"></trkpt>
      <trkpt lat="41.5964500" lon="12.6244300"></trkpt>
      <trkpt lat="41.5963000" lon="12.6247000"></trkpt>
      <trkpt lat="41.5962800" lon="12.6247400"></trkpt>
      <trkpt lat="41.5960700" lon="12.6251100"></trkpt>
      <trkpt lat="41.5958600" lon="12.6254900"></trkpt>
      <trkpt lat="41.5956000" lon="12.6260300"></trkpt>
      <trkpt lat="41.5955200" lon="12.6262200"></trkpt>
      <trkpt lat="41.5953900" lon="12.6265200"></trkpt>
      <trkpt lat="41.5948000" lon="12.6279900"></trkpt>
      <trkpt lat="41.5946500" lon="12.6283700"></trkpt>
      <trkpt lat="41.5945600" lon="12.6285800"></trkpt>
      <trkpt lat="41.5942600" lon="12.6293100"></trkpt>
      <trkpt lat="41.5938800" lon="12.6302500"></trkpt>
      <trkpt lat="41.5934800" lon="12.6312400"></trkpt>
      <trkpt lat="41.5934600" lon="12.6313100"></trkpt>
      <trkpt lat="41.5934100" lon="12.6314300"></trkpt>
      <trkpt lat="41.5933300" lon="12.6316200"></trkpt>
      <trkpt lat="41.5932700" lon="12.6317600"></trkpt>
      <trkpt lat="41.5930000" lon="12.6324600"></trkpt>
      <trkpt lat="41.5929700" lon="12.6325200"></trkpt>
      <trkpt lat="41.5924600" lon="12.6337900"></trkpt>
      <trkpt lat="41.5924300" lon="12.6338600"></trkpt>
      <trkpt lat="41.5922200" lon="12.6343800"></trkpt>
      <trkpt lat="41.5921700" lon="12.6345000"></trkpt>
      <trkpt lat="41.5921600" lon="12.6345400"></trkpt>
      <trkpt lat="41.5921300" lon="12.6346100"></trkpt>
      <trkpt lat="41.5920700" lon="12.6347500"></trkpt>
      <trkpt lat="41.5918700" lon="12.6352500"></trkpt>
      <trkpt lat="41.5917400" lon="12.6355700"></trkpt>
      <trkpt lat="41.5915800" lon="12.6359600"></trkpt>
      <trkpt lat="41.5915800" lon="12.6359700"></trkpt>
      <trkpt lat="41.5914600" lon="12.6362100"></trkpt>
      <trkpt lat="41.5914200" lon="12.6363200"></trkpt>
      <trkpt lat="41.5912800" lon="12.6365900"></trkpt>
      <trkpt lat="41.5911600" lon="12.6368500"></trkpt>
      <trkpt lat="41.5911100" lon="12.6369300"></trkpt>
      <trkpt lat="41.5910800" lon="12.6370000"></trkpt>
      <trkpt lat="41.5910600" lon="12.6370400"></trkpt>
      <trkpt lat="41.5910500" lon="12.6370500"></trkpt>
      <trkpt lat="41.5906800" lon="12.6376400"></trkpt>
      <trkpt lat="41.5906700" lon="12.6376500"></trkpt>
      <trkpt lat="41.5903300" lon="12.6381700"></trkpt>
      <trkpt lat="41.5902500" lon="12.6382700"></trkpt>
      <trkpt lat="41.5902400" lon="12.6382900"></trkpt>
      <trkpt lat="41.5901800" lon="12.6383700"></trkpt>
      <trkpt lat="41.5901200" lon="12.6384500"></trkpt>
      <trkpt lat="41.5900800" lon="12.6385100"></trkpt>
      <trkpt lat="41.5900600" lon="12.6385500"></trkpt>
      <trkpt lat="41.5898900" lon="12.6388200"></trkpt>
      <trkpt lat="41.5898000" lon="12.6389600"></trkpt>
      <trkpt lat="41.5897100" lon="12.6390900"></trkpt>
      <trkpt lat="41.5896400" lon="12.6391900"></trkpt>
      <trkpt lat="41.5896200" lon="12.6392300"></trkpt>
      <trkpt lat="41.5895000" lon="12.6393800"></trkpt>
      <trkpt lat="41.5894500" lon="12.6395000"></trkpt>
      <trkpt lat="41.5893800" lon="12.6396000"></trkpt>
      <trkpt lat="41.5891900" lon="12.6398900"></trkpt>
      <trkpt lat="41.5891300" lon="12.6399800"></trkpt>
      <trkpt lat="41.5890400" lon="12.6401100"></trkpt>
      <trkpt lat="41.5885900" lon="12.6407900"></trkpt>
      <trkpt lat="41.5884700" lon="12.6409700"></trkpt>
      <trkpt lat="41.5882300" lon="12.6413300"></trkpt>
      <trkpt lat="41.5880800" lon="12.6415600"></trkpt>
      <trkpt lat="41.5879900" lon="12.6416900"></trkpt>
      <trkpt lat="41.5877400" lon="12.6420600"></trkpt>
      <trkpt lat="41.5874600" lon="12.6424800"></trkpt>
      <trkpt lat="41.5871600" lon="12.6429200"></trkpt>
      <trkpt lat="41.5869900" lon="12.6431600"></trkpt>
      <trkpt lat="41.5868700" lon="12.6433300"></trkpt>
      <trkpt lat="41.5868100" lon="12.6434200"></trkpt>
      <trkpt lat="41.5866900" lon="12.6436100"></trkpt>
      <trkpt lat="41.5865700" lon="12.6437900"></trkpt>
      <trkpt lat="41.5864900" lon="12.6439000"></trkpt>
      <trkpt lat="41.5863900" lon="12.6440400"></trkpt>
      <trkpt lat="41.5863000" lon="12.6441600"></trkpt>
      <trkpt lat="41.5861700" lon="12.6443500"></trkpt>
      <trkpt lat="41.5860500" lon="12.6445000"></trkpt>
      <trkpt lat="41.5859900" lon="12.6445700"></trkpt>
      <trkpt lat="41.5859400" lon="12.6446400"></trkpt>
      <trkpt lat="41.5858900" lon="12.6447000"></trkpt>
      <trkpt lat="41.5858400" lon="12.6447500"></trkpt>
      <trkpt lat="41.5857900" lon="12.6448200"></trkpt>
      <trkpt lat="41.5857400" lon="12.6448700"></trkpt>
      <trkpt lat="41.5857300" lon="12.6448800"></trkpt>
      <trkpt lat="41.5856900" lon="12.6449300"></trkpt>
      <trkpt lat="41.5856400" lon="12.6449800"></trkpt>
      <trkpt lat="41.5854900" lon="12.6451500"></trkpt>
      <trkpt lat="41.5851700" lon="12.6455000"></trkpt>
      <trkpt lat="41.5850000" lon="12.6456800"></trkpt>
      <trkpt lat="41.5849200" lon="12.6457700"></trkpt>
      <trkpt lat="41.5848000" lon="12.6459000"></trkpt>
      <trkpt lat="41.5847400" lon="12.6459700"></trkpt>
      <trkpt lat="41.5844500" lon="12.6463000"></trkpt>
      <trkpt lat="41.5842800" lon="12.6464800"></trkpt>
      <trkpt lat="41.5839800" lon="12.6468100"></trkpt>
      <trkpt lat="41.5838400" lon="12.6469600"></trkpt>
      <trkpt lat="41.5833400" lon="12.6475100"></trkpt>
      <trkpt lat="41.5831000" lon="12.6477800"></trkpt>
      <trkpt lat="41.5829300" lon="12.6479600"></trkpt>
      <trkpt lat="41.5826900" lon="12.6482200"></trkpt>
      <trkpt lat="41.5825400" lon="12.6483900"></trkpt>
      <trkpt lat="41.5823600" lon="12.6485800"></trkpt>
      <trkpt lat="41.5822100" lon="12.6487500"></trkpt>
      <trkpt lat="41.5820600" lon="12.6489000"></trkpt>
      <trkpt lat="41.5819300" lon="12.6490500"></trkpt>
      <trkpt lat="41.5817500" lon="12.6492400"></trkpt>
      <trkpt lat="41.5816200" lon="12.6493800"></trkpt>
      <trkpt lat="41.5814700" lon="12.6495500"></trkpt>
      <trkpt lat="41.5813700" lon="12.6496500"></trkpt>
      <trkpt lat="41.5811000" lon="12.6499500"></trkpt>
      <trkpt lat="41.5806500" lon="12.6504400"></trkpt>
      <trkpt lat="41.5803800" lon="12.6507400"></trkpt>
      <trkpt lat="41.5802300" lon="12.6509000"></trkpt>
      <trkpt lat="41.5801600" lon="12.6509700"></trkpt>
      <trkpt lat="41.5800800" lon="12.6510600"></trkpt>
      <trkpt lat="41.5799900" lon="12.6511700"></trkpt>
      <trkpt lat="41.5798500" lon="12.6513300"></trkpt>
      <trkpt lat="41.5798100" lon="12.6513800"></trkpt>
      <trkpt lat="41.5796200" lon="12.6515800"></trkpt>
      <trkpt lat="41.5794600" lon="12.6517500"></trkpt>
      <trkpt lat="41.5793900" lon="12.6518300"></trkpt>
      <trkpt lat="41.5791800" lon="12.6520300"></trkpt>
      <trkpt lat="41.5789100" lon="12.6523000"></trkpt>
      <trkpt lat="41.5788600" lon="12.6523500"></trkpt>
      <trkpt lat="41.5788300" lon="12.6523900"></trkpt>
      <trkpt lat="41.5788000" lon="12.6524300"></trkpt>
      <trkpt lat="41.5787600" lon="12.6524800"></trkpt>
      <trkpt lat="41.5786900" lon="12.6525700"></trkpt>
      <trkpt lat="41.5785700" lon="12.6527300"></trkpt>
      <trkpt lat="41.5784400" lon="12.6528900"></trkpt>
      <trkpt lat="41.5783400" lon="12.6530300"></trkpt>
      <trkpt lat="41.5783100" lon="12.6530600"></trkpt>
      <trkpt lat="41.5782900" lon="12.6530900"></trkpt>
      <trkpt lat="41.5781200" lon="12.6533300"></trkpt>
      <trkpt lat="41.5780500" lon="12.6534200"></trkpt>
      <trkpt lat="41.5779900" lon="12.6535000"></trkpt>
      <trkpt lat="41.5779500" lon="12.6535600"></trkpt>
      <trkpt lat="41.5777600" lon="12.6538600"></trkpt>
      <trkpt lat="41.5777100" lon="12.6539300"></trkpt>
      <trkpt lat="41.5776800" lon="12.6539800"></trkpt>
      <trkpt lat="41.5775400" lon="12.6542000"></trkpt>
      <trkpt lat="41.5774200" lon="12.6544100"></trkpt>
      <trkpt lat="41.5773600" lon="12.6545100"></trkpt>
      <trkpt lat="41.5770400" lon="12.6550400"></trkpt>
      <trkpt lat="41.5768900" lon="12.6552900"></trkpt>
      <trkpt lat="41.5767800" lon="12.6554800"></trkpt>
      <trkpt lat="41.5766400" lon="12.6557200"></trkpt>
      <trkpt lat="41.5764900" lon="12.6559500"></trkpt>
      <trkpt lat="41.5763900" lon="12.6561200"></trkpt>
      <trkpt lat="41.5763800" lon="12.6561400"></trkpt>
      <trkpt lat="41.5761800" lon="12.6564700"></trkpt>
      <trkpt lat="41.5752500" lon="12.6581100"></trkpt>
      <trkpt lat="41.5746700" lon="12.6591000"></trkpt>
      <trkpt lat="41.5745400" lon="12.6593200"></trkpt>
      <trkpt lat="41.5744600" lon="12.6594500"></trkpt>
      <trkpt lat="41.5742300" lon="12.6598700"></trkpt>
      <trkpt lat="41.5741300" lon="12.6600500"></trkpt>
      <trkpt lat="41.5740600" lon="12.6601800"></trkpt>
      <trkpt lat="41.5733800" lon="12.6613900"></trkpt>
      <trkpt lat="41.5727200" lon="12.6625500"></trkpt>
      <trkpt lat="41.5718300" lon="12.6641100"></trkpt>
      <trkpt lat="41.5714800" lon="12.6647200"></trkpt>
      <trkpt lat="41.5713000" lon="12.6650400"></trkpt>
      <trkpt lat="41.5712700" lon="12.6650900"></trkpt>
      <trkpt lat="41.5707200" lon="12.6660600"></trkpt>
      <trkpt lat="41.5706500" lon="12.6661800"></trkpt>
      <trkpt lat="41.5706000" lon="12.6662500"></trkpt>
      <trkpt lat="41.5705700" lon="12.6663000"></trkpt>
      <trkpt lat="41.5704200" lon="12.6665500"></trkpt>
      <trkpt lat="41.5703300" lon="12.6666900"></trkpt>
      <trkpt lat="41.5703300" lon="12.6667000"></trkpt>
      <trkpt lat="41.5702400" lon="12.6668600"></trkpt>
      <trkpt lat="41.5696200" lon="12.6679500"></trkpt>
      <trkpt lat="41.5693100" lon="12.6685200"></trkpt>
      <trkpt lat="41.5692800" lon="12.6685800"></trkpt>
      <trkpt lat="41.5692100" lon="12.6687000"></trkpt>
      <trkpt lat="41.5692000" lon="12.6687000"></trkpt>
      <trkpt lat="41.5691700" lon="12.6687600"></trkpt>
      <trkpt lat="41.5684800" lon="12.6699900"></trkpt>
      <trkpt lat="41.5684500" lon="12.6700400"></trkpt>
      <trkpt lat="41.5683400" lon="12.6702300"></trkpt>
      <trkpt lat="41.5682400" lon="12.6704100"></trkpt>
      <trkpt lat="41.5669700" lon="12.6726700"></trkpt>
      <trkpt lat="41.5667400" lon="12.6730500"></trkpt>
      <trkpt lat="41.5662700" lon="12.6738600"></trkpt>
      <trkpt lat="41.5660200" lon="12.6743000"></trkpt>
      <trkpt lat="41.5658000" lon="12.6747000"></trkpt>
      <trkpt lat="41.5647600" lon="12.6765100"></trkpt>
      <trkpt lat="41.5645400" lon="12.6769100"></trkpt>
      <trkpt lat="41.5644900" lon="12.6769900"></trkpt>
      <trkpt lat="41.5643800" lon="12.6771800"></trkpt>
      <trkpt lat="41.5643500" lon="12.6772300"></trkpt>
      <trkpt lat="41.5641500" lon="12.6775900"></trkpt>
      <trkpt lat="41.5640600" lon="12.6777700"></trkpt>
      <trkpt lat="41.5634100" lon="12.6789900"></trkpt>
      <trkpt lat="41.5632500" lon="12.6792800"></trkpt>
      <trkpt lat="41.5630200" lon="12.6797000"></trkpt>
      <trkpt lat="41.5627900" lon="12.6801000"></trkpt>
      <trkpt lat="41.5626200" lon="12.6804100"></trkpt>
      <trkpt lat="41.5622200" lon="12.6811100"></trkpt>
      <trkpt lat="41.5617800" lon="12.6818900"></trkpt>
      <trkpt lat="41.5617300" lon="12.6819800"></trkpt>
      <trkpt lat="41.5616800" lon="12.6820600"></trkpt>
      <trkpt lat="41.5612600" lon="12.6828100"></trkpt>
      <trkpt lat="41.5610500" lon="12.6831600"></trkpt>
      <trkpt lat="41.5608900" lon="12.6834500"></trkpt>
      <trkpt lat="41.5608300" lon="12.6835500"></trkpt>
      <trkpt lat="41.5604500" lon="12.6842300"></trkpt>
      <trkpt lat="41.5601300" lon="12.6847800"></trkpt>
      <trkpt lat="41.5598400" lon="12.6852800"></trkpt>
      <trkpt lat="41.5596400" lon="12.6856500"></trkpt>
      <trkpt lat="41.5594300" lon="12.6860000"></trkpt>
      <trkpt lat="41.5593100" lon="12.6862000"></trkpt>
      <trkpt lat="41.5592200" lon="12.6863400"></trkpt>
      <trkpt lat="41.5590600" lon="12.6866200"></trkpt>
      <trkpt lat="41.5589300" lon="12.6868300"></trkpt>
      <trkpt lat="41.5587600" lon="12.6871100"></trkpt>
      <trkpt lat="41.5585500" lon="12.6874700"></trkpt>
      <trkpt lat="41.5585400" lon="12.6874900"></trkpt>
      <trkpt lat="41.5584300" lon="12.6876800"></trkpt>
      <trkpt lat="41.5583400" lon="12.6878200"></trkpt>
      <trkpt lat="41.5583300" lon="12.6878400"></trkpt>
      <trkpt lat="41.5583100" lon="12.6878700"></trkpt>
      <trkpt lat="41.5581700" lon="12.6881000"></trkpt>
      <trkpt lat="41.5580100" lon="12.6883800"></trkpt>
      <trkpt lat="41.5578400" lon="12.6886600"></trkpt>
      <trkpt lat="41.5576800" lon="12.6889300"></trkpt>
      <trkpt lat="41.5575200" lon="12.6892200"></trkpt>
      <trkpt lat="41.5574300" lon="12.6893800"></trkpt>
      <trkpt lat="41.5573600" lon="12.6895000"></trkpt>
      <trkpt lat="41.5572300" lon="12.6897200"></trkpt>
      <trkpt lat="41.5570700" lon="12.6900000"></trkpt>
      <trkpt lat="41.5569500" lon="12.6902100"></trkpt>
      <trkpt lat="41.5568200" lon="12.6904300"></trkpt>
      <trkpt lat="41.5566200" lon="12.6907900"></trkpt>
      <trkpt lat="41.5563400" lon="12.6912800"></trkpt>
      <trkpt lat="41.5558400" lon="12.6921700"></trkpt>
      <trkpt lat="41.5555200" lon="12.6927200"></trkpt>
      <trkpt lat="41.5552500" lon="12.6931900"></trkpt>
      <trkpt lat="41.5551800" lon="12.6933100"></trkpt>
      <trkpt lat="41.5551500" lon="12.6933700"></trkpt>
      <trkpt lat="41.5549300" lon="12.6937600"></trkpt>
      <trkpt lat="41.5547300" lon="12.6941200"></trkpt>
      <trkpt lat="41.5545600" lon="12.6944300"></trkpt>
      <trkpt lat="41.5544700" lon="12.6945800"></trkpt>
      <trkpt lat="41.5543900" lon="12.6947300"></trkpt>
      <trkpt lat="41.5531800" lon="12.6968300"></trkpt>
      <trkpt lat="41.5527900" lon="12.6975100"></trkpt>
      <trkpt lat="41.5526200" lon="12.6977900"></trkpt>
      <trkpt lat="41.5526200" lon="12.6978100"></trkpt>
      <trkpt lat="41.5525100" lon="12.6979800"></trkpt>
      <trkpt lat="41.5525100" lon="12.6979900"></trkpt>
      <trkpt lat="41.5524800" lon="12.6980400"></trkpt>
      <trkpt lat="41.5524300" lon="12.6981300"></trkpt>
      <trkpt lat="41.5523700" lon="12.6982400"></trkpt>
      <trkpt lat="41.5523100" lon="12.6983400"></trkpt>
      <trkpt lat="41.5522900" lon="12.6983800"></trkpt>
      <trkpt lat="41.5522500" lon="12.6984400"></trkpt>
      <trkpt lat="41.5521300" lon="12.6986600"></trkpt>
      <trkpt lat="41.5520300" lon="12.6988500"></trkpt>
      <trkpt lat="41.5519200" lon="12.6990300"></trkpt>
      <trkpt lat="41.5516700" lon="12.6994700"></trkpt>
      <trkpt lat="41.5512900" lon="12.7001300"></trkpt>
      <trkpt lat="41.5512600" lon="12.7001900"></trkpt>
      <trkpt lat="41.5512300" lon="12.7002300"></trkpt>
      <trkpt lat="41.5510100" lon="12.7006400"></trkpt>
      <trkpt lat="41.5509200" lon="12.7008000"></trkpt>
      <trkpt lat="41.5508800" lon="12.7008700"></trkpt>
      <trkpt lat="41.5506500" lon="12.7013300"></trkpt>
      <trkpt lat="41.5505800" lon="12.7014700"></trkpt>
      <trkpt lat="41.5503700" lon="12.7019000"></trkpt>
      <trkpt lat="41.5503500" lon="12.7019600"></trkpt>
      <trkpt lat="41.5498300" lon="12.7030400"></trkpt>
      <trkpt lat="41.5496800" lon="12.7033500"></trkpt>
      <trkpt lat="41.5494000" lon="12.7039000"></trkpt>
      <trkpt lat="41.5492800" lon="12.7041500"></trkpt>
      <trkpt lat="41.5490900" lon="12.7045700"></trkpt>
      <trkpt lat="41.5490100" lon="12.7047200"></trkpt>
      <trkpt lat="41.5488500" lon="12.7050700"></trkpt>
      <trkpt lat="41.5487800" lon="12.7052000"></trkpt>
      <trkpt lat="41.5487100" lon="12.7053600"></trkpt>
      <trkpt lat="41.5485300" lon="12.7057300"></trkpt>
      <trkpt lat="41.5484900" lon="12.7058000"></trkpt>
      <trkpt lat="41.5484600" lon="12.7058700"></trkpt>
      <trkpt lat="41.5483300" lon="12.7061400"></trkpt>
      <trkpt lat="41.5482100" lon="12.7063700"></trkpt>
      <trkpt lat="41.5477200" lon="12.7073800"></trkpt>
      <trkpt lat="41.5475900" lon="12.7076400"></trkpt>
      <trkpt lat="41.5474100" lon="12.7080100"></trkpt>
      <trkpt lat="41.5470000" lon="12.7088400"></trkpt>
      <trkpt lat="41.5468200" lon="12.7092100"></trkpt>
      <trkpt lat="41.5466200" lon="12.7096400"></trkpt>
      <trkpt lat="41.5463000" lon="12.7103100"></trkpt>
      <trkpt lat="41.5460800" lon="12.7107400"></trkpt>
      <trkpt lat="41.5459400" lon="12.7110300"></trkpt>
      <trkpt lat="41.5458800" lon="12.7111400"></trkpt>
      <trkpt lat="41.5457900" lon="12.7113500"></trkpt>
      <trkpt lat="41.5452000" lon="12.7125600"></trkpt>
      <trkpt lat="41.5447100" lon="12.7135600"></trkpt>
      <trkpt lat="41.5446300" lon="12.7137200"></trkpt>
      <trkpt lat="41.5444600" lon="12.7140800"></trkpt>
      <trkpt lat="41.5442700" lon="12.7144700"></trkpt>
      <trkpt lat="41.5440500" lon="12.7149100"></trkpt>
      <trkpt lat="41.5438900" lon="12.7152500"></trkpt>
      <trkpt lat="41.5437600" lon="12.7155200"></trkpt>
      <trkpt lat="41.5436500" lon="12.7157400"></trkpt>
      <trkpt lat="41.5434700" lon="12.7161200"></trkpt>
      <trkpt lat="41.5433600" lon="12.7163400"></trkpt>
      <trkpt lat="41.5429000" lon="12.7172600"></trkpt>
      <trkpt lat="41.5429000" lon="12.7172700"></trkpt>
      <trkpt lat="41.5428400" lon="12.7173900"></trkpt>
      <trkpt lat="41.5427600" lon="12.7175500"></trkpt>
      <trkpt lat="41.5424300" lon="12.7182300"></trkpt>
      <trkpt lat="41.5422900" lon="12.7185300"></trkpt>
      <trkpt lat="41.5422000" lon="12.7187200"></trkpt>
      <trkpt lat="41.5422000" lon="12.7187400"></trkpt>
      <trkpt lat="41.5421400" lon="12.7188400"></trkpt>
      <trkpt lat="41.5420900" lon="12.7189600"></trkpt>
      <trkpt lat="41.5420200" lon="12.7191200"></trkpt>
      <trkpt lat="41.5419200" lon="12.7193100"></trkpt>
      <trkpt lat="41.5418600" lon="12.7194300"></trkpt>
      <trkpt lat="41.5417700" lon="12.7196300"></trkpt>
      <trkpt lat="41.5416000" lon="12.7199600"></trkpt>
      <trkpt lat="41.5415800" lon="12.7200000"></trkpt>
      <trkpt lat="41.5414000" lon="12.7203700"></trkpt>
      <trkpt lat="41.5412600" lon="12.7206700"></trkpt>
      <trkpt lat="41.5412300" lon="12.7207300"></trkpt>
      <trkpt lat="41.5410900" lon="12.7210300"></trkpt>
      <trkpt lat="41.5410800" lon="12.7210400"></trkpt>
      <trkpt lat="41.5409400" lon="12.7213500"></trkpt>
      <trkpt lat="41.5407800" lon="12.7216900"></trkpt>
      <trkpt lat="41.5406100" lon="12.7220700"></trkpt>
      <trkpt lat="41.5404200" lon="12.7225000"></trkpt>
      <trkpt lat="41.5403900" lon="12.7225500"></trkpt>
      <trkpt lat="41.5403300" lon="12.7226800"></trkpt>
      <trkpt lat="41.5402700" lon="12.7228100"></trkpt>
      <trkpt lat="41.5402100" lon="12.7229400"></trkpt>
      <trkpt lat="41.5402100" lon="12.7229500"></trkpt>
      <trkpt lat="41.5401300" lon="12.7231300"></trkpt>
      <trkpt lat="41.5398600" lon="12.7237100"></trkpt>
      <trkpt lat="41.5397600" lon="12.7239400"></trkpt>
      <trkpt lat="41.5397000" lon="12.7240800"></trkpt>
      <trkpt lat="41.5396000" lon="12.7242900"></trkpt>
      <trkpt lat="41.5394900" lon="12.7245500"></trkpt>
      <trkpt lat="41.5394600" lon="12.7246000"></trkpt>
      <trkpt lat="41.5393300" lon="12.7248800"></trkpt>
      <trkpt lat="41.5392700" lon="12.7250300"></trkpt>
      <trkpt lat="41.5391500" lon="12.7253000"></trkpt>
      <trkpt lat="41.5391400" lon="12.7253200"></trkpt>
      <trkpt lat="41.5390600" lon="12.7254700"></trkpt>
      <trkpt lat="41.5389900" lon="12.7256400"></trkpt>
      <trkpt lat="41.5389800" lon="12.7256500"></trkpt>
      <trkpt lat="41.5388400" lon="12.7259600"></trkpt>
      <trkpt lat="41.5387200" lon="12.7262400"></trkpt>
      <trkpt lat="41.5385800" lon="12.7265300"></trkpt>
      <trkpt lat="41.5384700" lon="12.7267600"></trkpt>
      <trkpt lat="41.5383200" lon="12.7271000"></trkpt>
      <trkpt lat="41.5381600" lon="12.7274600"></trkpt>
      <trkpt lat="41.5380400" lon="12.7277200"></trkpt>
      <trkpt lat="41.5379000" lon="12.7280300"></trkpt>
      <trkpt lat="41.5378600" lon="12.7281200"></trkpt>
      <trkpt lat="41.5378000" lon="12.7282400"></trkpt>
      <trkpt lat="41.5376700" lon="12.7285300"></trkpt>
      <trkpt lat="41.5376400" lon="12.7286200"></trkpt>
      <trkpt lat="41.5375700" lon="12.7287600"></trkpt>
      <trkpt lat="41.5374900" lon="12.7289700"></trkpt>
      <trkpt lat="41.5374300" lon="12.7291300"></trkpt>
      <trkpt lat="41.5373300" lon="12.7294300"></trkpt>
      <trkpt lat="41.5372400" lon="12.7296800"></trkpt>
      <trkpt lat="41.5372200" lon="12.7297600"></trkpt>
      <trkpt lat="41.5371800" lon="12.7299000"></trkpt>
      <trkpt lat="41.5371300" lon="12.7300800"></trkpt>
      <trkpt lat="41.5370900" lon="12.7302400"></trkpt>
      <trkpt lat="41.5370500" lon="12.7304000"></trkpt>
      <trkpt lat="41.5370200" lon="12.7305500"></trkpt>
      <trkpt lat="41.5369800" lon="12.7307400"></trkpt>
      <trkpt lat="41.5369500" lon="12.7309200"></trkpt>
      <trkpt lat="41.5369200" lon="12.7311000"></trkpt>
      <trkpt lat="41.5368900" lon="12.7312900"></trkpt>
      <trkpt lat="41.5368700" lon="12.7314700"></trkpt>
      <trkpt lat="41.5368500" lon="12.7316200"></trkpt>
      <trkpt lat="41.5368300" lon="12.7318100"></trkpt>
      <trkpt lat="41.5368100" lon="12.7320600"></trkpt>
      <trkpt lat="41.5368000" lon="12.7323100"></trkpt>
      <trkpt lat="41.5367900" lon="12.7325600"></trkpt>
      <trkpt lat="41.5367800" lon="12.7329100"></trkpt>
      <trkpt lat="41.5367800" lon="12.7332600"></trkpt>
      <trkpt lat="41.5367800" lon="12.7333800"></trkpt>
      <trkpt lat="41.5367800" lon="12.7335800"></trkpt>
      <trkpt lat="41.5367800" lon="12.7340300"></trkpt>
      <trkpt lat="41.5367800" lon="12.7344100"></trkpt>
      <trkpt lat="41.5367800" lon="12.7347300"></trkpt>
      <trkpt lat="41.5367800" lon="12.7348800"></trkpt>
      <trkpt lat="41.5367800" lon="12.7350500"></trkpt>
      <trkpt lat="41.5367800" lon="12.7350700"></trkpt>
      <trkpt lat="41.5367800" lon="12.7352100"></trkpt>
      <trkpt lat="41.5367800" lon="12.7354000"></trkpt>
      <trkpt lat="41.5367700" lon="12.7356300"></trkpt>
      <trkpt lat="41.5367600" lon="12.7358200"></trkpt>
      <trkpt lat="41.5367400" lon="12.7360600"></trkpt>
      <trkpt lat="41.5367200" lon="12.7362600"></trkpt>
      <trkpt lat="41.5366900" lon="12.7364800"></trkpt>
      <trkpt lat="41.5366900" lon="12.7365100"></trkpt>
      <trkpt lat="41.5366600" lon="12.7367300"></trkpt>
      <trkpt lat="41.5366300" lon="12.7368900"></trkpt>
      <trkpt lat="41.5366100" lon="12.7370100"></trkpt>
      <trkpt lat="41.5365800" lon="12.7371400"></trkpt>
      <trkpt lat="41.5365400" lon="12.7373200"></trkpt>
      <trkpt lat="41.5365000" lon="12.7374900"></trkpt>
      <trkpt lat="41.5364500" lon="12.7376600"></trkpt>
      <trkpt lat="41.5364100" lon="12.7378100"></trkpt>
      <trkpt lat="41.5363400" lon="12.7380600"></trkpt>
      <trkpt lat="41.5362600" lon="12.7383000"></trkpt>
      <trkpt lat="41.5361700" lon="12.7385300"></trkpt>
      <trkpt lat="41.5360500" lon="12.7388200"></trkpt>
      <trkpt lat="41.5359800" lon="12.7389800"></trkpt>
      <trkpt lat="41.5359000" lon="12.7391500"></trkpt>
      <trkpt lat="41.5357400" lon="12.7395000"></trkpt>
      <trkpt lat="41.5355900" lon="12.7398200"></trkpt>
      <trkpt lat="41.5352700" lon="12.7405300"></trkpt>
      <trkpt lat="41.5350300" lon="12.7410500"></trkpt>
      <trkpt lat="41.5349000" lon="12.7413400"></trkpt>
      <trkpt lat="41.5348600" lon="12.7414300"></trkpt>
      <trkpt lat="41.5345500" lon="12.7421100"></trkpt>
      <trkpt lat="41.5345200" lon="12.7421700"></trkpt>
      <trkpt lat="41.5344700" lon="12.7422900"></trkpt>
      <trkpt lat="41.5343700" lon="12.7424900"></trkpt>
      <trkpt lat="41.5343700" lon="12.7425000"></trkpt>
      <trkpt lat="41.5339000" lon="12.7435300"></trkpt>
      <trkpt lat="41.5336400" lon="12.7440900"></trkpt>
      <trkpt lat="41.5333100" lon="12.7448200"></trkpt>
      <trkpt lat="41.5331900" lon="12.7450700"></trkpt>
      <trkpt lat="41.5329300" lon="12.7456600"></trkpt>
      <trkpt lat="41.5328900" lon="12.7457400"></trkpt>
      <trkpt lat="41.5328500" lon="12.7458400"></trkpt>
      <trkpt lat="41.5328300" lon="12.7458700"></trkpt>
      <trkpt lat="41.5328000" lon="12.7459500"></trkpt>
      <trkpt lat="41.5321000" lon="12.7474600"></trkpt>
      <trkpt lat="41.5320100" lon="12.7476500"></trkpt>
      <trkpt lat="41.5318300" lon="12.7480600"></trkpt>
      <trkpt lat="41.5317900" lon="12.7481300"></trkpt>
      <trkpt lat="41.5316800" lon="12.7483600"></trkpt>
      <trkpt lat="41.5312500" lon="12.7493000"></trkpt>
      <trkpt lat="41.5311800" lon="12.7494700"></trkpt>
      <trkpt lat="41.5308800" lon="12.7501100"></trkpt>
      <trkpt lat="41.5306400" lon="12.7506300"></trkpt>
      <trkpt lat="41.5304500" lon="12.7510500"></trkpt>
      <trkpt lat="41.5302200" lon="12.7515600"></trkpt>
      <trkpt lat="41.5299400" lon="12.7521800"></trkpt>
      <trkpt lat="41.5297900" lon="12.7525100"></trkpt>
      <trkpt lat="41.5297000" lon="12.7527200"></trkpt>
      <trkpt lat="41.5296000" lon="12.7529500"></trkpt>
      <trkpt lat="41.5295900" lon="12.7529500"></trkpt>
      <trkpt lat="41.5293900" lon="12.7533900"></trkpt>
      <trkpt lat="41.5288900" lon="12.7544900"></trkpt>
      <trkpt lat="41.5282300" lon="12.7559400"></trkpt>
      <trkpt lat="41.5278200" lon="12.7568400"></trkpt>
      <trkpt lat="41.5277100" lon="12.7571000"></trkpt>
      <trkpt lat="41.5276300" lon="12.7572600"></trkpt>
      <trkpt lat="41.5272100" lon="12.7581600"></trkpt>
      <trkpt lat="41.5271300" lon="12.7583300"></trkpt>
      <trkpt lat="41.5271200" lon="12.7583600"></trkpt>
      <trkpt lat="41.5270300" lon="12.7585700"></trkpt>
      <trkpt lat="41.5267300" lon="12.7592300"></trkpt>
      <trkpt lat="41.5265600" lon="12.7596000"></trkpt>
      <trkpt lat="41.5261900" lon="12.7604200"></trkpt>
      <trkpt lat="41.5257100" lon="12.7614800"></trkpt>
      <trkpt lat="41.5256100" lon="12.7617000"></trkpt>
      <trkpt lat="41.5254000" lon="12.7621600"></trkpt>
      <trkpt lat="41.5252900" lon="12.7623900"></trkpt>
      <trkpt lat="41.5250600" lon="12.7629000"></trkpt>
      <trkpt lat="41.5250300" lon="12.7629600"></trkpt>
      <trkpt lat="41.5247500" lon="12.7635700"></trkpt>
      <trkpt lat="41.5247200" lon="12.7636400"></trkpt>
      <trkpt lat="41.5247000" lon="12.7636900"></trkpt>
      <trkpt lat="41.5246400" lon="12.7638100"></trkpt>
      <trkpt lat="41.5245600" lon="12.7639800"></trkpt>
      <trkpt lat="41.5243200" lon="12.7644900"></trkpt>
      <trkpt lat="41.5242500" lon="12.7646500"></trkpt>
      <trkpt lat="41.5242200" lon="12.7647400"></trkpt>
      <trkpt lat="41.5242100" lon="12.7647500"></trkpt>
      <trkpt lat="41.5240900" lon="12.7650200"></trkpt>
      <trkpt lat="41.5240500" lon="12.7651200"></trkpt>
      <trkpt lat="41.5237600" lon="12.7657400"></trkpt>
      <trkpt lat="41.5236400" lon="12.7659900"></trkpt>
      <trkpt lat="41.5234600" lon="12.7663900"></trkpt>
      <trkpt lat="41.5231700" lon="12.7670000"></trkpt>
      <trkpt lat="41.5230600" lon="12.7672500"></trkpt>
      <trkpt lat="41.5228900" lon="12.7676300"></trkpt>
      <trkpt lat="41.5228100" lon="12.7678000"></trkpt>
      <trkpt lat="41.5227900" lon="12.7678600"></trkpt>
      <trkpt lat="41.5226500" lon="12.7681600"></trkpt>
      <trkpt lat="41.5225900" lon="12.7683000"></trkpt>
      <trkpt lat="41.5223900" lon="12.7687400"></trkpt>
      <trkpt lat="41.5220500" lon="12.7694700"></trkpt>
      <trkpt lat="41.5218600" lon="12.7698900"></trkpt>
      <trkpt lat="41.5215100" lon="12.7706400"></trkpt>
      <trkpt lat="41.5210000" lon="12.7717600"></trkpt>
      <trkpt lat="41.5209900" lon="12.7717700"></trkpt>
      <trkpt lat="41.5209000" lon="12.7719800"></trkpt>
      <trkpt lat="41.5208500" lon="12.7720700"></trkpt>
      <trkpt lat="41.5205700" lon="12.7727000"></trkpt>
      <trkpt lat="41.5203200" lon="12.7732300"></trkpt>
      <trkpt lat="41.5199500" lon="12.7740400"></trkpt>
      <trkpt lat="41.5196700" lon="12.7746400"></trkpt>
      <trkpt lat="41.5195100" lon="12.7750000"></trkpt>
      <trkpt lat="41.5192600" lon="12.7755500"></trkpt>
      <trkpt lat="41.5189800" lon="12.7761400"></trkpt>
      <trkpt lat="41.5186400" lon="12.7768900"></trkpt>
      <trkpt lat="41.5182200" lon="12.7778000"></trkpt>
      <trkpt lat="41.5180900" lon="12.7780900"></trkpt>
      <trkpt lat="41.5180300" lon="12.7782100"></trkpt>
      <trkpt lat="41.5179900" lon="12.7783100"></trkpt>
      <trkpt lat="41.5179500" lon="12.7783900"></trkpt>
      <trkpt lat="41.5177000" lon="12.7789400"></trkpt>
      <trkpt lat="41.5176500" lon="12.7790500"></trkpt>
      <trkpt lat="41.5176200" lon="12.7791100"></trkpt>
      <trkpt lat="41.5174400" lon="12.7795000"></trkpt>
      <trkpt lat="41.5173400" lon="12.7797100"></trkpt>
      <trkpt lat="41.5172600" lon="12.7798900"></trkpt>
      <trkpt lat="41.5171000" lon="12.7802500"></trkpt>
      <trkpt lat="41.5169500" lon="12.7805700"></trkpt>
      <trkpt lat="41.5169200" lon="12.7806400"></trkpt>
      <trkpt lat="41.5168900" lon="12.7806900"></trkpt>
      <trkpt lat="41.5167800" lon="12.7809400"></trkpt>
      <trkpt lat="41.5167200" lon="12.7810700"></trkpt>
      <trkpt lat="41.5166800" lon="12.7811600"></trkpt>
      <trkpt lat="41.5166400" lon="12.7812400"></trkpt>
      <trkpt lat="41.5166200" lon="12.7812800"></trkpt>
      <trkpt lat="41.5165800" lon="12.7813700"></trkpt>
      <trkpt lat="41.5164200" lon="12.7817000"></trkpt>
      <trkpt lat="41.5162500" lon="12.7820800"></trkpt>
      <trkpt lat="41.5161300" lon="12.7823400"></trkpt>
      <trkpt lat="41.5161100" lon="12.7823900"></trkpt>
      <trkpt lat="41.5161100" lon="12.7824000"></trkpt>
      <trkpt lat="41.5160700" lon="12.7824800"></trkpt>
      <trkpt lat="41.5160500" lon="12.7825300"></trkpt>
      <trkpt lat="41.5160200" lon="12.7825900"></trkpt>
      <trkpt lat="41.5159700" lon="12.7827000"></trkpt>
      <trkpt lat="41.5158600" lon="12.7829300"></trkpt>
      <trkpt lat="41.5158400" lon="12.7829800"></trkpt>
      <trkpt lat="41.5158300" lon="12.7830000"></trkpt>
      <trkpt lat="41.5157900" lon="12.7830900"></trkpt>
      <trkpt lat="41.5157700" lon="12.7831400"></trkpt>
      <trkpt lat="41.5157600" lon="12.7831600"></trkpt>
      <trkpt lat="41.5156900" lon="12.7833100"></trkpt>
      <trkpt lat="41.5155500" lon="12.7836200"></trkpt>
      <trkpt lat="41.5154000" lon="12.7839400"></trkpt>
      <trkpt lat="41.5153400" lon="12.7840800"></trkpt>
      <trkpt lat="41.5149300" lon="12.7849700"></trkpt>
      <trkpt lat="41.5147500" lon="12.7853600"></trkpt>
      <trkpt lat="41.5145200" lon="12.7858700"></trkpt>
      <trkpt lat="41.5143700" lon="12.7862000"></trkpt>
      <trkpt lat="41.5142300" lon="12.7865200"></trkpt>
      <trkpt lat="41.5141100" lon="12.7867800"></trkpt>
      <trkpt lat="41.5138100" lon="12.7874200"></trkpt>
      <trkpt lat="41.5135300" lon="12.7880400"></trkpt>
      <trkpt lat="41.5135200" lon="12.7880600"></trkpt>
      <trkpt lat="41.5133500" lon="12.7884400"></trkpt>
      <trkpt lat="41.5131600" lon="12.7888600"></trkpt>
      <trkpt lat="41.5130300" lon="12.7891300"></trkpt>
      <trkpt lat="41.5121900" lon="12.7909600"></trkpt>
      <trkpt lat="41.5118700" lon="12.7916800"></trkpt>
      <trkpt lat="41.5117700" lon="12.7918900"></trkpt>
      <trkpt lat="41.5116400" lon="12.7921600"></trkpt>
      <trkpt lat="41.5111900" lon="12.7931600"></trkpt>
      <trkpt lat="41.5110300" lon="12.7935000"></trkpt>
      <trkpt lat="41.5107800" lon="12.7940500"></trkpt>
      <trkpt lat="41.5106800" lon="12.7942600"></trkpt>
      <trkpt lat="41.5104900" lon="12.7946700"></trkpt>
      <trkpt lat="41.5104000" lon="12.7948800"></trkpt>
      <trkpt lat="41.5102900" lon="12.7951200"></trkpt>
      <trkpt lat="41.5102200" lon="12.7952700"></trkpt>
      <trkpt lat="41.5101300" lon="12.7953200"></trkpt>
      <trkpt lat="41.5101200" lon="12.7953300"></trkpt>
      <trkpt lat="41.5101100" lon="12.7953400"></trkpt>
      <trkpt lat="41.5100500" lon="12.7954700"></trkpt>
      <trkpt lat="41.5100200" lon="12.7955100"></trkpt>
      <trkpt lat="41.5100100" lon="12.7955400"></trkpt>
      <trkpt lat="41.5099600" lon="12.7956500"></trkpt>
      <trkpt lat="41.5099100" lon="12.7957400"></trkpt>
      <trkpt lat="41.5098300" lon="12.7959200"></trkpt>
      <trkpt lat="41.5097400" lon="12.7961100"></trkpt>
      <trkpt lat="41.5096800" lon="12.7962400"></trkpt>
      <trkpt lat="41.5095900" lon="12.7964200"></trkpt>
      <trkpt lat="41.5095200" lon="12.7965200"></trkpt>
      <trkpt lat="41.5095000" lon="12.7965500"></trkpt>
      <trkpt lat="41.5094800" lon="12.7965700"></trkpt>
      <trkpt lat="41.5094400" lon="12.7966200"></trkpt>
      <trkpt lat="41.5094100" lon="12.7966500"></trkpt>
      <trkpt lat="41.5094000" lon="12.7966500"></trkpt>
      <trkpt lat="41.5093800" lon="12.7966700"></trkpt>
      <trkpt lat="41.5093500" lon="12.7966900"></trkpt>
      <trkpt lat="41.5093200" lon="12.7967000"></trkpt>
      <trkpt lat="41.5092800" lon="12.7967200"></trkpt>
      <trkpt lat="41.5092600" lon="12.7967300"></trkpt>
      <trkpt lat="41.5092100" lon="12.7967300"></trkpt>
      <trkpt lat="41.5091800" lon="12.7967300"></trkpt>
      <trkpt lat="41.5091500" lon="12.7967300"></trkpt>
      <trkpt lat="41.5091200" lon="12.7967300"></trkpt>
      <trkpt lat="41.5091000" lon="12.7967200"></trkpt>
      <trkpt lat="41.5090800" lon="12.7967100"></trkpt>
      <trkpt lat="41.5090500" lon="12.7967000"></trkpt>
      <trkpt lat="41.5090100" lon="12.7966800"></trkpt>
      <trkpt lat="41.5089600" lon="12.7966500"></trkpt>
      <trkpt lat="41.5089400" lon="12.7966300"></trkpt>
      <trkpt lat="41.5089200" lon="12.7966100"></trkpt>
      <trkpt lat="41.5089000" lon="12.7965800"></trkpt>
      <trkpt lat="41.5088800" lon="12.7965600"></trkpt>
      <trkpt lat="41.5088600" lon="12.7965300"></trkpt>
      <trkpt lat="41.5088400" lon="12.7964900"></trkpt>
      <trkpt lat="41.5088200" lon="12.7964400"></trkpt>
      <trkpt lat="41.5087500" lon="12.7963900"></trkpt>
      <trkpt lat="41.5087200" lon="12.7963700"></trkpt>
      <trkpt lat="41.5087000" lon="12.7963600"></trkpt>
      <trkpt lat="41.5086800" lon="12.7963500"></trkpt>
      <trkpt lat="41.5086500" lon="12.7963600"></trkpt>
      <trkpt lat="41.5085700" lon="12.7963700"></trkpt>
      <trkpt lat="41.5085500" lon="12.7964100"></trkpt>
      <trkpt lat="41.5083700" lon="12.7968200"></trkpt>
      <trkpt lat="41.5082200" lon="12.7971200"></trkpt>
      <trkpt lat="41.5081800" lon="12.7972200"></trkpt>
      <trkpt lat="41.5081600" lon="12.7972600"></trkpt>
      <trkpt lat="41.5080900" lon="12.7974100"></trkpt>
      <trkpt lat="41.5080900" lon="12.7974300"></trkpt>
      <trkpt lat="41.5079900" lon="12.7976900"></trkpt>
      <trkpt lat="41.5078900" lon="12.7976600"></trkpt>
      <trkpt lat="41.5077900" lon="12.7976500"></trkpt>
      <trkpt lat="41.5073900" lon="12.7976400"></trkpt>
      <trkpt lat="41.5072200" lon="12.7976400"></trkpt>
      <trkpt lat="41.5070400" lon="12.7976400"></trkpt>
      <trkpt lat="41.5070300" lon="12.7976300"></trkpt>
      <trkpt lat="41.5070200" lon="12.7976300"></trkpt>
      <trkpt lat="41.5068600" lon="12.7976300"></trkpt>
      <trkpt lat="41.5067600" lon="12.7976300"></trkpt>
      <trkpt lat="41.5065800" lon="12.7976300"></trkpt>
      <trkpt lat="41.5064000" lon="12.7976300"></trkpt>
      <trkpt lat="41.5063200" lon="12.7976400"></trkpt>
      <trkpt lat="41.5062200" lon="12.7976400"></trkpt>
      <trkpt lat="41.5061400" lon="12.7976500"></trkpt>
      <trkpt lat="41.5058600" lon="12.7976600"></trkpt>
      <trkpt lat="41.5057800" lon="12.7976600"></trkpt>
      <trkpt lat="41.5056000" lon="12.7976700"></trkpt>
      <trkpt lat="41.5047000" lon="12.7977100"></trkpt>
      <trkpt lat="41.5045200" lon="12.7977200"></trkpt>
      <trkpt lat="41.5042900" lon="12.7977300"></trkpt>
      <trkpt lat="41.5040400" lon="12.7977400"></trkpt>
      <trkpt lat="41.5037000" lon="12.7977500"></trkpt>
      <trkpt lat="41.5035900" lon="12.7977600"></trkpt>
      <trkpt lat="41.5016300" lon="12.7978400"></trkpt>
      <trkpt lat="41.5014800" lon="12.7978400"></trkpt>
      <trkpt lat="41.5011900" lon="12.7978500"></trkpt>
      <trkpt lat="41.5006400" lon="12.7978600"></trkpt>
      <trkpt lat="41.5004600" lon="12.7978600"></trkpt>
      <trkpt lat="41.5000600" lon="12.7978700"></trkpt>
      <trkpt lat="41.4998800" lon="12.7978700"></trkpt>
      <trkpt lat="41.4997400" lon="12.7978800"></trkpt>
      <trkpt lat="41.4995000" lon="12.7978800"></trkpt>
      <trkpt lat="41.4989600" lon="12.7979000"></trkpt>
      <trkpt lat="41.4988500" lon="12.7979100"></trkpt>
      <trkpt lat="41.4986100" lon="12.7979200"></trkpt>
      <trkpt lat="41.4984200" lon="12.7979200"></trkpt>
      <trkpt lat="41.4975200" lon="12.7979600"></trkpt>
      <trkpt lat="41.4967400" lon="12.7979900"></trkpt>
      <trkpt lat="41.4965800" lon="12.7979900"></trkpt>
      <trkpt lat="41.4963600" lon="12.7980000"></trkpt>
      <trkpt lat="41.4963500" lon="12.7980000"></trkpt>
      <trkpt lat="41.4960500" lon="12.7980100"></trkpt>
      <trkpt lat="41.4958200" lon="12.7980000"></trkpt>
      <trkpt lat="41.4957600" lon="12.7979800"></trkpt>
      <trkpt lat="41.4957200" lon="12.7979700"></trkpt>
      <trkpt lat="41.4956300" lon="12.7979400"></trkpt>
      <trkpt lat="41.4952400" lon="12.7977700"></trkpt>
      <trkpt lat="41.4950400" lon="12.7976800"></trkpt>
      <trkpt lat="41.4942100" lon="12.7973400"></trkpt>
      <trkpt lat="41.4941500" lon="12.7973200"></trkpt>
      <trkpt lat="41.4937700" lon="12.7971600"></trkpt>
      <trkpt lat="41.4932900" lon="12.7969700"></trkpt>
      <trkpt lat="41.4932500" lon="12.7969500"></trkpt>
      <trkpt lat="41.4929600" lon="12.7968300"></trkpt>
      <trkpt lat="41.4921500" lon="12.7965000"></trkpt>
      <trkpt lat="41.4919400" lon="12.7964100"></trkpt>
      <trkpt lat="41.4917200" lon="12.7963200"></trkpt>
      <trkpt lat="41.4905700" lon="12.7958400"></trkpt>
      <trkpt lat="41.4902200" lon="12.7957000"></trkpt>
      <trkpt lat="41.4896700" lon="12.7954700"></trkpt>
      <trkpt lat="41.4895000" lon="12.7954000"></trkpt>
      <trkpt lat="41.4888100" lon="12.7951100"></trkpt>
      <trkpt lat="41.4883700" lon="12.7949300"></trkpt>
      <trkpt lat="41.4883400" lon="12.7949200"></trkpt>
      <trkpt lat="41.4880300" lon="12.7947900"></trkpt>
      <trkpt lat="41.4880100" lon="12.7947800"></trkpt>
      <trkpt lat="41.4876500" lon="12.7946300"></trkpt>
      <trkpt lat="41.4871700" lon="12.7944300"></trkpt>
      <trkpt lat="41.4867200" lon="12.7942500"></trkpt>
      <trkpt lat="41.4860000" lon="12.7939600"></trkpt>
      <trkpt lat="41.4856600" lon="12.7938200"></trkpt>
      <trkpt lat="41.4851900" lon="12.7936300"></trkpt>
      <trkpt lat="41.4851400" lon="12.7936100"></trkpt>
      <trkpt lat="41.4844500" lon="12.7933300"></trkpt>
      <trkpt lat="41.4843100" lon="12.7932700"></trkpt>
      <trkpt lat="41.4840200" lon="12.7931500"></trkpt>
      <trkpt lat="41.4837300" lon="12.7930400"></trkpt>
      <trkpt lat="41.4836200" lon="12.7929200"></trkpt>
      <trkpt lat="41.4835700" lon="12.7928800"></trkpt>
      <trkpt lat="41.4835300" lon="12.7928500"></trkpt>
      <trkpt lat="41.4834700" lon="12.7928400"></trkpt>
      <trkpt lat="41.4834600" lon="12.7928400"></trkpt>
      <trkpt lat="41.4834600" lon="12.7928300"></trkpt>
      <trkpt lat="41.4834600" lon="12.7928200"></trkpt>
      <trkpt lat="41.4834500" lon="12.7928200"></trkpt>
      <trkpt lat="41.4834500" lon="12.7928100"></trkpt>
      <trkpt lat="41.4834400" lon="12.7928000"></trkpt>
      <trkpt lat="41.4834300" lon="12.7927900"></trkpt>
      <trkpt lat="41.4834200" lon="12.7927900"></trkpt>
      <trkpt lat="41.4834200" lon="12.7927800"></trkpt>
      <trkpt lat="41.4834100" lon="12.7927800"></trkpt>
      <trkpt lat="41.4834000" lon="12.7927700"></trkpt>
      <trkpt lat="41.4833900" lon="12.7927700"></trkpt>
      <trkpt lat="41.4833800" lon="12.7927700"></trkpt>
      <trkpt lat="41.4833700" lon="12.7927700"></trkpt>
      <trkpt lat="41.4833600" lon="12.7927700"></trkpt>
      <trkpt lat="41.4833500" lon="12.7927700"></trkpt>
      <trkpt lat="41.4833400" lon="12.7927700"></trkpt>
      <trkpt lat="41.4833300" lon="12.7927800"></trkpt>
      <trkpt lat="41.4833200" lon="12.7927800"></trkpt>
      <trkpt lat="41.4833200" lon="12.7927900"></trkpt>
      <trkpt lat="41.4833100" lon="12.7927900"></trkpt>
      <trkpt lat="41.4833000" lon="12.7928000"></trkpt>
      <trkpt lat="41.4832900" lon="12.7928100"></trkpt>
      <trkpt lat="41.4832900" lon="12.7928200"></trkpt>
      <trkpt lat="41.4832800" lon="12.7928200"></trkpt>
      <trkpt lat="41.4832800" lon="12.7928300"></trkpt>
      <trkpt lat="41.4832800" lon="12.7928400"></trkpt>
      <trkpt lat="41.4832700" lon="12.7928400"></trkpt>
      <trkpt lat="41.4832700" lon="12.7928500"></trkpt>
      <trkpt lat="41.4832700" lon="12.7928600"></trkpt>
      <trkpt lat="41.4832600" lon="12.7928700"></trkpt>
      <trkpt lat="41.4832600" lon="12.7928800"></trkpt>
      <trkpt lat="41.4832600" lon="12.7928900"></trkpt>
      <trkpt lat="41.4832600" lon="12.7929000"></trkpt>
      <trkpt lat="41.4832600" lon="12.7929100"></trkpt>
      <trkpt lat="41.4832600" lon="12.7929200"></trkpt>
      <trkpt lat="41.4832600" lon="12.7929300"></trkpt>
      <trkpt lat="41.4832600" lon="12.7929400"></trkpt>
      <trkpt lat="41.4832600" lon="12.7929500"></trkpt>
      <trkpt lat="41.4832600" lon="12.7929600"></trkpt>
      <trkpt lat="41.4832700" lon="12.7929600"></trkpt>
      <trkpt lat="41.4832700" lon="12.7929700"></trkpt>
      <trkpt lat="41.4832700" lon="12.7929800"></trkpt>
      <trkpt lat="41.4832700" lon="12.7929900"></trkpt>
      <trkpt lat="41.4832800" lon="12.7929900"></trkpt>
      <trkpt lat="41.4832600" lon="12.7930500"></trkpt>
      <trkpt lat="41.4832500" lon="12.7930900"></trkpt>
      <trkpt lat="41.4832400" lon="12.7931400"></trkpt>
      <trkpt lat="41.4832300" lon="12.7932700"></trkpt>
      <trkpt lat="41.4831400" lon="12.7934300"></trkpt>
      <trkpt lat="41.4830500" lon="12.7935900"></trkpt>
      <trkpt lat="41.4830400" lon="12.7936000"></trkpt>
      <trkpt lat="41.4825000" lon="12.7945700"></trkpt>
      <trkpt lat="41.4823900" lon="12.7947500"></trkpt>
    </trkseg>
  </trk>
</gpx>
