Itinerario;ID;Livello;Genitore;Titolo;Sottotitolo; Testo_storia;Testo_Audio_Cicerone;Immagine;Tipo_Card;latitudine;longitudine;mappaCartella
Rieti e dintorni;1;Percorso;;1.Rieti;;;;;Principale;;;
Rieti e dintorni;1,1;Paese;1;1.Rieti;;"Allungata su un’altura alla destra del Velino, la città (m 405, ab. 46 000 circa) è
ancora chiusa tra il fiume e le superstiti mura medievali, modificate nei secoli. La
passeggiata può partire da piazza Cavour e dal ponte che supera le sponde del
fiume. Via Roma sale alle contigue piazze del centro – Vittorio Emanuele II,
Battisti, Vittori –, spazi urbani di elegante sobrietà sui quali affacciano gli storici
palazzi del potere.";;immagini/rieti_pan.webp;Principale;;;mappe-offline/Rieti
Rieti e dintorni;INF1;Info / Contatto;1,1;APT Rieti ufficio info turistiche;Orari ;📍 Indirizzo: Piazza Vittorio Emanuele<br>📞 Telefono: 366 824 9734<br>🕒 Orari: Lunedì, Mercoledì e Venerdì: 08:30 - 13:00Martedì e Giovedì: 08:30 - 13:00 e 15:00 - 17:00<br>🌐 Sito web: https://www.apt.rieti.it;;;Info / Contatto;;;
Rieti e dintorni;1,1,1;Monumento;1,1;2.Piazza Cavour;;"si affaccia nelle acque limpide del Velino e si apre alla piacevole
passeggiata sul lungofiume, con tavolini di ristoranti e bar nella bella stagione.
Rivolto al fiume è anche il monumento alla Lira, realizzato nel 2003 con la fusione
di oltre 2 milioni di monete da 200 lire. Il ponte Velino che conduce all’imbocco
di via Roma è stato ricostruito dopo le distruzioni della seconda guerra mondiale;
in parte nascosti dall’acqua si scorgono i resti del ponte romano, costruito in
blocchi di travertino nel I secolo d.C. e parzialmente demolito nel 1932-36";;immagini/rieti_ponte.webp;Dettaglio;42,399786;12,860908;
Rieti e dintorni;1,1,2;Monumento;1,1;3.Palazzo comunale;;"In piazza Vittorio Emanuele II, l’edificio di fondazione
duecentesca si presenta con un prospetto settecentesco di gusto neo classico,
affiancato da una torre di stile razionalista eretta negli anni Trenta del ’900.
Accoglie il Municipio e la sezione storico-artistica del Museo civico, con dipinti
dal XIII al XX secolo. Spiccano un polittico di Luca di Tommè (1370), una Madonna
del Latte di Antoniazzo Romano (1464), un trittico con Crocifissione e santi
francescani di Zanino di Pietro (1405 circa), S. Leonardo che libera un carcerato di
Antonio Gherardi (1698), e le opere di Antonio Calcagnadoro, donate alla città
dalla moglie del pittore reatino nel 1937; tra le sculture si ammira nella prima
sala Ebe (1815), statua in gesso e bronzo dorato di Antonio Canova. Al centro
della piazza, la barocca fontana dei Delfini venne costruita nel XVII secolo nel
punto più alto della città, smembrata nel corso del ’900 e qui in seguito
ricollocata.";;immagini/rieti_com.webp;Dettaglio;42,402692;12,860917;
Rieti e dintorni;1,1,3;Monumento;1,1;4.Duomo;;"Duomo. Fondato nel XIII secolo su una basilica paleocristiana documentata
fin dal V secolo, il complesso della Cattedrale di S. Maria Assunta fu rimaneggiato
nel XV e ancora tra XVII e XIX secolo. È composto dalla chiesa superiore, dalla
chiesa inferiore o cripta, dal battistero (XIII secolo) e dal campanile romanico
(1252) che affaccia su piazza Cesare Battisti insieme al portico quattrocentesco:
romanico è anche il portale mediano. Nell’interno barocco si ammirano un
affresco, Madonna e santi, 1494, su disegno di Antoniazzo Romano nella 1a
cappella sinistra e una statua di S. Barbara su bozzetto di Bernini nella 4a. La
cripta è medievale, con colonne di spoglio provenienti dalla città romana.";;immagini/rieti_duomo.webp;Dettaglio;42,401333;12,859389;
Rieti e dintorni;1,1,4;Monumento;1,1;5.Palazzo papale *;;"Preceduto dallo scenografico monumento a S. Francesco
(1927), si riconosce per la loggia delle benedizioni e le profonde arcate gotiche
delle volte del Vescovado aperte al pianterreno. Ricostruito a partire dal 1283 su
un preesistente edificio di identica funzione, ospitò diversi papi tra cui Gregorio
IX che nel 1234 vi ricevette Federico II. Nell’ampio vestibolo che dà accesso al
palazzo un presepe con oltre 70 figure in terracotta, realizzato nel 2018, ricorda la
prima rappresentazione a Greccio per opera di san Francesco. Duecentesco è
anche l’arco del Vescovo, o di Bonifacio VIII, maestoso cavalcavia su via Cintia.";;immagini/rieti_papale.webp;Dettaglio;42,402361;12,858861;
Rieti e dintorni;1,1,5;Monumento;1,1;6.Pazza San Rufo;Umbilicus Italiae;"Racchiusa tra gli imponenti edifici di via Roma e di via
Garibaldi, cardo e decumano della città romana, mostra al centro un singolare
monumento circolare con il profilo della penisola italiana, realizzato tra gli anni
Ottanta e Novanta del ’900 per ricordare il tradizionale umbilicus italiae, secondo
le indicazioni di Marco Terenzio Varrone.";;immagini/rieti_umb.webp;Dettaglio;42,402194;12,826167;
Rieti e dintorni;1,1,6;Monumento;1,1;7.Rieti sotterranea;;"resti del viadotto romano fatto costruire per evitare l’impaludamento della via Salaria, l’antica via del sale. Questo poderoso manufatto permetteva alla consolare di entrare in città, assumendo così un ruolo d’estrema importanza per la Reate romana che necessitava di un diretto collegamento con L’Urbe. La struttura rintracciabile nei sotterranei di alcune nobili dimore è formata da grandiosi fornici di calcare a sostegno del piano stradale.
Orari visite: Tutti i sabato alle ore 11.00 e alle ore 18.00. Tutte le domeniche alle ore 11.00
Prefestivi e festivi con gli stessi orari.
Durata della visita: 1 ora 30 minuti circa";;immagini/rieti_sott.webp;Dettaglio;42,40003;12,86088;
Conca reatina;2;Percorso;;2.Conca reatina;18-ago;;itinerari/1_tour_concareatina-1.jpg, itinerari/1_tour_concareatina-2,jpg, itinerari/1_tour_concareatina-3.jpg,, itinerari/1_tour_concareatina-4.jpg;;Principale;;;
Conca reatina;2 partenza;Paese;2;0, Rieti;;;;;Principale;42,402692;12,860917;mappe-offline/conca_reatina
Conca reatina;2,1;Paese;2;1. Fonte Colombo;Sinai Francescano;;;;Principale;42,378844;12,821361;mappe-offline/conca_reatina
Conca reatina;INF2.1;Info / Contatto;2,1;Santuario fonte Colombo;Orari;📍 Indirizzo:via Fonte Colombo, 40<br>📞 Telefono: +39 0746 210125<br>🕒 Orari:Tutti i giorni compresi i Festivi dalle ore 9:00 alle 19:00<br>🌐 Sito web: https://www.santuarivallesanta.com/santuari/fonte-colombo;;;Info / Contatto;;;
Conca reatina;2,1,1;Monumento;2,1;1.1 Convento di Fonte Colombo;;"Il ‘Sinai francescano’ è il colle, coperto da un bosco di lecci, in cui Francesco nel
1223 si ritirò a digiunare per 40 giorni, dettando la Regola dell’Ordine. Alla
sinistra della chiesa (con portico rifatto nel 1940 e annesso convento, in parte
quattrocentesco) si scende al Sacro Speco, la grotta nel dirupo dove il santo si
rifugiò in preghiera. Prima di affrontare la ripida scalinata si incontra un
minuscolo oratorio con affreschi duecenteschi (si riconosce la figura di Maria
Maddalena, protettrice dei penitenti); la tradizione dice che la croce tau dipinta
nel vano della finestrella a sinistra sia dovuta alla mano di Francesco";;immagini/conca_colombo.webp;Dettaglio;;;
Conca reatina;2,1,1,1;Opera;2,1,1;La chiesa;;"Notevole è l’affresco della lunetta del portale del XV sec., che rappresenta al centro la Madonna con il Bam­bino ed ai lati s. Francesco e s. Lu­dovico di Tolosa. La chiesa fu costruita nella seconda metà del XIII sec., ingrandita nel XV, consacrata nel 1450 e dedicata a s. Francesco e a s. Bernardino da Siena.

Subito a destra notiamo una scultura lignea del XVII sec., s. Francesco in meditazione ai piedi del Crocifisso. Poco oltre un’altra scultura rappresenta l’approvazione della Regola da parte di Cristo stesso, opera è di fra Giovanni da Pisa (1645).

Dietro l’altare, originale del sec. XV, il coro ligneo usato dai Frati per la preghiera in co­mune.
Una copia ingrandita del testo della Regola e una Madonna col Bambino della scuola di Antoniazzo Romano (sec. XV) recentemente restaurata, riempiono la parete sinistra.

Le vetrate, del Picchiarini su disegno di Duilio Cambellotti (1926), rappresentano episodi della vita di s. Francesco.";;immagini/conca_colombo_chiesa.webp;Dettaglio;;;
Conca reatina;2,1,1,2;Opera;2,1,1;Il Santuario;;"Il Santuario
Usciamo dalla chiesa, oltrepassando un cancello a sinistra, scendiamo. A destra incontriamo il romitorio abitato da s. Francesco e dai suoi primi compagni, il luogo dove il Santo subì l’operazione agli occhi, e l’antico Convento del XV sec.

Di fronte, subito dopo, la Cappella della Madonna detta comunemente della Madda­le­na, già esistente al tempo di s. Francesco. Nell’angolo della finestra di sinistra il Tau segnato da s. Francesco. Il Tau, già segno biblico di redenzione, è ri­preso da s. Francesco come suo sigillo. Vi ve­deva la croce di Cristo.";;immagini/conca_colombo_santuario.webp;Dettaglio;;;
Conca reatina;2,1,1,3;Opera;2,1,1;Il Sacro Speco;;"Il Sacro Speco
Per una ripida scalinata si giunge al Sacro Speco, dove s. Francesco ricevette, se­condo la tradizione, la Regola dei Frati Minori.
Ci si trova davanti alla Cappella di s. Mi­chele, l’Arcangelo tanto venerato dal Santo. Continuando la discesa, si entra in una fenditura della roccia dove s. Francesco si im­mergeva nella intimità con Dio. Risalendo, arriviamo al luogo del leccio do­ve, secondo la tradizione, apparve Nostro Si­gnore per confermare la Regola.";;immagini/conca_colombo_speco.webp;Dettaglio;;;
Conca reatina;2,1,1,4;Opera;2,1,1;Il Chiostro;;"Il Chiostro
Esso si mostra irregolare nella forma: collega infatti i vari ambienti della vita comunitaria dei frati, ambienti sviluppatisi in epoche diverse. Sul lato più alto della costruzione riconosciamo una sezione lasciata a pietre a “facciavista”: si tratta dell’antica casa colonica che s. Francesco trovò sul Monte Rainiero, insieme alla cappella della Madonna e al Romitorio.";;immagini/conca_colombo_chiostro.webp;Dettaglio;;;
Conca reatina;2,2;Paese;2;2.Cottanello;;Arroccato su una collina ricca di olivi e circondato da un panorama verdeggiante, Cottanello conserva ancora l’aspetto di un antico borgo medievale. La Porta del Regno, ricostruita nel 1572, accoglie ancora oggi chi entra e s’inoltra tra i vicoli stretti che conducono fin sopra la bella piazzetta con la Chiesa parrocchiale di Sant’Andrea Apostolo, patrono di Cottanello.;;immagini/conca_cottanello.webp;Principale;42,404611;12,684139;mappe-offline/conca_reatina
Conca reatina;INF2,2;Info / Contatto;2,2;Cottanello;PRENOTAZIONE OBBLIGATORIA;"📍 Indirizzo:Via Umberto I, 5<br>📞 Telefono:+39 0746.66.122 | 0746.66.129 | 348.32.91.022 br>🕒 domenica mattina dalle 9.30 alle 12.00
È comunque possibile telefonare per concordare altri orari di visita<br>🌐";;;Info / Contatto;;;
Conca reatina;2,2,1;Monumento;2,2;2_1.Villa romana;;"In località Collesecco
sono venuti alla luce resti di una rustica villa romana, incentrata sulla
produzione di colture specializzate (vite e olivo) ma con tracce di ricchi mosaici
pavimentali.";"La planimetria, piuttosto articolata, evidenzia una duplice destinazione d'uso: un'azienda agricola a conduzione schiavistica attrezzata per la produzione di prodotti alimentari, e una residenza di campagna di tipo padronale, abbellita da decorazioni scultoree, terrecotte architettoniche e pavimenti musivi, ottimamente conservati, realizzati a mosaico geometrico con calcare locale e con il marmo rosso di Cottanello[4]. Una delle soglie presenta inserti figurati con motivi vegetali, un'altra raffigura una coppia di gallinacci. Le pareti sono rivestite di intonaco dipinto; sono evidenti alcuni resti della decorazione fittile. Il lavoro di scavo ha inoltre restituito 184 frammenti di terrecotte architettoniche tipo antefisse, tegole di gronda decorate, lastre di sima, di coronamento e di rivestimento, gocciolatoi, ecc.[5]

La villa rientra nello schema classico della Domus ad atrio. Sono stati identificati i seguenti ambienti:

l'atrio è una grande sala con il pavimento a mosaico a crocette bianche su fondo nero; è un'architettura di tipo tuscanico; l'acqua piovana si raccoglieva nell'impluvium quadrangolare con fondo piatto in opus spicatum, e da qui veniva distribuita agli ambienti termali attigui mediante tubature e fognali
il tablino, sala di passaggio fra l'atrio e il peristilio
alcuni cubicoli adiacenti al tablino con pavimento a mosaico
il peristilio, o cortile interno aperto circondato da un portico a colonne
il triclinio estivo, o sala da pranzo, con pavimento in mosaico bianco e nero; aveva aperture oggi in parte murate
tre ambienti sul lato meridionale del peristilio, sale e cucina, un tempo comunicanti con l'atrio
il frigidario, o sala con vasca per il bagno freddo
il calidario, o stanza riscaldata, a forma rettangolare, con abside nel lato minore
il tepidario, sala vicino al calidario riservata al bagno tiepido o al bagno di vapore
il prefurnio è la stanza in posizione centrale dove si trova l'apparecchiatura di riscaldamento dell'acqua
il criptoportico monumentale, indagato solo per circa 36 m., è situato sotto il piano di calpestio e sembra attraversare gran parte della villa; è coperto da una volta a botte; mantiene tuttora un tasso di umidità e una temperatura costanti; probabilmente era usato come magazzino
Altri ambienti ad uso termale o di servizio sono meno riconoscibili a causa di numerosi rifacimenti subiti dalle murature, costruite in pietra calcare locale o rossa tipica di Cottanello.";immagini/conca_villa.webp;Dettaglio;;;
Conca reatina;2,2,2;Monumento;2,2;2_2.Eremo san Cataldo;;;"Il complesso è incastonato nella roccia e poggia su una sostruzione formata da tre archi a tutto sesto. Davanti si trova la stretta scalinata che sale verso l’eremo, a circa 10 metri d’altezza affacciata verso la ripida vallata del torrente Aia.
Il cuore del luogo sacro è al centro della struttura, dove si trova la chiesetta. Nella parte superiore troveremo solo un campanile a vela con una piccola campana; qui vi accoglierà un magnifico panorama verso Cottanello e la vallata sottostante.

L’ambiente interno è mistico e di assoluto fascino antico. Oltre al dipinto del Cristo in trono possiamo ammirare il pregevole affresco del XII secolo “Il Redentore Benedicente” visibile sulla parete sinistra della chiesetta. Affreschi realizzati in epoche successive decorano altre zone della chiesa tra cui: una “Madonna con Bambino”, “Adamo ed Eva nel Paradiso Terrestre” (volta a crociera), una “Vergine col Bambino” risalente al 1444. Nella parete destra dell’abside è presente l’affresco raffigurante Sant’Agostino e San Tommaso d’Aquino. Al centro dell’abside si nota l’altare di marmo rosso di Cottanello. Un altro ambiente collegato alla piccola chiesa da un arco è sprovvisto del tetto e di alcune sezioni delle pareti. Purtroppo alcune opere pittoriche sono andate perdute anche a causa delle esplosioni avvenute durante la Seconda Guerra Mondiale. Nonostante ciò, rimane intatto il magnetismo mistico dell’eremo di San Cataldo, a distanza di oltre 1000 anni.

Nel 2005 grazie alla Fondazione Varrone di Rieti, con la supervisione della Soprintendenza dei Beni Artistici, Storici ed Etnoantropologici del Lazio, la struttura tornò all’aspetto originale, restaurando anche il dipinto “Cristo in trono, Apostoli e Santi” di pregevole valore artistico.";immagini/conca_cataldo.webp;Dettaglio;;;
Conca reatina;2,3;Paese;2;3.Greccio;;"Greccio (m 705, ab. 1500
circa), borgo medievale arroccato alle pendici del monte Lacerone, con resti di
mura e torri che presidiavano il castro (XI secolo). Sopra l’ariosa piazza Roma
svetta la collegiata di S. Michele, riedificata alla fine del ’700; l’isolata torre
campanaria venne eretta nel XVII secolo sui resti di una torre medievale. Nelle
strette e suggestive vie del borgo, dove ogni anno rivive il tradizionale presepe
vivente (24 dicembre-6 gennaio), affreschi murali realizzati da artisti italiani e
stranieri raccontano episodi della vita di Francesco.";;immagini/conca_greccio.webp;Principale;42,379444;12,752306;mappe-offline/conca_reatina
Conca reatina;INF2.3;Info / Contatto;2,3;Santuario Greccio;;📍 Indirizzo:viaSan Francesco, 1<br>📞 Tel. +39 0746 750127<br>🕒 Orari:Tutti i giorni compresi i Festivi dalle ore 9:00 alle 19:00<br>🌐 Sito web: https://www.santuarivallesanta.com/santuari/greccio/;;;Info / Contatto;;;
Conca reatina;2,3,1;Monumento;2,3;3_1.Convento di Greccio =;"Orario di apertura del Santuario:
Tutti i giorni, compresi i Festivi, dalle 9:00 alle 18:00 (solo nei mesi di luglio e agosto alle 19:00)";"Aggrappato alla roccia (m 635) e circondato da un bosco di lecci, il convento
sorge sul luogo in cui san Francesco avrebbe per la prima volta rappresentato la
natività (24-25 dicembre 1223), dando origine alla tradizione del presepe.";;immagini/conca_greccio_conv.webp;Principale;;;
Conca reatina;2,3,1,1;Opera;2,3,1;3_2.cappella del Presepe;;"Scavata nella roccia, la cappella del Presepe conserva dietro l’altare un affresco
quattrocentesco di scuola giottesca con la rappresentazione della Natività,
affiancato dalla figura di Maria Maddalena, patrona dei penitenti, e dalla
rievocazione del presepe di Greccio; sulla parete esterna della cappella, S. Giovanni
Battista e Natività è un affresco del Maestro di Fossa (XIV secolo)";;immagini/conca_greccio_presepe.webp;Dettaglio;;;
Conca reatina;2,3,1,2;Opera;2,3,1;3_3.Altri ambienti;;"Si visitano anche
il dormitorio del santo, la duecentesca chiesetta di S. Bonaventura (primo
luogo di culto dedicato a Francesco), l’attiguo oratorio di S. Francesco (il
dipinto del santo piangente è copia dell’originale perduto). Dal dormitorio di S.
Bonaventura, con nude celle di legno, si raggiunge la grotta del beato Giovanni
da Parma (1208 circa-1289), costretto, secondo la tradizione, a ritirarvisi per 32
anni dopo un’accusa di eresia: la vista* spazia su gran parte della Conca reatina.";;immagini/conca_greccio_ambienti.webp;Dettaglio;;;
Conca reatina;2,4;Paese;2;4. La Foresta;Santuario francescano di Santa Maria della Foresta;"Il convento (m 520) sorse nel 1225-32 attorno alla chiesetta di S. Fabiano, dove
Francesco, malato agli occhi, si rifugiò nel 1225 per riposarsi e celarsi ai fedeli.
Secondo la tradizione qui compose il Cantico delle Creature, ispirato dalla bellezza
della natura circostante.";;immagini/conca_laforesta.webp;Principale;42,428583;12,880194;mappe-offline/conca_reatina
Conca reatina;INF2,4;Info / Contatto;2,4;Santuario la Foresta;;📍 Indirizzo:Via Foresta, 30,<br>📞 Tel. +39 0746 200085<br>🕒 Orari:Tutti i giorni 9:00 – 12:00 / 14:30 – 18:30<br>🌐 Sito web: https://www.santuarivallesanta.com/santuari/la-foresta/;;;Info / Contatto;;;
Conca reatina;2,4,1;Monumento;2,4;4_1.Chiesa;;"Alla chiesa si accede per un portico trecentesco. La
costruzione originaria, con resti di affreschi del ’500 nell’abside e sulla parete di
fondo, fu ampliata nel ’600 con l’aggiunta di una seconda chiesa intitolata a S.
Maria della Foresta, così chiamata per i boschi di castagni e lecci che ancora oggi
circondano il convento";;immagini/conca__laforesta_chiesa.webp;Dettaglio;;;
Conca reatina;2,4,2;Monumento;2,4;4_2.Chiostrino;;"Nel chiostrino quattrocentesco si trovano la casetta in
cui visse Francesco e la vasca legata al cosiddetto miracolo del vino: la poca uva
rimasta nella vigna del prete che viveva a S. Fabiano, saccheggiata dalla gente
accorsa per incontrare Francesco, produsse vino a profusione.";;immagini/conca__laforesta_chiostrino.webp;Dettaglio;;;
Conca reatina;2 ritorno;Paese;2;0. Rieti;;;;;;42,402692;12,860917;mappe-offline/conca_reatina
Terminillo;3;Percorso;;3.Terminillo;19-ago;;itinerari/2_Tour_Terminillo_Rieti-immagini-0.JPG, itinerari/2_Tour_Terminillo_Rieti-immagini-1.jpg;;Principale;;;
Terminillo;3 partenza;Paese;3;0, Rieti;;;;;Principale;42,402692;12,860917;mappe-offline/Terminillo
Terminillo;3,1;Paese;3;1.Anello da Pian de' Valli al Rifugio Rinaldi (Escursionisti - E);;"Punto di partenza: L'anello parte dal piazzale principale di Pian De' Valli - Terminillo (circa 1600 m).

Itinerario: Si sale seguendo il sentiero in direzione del Monte Terminilletto (2104 m), sulla cui cima sorge il Rifugio Massimo Rinaldi. La terrazza del rifugio offre una vista spettacolare direttamente verso il Gran Sasso e la piana reatina. Per completare l'anello, si può ridiscendere intercettando le piste da sci o le carrarecce di servizio che riportano agevolmente a Pian de' Valli.

Caratteristiche: Il percorso richiede circa 2 ore e mezza o 3 ore di cammino, con un dislivello di circa 500 metri.";;immagini/terminillo.webp;Principale;42,4529;12,9853;mappe-offline/Terminillo
Terminillo;3,2;Paese;3;2.Leonessa;;"Situato in una conca del versante settentrionale dei monti Reatini, il borgo (m
969, ab. 2200 circa) nacque nel XIII secolo per fusione di alcuni villaggi e
appartenne nel tempo allo Stato della Chiesa, ai Farnese, al Regno di Napoli.
Conserva nel nucleo storico un impianto a vie parallele percorse da bassi portici
di case medievali, con palazzi rinascimentali e barocchi e storiche chiese che ne
fanno una cittadina d’arte, oltre che un paese di montagna frequentato per
vacanze estive e invernali.";;immagini/terminillo_leonessa.webp;Principale;42,5686;12,86;mappe-offline/Terminillo
Terminillo;INF3,2;Info / Contatto;3,2;Leonessa;;📍 Indirizzo:Corso San Giuseppe 48 ,<br>📞 Tel. +39 0746/923212/ 0746/923380<br>🕒 Orari: feriali 10-13  17-20   festivi 10-13 / 14:30 – 18:30<br>🌐 Sito web: https://www.leonessa.org/proloco/proloco.htm;;;Info / Contatto;;;
Terminillo;3,2,1;Monumento;3,2;2_1 Chiesa;;" La tardogotica chiesa di S. Francesco (XV-XVI secolo)
conserva affreschi votivi del XIV-XV secolo e, nella cappella sulla destra, un grande
presepe abruzzese degli inizi del ’500.";;immagini/terminillo_leo_chiesa.webp;Dettaglio;;;
Terminillo;3,2,2;Monumento;3,2;2_2 Convento;;"L’annesso ex convento ospita la sezione
demoantropologica del Museo civico, archivio della cultura popolare dell’alta
Sabina con fotografie, documenti storici e strumenti di lavoro. Piazza VII Aprile,
dove si corre il tradizionale Palio del Velluto (ultima settimana di giugno), ha al
centro la cinquecentesca fontana farnesiana, per sfondo la chiesa di S. Pietro (XV
secolo) e il suo imponente campanile, per quinta il declivio boscoso del monte.";;immagini/terminillo_leo_chiostro.webp;Dettaglio;;;
Terminillo;3,3;Paese;3;3.Labro;;"La Bandiera Arancione del Touring Club Italiano segnala la qualità ambientale di
questo paese (m 628, ab. 400 circa) abbarbicato a piramide alla cima di un colle,
in un panorama diviso tra il vicino lago di Piediluco e il Terminillo. La sua storia
di castello medievale isolato e conteso, edificato nel X-XI secolo dai Nobili, nel
’500 ceduto ai Vitelleschi, si traduce oggi in un nucleo urbano omogeneo e
curato, con antiche case di pietra e viuzze scavalcate da archi. All’ingresso
dell’abitato, il castello Nobili-Vitelleschi (privato ma visitabile a richiesta) è
utilizzato per ricevimenti ed eventi. Nella parte alta del borgo, la cinquecentesca
parrocchiale di S. Maria occupa forse la sala d’armi di un precedente castello,
che i signori di Labro furono costretti a distruggere a fine ’400 per sfuggire a una
scomunica papale. Al margine di un panoramico spazio erboso un torrione
semicircolare è un avanzo della fortificazione.";;immagini/terminillo_labro.webp;Principale;42,5261;12,8003;mappe-offline/Terminillo
Terminillo;INF3,3;Info / Contatto;3,3;Labro;;📍 Indirizzo:Via Garibldi 11 (comune)<br>📞 Tel. +39 0746636134<br>🕒 Orari:<br>🌐 Sito web: ;;;Info / Contatto;;;
Terminillo;3,4;Paese;3;Poggio Bustone;;;;;Principale;42,5044;12,8928;mappe-offline/Terminillo
Terminillo;INF3,4;Info / Contatto;3,4;Convento san Giacomo;;📍 Indirizzo:Piazzale Missioni Francescane,<br>📞 Tel. +39 0746 688916<br>🕒 Orari:Tutti i giorni 08:00 – 13:00  | 15:00 – 18:00<br>🌐 Sito web:https://www.santuarivallesanta.com/santuari/poggio-bustone/;;;Info / Contatto;;;
Terminillo;3,4,1;Monumento;3,4;4. Convento Poggio Bustone;"Orario delle visite al Santuario:
ESTIVO:  08:00 – 13:00  | 15:00 – 19:00";" Il convento , fondato nel 1235-37, comprende una chiesa
risalente alla fine del ’300 dedicata a S. Giacomo Maggiore. Il chiostro conserva
una parte delle colonne del convento originario e resti di affreschi (una
quattrocentesca Madonna col Bambino di scuola umbro-toscana, e Storie del Santo,
del ’600). Un sentiero sale ripido (mezz’ora di cammino) fino al romitorio di S.
Francesco (m 1075), luogo di ritiro e preghiera ai piedi di una rupe";;immagini/conca_bustone.webp;Dettaglio;;;
Terminillo;3 ritorno;Paese;3;0. Rieti;;;;;Principale;42,402692;12,860917;mappe-offline/conca_reatina
Trasferimento;4;Percorso;;4.Trasferimento a Borgo Bainsizza;20-ago;;itinerari/3 tour-Rieti _BorgoBainsizza-immagini-0.jpg, itinerari/3 tour-Rieti _BorgoBainsizza-immagini-1.jpg;;Principale;;;
Trasferimento;4 partenza;Paese;4;0, Rieti;;;;;Principale;42,5261;12,8003;mappe-offline/Trasferimento
Trasferimento;4,1;Paese;4;1.Farfa;Borgo medievale;Il Borgo di Farfa è una frazione di Fara in Sabina, in provincia di Rieti. Il nome deriva dal fiume Farfa — il Farfarus di Ovidio, il Fabaris di Virgilio. È un villaggio cresciuto intorno alla sua celebre abbazia benedettina, con botteghe artigiane dal tipico architrave in legno che risalgono al 1480.;;immagini/trasf_farfa1.webp;Principale;42,222722;12,717972;mappe-offline/Trasferimento
Trasferimento;INF4,1;Info / Contatto;4,1;ABBAZIA;;📍 Indirizzo:Via del Monastero, 1<br>📞 Tel. 0765 277271 - 338 6077654<br>🕒 Orari:Tutti i giorniDalle 10:00 alle 13:00 e dalle 15:00 alle 17:00 <br>🕒 Visite guidate senza prenotazione Mattina 10:00 - 11:00 - 12:00 Pomeriggio (ora legale) 15:30 - 16:30<br>🌐 Sito web: https://www.abbaziadifarfa.it;;;Info / Contatto;;;
Trasferimento;4,1,1;Monumento;4,1;1_1Borgo;;"Caratteristico villaggio sorto presso la famosa abbazia, chiuso da mura si compone da basse costruzioni al cui piano terreno si aprono delle botteghe artigiane, dal tipico architrave in legno, che venivano date in affitto dai monaci nelle grandi fiere di aprile e settembre che richiamavano gente da tutta l’Italia centrale.
La planimetria è tipicamente medievale: al pian terreno troviamo la bottega artigiana con un’ampia apertura sulla strada mentre al piano superiore sono le stanze di abitazione, che fanno del borgo un luogo senza tempo.
Lo sviluppo successivo del borgo avviene sempre tangenzialmente alla strada principale, in parallelo rispetto al lato lungo del monastero.
Ogni strada prende il nome dalle merci che vi si custodivano. Unica contrapposizione a questo parallelismo è la strada perpendicolare, in corrispondenza dell’ingresso dell’abbazia, aperta per volontà di Alessandro Farnese nel 1572.
Nella visita del Borgo si possono acquistare prodotti artigianali quali biscotti, ceramiche e tessuti alcuni dei quali prodotti con un antico telaio del ‘600 ancora funzionante. Oltre a un Erboristeria di Monastica Officina che seleziona i migliori prodotti alimentari e di cosmetica dei Monasteri, dei Conventi e delle Abbazie d’Italia e d’Europa, creando speciali confezioni da acquistare direttamente.";;immagini/trasf_farfa.webp;Dettaglio;;;
Trasferimento;4,1,2;Monumento;4,1;1_2Abbazia;;"Sorta sul fianco della valle del Farfa (m 138), fu uno dei più potenti centri
monastici del medioevo, capace di allargare a lungo la sua influenza religiosa,
culturale, politica a vaste zone dell’Italia centrale. Fondata nel VI secolo in un sito
più prossimo all’attuale Fara in Sabina, ricostruita dov’è oggi nel 680 dalla
comunità benedettina di san Tommaso di Maurienne, Farfa raggiunse l’apice della
sua importanza nel IX e poi nel X secolo, dopo la cacciata dei saraceni che nell’898
se ne erano impossessati e ne avevano fatto la base delle loro scorrerie. Famoso
per la qualità dei codici che produceva fu lo scriptorium. Il declino iniziò nel XV
secolo, quando l’abbazia venne trasformata in commenda e affidata agli Orsini.
Divenuta esigua (nel 1769 la carica di abate fu attribuita al vescovo della Sabina),
la comunità monastica scomparve con l’Unità d’Italia e l’abbazia passò in mano
privata. Fu ricostituita nel 1919 col trasferimento di monaci dalla basilica di S.
Paolo fuori le Mura a Roma. Al complesso religioso si accede attraverso un
portale quattrocentesco, che immette nel cortile su cui prospetta la chiesa.";;immagini/trasf_farfa_abbazia.webp;Dettaglio;;;
Trasferimento;4,1,2,1;Opera;4,1,2;1_2_1Chiesa;;" Venne ricostruita nel 1492 con orientamento perpendicolare rispetto al
precedente edificio di età carolingia, cui si sovrappone in coincidenza del
transetto (un frammento di muro dipinto e un tratto di pavimentazione pertinente
a quell’edificio si trovano davanti e sotto l’altare maggiore). Il portale
cinquecentesco reca lo stemma degli Orsini e un affresco nella lunetta. L’interno
è a tre navate su colonne romane di reimpiego, con soffitto ligneo che reca al
centro lo stemma degli Orsini (XV secolo). Spicca in controfacciata un grande
dipinto del Giudizio Universale, realizzato nel 1561 da un maestro fiammingo con
la rara tecnica di olio su muro. Tra gli archi della navata centrale e parte di quelli
del presbiterio, aperto da finestre gotiche, gli affreschi appartengono alla scuola
degli Zuccari, cui si devono le grottesche sul soffitto del transetto e del coro
(1576); nella navata sinistra, altri affreschi sono dovuti a Orazio Gentileschi e
allievi (1597-99), mentre sul pilastro a sinistra del presbiterio la Madonna di Farfa
è una venerata immagine del XIII secolo, rivestita da una lamina di ottone
sbalzato.";;immagini/trasf_farfa_abbazia_chiesa.webp;Dettaglio;;;
Trasferimento;4,1,2,2;Opera;4,1,2;1_2_2Ambienti;;"Ambienti abbaziali. Per un corridoio alle spalle della chiesa si accede al
cosiddetto chiostrino longobardo, con elementi romanici, dal quale si vede di
scorcio il campanile a quattro piani di trifore. Dal chiostro grande, seicentesco,
si scende alla cripta carolingia che conserva resti di pitture murali e un
sarcofago romano del II secolo. Nei locali adiacenti al chiostro grande, la sezione
medievale del Museo civico di Fara in Sabina custodisce reperti archeologici,
oreficerie e oggetti d’arte; una scenografica installazione dello scenografo e
illustratore Emanuele Luzzati racconta la storia dell’abbazia. La biblioteca è ricca
di circa 50 000 volumi, tra cui manoscritti medievali, incunaboli e celebri corali
miniati del ’400 e del ’500.";;immagini/trasf_farfa_abbazia_ambienti.webp;Dettaglio;;;
Trasferimento;4,2;Paese;4;2.Poggio Mirteto;;"Su un colle alle falde del monte San Cosimo alto sulla valle del Tevere, il paese (m
246, ab. 6100 circa) è ricordato sin dal X secolo come possedimento dell’abbazia
di Farfa; nel XVI fu feudo dei Farnese, poi degli Orsini infine della Chiesa. La porta
Farnese (1576), voluta da Alessandro Farnese in occasione del riassetto
urbanistico della città e sormontata da una loggia settecentesca, dà accesso al
borgo medievale cinto da mura trecentesche, con un reticolo di suggestive
viuzze. Usciti dal perimetro del borgo, per via Gramsci si raggiunge la
duecentesca chiesa di S. Paolo, che conserva all’interno affreschi in grande
varietà di temi e stili: risalgono al XIII-XIV secolo quelli nella navata, al 1521 quelli
che ornano l’arco trionfale e l’abside. Coeve alla costruzione della chiesa, e di alta
qualità pittorica, sono le pitture in controfacciata, tra le quali Annunciazione e
Deposizione di scuola giottesca. Nella parte moderna dell’abitato spicca la vasta
Cattedrale (1641-1725), con alta facciata in cotto. È viva a Poggio Mirteto la
tradizione del dissacratorio Carnevalone liberato, allusivo al risorgimentale spirito
di ribellione allo Stato pontificio.";;immagini/trasf_poggio.webp;Principale;42,268278;12,687222;mappe-offline/Trasferimento
Trasferimento;INF4,2;Info / Contatto;4,2;Poggio Mirteto;;📍 Indirizzo:Piazza Mario Dottori, 19,<br>📞 Tel. +39 0765 545200<br>🕒 Orari🌐 Sito web: ;;;Info / Contatto;;;
Trasferimento;4,3;Paese;4;3:Lucus Feroniae;;"In località Capena, 20 km a nord-est di Roma sulla Tiberina si trovano gli scavi di
una delle più importanti città antiche della valle del Tevere. Alle origini del nome
– da Lucus, bosco sacro – c’è il ricordo di un santuario di origine remota, come
remoto era il culto alla dea Feronia, protettrice della fertilità e delle acque
sorgive. Centro dei capenati (popolo italico preromano), la città fu poi romana,
fiorente per gli scambi con le popolazioni latine, rifondata in età
tardorepubblicana come colonia Iulia Felix Lucus Feroniae. A fianco dell’area
sacra (VI secolo a.C.) si sviluppa quella urbana con il foro, un impianto termale,
una basilica e un piccolissimo anfiteatro. Un Antiquarium illustra la genesi della
città ed espone i reperti rinvenuti nell’area. Non lontano sono stati scavati i resti
della villa dei Volusii, vasto complesso rurale della metà del I secolo a.C. (aperto
alle visite grazie ai Volontari del Touring Club Italiano).";;immagini/trasf_locus.webp;Principale;42,133194;12,596028;mappe-offline/Trasferimento
Trasferimento;INF4,3;Info / Contatto;4,3;Locus Feroniae;;📍 Indirizzo:Via Tiberina, Km 18,500 <br>📞 Tel. +3906 908 5173<br>🕒 Orari:dal martedì al sabato: dalle ore 8,30 alle ore 19,30 domenica e giorni festivi: dalle ore 8,30 alle ore 13,30 (pomeriggio chiuso)<br>🌐 Sito web: sabap-rm-met.beniculturali.it/it/292/lucus-feroniae;;;Info / Contatto;;;
Trasferimento;4,3,1;Monumento;4,3;3_1Villa Volusii;;"Appena fuori città, a 500 m. da Feronia, è emersa, come al solito per caso, durante i lavori di scavo dell'Autostrada del Sole, la villa dei Volusii Saturnini, una potente famiglia senatoria.
Il primo personaggio di cui si ha notizia è il pretore Quinto Volusio, personaggio noto a Cicerone, a cui si deve la prima edificazione della Villa nel 50 a.c
La villa fu ampliata dal figlio Lucio Volusio Saturnino, console nel 12 a.c., cui si dovettero le nuove decorazioni a mosaico e soprattutto l’ampliamento del settore signorile con la costruzione del gigantesco peristilio, al cui interno fu edificato un interessante lararium con le statue degli antenati. tra la media età augustea e la prima età tiberiana, dal 10 a.c. al 20 d.c..";"🏛️ Le due Fasi Costruttive & Tecniche Edilizie
Prima Fase (Periodo Repubblicano):

Focus: Nucleo centrale e parte signorile.

Aspetto: Lussuosa abitazione di campagna (villa d'otium), basata sul modello della domus urbana con terrazze e giardini.

Tecnica e pavimenti: Costruzioni in opus incertum; predominanza di mosaici policromi (a cassettoni, a cancellata con uccelli e fiori).

Seconda Fase:

Focus: Ristrutturazione parziale della zona residenziale e creazione del grande complesso servile.

Aspetto: Vasto complesso rurale e produttivo, fulcro di un grande latifondo a sfruttamento intensivo.

Tecnica e pavimenti: Costruzioni in opus reticulatum; predominanza di mosaici in bianco e nero.";immagini/trasf_locus_Villa_dei_Volusii.webp;Principale;;;
Trasferimento;4,3,1,1;Opera;4,3,1;3-1-1Zona signorile;;"Il nucleo centrale padronale si sviluppa attorno a un grande peristilio rettangolare (6 x 4 colonne tuscaniche in calcare) con un corridoio pavimentato in marmi colorati su fondo nero. Un passaggio unisce quest'area alla zona servile.

Tablinio (Sala da pranzo): Vasto ambiente a triplice ingresso; ha un vano di passaggio a sud e una sala a nord.

Oecus (Sala di soggiorno): Pavimentata in splendido opus sectile (marmi intarsiati).

Cubicoli (Stanze da letto) & Latrine: Si aprono direttamente sul peristilio.

Esedra: Divisa in due parti.

Area Produttiva Integrata: Ambienti adibiti a frantoio situati dietro i vani del lato Nord-Est.";;immagini/trasf_locus_peristilio.webp;Dettaglio;;;
Trasferimento;4,3,1,2;Opera;4,3,1;3_1_2Complesso servile;;"⛓️ Complesso Servile (Ergastulum)
Situato a nord e a est della villa signorile, vi si accedeva tramite una strada lastricata in basolato.

Struttura: Vastissimo peristilio con portici colonnati su tre lati e mezzo.

Alloggi: Circa 20 stanze con pavimento a nuda roccia, identificate come le cellette per le centinaia di schiavi del latifondo.

Servizi: All'estremità orientale si trova una latrina pavimentata in opus spicatum (mattoni a spina di pesce).";;immagini/trasf_locus_serv.webp;Dettaglio;;;
Trasferimento;4,3,1,3;Opera;4,3,1;3_1_3Il Larario;;"Situato al centro del lato più lungo, perfettamente in asse con l'ingresso della casa signorile.

Pavimento: Mosaico circolare in bianco e nero a motivo radiante, con un simbolo policromo della vita al centro.

Arredi sacri e celebrativi:

Altare di marmo con i simboli del sacerdozio familiare (albero sacro degli Arvali e lituo dell'Augure).

Tavola rotonda e sella (sedia) in stile neoattico con piedi di leone.

Bancone sul fondo per le statue degli antenati e le iscrizioni onorarie.";;immagini/trasf_locus_larario.webp;Dettaglio;;;
Trasferimento;4,3,1,4;Opera;4,3,1;3_1_4Hortus e Gymnasium;;"Situato ad ovest, rialzato rispetto alla Valle del Tevere (il nucleo della villa era ancora più in alto).

Struttura: Base dell'antico giardino con un criptoportico.

L'Esedra (Epoca Augustea): Grande struttura con tre nicchie che ospitavano tre sculture marmoree (un Eracle di stile scopadeo, un Menandro e un Euripide).

Funzione: Ricreare l'atmosfera del Gymnasium greco (esercizio fisico unito a passeggiate e conversazioni filosofiche).";;immagini/trasf_locus_hortus.webp;Dettaglio;;;
Trasferimento;4,4;Paese;4;Borgo Bainsizza;;;;;Principale;41,493889;12,827222;mappe-offline/Trasferimento
Velletri_dintorni;5;Percorso;;Borghi medievali Templari e Grandi Abbazie;;;itinerari/Velletri_dintorni-1.jpg, itinerari/Velletri_dintorni-2.jpg;;Principale;;;
Velletri_dintorni;5 partenza;Paese;5;0 Borgo Bainsizza;;;;;Principale;41,48192;12,79314;mappe-offline/Velletri_dintorni
Velletri_dintorni;5,1;Paese;5;1 Velletri;;;;;Principale;41,687258;12,778005;mappe-offline/Velletri_dintorni
Velletri_dintorni;INF5.1;Info / Contatto;5,1;ufficio informazioni;;📍 Indirizzo:Piazza Cesare Ottaviano Augusto 3<br>📞 Telefono: +39 06 961581 oppure 06 96158460<br>🕒 Orari:<br>🌐 Sito web: ;;;Info / Contatto;;;
Velletri_dintorni;5,1,1;Monumento;5,1;Fontana del Trivio;;"la fontana del Trivio, erroneamente attribuita al Bernini, molto prolifero nei dintorni. Questo errore non è casuale. Originariamente, infatti, la piazza doveva ospitare due fontane progettate dal Bernini, ma per motivi di costi si ripiegò sul progetto di Giovanni Battista Rainaldi che nel 1622 realizzò quest’opera. Creata in travertino è caratterizzata dalla presenza di statue barbute che sputano l’acqua all’interno della vasca centrale. Lungo il perimetro sono poi presenti una serie di vasche laterali.
La fontana del Trivio è alimentata dalle acque provenienti dal monte Artemisio";;immagini/velletri_fontana.webp;Dettaglio;;;
Velletri_dintorni;5,1,2;Monumento;5,1;Torre e Chiesa del Trivio;;"La torre del Trivio domina infatti piazza Cairoli e raggiunge i 50 metri di altezza. Risalente al 1353, venne costruita in stile Gotico Lombardo.
Sulla sua pianta quadrata si aprono quattro piani con bifore e monofore. Tra il secondo e il terzo piano ci sono delle piccole edicole con colonnine a spirale.
L’intera superficie della torre è in mattoni scuri, in parte ricoperti da maioliche gialle e verdi. La chiesa di Santa Maria del Trivio è più recente della torre. La sua costruzione venne infatti terminata nel 1759, nonostante una sua prima costruzione sia datata a metà del quattrocento.

La facciata è in stile classico, con sei lesene che sorreggono il timpano verticale. A completamento della facciata ci sono anche quattro nicchie e una serie di bassorilievi tra una lesena e l’altra.

Caratterizzata da una pianta a croce latina è dotata di una grande cupola. Purtroppo durante la seconda guerra mondiale riportò gravi danni che richiesero una parziale ricostruzione.";;immagini/velletri_torre.webp;Dettaglio;;;
Velletri_dintorni;5,1,3;Monumento;5,1;Municipio;;"Il municipio di Velletri è posto in una posizione panoramica sul centro e risale al cinquecento, anche se fu completato solamente nel 1720. L’architetto utilizzò uno stile che richiama quello impiegato per i Farnese.

La facciata che dà sulla piazza è a tre livelli, chiusa da un cornicione aggettante. Al piano terreno c’è un lungo portico con archi a tutto sesto, mentre al piano nobile ci sono vari uffici, tra cui la Sala del Consiglio con l’affresco Augusto e la profezia della Sibilla, facente parte di un ciclo di affreschi cinquecenteschi che narrano della vita di Ottaviano Augusto.";;immagini/velletri_municipio.webp;Dettaglio;;;
Velletri_dintorni;5,1,3,1;Opera;5,1,3;Museo civico archeologico;;Fin dalla sua istituzione, a fine ottocento, è in questa posizione. Inizialmente nasceva come antiquarium, ovvero luogo in cui conservare i reperti archeologici ritrovati in questi territori. Oggi dentro al museo c’è anche il celebre Sarcofago delle fatiche d’Ercole, databile al II secolo dopo Cristo e ritrovato nel 1955. Questo è conosciuto anche come Sarcofago di Velletri.;;immagini/velletri_sarcofago.webp;Dettaglio;;;
Velletri_dintorni;5,1,4;Monumento;5,1;Palazzo del delegato Apostolico;;"Di fronte al municipio di Velletri c’è il lungo palazzo del Delegato Apostolico, eretto nel 1832. Questo venne costruito da Gaspare Salvi nel momento in cui la città venne dichiarata Delegazione Apostolica da Gregorio XVI.

Sulla facciata del palazzo del Delegato Apostolico c’è la rappresentazione di papa Pio IX che riceve l’omaggio delle province pontificie dopo il suo ritorno dall’esilio di Gatea nel 1852. A sinistra ci sono la Spagna e Roma che si affidano a Napoli, rappresentate con la rocca e il leone di Castiglia, il Vesuvio e il molo di Napoli. Al centro la provincia di Velletri che accoglie il ponteficie. A destra la Francia e l’Austria che vigilano sullo Stato Pontificio e sulla Romagna, rappresentate con un gallo, un’aquila, il Tevere, la lupa, la cupola di San Pietro, il fiume Po e le torri di Bologna.

Sulla facciata ci sono anche alcuni stemmi, tra cui quello della città di Velletri.";;immagini/velletri_delegato.webp;Dettaglio;;;
Velletri_dintorni;5,1,5;Monumento;5,1;Cattedrale;;"la Cattedrale, oggi seicentesca ma con portale
rinascimentale (1512), venne fondata nel IV secolo sul sito di un tempio romano;
il ciborio dell’altare maggiore è sormontato da un’edicola cosmatesca (XIII secolo),
l’abside è ornata da affreschi trecenteschi e una coeva icona della Madonna delle
Grazie è custodita nell’ultima cappella a sinistra. ";;immagini/velletri_cattedrale.webp;Dettaglio;;;
Velletri_dintorni;5,1,5,1;Opera;5,1,5;Cripta;;"La parte più antica della chiesa è la cripta titolata ai Santi Eleuterio e Ponziano. Nel 1254 vennero spostate qui le reliquie di questi Santi e ciò diede il via ad importanti lavori sulla chiesa.

La cripta risale però all’XI secolo ed era inizialmente caratterizzata da una struttura a sala divisa in cinque navate, con il riutilizzo di colonne di spoglio. Quando vi furono portate le reliquie dei santi anche la cripta subì alcune modifiche, tra cui un innalzamento del piano pavimentale. Tra le decorazioni che vennero apportate in quel periodo ci furono anche due cicli pittorici, uno di inizio e uno di fine del duecento";;immagini/velletri_cripta.webp;Dettaglio;;;
Velletri_dintorni;5,1,1,2;Opera;5,1,5;Chiostro;;"Nel chiostro, il Museo
diocesano espone paramenti sacri, oreficerie e oggetti religiosi tra cui la preziosa
Croce Veliterna, reliquiario dell’XI-XII secolo in filigrana d’oro e smalti; spiccano tra
i dipinti due Madonne, una di Gentile da Fabriano (1426-27), l’altra di Antoniazzo
Romano (1486).";;immagini/velletri_chiostro.webp;Dettaglio;;;
Velletri_dintorni;5,1,6;Monumento;5,1;Porta napoletana;;"porta Napoletana. Ovviamente il suo nome è legato al fatto che immetteva alla strada rivolta verso Napoli, in direzione di Terracina, che rappresentava il confine meridionale dello Stato Pontificio.

Ultimata nel 1519, era inizialmente conosciuta come Porta del Vescovo, perché sorgeva proprio vicino agli edifici della Curia.

La parte centrale della porta Napoletana è quella originaria, a cui sono stati affiancati due massicci torrioni a base circolare, dotati di merlature sulle sommità.";;immagini/velletri_porta.webp;Dettaglio;;;
Velletri_dintorni;5,2;Paese;5;Cori;;"Scaglionato a piramide sul pendio del colle, il borgo (m 384, ab. 10 000 circa), di
aspetto medievale, si compone dei nuclei di Cori a Valle (m 220) e Cori a Monte
(m 398), racchiusi da tratti di mura poligonali appartenenti all’antica città dei
volsci e rafforzate dai romani.";;immagini/cori_panorama.webp;Principale;41,6454;12,9137;mappe-offline/Velletri_dintorni
Velletri_dintorni;INF5,2;Info / Contatto;5,2;Scoprire Cori;;📍 Indirizzo:<br>📞 Telefono:0696617213 – 3489053474<br>🕒 Orari:Orari Lun-Dom: 9.00-13.00/15.00-19.00<br>🌐 Sito web: https://www.scoprirecori.it;;;Info / Contatto;;;
Velletri_dintorni;5,2,1;Monumento;5,2;Cori Monte (Acropoli);;"L’architettura

Nell’89-80 a.C., quando è stato costruito, il tempio d’Ercole doveva essere uno spettacolo per gli occhi: in travertino, ricoperto di stucchi colorati, issato su un podio probabilmente rivestito di lastre di calcare, a cui si accedeva da una scalinata andata perduta.  Monumento nazionale dal 1898, oggi se ne conservano soltanto il pronao e la parete d’ingresso della cella, che in origine doveva avere quattro lati chiusi.

Per la pianta, le caratteristiche delle colonne, dei capitelli e dell’architrave, il tempio d’Ercole è un perfetto esempio di uno stile dorico reinterpretato in chiave italica. Tra il 100 e l’80 a.C., infatti, si diffuse in Italia la pratica di ispirarsi ai modelli architettonici greci, rivedendoli secondo il gusto locale. Le colonne, alte 7 m, reggono un architrave che alterna triglifi (scanalati) e metope (lisce) in origine decorate con stucchi policromi. Notate in particolare i gocciolatoi a testa di leone. Sull’architrave della porta, un’iscrizione riporta i nomi dei due magistrati che curarono la costruzione dell’edificio, Marco Maglio e Lucio Turpilio.";;immagini/cori_acropoli.webp;Dettaglio;;;
Velletri_dintorni;5,2,2;Monumento;5,2;Santa Oliva;;"Una chiesa medievale che ingloba i resti di un antico tempio, una cappella del Quattrocento interamente affrescata, un chiostro rinascimentale e un convento: tutto questo è S. Oliva, 2000 anni di storia racchiusi in una piazza panoramica che sembra uscita dal Medioevo. in origine, qui sorgeva un tempio romano del III-I sec. a.C.; nella prima metà del XII sec. La chiesa di S. Oliva e il campanile

Nel XII secolo il tempio fu inglobato da una chiesa con campanile dedicata a S. Oliva di Anagni, patrona di Cori. La chiesa aveva un singolare ingresso a doppio fornice, chiuso e sostituito con un portale alla fine del Quattrocento.

Il campanile, che alterna strati di calcare e tufo, è decorato, in alto, con tre ciotole policrome. Quelle esposte sono copie, mentre le originali sono conservate nel Museo della città e del territorio. La parte terminale della struttura risale al XVII secolo.

L’interno fu diviso in tre navate nel XIII sec., e alla fine del XV furono aggiunte le due file di colonne centrali. Le pitture, di epoche diverse, raffigurano sulla volta il Cristo Pantocrator circondato dagli Evangelisti  e, sulla parete, S. Cristoforo che attraversa il fiume con Gesù bambino sulle spalle (inizio XIV sec.); sull’altare della parete di fondo, S. Oliva tra S. Monica e S. Agostino (ultimo ventennio del XV sec.); ai lati, S. Vito e la Madonna (XVII secolo). chiostro.";;immagini/cori_oliva.webp;Dettaglio;;;
Velletri_dintorni;5,2,2,1;Opera;5,2,2;Cappella Annunziata;;"Salite la scalinata e vi troverete davanti a una piccola meraviglia pittorica, incastonata nel verde come un’oasi nella via trafficata: l’oratorio della SS. Annunziata (Cori), noto anche come cappella della SS. Annunziata. Erroneamente definito come “chiesa”, in realtà era un locale annesso alla chiesa vera e propria, S. Silvestro, dal Seicento dedicata al S. Crocifisso.

Il complesso ora è circondato da abitazioni, ma fino agli anni Cinquanta era in aperta campagna, sulla principale via di accesso a Cori, che collegava la città alla via Appia e a Roma. Nel Medioevo era qui che si fermavano i magistrati provenienti dalla Capitale, e solo dopo aver giurato di rispettare gli statuti coresi erano ammessi entro le mura. Non a caso la chiesa era dedicata a S. Silvestro: proteggere i cittadini dai pericoli della palude vicina era cosa da poco, per un santo che nella vita aveva sconfitto un drago.

 

Sobria, ma solo all’esterno

La costruzione dell’oratorio iniziò presumibilmente nel secondo decennio del Quattrocento e terminò nei decenni successivi. Il committente fu il cardinale Pedro Fernández de Frías, vicario pontificio e rettore per la Sabina e la provincia di Campagna e Marittina, di cui Cori faceva parte. Ce lo dice l’iscrizione sul portale d’ingresso: “De Spagna fuit qui me legerit dicat unu(m) pater n(oste)r p(ro) a(n)i(m)a mea” (“Fu spagnolo. Chi mi leggerà dica un Padre Nostro per l’anima mia”).

Accanto alla porta, il più antico stemma esistente del Comune di Cori, che partecipò alla costruzione. Il rametto di ulivo sulla mensola sopra l’ingresso è un probabile riferimento a S. Oliva di Anagni, patrona della città.

Gli edifici intorno all’oratorio e alla chiesa – una sagrestia, la cella dell’eremita custode della chiesa, il campanile, un nuovo romitorio – furono aggiunti nel Seicento e nel Settecento, durante lavori di restauro. Affacciandovi al cancello dell’orto degli eremiti, potrete scorgere ancora i resti del romitorio.";;immagini/cori_annunziata.webp;Dettaglio;;;
Velletri_dintorni;5,2,2,1,1;Opera;5,2,2;Affreschi Cappella Annunziata;;"Gli affreschi della SS. Annunziata, splendido esempio di pittura quattrocentesca, vi avvolgeranno in un’atmosfera unica.


Entrate, e lasciatevi alle spalle il mondo moderno e la via trafficata. L’oratorio dell’Annunziata vi riporterà indietro nel tempo, fino al Quattrocento. L’interno è interamente affrescato con scene del Vecchio e del Nuovo Testamento, separate da sottili colonne corinzie. A giudicare dagli stemmi dipinti, si sono succedute diverse fasi di realizzazione.

Le prime due fasi

Sulla parete di fondo, l’Annunciazione e l’Adorazione dei Magi e dei pastori. Sulla volta, episodi dell’Antico Testamento. Queste scene sono state dipinte per prime, negli anni della costruzione dell’oratorio. Anche se sono state completamente ridipinte, si vedono le tracce di uno stile ancora arcaico, di un maestro laziale di origine umbra con influenze bizantine.

Sulla parte inferiore sono rappresentati gli Apostoli, opera di un maestro tardogotico di levatura superiore.

Il gran finale

Infine, sulle pareti laterali sono raffigurate le Piaghe d’Egitto, il Passaggio del Mar Rosso, la Porta del Paradiso e le scene della passione di Cristo nella parte bassa. Sulla parete d’ingresso, il Giudizio Universale. Autori del ciclo sono Pietro Coleberti da Priverno e un suo collaboratore.

Gli stemmi dei committenti

Per la prima fase, il committente è il cardinale Pedro Fernández de Frías: non a caso, accanto all’Annunciazione campeggia il suo stemma. Per gli Apostoli, le pareti laterali e la parete d’ingresso, i committenti furono il Comune di Cori e i cardinali Alfonso Carrillo de Albornoz e Juan Cervantes de Lora, tra il 1420 e la metà del secolo. Notate i loro stemmi, rispettivamente un castello dorato in campo rosso e due cerve in campo verde, sopra la finestra vicina all’altare. Al centro, lo stemma del regno di Castiglia e León.

Il mistero dei visitatori spagnoli

Sulla fascia inferiore sono ancora visibili le firme graffite dai molti viaggiatori spagnoli che visitarono gli affreschi della SS. Annunziata nei decenni successivi, ma ancora oggi sul motivo di tanto interesse ci sono solo supposizioni.

Orari di visita dell’oratorio della SS. Annunziata";;immagini/cori_affreschi.webp;Dettaglio;;;
Velletri_dintorni;5,2,2,2;Opera;5,2,2;Chiostro;;"Un chiostro unico

La vera perla è il chiostro, intorno a cui si sviluppa tutta la struttura. Non perdetevi il ciclo di 27 capitelli marmorei al piano superiore, tutti diversi tra loro, che esibiscono una serie di immagini e simboli complessi. E l’effetto doveva essere ancor più stupefacente in origine, quando i capitelli erano colorati. A realizzarlo fu Antonio da Como nel 1480, come raccontano le iscrizioni sulle colonne. Proprio l’origine lombarda dell’artista ha reso il chiostro di Cori diverso da qualunque altro nella zona (quasi tutti sono di maestri toscani e hanno capitelli tutti uguali). Modernissima per l’epoca è anche la soluzione d’angolo: un pilastro quadrato con addossate due semicolonne.

Il portico al pian terreno, invece, ha capitelli ionici ed è stato affrescato nel 1600 circa da Gerolamo da Segni con immagini della vita dei patroni dell’ordine agostiniano: S. Agostino, S. Monica e S. Nicola da Tolentino.

Lo stemma del committente, il cardinale Guillaume d’Estouteville, campeggia sulla porta d’ingresso del chiostro e sulle tre colonne centrali del secondo ordine.

Il convento agostiniano

Il convento agostiniano si sviluppa intorno al chiostro, su due ordini. Al piano terra erano la sagrestia e la sala capitolare, mentre al piano superiore le stanze degli eremiti, il refettorio e, sopra la chiesa di S. Oliva, l’appartamento cardinalizio. Nella sala capitolare, le immagini della Crocifissione tra la Madonna e S. Agostino e di S. Oliva tra S. Nicola di Tolentino e S. Monica (fine Quattrocento) sono dello stesso maestro che dipinse l’abside della cappella del Crocefisso, forse Desiderio da Subiaco.

L’intera struttura del convento e del chiostro fu voluta da Ambrogio Massari, generale degli Agostiniani di origine corese, e dal cardinale Guillaume d’Estouteville, vescovo di Ostia e Velletri e protettore dell’ordine. Nel 1455, Massari la affidò agli Agostiniani, che vi restarono fino al 1845. Quando il convento fu soppresso, decadde anche la festa di S. Oliva, che fino al XVII secolo era stata la più importante di Cori. La festa cadeva la prima domenica di agosto e prevedeva la corsa dei palii e una fiera di bestiame che durava otto giorni.";;immagini/cori_chiostro.webp;Dettaglio;;;
Velletri_dintorni;5,2,3;Monumento;5,2;Cori a Valle le Mura;;"Passeggiando per le strade del centro storico, capita spesso di imbattersi in tratti della cinta muraria, o mura ciclopiche, come le chiamano tutti a Cori. Secondo una leggenda medievale, infatti, quelle pareti di massi enormi non potevano essere opera dell’uomo. Certo dovevano averle costruite i Ciclopi, e qualcuno giurava perfino di averli visti.

Le mura comprendono una cinta esterna, per la difesa, e terrazzamenti interni, necessari per costruire sul terreno scosceso della collina. Furono innalzate in epoche diverse, che si distinguono per la precisione con cui i massi sono incastrati tra loro. La cinta difensiva esterna, senza torri, fu edificata a cavallo tra VI e V sec. a.C., all’epoca dell’invasione dei Volsci. Tra i punti in cui si vedono meglio, via Don Minzoni, poco sopra S. Oliva, via Pelasga, via della Repubblica (Le piètre), piazza Pozzo Dorico. Le torri difensive

Nel II sec. a.C. furono aggiunte le torri difensive semicircolari, che si vedono ancora qua e là. La meglio conservata si ammira da piazza Signina, ma ce ne sono altre, per esempio a piazza della Croce e lungo via dei Lavoratori. Nel Medioevo a queste si aggiunsero le cosiddette “case-torri” quadrangolari: sparse nel tessuto urbano, servivano a controllare la viabilità ed erano abitate. Ne è un esempio la torre che si trova su via Accrocca, vicino a piazza della Croce.";;immagini/cori_mura.webp;Dettaglio;;;
Velletri_dintorni;5,2,4;Monumento;5,2;Via del Porticato;Sippòrtica;"Porta Ninfina

Uno dei tre accessi principali alla città, insieme a porta Signina e porta Romana, porta Ninfina sorge sull’antica via per Ninfa, appunto, ed è l’unico dei tre ingressi che abbia conservato resti dell’aspetto originario. La porta è stata distrutta durante la Seconda Guerra Mondiale. Quella attuale è una ricostruzione realizzata nel 1984, in occasione del Carosello storico dei Rioni di quell’anno. Tuttavia, le basi su cui poggia fanno parte della cinta difensiva originale, eretta a cavallo tra VI e V sec. a.C..

Notate la posizione della porta, orientata in modo da avere le mura alla sua sinistra: è l’impianto tipico delle cosiddette porte “scee”, progettate per attaccare i nemici sul fianco destro, dove non avevano lo scudo.

 

Via del Porticato:

Si chiama via del Porticato, ma a Cori tutti la chiamano “le Sippòrtica”, questa via coperta che ripercorre un tratto dell’antica cinta muraria. Affacciandosi ai suoi finestroni, ci si sente un po’ come i guerrieri di una volta, che da qui attaccavano i nemici assiepati proprio lì sotto, davanti a porta Ninfina.

La via del Porticato, che poggia su uno dei tratti più antichi del circuito murario, ospitava botteghe, taverne, locande e uffici destinati ad accogliere viaggiatori e merci che entravano a Cori attraverso la porta. Il primo tratto fu coperto da torri e abitazioni in epoca medievale (XII-XIII sec.). Il porticato fu completato nel XVII sec., quando sorse anche il palazzo signorile soprastante, palazzo Chiari (l’ingresso è a metà del porticato).

 

Lo scoglio:

In cima alla via del Porticato, sulla sinistra salendo, si apre un vicoletto che per la sua ripidità sfida anche i più sportivi: non a caso, i coresi lo chiamano “Lo scoglio”. ";;immagini/cori_porticato.webp;Dettaglio;;;
Velletri_dintorni;5,2,5;Monumento;5,2;Ponte della catena;;"Il ponte:
Unico ponte di epoca romana ancora visibile, il ponte della Catena (IV-I sec. a.C.) attraversa un fossato che in origine costeggiava questo lato di Cori. L’arco a tutto sesto, in tufo, poggia su basi in calcare posate direttamente sulla roccia. In passato doveva essere molto più profondo e imponente, ma in seguito a recenti lavori di consolidamento la distanza tra il ponte e l’alveo del fosso si è molto ridotta.                                                                 Saròcco:
Vale la pena di avventurarsi per qualche centinaio di metri oltre il ponte. Qui sorge un nucleo di case e depositi del XVI-XVII sec., unico esempio di abitato fuori dalle mura di Cori prima dei tempi moderni. Per questo si è ipotizzato che fosse destinato a mercanti che, non avendo la cittadinanza corese, non potevano risiedere entro le mura. La chiesa di S. Maria della Pace, di cui si vedono i resti lungo via Madonna delle Grazie, è solo una delle almeno cinque chiese che un tempo dovevano sorgere in quest’area, nota ai coresi come “Saròcco” (S. Rocco). Secondo gli antichi statuti cittadini, è qui che si correvano i palii in onore della patrona S. Oliva. Ora, potete godervi il meritato riposo su una panchina, davanti a una visuale impagabile sulla città medievale.";;immagini/cori_ponte.webp;Dettaglio;;;
Velletri_dintorni;5,3;Paese;5;Giardino di Ninfa;;"Nel XVI secolo, e precisamente nel 1578, il cardinale Nicolò III Caetani, amante della botanica, volle creare a Ninfa un “giardino delle delizie“ e incaricò l’architetto Francesco Capriani da Volterra: fece realizzare, accanto alla rocca medievale, un Hortus Conclusus: un giardino delimitato da mura con impianto regolare, coltivandovi pregiate varietà di agrumi, fra cui il Citrus Cajetani. Nel XVII secolo anche il Duca Francesco IV, “buono al governo dei fiori”, si occupò dell’Hortus Conclusus ma ben presto la malaria costrinse anche lui ad abbandonare Ninfa. Della sua opera rimangono le polle d’acqua e le fontane. L’ultima erede e giardiniera fu Lelia, figlia di Marguerite e Roffredo Caetani. Donna sensibile e delicata, curò il giardino come un grande quadro, essendo lei una pittrice, accostando colori e assecondando il naturale sviluppo delle piante, senza forzature, ed evitando l’uso di sostanze inquinanti. Insieme alla madre Marguerite, introdusse numerose magnolie, prunus, rose e numerosissime altre specie e varietà di arbusti ed alberi; e realizzò il Rock Garden, chiamato anche “Colletto”.";;immagini/ninfa.webp;Principale;41,582275;12,955354;mappe-offline/Velletri_dintorni
Velletri_dintorni;INF5,3;Info / Contatto;5,3;Giardino di Ninfa;;"📍 Indirizzo:Via Provinciale Ninfina 68<br>📞 Tel. 0773 1880 888<br>🕒 Orari:Venerdì 14:00 - 18:00
Sabato, Domenica e festivi 9:00 - 18:00<br>🌐 Sito web:https://www.giardinodininfa.eu                                    Prenotazione. Costo biglietto 20.75€          ";;;Info / Contatto;;;
Velletri_dintorni;5,4;Paese;5;Abbazia Valvisciolo;Sermoneta;;;;Principale;41,567778;12,981111;mappe-offline/Velletri_dintorni
Velletri_dintorni;INF5.5,4;Info / Contatto;5,4;Abbazia;;"📍 Indirizzo:Via Badia 14<br>📞 Tel.  077330013<br>🕒 Orari:tutti i giorni 9.00 - 12.00 15.00 - 19.00<br>🌐 Sito web:https://comune.sermoneta.latina.it/vivere-il-comune/luoghi/abbazia-di-valvisciolo/#indirizzo 
Ingresso libero     ";;;Info / Contatto;;;
Velletri_dintorni;5,4,1;Monumento;5,4;Abbazia  Valvisciolo;;E’ dedicata al protomartire Santo Stefano. La Storia di questo monastero è complessa. Anche il nome nasconde una parte di mistero. Valvisciolo può significare Valle dell’Usignolo (vallis lusciniae) o Valle delle Visciole (una varietà di ciliegie selvatiche). E’ assodato che in origine il nome individuasse un altro monastero cistercense, in territorio di Carpineto Romano, del quale oggi rimangono scarsi ruderi. All’inizio del secolo XIV i monaci di Carpineto abbandonarono i loro monti e si trasferirono nel nuovo monastero al quale attribuirono l’avito nome di Valvisciolo. La tradizione vuole che il primo insediamento monastico in questa zona avvenisse ad opera dei monaci basiliani di San Nilo. Sempre secondo la tradizione, il monastero fu abitato dai Cavalieri Templari che vi rimasero fino alla soppressione del loro ordine ai primi del XIV secolo. L’intero complesso è costituito dalla Chiesa, dalla Sala Capitolare, dal Refettorio e dal Chiostro, che rappresenta il centro del complesso e la parte più elegante di Valvisciolo.;;immagini/valvisciolo_abbazia.webp;Dettaglio;;;
Velletri_dintorni;5,4,1,1;Opera;5,4,1;Chiesa;;" L’elegante facciata a salienti ospita un solo portale, privo di ornato, la cui lunetta conserva ancora pochi resti pittorici di una Vergine con Bambino, Santo Stefano e San Pietro. Il prospetto è impreziosito, nella parte superiore, da un grande rosone circolare, racchiuso in una cornice con modanatura concava. La rosa è costituita da una raggiera di dodici colonne che convergono verso una croce centrale. 
Gli spazi interni della chiesa, a pianta basilicale senza transetto, rivelano influssi dello stile gotico d’oltralpe, di cui i Cistercensi si fecero promotori anche in Italia. La volumetria è scandita dai pilastri rettangolari e dagli archi trasversi a sesto acuto che separano le tre navate, di cinque campate ciascuna. Sulla navata centrale si affaccia il cleristorio, con un solo ordine di monofore. L’area presbiteriale, suddivisa in due campate, è introdotta da uno slanciato arco che accentua il verticalismo della struttura. Tutto l’edificio è modulato sulla figura geometrica del quadrato: simbolo di armonia e perfezione del creato. L’austerità spirituale e figurativa, in accordo con la filosofia del memento mori cistercense, è interrotta soltanto dalla cappella di San Lorenzo, Affrescata nel 1586-89 dal pittore Niccolò Circignani detto il Pomarancio su commissione del cardinale Enrico Caetani e del duca Onorato IV. Questo ciclo di affreschi fu realizzato in occasione della visita di papa Sisto V nel ducato Caetani. All'interno della cappella vi sono molti cenni autocelebrativi riferiti al titolo ducale che nel 1586 fu concesso proprio a Onorato IV. Infatti vi sono presenti moltissime corone ducali sorrette da puttini. Interessantissimo l'autoritratto del Pomarancio che la studiosa Sonia Testa ha scoperto fra la decorazione a grottesche della volta, in prossimità delle due vele con l'episodio in cui San Lorenzo opera la conversione di Lucilio, e quella con l'episodio in cui San Lorenzo battezza in carcere San Romano. Sopra il portone d'ingresso si può notare un rosone";;immagini/valvisciolo_interno.webp;Dettaglio;;;
Velletri_dintorni;5,4,1,2;Opera;5,4,1;Chiostro;;"A Valvisciolo, i Cistercensi edificarono anche il chiostro, vero fulcro della vita monastica che dava accesso a tutti gli ambienti dell’abbazia, come il refettorio, il dormitorio e la sala capitolare. Il chiostro, di forma quadrata, è composto da quattro corridoi coperti da volte a crociera, che racchiudono un cortile centrale provvisto di pozzo. Le gallerie si aprono per mezzo di bifore con colonnine binate in travertino, che sorreggono graziosi capitelli scolpiti con decorazioni fitomorfe.
Attraverso la ripetizione geometrica del quadrato, il chiostro era immagine di tutto il creato: quattro sono le stagioni e i punti cardinali, quattro sono gli elementi fondamentali che compongono il cosmo. D’altronde, lo spazio sacro riproduceva l’essenza stessa dell’universo, attraverso l’acqua del suo pozzo, la terra da coltivare, l’aria e il fuoco della preghiera. Lungo i corridoi del chiostro si contano, infatti, centododici colonne, rimando al creato e all’umanità intera: dodici erano le tribù d’Israele, gli apostoli e le porte della Gerusalemme celeste.
I capitelli, di eccezionale fattura artistica, rivelano una particolare commistione stilistica tra il classicismo, il gotico cistercense e la tradizione degli artisti locali. I magistri scultori si dilettarono a comporre volute ioniche e un particolare motivo detto a foglia d’acqua. Tra le volute di un altro capitello si può osservare, invece, una piccola incisione a forma di calice, rimando alla coppa da cui Cristo bevve durante l’Ultima Cena. Nella tradizione cristiana, questa preziosa reliquia, chiamata Santo Graal, sarebbe stata poi utilizzata da Giuseppe d’Arimatea per raccogliere il sangue del Salvatore giacente sulla croce.
Sul muretto del chiostro di Valvisciolo si trova anche l’incisione della Triplice Cinta, un simbolo molto diffuso nei luoghi templari e cistercensi. Tale schema, formato da tre quadrati concentrici uniti da segmenti ortogonali, era usato sin dall’antichità come tavoliere per il gioco del filetto. Secondo il principio di analogia tra microcosmo e macrocosmo, la Triplice Cinta, con le sue proporzioni perfette, racchiudeva l’armonia del creato.
Sullo stesso intonaco intaccato dal trascorrere del tempo, si leggono a fatica anche le parole “sator arepo tenet opera rotas“ (“Il seminatore, con l’aratro, tiene con cura le ruote), che compongono la celebre frase palindroma del Quadrato del Sator. Nel Medioevo, epoca in cui si credeva che tale iscrizione possedesse un carattere sacro o apotropaico. Nel chiostro del monastero di Sermoneta, tuttavia, il Sator non si trova sotto forma di quadrato magico ma, in via del tutto eccezionale, ad anelli concentrici, suddivisi in spicchi.";;immagini/valvisciolo_chiostro.webp;Dettaglio;;;
Velletri_dintorni;5,5;Paese;5;Sermoneta;;"Una piacevole passeggiata medievale sale tra case di pietra, scale, vicoli
acciottolati e piazzette fino al grande castello che corona questo borgo (m 257,
ab. 10 000 circa), arroccato su un colle di ulivi e cinto da mura turrite. L’integro
centro storico e la qualità dell’offerta gastronomica e culturale sono premiate
dalla Bandiera Arancione del Touring Club Italiano. A costruire la rocca all’inizio
del XIII secolo furono gli Annibaldi;  la potente famiglia dei Caetani l’acquistò nel
1297 e ne rientrò in possesso, dopo una parentesi dei Borgia, alla morte di
Alessandro VI nel 1503; nel 1798 i francesi la presero portando via 36 cannoni.";;immagini/sermoneta_panorama.webp;Principale;41,55;12,9837;mappe-offline/Velletri_dintorni
Velletri_dintorni;INF5,5;Info / Contatto;5,5;Sermoneta;;"📍 Indirizzo:piazza del Comune<br>📞 Tel.   340.2487242 <br>🕒 Orari:dal martedì alla domenica, dalle ore 9.00 alle ore 12.00 e dalle ore 15.00 alle ore 17.00<br>🌐 Sito web:https://www.comunedisermoneta.it/c059027/zf/index.php/servizi-aggiuntivi/index/index/idtesto/123
Ingresso libero     ";;;Info / Contatto;;;
Velletri_dintorni;5,5,1;Monumento;5,5;Castello Caetani;Il Castello Caetani è visitabile solo con visite guidate che partono ogni mezz'ora. Il biglietto costa €8 (acquistabile online sul sito della Fondazione Roffredo Caetani);"Le origini del castello risalgono al XIII secolo, quando i baroni Annibaldi costruirono il Maschio, una torre alta 42 metri che ancora oggi svetta imponente. Nel 1297 Pietro Caetani acquistò Sermoneta per 140 mila fiorini d'oro, dando inizio al lungo dominio della famiglia. I Caetani trasformarono la rocca militare in un raffinato castello residenziale, aggiungendo le famose Camere Pinte, stanze affrescate con scene mitologiche e allegoriche che risalgono al 1470.

Nel 1499 papa Alessandro VI Borgia scomunicò i Caetani e si appropriò del castello, trasformandolo in una fortezza militare. Ma il legame tra Sermoneta e i Caetani era troppo forte: nel 1504 il castello tornò alla famiglia, che lo conserva ancora oggi attraverso la Fondazione Roffredo Caetani.
La visita guidata al Castello Caetani dura circa un'ora e ti porta alla scoperta di ambienti straordinari. Attraverserai Piazza d'Armi, il grande cortile dominato dal Maschio, poi entrerai nella Casa del Cardinale, l'unico edificio abitativo fatto costruire dai Borgia all'interno del castello. Qui ammirerai arredi d'epoca e affreschi provenienti da Ninfa.

Nelle Camere Pinte potrai ammirare gli affreschi quattrocenteschi con scene mitologiche, mentre nella Sala del Cardinale è custodita la Madonna con il Bambino dipinta nel 1541 da Girolamo Siciolante, detto Il Sermoneta. Infine, non perdere la passeggiata sui camminamenti di ronda: da qui la vista sulla pianura Pontina è davvero spettacolare.";;immagini/sermoneta_castello.webp;Dettaglio;;;
Velletri_dintorni;5,5,2;Monumento;5,5;Cattedrale;;"Sorta nel XIII secolo sui resti di un tempio di Cibele, conserva in parte
le forme gotico-cistercensi: splendido il campanile* a cinque piani di bifore,
ornato da scodelle in maiolica. Nell’interno sono custoditi resti di affreschi
quattro-cinquecenteschi, due antiche acquasantiere – una medievale, l’altra
rinascimentale – e, sopra l’altare maggiore con baldacchino barocco, un Crocifisso
ligneo seicentesco. Nella 1a cappella destra si ammira la Madonna degli angeli*
di Benozzo Gozzoli, realizzata nel 1456 dopo la peste che colpì la popolazione: la
tavola raffigura una delicatissima Vergine circondata da angeli, che regge sulle
ginocchia un modellino della città.";;immagini/sermoneta_cattedrale.webp;Dettaglio;;;
Velletri_dintorni;5,5,3;Monumento;5,5;Chiesa san Giuseppe;;"La facciata si distingue per uno stile essenziale. È caratterizzata da un ordine gigante binato di paraste doriche che conferiscono slancio verticale alla struttura. Una doppia trabeazione introduce un ordine minore superiore con angoli lunettati.
L'interno è a navata unica, coperto da due volte a crociera decorate a fresco e stucchi. Presenta tre cappelle per ogni lato realizzate come nicchie ad arco nella muratura.
Il chiostro del convento è uno dei luoghi più suggestivi di Sermoneta. Con le sue arcate silenziose e il giardino interno, offre un momento di quiete lontano dalla frenesia. Da qui la vista si apre sulla pianura Pontina in uno scenario che invita alla contemplazione";;immagini/sermoneta_giuseppe.webp;Dettaglio;;;
Velletri_dintorni;5,5,3,1;Opera;5,5,3;Cappela Caetani;;"Commissionata nel 1550 da Bonifacio I Caetani, al pittore Girolamo Siciolante da Sermoneta. A sottolinearne la committenza vi è lo stemma della famiglia sorretto da due putti. Lo studioso Hunter sottolinea come il 1550 sia un periodo molto propizio e di forte ascesa politico economica per la famiglia Caetani. Bonifacio I infatti entrò al servizio del re di Francia, Enrico II, con il grado di capitano.

Iconografia: La calotta è divisa in nove comparti e raffigura la Vergine Assunta, scene della Genesi e della Passione di Gesù.
Dettagli: Il catino absidale ospita una Sacra Famiglia, San Girolamo e San Bonaventura. Sono presenti inoltre raffigurazioni a grottesche ed erme femminili.
Interpretazione: Secondo la studiosa Sonia Testa, il ciclo della decorazione esterna con l'arco trionfale, celebra la fertilità per la nascita di Enrico Caetani, con riferimenti a Caterina Pio di Savoia e a Artemite Efesina. Inoltre vi sono raffigurati il profeta Ezechiele e la Sibilla Cumana.";;immagini/sermoneta_caetani.webp;Dettaglio;;;
Velletri_dintorni;5,5,4;Monumento;5,5;Chiesa san Michele Arcangelo;;"L'esterno è caratterizzato da un portico che immette nella navata centrale;  architettonicamente, questo elemento presenta analogie con il portico della Chiesa di Santa Maria Assunta in cielo.

L'interno della chiesa si presenta con una pianta piuttosto irregolare, suddivisa in tre navate. La navata centrale termina con un coro rettangolare, dove originariamente era collocato l'altare maggiore. A sinistra vi è l'altare di Santa Lucia a cui si succedono le cappelle di S. Antonio, di S. Girolamo, della SS. Concezione di Maria e nell'altro lato la cappella di S. Giacomo.";;immagini/sermoneta_arcangelo.webp;Dettaglio;;;
Velletri_dintorni;5,5,4,1;Opera;5,5,4;Oratorio dei Battenti;;"Sul lato destro della chiesa si trova una porta che permette l'accesso all'Oratorio dei Battenti. Questo luogo era la sede dell'antica confraternita di flagellanti, nota appunto come i ""Battenti"", che giocò un ruolo significativo nella vita religiosa e sociale di Sermoneta.

Nel primo ambiente vi sono affreschi sovrapposti di varie epoche. Risalta nella parete di fondo l'affresco raffigurante Santa Lucia con un devoto (prima metà del XV secolo).

Durante l'ultimo restauro è emerso nel secondo ambiente il suggestivo affresco raffigurante la Crocifssione. ";;immagini/sermoneta_battenti.webp;Dettaglio;;;
Velletri_dintorni;5,5,5;Monumento;5,5;Loggia dei Mercanti;;"La Loggia dei Mercanti fu costruita nel 1446 per ordine di Onorato III Caetani, per essere adibita come sede del Comune, degli scambi commerciali e delle assemblee popolari. La loggia, che fu realizzata in un periodo durante il quale Sermoneta stava attraversando un grande sviluppo, diventò pian piano il centro dell’attività commerciale: molti dei suoi magazzini, infatti, erano adibiti a botteghe;  sotto le arcate si aprivano invece le porte delle stalle. Dal punto di vista tecnico l’edificio presenta ariose arcate a tutto sesto che seguono il canone quattrocentesco mentre nell’accesso è ancora ravvisabile il canone gotico.
Oggi la Loggia, oltre a essere location di matrimoni civili, è spesso utilizzata per le riprese cinematografiche, visto il suo aspetto incontaminato.";;immagini/sermoneta_mercanti.webp;Dettaglio;;;
Velletri_dintorni;5,6;Paese;5;Abbazia Fossanova;;Dichiarata “Monumento Nazionale” nel 1874, l’Abbazia di Fossanova costituisce il più antico esempio d’arte gotico-cistercense in Italia. Assieme all’Abbazia di Casamari (presso Veroli), una delle sue più alte espressioni. Il complesso nacque alla fine del XII secolo dalla trasformazione di un preesistente monastero benedettino, forse risalente al VI secolo, di cui rimane una flebile traccia al disopra del rosone della chiesa.;;immagini/fossanova_abbazia.webp;Principale;41,438775;13,196661;mappe-offline/Velletri_dintorni
Velletri_dintorni;INF5,6;Info / Contatto;5,6;Abbazia Fossanova;;📍 Indirizzo:Via San Tommaso d’Aquino, 1<br>📞 Tel.   3802562809 <br>🕒 orario: 8:30–18:30<br>🌐 Sito web:https://www.abbaziadifossanova.it/ive/;;;Info / Contatto;;;
Velletri_dintorni;5,6,1;Monumento;5,6;Chiesa Abbaziale;;"La chiesa si presenta di una spettacolare e severa grandiosità;  la facciata (che doveva essere preceduta da un portico) è semplice ma maestosa, con portale fortemente strombato. Il portale è poi costituito da un arco a sesto acuto nella cui lunetta è ripreso il motivo del rosone, mentre nella parte inferiore, un mosaico cosmatesco sostituisce un'iscrizione dedicata a Federico Barbarossa.

Al di sopra del portale riccamente decorato, la facciata è adornata da un grande rosone. Originariamente, esso era più piccolo: di questa precedente versione resta una traccia che sembra coronare l'attuale. Ventiquattro colonnine binate, sui cui capitelli si impostano archetti a sesto acuto, funzionano da armatura della vetrata intermessa. L'oculus ottagonale al centro del frontone è un rifacimento di uno originario che doveva essere simile a quello dell'abside. La possanza della facciata è accentuata dall'esposizione dei poderosi contrafforti.";;immagini/fossanova_chiesa.webp;Dettaglio;;;
Velletri_dintorni;5,6,1,1;Opera;5,6,1;Interno;;"La struttura della chiesa, costruita interamente in travertino, è basilicale. Ha pianta cruciforme;  il braccio longitudinale, che si sviluppa secondo un asse mediano ed è diviso in tre navate, è attraversato perpendicolarmente dal transetto. La lunghezza della navata centrale è scandita nella prima parte da sette campate rettangolari, termina nel presbiterio e nell'abside che formano un unico corpo rettangolare. Il sistema dei sostegni è formato da massicci pilastri rettangolari. Le arcate che conducono dalla navata mediana a quelle laterali sono rette da semicolonne. Altre semicolonne pensili (cioè poste su una mensola a distanza dal suolo) salgono a portare gli archi trasversi della navata centrale.

Dal centro del transetto si erge il tiburio a pianta ottagonale, elevato di due piani e sormontato dalla lanterna, che sostituiva il campanile. Le campane si suonavano nel sito del coro con funi che pendevano davanti all'altare maggiore. Nei due bracci, invece, sono ricavate quattro cappelline: dalle due alla sinistra dell'altare scende la scala con la quale i monaci dal dormitorio passavano direttamente in chiesa. Una cornice di semplice fattura, tipicamente borgognona, corre lungo i due lati della navata centrale a spezzare il verticalismo dell'ambiente. È all'inizio del XXI secolo che viene ultimato il restauro del pavimento della basilica.";;immagini/fossanova_interno.webp;Dettaglio;;;
Velletri_dintorni;5,6,2;Monumento;5,6;Chiostro;;"Il complesso cistercense segue nell'impianto spaziale le regole tradizionali dell'architettura monastica: al centro, dal chiostro si accede a tutti gli altri locali ed intorno alle dipendenze abbaziali necessarie al sostentamento dei monaci: laboratori, magazzini, stalle, ecc. L'intero centro era, poi, delimitato da alte mura delle quali rimane la porta d'ingresso.

Nel chiostro ritroviamo la stessa semplicità di forme della chiesa, se si eccettua il lato meridionale che appartiene senza dubbio ad una costruzione assai più tarda. Le arcatelle a tutto sesto si snodano da colonnine doppie lisce e le gallerie sono coperte da volte a botte. Ai tre lati di stile romanico si contrappone quello costruito a sud in stile gotico: arcatelle di sezione acuta, colonnine abbinate di forme differenti e assai complesse che però non contrastano con le forme degli altri tre lati nonostante la semplicità di questi ultimi. Ben conservata è pure la fontana del chiostro (lavabo) costruita nel XIII secolo di fronte al refettorio.";;immagini/fossanova_chiostro.webp;Dettaglio;;;
Velletri_dintorni;5,6,3;Monumento;5,6;Sala capitolare;;La sala capitolare a due navate divise in sei campate è coperta da volte a crociera costolonata e sostenuta da due pilastri cosiddetti fascicolari, perché formati da un fascio di colonnine. La sala, databile al XIII secolo, è anch'essa di chiaro stile gotico. Tutti i particolari decorativi sono di una grande eleganza di forme.;;immagini/fossanova_capitolare.webp;Dettaglio;;;
Velletri_dintorni;5,6,4;Monumento;5,6;Refettorio;;Nel refettorio, molto vasto e posto perpendicolarmente rispetto al chiostro secondo la regula, è conservato ancora integro il pulpito di lettura con la relativa scala. Quest'ambiente, di pianta rettangolare, è coperto da un soffitto in legno i cui due spioventi poggiano su cinque grandi archi a sesto acuto, di profilo quadrato, mentre tredici finestre (di cui cinque murate) davano luce alla grande sala.;;immagini/fossanova_refettorio.webp;Dettaglio;;;
Velletri_dintorni;5,6,5;Monumento;5,6;Infermeria;;Staccata dall'insieme di stabili che orbitano intorno al chiostro, si trova l'infermeria dei monaci coristi. Al secondo piano si trova la cella dove morì san Tommaso, ora trasformata in cappella: sull'altare, rifatto dall'abate commendatario cardinale Francesco Barberini, si trova un bassorilievo raffigurante la morte del santo così come ce la tramanda la sua biografia, mentre sta spiegando il Cantico dei cantici ai monaci. Ancora oggi in chiesa se ne conserva la semplice tomba vuota (il corpo fu trasferito dai domenicani a Tolosa alla fine del XIV secolo) composta da una lastra di marmo o travertino rettangolare. ;;immagini/fossanova_infermeria.webp;Dettaglio;;;
Velletri_dintorni;5,7 ritorno;Paese;5;Borgo Bainsizza;;;;;Principale;41,48192;12,79314;mappe-offline/Velletri_dintorni
Ciociaria;6;Percorso;;Ciociaria;;;itinerari/ciociaria-2.jpg, itinerari/ciociaria-3.jpg;;Principale;;;
Ciociaria;6partenza;Paese;6;Borgo Bainsizza;;;;;Principale;41,48192;12,79314;mappe-offline/Ciociaria
Ciociaria;6,1;Paese;6;Ferentino;;"Posta su un colle a dominio del corso del fiume Sacco, la cittadina (m 395, ab. 20
000 circa) di origine volsca fu conquistata dagli èrnici, che costruirono la cinta
muraria dell’acropoli, e a cavallo tra II e I secolo a.C. dai romani. In età imperiale
fu centro di villeggiatura, con ville e un teatro. Nel medioevo raggiunse la
massima importanza come sede di un legato pontificio e, fino a metà ’500, fu la
capitale politicoamministrativa del Lazio meridionale. Conserva all’interno della
intatta cerchia di mura ciclopiche un ricco patrimonio storico e artistico raccolto
sulla cima del colle e nascosto dalla moderna espansione edilizia, iniziata negli
anni Sessanta del ’900 con il processo di industrializzazione del territorio.";;immagini/ferentino_panorama.webp;Principale;41,691763;13,255952;mappe-offline/Ciociaria
Ciociaria;INF6,1;Info / Contatto;6,1;Ferentino;;📍 Indirizzo:Piazza Giacomo Matteotti 17<br>📞 Tel.  0775 24820<br>🕒 Orari<br>🌐 Sito web:https://www.comune.ferentino.fr.it/it/topics/turismo/7   ;;;Info / Contatto;;;
Ciociaria;6,1,1;Monumento;6,1;Mura poligonali;;"La cinta difensiva è quasi integra, con mura in opera poligonale a grandi
blocchi calcarei del IV secolo a.C., una parte superiore in opera quadrata romana
(II-I secolo a.C.) e interventi medievali in piccoli conci cementati per le torri. La si
osserva al meglio appena fuori dalla porta Sanguinaria, cui si scende per una
pittoresca strada a scalini;  nei pressi, si incontrano anche i resti di un teatro
romano (forse del II secolo) e la chiesa di S. Lucia (IX-X secolo, con affreschi di
varie epoche e cripta risalente al IV secolo). Altri ariosi panorami sulla valle del
Sacco si colgono dalla porta Maggiore o di Casamari, opera difensiva a doppia
arcata di età sillana (II secolo a.C.); nei pressi della porta, un masso riporta il
cosiddetto testamento di Aulo Quintilio, grande epigrafe scolpita nella roccia viva e
riferibile alle cariche pubbliche e agli editti di un importante magistrato cittadino
vissuto ai tempi di Traiano (II secolo d.C.)";;immagini/ferentino_mura.webp;Dettaglio;;;
Ciociaria;6,1,2;Monumento;6,1;S.Maria Maggiore;;"Origini e valore artistico: Considerata il monumento medievale più elegante di Ferentino, sorge su una primitiva chiesa paleocristiana (SS. Trinità) ed è un insigne esempio di architettura gotico-cistercense.

Storia e ordini religiosi:

Ricostruita nel XIII secolo dai monaci Cistercensi (probabilmente promossa dal vescovo Rodolfo, ex abate di Casamari), la chiesa era collegata a un monastero tramite chiostro.

Ospitò i papi cistercensi Eugenio III (nel 1149 e 1151) e Alessandro III.

Nel XIV secolo la gestione passò ai Benedettini sotto l'abbazia di Montecassino.

Architettura esterna: Realizzata in travertino ferentinate, presenta pianta basilicale a tre navate. La facciata principale è decorata da un grande rosone a 12 raggi (simbolo degli Apostoli) sormontato dal Redentore e da due rosoni minori a quadrifoglio; la facciata posteriore include un altro rosone e una bifora che illumina l'abside.

Interno: Caratterizzato da alte arcate gotiche e da un presbiterio con colonne a fascio dai capitelli tutti diversi, a sostegno della volta e della torre a lanterna.";;immagini/ferentino_maggiore.webp;Dettaglio;;;
Ciociaria;6,1,3;Monumento;6,1;Mercato romano;;"Epoca e collocazione: Risale all'epoca sillana (II - I sec. a.C.), pavimentato in opus incertum. È integrato nel tessuto murario dell'Acropoli, posizionato 12 metri al di sotto della spianata superiore.

Ingresso e illuminazione: Presenta un imponente arcone alto 8 metri in opus quadratum, realizzato con conci di calcare strombati verso est per far penetrare la luce solare fin al mattino nell'area più interna.

Struttura e importanza: Composto da un'aula di 24 metri con cinque botteghe coperte da volte a botte, rappresenta un modello e prototipo archetipico per le future architetture di questo genere.";;immagini/ferentino_mercato.webp;Dettaglio;;;
Ciociaria;6,1,4;Monumento;6,1;s. Lucia;;"Origini e struttura: Edificata verso il IX secolo su resti di terme o abitazioni romane. In un'epoca imprecisata ha perso la terza navata (come mostrano le arcate tamponate sul muro sinistro).

La cripta sotterranea: Rimasta sepolta fino al 1900 circa, nasceva forse come ipogeo delle vicine Terme Romane di Flavia Domitilla. Sebbene alcune ipotesi la vedano come catacomba del IV secolo, gli interventi e i decori risalgono principalmente al XIII secolo.

Elementi architettonici e decorativi:

Presenta un campanile a vela basso e inusuale, innestato sul tetto.

L'abside e le mensole sono decorate con motivi figurativi (testine mostruose e volti umani barbuti).

Interni e affreschi: Ospita un affresco del 1585 raffigurante Santa Lucia con giglio e copricapo (iconografia tipica della provincia di Campagna e Marittima), oltre allo stemma vescovile e al giglio di Ferentino.";;immagini/ferentino_slucia.webp;Dettaglio;;;
Ciociaria;6,1,5;Monumento;6,1;Acropoli;;"L'Acropoli fu impiantata sulla altura rocciosa che emergeva dalla collina di Ferentino, realizzando un terrazzamento lungo circa 170x80 metri, contenuto da mura in opera poligonale: da qui il nome Avancorpo.
L'opera rientra in un ampio progetto realizzato dai Romani ai tempi di Silla, tra il 100 e l'80 a.C. circa, che comprendeva anche la costruzione del Mercato Romano Coperto, altra grande massa di contenimento installata sul versante opposto dell'Acropoli.
Dalle iscrizioni incise sulla facciata sud-ovest, ripetute sul lato sud-est e sull'architrave delle due porte d'accesso, sappiamo che i censori Aulo Irzio e Marco Lollio fecero costruire e collaudarono l'opera, e che questa partiva da una profondità di 33 piedi (9,75 metri).
La struttura della base è in opera poligonale di IV maniera, con piani orizzontali discontinui e grandi blocchi squadrati.
Da questo piano si proseguì in opera quadrata con blocchi più piccoli, con l’apertura di una serie di piccole finestre che danno luce al Criptoportico (struttura interna con tre ambienti rettangolari, circondata da corridoi sui quattro lati).
La terza fase di costruzione, facilmente individuabile sopra le precedenti, è l'Episcopio: inizialmente realizzato nel XII secolo, fu fortemente ampliato nei secoli XVII e XVIII, quando Ferentino divenne anche sede della Rettoria di Campagna e Marittima. L’edificio si estese al punto di arrivare a filo con le mura da ogni lato, fino a riempire tutto lo spazio delimitato dall'Avancorpo.
Sulla sinistra si apre la Porta del Fattore, che conduce alla Cattedrale di San Giovanni tramite una salita coperta da una volta. Sul concio posto come chiave di volta è possibile notare un antico simbolo propiziatorio di tipo fallico. Lungo questo percorso, le pareti presentano varie aperture ad oggi sigillate, mentre a metà strada si trova l'ingresso al Criptoportico.";;immagini/ferentino_acropoli.webp;Dettaglio;;;
Ciociaria;6,1,6;Monumento;6,1;Cattedrale;;"Nella facciata a salienti (successione di spioventi posti a differenti altezze) si aprono tre porte architravate sormontate da lunette.
Storia e costruzione: Situata sull'acropoli e in stile romanico con rivestimento in travertino, la Cattedrale fu fondata da papa Pasquale I e dedicata ai santi martiri Giovanni e Paolo. Dopo le devastazioni di Goti e Longobardi nel IX secolo, fu riedificata e consacrata nel 1108 sotto il pontificato di Pasquale II ad opera del vescovo Agostino.

Architettura e interni: L'interno è suddiviso in tre navate (ciascuna con abside), sostenute da pilastri alternati a colonne di granito del IV secolo d.C.

Torre campanaria: Posta dietro le absidi e staccata dalla chiesa, risale originariamente all'800 e conserva elementi architettonici longobardi e carolingi.

Opere d'arte e decorazioni principali:

Elementi cosmateschi (XIII sec.): Pavimento, amboni, pulpito, candelabro e mosaici realizzati dai maestri Cosmati (su impulso anche di papa Innocenzo III).

Sculture e arredi sacri: Il ciborio del XIII secolo (opera di Drudus de Trivio), la colonna tortile del cero pasquale (attribuita al Vassalletto) e gli affreschi dei Cisterna.

Dipinti e oreficeria: Un dipinto della Madonna del Parto attribuito al fiorentino Carlo Dolci (seicento), la statua equestre in argento di Sant'Ambrogio dell'orafo Fantino Taglietti (XVII secolo) e i busti d'argento dei Santi Pietro e Paolo (XVI secolo) attribuiti alla scuola di Benvenuto Cellini.

Reperti in sacrestia: Custodisce reperti archeologici di stile longobardo provenienti dal precedente edificio del IX secolo.";;immagini/ferentino_cattedrale.webp;Dettaglio;;;
Ciociaria;6,1,7;Monumento;6,1;Palazzo Vescovile;;"Origini della Diocesi: Risale alla fine del IV secolo (primo vescovo documentato: Bassus, 487 d.C.) con sede iniziale presso la chiesa di Santa Maria Maggiore.

Il Palazzo Vescovile (Episcopio):

Costruzione: Edificato nel XIII secolo sull'Acropoli, direttamente addossato alle mura romane.

Funzioni storiche: Sede dell'autorità religiosa e Curia del Rettore della Provincia di Campagna e Marittima per garantire il controllo pontificio sui territori a sud di Roma.

Il Museo Diocesano (istituito nel 2011):

Sede ed esposizioni: Ospitato nell'Episcopio, ripercorre la storia della Diocesi e del Palazzo.

Opere e reperti: Conserva ritratti dei vescovi, documenti e mappe storiche, affreschi della demolita chiesa di S. Andrea, dipinti attribuiti al Cavalier d'Arpino e paramenti/oreficeria sacra dal XVII al XX secolo (tra cui la mitria di Papa Celestino V).

Rete museale: Aderisce al Sistema Museale Integrato di Frosinone (SIF Cultura).";;immagini/ferentino_vescovile.webp;Dettaglio;;;
Ciociaria;6,1,8;Monumento;6,1;Monastero s. Antonio;;"Fondazione e ordini religiosi: Fondato sul Colle del Fico da Pietro dal Morrone (futuro Celestino V) tra il 1260 e il 1280, con la realizzazione di un chiostro attorno alla precedente chiesa degli Antoniani. Gestito dall'Ordine dei Celestini fino al XVII secolo, divenne poi una grangia (comunità agraria) dipendente da Sant’Eusebio a Roma.

Importanza storica e sepolture:

Ospitò le spoglie di Celestino V fino al 1327 (poi traslate a L'Aquila).

Conserva le spoglie dell'umanista Martino Filetico (1430-1495) in una cappella laterale.

Architettura e affreschi: Con la demolizione della volta ottocentesca è stata ripristinata l'architettura rurale originaria e sono riemersi affreschi medievali raffiguranti Santi (scuola di Pietro Cavallini).

Simbologia e pellegrinaggi:

Sull'arcata maggiore sono presenti tre stemmi del '400: la tiara papale, la croce tau (Antoniani) e il giglio di Ferentino.

Presenza di simboli come un probabile Valcento (vessillo templare) e un labirinto inciso nella pietra, indici di un luogo di penitenza e tappa sostitutiva per il pellegrinaggio a Gerusalemme.";;immagini/ferentino_monastero.webp;Dettaglio;;;
Ciociaria;6,2;Paese;6;Alatri;;"Su un colle di ulivi, propaggine dei monti Èrnici, la città (m 502, ab. 28 000 circa) di antichissima origine e impronta medievale si raccoglie attorno alla
celebre, panoramica acropoli. Il compatto nucleo storico è caratterizzato da una
fitta trama di vie strette e tortuose, spesso in forte pendenza, case medievali e
antiche chiese. Centro degli èrnici, venne inclusa alla fine del IV secolo a.C.
nell’orbita romana e fu fiorente in epoca imperiale; distrutto da Totila nel 543,
rinacque nel XII secolo come Civitanova e conobbe, protetto dalle sue mura, una
prospera stagione comunale tra XIII e XIV secolo.";;immagini/alatri_panorama.webp;Principale;41,726448;13,346896;mappe-offline/Ciociaria
Ciociaria;INF6,2;Info / Contatto;6,2;uffico turismo;;"📍 Indirizzo:via Cesare Battisti,<br>📞 Tel.  0775 448386<br>🕒 Orari<br>🌐 Sito web:https://www.alatriturismo.it  

<br>🅿️ Posteggio consigliato: Parcheggio multipiano Via guglielmo Marconi/Viale Duca d'Aosta";;;Info / Contatto;;;
Ciociaria;6,2,1;Monumento;6,2;Acropoli;;"A pianta trapezoidale, occupa la sommità del colle contenuta da mura poligonali a irregolari blocchi di calcare locale, erette tra il IV e il II secolo a.C. (ma la datazione è dibattuta) su una preesistente fortificazione. Lungo tale cerchia esterna delle mura, in corrispondenza dei tracciati viari più antichi ed importanti della città, si aprono cinque porte di accesso: l'unica preservatasi nella struttura originaria è porta San Benedetto sormontata da architrave monolitica.
Percorrendo l’ottocentesca via Gregoriana si coglie la grandiosità e la perizia tecnico-costruttiva della cerchia, innalzata con enormi massi che combaciano perfettamente. Rocca imprendibile e luogo di rifugio per la popolazione nel medioevo, l’acropoli fu poi abbandonata e solo nel XIX secolo se ne cominciò il recupero. Dalla Porta maggiore o di Cìvita, dal colossale architrave monolitico, si sale al vastissimo piazzale alberato sul quale sorge il Duomo . Dai margini del piazzale il panorama* si svolge circolare sui borghi, sui poggi e sulle pianure della Ciociaria. All’angolo nord-orientale si apre la Porta minore, con simboli fallici scolpiti sull’architrave; sul gradino di roccia ai piedi della porta sono stati messi in luce i resti del portico di Lucio Betilieno Varo, dal nome del censore romano che lo fece edificare nel II secolo a.C. Monumentale accesso all’acropoli, il portico venne distrutto nel 543 d.C. durante l’assedio del re ostrogoto Totila e riscoperto solo nel 1885: si riconoscono ancora una porzione dell’ampio camminamento sopraelevato, lo stilobate sul quale poggiavano i sostegni della copertura e il canale di scolo delle acque piovane.";;immagini/alatri_acropoli.webp;Dettaglio;;;
Ciociaria;6,2,2;Monumento;6,2;Cattedrale;;"

Origini e ubicazione: Costruita in epoca altomedievale (con notizie dal 930 d.C.) sulla sommità dell'acropoli, sorge sulle fondamenta di un antico altare ernico e dei resti di un tempio di Saturno.
Modifiche architettoniche:
Ristrutturata nel XVIII secolo con forme settecentesche.
La facciata (in pietra e laterizio) e il campanile furono realizzati tra il 1790 e il 1808 da Jacopo Subleyras, ispirandosi alle basiliche romane; attico e timpano vennero aggiunti nel 1884.
Dichiarata basilica minore a metà del XIX/XX secolo.
Interno: L'impianto è a tre navate a croce latina con transetto sopraelevato, tra le opere di pregio si conservano reperti di un pergamo cosmatesco del 1222.
Reliquie e tesori spirituali:
Le spoglie del patrono San Sisto I Papa (custodite in un'antica urna di piombo con iscrizione).
Il corpo di Sant'Alessandro martire (donato nel 1640).
La reliquia dell'Ostia Incarnata, legata al miracolo eucaristico del 1228 riconosciuto ufficialmente da Papa Gregorio IX (evento rappresentato negli affreschi delle cappelle laterali).";;immagini/alatri_cattedrale.webp;Dettaglio;;;
Ciociaria;6,2,3;Monumento;6,2;s. Maria Maggiore;;"Storia e origini: Costruita nel V secolo sulle rovine di un tempio di Venere (originariamente dedicata alla Vergine e al Salvatore e citata dal 1137), venne ampliata in epoca romanica e poi trasformata nel XIII secolo da maestranze borgognone nelle attuali linee romanico-gotiche.
Facciata e rosoni:
Facciata a capanna del XIV secolo con tre portali con lunette affrescate (il portale centrale presenta una Madonna col Bambino del tardo Trecento).
Il magnifico rosone centrale, con disegno trilobo e partizione quadrilatera, richiama i disegni di Villard de Honnecourt (1235 ca) ed è riprodotto in scala nella vicina chiesa di San Francesco.
In cima alla cuspide, una nicchia ospita la statua del Battista.
Campanile e lati esterni:
Il campanile (del 1394, con stemma di Bonifacio IX) presenta due ordini di bifore con colonnine binate e capitelli differenti; la sua antica cuspide crollò con il terremoto del 1654.
Il lato nord è scandito da monofore e contrafforti in pietra, con un archivolto affrescato alla base della torre.";;immagini/alatri_maggiore.webp;Dettaglio;;;
Ciociaria;6,2,3,1;Opera;6,2,3;Interno;;"Struttura e architettura interna
L'interno della chiesa, dall'aspetto sobrio ed essenziale, si articola in tre navate ed è preceduto da un endonartece, creato a seguito dell'avanzamento della facciata durante i rifacimenti del XIV secolo. Le navate sono divise da massicci pilastri con capitelli a calice adornati da motivi vegetali, sui quali poggiano archi a tutto sesto.

Navata centrale: Profonda e imponente, si conclude con un'abside quadrangolare.

Navata destra: Più stretta, è suddivisa in sei campate e termina con una piccola abside dal catino rivestito in mosaico dorato.

Navata sinistra: Più ampia ed asimmetrica, si apre su una serie di cappelle seicentesche ricche di opere d'arte e culmina nella grande cappella dedicata alla Madonna della Libera.

Le opere d'arte principali
La Madonna di Costantinopoli (XII-XIII sec.):
Situata nella prima cappella di sinistra, è la scultura in legno policromo più preziosa del tempio. Opera di un anonimo artista laziale, unisce alla solenne rigidità bizantina un notevole plasticismo. La Vergine regge un uovo (simbolo di vita e resurrezione), mentre il Bambino tiene il rotolo della Legge. È affiancata da un raro polittico in legno scolpito a bassorilievo, i cui pannelli laterali raffigurano dodici scene della vita di Cristo e della Vergine (dall'Annunciazione alla Dormitio Virginis).

Il Trittico del Redentore (prima metà del XV sec.):
È l'unica opera firmata da Antonio da Alatri, maestro del tardogotico influenzato dallo stile di Gentile da Fabriano. Composta da tre tavole incernierate e richiudibili, mostra al centro il Cristo benedicente (Salvator Mundi) e ai lati la Vergine col Bambino e San Sebastiano. La rilevanza data a San Sebastiano testimonia la forte devozione locale per il santo prima dell'arrivo delle reliquie del patrono San Sisto I.

La Madonna della Libera (XIV sec.):
In origine affrescata su una semicolonna della navata centrale, la venerata immagine fu trasferita nel 1852 nell'omonima cappella in fondo alla navata sinistra. L'opera reinterpreta lo schema solenne e ieratico della Madonna di Costantinopoli, addolcendone le forme e l'espressività.

Il Fonte Battesimale (XIII sec.):
Posizionato a destra del presbiterio, è composto da una vasca sorretta da tre telamoni scolpiti in differenti posture. In origine, la scultura costituiva la base della colonna monumentale destinata a sorreggere il cero pasquale.";;immagini/alatri_interno.webp;Dettaglio;;;
Ciociaria;6,2,4;Monumento;6,2;Palazzo Gottifredi;;"Imponente e severo, è una duecentesca casa-torre con
massiccio corpo centrale a due piani. All’interno il Museo civico comprende una
sezione archeologica ed epigrafica sull’Aletrium romana che, tra i reperti,
annovera un bronzetto proveniente dall’acropoli, l’epigrafe del magistrato Lucio
Betileno Varo e pitture del II-I secolo a.C. da una domus in piazza S. Maria
Maggiore, luogo del foro.";;Immagini/alatri_gottifredi.webp;Dettaglio;;;
Ciociaria;6,2,5;Monumento;6,2;s. Francesco;;"è una delle chiese principali della città di Alatri e assieme al contiguo ex convento è stata la sede della comunità di frati francescani la cui presenza in città sembra risalire alla prima metà del Duecento. Venne costruita a partire dal 1220 e terminata intorno al 1330, andando a soppiantare la vicina chiesa di San Benedetto come sede dell'ordine.

L'esterno

Particolare del rosone
Situata al termine di via San Francesco, tra la piazza Santa Maria Maggiore e porta San Francesco, si caratterizza all'esterno per una struttura compatta, in stile gotico; la severa facciata, a capanna, presenta un unico portale archiacuto, di piccole dimensioni, a cui si accede da un'ampia scalinata, e un grande rosone a colonnine radiali che si è mantenuto inalterato dalla sua costruzione, e che nel centro riproduce il motivo del rosone della collegiata di Santa Maria Maggiore.

L'interno:
E' in un'unica navata con presbiterio rialzato; si presenta con caratteristiche tipicamente barocche, derivanti dalla ristrutturazione degli inizi del XVIII secolo, che determinò la scomparsa di molti degli affreschi prima presenti, tuttavia si sono conservate varie testimonianze pittoriche del XIV e XV secolo, come, a ridosso del portale, sotto la settecentesca cantoria lignea, una Madonna con santi della scuola del Maestro di Alvito e un San Giovanni Battista di autore ignoto. Altri affreschi sono nella parete destra: una Madonna in trono con bambino, un Santo diacono e un San Benedetto (conservato per metà), inseriti in finte arcate ogivali; a destra di queste tre figure, un San Giovanni Battista[1]. Da segnalare poi una Deposizione di scuola napoletana del Seicento.


Affreschi della parete destra
Nella chiesa è inoltre conservato un mantello che sarebbe appartenuto a san Francesco d'Assisi e che sarebbe stato donato personalmente dal santo, nel 1222, ai confratelli dello scomparso monastero di Sant'Arcangelo. Benché non esistano fonti storiche certe, nel 2001 studi svolti dall'Università di Chieti per il restauro del mantello hanno determinato la datazione del medesimo al XIII secolo[2]. Attualmente il mantello è esposto in una teca in atmosfera controllata. In precedenza si trovava in un'urna, risalente al 1689 voluta dal vescovo Ghirardelli e tuttora visibile nella chiesa.";;immagini/alatri_francesco.webp;Dettaglio;;;
Ciociaria;6,2,5,1;Opera;6,2,5;ex Chiostro;;"Il contiguo convento, risalente al 1359, fu soppresso nel 1873 quando fu convertito in carcere e tale funzione mantenne fino al 1968. Attualmente, a seguito di restauro, gli ambienti al pianterreno sono adibiti a sala espositiva, nota come ""il Chiostro"", che ospita fra l'altro le esposizioni della Biennale d'arte contemporanea e l'esposizione permanente delle fotografie realizzate da Gianni Berengo Gardin ad Alatri nel 2000, mentre il piano superiore, già sede del tribunale di Alatri ospita diversi uffici comunali.

Il convento comprendeva anche un grande orto-giardino che dopo la soppressione fu trasformato in una piazza alberata, Piazza Regina Margherita.

All'interno dell'antico convento, in un'angusta intercapedine attigua al chiostro si è preservato un affresco, scoperto per caso nel 1997. L'opera, in cattivo stato di conservazione, raffigura un labirinto circolare di tipo Chartres, al cui interno è raffigurato un Cristo Pantocratore. Il Cristo nel labirinto - nome con cui è noto l'affresco - viene considerato un unicum in quanto non esistono altri casi noti di raffigurazioni di un labirinto con un Cristo al centro. L'opera, databile tra il XIII ed il XIV secolo, ha suscitato notevole interesse, anche in riferimento ad altri segni presenti nella complessa architettura del convento francescano, quali le triplici cinte incise sulla scalinata d'ingresso alla chiesa e le croci patenti sulla controfacciata della medesima";;immagini/alatri_chiostro.webp;Dettaglio;;;
Ciociaria;6,2,6;Monumento;6,2;Rione Le Piagge;;"Il nome Le Piagge, diffuso nella toponomastica medievale, sta ad indicare uno spazio digradante e ubicato in posizione marginale rispetto al centro del nucleo urbano di Alatri. Un’area, questa delle Carcìe, sia topograficamente che amministrativamente distinta dal restante agglomerato urbano: si presenta contraddistinto da un impenetrabile continuum architettonico in cui s’innesta un fitto intreccio di vicoli e strettoie, diramati e spesso confusi per le anse del colle.

La fase di maggiore rinnovamento edilizio per le Piagge corrisponde al periodo tra il XIII e il XV secolo. Si determinò nella zona una precisa tipologia residenziale, caratterizzata dall’aggregazione a schiera di piccole costruzioni monofamiliari che, oltre ad assolvere una funzione abitativa, ebbero una connotazione produttiva grazie alla presenza di piccole botteghe artigiane. In questo luogo si impone, per vetustà e importanza, la Chiesa di San Silvestro";;immagini/alatri_lepiagge.webp;Dettaglio;;;
Ciociaria;6,2,6,1;Opera;6,2,6;s. Silvestro;;"La Chiesa di San Silvestro ad Alatri è una delle più antiche chiese della città, eretta alla fine del X secolo, nel cuore dell’antica carcìa delle Piagge, ad una sola navata, di impianto romanico, successivamente nel 1331 fu ampiamente allargata con un ulteriore nave. La facciata è assai sobria: un semplice prospetto in pietra, con portale architravato e lunettato, ed oculo in conci marmorei. L’interno, sostanzialmente romanico, coperto da soffitto a capriate lignee, appare spartito longitudinalmente da due grandi arcate a sesto pieno.

L’edificio risulta famoso per i pregevoli affreschi che l’adornano e per la cripta sottostante. Dell’originaria decorazione duecentesca, rimane, nel catino absidale, l’Incoronazione della Vergine con i santi Giovanni Battista ed Evangelista, e a destra della stessa abside, il San Silvestro affiancato dal particolare simbolico del drago. La parete destra del presbiterio è ornata invece da una successione di affreschi di epoca più tarda, appartengono infatti al XV secolo, in cui sono riconoscibili le figure di san Sebastiano, di san Leonardo, di sant’Antonio abate e di una Madonna in trono con Bambino.

A questa teoria di santi segue il trittico raffigurante la Deposizione di Cristo nel Sepolcro. Lungo il perimetro orientale della chiesa troviamo, benché mutila per l’apertura di una finestra, un' Annunciazione attorniata da figure di santi, tra i quali l’ Evangelista Giovanni facilmente individuabile dal cartiglio che impugna con la scritta “in principium erat verbum”. A conclusione di questo straordinario ciclo di affreschi vi era, fino a qualche tempo fa, una colossale Fuga in Egitto, di cui non rimane che qualche misero frammento a seguito dei danni riportati durante il secondo conflitto mondiale.

Scendendo la ripida scala in pietra, posta ai piedi della parete destra, si può ammirare la cripta, l’altro grande gioiello di questa chiesa. Si tratta di un piccolo spazio ipogeo, assai rozzo, coperto da volta a crociera, risalente al IX secolo, ossia a un periodo assai precedente rispetto alla costruzione soprastante. Dalle incrostazioni della parete destra emerge un affresco raffigurante un ignoto santo benedicente, di gusto tipicamente bizantineggiante, evidente nell’atteggiamento di assoluta frontalità e nella gamma dei colori in cui predominano ocre, rossi e azzurri.";;immagini/alatri_silvestro.webp;Dettaglio;;;
Ciociaria;6,3;Paese;6;Veroli;;"Posta su una dolce altura nel cuore della Ciociaria, e affacciata sulla Piana di Frosinone, Veroli è una cittadina medievale, dalle antichissime origini. Fondata, infatti, dagli Ernici, di cui, nella parte più alta del colle, si possono ancora vedere (conservate in buono stato), l’acropoli e le mura megalitiche, Verulae formò, con importanti città ciociare come Anagnia (Anagni), Aletrium (Alatri), Ferentinum (Ferentino) ed altri centri minori, la Lega Ernica.
Essa divenne inoltre fedele alleata dei romani fin dal regno di Tarquinio il Superbo, ed ancor oggi, in onore di questa coalizione, sullo stemma della città compare la scritta “verulana civitas almae urbi confederata” (la città di Veroli confederata alla generosa Roma)";;immagini/veroli_panorama.webp;Principale;41,691763;13,418721;mappe-offline/Ciociaria
Ciociaria;INF6,3;Info / Contatto;6,3;pro Loco;;"📍 Indirizzo:Via Vittorio Emanuele, 12<br>📞 Tel. 0775 238929<br>🕒 Orari<br>🌐 Sito web:https://www.prolocoveroli.it

<br>🅿️ Parcheggio Multipiano ""Porta Romana"" / Viale dei Volsci";;;Info / Contatto;;;
Ciociaria;6,3,1;Monumento;6,3;Cattedrale;;"Origini antiche: Sorge sull'antico Forum Verolanum. Fu costruita nel XIII secolo su un edificio paleocristiano del IV secolo. La presenza della sepoltura del presbitero Marturio (384 d.C.) ne testimonia le radici antichissime.

Ricostruzioni e modifiche:

Ricostruito dopo il terremoto del 1350.

Nel 1706, per volere del Vescovo De Zaulis, la chiesa ha assunto l'aspetto attuale (mantenendo il rosone gotico del XIV secolo).

Il campanile sorge sopra un'antica torre romana.

Architettura e Interni
Stile: L'interno a tre navate ha un aspetto prevalentemente barocco (frutto dei lavori tra la fine del '600 e il '700) che ha trasformato gli elementi romanici e gotici originali.

Coro e opere pittoriche:

Coro ligneo del 1624 nell'abside.

“Il martirio di San Bartolomeo” del pittore polacco Taddeo Kuntze nella navata sinistra.

Tela del 1604 di Federico Buccatti sull'altare della Cappella del Sacramento (Santi Maria Salome, Biagio e Demetrio).

Il Tesoro del Duomo e l'Archivio
Il Tesoro: Situato nella navata destra, raccoglie oltre 600 reliquie (in parte trasferite nel 1572 dall'Abbazia di Casamari). Tra i pezzi più preziosi:

Croce astile in argento dorato (XIII sec.) con un frammento della Santa Croce.

Altre croci processionali, calici smaltati (1396) e cofanetti d'avorio siriaco-persiani.

Busti reliquiari in argento di Santa Maria Salome (patrona di Veroli), dei Santi Giovanni e Paolo, di Sant'Andrea e il braccio reliquiario di San Matteo.

L'Archivio Capitolare: Custodisce circa 1.200 pergamene a partire dal IX secolo.";;immagini/veroli_cattedrale.webp;Dettaglio;;;
Ciociaria;6,3,2;Monumento;6,3;Palazzo Comunale;;"Collocazione: Il Palazzo Comunale sorge sulla piazza principale dell'antica Veroli, dove un tempo si trovava il Foro romano.

Mura Megalitiche: L'edificio ingloba un tratto di mura megalitiche del IV secolo a.C., visibili all'interno del Museo Civico Archeologico.

Ambienti Sotterranei: Sotto l'area del Foro si sviluppa una galleria sotterranea (III sec. a.C.) con ambienti rettangolari e archi in pietra, realizzata dai romani come opera di sostruzione (sostegno urbanistico).

Il Museo Civico Archeologico
La Collezione Papetti: La maggior parte dei reperti proviene dalla donazione della famiglia Papetti in memoria di Nino, storico cultore locale e ispettore archeologico.

Reperti esposti: Mosaici, decorazioni antiche, vasellame, urne cinerarie, un sarcofago e un calco dei celebri Fasti Verolani.

Iscrizioni e Personaggi Romani:
Gracco: Prefetto dei fabbri, figura ancora misteriosa a causa dell'estrema sintesi dell'iscrizione a lui dedicata.

Lucio Alfio: Duumviro, signore e curatore della colonia cassinese. I Collegi dei Sevirali e degli Augustali gli dedicarono un monumento per i suoi meriti: di esso si conserva la base, ritrovata nel 1356 presso il campanile del Duomo di Sant’Andrea.";;immagini/veroli_comune.webp;Dettaglio;;;
Ciociaria;6,3,3;Monumento;6,3;Palazzo Quinones;;"Il Borgo di Santa Croce.
Atmosfera e Architettura: Conserva intatto l'aspetto medievale, con stradine strette e tortuose ed edifici con archi e bifore in stile romanico e gotico.

Tradizione Artigiana: Il quartiere è storicamente legato alle antiche ""botteghe"" e alle maestranze locali.

Palazzo Santa Croce (o Palazzo Quiňones)
Storia: Prende il nome dal Cardinale Quiňones, prefetto di Veroli nella prima metà del 1500, che vi ha dimorato.

Caratteristiche Architettoniche:

In facciata presenta un'elegante bifora gotica e una croce traforata (simbolo del titolo cardinalizio).

Sul retro conserva una corte caratteristica che ne completa lo stile austero e raffinato.

Uso Attuale: Un ambiente del palazzo ospita una mostra permanente dedicata all'artigianato tipico e alla tradizione contadina verolana.";;immagini/veroli_quinones.webp;Dettaglio;;;
Ciociaria;6,3,4;Monumento;6,3;Fasti Verulani;;"Definizione e valore: Sono un raro e prestigioso calendario romano del I secolo d.C., inciso su una lastra di marmo. Testimoniano l'importanza di Veroli in epoca romana.

Contenuto: Riportano i primi tre mesi dell'anno (Gennaio, Febbraio e Marzo).

Struttura dei mesi: Ogni mese è suddiviso in tre sezioni:

Lettere per indicare date di fiera e mercato (ogni nove giorni).

Numeri romani decrescenti per il conteggio dei giorni rispetto a Calende, None e Idi.

Sigle (F, C, N, NP, EN) che indicano la nota dierum (la natura sacra o civile di ciascun giorno).

Ritrovamento e Conservazione:
La scoperta: Avvenne nel 1922 durante dei lavori: la lastra era stata riutilizzata come copertura per una tomba di una necropoli paleocristiana.

Studio: Fu ricomposta e analizzata dal Prof. Camillo Scaccia Scarafoni.

Dove vederli: L'originale è conservato nel cortile di Casa Reali (tipica abitazione medievale), mentre una riproduzione è esposta al Museo Civico Archeologico nel Palazzo Municipale.";;immagini/veroli_fasti.webp;Dettaglio;;;
Ciociaria;6,3,5;Monumento;6,3;Chiesa s. Salome;scala santa;"Origini e Storia della Basilica
Ritrovamento delle spoglie (1209): La chiesa sorge nel punto in cui fu trovato il corpo di Santa Maria Salome, patrona di Veroli. Attorno al sepolcro venne inizialmente eretto un primo oratorio.

Ricostruzioni: Distrutta dal terremoto del 1350, fu ricostruita e consacrata nel 1492.

Restauri Settecenteschi: Tra i primi del '700 e il 1733, i vescovi De Zaulis e Tartagni completarono la facciata e l'interno della basilica.

Architettura e Opere d'Arte Principali
L'interno è a tre navate e custodisce importanti opere pittoriche e scultoree:

Navata centrale e presbiterio:

Tela di Santa Salome nell'abside di Giuseppe Cesari (il Cavaliere d'Arpino), affiancata da dipinti dei Santi Giovanni e Giacomo attribuiti a Giuseppe Passeri.

Affreschi della cupola attribuiti a Giacinto Brandi.

Navata sinistra:

Affreschi del XIII-XIV secolo (sul fondo).

Dipinto dell'Immacolata del Sementi e scene della Passione attribuite al Maratta (nella prima cappella).

Navata destra:

Trittico ""Madonna e Santi"": Opera firmata da D.F. Hispanus (1561) situata a destra del presbiterio, affiancata da un grande quadro attribuito a Francesco Solimena.

Cappelle: Ospitano un Crocifisso di F. Trevisani, una Deposizione di A. Cavallucci e una statua lignea della Santa di scuola berniniana (XVII sec.).

Monumento funerario (1655): Dedicato a Francesca Antonia Leni (morta a 15 anni), scultura barocca di grande delicatezza.

Elementi di particolare Rilievo:
La Scala Santa: Fatta costruire nel Settecento dal Vescovo Tartagni, è composta da 12 gradini. L'undicesimo contiene un frammento della Santa Croce di Gerusalemme; percorrendola si può ottenere l'indulgenza plenaria.

La Confessione (1742): Mausoleo in marmo sotto l'altare maggiore che conserva l'urna dorata con i resti di Santa Maria Salome e le reliquie dei Santi Biagio e Demetrio.

La Cripta e l'Oratorio sotterraneo: Si raggiunge scendendo attorno a una torre circolare (dove si trova anche un antico pozzo del 1210). Custodisce il punto esatto del primo ritrovamento della Santa e la piccola urna in pietra che ne conservò le ossa fino al terremoto del 1350.

Nei dintorni: Di fronte alla Basilica ha sede il Seminario, che ospita la Biblioteca Giovardiana (seconda metà del '700), tra le più antiche biblioteche pubbliche d'Italia.";;immagini/veroli_salome.webp;Dettaglio;;;
Ciociaria;6,3,6;Monumento;6,3;Chiesa s. Maria dei Franconi;;"La Chiesa e il Monastero
Storia e Origini: Risale all'XI-XII secolo ed è annessa al monastero benedettino (fondato nel 1580).

Facciata Romanica: Sopravvissuta al terremoto del 1350, conserva lo stile romanico originario con archetti ciechi e un portale severo ornato da motivi benedettini.

Interni e Opere:

Controfacciata: Ospita l'affresco ""Crocifissione con veduta di Veroli"" (1674).

Pareti: Decorazioni ad affresco del XVII secolo (opera di F. Frezza sulla parete di fondo) e del XVIII secolo.

L'Oratorio di Sant’Onofrio
Collocazione e Antichità: Situato sotto il presbiterio e addossato alle mura urbiche, è un'architettura più antica rispetto alla chiesa soprastante.

Struttura: Composto da due campate sostenute da sei pilastri (quattro angolari e due centrali).

Importanza Architettonica: Presenta un'innovativa struttura gotica (con archi, costoloni e volte a crociera) che ha fatto da modello per importanti edifci successivi, tra cui l'Abbazia di Casamari.";;immagini/veroli_franconi.webp;Dettaglio;;;
Ciociaria;6,3,7;Monumento;6,3;Chiesa s.Leucio;;"Collocazione e Mura Megalitiche
Posizione: La chiesa si trova sulla Rocca, il punto più alto di Veroli (circa 700 m s.l.m.), in posizione dominante sulle Valli del Sacco e del Liri.

Mura Megalitiche: L'area è cinta da mura di origine preromana, realizzate con enormi blocchi di pietra grezza e non lavorata.

Architettura e Storia della Chiesa
Stile e Struttura: Piccola chiesa romanica dalla facciata semplice in pietra viva. L'interno è a navata unica con tetto a capriate e ha conservato quasi intatte le sue linee originarie.

Origini e Consacrazione:

Una lapide del 1079 (sotto Papa Gregorio VII) ne attesta la dedicazione a San Leucio.

La data si riferisce a una riconsacrazione a seguito di ampliamenti: la struttura originaria è ben più antica, risalente probabilmente al IV secolo.

Elementi Interni
Abside: Custodisce un dipinto del Crocifisso risalente al 1603.

Cappelle Laterali: Aggiunte in un secondo momento:

Destra (più antica): Dedicata alla Madonna Addolorata.

Sinistra: Dedicata a Santa Maria Salome.";;immagini/veroli_leucio.webp;Dettaglio;;;
Ciociaria;6,4;Paese;6;Abbazia Casamari;;"Abbazia

“Il Monastero si costruisca, possibilmente, in modo da potersi trovare tutto il necessario, cioè l’acqua, il mulino, l’orto e gli ambienti per le varie attività, così che i monaci non debbano girovagare fuori, cosa che non recherebbe alcun vantaggio alle loro anime”. Queste parole del capitolo LXVI della Regola di San Benedetto sono state basilari per la costruzione dei monasteri, tanto che tendenzialmente mai da esse ci si è allontanati, nonostante l’evoluzione del tempo e le numerose riforme. La struttura architettonica, infatti, doveva e deve rispettare le esigenze della vita claustrale, fatta di lavoro e di preghiera, per consentire al monaco di raggiungere lo scopo della sua vocazione. A Casamari non c’è traccia dell’antico monastero benedettino; sappiamo, però, che nel secolo XI la chiesa fu ampliata dall’abate Giovanni I secondo i canoni dell’architettura romanica e che, in seguito alla riforma cistercense, l’abbazia fu rifatta, rispettando le regole costruttive del nuovo Ordine. Venne consacrata da papa Onorio III nel 1217 e, nonostante i numerosi restauri, la sua struttura è rimasta, nel tempo, pressoché immutata";;immagini/casamatri_abbazia.webp;Principale;41,671111;13,487222;mappe-offline/Ciociaria
Ciociaria;INF6,4;Info / Contatto;6,4;;;"📍 Indirizzo:Via Maria, 25<br>📞 Tel.  0775 282371<br>🕒 Orari: tutti i giorni 9.00-12.00; 15.00-18.00.<br>🌐 Sito web:https://www.abbaziadicasamari.it

<br>🅿️ ";;;Info / Contatto;;;
Ciociaria;6,4,1;Monumento;6,4;Sagrato;;"Lo sviluppo verticale del prospetto della chiesa è moderato da un atrio a tre archi formato da blocchi di pietra calcarea e ancorato a quattro robusti contrafforti.

Sull'atrio si leva l'alzato, a forma di rettangolo, sostenuto da due contrafforti e ornato da un rosone a sei lobi, al centro, e da due monofore ad arco acuto, chiusi da lastre di alabastro; in alto, un timpano, a doppio spiovente con cornice dentellata, corona la struttura.

L'interno dell'atrio è formato da tre volte a crociera costolonate, sostenute da pilastri con lesene semicircolari addossate. Al centro, si apre il bellissimo portale, con profonda strombatura realizzata da una serie di archi a tutto sesto sorretti da colonne alternate a semicolonne pensili, sopra i capitelli corre una mensola che ne sottolinea le sporgenze.

La porta originaria, in legno di noce, è stata rivestita di rame, nel 1954, dallo scultore Pietro Canonica che ha realizzato in bronzo, nella parte superiore, quattro formelle con i simboli degli evangelisti.";;immagini/casamatri_sagrato.webp;Dettaglio;;;
Ciociaria;6,4,2;Monumento;6,4;Chiesa;;"Origini e Architettura Cistercense
Inizio e consacrazione: La costruzione iniziò nel 1203 (benedetta da Papa Innocenzo III) e la chiesa fu consacrata nel 1217 da Papa Onorio III.

Stile bernardino: Segue la pianta tipica cistercense: austera, grandiosa e priva di decorazioni o sculture superflue, per favorire la preghiera.

Struttura: Pianta a croce latina a tre navate. La navata centrale è divisa in sette campate da pilastri con volte a crociera e lesene pensili che terminano sopra il pavimento per fare spazio agli antichi stalli del coro.

Transetto, Abside e Altare
Transetto: Presenta finestre a monofora, rosoni e sei piccole cappelle laterali (tre per braccio).

Altare maggiore: Al centro del transetto si trova una tribuna (ciborio) in marmi policromi, donata nel 1711 da Papa Clemente XI.

Abside e Coro: L'abside riceve luce da finestre e da un rosone a sei lobi chiusi da lastre di alabastro. Ospita il coro in noce (realizzato nel 1953) e la consolle dell'organo (1940), le cui 1525 canne sono posizionate all'esterno della struttura.

Anomalia della Torre Campanaria
Posizione unica: La torre non sorge all'incrocio dei bracci della croce (il transetto), ma sulla campata antistante.

Motivo: Questa scelta risponde a un preciso equilibrio geometrico cistercense: la torre dista dalla parete dell'abside quanto la larghezza della chiesa stessa e pari a due terzi della sua lunghezza.";;immagini/casamari_chiesa.webp;Dettaglio;;;
Ciociaria;6,4,3;Monumento;6,4;Aula Capitolare;;"Importanza e Funzioni:
Considerata tra le più belle dell'architettura cistercense europea, è l'ambiente più importante dopo la chiesa. Qui la comunità si riunisce per:

Lettura della Regola: Ascoltare quotidianamente il martirologio e un capitolo della Regola di San Benedetto (da cui il nome dell'aula).

Attività comunitarie: Eleggere l'abate a voto segreto, accogliere i postulanti, ascoltare insegnamenti spirituali e discutere decisioni importanti.

Capitolo delle colpe: In passato, un momento di confessione pubblica e richiesta di perdono per le infrazioni alla Regola.

Ingresso e Facciata
Portale e Bifore: Si accede tramite un portale ogivale affiancato da due grandi bifore strombate con colonnine e lunette con losanghe.

Funzione delle bifore: Permettevano ai fratelli conversi (ai quali era vietato l'accesso all'aula) di ascoltare dall'esterno il sermone dell'abate.

Architettura e Interni
Dislivello simbolico: Il pavimento è ribassato rispetto al chiostro: scendere simboleggia l'umiltà e la penitenza, mentre risalire rappresenta la purificazione e il perdono.

Struttura: Sala a pianta quadrata, divisa in 3 navate e 9 campate da 4 imponenti pilastri a fascio decorati con snelle colonnine e capitelli con motivi vegetali, da cui si dipartono le volte a crociera.

Elementi recenti:

I sedili in legno (che hanno sostituito l'antico banco in pietra perimetrale a tre livelli).

Il pavimento in cotto.

Le tre vetrate istoriate orientali raffiguranti San Benedetto (al centro), San Roberto di Molesme (a sinistra) e San Bernardo di Chiaravalle (a destra).";;immagini/casamari_capitolare.webp;Dettaglio;;;
Ciociaria;6,4,4;Monumento;6,4;Chiostro;;"Il Cuore Spirituale del Monastero.
Funzione e Posizione: È il centro attorno al quale si sviluppano tutti gli ambienti della vita monastica (Chiesa, Aula Capitolare, Refettorio, Dormitori, ecc.).

Vita Monastica: Luogo di meditazione, lettura, passeggiata, processioni e raccoglimento spirituale. Il silenzio del chiostro è la condizione fondamentale per il dialogo del monaco con Dio.

Simbologia e Teologia
La Forma Quadrangolare: Il numero quattro simboleggia l'universo (4 punti cardinali, 4 elementi, 4 stagioni).

Il Cammino Spirituale: Le quattro gallerie rappresentano il percorso dell'anima: disprezzo di sé, disprezzo del mondo, amore del prossimo, amore di Dio.

Il Giardino Interno: Richiama l'armonia del creato grazie alla presenza equilibrata di Terra, Acqua, Aria e Luce.

Architettura e Dettagli Storici
Struttura: Portici con volte a vela ristrutturati nel XVIII secolo (in sostituzione dell'originale tettoia in legno). Su ogni lato si aprono quattro bifore con colonnine binate (lisce, scanalate o a treccia) e capitelli a crochet.

Il Pozzo Centrale: Al centro del giardino si trova il puteale della cisterna, posto su una base ottagonale con colonnine.

Il Capitello Storico (Lato Sud): Raffigura i volti attribuiti a Federico II, al suo segretario Pier delle Vigne e all'abate Giovanni, a ricordo della visita e affiliazione dell'imperatore nel 1222.

Galleria Orientale: Vi si affacciano le grandi bifore dell'Aula Capitolare e tre portali principali che conducono al Locutorium (corridoio verso l'esterno), all'Aula Capitolare e all'Armarium (l'antico archivio con il caratteristico oculo centrale).";;immagini/casamari_chiostro.webp;Dettaglio;;;
Ciociaria;6,4,5;Monumento;6,4;Refettorio;;"Ubicazione e Origine Storica:
Accesso: Vi si accede tramite la ""porta dei conversi"" (situata all'inizio della navata destra della chiesa), passaggio storicamente riservato ai fratelli conversi.

Funzione originaria: La sala nasce in origine come dispensarium, ossia il deposito dei prodotti agricoli del monastero.

Conversione: Nel 1952, a seguito di interventi di restauro e intonacatura delle pareti e delle volte, il locale è stato adibito a refettorio per i pasti comunitari dei monaci.

Architettura e Struttura:
Dimensioni e luminosità: Grande sala austera di 37 metri di lunghezza e 11 di larghezza, resa molto luminosa da alte finestre rettangolari.

Interni: Diviso in due navate e sette campate da imponenti colonne cilindriche con capitelli ottagonali.

Coperture e archi: Presenta volte a crociera e archi (trasversali e longitudinali) prevalentemente a sesto acuto.

La Regola del Silenzio:
In linea con la Regola di San Benedetto, i pasti si svolgono nel silenzio più rigoroso.

È vietato parlare o fare domande: l'unica voce ammessa all'interno della sala durante il pasto è quella del monaco incaricato della lettura spirituale.";;immagini/casamari_refettorio.webp;Dettaglio;;;
Ciociaria;6,5;Paese;6;Arpino;Città di Cicerone;Adagiata su di un sistema collinare che si erge improvviso sulla vallata, Arpino offre il suo profilo inconfondibile al visitatore che vi giunge.  Siamo sul versante sinistro della Media Valle del Liri, prossimi alle estreme propaggini dell’Appennino centrale. Situata ad un’altezza media di 450 m s.l.m., Arpino gode di un clima asciutto e gradevole, che la rende una “stazione climatica” ideale per chiunque desideri sfuggire all’atmosfera soffocante ed inquinata delle grandi città.;;immagini/arpino_panorama.webp;Principale;41,64705;13,61155;mappe-offline/Ciociaria
Ciociaria;INF6,5;ufficio turistic - Pro Loco;;;;"📍 Indirizzo:piazza Municipio<br>📞 Tel.  +39 0776.8485351<br>🕒 Orari: .<br>🌐 Sito web:http://www.prolocoarpino.it
<br>🅿️ Parcheggio di Via Pasquale Rotondi";;;;;;
Ciociaria;6,5,1;Monumento;6,5;Piazza del Municipio;;"E' il ""salotto buono"" di Arpino, le sue linee architettoniche armoniose ed eleganti,le tinte calde e gentili delle sue facciate accolgono il visitatore per introdurlo nel cuore della città.
Centro della vita sociale, culturale e religiosa cittadina, la Piazza Municipio sorge sul sito dell'antico Forum romano, situato all'incrocio  tra gli assi viari principali del decumanus, che comprende le odierne vie Giuseppe Cesari e dell'Aquila Romana e del cardo, corrispondente al   tracciato dell'attuale Via del Liceo.
A conferma di ciò nel centro della piazza è visibile un  tratto dell'antico  basolato romano, venuto recentemente alla luce (2006) durante le opere di riqualificazione urbana del centro storico cittadino. Da notare i  vari strati su cui il lastricato è sistemato e  la perfezione della cloaca. Un altro tratto, portato a livello strada, si può vedere in via dell'Aquila Romana        
Un tempo parzialmente inglobata nel cortile di Palazzo Boncompagni, la piazza deve la sua sistemazione definitiva e il suo ampliamento al periodo della dominazione francese (1811-1814),  quando assunse la sua attuale fisionomia architettonica ed urbanistica, recuperando la primitiva funzione di centro della vita cittadina.";;immagini/arpino_municipio.webp;Dettaglio;;;
Ciociaria;6,5,2;Monumento;6,5;s Michele Arcangelo;;"1. Origini Storiche e Fede (Dal Pagano al Cristiano).
L'Antico Tempio: Sorge sull'area di un probabile tempio pagano dedicato ad Apollo e alle nove Muse (dietro l'altare si trova un vano scavato nella roccia con nove nicchie vuote).

Testimonianze Storiche:

Una lapide del 1700 nella navata sinistra recita: ""Templum hoc novem musis olim dicatum ... anno MDCCXXXI consecravit"".

Affreschi dell'VIII-IX secolo e la campana maggiore recante la datazione MC (1100).

Documenti nei Regesti dell'Abbazia di Montecassino attestano una donazione da parte di Giovanni di fu Lando nel 1104.

Residenza Vescovile e Restauri: All'inizio del '400 fu residenza del vescovo di Sora (S. Arcangelo). Danneggiata dal terremoto del 1654, venne successivamente restaurata e rimaneggiata assumendo l'attuale fisionomia barocca.

Architettura e Capolavori Artistici
L'interno si presenta in stile barocco, a pianta a croce latina a tre navate, con cappelle laterali e volte a crociera.

Opere del Cavalier d'Arpino (Giuseppe Cesari):

Altare Maggiore: Grande tela raffigurante L'Arcangelo Michele vittorioso su Lucifero.

Volta dell'Abside: Affresco con la figura del Padre Eterno.

Altre opere attribuite: L'Annunciazione, Tobia e l'Angelo, Il Martirio di San Pietro e le 14 stazioni della Via Crucis.

Sculture e Arredi Lignei di Michele Stolz:

Pulpito e Battistero: Scolpiti in legno di noce dallo scultore tirolese Michele Stolz (1725–1779); il pulpito presenta sei putti a rilievo sostenuti da un'aquila.

Sepoltura: Lo stesso artista è sepolto all'interno della chiesa, sotto l'altare del Sacro Cuore.

Altre Opere di Rilievo:

Navata Destra: Croce stazionale di Scuola Toscana (XIV secolo).

Sacrestia: Tela ad olio del Battesimo di Gesù, attribuita a Francesco Curia.

Dipinti e Organo: Madonna con Bambino del pittore secentesco Dionigi Ludovisi e maestoso organo del '700.";;immagini/arpino_arcangelo.webp;Dettaglio;;;
Ciociaria;6,5,3;Monumento;6,5;Palazzo Boncompagni;;"Monumento a Cicerone (1958)

Scultore: Ferruccio Vecchi.

Collocazione: Piazza Municipio.

Palazzo Boncompagni (Struttura ed Esterni):

Epoca dell'aspetto attuale: Primi dell'Ottocento (chiude la piazza ad angolo retto).

Facciata Sinistra:

Finestre a due ordini.

Stemma della città di Arpino.

Iscrizione latina dedicata a Carlo III di Borbone.

Busti di Vittorio Emanuele II e Giuseppe Garibaldi.

Facciata Destra:

Lunga balconata e tre portali (uno dei quali collega la piazza a Corso Tulliano).

Busti del Cavalier d'Arpino (Giuseppe Cesari) e di San Francesco Saverio Maria Bianchi.

Uso del palazzo: Ex sede dell'Amministrazione Comunale, attualmente sede provvisoria della Fondazione Umberto Mastroianni.

Interni di Palazzo Boncompagni

Piano Terra (Atrio): A sinistra, frammento di pavimento a mosaico d'epoca romana (II-III sec. d.C.), rinvenuto negli scavi vicini alla Collegiata di San Michele.

Primo Piano: Sale espositive della Fondazione Mastroianni.

Secondo Piano: Frontale del monumento funerario romano della famiglia dei Fufidi (contemporanei di Cicerone ed esattori per il Municipium di Arpino delle rendite della Gallia Narbonese donate da Caio Mario).";;immagini/arpino_boncompagno.webp;Dettaglio;;;
Ciociaria;6,5,4;Monumento;6,5;Civitavecchia;;"Piccolo centro di umanità secolare, raccolta entro una barriera di mura megalitiche essa irradia ancora, per il turista che la raggiunge, suggestioni e testimonianze di una vita arcaica. Civitavecchia fu, probabilmente, il nucleo originario del primitivo insediamento volsco (popolo del VII-VI sec. a.C.), fondato per necessità di difesa su un luogo alto e dirupato e poi circondato da possenti mura. Infatti altri popoli italici, quali i Marsi e i Sanniti ne premevano e minacciavano la sicurezza e i beni.
1. Le Testimonianze Medievali e le Fortificazioni
Porta d'Ingresso e Torrione: L'accesso al borgo avviene attraverso una porta integrata in un torrione circolare che inglobò quella arcaica.

Il Castrum e la Torre Quadrangolare: All'interno, sulla sinistra, si trova un'alta torre a pianta quadrata eretta a protezione del castrum, cinto da mura medievali (oggi in parte ruderi) e dotato di una cisterna per l'approvvigionamento idrico.

Le Mura e i Cammini di Ronda: Dopo il 1215, quando Arpino divenne baluardo dello Stato Pontificio verso il Sud Italia, le mura che scendevano da Civitavecchia furono rafforzate con torri quadrate e rotonde, bastioni con casematte e cammini di ronda (visibili tramite una panoramica passeggiata dal centro del borgo).

2. La Chiesa della SS. Trinità (o del Simulacro del Crocifisso)
Situata a fianco del celebre Arco a Sesto Acuto, è un piccolo gioiello del Settecento.

Storia: Fatta erigere nel 1720 dal Cardinale Giuseppe Pesce (maestro e rettore della Cappella Pontificia); ancora oggi è di proprietà della famiglia Pesce.

Architettura e Opere:

Pianta a croce greca con cupola sorretta da quattro pilastri centrali.

Altare con paliotto finemente dipinto a motivi floreali.

Due grandi affreschi ai lati: L'Immacolata (a destra) e San Giuseppe (a sinistra).

Il Legame con Michele Stolz: Lo scultore tirolese Michele Stolz fu a lungo ospite del Cardinale Pesce nella sua casa di Civitavecchia. Qui realizzò diverse opere (tra cui il Simulacro della Crocifissione, la Statua di San Vito e la Statuetta della Concezione), caratterizzate da un linguaggio rococò d'impronta napoletana.

3. Il Borgo e le sue Curiosità
Palazzo con Feritoie/Scivoli (Civico 6): Percorrendo la stradina lastricata a ciottoli tipici del borgo, al numero 6 si nota un antico palazzo che presenta ai lati del portone d'ingresso due scivoli: servivano ai ""bravi"" del signore locale per tenere sotto tiro ed eliminare ospiti indesiderati.

Chiesa di San Vito (XVI Secolo):

Struttura a tre navate.

Sull'altare maggiore custodisce la tela del Cavalier d'Arpino (San Vito, Santa Crescenza e San Modesto) e la celebre statua di San Vito scolpita da Michele Stolz.

4. Conclusione del Tour: La Rotonda-Belvedere
Uscendo dalla Chiesa di San Vito e prendendo la stradina di fronte, il percorso verso Civitavecchia si conclude nella rotonda-belvedere. Da qui si gode di una vista mozzafiato sulla valle sottostante, tra pendici collinari ricoperte di ulivi e querce, immerse in una suggestiva atmosfera di silenzio e quiete.

La grandiosità di queste mura, che si trovano pure in altri paesi dei Volsci (Atina, Aquinum, Sora, Signia, Arcis) e degli Ernici (Aletrium), ha suggerito alla fantasia popolare il nome di mura pelasgiche (in ricordo dei preellenici, mitici Pelasgi) o ciclopiche (i giganti omerici). E', però, più giusto chiamare questo tipo di mura ""poligonali"" proprio per la forma che presentano gli enormi massi, sovrapposti l'uno sull'altro senza alcun legame di malta.";;immagini/arpino_civitavecchia.webp;Dettaglio;;;
Ciociaria;6,5,4,1;Opera;6,5,4;Acropoli;;"Certamente l'arco a sesto acuto, porta arcaica d'ingresso all'Acropoli, rievoca in maniera determinante il sistema costruttivo delle gallerie di Tirinto e Micene. Questo prodigioso monumento è alto 4,20 metri ed è formato da blocchi sovrapposti che si restringono verso la cima, tagliati obliquamente sul lato interno. In epoca medievale fu chiuso in un bastione semicircolare, ora per metà demolito.

In alcune fotografie, precedenti al restauro del 1960, si presenta con un pilastro centrale che serviva da sostegno. Un'altra porta d'accesso al complesso fortificato è situata alle pendici del colle, a ridosso del quartiere Arco. Si ipotizza fosse usata come accesso inferiore all'acropoli. A differenza dell'arco a sesto acuto questa porta, battezzata come ""Porta Tana del Lupo"", ha forma architravata e massi poligonali ben definiti con facciavista regolare. Interessante è la cava situata accanto al muro perimetrale utilizzata per l'estrazione del materiale per realizzare i ciclopici massi.";;immagini/arpino_acropoli.webp;Dettaglio;;;
Ciociaria;6,5,4,2;Opera;6,5,4;Torre di Cicerone;Apertura:  Sabato, Domenica e Festivi: Ore 10:00-13:00/15:00-19:00;"

1. Storia e Leggenda Toponomastica
La Civitas Ciceroniana: Nel catasto del 1581 l'Acropoli era denominata Civitas Ciceroniana. La tradizione popolare riteneva che nell'antico borgo protetto dalle mura ciclopiche sorgesse la residenza della famiglia dei Tulli, ereditata da Quinto, fratello di Cicerone.


Origine del Nome: Le prime indagini archeologiche dell'Ottocento non trovarono tracce di complessi residenziali romani, ma confermarono l'esistenza di una viva tradizione orale che conservava toponimi come un muraglione ""di Cicero"" e una ""via Cicera"". Da questi elementi storici e popolari la torre prese ufficialmente il nome di Torre di Cicerone.

2. Architettura e Caratteristiche Costruttive
Struttura Esterna:

Pianta quadrangolare d'impianto imponente (circa 16 metri per lato).

Rinforzata sul lato sud-orientale da un robusto muro a scarpa.

Ballatoio esterno che conduce all'ingresso situato al piano mediano.

Sulle facciate si aprono finestre a feritoia nei livelli inferiori e aperture quadrangolari più ampie ai piani superiori.

Ambienti Interni e Copertura:

Divisa internamente su due livelli.

Al piano mediano, a sinistra dell'ingresso, si conserva l'architrave di un antico camino angolare con le tracce a parete della canna fumaria.

Al piano superiore sono ancora visibili gli attacchi angolari della volta originaria (presumibilmente a crociera).

3. Origine Medievale e Ruolo Difensivo
L'analisi della muratura originaria e delle tecniche di copertura conferma senza dubbi la fattura medievale della torre. Posizionata strategicamente nell'angolo nord-ovest della cinta muraria di Civitavecchia e in prossimità della porta urbica, costituiva il perno del sistema difensivo del borgo.";;immagini/arpino_cicerone.webp;Dettaglio;;;
Ciociaria;6,6  ritornoPaese;Paese;6;Borgo Bainsizza;;;;;Principale;41,48192;12,79314;mappe-offline/Ciociaria
Terracina_Gaeta;7;Percorso;;Terracina-Gaeta;;;itinerari/Terracina1.jpg, itinerari/Terracina2.jpg;;;;;
Terracina_Gaeta;7,1 partenza;Paese;7;Borgo Bainsizza;;;;;Principale;41,48192;12,79314;mappe-offline/Terracina
Terracina_Gaeta;7,2;Paese;7;Terracina;;"All’estremità della pianura pontina, Terracina (m 22, ab. 45 000 circa) occupa col nucleo più antico l’estremo pendio dei monti Ausoni mentre l’espansione
moderna, turistica e balneare, si stende accanto al porto di pesca tra la Via Appia
e il mare. Nella città murata l’impronta dell’architettura medievale e gotica è
ancora ben evidente, nonostante i bombardamenti del 1944: a portici, logge,
bifore e trifore archiacute rispondono colonne, architravi, mensole reimpiegate da
edifici romani, al calcare il basalto tolto dal lastricato dell’Appia. Nella città
antica affascina la suggestiva compenetrazione di resti romani in architetture e
strade medievali, e incanta il paesaggio, dominato dalle vaste rovine dell’acropoli
romana, che dall’alto guardano la città e il mare.";;immagini/terracina_panorama.webp;Principale;41,292139;13,248972;mappe-offline/Terracina
Terracina_Gaeta;INF7,2;Info / Contatto;7,2;IAT;;"📍 Indirizzo:piazza Municipio, 8<br>📞 Telefono: 0773 707777 / 0773 707778<br>🕒 Orari:
Giovedì: 16.00 - 17.45 .<br>🌐 Sito web:https://terracinaturismo.it/home
<br>🅿️ Parcheggio Piazzale Gabriele D'Annunzio";;;Info / Contatto;;;
Terracina_Gaeta;7,2,1;Monumento;7,2;Foro Emiliano;;"Il centro della città alta di Terracina si sviluppa attorno all'antico Foro Emiliano (attuale Piazza del Municipio), cuore pulsante della città di epoca romana, su cui oggi si affacciano la Cattedrale di San Cesareo e il Palazzo Comunale.<br>

Struttura ed Edifici del Foro<br>
Via Appia e Pavimentazione: La via Appia attraversava il foro sul lato nord, di cui sono stati ripristinati lastricato, marciapiede, canale di scolo e pilastrini di separazione tra area carrabile e pedonale. La piazza conserva la pavimentazione originale in lastre di calcare (I sec. a.C.) con l'iscrizione in bronzo del magistrato Aulus Aemilius.<br>

Lato Orientale (La Basilica): Sorgeva un lungo edificio colonnato a sinistra dell'attuale Palazzo Comunale, i cui resti si estendevano fino al Palazzo della Bonificazione Pontina (dove rimangono muri in opera reticolata).<br>

Lato Settentrionale (Teatro e Portico): I bombardamenti del 1943 hanno riportato alla luce un portico rialzato con colonne e pavimenti in marmo, oltre ai resti del Teatro Romano posto alle sue spalle.<br>
Lato Occidentale (Tempio-Cattedrale e Favisse): Ospitava un grande tempio marmoreo su podio, poi inglobato nella Cattedrale.<br> L'antico sistema di gallerie sotterranee (lungo Corso Anita Garibaldi) ospita oggi botteghe e le cosiddette <b> Favisse </b>, dove sono conservati i mosaici di una domus romana del II sec. d.C.<br>

Il Capitolium: Di fronte alle Favisse sorge un tempio più piccolo con cella tripartita e muratura a scacchiera in tufo e calcare, tradizionalmente identificato come Capitolium.";;immagini/terracina_foro.webp;Dettaglio;;;
Terracina_Gaeta;7,2,2;Monumento;7,2;Cattedrale san Cesareo;;"1. Il Porticato d'Ingresso <br>
Struttura e Accesso: Si eleva su una scalinata di 30 gradini (più ulteriori 7 gradini per raggiungere gli ingressi principali) ed è sorretto da sei colonne di spoglio intervallate da un arco trionfale centrale.

Decorazioni Musive: Sul lato destro dell'antica trabeazione spicca un fregio a mosaico con raffigurazioni animali e simboliche: un mostro alato, un'aquila, palme, cervi, volatili e tori.

Elementi Romani e Scultorei: Sotto il portico si trova una vasca funeraria d'epoca romana e coppie di animali accovacciati alla base delle colonne. Il portale principale è ornato con fregi marmorei risalenti all'età augustea.<br>
2. Il Campanile (XII Secolo)
Origine e Stile: Costruito nel XII secolo da maestranze legate alla realizzazione del campanile della Cattedrale di Gaeta, combina elementi romanici e influenze arabo-normanne/gotiche.<br>

Struttura Statica: È situato sopra l'estremità sinistra del portico ed è sollevato da terra su quattro pilastri. La vera tenuta statica è garantita da una massiccia struttura ad archi a tutto sesto in pietra lavica e calcare (visibile dall'interno), rivestita all'esterno in laterizio.<br>

Architettura degli Archi: La trama a sesto acuto (ogiva) è solo apparente, creata dall'incrocio di archi a tutto sesto su colonnine alternate. Le aperture nei piani superiori (monofore e bifore) presentano archi a tutto sesto originali.";;immagini/terracina_duomo.webp;Dettaglio;;;
Terracina_Gaeta;7,2,2,1;Opera;7,2,2;Interno;;"<br>truttura e Architettura Interna
Impianto: A tre navate divise da colonne di spoglio, affiancate da cappelle laterali.<br>

Presbiterio e Coro: Area rialzata di circa 1 metro rispetto al piano dell'aula. Le navate laterali terminano con absidi, mentre la navata centrale sfocia in un coro quadrangolare con stalli lignei e cattedra marmorea, sormontata da una statua lignea di San Pietro benedicente (XIX sec.).<br>

Altari e Cibori:<br>

Altari Laterali (XIII sec.): Gemelli, di fattura campana, con cibori che custodiscono le reliquie di S. Silvia, S. Silvano, S. Rufina (sinistra) e S. Eleuterio (destra).<br>

Altare Maggiore (XVIII sec.): Sormontato da un ciborio a quattro colonne marmoree e baldacchino ligneo, custodisce le reliquie di S. Cesareo, S. Giuliano, S. Felice e S. Eusebio.<br>

Opere di Rilevante Interesse Artistico<br>
Pavimento Cosmatesco (XII-XIII sec.): Splendida pavimentazione decorata a mosaico nella navata centrale.<br>

Pulpito Medievale (XIII sec.): Ambone sorretto da cinque colonne.<br>

Colonna Tortile (1245): Utilizzata per il cero pasquale, firmata dall'autore Crudele con la data precisa del 31 ottobre 1245.<br>

Affreschi del Presbiterio (XVIII sec.): Ciclo pittorico raffigurante l'elezione di Papa Urbano II (avvenuta proprio in questa cattedrale nel 1088).<br>

Organo a Canne (1972): Opera della ditta Zenoni (restaurato nel 1993), a trasmissione elettrica con 25 registri, due manuali e pedale.";;immagini/terracina_interno.webp;Dettaglio;;;
Terracina_Gaeta;7,2,3;Monumento;7,2;Corso Garibaldi;;" In uno slargo all’inizio del corso, che segue il
percorso dell’antica Via Appia, si trovano i cospicui resti del Capitolium, tempio
dedicato alla triade capitolina (I secolo a.C.), rimessi in luce nel 1946-48. Una
casa medievale con bifore gotiche si affaccia ai NN. 58-62; altre case medievali
si trovano, nei dintorni, in via Campo dei Fiori e in piazza Cancelli. In via dei
Quattro Santi, di fronte alla medievale torre degli Acso, è stata rinvenuta una
domus romana (I secolo a.C.-III secolo d.C.) con mosaici pavimentali: il primo,
policromo, rappresenta figure di pesci e di frutta; il secondo, a tessere bianche e
nere, ritrae una vendemmia; il terzo presenta un motivo geometrico a esagoni.
Nei pressi di porta Maggio, alta su una scalinata si staglia la mossa facciata
tardobarocca della chiesa del Purgatorio (1787): le allegorie che decorano
l’interno rimandano alla Confraternita della Buona Morte, che nella chiesa aveva
sede.";;immagini/terracina_corso.webp;Dettaglio;;;
Terracina_Gaeta;7,2,4;Monumento;7,2;Borgo marino;;" È la parte moderna della città. A cavallo di via Roma fa da
scenografico fondale all’emiciclo di piazza Garibaldi la chiesa del SS. Salvatore,
edificio neoclassico iniziato da Giuseppe Valadier nel 1794-96 e compiuto da
Antonio Sarti nel 1830; nel vastissimo interno, sormontato da cupola, spicca nella
cappella a destra una marmorea Pietà disegnata da Antonio Canova e realizzata
postuma da Cincinnato Baruzzi. Resti di impianti pubblici di età romana si
trovano presso via Martucci, l’anfiteatro, e tra via Leopardi e via dei Due Pini, le
terme.
Al fondo dell’asse di via Roma, il lungomare Matteotti porta ai piedi dei Pisco
Montano, rupe tagliata al tempo di Traiano per far passare l’Appia; la
settecentesca porta Napoli, che gli è addossata, era dogana tra lo Stato pontificio e
il Regno di Napoli. Lungo il portocanale si allineano piccoli ristoranti di pesce,
alcuni gestiti dalle cooperative di pescatori.";;immagini/terracina_teatro.webp;Dettaglio;;;
Terracina_Gaeta;7,2,5;Monumento;7,2;Tempio di Giove Anxur;;" Risultato di diverse fasi costruttive da Roma
repubblicana al medioevo, il monumentale complesso archeologico si dispone
sulla cima del monte Sant’Angelo (m 227) in tre differenti livelli: il cosiddetto
Campo trincerato, un’area superiore originariamente con portico rivolto al mare
e collegata a un articolato sistema di cisterne, la terrazza del Tempio maggiore e
una terrazza rivolta alla città, con i resti del cosiddetto Piccolo tempio. La
terrazza maggiore ospita i resti dell’edificio più celebre, il cosiddetto tempio di
Giove Anxur – cioè imberbe, fanciullo – che comprendeva una roccia per
l’oracolo e un’area porticata destinata ad accogliere i pellegrini; il complesso è
sostenuto dalle imponenti arcate di un criptoportico di circa 60 m nel quale si
apriva una grotta per le cerimonie. Più antico e di dimensioni inferiori è il
Tempio piccolo, in età medievale inglobato in un monastero: sono stati
individuati ambienti per accogliere i pellegrini, la cucina e il refettorio dei
monaci. Dalla spianata il panorama* abbraccia la pianura pontina e il Circeo,
fino alle isole di Zannone e Ponza.";;immagini/terracina_anxur.webp;Dettaglio;;;
Terracina_Gaeta;7,3;Paese;7;Fondi;;"In una piana tra il mare e il semicerchio formato dai monti Ausoni e Aurunci,
Fondi (m 8, ab. 40 000 circa) è un grande mercato agricolo con antichissima e
intensa storia, che ancora si percepisce nei suoi monumenti nonostante le
moderne espansioni. Fondata secondo il mito da Ercole, fu dei volsci e poi dei
romani: entro le mura, costruite nel III-I secolo a.C. e rafforzate nel ’300, conserva
la pianta rettangolare con la Via Appia – oggi corso Appio Claudio – per
decumano. Dalla fine del ’200 al 1504 fu dei Caetani, che eressero il castello ed
ebbero tanta autorità da determinare nel 1378, nella Cattedrale, l’elezione
dell’antipapa Clemente VII, all’origine dello Scisma d’Occidente. Passata ai
Colonna, durante la signoria di Giulia Gonzaga (1532-41), giovane e bellissima
vedova di Vespasiano Colonna, fu sede di un raffinato circolo intellettuale. Oggi è
un importante centro di produzione agricola come confermano i campi e le serre
che la circondano.";;immagini/fondi_panorama.webp;Principale;41,358245;13,42871;mappe-offline/Terracina
Terracina_Gaeta;INF7,3;Info / Contatto;7,3;IAT;;"📍 Indirizzo:Piazza Porta Vescovo, 12<br>📞 Telefono: Tel. 3297764644<br>🕒 Orari:
solitamente 09:30 - 12:30 e 16:00 - 19:00 .<br>🌐 Sito web:https://prolocofondi.wixsite.com/prolocofondi/guide-della-città
<br>🅿️ Parcheggio Centro Storico";;;Info / Contatto;;;
Terracina_Gaeta;7,3,1;Monumento;7,3;Castello Caetani;;"Il Polo Signorile e il Ruolo del Castello<br>
Polo di potere: Il Castello Caetani (eretto sulle mura di cinta), il Palazzo Caetani e la Chiesa di San Pietro Apostolo costituivano il centro del potere signorile di Fondi.<br>

Eccezione geografica: Situato in pianura, il Castello rappresenta una rara eccezione rispetto al fenomeno dell'incastellamento medievale in Italia centrale (XI-XII sec.), che prediligeva posizioni arroccate.<br>

Architettura difensiva: Il Castello simboleggiava il potere militare ed era composto da due corpi collegati da un'intercapedine: il mastio e la rocca.<br>

Il Mastio: Ha una base a forma di parallelepipedo del XII secolo (che includeva una cisterna), poi integrata dai Caetani nel XV secolo con un grande torrione cilindrico e una merlatura sporgente.<br>

La Rocca: Presenta tre bastioni circolari di difesa (due dei quali ricostruiti dopo la Seconda Guerra Mondiale).<br>

La Porta Cittadina (""de suso"")<br>
Un arco (oggi non più esistente) collegava il palazzo al mastio e formava la Porta ""de suso"", l'uscita cittadina verso Napoli.

La porta e l'intero sistema difensivo sono rappresentati nel trittico di Cristoforo Scacco (1499), conservato nel Duomo di San Pietro.
<br>
Uso Attuale
Piano terra: Ospita una sala convegni usata per matrimoni civili e la sede del Museo Civico.<br>

Terrazza panoramica: È il punto più alto di Fondi, utilizzata per eventi estivi e celebre per la vista sulla città e sui monti Ausoni ed Aurunci.";;immagini/fondi_castello.webp;Dettaglio;;;
Terracina_Gaeta;7,3,2;Monumento;7,3;Palazzo Caetani;;"1. Origini e Posizione Urbanistica<br>
<br>ollocazione: Sorge lungo l'antico decumano massimo, coincidente con il tratto urbano della Via Appia.

Fase d'impianto: La muratura in opus incertum sulla facciata attesta la nascita del palazzo sulle antiche mura cittadine. Il nucleo originario fu avviato dai conti dell’Aquila (infeudati dal 1140).<br>

I Caetani: Nel 1299, grazie all'intervento di papa Bonifacio VIII, il palazzo passò alla famiglia Caetani con il matrimonio tra Giovanna dell’Aquila e Roffredo III Caetani.<br>

2. Il Conclave del 1378 e lo Scisma d'Occidente.<br>
Il 20 settembre 1378, il palazzo fu teatro di un evento di portata storica mondiale: il conte Onorato I Caetani vi riunì i cardinali che annullarono l'elezione di papa Urbano VI ed elessero l'antipapa Clemente VII, dando inizio allo Scisma d'Occidente.<br>
3. Splendore Rinascimentale e Architettura<br>
Onorato II Caetani d'Aragona: Fu l'artefice dei più grandi interventi di rinnovamento rinascimentale per celebrare la dinastia. A lui si devono le celebri bifore catalane in pietra lavorata a traforo.<br>

Consistenza edilizia: Alla fine del XV secolo il palazzo contava 43 elementi tra ambienti coperti, scoperti e scale (studio di G. Pesiri), in parte modificati o persi per crolli e rifacimenti successivi.<br>

Giulia Gonzaga: Con il passaggio del feudo a Prospero Colonna, il palazzo divenne la dimora di Giulia Gonzaga (moglie di Vespasiano Colonna), che trasformò Fondi in una raffinata ed elegante corte rinascimentale tra Roma e Napoli.<br>

4. Danni e Destinazione Attuale.<br>
Il restauro: Dopo i danni causati da un incendio nel 1799 e i crolli bellici, l'edificio è stato recuperato e restaurato con fondi della Regione Lazio.<br>

Uso odierno: Oggi è un Centro Culturale Ambientale Polivalente, sede di percorsi museali, laboratori artistici e rassegne musicali.";;immagini/fondi_palazzo.webp;Dettaglio;;;
Terracina_Gaeta;7,3,3;Monumento;7,3;Chiesa s. Maria in piazza;;"🏛️ Esterno e Architettura<br>
Epoca di ricostruzione: Fine del XV secolo (tardo Quattrocento).<br>

Facciata: Semplice e di stile rinascimentale, caratterizzata da un portale mediano sormontato da una lunetta scolpita.<br>

Campanile: Campanile a fornice affiancato alla chiesa, che presenta una finestra romanica e due bifore di stile gotico.

Interno e Opere d'Arte<br>
L'interno, ampio e di impianto gotico, custodisce importanti testimonianze rinascimentali e scultoree:<br>

Amboni Gemelli (Presbiterio): Due amboni rinascimentali posizionati ai lati dell'abside, decorati con gli stemmi della famiglia Caetani.<br>

Ciborio in Marmo (Transetto Sinistro): Pregevole opera marmorea datata 1491 collocata sull'altare sinistro.<br>

Madonna del Cielo (Transetto Destro): Venerata scultura lignea di scuola napoletana risalente al 1613, posta sull'altare destro.

Pietà di Giovanni da Gaeta (Navata Destra): Collocata subito oltre un coro ligneo del tardo Quattrocento; si tratta di una tempera su tavola (1460-1470 circa).

Trittico della Natività (Navata Sinistra): Dipinto raffigurante la Natività tra San Marciano e San Michele Arcangelo, attribuito da diversi studiosi allo stesso Giovanni da Gaeta.";;immagini/fondi_smaria.webp;Dettaglio;;;
Terracina_Gaeta;7,3,4;Monumento;7,3;Duomo;;". Esterno e Campanile
Portale Gotico: Inquadrato da colonne riposte su animali stilofori (un leone a destra, un ariete con leone a sinistra).

Architrave scolpito: Presenta al centro un bassorilievo di Gesù, affiancato a sinistra da San Paolo, Sant'Onorato e un cherubino, e a destra da San Pietro, San Giovanni Evangelista e un altro cherubino.

Elementi di rilievo:

Statua in trono di San Pietro: Collocata sopra gli archi del portone, benedicente e in abiti pontificali; attribuita ad Arnolfo di Cambio (1302).

Lunetta decorata: Ospita un mosaico del 1970 del pittore fondano Domenico Purificato (Consegna delle chiavi a San Pietro).

Rosone: Piccolo rosone posto al di sopra dell'architrave.<br>

Campanile: Arreato, risalente alla metà del XIII secolo, caratterizzato da monofore centrali, bifore ogivali e trilobate.";;immagini/fondi_duomo.webp;Dettaglio;;;
Terracina_Gaeta;7,3,4,1;Opera;7,3,4;Interno;;" Navata Maggiore e Controfacciata<br>
Pulpito / Ambone (XII-XIII sec.): Opera in stile cosmatesco firmata da Giovanni di Nicola. Poggia su 4 colonne con animali stilofori (2 leoni e 2 arieti). Al centro del parapetto è raffigurato San Girolamo, agli angoli i simboli dei quattro Evangelisti.<br>

Bassorilievo di San Pietro: Incassato nel terzo pilastro di sinistra; raffigura il Santo benedicente, assiso su due leoni.<br>

Cappella della Madonna di Loreto (destra controfacciata): Antico sepolcro dei conti di Fondi (tra cui Marcantonio Prospero Colonna), impreziosito da affreschi del XV secolo.<br>

Battistero (sinistra controfacciata): Conserva un fonte battesimale del XIII secolo e resti di pavimentazione cosmatesca.<br>

Navata Destra e Cappella della Croce
Cappella della Croce: È il cuore artistico della chiesa e racchiude:<br>

Monumento funebre di Cristoforo Caetani (XV sec.): Voluto dal figlio Onorato II; la base poggia su leoni e 3 figure femminili (Fortezza, Carità, Prudenza). Il sarcofago è decorato con bassorilievi della Vergine, Santi, e il conte in abiti militari.<br>

Trittico di Antoniazzo Romano (1425): Fondo oro con Madonna con Bambino, il conte Onorato Caetani e i SS. Pietro e Paolo.<br>

Trittico di Cristoforo Scacco (1499): Fondo oro raffigurante l'Annunciazione tra i SS. Onorato e Benedetto (nello sfondo è visibile la scomparsa Porta ""de suso"").<br>

Cattedra dell'Antipapa Clemente VII: Cattedra marmorea con decorazioni cosmatesche utilizzata durante lo Scisma d'Occidente.<br>

Cappella del Santissimo Sacramento: Situata in fondo alla navata destra, caratterizzata da altare e balaustra barocchi in marmi policromi.<br>

Presbiterio, Abside e Reliquie
Abside e Crocifisso: Abside quadrangolare con volta a crociera e vetrata del XX secolo con San Pietro. Sotto l'arco absidale pende un Crocifisso su tavola del XII secolo.<br>

Organo a Canne: Realizzato nel 1950 dalla ditta Fratelli Ruffatti, posto alle spalle del presbiterio.

Reliquiario : La chiesa custodisce i corpi di San Mauro (cassa d'argento), dei Santi Paterno e Libertino (urne lignee dorate) e il busto-reliquiario in argento contenente il capo di Sant'Onorato (patrono di Fondi).";;immagini/fondi_interno.webp;Dettaglio;;;
Terracina_Gaeta;7,3,5;Monumento;7,3;La Giudea;;"1. Storia e Caratteristiche del Quartiere (""La Giudea"")<br>
Presenza storica: Documentata fin dalla tarda età repubblicana e romana, trova le sue evidenze architettoniche principali nell'epoca medievale.

Un quartiere aperto, non un ghetto: Come evidenziato dal rabbino Elio Toaff, la Giudea di Fondi non fu mai un ghetto chiuso, ma un rione privo di cancelli o mura separative, basato sulla perfetta integrazione e convivenza tra ebrei e cristiani.<br>

Topografia rituale ed ebraica: L'impianto rispondeva ai precetti della tradizione ebraica per motivi rituali e di sicurezza (scalette verso il gran cortile interno dell'Olmo Perino, cunicoli di collegamento tra le abitazioni).<br>

2. Ruolo Economico e Rilevanza Urbana<br>
Oasi artigianale e industriale: La comunità deteneva il monopolio della lavorazione delle stoffe di vari colori, coltivando e lavorando lino e canapa. L'attività delle loro tintorie era così intensa da richiedere regolamentazioni comunali per lo scarico delle acque di rifiuto.<br>

Importanza pubblica: Il quartiere (Olmo Perino) era considerato il secondo luogo più rilevante della città dopo la piazza principale (piazza di Santa Maria); vi si affiggevano infatti gli atti e i bandi pubblici.<br>

3. La Sinagoga (""Casa degli Spiriti"")
Museo della Cultura Ebraica: L'edificio che ospitava l'antica sinagoga è oggi la sede del Museo dedicato alla storia della comunità ebraica locale.<br>

Leggenda popolare: È comunemente conosciuta come ""Casa degli Spiriti"" a causa di una credenza popolare secondo cui strani rumori, cigolii e folate di vento avrebbero sempre impedito a chiunque di abitarla a lungo.";;immagini/fondi_giudea.webp;Dettaglio;;;
Terracina_Gaeta;7,3,6;Monumento;7,3;complesso san Domenico;;"Complesso di San Domenico<br>

1. Storia e Illustri Ospiti<br>
Origini e Restaurazioni: Donato secondo la tradizione a San Domenico dai Benedettini nel 1215. Fu restaurato dal Conte Ruggiero dell’Aquila e riedificato e ampliato quasi dalle fondamenta da Onorato II Caetani nel 1466.<br>

Presenze Illustri:<br>

San Tommaso d'Aquino: Soggiornò a lungo nel convento insegnando teologia (lettore). La struttura conserva ancora tre sue stanze (la dote/aula di lezione, la camera da letto/cappella e l'oratorio). Nel giardino si trovano il pozzo da lui voluto e il ricordo dell'arancio piantato con le radici all'insù.<br>

Papa Benedetto XIII: Soggiornò nel convento in qualità di religioso domenicano durante i suoi viaggi verso Benevento nel 1727 e nel 1729.<br>

Sepolture di Rilievo: Vi è seppellito il guerriero fondano Giulio Camponesco, compagno d'armi di Ettore Fieramosca sotto Prospero Colonna.<br>

2. Importanza Religiosa e Contese<br>
Dopo San Domenico a Napoli, è il convento domenicano più antico del Napoletano.<br>

Dopo la morte di San Tommaso a Fossanova (1274), sorse una lunga contesa per le sue spoglie tra i monaci di Fossanova e i domenicani di Fondi; la disputa si concluse nel 1367 quando papa Urbano V ordinò il trasferimento del corpo a Tolosa.<br>

3. La Riscoperta di Santa Maria Antiqua e il Restauro<br>
La Chiesa Riscoperta: I recenti lavori di restauro hanno riportato alla luce la chiesa interna di Santa Maria Antiqua (dal 2007 riconsacrata a San Tommaso), riaperta al culto dopo quasi otto secoli, la quale conserva affreschi medievali.<br>

Destinazione Attuale: Il complesso è stato recuperato come spazio culturale polivalente destinato a sale multimediali, attività didattiche e aree museali.";;immagini/fondi_domenico.webp;Dettaglio;;;
Terracina_Gaeta;7,3,7;Monumento;7,3;san Francesco;;"1. Storia e Vicende del Complesso<br>
Fondazione e Restauri (XIV-XV sec.): Fondato originariamente dai primi francescani (XIII sec.), il complesso attuale fu edificato nel 1363 dal conte Onorato I Caetani e successivamente restaurato da Onorato II Caetani (come indicato dall'iscrizione sul portale), che ne fece la propria tomba.<br>

I Frati Minori (1466-XIX sec.): Dal 1466 fu affidato ai Frati Minori Osservanti di Napoli, affrontando fasi di chiusura e riapertura tra il periodo napoleonico, il Risorgimento e i primi anni dell'Unità d'Italia.<br>

Seconda Guerra Mondiale e Cinema (1960): Gravemente danneggiato dai bombardamenti, nel 1960 ospitò il set di Vittorio De Sica per il film La ciociara (con Sophia Loren ed Eleonora Brown), tratto dal romanzo di Alberto Moravia scritto durante la sua permanenza a Fondi.<br>

Uso Attuale: È parrocchia dal 1968 e ospita tuttora una comunità religiosa.<br>

2. Architettura Interna e Dettagli Storici<br>
Stile ed Elementi Gotico-Romanici: L'interno si compone di due navate in stile gotico con influenze romaniche.<br>

Bassorilievo Romano (Coniuctio Dextrarum): Tra le lapidi della parete divisoria spicca un rilievo funerario romano (III-IV sec. d.C.) che raffigura l'unione delle mani destre, simbolo del matrimonio e della fedeltà eterna nel diritto romano (""ubi tu Gaius ego Gaia"").<br>

Coro e Vetrate: Presenta un coro moderno con 13 stalli ogivali (ispirati all'Ultima Cena) e vetrate istoriate del XX secolo realizzate da Padre Giorgio Ascione sulla vita di San Francesco.<br>

3. Il Chiostro e il Convento<br>
Porticato d'Ingresso: L'accesso al convento (restaurato nel 1946) è preceduto da un ampio porticato ad archi a tutto sesto e acuti.<br>

Il Chiostro Ogivale: Strutturato con volte a crociera sostenute da pilastri ottagonali in pietra piperina, completati da capitelli finemente scolpiti a foglie di palma.";;immagini/fondi_francesco.webp;Dettaglio;;;
Terracina_Gaeta;7,4;Paese;7;Sperlonga;;"Antico villaggio di pescatori, il borgo medievale (m 55, ab. 3000 circa) addensa le bianche case su uno sperone di roccia a picco sul mare, in un affascinante intrico
di viuzze, scalette e passaggi voltati, con piccoli negozi e luoghi di ristoro. Ai lati
della moderna espansione balneare, rinomata località di turismo internazionale, si
stendono per chilometri bellissime spiagge: a ponente con lunghe distese di
ombrelloni estivi in direzione del lago Lungo e del Lido di Fondi; a levante verso
la spiaggia di Angolo (con la Grotta di Tiberio) e la costa di Bazzano, alta,
frastagliata, ricca di anfratti e piccole insenature, spesso raggiungibili solo in
barca o per scoscesi sentieri. Il nome Sperlonga è la corruzione di speluncae, le
grotte costiere trasformate dai romani in luoghi di piacere; difficile immaginare,
in tanta piacevolezza mediterranea, il terrore delle incursioni saracene che nel
1534 e nel 1622 rasero al suolo il paese. Tra gli stretti vicoli del borgo antico, la
chiesetta di S. Maria in Spelonca risale al XII secolo; la piccola corte che si apre
di fronte era un tempo parte dell’annesso monastero.";;immagini/sperlonga_panorama.webp;Principale;41,258333;13,435833;mappe-offline/Terracina
Terracina_Gaeta;INF7,4;Info / Contatto;7,4;info point;;"📍 Indirizzo:Corso San Leone / Piazza Europa<br>📞 Telefono: Tel. 0771 557524<br>🕒 Orari: Stagione estiva (Giugno – Settembre): Aperto tutti i giorni con orario continuato o spezzato, generalmente 09:00 – 13:00 e 16:00 – 20:00 (nei weekend e in alta stagione l'apertura si protrae spesso fino alle 22:00/23:00 per passeggiate serali).
 .<br>🌐 Sito web:https://www.sperlongaturismo.it/it/
<br>🅿️ Parcheggio Parco Oasi";;;Info / Contatto;;;
Terracina_Gaeta;7,4,1;Monumento;7,4;Centro storico;;"Centro Storico (Spelunca)
Inquadramento storico-urbanistico<br>
Il nucleo urbano sorge sulla dorsale calcarea del Monte San Magno. L’impianto urbanistico, tipicamente medievale, risponde a criteri di difesa passiva sviluppati per contrastare le scorrerie saracene lungo le coste tirreniche (particolarmente frequenti tra il IX e il XVI secolo).<br>

Caratteristiche architettoniche<br>
Morfologia a groviglio: Vie strette, rampe e passaggi coperti da archi ad arco ribassato o a sesto acuto svolgevano la funzione di rallentare eventuali penetrazioni nemiche all'interno della cinta muraria.<br>

Architettura spontanea e finitura a calce: L'impiego capillare della pittura a calce bianca risponde a duplice funzione: riflettere l'irraggiamento solare garantendo l'isolamento termico degli interni ed esercitare un'azione igienico-sanitaria e disinfettante.<br>

Punti d'interesse spaziale: Piccole corti e slarghi panoramici posti sui margini del promontorio roccioso, nati come punti di osservazione strategica sul mare.";;immagini/sperlonga_centro.webp;Dettaglio;;;
Terracina_Gaeta;7,4,2;Monumento;7,4;Torre Truglia;;"Torre Truglia (1532)
Inquadramento tipologico<br>
Fortificazione costiera a pianta quadrangolare con basamento a scarpata, integrata nel sistema difensivo della fascia costiera del Regno di Napoli promosso dal viceré Pedro de Toledo nel XVI secolo.<br>

Evoluzione storica e strutturale
1532: Edificazione primaria su resti di precedenti opere di avvistamento di epoca romana e medievale.

1534: Parziale distruzione a opera della flotta ottomana guidata da Khayr al-Din (detto il Barbarossa).

XVII–XVIII secolo: Ricostruzione e potenziamento della struttura fino alla definitiva dismissione militare.<br>

Funzione originaria: Punto nodale per il segnalamento ottico (fumi e focolari) in rete con le contigue Torre Capovento e Torre del Nibbio, a presidio dell'insenatura naturale e del porticciolo sottostante.";;immagini/sperlonga_torre.webp;Dettaglio;;;
Terracina_Gaeta;7,4,3;Monumento;7,4;Villa e grotta di Tiberio;;"Villa e Grotta di Tiberio<br>
Contesto storico-archeologico<br>
Insieme residenziale di epoca tardo-repubblicana ed imperiale (villa maritima), adibito a dimora d'ozio (otium) per la nobiltà romana. Il complesso fu acquistato e trasformato in residenza imperiale da Tiberio (42 a.C. – 37 d.C.).<br>

L'Antro Naturale e la Composizione Architettonica<br>
La Spelunca: Ampia cavità carsica naturale adattata ad ambiente di rappresentanza ed estivo (triclinium).<br>

Impianto idraulico e pescherecci: Al centro della grotta venne ricavata una vasta vasca rettangolare (peschiera) collegata direttamente con il mare per l'allevamento di specie ittiche e il raffrescamento microclimatico dell'ambiente.<br>

Aneddoto storiografico: Tacito (Annales, IV, 59) e Svetonio (Vita Tiberii, 39) narrano del crollo di un settore della volta della grotta avvenuto nel 26 d.C., sventato dal pronto intervento del prefetto del pretorio Seiano, episodio che spinse l'imperatore ad abbandonare definitivamente la costa laziale per ritirarsi a Capri.";;immagini/sperlonga_villa.webp;Dettaglio;;;
Terracina_Gaeta;7,4,4;Monumento;7,4;Museo archeologico;;"Museo Archeologico Nazionale di Sperlonga<br>
Contesto di rinvenimento<br>
Istituito a seguito del clamoroso ritrovamento avvenuto nel 1957 durante i lavori di tracciamento della Strada Statale 213 ""Flacca"", quando dalla Grotta di Tiberio riaffiorarono oltre 7.000 frammenti scultorei in marmo greco.<br>

Il Ciclo Scultoreo (Odissea di Marmo"")<br> Le sculture, databili tra il I secolo a.C. e il I secolo d.C., sono attribuite dalla storiografia critica agli scultori ellenistici di scuola rodia Agesandro, Atanodoro e Polidoro (autori anche del celebre Gruppo del Laocoonte dei Musei Vaticani).<br> Gruppo di Polifemo: Monumentale composizione piramidale raffigurante l'accecamento del Ciclope Polifemo da parte di Ulisse e dei suoi compagni.<br> Gruppo di Scilla: Rappresentazione drammatica dell'attacco del mostro Scilla alla nave omerica, con la figura centrale della prua afferrata dalle spire del mostro e i marinai divorati.<br> Significato politico-ideologico: Il ciclo celebrava le origini mitiche e le virtù dell'astuzia (metis) dell'eroe omerico, con il quale la gens Giulio-Claudia amava identificarsi per legittimare il proprio prestigio dinastico.""";;immagini/sperlonga_museo.webp;Dettaglio;;;
Terracina_Gaeta;7,5;Paese;7;Gaeta;;"La città moderna è distesa sull’istmo che collega la costa al monte Orlando,
estrema propaggine dei monti Aurunci, la città antica sulla penisoletta che la
prolunga a est. Oltre alla posizione geografica, basta la pianta a far intuire
l’importanza strategica e i molti volti di Gaeta (ab. 19 500 circa):
marittimo e marino, per il porto e le spiagge; storico, con la mole del Castello che
sovrasta il quartiere medievale; archeologico e panoramico, sulla sommità del
monte Orlando. La visita della città parte dalla vasta piazza XIX Maggio, aperta sul
porto, si dispiega sul lungomare verso il nucleo antico.";;immagini/gaeta_panorama.webp;Principale;41,214167;13,570833;mappe-offline/Terracina
Terracina_Gaeta;INF 7.5;Info / Contatto;7,5;;;"📍 Indirizzo: P.zza Traniello, 18<br>📞 Telefono: Tel. 320.03804134<br>🕒 Orari: Dal Lunedì alla domenica ore 10.00 – 12.30 martedi’ e venerdi’ ore 15.00 – 17
 .<br>🌐 Sito web:http://www.prolocogaeta.it
<br>🅿️ Lungomare Giovanni Caboto (Piazzale Caboto / Molo Santa Maria)";;;;;;
Terracina_Gaeta;7,5,1;Monumento;7,5;Montagna spaccata;9:00-12:00 / 14:30-19:00;"Origini, Architettura e Gestione<br>
Ubicazione ed Edificazione: Situato sul fianco occidentale del Monte Orlando (sopra la spiaggia di Serapo), fu edificato nel XI secolo dai monaci benedettini.<br>

Evoluzione ed Attuale Gestione: L'aspetto attuale si deve ai restauri dell'Ottocento eseguiti dai Padri Alcantarini. Oggi il santuario è gestito dai missionari del P.I.M.E. (Pontificio Istituto Missioni Estere).<br>

La Chiesa Barocca: Strutturata ad un'unica navata con volta a botte e cappelle laterali. L'altare maggiore è sovrastato dalla pala di Raimondo Bruno (Sant'Erasmo e la Madonna affidano Gaeta alla protezione della Santissima Trinità, 1850 circa).<br>

2. La Spaccatura e le Leggende Sacre<br>
La Fenditura nella Roccia: La leggenda vuole che la fenditura si sia creata al momento della morte di Cristo, in concomitanza con lo squarcio del velo del tempio di Gerusalemme.";;immagini/gaeta_spaccata.webp;Dettaglio;;;
Terracina_Gaeta;7,5,1,1;Opera;7,5,1;Grotta del Turco;"La Grotta del Turco è aperta al pubblico nei seguenti orari:
🕘 Mattina: 09:00 – 12:00
🕓 Pomeriggio: 14:30 – 17:45
AVVISO
La Grotta del Turco è accessibile solo fino al primo terrazzamento (65° gradino). ";"L'Accesso e la Discesa verso la Grotta del Turco
La Scalinata: Il percorso per raggiungere sia la Cappella che l'impronta consiste in una stretta scalinata scavata direttamente tra le due pareti di roccia.<br>

La Grotta del Turco: Proseguendo la discesa oltre la cappella si arrivava storicamente al livello del mare, dove si trova la vasta grotta marina usata in passato come rifugio dai pirati (da cui il nome).<br>

Nota di Visita: Attualmente la parte finale della scalinata che conduce fino al pelo dell'acqua nella Grotta del Turco è spesso chiusa al pubblico per motivi di sicurezza e rischio idrogeologico, ma la scalinata intermedia, che porta alla Mano del Turco e alla Cappella del Crocifisso, rimane il cuore pulsante e accessibile dell'esperienza alla Montagna Spaccata.";;immagini/gaeta_turco.webp;Dettaglio;;;
Terracina_Gaeta;7,5,1,2;Opera;7,5,1;Cappella crocefisso;;"1. La Cappella del Crocifisso<br>
A. La Dinamica del Miracolo del Macigno""<br> L'evento del 1434: Nel pieno del XV secolo, un violento terremoto provocò il distacco di un imponente blocco di roccia dalla cima del promontorio di Monte Orlando.<br>L'Incastro Naturale: Anziché precipitare nel mare sottostante, il macigno precipitò all'interno della stretta fenditura e si incastrò perfettamente tra le due pareti verticali della montagna, sospeso a metà strada tra la cima e il mare. Per i fedeli dell'epoca, il fatto che la roccia si fosse bloccata in quel modo esatto (creando un ""ponte"" naturale all'interno del crepaccio) fu subito visto come un segno divino.<br> 
B. Architettura e Struttura<br>
L'Edificazione nel XVI Secolo: Nel corso del Cinquecento si decise di sfruttare questo macigno incastrato come solida base strutturale su cui erigere una vera e propria cappella sospesa sul vuoto.<br>
Gli Interni e le Opere:<br>
La cappella è caratterizzata da dimensioni molto intime e raccolte, progettata per adattarsi allo spazio ristretto tra le rocce.
Sull'altare risalta un prezioso Crocifisso in legno (da cui la cappella prende il nome), affiancato da decorazioni in maiolica e sculture ex-voto lasciate dai marinai nel corso dei secoli.<br>
Dalle feritoie della cappella è possibile guardare direttamente verso il basso, avvertendo il vuoto del precipizio che dà sul mare.<br>
C. Il Significato Spirituale: 
La cappella segna il punto di massima fusione tra architettura umana e natura primordiale. Per secoli è stata meta di preghiera per i marinai che chiedevano protezione prima di prendere il largo e per i pellegrini in cerca di isolamento e contemplazione.<br>
2. La """"Mano del Turco""""<br> A. Il Contesto Storico e Culturale<br>
Il Pericolo dei Pirati: Tra il Medioevo e l'Età Moderna, le coste del Tirreno erano continuamente minacciate dalle incursioni dei corsari e dei pirati saraceni (comunemente chiamati ""Turchi"" dalle popolazioni locali). La figura del ""turco"" rappresentava nella cultura popolare il simbolo del miscredente o del nemico della fede cattolica.<br>
B. I Dettagli della Leggenda<br>
Il Dubbio del Marinaio: La tradizione narra che un marinaio corsaro di fede musulmana, sbarcato a Gaeta, volle visitare la famosa spaccatura. Ritenendo assurda la spiegazione cristiana — secondo cui la montagna si sarebbe fenduta alla morte di Gesù al Golgota — espresse aperto scetticismo e sdegno nei confronti del racconto dei monaci.<br>
Il Miracolo della Roccia: Per sfidare la sacralità del luogo, il marinaio appoggiò con forza la mano spavaldamente sulla parete di roccia della fenditura. In quel preciso istante, la pietra si sciolse e divenne morbida come cera sotto il peso del suo palmo, lasciando le impronte ben definite di cinque dita prima di indurirsi di nuovo istantaneamente.<br>
La Conversione: Sopraffatto dal terrore e dal prodigio, il marinaio riconobbe la natura sacra del luogo.<br>
C. L'Iscrizione Latina e la Visibilità Oggi<br>
Dove si trova: L'impronta è chiaramente visibile lungo la scalinata che scende verso la Cappella del Crocifisso, scolpita sulla parete rocciosa a destra del camminamento.<br>
Il Distico Latino: Accanto all'impronta della mano è incisa una targa in pietra con un distico in latino che recita:
Un impresso docet vacuis te credere signis, / nomine de Turco qua via facta patet.
(L'impronta lasciata ti insegna a credere ai segni divini, lungo la via che prende il nome dal Turco.)";;immagini/gaeta_crocifisso.webp;Dettaglio;;;
Terracina_Gaeta;7,5,2;Monumento;7,5;Lungomare Caboto;;"Il Lungomare Giovanni Caboto è l'arteria principale e scenografica di Gaeta: una passeggiata costiera che abbraccia l'intero golfo e collega la zona moderna della città (con la spiaggia di Serapo e il centro commerciale) al cuore di Gaeta Medievale.<br>

Intitolato al celebre navigatore ed esploratore gaetano Giovanni Caboto, il lungomare offre una combinazione unica di paesaggio marino, monumenti storici, verde pubblico e vita cittadina. Procedendo verso il centro medievale, il lungomare affianca le antiche fortificazioni difensive della città.<br>

La Batteria Favorita: Una delle storiche postazioni d'artiglieria a protezione del porto, oggi recuperata come passeggiata panoramica a sbalzo sul mare da cui godere di una vista eccezionale sul golfo. 
Santuario della Santissima Annunziata e Cappella d'Oro, Chiesa di San Giovanni a Mare, I Moli e la Flotta della Marina: Lungo la banchina si alternano yacht turisticamente ormeggiati, le imbarcazioni della Guardia di Finanza e le tradizionali paranze dei pescatori locali.<br>

Punto Panoramico sul Castello: Dal Piazzale Caboto (zona Molo Santa Maria) si ha una delle viste dal basso più spettacolari e fotografate del Castello Angioino-Aragonese e del Tempio di San Francesco che svettano sul colle.";;immagini/gaeta_caboto.webp;Dettaglio;;;
Terracina_Gaeta;7,5,3;Monumento;7,5;Santissima annunziata;;"Il tempio della SS. Annunziata, di origine angioina, ad una sola navata con ardite crociere ogivali innervate da robusti costoloni, si presenta attualmente come un magnifico esempio di architettura barocca. Ristrutturato nel 1621, a trecento anni dalla fondazione, ha una facciata a doppio ordine con elegante paramento costituito da due organismi sovrapposti comprendenti nicchie e lesene.<br>

In alto completa il prospetto principale un campanile a vela (aggiunto un secolo dopo) munito di orologio maiolicato di Matteo De Vivo. All'interno dell'imponente edificio, si erge maestoso (sulla parete absidale piatta) il grande trittico cinquecentesco donato alla chiesa da Giuliano Colojna, cittadino di Gaeta";;immagini/gaeta_annunziata.webp;Dettaglio;;;
Terracina_Gaeta;7,5,3,1;Opera;7,5,3;Cappella d'oro;;" la cappella dell'Immacolata (Grotta d'Oro), che risale al XIV secolo.<br>

La si contraddistingue proprio per le sue pregevoli opere d'arte, donate da sovrani e cittadini che le permisero di vivere nell'opulenza e nello splendore.";;immagini/gaeta_oro.webp;Dettaglio;;;
Terracina_Gaeta;7,5,4;Monumento;7,5;san Giovanni a Mare;;"La Chiesa di San Giovanni a Mare (nota anche come San Giovanni Giuseppe della Croce) è uno dei gioielli architettonici e storici più affascinanti del centro antico di Gaeta, affacciata direttamente sul mare lungo la costa del golfo. <br>Epoca di Costruzione (X - XI secolo, con rimaneggiamenti successivi).<br> Stile Architettonico: Bizantino-romanico con influssi arabo-normanni.<br> Elemento Distintivo: Cupola estradossata in stile bizantino e pavimento leggermente inclinato.<br> Profilo Storico e Architettonico <br>
1. Origini e Posizione Strategica: Edificata attorno al X secolo (probabilmente su un preesistente luogo di culto) per volere del duca Giovanni IV, la chiesa sorgeva originalmente a ridosso delle antiche mura e del mare, integrandosi con le strutture difensive della città.<br>
2. Architettura Singolare: <br>La Cupola Bizantina: L'elemento più caratteristico è la cupola semisferica ad arconi estradossati, di chiara derivazione bizantina e araba, rara per il litorale tirrenico.<br>Interno a Tre Navate: L'interno conserva una pianta basilicale a tre navate divise da colonne con capitelli di spoglio d'epoca romana e tardoantica.<br>Il Pavimento Inclinato: Una particolarità dell'aula è la leggera pendenza del pavimento verso il mare, progettata per facilitare il deflusso dell'acqua in caso di mareggiate o allagamenti.<br>
3. Arte e Arredi<br>. Affreschi: Pareti e pilastri conservano frammenti di affreschi medievali (XIII-XIV secolo), tra cui figure di santi e scene bibliche.<br>  Altare Maggiore: L'altare è ricavato da un antico sarcofago romano riutilizzato.<br>
Visitabilità: La chiesa è un sito d'interesse storico spesso gestito da associazioni locali o aperto in occasione di visite guidate e manifestazioni culturali.Fruibilità: L'esterno è sempre visibile e panoramico dal lungomare del quartiere medievale di Gaeta.";;immagini/gaeta_sgiovanni.webp;Dettaglio;;;
Terracina_Gaeta;7,5,5;Monumento;7,5;Duomo;;"Storia e Origini della Cattedrale<br>
Edificazione: Il Duomo di Gaeta, intitolato a S. Maria Assunta in Cielo, fu eretto nei secoli X-XI, probabilmente sul sito della chiesa di S. Maria del Parco (risalente al VII secolo).<br>

Le Reliquie di Sant'Erasmo: Tra la fine dell'VIII e l'inizio del IX secolo, i resti di S. Erasmo (vescovo di Antiochia morto a Formia nel 303) furono nascosti dal vescovo di Formia in un pilastro della chiesa per proteggerli. Il loro ritrovamento, oltre un secolo dopo, diede l'impulso per la costruzione dell'imponente cattedrale, poi consacrata a 5 o 7 navate da Papa Pasquale II nel 1106.<br>

Riapertura: La cattedrale è stata riaperta nel 2014 a seguito di restauri che ne hanno riportato alla luce la struttura medievale a colonne e gli arredi liturgici cosmateschi.<br>

La Cripta (Succorpo)<br>
Origine: Realizzata a partire dal 1594 (dopo la ricognizione canonica delle reliquie) su progetto degli architetti napoletani Lazzari per custodire i resti di S. Erasmo e di altri santi martiri (S. Marciano, S. Casto, S. Secondino, S. Probo, S. Innocenzo e S. Eupuria).<br>

Struttura e Decorazioni: Presenta un'unica navata rivestita di marmi policromi e un ricco cancello bronzeo del 1692. Gli affreschi della volta e la pala d'altare (Martirio del vescovo antiocheno, 1664) furono realizzati da Giacinto Brandi.<br>

Opere e Danni di Guerra: Di altissima pregio artistico sono il paliotto dell'altare e la balaustra. Alcune decorazioni della volta (tra cui Dio Padre e la Gloria di S. Erasmo) andarono perdute a causa dei bombardamenti aerei nella notte tra l'8 e il 9 settembre 1943.<br>

Il Campanile:<br>
Costruzione e Stile: Progettato da Nicola D'Angelo (marmorario romano), fu costruito tra il 1148 e il 1279. È alto 57 metri e rappresenta un eccezionale esempio di stile arabo-normanno / arabo-moresco con influssi siculi e amalfitani.<br>

Struttura:<br>

Parte inferiore (Basamento): Caratterizzata da un arco ogivale e costruita riutilizzando blocchi di spoglio di monumenti romani e medievali (in particolare dal Mausoleo di Lucio Sempronio Atratino del I sec. a.C.).<br>

Parte mediana: Si sviluppa su tre piani/celle campanarie ornate da bifore, archetti intrecciati e maioliche esagonali policrome.<br>

Parte superiore: Sormontata da una cupola/cuspide ottagonale decorata con scodelle e maioliche smaltate, con una croce in ferro in cima.<br>

Elementi Decorativi della Scalinata: La scala d'accesso ospita due sarcofagi romani strigilati (III sec.) e due bassorilievi medievali raffiguranti la vicenda biblica di Giona inghiottito dal mostro marino (pistrice), un tempo parti dell'antico pulpito.<br>

Restauri: Danneggiato durante il secondo conflitto mondiale, il campanile è stato restaurato nel 1960 e negli anni 1990-2000.";;immagini/gaeta_duomo.webp;Dettaglio;;;
Terracina_Gaeta;7,5,6;Monumento;7,5;Tempio s. Francesco;;"Origini e Fondazione<br>
La Sosta di San Francesco (1222): La tradizione narra che San Francesco d'Assisi sia giunto a Gaeta nel 1222 per predicare la pace tra i cittadini e che abbia soggiornato in una piccola abitazione alle pendici del Monte Orlando.<br>

L'Edificazione del Primo Convento: Nello stesso anno, la popolazione e i nobili di Gaeta donarono al Santo il terreno per edificare un primo convento francescano con una piccola chiesa annessa.<br>

2. Ricostruzione e Trasformazione Neogotica<br>
Il Declino e le Truppe Napoleoniche: Durante l'occupazione francese agli inizi dell'Ottocento, il convento fu soppresso e adibito prima a caserma e poi a ospedale militare, subendo gravi danneggiamenti e il degrado della struttura originaria.<br>

La Ricostruzione di Ferdinando II di Borbone (1850-1854): Di ritorno dall'esilio a Gaeta (dovuto ai moti della Repubblica Romana del 1848-1849), il re Ferdinando II delle Due Sicilie decise di riedificare la chiesa in segno di ringraziamento e devozione, affidando il progetto all'architetto napoletano Giacomo Guarinelli.<br>

Lo Stile Neogotico: Guarinelli concepì una struttura monumentale e scenografica in stile neogotico, con elementi slanciati verso l'alto, guglie, rosone decorato e arcate a sesto acuto, trasformando la chiesa in uno dei migliori esempi di architettura neogotica del Sud Italia.<br>

3. Elementi Architettonici e Artistici<br>
La Scalinata Monumentale: L'accesso alla chiesa è caratterizzato da una maestosa e ripida scalinata a due rampe che domina la parte alta di Gaeta Vecchia.<br>

La Statua della Religione: Al centro del piazzale antistante la facciata, al termine della prima rampa di scale, svetta una grande statua in marmo raffigurante la Religione (opera dello scultore Tito Angelini), che tiene in mano la croce.<br>
L'Interno: L'interno, ampio e luminoso grazie alle alte vetrate istoriate, si sviluppa a tre navate con volte a crociera. Lungo le pareti si trovano sculture e dipinti raffiguranti santi francescani e la vita di San Francesco.<br>

4. Significato Panoramico e Simbolico.<br>
La Terrazza Panoramica: Situato in posizione sopraelevata sul colle di Monte Orlando, il sagrato del Tempio offre uno dei punti di vista panoramici più celebri di Gaeta, con una vista spettacolare che abbraccia il golfo, il Castello Angioino-Aragonese e l'intero borgo medievale.";;immagini/gaeta_sfrancesco.webp;Dettaglio;;;
Terracina_Gaeta;7,5,7;Monumento;7,5;Castello Angioino aragonese;;"Castello Angioino-Aragonese: 
Imponente fortezza storica che domina dall'alto l'intero golfo di Gaeta.<br>

Origini ed Epoca Sveva (VI-XII sec.): Mensionato già nel VI secolo durante le guerre gotiche, fu fortificato con certezze storiche nel XII secolo da Federico II di Svevia per difendere il territorio nelle lotte tra Guelfi e Ghibellini.<br>

Periodo Angioino (1266-1435): Centro nevralgico della politica dell'epoca; fu residenza dell'antipapa Clemente VII, luogo di nozze di Ladislao d'Angiò-Durazzo e dimora della futura Regina Giovanna II, che sceglie di farsi incoronare a Gaeta.<br>

Periodo Aragonese (1435-1442): Usato da Alfonso V d'Aragona come base per conquistare il Regno di Napoli e sconfiggere Renato d'Angiò (1442). In questa fase fu eretto il castello nuovo (""Alfonsino""), poi unito e integrato al vecchio castello angioino insieme a due ulteriori cinture murarie (oggi scomparse).<br>

Visite e Punti di forza: Accessibile tramite visite guidate su prenotazione in specifici periodi dell'anno, offre una vista panoramica spettacolare a 360 gradi sulla città e sul golfo.";;immagini/gaeta_castello.webp;Dettaglio;;;
Circeo;8;Percorso;;Agro Pontino e Circeo;;;itinerari/Circeo1.jpg, itinerari/Circeo2.jpg, itinerari/Circeo3.jpg;;;;;
Circeo;8,1;Paese;8;Riserva tor Caldara;;È un lembo di costa miracolosamente scampato all'urbanizzazione, tra abitati di Anzio e Lavinio. Una torre eretta nel Cinquecento per l'avvistamento dei pirati saraceni oggi fa la guardia alle dune fossili, frequentate dai Gruccioni, e all'intrico della macchia mediterranea. La Riserva è stata istituita con L.R. 26 agosto 1988, n. 50 (B.U.R.L. del 20 settembre 1988, n. 26) si estende per circa 44 ettari sul litorale a sud di Roma nel Comune di Anzio. Zona Speciale di Conservazione (ZSC) a livello europeo è un vero scrigno di tesori: una testimonianza ormai rara delle antiche foreste litoranee che occupavano l'intero settore costiero del Lazio meridionale. La ricchezza di ambienti concentrati in un fazzoletto di territorio fa da contraltare ad una lunga storia, sia geologica, sia umana che ha visto protagonista questo luogo.;;immagini/circeo_caldarapan.webp;Principale;41,490792;12,593678;mappe-offline/Circeo
Circeo;INF8,1;Tor Caldara;8,1;;;"📍 Indirizzo: Via Ardeatina Km 34,600<br>📞 Telefono: Tel. Guardiaparco 331.2346944<br>🕒 Orari: La Riserva è aperta al pubblico il giovedì, sabato e domenica dalle ore 9.00 alle ore 14.00 con ultimo ingresso alle ore 13.30. L'ingresso è libero e gratuito
 .<br>🌐 Sito web:https://www.parchilazio.it/torcaldara
<br>🅿️";;;Info/Contatto;;;
Circeo;8,1,1;Monumento;8,1;Anello di Mamurra;;Uno degli itinerari escursionistici più affascinanti dell'area naturale di Gianola e Monte di Scauri. Attraversa ambienti costieri di grande bellezza, resti archeologici romani e una vegetazione mediterranea rigogliosa. È adatto a famiglie, appassionati di natura, storia e fotografia. Un connubio perfetto tra paesaggio, biodiversità e cultura.;;immagini/circeo_mamurra.webp;Dettaglio;;;
Circeo;8,1,1;Opera;8,1,1;descrizione;;"Difficoltà: E 
Durata: 1h e 30m
Distanza: 5,2 Km
Dislivello in salita: 86 m
Dislivello in discesa: 86 m
Tipologia: A piedi

Patrimonio Storico & Archeologico<br>
Villa Romana di Mamurra (I sec. a.C.): Appartenuta a Lucio Mamurra, prefetto dei carpentieri (Praefectus fabrum) di Giulio Cesare. Il complesso presenta terrazzamenti sul mare, ambienti termali, cisterne, mosaici e i resti di una chiesa altomedievale integrata nella struttura.<br>

Torre di Gianola (XVI sec.): Antica torre costiera di avvistamento difensiva, di cui oggi restano pochi elementi visibili.<br>

Porticciolo di Gianola (detto Romano""): Costruito in realtà negli anni '30 del Novecento dal marchese Carlo Afan de Rivera. Prende il nome informale dai resti di una peschiera romana affiancata al suo lato destro e collegata alla Villa di Mamurra.<br>
Natura & Biodiversità<br>
Flora:<br>
Macchia Alta: Leccio (Quercus ilex) e sughera (Quercus suber).<br>
Macchia Bassa: Lentisco (Pistacia lentiscus), mirto (Myrtus communis) e corbezzolo (Arbutus unedo).<br>
Aree rupestri e umide/fresche: Piante rupicole endemiche sulle falesie calcaree; pungitopo (Ruscus aculeatus), alloro (Laurus nobilis) e orniello (Fraxinus ornus).<br>
Fauna:<br>
Uccelli e Insetti: Gheppio (Falco tinnunculus) sulle falesie; grande varietà di impollinatori (bombi, api selvatiche, farfalle).<br>
Rettili e Anfibi: Ramarro, biacco, lucertola campestre; rospo smeraldino (Bufotes viridis) e raganella italiana (Hyla intermedia).<br>
Mammiferi: Volpe, istrice e riccio europeo.""""""";;immagini/circeo_villa.webp;Dettaglio;;;
Circeo;8,2;Paese;8;Torre Astura;La speranza resta quella di riuscire a salvare almeno il mese di agosto, ma al momento, stando a fonti del Comune di Nettuno, sembra più probabile che per tutto il 2026 la spiaggia resterà chiusa.;"Panoramica del Sito<br>
Tipologia:	Fortezza marittima e sito archeologico<br>
Ubicazione:	Litorale laziale (Nettuno, RM), alla foce del fiume Astura<br>
Gestione / Vincoli:	Inserita dal 1984 all'interno del Poligono Militare di Nettuno<br>
Elemento distintivo:	Fortezza costruita sul mare, collegata alla terraferma da un ponte in laterizio<br>
";;immagini/circeo_astura.webp;Principale;41,408107;12,764955;mappe-offline/Circeo
Circeo;8,2,1;Monumento;8,2;Torre;;"Profilo Storico & Archeologico<br>
1. Epoca Romana<br>
Presenza Imperiale: Alla foce del fiume Astura sorgevano antiche ville romane appartenenti a importanti famiglie dell'epoca.<br>

Peschiera Romana: Imponenti resti di una peschiera testimoniano l'intensa attività e l'importanza del sito in età imperiale.<br>

2. Epoca Medievale e Moderna<br>
Origini (1193): Edificata dalla famiglia Frangipane su un antico insediamento romano come torre difensiva contro le incursioni costiere.<br>

L'episodio del 1268: Vi si rifugiò Corradino di Svevia in fuga dopo la sconfitta nella battaglia di Tagliacozzo; proprio qui fu tradito, catturato e consegnato a Carlo d'Angiò.<br>

Passaggi di proprietà: Nel corso dei secoli la fortezza è passata di mano tra diverse famiglie nobiliari, fino ai Borghese.<br>

Curiosità & Cinema:
Location Cinematografica: Negli anni '60 è stata set di celebri produzioni cinematografiche, tra cui il kolossal Cleopatra con Elizabeth Taylor, per il quale fu ricostruito sul posto l'antico porto di Alessandria d'Egitto.";;immagini/circeo_astura_torre.webp;Dettaglio;;;
Circeo;8,3;Paese;8;Lago di Fogliano;;"Con i suoi 11 Km di perimetro e 3 metri di profondità è il più grande tra i laghi del litorale pontino. Questo grosso bacino idrico, situato in provincia di Latina, non manca ogni anno di attirare svariati visitatori che puntualmente vanno via ripromettendosi di ritornare sulle rive del Lago di Fogliano.<br>

";;immagini/circeo_fogliano.webp;Principale;41,400556;12,902222;mappe-offline/Circeo
Circeo;INF8,3;Info / Contatto;8,3;;;"📍 Indirizzo: Via Carlo Alberto, 188 - 04016 Sabaudia (LT)<br>📞 Telefono: Tel.0773/512240<br>🕒 Orari: Libero e accessibile tutti i giorni dell'anno dall'alba al tramonto.
Ingresso: Gratuito per la passeggiata lungo le sponde del lago, il borgo di pesca e l'area circostante del Parco Nazionale del Circeo.
 .<br>🌐 Sito web:www.parcocirceo.it
<br>🅿️Parcheggio Borgo di Fogliano,";;;Info/Contatto;;;
Circeo;8,3,1;Monumento;8,3;Il lago;;"Il valore, paesaggistico, storico e persino architettonico dell’intera zona ha reso quest’area, ormai inglobata nel Parco Nazionale del Circeo dal lontano 1978, una zona umida di importanza internazionale.
Di notevole interesse è la dimora di questa prestigiosa casata, la cosiddetta Villa Caetani. Una volta giunti nei pressi del lago non dimenticate poi di far visita alla “casina inglese” e ai ruderi del vecchio villaggio dei pescatori.
Una piccola meraviglia da non lasciarsi scappare è poi l’Orto botanico. Sebbene quest’ultimo sia un giardino creato per espressa volontà dell’uomo (anche in questo caso c’è lo zampino della famiglia Caetani), qui la natura appare ai visitatori in tutta la sua maestosità.";;immagini/circeo_fogliano_lago.webp;;;;
Circeo;8,3,1,1;Opera;8,3,1;Sentiero ad anello;;"DifficoltàTuristica / Facile (completamente pianeggiante)<br> Lunghezza~4.5 km (anello breve attorno al borgo/sponda nord) – fino a ~11-12 km per il periplo esteso tra duna e litorale.<br>Tempo di percorrenza 1 ora e 30 min (a piedi) / 45 min (in bicicletta )<br> Fondo: Terra battuta, strada bianca e brevi tratti asfaltati ad uso ciclopedonale <br>Mezzi consigliati: A piedi, mountain bike, city bike o passeggino. <br>Descrizione dell'Itinerario: L'itinerario parte dal Borgo Storico di Fogliano e si sviluppa lungo le sponde dello specchio d'acqua salmastro, che fa parte della Riserva Naturale Statale e del Parco Nazionale del Circeo.Partenza dal Borgo: Si muove dal parcheggio adiacente al borgo rurale e all'ingresso di Villa Caetani. Il Cammino Sponda Lago: Si imbocca la pista sterrata che affianca la riva settentrionale. Il sentiero è riparato da una vegetazione mediterranea intervallata da maestosi eucalipti (piantati all'epoca della bonifica dell'Agro Pontino) e tamerici.<br> Punti di Osservazione e Pascoli: Proseguendo lungo il bacino, il percorso costeggia zone di pascolo dove è facile scorgere bufale allo stato semi-brado e canneti salmastri.<br>Il Rientro lungo la Duna / Foce: Per chi percorre l'anello esteso, il sentiero si ricongiunge verso il cordone dunale costiero che separa il lago dal Mar Tirreno, tornando al borgo lungo i viottoli della riserva o la pista ciclopedonale.<br>Cosa Vedere e Punti d'Interesse: Giardino botanico. Creato nell'Ottocento dalla famiglia Caetani, è un suggestivo orto botanico dove specie esotiche (palme, cactacee) convivono con la macchia mediterranea spontanea.<br>Il Borgo di Pesca e le ""Casette"": Antico insediamento di pescatori con il piccolo porticciolo fluviale/lacustre, la chiesetta di San Nicola e la Casina Inglese.<br>
Birdwatching: Il lago è una tappa fondamentale per le rotte migratorie. Dai capanni d'osservazione e lungo le sponde si possono avvistare fenicotteri rosa, aironi cenerini, garzette, falchi pescatori, cormorani e cavaliere d'Italia.<br>
La Duna Costiera e la Flora: La striscia di sabbia vegetata che separa il lago dal mare offre scorci panoramici unici, con la presenza del giglio marino (Pancratium maritimum) e ginepri sabina.<br>
Notizie Utili & Consigli per la Visita/Accessibilità: Il percorso è totalmente privo di barriere architettoniche significative, rendendolo adatto anche a famiglie con bimbi in passeggino e persone con disabilità motoria.<br>Attrezzatura consigliata: Per godere al meglio dell'itinerario è consigliabile portare un binocolo per il birdwatching, scorta d'acqua e protezione solare (tratti del percorso sono esposti al sole).<br> 
Regolamento della Riserva: Trattandosi di un'area protetta d'importanza internazionale (Convenzione di Ramsar), è vietato abbandonare i sentieri segnati, disturbare la fauna e raccogliere la vegetazione.";;immagini/circeo_foglianogiro.webp;Dettaglio;;;
Circeo;8,4;Paese;8;Lago dei Monaci;;"Il Lago dei Monaci (noto anche come Lago di Monaci) è il più piccolo dei quattro laghi costieri che compongono il sistema salmastro del Parco Nazionale del Circeo (insieme a Fogliano, Caprolace e Paola/Sabaudia).

Con un'estensione di circa 0,9 km², è protetto come Zona Umida di Importanza Internazionale (Convenzione di Ramsar) per l'elevatissimo valore naturalistico ed ecologico.

";;immagini/circeo_monaci_illago.webp;Principale;41,378056;12,930556;mappe-offline/Circeo
Circeo;INF8,4;Info / Contatto;8,4;Lago dei Monaci;;"📍 Indirizzo: canale/porto canale di Rio Martino.<br>📞 Telefono: <br>🕒 Orari:i sentieri ciclopedonali attorno al lago sono liberamente accessibili 24 ore su 24, tutti i giorni dell'anno
Ingresso: Gratuito per la passeggiata lungo le sponde del lago
 .<br>🌐 Sito web:www.parcocirceo.it
<br>🅿️Rio Martino (lato sud di Strada Interrotta / Lungomare di Latina";;;Info/Contatto;;;
Circeo;8,4,1;Monumento;8,4;Il lago;;"Descrizione del Paesaggio e dell'Ambiente:<br>

Il lago occupa un bacino costiero separato dal Mar Tirreno da un sottile ma rigoglioso cordone dunale. È situato tra la foce del porto canale di Rio Martino a nord e l'area della Bufalara a sud.<br>

Tra Duna e Laguna: Un lato dell'itinerario si affaccia sulle acque tranquille del lago, mentre l'altro regala viste sulla spiaggia selvaggia e sul mare, con lo sfondo inconfondibile del Promontorio del Circeo.<br>

Carattere Naturale e Indomito: Rispetto al vicino Lago di Fogliano (più antropizzato e ricco di architetture), il Lago dei Monaci offre un'atmosfera più incontaminata e selvaggia.<br>
Cosa Vedere:<br>
1. Avifauna & Birdwatching<br>
Specie stanziali e migratorie: Fenicotteri rosa, aironi cenerini, garzette, cormorani, cavaliere d'Italia, svassi.

Rapaci: Falco di palude e falco pescatore.<br>

2. Paesaggio & Flora<br>
Duna Marittima: Ginepro coccolone, cisto, lentisco e giglio marino.<br>

Sponda Lacustre: Canneti salmastri, giunchi, tamerici ed eucalipti.<br>

Scorci Panoramici: Vista aperta sul mare da un lato e sul Promontorio del Circeo dall'altro.

3. Punti d'Interesse Limitrofi<br>

Molo di Rio Martino: Porto-canale storico della bonifica, punto di partenza principale a nord.<br>

Zona della Bufalara: Pascoli adiacenti con mandrie di bufale allo stato semi-brado.

Info Pratiche
Attrezzatura consigliata: Binocolo, scarpe da ginnastica/trekking leggero, scorta d'acqua e cappello per il sole.

Accesso: Libero, gratuito e aperto 24 ore su 24 (consigliate le ore diurne).";;immagini/circeo_monaci.webp;Dettaglio;;;
Circeo;8,4,1,1;Opera;8,4,1;Anello Lago dei Monaci;;"L'escursione circolare La Bufalara e il Lago dei Monaci è un percorso di trekking di difficoltà moderata che si estende per 9,0 km all'interno del Parco Nazionale del Circeo. Con un dislivello minimo di soli 12 metri, si tratta di un itinerario relativamente pianeggiante. Prevedete di completare questo anello panoramico in circa 2 ore e 15 minuti.
Cosa aspettarsi dall'escursione circolare La Bufalara e il Lago dei Monaci:
Su questo sentiero, vivrete un paesaggio costiero unico dove l'ingegneria umana incontra la bellezza naturale. Camminerete lungo il Canale della Bufalara, un'opera artificiale che contribuisce a gestire le acque salmastre del Lago dei Monaci, creando uno sfondo naturale distintivo. Il percorso include anche tratti di un'antica strada costiera, ora trasformata in sentiero pedonale a causa dell'erosione marina, offrendo scorci interessanti sulla costa in continua evoluzione e sull'interazione tra terra e mare. Incontrerete scenari vari, da sezioni naturali e non asfaltate a tratti pavimentati e asfaltati.
Dettagli del percorso
Distanza: 9,0 km
Dislivello: 12 metri
Difficoltà: moderata
Tempo stimato: 2 ore e 15";;immagini/circeo_monacigiro.webp;Dettaglio;;;
