{
  "type": "FeatureCollection",
  "features": [
    {
      "type": "Feature",
      "properties": {
        "_gpxType": "trk",
        "name": "Ferentino",
        "coordinateProperties": {}
      },
      "geometry": {
        "type": "LineString",
        "coordinates": [
          [
            12.79308,
            41.48383
          ],
          [
            12.79315,
            41.48402
          ],
          [
            12.79327,
            41.48431
          ],
          [
            12.79333,
            41.48445
          ],
          [
            12.79361,
            41.48514
          ],
          [
            12.79363,
            41.48519
          ],
          [
            12.79382,
            41.48566
          ],
          [
            12.79396,
            41.486
          ],
          [
            12.79425,
            41.48672
          ],
          [
            12.79443,
            41.48717
          ],
          [
            12.79463,
            41.48765
          ],
          [
            12.79478,
            41.48801
          ],
          [
            12.79479,
            41.48803
          ],
          [
            12.79492,
            41.48834
          ],
          [
            12.79493,
            41.48837
          ],
          [
            12.79511,
            41.48881
          ],
          [
            12.7954,
            41.4895
          ],
          [
            12.79547,
            41.48967
          ],
          [
            12.7957,
            41.49022
          ],
          [
            12.79584,
            41.49057
          ],
          [
            12.79632,
            41.49172
          ],
          [
            12.79641,
            41.49194
          ],
          [
            12.7965,
            41.49215
          ],
          [
            12.79683,
            41.49296
          ],
          [
            12.79695,
            41.49325
          ],
          [
            12.79697,
            41.49329
          ],
          [
            12.79716,
            41.49377
          ],
          [
            12.79732,
            41.49415
          ],
          [
            12.79734,
            41.49421
          ],
          [
            12.79768,
            41.49504
          ],
          [
            12.79777,
            41.49524
          ],
          [
            12.79794,
            41.49563
          ],
          [
            12.79797,
            41.49572
          ],
          [
            12.79798,
            41.49576
          ],
          [
            12.798,
            41.49582
          ],
          [
            12.79801,
            41.49605
          ],
          [
            12.798,
            41.49635
          ],
          [
            12.798,
            41.49636
          ],
          [
            12.79799,
            41.49658
          ],
          [
            12.79799,
            41.49674
          ],
          [
            12.79796,
            41.49752
          ],
          [
            12.79792,
            41.49842
          ],
          [
            12.79792,
            41.49861
          ],
          [
            12.79791,
            41.49885
          ],
          [
            12.7979,
            41.49896
          ],
          [
            12.79788,
            41.4995
          ],
          [
            12.79788,
            41.49974
          ],
          [
            12.79787,
            41.49988
          ],
          [
            12.79787,
            41.50006
          ],
          [
            12.79786,
            41.50046
          ],
          [
            12.79786,
            41.50064
          ],
          [
            12.79785,
            41.50119
          ],
          [
            12.79784,
            41.50148
          ],
          [
            12.79784,
            41.50163
          ],
          [
            12.79776,
            41.50359
          ],
          [
            12.79775,
            41.5037
          ],
          [
            12.79774,
            41.50404
          ],
          [
            12.79773,
            41.50429
          ],
          [
            12.79772,
            41.50452
          ],
          [
            12.79771,
            41.5047
          ],
          [
            12.79767,
            41.5056
          ],
          [
            12.79766,
            41.50578
          ],
          [
            12.79766,
            41.50586
          ],
          [
            12.79765,
            41.50614
          ],
          [
            12.79764,
            41.50622
          ],
          [
            12.79764,
            41.50632
          ],
          [
            12.79763,
            41.5064
          ],
          [
            12.79763,
            41.50703
          ],
          [
            12.79764,
            41.50704
          ],
          [
            12.79764,
            41.50722
          ],
          [
            12.79764,
            41.50739
          ],
          [
            12.79765,
            41.50779
          ],
          [
            12.79766,
            41.50789
          ],
          [
            12.79769,
            41.50799
          ],
          [
            12.7977,
            41.50804
          ],
          [
            12.79774,
            41.5081
          ],
          [
            12.79797,
            41.50847
          ],
          [
            12.79798,
            41.50848
          ],
          [
            12.79808,
            41.50863
          ],
          [
            12.79814,
            41.50874
          ],
          [
            12.79818,
            41.50879
          ],
          [
            12.79821,
            41.50883
          ],
          [
            12.79826,
            41.5089
          ],
          [
            12.79829,
            41.50894
          ],
          [
            12.79833,
            41.509
          ],
          [
            12.79838,
            41.50907
          ],
          [
            12.79847,
            41.50915
          ],
          [
            12.79858,
            41.50927
          ],
          [
            12.79861,
            41.5093
          ],
          [
            12.79888,
            41.5096
          ],
          [
            12.79894,
            41.50967
          ],
          [
            12.79899,
            41.50973
          ],
          [
            12.79907,
            41.50987
          ],
          [
            12.79908,
            41.50989
          ],
          [
            12.79915,
            41.50994
          ],
          [
            12.79925,
            41.51001
          ],
          [
            12.79937,
            41.5101
          ],
          [
            12.7999,
            41.51011
          ],
          [
            12.80057,
            41.51012
          ],
          [
            12.80081,
            41.51013
          ],
          [
            12.80105,
            41.51013
          ],
          [
            12.80129,
            41.51014
          ],
          [
            12.80177,
            41.51014
          ],
          [
            12.80201,
            41.51015
          ],
          [
            12.80249,
            41.51016
          ],
          [
            12.80273,
            41.51016
          ],
          [
            12.80298,
            41.51017
          ],
          [
            12.80322,
            41.51017
          ],
          [
            12.8049,
            41.5102
          ],
          [
            12.80574,
            41.51022
          ],
          [
            12.807,
            41.51024
          ],
          [
            12.80841,
            41.51026
          ],
          [
            12.80886,
            41.51026
          ],
          [
            12.81104,
            41.5103
          ],
          [
            12.81153,
            41.51031
          ],
          [
            12.81262,
            41.51032
          ],
          [
            12.81282,
            41.51033
          ],
          [
            12.81403,
            41.51035
          ],
          [
            12.81439,
            41.51035
          ],
          [
            12.81475,
            41.51036
          ],
          [
            12.81617,
            41.51037
          ],
          [
            12.81631,
            41.51038
          ],
          [
            12.81761,
            41.51038
          ],
          [
            12.81769,
            41.51035
          ],
          [
            12.81777,
            41.51033
          ],
          [
            12.81786,
            41.5103
          ],
          [
            12.81787,
            41.51029
          ],
          [
            12.81787,
            41.51028
          ],
          [
            12.81788,
            41.51027
          ],
          [
            12.81788,
            41.51026
          ],
          [
            12.81789,
            41.51026
          ],
          [
            12.8179,
            41.51025
          ],
          [
            12.81791,
            41.51024
          ],
          [
            12.81792,
            41.51023
          ],
          [
            12.81794,
            41.51023
          ],
          [
            12.81795,
            41.51022
          ],
          [
            12.81796,
            41.51021
          ],
          [
            12.818,
            41.51021
          ],
          [
            12.81801,
            41.5102
          ],
          [
            12.81805,
            41.5102
          ],
          [
            12.81806,
            41.51021
          ],
          [
            12.81809,
            41.51021
          ],
          [
            12.8181,
            41.51022
          ],
          [
            12.81812,
            41.51022
          ],
          [
            12.81813,
            41.51023
          ],
          [
            12.81814,
            41.51023
          ],
          [
            12.81815,
            41.51024
          ],
          [
            12.81816,
            41.51025
          ],
          [
            12.81817,
            41.51025
          ],
          [
            12.81817,
            41.51026
          ],
          [
            12.81818,
            41.51026
          ],
          [
            12.81818,
            41.51027
          ],
          [
            12.81819,
            41.51028
          ],
          [
            12.8182,
            41.51029
          ],
          [
            12.8182,
            41.5103
          ],
          [
            12.81839,
            41.51035
          ],
          [
            12.81846,
            41.51038
          ],
          [
            12.81925,
            41.5104
          ],
          [
            12.82062,
            41.51043
          ],
          [
            12.82089,
            41.51044
          ],
          [
            12.82245,
            41.51048
          ],
          [
            12.82251,
            41.51048
          ],
          [
            12.8229,
            41.51049
          ],
          [
            12.8231,
            41.5105
          ],
          [
            12.82346,
            41.5105
          ],
          [
            12.82587,
            41.51054
          ],
          [
            12.82684,
            41.51056
          ],
          [
            12.82877,
            41.51059
          ],
          [
            12.83061,
            41.51062
          ],
          [
            12.83277,
            41.51066
          ],
          [
            12.83294,
            41.51066
          ],
          [
            12.83318,
            41.51067
          ],
          [
            12.83322,
            41.51067
          ],
          [
            12.83405,
            41.5107
          ],
          [
            12.83411,
            41.5107
          ],
          [
            12.83455,
            41.51072
          ],
          [
            12.83485,
            41.51076
          ],
          [
            12.83501,
            41.51079
          ],
          [
            12.83544,
            41.51085
          ],
          [
            12.83569,
            41.51089
          ],
          [
            12.83635,
            41.51101
          ],
          [
            12.83643,
            41.51103
          ],
          [
            12.83676,
            41.51107
          ],
          [
            12.83682,
            41.51108
          ],
          [
            12.83691,
            41.51109
          ],
          [
            12.83761,
            41.51119
          ],
          [
            12.83772,
            41.51121
          ],
          [
            12.83825,
            41.51128
          ],
          [
            12.83843,
            41.51131
          ],
          [
            12.83902,
            41.5114
          ],
          [
            12.8392,
            41.51143
          ],
          [
            12.83952,
            41.51148
          ],
          [
            12.83961,
            41.51149
          ],
          [
            12.84038,
            41.51163
          ],
          [
            12.84346,
            41.51217
          ],
          [
            12.84396,
            41.51225
          ],
          [
            12.84437,
            41.51232
          ],
          [
            12.84513,
            41.51244
          ],
          [
            12.84606,
            41.51259
          ],
          [
            12.84644,
            41.51265
          ],
          [
            12.84664,
            41.51269
          ],
          [
            12.84696,
            41.51274
          ],
          [
            12.84776,
            41.51287
          ],
          [
            12.84795,
            41.5129
          ],
          [
            12.84817,
            41.51294
          ],
          [
            12.84864,
            41.51301
          ],
          [
            12.8491,
            41.5131
          ],
          [
            12.84936,
            41.51313
          ],
          [
            12.84965,
            41.51318
          ],
          [
            12.85008,
            41.51324
          ],
          [
            12.85041,
            41.5133
          ],
          [
            12.85078,
            41.51337
          ],
          [
            12.85132,
            41.51345
          ],
          [
            12.85194,
            41.51354
          ],
          [
            12.8521,
            41.51357
          ],
          [
            12.85321,
            41.51376
          ],
          [
            12.85391,
            41.51387
          ],
          [
            12.85408,
            41.5139
          ],
          [
            12.8546,
            41.51399
          ],
          [
            12.85477,
            41.51401
          ],
          [
            12.85511,
            41.51406
          ],
          [
            12.85525,
            41.51408
          ],
          [
            12.85548,
            41.51411
          ],
          [
            12.85692,
            41.51433
          ],
          [
            12.85709,
            41.51436
          ],
          [
            12.85726,
            41.5144
          ],
          [
            12.85745,
            41.51443
          ],
          [
            12.85782,
            41.51451
          ],
          [
            12.85793,
            41.51453
          ],
          [
            12.85811,
            41.51457
          ],
          [
            12.8582,
            41.5146
          ],
          [
            12.85831,
            41.51463
          ],
          [
            12.85841,
            41.51467
          ],
          [
            12.85862,
            41.51473
          ],
          [
            12.85901,
            41.5149
          ],
          [
            12.85947,
            41.5151
          ],
          [
            12.86026,
            41.51543
          ],
          [
            12.86146,
            41.51595
          ],
          [
            12.86229,
            41.51631
          ],
          [
            12.86248,
            41.51639
          ],
          [
            12.86278,
            41.51652
          ],
          [
            12.86299,
            41.51661
          ],
          [
            12.86341,
            41.51679
          ],
          [
            12.86396,
            41.51703
          ],
          [
            12.86402,
            41.51706
          ],
          [
            12.86602,
            41.51791
          ],
          [
            12.86781,
            41.51868
          ],
          [
            12.86972,
            41.5195
          ],
          [
            12.87039,
            41.51978
          ],
          [
            12.87153,
            41.52027
          ],
          [
            12.87242,
            41.52066
          ],
          [
            12.87361,
            41.52116
          ],
          [
            12.87397,
            41.52132
          ],
          [
            12.87453,
            41.52156
          ],
          [
            12.87506,
            41.52179
          ],
          [
            12.8757,
            41.52206
          ],
          [
            12.87795,
            41.52302
          ],
          [
            12.87987,
            41.52384
          ],
          [
            12.88039,
            41.52406
          ],
          [
            12.88121,
            41.52441
          ],
          [
            12.88184,
            41.52468
          ],
          [
            12.88309,
            41.52521
          ],
          [
            12.88392,
            41.52557
          ],
          [
            12.88489,
            41.52598
          ],
          [
            12.886,
            41.52645
          ],
          [
            12.88602,
            41.52646
          ],
          [
            12.88606,
            41.52648
          ],
          [
            12.88621,
            41.52654
          ],
          [
            12.88622,
            41.52655
          ],
          [
            12.88642,
            41.52664
          ],
          [
            12.88662,
            41.52675
          ],
          [
            12.88749,
            41.52723
          ],
          [
            12.88759,
            41.52729
          ],
          [
            12.8878,
            41.52741
          ],
          [
            12.88812,
            41.52758
          ],
          [
            12.88818,
            41.52762
          ],
          [
            12.88856,
            41.52783
          ],
          [
            12.88901,
            41.52809
          ],
          [
            12.8893,
            41.52833
          ],
          [
            12.8894,
            41.52842
          ],
          [
            12.88972,
            41.52864
          ],
          [
            12.89021,
            41.529
          ],
          [
            12.892,
            41.53029
          ],
          [
            12.89228,
            41.53049
          ],
          [
            12.89367,
            41.53151
          ],
          [
            12.89506,
            41.53254
          ],
          [
            12.89602,
            41.53326
          ],
          [
            12.89604,
            41.53327
          ],
          [
            12.89647,
            41.53359
          ],
          [
            12.89676,
            41.5338
          ],
          [
            12.8983,
            41.53493
          ],
          [
            12.89958,
            41.53586
          ],
          [
            12.9002,
            41.53632
          ],
          [
            12.90178,
            41.53748
          ],
          [
            12.90321,
            41.53855
          ],
          [
            12.90338,
            41.53868
          ],
          [
            12.90347,
            41.53875
          ],
          [
            12.90417,
            41.53926
          ],
          [
            12.90479,
            41.53878
          ],
          [
            12.90491,
            41.53869
          ],
          [
            12.90499,
            41.53863
          ],
          [
            12.90562,
            41.53814
          ],
          [
            12.90569,
            41.53809
          ],
          [
            12.90579,
            41.53801
          ],
          [
            12.9062,
            41.5377
          ],
          [
            12.90753,
            41.53667
          ],
          [
            12.90831,
            41.53607
          ],
          [
            12.90948,
            41.53516
          ],
          [
            12.91065,
            41.53425
          ],
          [
            12.91075,
            41.53418
          ],
          [
            12.91119,
            41.53383
          ],
          [
            12.9112,
            41.53383
          ],
          [
            12.91127,
            41.53378
          ],
          [
            12.9117,
            41.53345
          ],
          [
            12.91208,
            41.53315
          ],
          [
            12.91248,
            41.53284
          ],
          [
            12.91263,
            41.53273
          ],
          [
            12.91267,
            41.53269
          ],
          [
            12.91271,
            41.53266
          ],
          [
            12.91411,
            41.53158
          ],
          [
            12.91425,
            41.53148
          ],
          [
            12.91472,
            41.53111
          ],
          [
            12.91546,
            41.53053
          ],
          [
            12.9156,
            41.53043
          ],
          [
            12.91589,
            41.5302
          ],
          [
            12.91664,
            41.52963
          ],
          [
            12.91679,
            41.52952
          ],
          [
            12.91718,
            41.52922
          ],
          [
            12.91723,
            41.52918
          ],
          [
            12.91729,
            41.52913
          ],
          [
            12.9178,
            41.52873
          ],
          [
            12.91822,
            41.5284
          ],
          [
            12.91835,
            41.52827
          ],
          [
            12.91843,
            41.52818
          ],
          [
            12.91849,
            41.52808
          ],
          [
            12.91854,
            41.52797
          ],
          [
            12.91857,
            41.52788
          ],
          [
            12.91863,
            41.52774
          ],
          [
            12.91863,
            41.52764
          ],
          [
            12.91864,
            41.52761
          ],
          [
            12.91866,
            41.52756
          ],
          [
            12.9187,
            41.52751
          ],
          [
            12.91874,
            41.52746
          ],
          [
            12.9188,
            41.52742
          ],
          [
            12.91886,
            41.52738
          ],
          [
            12.91893,
            41.52735
          ],
          [
            12.91901,
            41.52733
          ],
          [
            12.91911,
            41.52732
          ],
          [
            12.91917,
            41.52732
          ],
          [
            12.91919,
            41.52731
          ],
          [
            12.91921,
            41.52732
          ],
          [
            12.91927,
            41.52732
          ],
          [
            12.91938,
            41.52726
          ],
          [
            12.91965,
            41.52718
          ],
          [
            12.91989,
            41.52707
          ],
          [
            12.92001,
            41.527
          ],
          [
            12.92011,
            41.52695
          ],
          [
            12.92044,
            41.5267
          ],
          [
            12.92073,
            41.52648
          ],
          [
            12.92078,
            41.52644
          ],
          [
            12.92176,
            41.52569
          ],
          [
            12.92205,
            41.52546
          ],
          [
            12.92214,
            41.5254
          ],
          [
            12.92231,
            41.52527
          ],
          [
            12.92381,
            41.52411
          ],
          [
            12.92489,
            41.52326
          ],
          [
            12.92831,
            41.5206
          ],
          [
            12.92874,
            41.52027
          ],
          [
            12.92915,
            41.51996
          ],
          [
            12.92949,
            41.5197
          ],
          [
            12.92965,
            41.51958
          ],
          [
            12.93112,
            41.51846
          ],
          [
            12.9322,
            41.51761
          ],
          [
            12.93337,
            41.51671
          ],
          [
            12.93337,
            41.5167
          ],
          [
            12.93353,
            41.51658
          ],
          [
            12.93421,
            41.51606
          ],
          [
            12.93459,
            41.51576
          ],
          [
            12.9352,
            41.51528
          ],
          [
            12.93527,
            41.51523
          ],
          [
            12.93545,
            41.51509
          ],
          [
            12.93552,
            41.51503
          ],
          [
            12.93572,
            41.51488
          ],
          [
            12.93581,
            41.51481
          ],
          [
            12.936,
            41.51466
          ],
          [
            12.93632,
            41.51441
          ],
          [
            12.93636,
            41.51438
          ],
          [
            12.93642,
            41.51433
          ],
          [
            12.93694,
            41.51393
          ],
          [
            12.93697,
            41.51391
          ],
          [
            12.93708,
            41.51383
          ],
          [
            12.93709,
            41.51381
          ],
          [
            12.93715,
            41.51377
          ],
          [
            12.93724,
            41.5137
          ],
          [
            12.93741,
            41.51357
          ],
          [
            12.93791,
            41.51318
          ],
          [
            12.93794,
            41.51316
          ],
          [
            12.93798,
            41.51313
          ],
          [
            12.93808,
            41.51305
          ],
          [
            12.93814,
            41.513
          ],
          [
            12.93817,
            41.51298
          ],
          [
            12.93927,
            41.51212
          ],
          [
            12.93931,
            41.51209
          ],
          [
            12.94024,
            41.51138
          ],
          [
            12.94094,
            41.51083
          ],
          [
            12.94096,
            41.51082
          ],
          [
            12.94151,
            41.51039
          ],
          [
            12.94159,
            41.51034
          ],
          [
            12.94277,
            41.50939
          ],
          [
            12.9429,
            41.50929
          ],
          [
            12.94293,
            41.50926
          ],
          [
            12.9431,
            41.50913
          ],
          [
            12.94337,
            41.50894
          ],
          [
            12.94351,
            41.50883
          ],
          [
            12.94376,
            41.50864
          ],
          [
            12.94449,
            41.50808
          ],
          [
            12.94453,
            41.50805
          ],
          [
            12.94471,
            41.50791
          ],
          [
            12.94476,
            41.50788
          ],
          [
            12.94488,
            41.50779
          ],
          [
            12.9451,
            41.50762
          ],
          [
            12.94515,
            41.50759
          ],
          [
            12.94524,
            41.50751
          ],
          [
            12.94546,
            41.50735
          ],
          [
            12.94556,
            41.50724
          ],
          [
            12.94594,
            41.50695
          ],
          [
            12.94633,
            41.50665
          ],
          [
            12.94679,
            41.5063
          ],
          [
            12.94696,
            41.50617
          ],
          [
            12.94718,
            41.50599
          ],
          [
            12.94722,
            41.50596
          ],
          [
            12.94736,
            41.50586
          ],
          [
            12.94749,
            41.50575
          ],
          [
            12.94755,
            41.5057
          ],
          [
            12.94763,
            41.50565
          ],
          [
            12.94808,
            41.5053
          ],
          [
            12.9482,
            41.50521
          ],
          [
            12.94839,
            41.50506
          ],
          [
            12.94898,
            41.5046
          ],
          [
            12.94908,
            41.50452
          ],
          [
            12.94947,
            41.50422
          ],
          [
            12.94956,
            41.50415
          ],
          [
            12.95037,
            41.50352
          ],
          [
            12.95038,
            41.50352
          ],
          [
            12.95042,
            41.50349
          ],
          [
            12.95051,
            41.50342
          ],
          [
            12.95054,
            41.5034
          ],
          [
            12.95109,
            41.50298
          ],
          [
            12.95119,
            41.5029
          ],
          [
            12.95126,
            41.50285
          ],
          [
            12.95132,
            41.5028
          ],
          [
            12.95184,
            41.5024
          ],
          [
            12.95189,
            41.50236
          ],
          [
            12.95231,
            41.50203
          ],
          [
            12.95333,
            41.50124
          ],
          [
            12.9543,
            41.50048
          ],
          [
            12.95534,
            41.49968
          ],
          [
            12.95571,
            41.49939
          ],
          [
            12.95603,
            41.49915
          ],
          [
            12.9597,
            41.49629
          ],
          [
            12.95974,
            41.49626
          ],
          [
            12.96072,
            41.4955
          ],
          [
            12.96104,
            41.49525
          ],
          [
            12.96219,
            41.49435
          ],
          [
            12.96224,
            41.49432
          ],
          [
            12.96228,
            41.49429
          ],
          [
            12.96281,
            41.49387
          ],
          [
            12.96328,
            41.49351
          ],
          [
            12.96383,
            41.49308
          ],
          [
            12.96387,
            41.49305
          ],
          [
            12.96391,
            41.49302
          ],
          [
            12.96495,
            41.49221
          ],
          [
            12.96744,
            41.49028
          ],
          [
            12.96745,
            41.49027
          ],
          [
            12.96762,
            41.49014
          ],
          [
            12.97111,
            41.48743
          ],
          [
            12.97311,
            41.48588
          ],
          [
            12.97444,
            41.48484
          ],
          [
            12.97482,
            41.48454
          ],
          [
            12.97486,
            41.48451
          ],
          [
            12.97535,
            41.48413
          ],
          [
            12.97542,
            41.48419
          ],
          [
            12.97634,
            41.48485
          ],
          [
            12.97637,
            41.48487
          ],
          [
            12.97639,
            41.48489
          ],
          [
            12.97644,
            41.48492
          ],
          [
            12.97648,
            41.48495
          ],
          [
            12.97705,
            41.48537
          ],
          [
            12.97786,
            41.48597
          ],
          [
            12.97827,
            41.48628
          ],
          [
            12.97856,
            41.4865
          ],
          [
            12.9791,
            41.4869
          ],
          [
            12.9792,
            41.48698
          ],
          [
            12.97929,
            41.48705
          ],
          [
            12.97988,
            41.48748
          ],
          [
            12.98016,
            41.48768
          ],
          [
            12.98041,
            41.48786
          ],
          [
            12.98045,
            41.4879
          ],
          [
            12.98054,
            41.48796
          ],
          [
            12.98094,
            41.48825
          ],
          [
            12.98113,
            41.48838
          ],
          [
            12.98122,
            41.48845
          ],
          [
            12.98158,
            41.48871
          ],
          [
            12.98163,
            41.48875
          ],
          [
            12.98167,
            41.48878
          ],
          [
            12.98183,
            41.48889
          ],
          [
            12.98228,
            41.48923
          ],
          [
            12.98238,
            41.48931
          ],
          [
            12.98243,
            41.48934
          ],
          [
            12.98247,
            41.48937
          ],
          [
            12.98284,
            41.48964
          ],
          [
            12.98301,
            41.48977
          ],
          [
            12.98336,
            41.49002
          ],
          [
            12.9835,
            41.49012
          ],
          [
            12.98352,
            41.49014
          ],
          [
            12.98396,
            41.49048
          ],
          [
            12.98421,
            41.49066
          ],
          [
            12.98459,
            41.49093
          ],
          [
            12.98527,
            41.49146
          ],
          [
            12.98544,
            41.49162
          ],
          [
            12.98585,
            41.49199
          ],
          [
            12.98608,
            41.49219
          ],
          [
            12.98658,
            41.49266
          ],
          [
            12.9872,
            41.49323
          ],
          [
            12.98778,
            41.49375
          ],
          [
            12.98784,
            41.4938
          ],
          [
            12.98862,
            41.49449
          ],
          [
            12.98939,
            41.4952
          ],
          [
            12.99021,
            41.49598
          ],
          [
            12.99044,
            41.4962
          ],
          [
            12.99075,
            41.49647
          ],
          [
            12.99099,
            41.49665
          ],
          [
            12.991,
            41.49666
          ],
          [
            12.99114,
            41.49675
          ],
          [
            12.99131,
            41.49683
          ],
          [
            12.99146,
            41.49688
          ],
          [
            12.99156,
            41.49692
          ],
          [
            12.99161,
            41.49695
          ],
          [
            12.99173,
            41.49701
          ],
          [
            12.99195,
            41.4971
          ],
          [
            12.99214,
            41.49715
          ],
          [
            12.99217,
            41.49716
          ],
          [
            12.9922,
            41.49716
          ],
          [
            12.99232,
            41.49719
          ],
          [
            12.99257,
            41.49721
          ],
          [
            12.99276,
            41.49723
          ],
          [
            12.99358,
            41.4973
          ],
          [
            12.99408,
            41.49736
          ],
          [
            12.99436,
            41.49739
          ],
          [
            12.99471,
            41.49742
          ],
          [
            12.99481,
            41.49744
          ],
          [
            12.99536,
            41.4975
          ],
          [
            12.99639,
            41.4976
          ],
          [
            12.9976,
            41.49771
          ],
          [
            12.99805,
            41.49776
          ],
          [
            12.99814,
            41.49777
          ],
          [
            12.99829,
            41.49778
          ],
          [
            12.99872,
            41.49783
          ],
          [
            12.99948,
            41.4979
          ],
          [
            12.99987,
            41.49793
          ],
          [
            13.00066,
            41.49801
          ],
          [
            13.00077,
            41.49802
          ],
          [
            13.0016,
            41.49809
          ],
          [
            13.00238,
            41.49815
          ],
          [
            13.00241,
            41.49816
          ],
          [
            13.0029,
            41.49817
          ],
          [
            13.00309,
            41.49817
          ],
          [
            13.00348,
            41.49814
          ],
          [
            13.00399,
            41.49808
          ],
          [
            13.00447,
            41.498
          ],
          [
            13.00574,
            41.49776
          ],
          [
            13.00579,
            41.49775
          ],
          [
            13.00619,
            41.49767
          ],
          [
            13.00662,
            41.49759
          ],
          [
            13.00704,
            41.49751
          ],
          [
            13.00763,
            41.4974
          ],
          [
            13.00791,
            41.49734
          ],
          [
            13.00877,
            41.49719
          ],
          [
            13.00902,
            41.49714
          ],
          [
            13.00981,
            41.497
          ],
          [
            13.00983,
            41.49699
          ],
          [
            13.01053,
            41.49687
          ],
          [
            13.01075,
            41.49684
          ],
          [
            13.0119,
            41.49662
          ],
          [
            13.01208,
            41.49659
          ],
          [
            13.01229,
            41.49655
          ],
          [
            13.01308,
            41.4964
          ],
          [
            13.01321,
            41.49638
          ],
          [
            13.0139,
            41.49625
          ],
          [
            13.01395,
            41.49623
          ],
          [
            13.01401,
            41.49622
          ],
          [
            13.01436,
            41.49616
          ],
          [
            13.01534,
            41.49598
          ],
          [
            13.01615,
            41.49582
          ],
          [
            13.01713,
            41.49564
          ],
          [
            13.01739,
            41.4956
          ],
          [
            13.01864,
            41.49537
          ],
          [
            13.01864,
            41.49536
          ],
          [
            13.01919,
            41.49527
          ],
          [
            13.01923,
            41.49526
          ],
          [
            13.01961,
            41.49519
          ],
          [
            13.02004,
            41.49511
          ],
          [
            13.02023,
            41.49508
          ],
          [
            13.02057,
            41.49501
          ],
          [
            13.02142,
            41.49486
          ],
          [
            13.0215,
            41.49485
          ],
          [
            13.02259,
            41.49463
          ],
          [
            13.02307,
            41.49454
          ],
          [
            13.0242,
            41.49432
          ],
          [
            13.02452,
            41.49427
          ],
          [
            13.02519,
            41.49414
          ],
          [
            13.02565,
            41.49406
          ],
          [
            13.02567,
            41.49406
          ],
          [
            13.02606,
            41.49397
          ],
          [
            13.02737,
            41.49374
          ],
          [
            13.02747,
            41.49372
          ],
          [
            13.02796,
            41.49362
          ],
          [
            13.02822,
            41.49358
          ],
          [
            13.02879,
            41.49348
          ],
          [
            13.02962,
            41.49333
          ],
          [
            13.02996,
            41.49327
          ],
          [
            13.02998,
            41.49326
          ],
          [
            13.03022,
            41.49322
          ],
          [
            13.03155,
            41.49297
          ],
          [
            13.03208,
            41.49287
          ],
          [
            13.0322,
            41.49285
          ],
          [
            13.03272,
            41.49275
          ],
          [
            13.03278,
            41.49274
          ],
          [
            13.03303,
            41.4927
          ],
          [
            13.03326,
            41.49266
          ],
          [
            13.03411,
            41.4925
          ],
          [
            13.03511,
            41.49232
          ],
          [
            13.03559,
            41.49223
          ],
          [
            13.03601,
            41.49216
          ],
          [
            13.03606,
            41.49213
          ],
          [
            13.03614,
            41.49206
          ],
          [
            13.03618,
            41.49201
          ],
          [
            13.03621,
            41.49196
          ],
          [
            13.03621,
            41.49191
          ],
          [
            13.03621,
            41.49188
          ],
          [
            13.03622,
            41.49187
          ],
          [
            13.03623,
            41.49186
          ],
          [
            13.03623,
            41.49185
          ],
          [
            13.03624,
            41.49184
          ],
          [
            13.03626,
            41.49182
          ],
          [
            13.03627,
            41.49181
          ],
          [
            13.03631,
            41.49161
          ],
          [
            13.0363,
            41.49159
          ],
          [
            13.03629,
            41.49156
          ],
          [
            13.03627,
            41.49148
          ],
          [
            13.03627,
            41.49138
          ],
          [
            13.03628,
            41.49136
          ],
          [
            13.03629,
            41.49133
          ],
          [
            13.0363,
            41.49131
          ],
          [
            13.03631,
            41.49129
          ],
          [
            13.03632,
            41.49126
          ],
          [
            13.03634,
            41.49124
          ],
          [
            13.03636,
            41.4912
          ],
          [
            13.03644,
            41.49114
          ],
          [
            13.03649,
            41.4911
          ],
          [
            13.0365,
            41.4911
          ],
          [
            13.03656,
            41.49106
          ],
          [
            13.03661,
            41.49104
          ],
          [
            13.03667,
            41.49103
          ],
          [
            13.0367,
            41.49102
          ],
          [
            13.03681,
            41.49099
          ],
          [
            13.03693,
            41.49097
          ],
          [
            13.03739,
            41.49088
          ],
          [
            13.03767,
            41.49082
          ],
          [
            13.03779,
            41.4908
          ],
          [
            13.03794,
            41.49077
          ],
          [
            13.03842,
            41.49067
          ],
          [
            13.03901,
            41.49055
          ],
          [
            13.03906,
            41.49054
          ],
          [
            13.03921,
            41.49051
          ],
          [
            13.0393,
            41.49049
          ],
          [
            13.03984,
            41.49037
          ],
          [
            13.04022,
            41.49029
          ],
          [
            13.04027,
            41.49027
          ],
          [
            13.04033,
            41.49026
          ],
          [
            13.04036,
            41.49025
          ],
          [
            13.04044,
            41.49024
          ],
          [
            13.04067,
            41.49018
          ],
          [
            13.041,
            41.49011
          ],
          [
            13.04188,
            41.4899
          ],
          [
            13.04312,
            41.4896
          ],
          [
            13.04325,
            41.48957
          ],
          [
            13.04335,
            41.48954
          ],
          [
            13.04342,
            41.48952
          ],
          [
            13.04407,
            41.48936
          ],
          [
            13.04417,
            41.48934
          ],
          [
            13.04482,
            41.48918
          ],
          [
            13.04495,
            41.48915
          ],
          [
            13.04508,
            41.48911
          ],
          [
            13.04517,
            41.48909
          ],
          [
            13.0455,
            41.48901
          ],
          [
            13.04586,
            41.48892
          ],
          [
            13.04628,
            41.48882
          ],
          [
            13.04699,
            41.48865
          ],
          [
            13.04753,
            41.48852
          ],
          [
            13.04755,
            41.48851
          ],
          [
            13.04759,
            41.4885
          ],
          [
            13.04788,
            41.48844
          ],
          [
            13.04792,
            41.48843
          ],
          [
            13.04807,
            41.48841
          ],
          [
            13.04817,
            41.48839
          ],
          [
            13.0483,
            41.48837
          ],
          [
            13.0485,
            41.48833
          ],
          [
            13.04854,
            41.48833
          ],
          [
            13.04862,
            41.48832
          ],
          [
            13.04875,
            41.4883
          ],
          [
            13.04886,
            41.48829
          ],
          [
            13.04901,
            41.48828
          ],
          [
            13.04911,
            41.48827
          ],
          [
            13.04925,
            41.48826
          ],
          [
            13.04949,
            41.48825
          ],
          [
            13.04965,
            41.48825
          ],
          [
            13.04978,
            41.48824
          ],
          [
            13.04982,
            41.48824
          ],
          [
            13.05006,
            41.48825
          ],
          [
            13.05029,
            41.48826
          ],
          [
            13.0505,
            41.48827
          ],
          [
            13.05052,
            41.48827
          ],
          [
            13.05074,
            41.48829
          ],
          [
            13.05101,
            41.48832
          ],
          [
            13.05145,
            41.48837
          ],
          [
            13.05146,
            41.48837
          ],
          [
            13.05206,
            41.48845
          ],
          [
            13.05216,
            41.48846
          ],
          [
            13.05224,
            41.48847
          ],
          [
            13.05232,
            41.48848
          ],
          [
            13.05263,
            41.48853
          ],
          [
            13.05284,
            41.48855
          ],
          [
            13.05305,
            41.48858
          ],
          [
            13.05337,
            41.48862
          ],
          [
            13.05366,
            41.48865
          ],
          [
            13.05392,
            41.48867
          ],
          [
            13.05426,
            41.48869
          ],
          [
            13.05454,
            41.48869
          ],
          [
            13.05471,
            41.48868
          ],
          [
            13.05487,
            41.48867
          ],
          [
            13.05508,
            41.48866
          ],
          [
            13.05511,
            41.48866
          ],
          [
            13.05529,
            41.48864
          ],
          [
            13.05547,
            41.48862
          ],
          [
            13.05553,
            41.48861
          ],
          [
            13.05576,
            41.48858
          ],
          [
            13.05577,
            41.48858
          ],
          [
            13.05597,
            41.48854
          ],
          [
            13.056,
            41.48853
          ],
          [
            13.0562,
            41.48849
          ],
          [
            13.05623,
            41.48849
          ],
          [
            13.05645,
            41.48843
          ],
          [
            13.05668,
            41.48836
          ],
          [
            13.0568,
            41.48833
          ],
          [
            13.05688,
            41.48831
          ],
          [
            13.05707,
            41.48824
          ],
          [
            13.0571,
            41.48823
          ],
          [
            13.05712,
            41.48822
          ],
          [
            13.05729,
            41.48816
          ],
          [
            13.05752,
            41.48807
          ],
          [
            13.05755,
            41.48806
          ],
          [
            13.05764,
            41.48802
          ],
          [
            13.05773,
            41.48798
          ],
          [
            13.05815,
            41.4878
          ],
          [
            13.05822,
            41.48776
          ],
          [
            13.05838,
            41.48769
          ],
          [
            13.05856,
            41.48761
          ],
          [
            13.05872,
            41.48754
          ],
          [
            13.05873,
            41.48754
          ],
          [
            13.05877,
            41.48752
          ],
          [
            13.05878,
            41.48752
          ],
          [
            13.05889,
            41.48747
          ],
          [
            13.05918,
            41.48735
          ],
          [
            13.05924,
            41.48732
          ],
          [
            13.05939,
            41.48726
          ],
          [
            13.05941,
            41.48725
          ],
          [
            13.0596,
            41.48717
          ],
          [
            13.05962,
            41.48716
          ],
          [
            13.05976,
            41.4871
          ],
          [
            13.05981,
            41.48708
          ],
          [
            13.06003,
            41.487
          ],
          [
            13.06024,
            41.48692
          ],
          [
            13.06025,
            41.48691
          ],
          [
            13.0603,
            41.48689
          ],
          [
            13.06045,
            41.48683
          ],
          [
            13.06047,
            41.48683
          ],
          [
            13.06067,
            41.48675
          ],
          [
            13.06091,
            41.48666
          ],
          [
            13.06131,
            41.48651
          ],
          [
            13.06149,
            41.48644
          ],
          [
            13.06152,
            41.48643
          ],
          [
            13.06205,
            41.48624
          ],
          [
            13.06217,
            41.4862
          ],
          [
            13.06243,
            41.4861
          ],
          [
            13.06261,
            41.48604
          ],
          [
            13.06294,
            41.48593
          ],
          [
            13.06337,
            41.48579
          ],
          [
            13.06371,
            41.48568
          ],
          [
            13.0638,
            41.48566
          ],
          [
            13.06389,
            41.48563
          ],
          [
            13.06461,
            41.48541
          ],
          [
            13.06559,
            41.48511
          ],
          [
            13.06589,
            41.48502
          ],
          [
            13.06605,
            41.48497
          ],
          [
            13.06612,
            41.48495
          ],
          [
            13.06627,
            41.4849
          ],
          [
            13.06672,
            41.48477
          ],
          [
            13.06711,
            41.48465
          ],
          [
            13.06761,
            41.48451
          ],
          [
            13.06797,
            41.48441
          ],
          [
            13.06829,
            41.48432
          ],
          [
            13.06851,
            41.48426
          ],
          [
            13.06879,
            41.48418
          ],
          [
            13.06964,
            41.48395
          ],
          [
            13.06973,
            41.48392
          ],
          [
            13.06987,
            41.48389
          ],
          [
            13.07008,
            41.48383
          ],
          [
            13.07067,
            41.48368
          ],
          [
            13.07142,
            41.48349
          ],
          [
            13.07174,
            41.48341
          ],
          [
            13.0723,
            41.48327
          ],
          [
            13.07296,
            41.48311
          ],
          [
            13.07343,
            41.483
          ],
          [
            13.07351,
            41.48298
          ],
          [
            13.07374,
            41.48293
          ],
          [
            13.07468,
            41.48271
          ],
          [
            13.07473,
            41.48271
          ],
          [
            13.07484,
            41.48268
          ],
          [
            13.07498,
            41.48265
          ],
          [
            13.07518,
            41.48261
          ],
          [
            13.07536,
            41.48257
          ],
          [
            13.07542,
            41.48256
          ],
          [
            13.07559,
            41.48253
          ],
          [
            13.07592,
            41.48246
          ],
          [
            13.07604,
            41.48243
          ],
          [
            13.07761,
            41.48209
          ],
          [
            13.07791,
            41.48203
          ],
          [
            13.07861,
            41.48188
          ],
          [
            13.0792,
            41.48176
          ],
          [
            13.07924,
            41.48175
          ],
          [
            13.08073,
            41.48142
          ],
          [
            13.08133,
            41.48129
          ],
          [
            13.08258,
            41.48105
          ],
          [
            13.08302,
            41.48097
          ],
          [
            13.08332,
            41.48091
          ],
          [
            13.08335,
            41.4809
          ],
          [
            13.08336,
            41.4809
          ],
          [
            13.08355,
            41.48086
          ],
          [
            13.08422,
            41.48071
          ],
          [
            13.08426,
            41.4807
          ],
          [
            13.08444,
            41.48067
          ],
          [
            13.0847,
            41.48062
          ],
          [
            13.08494,
            41.48057
          ],
          [
            13.08592,
            41.48038
          ],
          [
            13.08621,
            41.48033
          ],
          [
            13.08708,
            41.48018
          ],
          [
            13.08752,
            41.48011
          ],
          [
            13.08777,
            41.48007
          ],
          [
            13.08797,
            41.48003
          ],
          [
            13.08805,
            41.48002
          ],
          [
            13.08867,
            41.47991
          ],
          [
            13.08905,
            41.47984
          ],
          [
            13.08957,
            41.47975
          ],
          [
            13.08969,
            41.47973
          ],
          [
            13.09039,
            41.47959
          ],
          [
            13.09071,
            41.47952
          ],
          [
            13.09113,
            41.47938
          ],
          [
            13.09142,
            41.47928
          ],
          [
            13.09143,
            41.47928
          ],
          [
            13.09157,
            41.47924
          ],
          [
            13.09159,
            41.47923
          ],
          [
            13.0916,
            41.47923
          ],
          [
            13.09172,
            41.47919
          ],
          [
            13.09188,
            41.47914
          ],
          [
            13.09208,
            41.47907
          ],
          [
            13.09224,
            41.47901
          ],
          [
            13.09228,
            41.479
          ],
          [
            13.09249,
            41.47892
          ],
          [
            13.09265,
            41.47886
          ],
          [
            13.09267,
            41.47886
          ],
          [
            13.09293,
            41.47875
          ],
          [
            13.09319,
            41.47865
          ],
          [
            13.0935,
            41.47852
          ],
          [
            13.09375,
            41.47842
          ],
          [
            13.09381,
            41.4784
          ],
          [
            13.09393,
            41.47835
          ],
          [
            13.09404,
            41.4783
          ],
          [
            13.09417,
            41.47824
          ],
          [
            13.09429,
            41.47819
          ],
          [
            13.09445,
            41.47811
          ],
          [
            13.09459,
            41.47803
          ],
          [
            13.09475,
            41.47793
          ],
          [
            13.09483,
            41.47787
          ],
          [
            13.0949,
            41.47783
          ],
          [
            13.09501,
            41.47775
          ],
          [
            13.09519,
            41.47762
          ],
          [
            13.09541,
            41.47746
          ],
          [
            13.09549,
            41.4774
          ],
          [
            13.09561,
            41.47732
          ],
          [
            13.09583,
            41.47716
          ],
          [
            13.09617,
            41.47694
          ],
          [
            13.09632,
            41.47683
          ],
          [
            13.09634,
            41.47682
          ],
          [
            13.09635,
            41.47682
          ],
          [
            13.09635,
            41.47681
          ],
          [
            13.09643,
            41.47677
          ],
          [
            13.09644,
            41.47676
          ],
          [
            13.09656,
            41.47668
          ],
          [
            13.09684,
            41.47649
          ],
          [
            13.09706,
            41.47635
          ],
          [
            13.09708,
            41.47634
          ],
          [
            13.09715,
            41.4763
          ],
          [
            13.09717,
            41.47629
          ],
          [
            13.09718,
            41.47628
          ],
          [
            13.09724,
            41.47626
          ],
          [
            13.09727,
            41.47625
          ],
          [
            13.09727,
            41.47624
          ],
          [
            13.09735,
            41.47621
          ],
          [
            13.09748,
            41.47615
          ],
          [
            13.0975,
            41.47614
          ],
          [
            13.09756,
            41.47611
          ],
          [
            13.09757,
            41.4761
          ],
          [
            13.09761,
            41.47608
          ],
          [
            13.09768,
            41.47603
          ],
          [
            13.09784,
            41.47593
          ],
          [
            13.09801,
            41.47583
          ],
          [
            13.09804,
            41.47581
          ],
          [
            13.09811,
            41.47576
          ],
          [
            13.09812,
            41.47576
          ],
          [
            13.09819,
            41.47571
          ],
          [
            13.09822,
            41.4757
          ],
          [
            13.09829,
            41.47565
          ],
          [
            13.09854,
            41.47549
          ],
          [
            13.09858,
            41.47546
          ],
          [
            13.09894,
            41.47523
          ],
          [
            13.09895,
            41.47523
          ],
          [
            13.09932,
            41.47498
          ],
          [
            13.09957,
            41.47482
          ],
          [
            13.09958,
            41.47482
          ],
          [
            13.09983,
            41.47465
          ],
          [
            13.10031,
            41.47435
          ],
          [
            13.10036,
            41.47432
          ],
          [
            13.1004,
            41.47429
          ],
          [
            13.10042,
            41.47429
          ],
          [
            13.10058,
            41.47418
          ],
          [
            13.10112,
            41.47385
          ],
          [
            13.10135,
            41.47371
          ],
          [
            13.10141,
            41.47368
          ],
          [
            13.10142,
            41.47367
          ],
          [
            13.10156,
            41.47359
          ],
          [
            13.10171,
            41.47351
          ],
          [
            13.10193,
            41.4734
          ],
          [
            13.1021,
            41.47331
          ],
          [
            13.10213,
            41.4733
          ],
          [
            13.10261,
            41.47308
          ],
          [
            13.10285,
            41.47298
          ],
          [
            13.10299,
            41.47292
          ],
          [
            13.1031,
            41.47288
          ],
          [
            13.10317,
            41.47286
          ],
          [
            13.10358,
            41.47272
          ],
          [
            13.10389,
            41.47262
          ],
          [
            13.10403,
            41.47259
          ],
          [
            13.10428,
            41.47253
          ],
          [
            13.1045,
            41.47248
          ],
          [
            13.10475,
            41.47244
          ],
          [
            13.10482,
            41.47243
          ],
          [
            13.10519,
            41.47237
          ],
          [
            13.10551,
            41.47233
          ],
          [
            13.10594,
            41.47229
          ],
          [
            13.10613,
            41.47228
          ],
          [
            13.10673,
            41.47226
          ],
          [
            13.10749,
            41.47229
          ],
          [
            13.10758,
            41.4723
          ],
          [
            13.10796,
            41.47233
          ],
          [
            13.10819,
            41.47235
          ],
          [
            13.1083,
            41.47237
          ],
          [
            13.10856,
            41.47241
          ],
          [
            13.10879,
            41.47245
          ],
          [
            13.10908,
            41.47252
          ],
          [
            13.10922,
            41.47256
          ],
          [
            13.10939,
            41.4726
          ],
          [
            13.10945,
            41.47262
          ],
          [
            13.10972,
            41.47269
          ],
          [
            13.10996,
            41.47276
          ],
          [
            13.11022,
            41.47284
          ],
          [
            13.11047,
            41.47294
          ],
          [
            13.11092,
            41.47312
          ],
          [
            13.11118,
            41.47323
          ],
          [
            13.1112,
            41.47324
          ],
          [
            13.11153,
            41.4734
          ],
          [
            13.11229,
            41.47377
          ],
          [
            13.11234,
            41.47379
          ],
          [
            13.11235,
            41.4738
          ],
          [
            13.11239,
            41.47382
          ],
          [
            13.11278,
            41.47401
          ],
          [
            13.11279,
            41.47402
          ],
          [
            13.113,
            41.47411
          ],
          [
            13.1132,
            41.47421
          ],
          [
            13.11334,
            41.47428
          ],
          [
            13.11337,
            41.47429
          ],
          [
            13.11397,
            41.47458
          ],
          [
            13.11418,
            41.47468
          ],
          [
            13.11435,
            41.47476
          ],
          [
            13.11471,
            41.47493
          ],
          [
            13.11479,
            41.47497
          ],
          [
            13.11484,
            41.47499
          ],
          [
            13.11524,
            41.47518
          ],
          [
            13.11533,
            41.47522
          ],
          [
            13.1154,
            41.47525
          ],
          [
            13.11561,
            41.47534
          ],
          [
            13.11626,
            41.47564
          ],
          [
            13.11676,
            41.47586
          ],
          [
            13.11726,
            41.47608
          ],
          [
            13.1173,
            41.4761
          ],
          [
            13.11739,
            41.47614
          ],
          [
            13.11746,
            41.47617
          ],
          [
            13.1176,
            41.47623
          ],
          [
            13.11765,
            41.47625
          ],
          [
            13.11779,
            41.47632
          ],
          [
            13.1178,
            41.47632
          ],
          [
            13.11796,
            41.4764
          ],
          [
            13.11808,
            41.47645
          ],
          [
            13.1183,
            41.47656
          ],
          [
            13.11853,
            41.47668
          ],
          [
            13.11868,
            41.47676
          ],
          [
            13.11884,
            41.47685
          ],
          [
            13.11914,
            41.47703
          ],
          [
            13.11936,
            41.47718
          ],
          [
            13.11949,
            41.47726
          ],
          [
            13.11963,
            41.47736
          ],
          [
            13.11978,
            41.47747
          ],
          [
            13.11993,
            41.47759
          ],
          [
            13.12003,
            41.47767
          ],
          [
            13.12019,
            41.47781
          ],
          [
            13.12025,
            41.47786
          ],
          [
            13.12028,
            41.47789
          ],
          [
            13.12052,
            41.47811
          ],
          [
            13.12075,
            41.47833
          ],
          [
            13.12096,
            41.47853
          ],
          [
            13.12131,
            41.47888
          ],
          [
            13.12149,
            41.47905
          ],
          [
            13.12157,
            41.47914
          ],
          [
            13.1216,
            41.47917
          ],
          [
            13.12172,
            41.47928
          ],
          [
            13.1219,
            41.47945
          ],
          [
            13.12206,
            41.47959
          ],
          [
            13.12208,
            41.47961
          ],
          [
            13.12225,
            41.47977
          ],
          [
            13.1223,
            41.47981
          ],
          [
            13.12284,
            41.48021
          ],
          [
            13.12323,
            41.48046
          ],
          [
            13.12334,
            41.48053
          ],
          [
            13.12344,
            41.48058
          ],
          [
            13.12353,
            41.48063
          ],
          [
            13.12374,
            41.48074
          ],
          [
            13.12394,
            41.48083
          ],
          [
            13.12434,
            41.48101
          ],
          [
            13.12435,
            41.48101
          ],
          [
            13.12456,
            41.48109
          ],
          [
            13.12477,
            41.48118
          ],
          [
            13.12499,
            41.48126
          ],
          [
            13.12507,
            41.48129
          ],
          [
            13.1252,
            41.48134
          ],
          [
            13.12541,
            41.48142
          ],
          [
            13.12563,
            41.48151
          ],
          [
            13.12584,
            41.48159
          ],
          [
            13.12604,
            41.48166
          ],
          [
            13.12606,
            41.48167
          ],
          [
            13.12627,
            41.48175
          ],
          [
            13.12708,
            41.48204
          ],
          [
            13.12757,
            41.48221
          ],
          [
            13.12798,
            41.48236
          ],
          [
            13.12867,
            41.48261
          ],
          [
            13.1294,
            41.48287
          ],
          [
            13.13022,
            41.48316
          ],
          [
            13.13066,
            41.4833
          ],
          [
            13.13114,
            41.48346
          ],
          [
            13.13159,
            41.48361
          ],
          [
            13.13188,
            41.4837
          ],
          [
            13.13213,
            41.48378
          ],
          [
            13.13244,
            41.48387
          ],
          [
            13.1327,
            41.48394
          ],
          [
            13.13305,
            41.48402
          ],
          [
            13.13311,
            41.48404
          ],
          [
            13.13314,
            41.48405
          ],
          [
            13.13325,
            41.48407
          ],
          [
            13.13336,
            41.4841
          ],
          [
            13.13345,
            41.48412
          ],
          [
            13.13358,
            41.48415
          ],
          [
            13.13377,
            41.48419
          ],
          [
            13.13391,
            41.48422
          ],
          [
            13.13458,
            41.48436
          ],
          [
            13.13499,
            41.48445
          ],
          [
            13.13544,
            41.48453
          ],
          [
            13.13594,
            41.48462
          ],
          [
            13.13621,
            41.48466
          ],
          [
            13.13628,
            41.48467
          ],
          [
            13.13635,
            41.48468
          ],
          [
            13.13636,
            41.48468
          ],
          [
            13.13652,
            41.48471
          ],
          [
            13.1366,
            41.48472
          ],
          [
            13.13709,
            41.48479
          ],
          [
            13.13717,
            41.4848
          ],
          [
            13.13737,
            41.48482
          ],
          [
            13.1374,
            41.48482
          ],
          [
            13.13764,
            41.48485
          ],
          [
            13.13788,
            41.48488
          ],
          [
            13.13812,
            41.4849
          ],
          [
            13.13835,
            41.48493
          ],
          [
            13.13889,
            41.48497
          ],
          [
            13.13919,
            41.48499
          ],
          [
            13.13949,
            41.48501
          ],
          [
            13.1398,
            41.48502
          ],
          [
            13.13992,
            41.48503
          ],
          [
            13.14014,
            41.48504
          ],
          [
            13.14037,
            41.48505
          ],
          [
            13.14043,
            41.48505
          ],
          [
            13.14079,
            41.48506
          ],
          [
            13.14089,
            41.48506
          ],
          [
            13.14098,
            41.48507
          ],
          [
            13.14217,
            41.48507
          ],
          [
            13.14236,
            41.48506
          ],
          [
            13.14262,
            41.48506
          ],
          [
            13.14285,
            41.48505
          ],
          [
            13.14319,
            41.48503
          ],
          [
            13.14365,
            41.48501
          ],
          [
            13.14394,
            41.48499
          ],
          [
            13.14421,
            41.48497
          ],
          [
            13.14452,
            41.48495
          ],
          [
            13.14458,
            41.48494
          ],
          [
            13.1448,
            41.48492
          ],
          [
            13.145,
            41.4849
          ],
          [
            13.14505,
            41.4849
          ],
          [
            13.14523,
            41.48488
          ],
          [
            13.14548,
            41.48486
          ],
          [
            13.14551,
            41.48485
          ],
          [
            13.14575,
            41.48483
          ],
          [
            13.14595,
            41.48481
          ],
          [
            13.14642,
            41.48476
          ],
          [
            13.14654,
            41.48475
          ],
          [
            13.14741,
            41.48464
          ],
          [
            13.14748,
            41.48464
          ],
          [
            13.14795,
            41.48458
          ],
          [
            13.14808,
            41.48457
          ],
          [
            13.14819,
            41.48456
          ],
          [
            13.1485,
            41.48452
          ],
          [
            13.14879,
            41.4845
          ],
          [
            13.1488,
            41.4845
          ],
          [
            13.14883,
            41.48449
          ],
          [
            13.14903,
            41.48447
          ],
          [
            13.14914,
            41.48447
          ],
          [
            13.14942,
            41.48444
          ],
          [
            13.14951,
            41.48444
          ],
          [
            13.14956,
            41.48443
          ],
          [
            13.14969,
            41.48442
          ],
          [
            13.14996,
            41.48441
          ],
          [
            13.15026,
            41.48439
          ],
          [
            13.15049,
            41.48439
          ],
          [
            13.15082,
            41.48438
          ],
          [
            13.15186,
            41.48438
          ],
          [
            13.15211,
            41.48439
          ],
          [
            13.15241,
            41.48441
          ],
          [
            13.15243,
            41.48441
          ],
          [
            13.15267,
            41.48442
          ],
          [
            13.15271,
            41.48442
          ],
          [
            13.15297,
            41.48444
          ],
          [
            13.15322,
            41.48446
          ],
          [
            13.15339,
            41.48448
          ],
          [
            13.15353,
            41.48449
          ],
          [
            13.1537,
            41.4845
          ],
          [
            13.1538,
            41.48452
          ],
          [
            13.15404,
            41.48454
          ],
          [
            13.15434,
            41.48458
          ],
          [
            13.15443,
            41.48459
          ],
          [
            13.15477,
            41.48463
          ],
          [
            13.15481,
            41.48464
          ],
          [
            13.155,
            41.48466
          ],
          [
            13.1553,
            41.4847
          ],
          [
            13.15564,
            41.48475
          ],
          [
            13.156,
            41.4848
          ],
          [
            13.15648,
            41.48487
          ],
          [
            13.15693,
            41.48492
          ],
          [
            13.1572,
            41.48496
          ],
          [
            13.15741,
            41.48498
          ],
          [
            13.15751,
            41.48499
          ],
          [
            13.15784,
            41.48503
          ],
          [
            13.15812,
            41.48505
          ],
          [
            13.15836,
            41.48507
          ],
          [
            13.15859,
            41.48509
          ],
          [
            13.15884,
            41.4851
          ],
          [
            13.1591,
            41.48512
          ],
          [
            13.1593,
            41.48513
          ],
          [
            13.15977,
            41.48514
          ],
          [
            13.16076,
            41.48514
          ],
          [
            13.16124,
            41.48512
          ],
          [
            13.16159,
            41.48511
          ],
          [
            13.16201,
            41.48509
          ],
          [
            13.16245,
            41.48506
          ],
          [
            13.163,
            41.48502
          ],
          [
            13.16356,
            41.48498
          ],
          [
            13.16407,
            41.48494
          ],
          [
            13.16435,
            41.48492
          ],
          [
            13.16539,
            41.48485
          ],
          [
            13.16565,
            41.48484
          ],
          [
            13.16576,
            41.48483
          ],
          [
            13.16579,
            41.48483
          ],
          [
            13.1661,
            41.48482
          ],
          [
            13.16631,
            41.48482
          ],
          [
            13.16633,
            41.48481
          ],
          [
            13.16726,
            41.4848
          ],
          [
            13.16785,
            41.48479
          ],
          [
            13.16832,
            41.48478
          ],
          [
            13.16867,
            41.48478
          ],
          [
            13.169,
            41.48477
          ],
          [
            13.16939,
            41.48477
          ],
          [
            13.16952,
            41.48476
          ],
          [
            13.16988,
            41.48476
          ],
          [
            13.17036,
            41.48475
          ],
          [
            13.17059,
            41.48474
          ],
          [
            13.17088,
            41.48473
          ],
          [
            13.17107,
            41.48473
          ],
          [
            13.17147,
            41.48472
          ],
          [
            13.17203,
            41.4847
          ],
          [
            13.17227,
            41.4847
          ],
          [
            13.17275,
            41.48468
          ],
          [
            13.17299,
            41.48467
          ],
          [
            13.17318,
            41.48467
          ],
          [
            13.17374,
            41.48465
          ],
          [
            13.17378,
            41.48465
          ],
          [
            13.17402,
            41.48464
          ],
          [
            13.17472,
            41.48462
          ],
          [
            13.17522,
            41.4846
          ],
          [
            13.17535,
            41.48459
          ],
          [
            13.17546,
            41.48459
          ],
          [
            13.1757,
            41.48458
          ],
          [
            13.1764,
            41.48456
          ],
          [
            13.17642,
            41.48456
          ],
          [
            13.17664,
            41.48455
          ],
          [
            13.17714,
            41.48454
          ],
          [
            13.18074,
            41.48442
          ],
          [
            13.18207,
            41.48437
          ],
          [
            13.18242,
            41.48436
          ],
          [
            13.18257,
            41.48435
          ],
          [
            13.18322,
            41.48433
          ],
          [
            13.18326,
            41.48432
          ],
          [
            13.18409,
            41.48429
          ],
          [
            13.18417,
            41.48428
          ],
          [
            13.18441,
            41.48427
          ],
          [
            13.185,
            41.48424
          ],
          [
            13.18506,
            41.48424
          ],
          [
            13.1853,
            41.48422
          ],
          [
            13.18543,
            41.48422
          ],
          [
            13.18578,
            41.4842
          ],
          [
            13.18602,
            41.48418
          ],
          [
            13.18633,
            41.48416
          ],
          [
            13.18649,
            41.48415
          ],
          [
            13.18657,
            41.48415
          ],
          [
            13.18736,
            41.4841
          ],
          [
            13.18777,
            41.48407
          ],
          [
            13.18793,
            41.48406
          ],
          [
            13.18802,
            41.48406
          ],
          [
            13.1889,
            41.48399
          ],
          [
            13.18912,
            41.48398
          ],
          [
            13.18915,
            41.48398
          ],
          [
            13.18944,
            41.48396
          ],
          [
            13.1896,
            41.48395
          ],
          [
            13.18973,
            41.48395
          ],
          [
            13.18984,
            41.48394
          ],
          [
            13.19007,
            41.48394
          ],
          [
            13.19022,
            41.48393
          ],
          [
            13.19061,
            41.48393
          ],
          [
            13.19083,
            41.48394
          ],
          [
            13.19111,
            41.48395
          ],
          [
            13.19143,
            41.48396
          ],
          [
            13.1916,
            41.48397
          ],
          [
            13.19177,
            41.48398
          ],
          [
            13.19202,
            41.484
          ],
          [
            13.19239,
            41.48404
          ],
          [
            13.19268,
            41.48407
          ],
          [
            13.19299,
            41.48411
          ],
          [
            13.1931,
            41.48412
          ],
          [
            13.19332,
            41.48415
          ],
          [
            13.19354,
            41.48419
          ],
          [
            13.19394,
            41.48426
          ],
          [
            13.19432,
            41.48434
          ],
          [
            13.19456,
            41.48439
          ],
          [
            13.19481,
            41.48445
          ],
          [
            13.19514,
            41.48453
          ],
          [
            13.19545,
            41.48462
          ],
          [
            13.19578,
            41.48471
          ],
          [
            13.19596,
            41.48476
          ],
          [
            13.19612,
            41.48481
          ],
          [
            13.19645,
            41.48492
          ],
          [
            13.19668,
            41.48501
          ],
          [
            13.19692,
            41.4851
          ],
          [
            13.19717,
            41.48519
          ],
          [
            13.19748,
            41.48532
          ],
          [
            13.1978,
            41.48546
          ],
          [
            13.19809,
            41.48559
          ],
          [
            13.19833,
            41.48571
          ],
          [
            13.19872,
            41.48591
          ],
          [
            13.19895,
            41.48603
          ],
          [
            13.19914,
            41.48614
          ],
          [
            13.19941,
            41.4863
          ],
          [
            13.19953,
            41.48637
          ],
          [
            13.19971,
            41.48649
          ],
          [
            13.19995,
            41.48664
          ],
          [
            13.20013,
            41.48677
          ],
          [
            13.20033,
            41.4869
          ],
          [
            13.20057,
            41.48707
          ],
          [
            13.2006,
            41.4871
          ],
          [
            13.20082,
            41.48726
          ],
          [
            13.20108,
            41.48748
          ],
          [
            13.20109,
            41.48749
          ],
          [
            13.20142,
            41.48777
          ],
          [
            13.20175,
            41.48807
          ],
          [
            13.20188,
            41.4882
          ],
          [
            13.20207,
            41.48839
          ],
          [
            13.20229,
            41.48863
          ],
          [
            13.20254,
            41.48892
          ],
          [
            13.20255,
            41.48892
          ],
          [
            13.20267,
            41.48907
          ],
          [
            13.20271,
            41.48911
          ],
          [
            13.2028,
            41.48923
          ],
          [
            13.20292,
            41.48938
          ],
          [
            13.20303,
            41.48954
          ],
          [
            13.20323,
            41.4898
          ],
          [
            13.20327,
            41.48985
          ],
          [
            13.20337,
            41.49001
          ],
          [
            13.20363,
            41.49039
          ],
          [
            13.20392,
            41.49086
          ],
          [
            13.20426,
            41.49139
          ],
          [
            13.20454,
            41.49181
          ],
          [
            13.20462,
            41.49193
          ],
          [
            13.2047,
            41.49204
          ],
          [
            13.2048,
            41.49218
          ],
          [
            13.20489,
            41.49229
          ],
          [
            13.20496,
            41.49238
          ],
          [
            13.20513,
            41.49258
          ],
          [
            13.20521,
            41.49267
          ],
          [
            13.20537,
            41.49283
          ],
          [
            13.20548,
            41.49294
          ],
          [
            13.20557,
            41.49302
          ],
          [
            13.20565,
            41.49309
          ],
          [
            13.20572,
            41.49315
          ],
          [
            13.20581,
            41.49323
          ],
          [
            13.20589,
            41.49329
          ],
          [
            13.20598,
            41.49336
          ],
          [
            13.2061,
            41.49344
          ],
          [
            13.20621,
            41.49352
          ],
          [
            13.20625,
            41.49355
          ],
          [
            13.20626,
            41.49355
          ],
          [
            13.20637,
            41.49363
          ],
          [
            13.20646,
            41.49368
          ],
          [
            13.20672,
            41.49386
          ],
          [
            13.20679,
            41.4939
          ],
          [
            13.2069,
            41.49396
          ],
          [
            13.20707,
            41.49404
          ],
          [
            13.20715,
            41.49406
          ],
          [
            13.20751,
            41.49422
          ],
          [
            13.20765,
            41.49428
          ],
          [
            13.20779,
            41.49434
          ],
          [
            13.20797,
            41.49441
          ],
          [
            13.20835,
            41.49454
          ],
          [
            13.2085,
            41.4946
          ],
          [
            13.20867,
            41.49465
          ],
          [
            13.20979,
            41.49505
          ],
          [
            13.2104,
            41.49527
          ],
          [
            13.21086,
            41.49544
          ],
          [
            13.21166,
            41.49571
          ],
          [
            13.21207,
            41.49586
          ],
          [
            13.21219,
            41.4959
          ],
          [
            13.21231,
            41.49595
          ],
          [
            13.21247,
            41.49601
          ],
          [
            13.21263,
            41.49608
          ],
          [
            13.21269,
            41.49613
          ],
          [
            13.21284,
            41.4962
          ],
          [
            13.213,
            41.49628
          ],
          [
            13.21317,
            41.49637
          ],
          [
            13.21332,
            41.49645
          ],
          [
            13.21338,
            41.49648
          ],
          [
            13.21397,
            41.49681
          ],
          [
            13.21431,
            41.497
          ],
          [
            13.21505,
            41.49742
          ],
          [
            13.21525,
            41.49753
          ],
          [
            13.21538,
            41.4976
          ],
          [
            13.21552,
            41.49767
          ],
          [
            13.21569,
            41.49776
          ],
          [
            13.21588,
            41.49785
          ],
          [
            13.21607,
            41.49795
          ],
          [
            13.21621,
            41.49801
          ],
          [
            13.21637,
            41.49807
          ],
          [
            13.2165,
            41.49812
          ],
          [
            13.21661,
            41.49816
          ],
          [
            13.21693,
            41.49826
          ],
          [
            13.21711,
            41.49832
          ],
          [
            13.21728,
            41.49837
          ],
          [
            13.21762,
            41.49846
          ],
          [
            13.21779,
            41.49851
          ],
          [
            13.21788,
            41.49854
          ],
          [
            13.21878,
            41.49879
          ],
          [
            13.219,
            41.49885
          ],
          [
            13.21904,
            41.49886
          ],
          [
            13.22014,
            41.49918
          ],
          [
            13.22078,
            41.49936
          ],
          [
            13.22094,
            41.49941
          ],
          [
            13.22108,
            41.49946
          ],
          [
            13.22118,
            41.49949
          ],
          [
            13.2213,
            41.49954
          ],
          [
            13.22145,
            41.49959
          ],
          [
            13.22173,
            41.49971
          ],
          [
            13.22187,
            41.49978
          ],
          [
            13.2219,
            41.49979
          ],
          [
            13.22201,
            41.49984
          ],
          [
            13.22227,
            41.49998
          ],
          [
            13.22241,
            41.50005
          ],
          [
            13.22255,
            41.50014
          ],
          [
            13.22274,
            41.50027
          ],
          [
            13.22285,
            41.50034
          ],
          [
            13.22297,
            41.50044
          ],
          [
            13.22312,
            41.50056
          ],
          [
            13.22313,
            41.50057
          ],
          [
            13.22317,
            41.5006
          ],
          [
            13.22325,
            41.50066
          ],
          [
            13.22349,
            41.50087
          ],
          [
            13.22368,
            41.50105
          ],
          [
            13.22378,
            41.5011
          ],
          [
            13.22382,
            41.50114
          ],
          [
            13.22411,
            41.50141
          ],
          [
            13.22439,
            41.50164
          ],
          [
            13.22459,
            41.50177
          ],
          [
            13.22468,
            41.50177
          ],
          [
            13.2247,
            41.50178
          ],
          [
            13.22471,
            41.50178
          ],
          [
            13.22472,
            41.50179
          ],
          [
            13.22473,
            41.50179
          ],
          [
            13.22474,
            41.5018
          ],
          [
            13.22475,
            41.5018
          ],
          [
            13.22476,
            41.50181
          ],
          [
            13.22477,
            41.50182
          ],
          [
            13.22478,
            41.50183
          ],
          [
            13.22479,
            41.50183
          ],
          [
            13.2248,
            41.50184
          ],
          [
            13.2248,
            41.50185
          ],
          [
            13.22481,
            41.50186
          ],
          [
            13.22481,
            41.50187
          ],
          [
            13.22482,
            41.50188
          ],
          [
            13.22482,
            41.50189
          ],
          [
            13.22482,
            41.50194
          ],
          [
            13.22482,
            41.50195
          ],
          [
            13.22481,
            41.50196
          ],
          [
            13.22481,
            41.50198
          ],
          [
            13.2248,
            41.50199
          ],
          [
            13.22479,
            41.502
          ],
          [
            13.22488,
            41.5021
          ],
          [
            13.22499,
            41.50221
          ],
          [
            13.22503,
            41.50224
          ],
          [
            13.22525,
            41.5024
          ],
          [
            13.22534,
            41.50246
          ],
          [
            13.22543,
            41.50252
          ],
          [
            13.22546,
            41.50259
          ],
          [
            13.22557,
            41.50265
          ],
          [
            13.22564,
            41.50269
          ],
          [
            13.22573,
            41.50274
          ],
          [
            13.22591,
            41.50283
          ],
          [
            13.22602,
            41.50288
          ],
          [
            13.22613,
            41.50292
          ],
          [
            13.22635,
            41.50302
          ],
          [
            13.22647,
            41.50306
          ],
          [
            13.22648,
            41.50306
          ],
          [
            13.22662,
            41.50312
          ],
          [
            13.22669,
            41.50314
          ],
          [
            13.2267,
            41.50314
          ],
          [
            13.22679,
            41.50317
          ],
          [
            13.22695,
            41.50322
          ],
          [
            13.22712,
            41.50327
          ],
          [
            13.22716,
            41.50328
          ],
          [
            13.22729,
            41.50331
          ],
          [
            13.22736,
            41.50333
          ],
          [
            13.22792,
            41.50346
          ],
          [
            13.22965,
            41.50388
          ],
          [
            13.23132,
            41.50427
          ],
          [
            13.23154,
            41.50432
          ],
          [
            13.23176,
            41.50438
          ],
          [
            13.23209,
            41.50445
          ],
          [
            13.23223,
            41.50448
          ],
          [
            13.23233,
            41.5045
          ],
          [
            13.23238,
            41.50451
          ],
          [
            13.23249,
            41.50453
          ],
          [
            13.23261,
            41.50455
          ],
          [
            13.23284,
            41.50459
          ],
          [
            13.23297,
            41.50461
          ],
          [
            13.2331,
            41.50462
          ],
          [
            13.23324,
            41.50463
          ],
          [
            13.23351,
            41.50466
          ],
          [
            13.23372,
            41.50467
          ],
          [
            13.23389,
            41.50468
          ],
          [
            13.23421,
            41.50468
          ],
          [
            13.23458,
            41.50467
          ],
          [
            13.23497,
            41.50466
          ],
          [
            13.23552,
            41.50466
          ],
          [
            13.23569,
            41.50467
          ],
          [
            13.23595,
            41.50468
          ],
          [
            13.23621,
            41.5047
          ],
          [
            13.23632,
            41.50471
          ],
          [
            13.23642,
            41.50472
          ],
          [
            13.2367,
            41.50475
          ],
          [
            13.23709,
            41.5048
          ],
          [
            13.23722,
            41.5048
          ],
          [
            13.23806,
            41.50491
          ],
          [
            13.23832,
            41.50495
          ],
          [
            13.23871,
            41.50501
          ],
          [
            13.23883,
            41.50503
          ],
          [
            13.23958,
            41.50514
          ],
          [
            13.24,
            41.50521
          ],
          [
            13.24031,
            41.50527
          ],
          [
            13.24123,
            41.50543
          ],
          [
            13.24275,
            41.50571
          ],
          [
            13.24287,
            41.50573
          ],
          [
            13.2437,
            41.50588
          ],
          [
            13.24463,
            41.50605
          ],
          [
            13.24478,
            41.50608
          ],
          [
            13.24502,
            41.50612
          ],
          [
            13.24552,
            41.50621
          ],
          [
            13.24572,
            41.50625
          ],
          [
            13.2458,
            41.50626
          ],
          [
            13.24595,
            41.50629
          ],
          [
            13.24603,
            41.5063
          ],
          [
            13.24617,
            41.50633
          ],
          [
            13.24626,
            41.50637
          ],
          [
            13.25162,
            41.50733
          ],
          [
            13.25198,
            41.5074
          ],
          [
            13.25289,
            41.50756
          ],
          [
            13.25428,
            41.50781
          ],
          [
            13.25448,
            41.50785
          ],
          [
            13.25506,
            41.50795
          ],
          [
            13.2559,
            41.5081
          ],
          [
            13.25625,
            41.50817
          ],
          [
            13.25742,
            41.50838
          ],
          [
            13.25747,
            41.50839
          ],
          [
            13.25755,
            41.5084
          ],
          [
            13.25763,
            41.50841
          ],
          [
            13.25779,
            41.50844
          ],
          [
            13.26028,
            41.5089
          ],
          [
            13.26051,
            41.50894
          ],
          [
            13.26168,
            41.50915
          ],
          [
            13.26227,
            41.50926
          ],
          [
            13.26285,
            41.50938
          ],
          [
            13.26307,
            41.50943
          ],
          [
            13.26325,
            41.50948
          ],
          [
            13.26339,
            41.50951
          ],
          [
            13.26359,
            41.50957
          ],
          [
            13.26378,
            41.50962
          ],
          [
            13.26393,
            41.50967
          ],
          [
            13.26411,
            41.50973
          ],
          [
            13.26428,
            41.50979
          ],
          [
            13.26449,
            41.50986
          ],
          [
            13.26468,
            41.50993
          ],
          [
            13.26491,
            41.51002
          ],
          [
            13.26515,
            41.51012
          ],
          [
            13.26545,
            41.51026
          ],
          [
            13.2655,
            41.51028
          ],
          [
            13.26581,
            41.51043
          ],
          [
            13.26597,
            41.51051
          ],
          [
            13.26608,
            41.51057
          ],
          [
            13.26623,
            41.51065
          ],
          [
            13.26642,
            41.51076
          ],
          [
            13.26662,
            41.51089
          ],
          [
            13.26671,
            41.51094
          ],
          [
            13.2668,
            41.51101
          ],
          [
            13.26693,
            41.51109
          ],
          [
            13.2672,
            41.51129
          ],
          [
            13.26749,
            41.51151
          ],
          [
            13.26755,
            41.51155
          ],
          [
            13.2676,
            41.51159
          ],
          [
            13.2677,
            41.51167
          ],
          [
            13.26785,
            41.51179
          ],
          [
            13.26805,
            41.51197
          ],
          [
            13.26826,
            41.51215
          ],
          [
            13.26849,
            41.51239
          ],
          [
            13.26858,
            41.51248
          ],
          [
            13.26894,
            41.51284
          ],
          [
            13.26924,
            41.51315
          ],
          [
            13.26952,
            41.51342
          ],
          [
            13.26974,
            41.51366
          ],
          [
            13.27017,
            41.51409
          ],
          [
            13.27047,
            41.5144
          ],
          [
            13.2706,
            41.51452
          ],
          [
            13.27076,
            41.51469
          ],
          [
            13.27091,
            41.51483
          ],
          [
            13.27125,
            41.51517
          ],
          [
            13.27135,
            41.51527
          ],
          [
            13.27145,
            41.51537
          ],
          [
            13.27153,
            41.51546
          ],
          [
            13.27166,
            41.5156
          ],
          [
            13.27167,
            41.51561
          ],
          [
            13.27174,
            41.5157
          ],
          [
            13.27179,
            41.51576
          ],
          [
            13.27185,
            41.51582
          ],
          [
            13.27191,
            41.51592
          ],
          [
            13.27198,
            41.516
          ],
          [
            13.27203,
            41.51607
          ],
          [
            13.2721,
            41.51619
          ],
          [
            13.27213,
            41.51623
          ],
          [
            13.27222,
            41.51638
          ],
          [
            13.27223,
            41.5164
          ],
          [
            13.27229,
            41.51649
          ],
          [
            13.27233,
            41.51656
          ],
          [
            13.27236,
            41.51663
          ],
          [
            13.27241,
            41.51673
          ],
          [
            13.2725,
            41.5169
          ],
          [
            13.27256,
            41.51705
          ],
          [
            13.27264,
            41.51724
          ],
          [
            13.27273,
            41.51751
          ],
          [
            13.27282,
            41.51785
          ],
          [
            13.27289,
            41.51819
          ],
          [
            13.2729,
            41.5183
          ],
          [
            13.27292,
            41.51846
          ],
          [
            13.27292,
            41.51848
          ],
          [
            13.27295,
            41.51884
          ],
          [
            13.27295,
            41.51886
          ],
          [
            13.27295,
            41.5192
          ],
          [
            13.27293,
            41.51939
          ],
          [
            13.27292,
            41.51956
          ],
          [
            13.2729,
            41.51972
          ],
          [
            13.27284,
            41.52003
          ],
          [
            13.27278,
            41.52027
          ],
          [
            13.27274,
            41.52039
          ],
          [
            13.27269,
            41.52057
          ],
          [
            13.27261,
            41.5208
          ],
          [
            13.27259,
            41.52086
          ],
          [
            13.27254,
            41.52097
          ],
          [
            13.27247,
            41.52114
          ],
          [
            13.27246,
            41.52115
          ],
          [
            13.27238,
            41.52131
          ],
          [
            13.27232,
            41.52144
          ],
          [
            13.27229,
            41.52148
          ],
          [
            13.2722,
            41.52163
          ],
          [
            13.27219,
            41.52164
          ],
          [
            13.27211,
            41.52178
          ],
          [
            13.27209,
            41.5218
          ],
          [
            13.27182,
            41.52216
          ],
          [
            13.27152,
            41.52255
          ],
          [
            13.27108,
            41.52311
          ],
          [
            13.27108,
            41.52312
          ],
          [
            13.27105,
            41.52316
          ],
          [
            13.2706,
            41.52376
          ],
          [
            13.27038,
            41.52404
          ],
          [
            13.26974,
            41.52489
          ],
          [
            13.26951,
            41.52518
          ],
          [
            13.26923,
            41.52555
          ],
          [
            13.26907,
            41.52579
          ],
          [
            13.26893,
            41.52603
          ],
          [
            13.26883,
            41.52622
          ],
          [
            13.26876,
            41.52637
          ],
          [
            13.26868,
            41.52655
          ],
          [
            13.26859,
            41.52681
          ],
          [
            13.26824,
            41.52794
          ],
          [
            13.2681,
            41.52839
          ],
          [
            13.26808,
            41.52847
          ],
          [
            13.26785,
            41.52919
          ],
          [
            13.26771,
            41.52963
          ],
          [
            13.26766,
            41.52981
          ],
          [
            13.26761,
            41.52994
          ],
          [
            13.26762,
            41.52996
          ],
          [
            13.26762,
            41.52997
          ],
          [
            13.26762,
            41.52999
          ],
          [
            13.26762,
            41.53002
          ],
          [
            13.26759,
            41.5301
          ],
          [
            13.26755,
            41.53025
          ],
          [
            13.26754,
            41.53027
          ],
          [
            13.26751,
            41.53036
          ],
          [
            13.2675,
            41.53039
          ],
          [
            13.26749,
            41.53042
          ],
          [
            13.26748,
            41.53045
          ],
          [
            13.26747,
            41.53045
          ],
          [
            13.26746,
            41.53049
          ],
          [
            13.26737,
            41.53074
          ],
          [
            13.26732,
            41.53091
          ],
          [
            13.26724,
            41.53116
          ],
          [
            13.26721,
            41.53128
          ],
          [
            13.26719,
            41.53132
          ],
          [
            13.26719,
            41.53134
          ],
          [
            13.2671,
            41.53164
          ],
          [
            13.26709,
            41.53169
          ],
          [
            13.26708,
            41.53171
          ],
          [
            13.26708,
            41.53173
          ],
          [
            13.26708,
            41.53174
          ],
          [
            13.26707,
            41.53175
          ],
          [
            13.26706,
            41.53179
          ],
          [
            13.267,
            41.53197
          ],
          [
            13.26694,
            41.53214
          ],
          [
            13.26692,
            41.53219
          ],
          [
            13.26689,
            41.53227
          ],
          [
            13.26689,
            41.53229
          ],
          [
            13.26688,
            41.53231
          ],
          [
            13.26687,
            41.53232
          ],
          [
            13.26684,
            41.53235
          ],
          [
            13.26684,
            41.53237
          ],
          [
            13.26682,
            41.53243
          ],
          [
            13.26672,
            41.53274
          ],
          [
            13.26664,
            41.53302
          ],
          [
            13.26662,
            41.53309
          ],
          [
            13.26658,
            41.53326
          ],
          [
            13.26656,
            41.53341
          ],
          [
            13.26654,
            41.53354
          ],
          [
            13.26653,
            41.53359
          ],
          [
            13.26652,
            41.53367
          ],
          [
            13.26652,
            41.53377
          ],
          [
            13.26651,
            41.53389
          ],
          [
            13.2665,
            41.53395
          ],
          [
            13.2665,
            41.53399
          ],
          [
            13.2665,
            41.53413
          ],
          [
            13.26651,
            41.53431
          ],
          [
            13.26652,
            41.5345
          ],
          [
            13.26654,
            41.53462
          ],
          [
            13.26654,
            41.53467
          ],
          [
            13.26657,
            41.53485
          ],
          [
            13.26657,
            41.53486
          ],
          [
            13.26659,
            41.53502
          ],
          [
            13.26659,
            41.53506
          ],
          [
            13.26664,
            41.53539
          ],
          [
            13.26666,
            41.53556
          ],
          [
            13.26668,
            41.53574
          ],
          [
            13.26669,
            41.5358
          ],
          [
            13.26672,
            41.53602
          ],
          [
            13.26672,
            41.53606
          ],
          [
            13.26673,
            41.53614
          ],
          [
            13.26681,
            41.53668
          ],
          [
            13.26681,
            41.53674
          ],
          [
            13.26682,
            41.53678
          ],
          [
            13.26688,
            41.53724
          ],
          [
            13.2669,
            41.53733
          ],
          [
            13.26692,
            41.5375
          ],
          [
            13.26692,
            41.53753
          ],
          [
            13.26698,
            41.53791
          ],
          [
            13.26704,
            41.53839
          ],
          [
            13.26704,
            41.53844
          ],
          [
            13.26705,
            41.53847
          ],
          [
            13.26706,
            41.53854
          ],
          [
            13.2672,
            41.53972
          ],
          [
            13.26723,
            41.5399
          ],
          [
            13.26727,
            41.54011
          ],
          [
            13.26735,
            41.54039
          ],
          [
            13.26743,
            41.54065
          ],
          [
            13.26751,
            41.54086
          ],
          [
            13.26756,
            41.54099
          ],
          [
            13.2676,
            41.54105
          ],
          [
            13.2677,
            41.54127
          ],
          [
            13.26782,
            41.54153
          ],
          [
            13.268,
            41.54189
          ],
          [
            13.26804,
            41.54196
          ],
          [
            13.26834,
            41.54259
          ],
          [
            13.2685,
            41.5429
          ],
          [
            13.26874,
            41.54341
          ],
          [
            13.26876,
            41.54344
          ],
          [
            13.26884,
            41.54359
          ],
          [
            13.26908,
            41.54409
          ],
          [
            13.26919,
            41.54434
          ],
          [
            13.26922,
            41.54443
          ],
          [
            13.26935,
            41.54477
          ],
          [
            13.2694,
            41.54489
          ],
          [
            13.26945,
            41.5451
          ],
          [
            13.26945,
            41.54513
          ],
          [
            13.2695,
            41.54543
          ],
          [
            13.26953,
            41.54563
          ],
          [
            13.26955,
            41.54584
          ],
          [
            13.26956,
            41.54617
          ],
          [
            13.26956,
            41.5465
          ],
          [
            13.26954,
            41.54665
          ],
          [
            13.26956,
            41.54686
          ],
          [
            13.26954,
            41.54699
          ],
          [
            13.26947,
            41.54737
          ],
          [
            13.26946,
            41.54742
          ],
          [
            13.26936,
            41.54777
          ],
          [
            13.26925,
            41.54807
          ],
          [
            13.26921,
            41.54819
          ],
          [
            13.26898,
            41.54873
          ],
          [
            13.26897,
            41.54876
          ],
          [
            13.26874,
            41.54927
          ],
          [
            13.26852,
            41.54977
          ],
          [
            13.26844,
            41.54995
          ],
          [
            13.2682,
            41.55049
          ],
          [
            13.26801,
            41.55097
          ],
          [
            13.26795,
            41.5511
          ],
          [
            13.2678,
            41.55148
          ],
          [
            13.26763,
            41.55188
          ],
          [
            13.26762,
            41.55189
          ],
          [
            13.26735,
            41.55251
          ],
          [
            13.26727,
            41.55268
          ],
          [
            13.26724,
            41.55274
          ],
          [
            13.2672,
            41.55285
          ],
          [
            13.26703,
            41.55318
          ],
          [
            13.26686,
            41.55351
          ],
          [
            13.26685,
            41.55353
          ],
          [
            13.26673,
            41.55388
          ],
          [
            13.26669,
            41.55401
          ],
          [
            13.26667,
            41.55407
          ],
          [
            13.26665,
            41.55415
          ],
          [
            13.26662,
            41.55429
          ],
          [
            13.26642,
            41.55589
          ],
          [
            13.26637,
            41.55627
          ],
          [
            13.26635,
            41.55641
          ],
          [
            13.26633,
            41.55661
          ],
          [
            13.26632,
            41.55664
          ],
          [
            13.26632,
            41.5567
          ],
          [
            13.26631,
            41.55679
          ],
          [
            13.2663,
            41.55688
          ],
          [
            13.26627,
            41.55708
          ],
          [
            13.26626,
            41.55729
          ],
          [
            13.26624,
            41.55744
          ],
          [
            13.26624,
            41.5575
          ],
          [
            13.26623,
            41.55767
          ],
          [
            13.26623,
            41.55787
          ],
          [
            13.26625,
            41.55808
          ],
          [
            13.26625,
            41.55813
          ],
          [
            13.26626,
            41.55822
          ],
          [
            13.26627,
            41.55827
          ],
          [
            13.26632,
            41.55853
          ],
          [
            13.26637,
            41.55876
          ],
          [
            13.26642,
            41.55898
          ],
          [
            13.26657,
            41.55955
          ],
          [
            13.26716,
            41.56176
          ],
          [
            13.2674,
            41.56263
          ],
          [
            13.2675,
            41.56302
          ],
          [
            13.26755,
            41.56322
          ],
          [
            13.26773,
            41.56406
          ],
          [
            13.26774,
            41.56411
          ],
          [
            13.26776,
            41.56429
          ],
          [
            13.26779,
            41.56447
          ],
          [
            13.26779,
            41.56451
          ],
          [
            13.26782,
            41.5649
          ],
          [
            13.26786,
            41.56541
          ],
          [
            13.26787,
            41.56555
          ],
          [
            13.26788,
            41.56573
          ],
          [
            13.26789,
            41.56588
          ],
          [
            13.2679,
            41.56616
          ],
          [
            13.26792,
            41.56644
          ],
          [
            13.26793,
            41.56662
          ],
          [
            13.26796,
            41.56728
          ],
          [
            13.26796,
            41.56734
          ],
          [
            13.26797,
            41.56752
          ],
          [
            13.26801,
            41.56838
          ],
          [
            13.26803,
            41.56852
          ],
          [
            13.26811,
            41.56923
          ],
          [
            13.26826,
            41.57016
          ],
          [
            13.26836,
            41.57063
          ],
          [
            13.26837,
            41.57068
          ],
          [
            13.26838,
            41.57068
          ],
          [
            13.26845,
            41.57095
          ],
          [
            13.2685,
            41.57112
          ],
          [
            13.26851,
            41.57115
          ],
          [
            13.26855,
            41.57128
          ],
          [
            13.26857,
            41.57133
          ],
          [
            13.26871,
            41.57175
          ],
          [
            13.26883,
            41.57209
          ],
          [
            13.26886,
            41.57217
          ],
          [
            13.26906,
            41.57272
          ],
          [
            13.26916,
            41.57299
          ],
          [
            13.26918,
            41.57304
          ],
          [
            13.26928,
            41.5733
          ],
          [
            13.26956,
            41.57406
          ],
          [
            13.26959,
            41.57416
          ],
          [
            13.26997,
            41.57519
          ],
          [
            13.27006,
            41.57542
          ],
          [
            13.27025,
            41.57593
          ],
          [
            13.27036,
            41.57622
          ],
          [
            13.27067,
            41.5768
          ],
          [
            13.27073,
            41.57688
          ],
          [
            13.27086,
            41.57709
          ],
          [
            13.2709,
            41.57715
          ],
          [
            13.271,
            41.57729
          ],
          [
            13.27102,
            41.57731
          ],
          [
            13.27115,
            41.57746
          ],
          [
            13.27128,
            41.57761
          ],
          [
            13.27143,
            41.57777
          ],
          [
            13.27157,
            41.57791
          ],
          [
            13.27166,
            41.578
          ],
          [
            13.27179,
            41.57811
          ],
          [
            13.27188,
            41.57819
          ],
          [
            13.27214,
            41.57836
          ],
          [
            13.27216,
            41.57837
          ],
          [
            13.27275,
            41.57877
          ],
          [
            13.27279,
            41.57879
          ],
          [
            13.27338,
            41.57917
          ],
          [
            13.27339,
            41.57917
          ],
          [
            13.27348,
            41.57922
          ],
          [
            13.27423,
            41.57967
          ],
          [
            13.27436,
            41.57975
          ],
          [
            13.27451,
            41.57983
          ],
          [
            13.27465,
            41.57991
          ],
          [
            13.27469,
            41.57994
          ],
          [
            13.27547,
            41.58042
          ],
          [
            13.2758,
            41.58062
          ],
          [
            13.27649,
            41.58105
          ],
          [
            13.27694,
            41.58133
          ],
          [
            13.27711,
            41.58143
          ],
          [
            13.27744,
            41.58167
          ],
          [
            13.27758,
            41.58178
          ],
          [
            13.27785,
            41.58199
          ],
          [
            13.27809,
            41.5822
          ],
          [
            13.27817,
            41.5823
          ],
          [
            13.27916,
            41.58315
          ],
          [
            13.2795,
            41.58343
          ],
          [
            13.27987,
            41.58375
          ],
          [
            13.28,
            41.58387
          ],
          [
            13.28051,
            41.58427
          ],
          [
            13.28111,
            41.58471
          ],
          [
            13.28129,
            41.58483
          ],
          [
            13.28214,
            41.58542
          ],
          [
            13.2836,
            41.58644
          ],
          [
            13.28362,
            41.58646
          ],
          [
            13.28411,
            41.58685
          ],
          [
            13.28449,
            41.58719
          ],
          [
            13.28472,
            41.58738
          ],
          [
            13.28533,
            41.58791
          ],
          [
            13.28547,
            41.58804
          ],
          [
            13.28555,
            41.58812
          ],
          [
            13.28587,
            41.5884
          ],
          [
            13.28603,
            41.58854
          ],
          [
            13.28634,
            41.58881
          ],
          [
            13.28678,
            41.5892
          ],
          [
            13.28707,
            41.58947
          ],
          [
            13.2874,
            41.58975
          ],
          [
            13.28748,
            41.58979
          ],
          [
            13.28752,
            41.58982
          ],
          [
            13.28761,
            41.5899
          ],
          [
            13.28824,
            41.59046
          ],
          [
            13.28837,
            41.59058
          ],
          [
            13.28847,
            41.59067
          ],
          [
            13.28856,
            41.59075
          ],
          [
            13.28904,
            41.59117
          ],
          [
            13.28908,
            41.5912
          ],
          [
            13.28933,
            41.59142
          ],
          [
            13.28955,
            41.59162
          ],
          [
            13.28983,
            41.59188
          ],
          [
            13.29019,
            41.5922
          ],
          [
            13.29042,
            41.59241
          ],
          [
            13.29056,
            41.59255
          ],
          [
            13.29067,
            41.5927
          ],
          [
            13.29083,
            41.5929
          ],
          [
            13.29091,
            41.59304
          ],
          [
            13.29097,
            41.59316
          ],
          [
            13.29103,
            41.59325
          ],
          [
            13.29114,
            41.59357
          ],
          [
            13.29116,
            41.59364
          ],
          [
            13.29116,
            41.59366
          ],
          [
            13.29117,
            41.59372
          ],
          [
            13.29119,
            41.59378
          ],
          [
            13.29121,
            41.59383
          ],
          [
            13.29125,
            41.59395
          ],
          [
            13.29127,
            41.59398
          ],
          [
            13.29158,
            41.59481
          ],
          [
            13.29186,
            41.59556
          ],
          [
            13.29212,
            41.59626
          ],
          [
            13.2922,
            41.59647
          ],
          [
            13.29233,
            41.59682
          ],
          [
            13.29236,
            41.5969
          ],
          [
            13.29238,
            41.59695
          ],
          [
            13.29239,
            41.59699
          ],
          [
            13.29243,
            41.59711
          ],
          [
            13.29255,
            41.59742
          ],
          [
            13.29264,
            41.59769
          ],
          [
            13.29267,
            41.59777
          ],
          [
            13.29278,
            41.59808
          ],
          [
            13.29302,
            41.59871
          ],
          [
            13.29306,
            41.59881
          ],
          [
            13.29314,
            41.59902
          ],
          [
            13.29319,
            41.59915
          ],
          [
            13.29325,
            41.59932
          ],
          [
            13.29327,
            41.59938
          ],
          [
            13.29329,
            41.59942
          ],
          [
            13.2933,
            41.59945
          ],
          [
            13.29336,
            41.59959
          ],
          [
            13.29344,
            41.59972
          ],
          [
            13.29352,
            41.59984
          ],
          [
            13.29357,
            41.59991
          ],
          [
            13.29367,
            41.60003
          ],
          [
            13.29388,
            41.60023
          ],
          [
            13.29406,
            41.6004
          ],
          [
            13.29418,
            41.60047
          ],
          [
            13.29431,
            41.60056
          ],
          [
            13.29434,
            41.60058
          ],
          [
            13.29436,
            41.60059
          ],
          [
            13.29451,
            41.60066
          ],
          [
            13.2947,
            41.60075
          ],
          [
            13.29494,
            41.60083
          ],
          [
            13.29499,
            41.60085
          ],
          [
            13.29514,
            41.60089
          ],
          [
            13.29516,
            41.60089
          ],
          [
            13.29522,
            41.60091
          ],
          [
            13.29531,
            41.60093
          ],
          [
            13.29539,
            41.60094
          ],
          [
            13.29556,
            41.60097
          ],
          [
            13.29573,
            41.60099
          ],
          [
            13.29592,
            41.60101
          ],
          [
            13.29618,
            41.60102
          ],
          [
            13.29742,
            41.60102
          ],
          [
            13.29774,
            41.60103
          ],
          [
            13.2981,
            41.60103
          ],
          [
            13.29814,
            41.60104
          ],
          [
            13.29818,
            41.60104
          ],
          [
            13.2982,
            41.60105
          ],
          [
            13.29826,
            41.60105
          ],
          [
            13.29847,
            41.60108
          ],
          [
            13.2986,
            41.60111
          ],
          [
            13.29865,
            41.60113
          ],
          [
            13.29877,
            41.60117
          ],
          [
            13.29893,
            41.60124
          ],
          [
            13.29904,
            41.60129
          ],
          [
            13.29915,
            41.60134
          ],
          [
            13.29935,
            41.60145
          ],
          [
            13.29938,
            41.60147
          ],
          [
            13.29948,
            41.60153
          ],
          [
            13.2995,
            41.60156
          ],
          [
            13.29958,
            41.60163
          ],
          [
            13.29974,
            41.60178
          ],
          [
            13.29976,
            41.6018
          ],
          [
            13.29984,
            41.60189
          ],
          [
            13.29989,
            41.60197
          ],
          [
            13.29993,
            41.60203
          ],
          [
            13.29996,
            41.6021
          ],
          [
            13.29998,
            41.60219
          ],
          [
            13.3,
            41.60229
          ],
          [
            13.30003,
            41.60242
          ],
          [
            13.30004,
            41.60246
          ],
          [
            13.30008,
            41.60269
          ],
          [
            13.30009,
            41.60276
          ],
          [
            13.30014,
            41.60322
          ],
          [
            13.30016,
            41.60344
          ],
          [
            13.30017,
            41.60358
          ],
          [
            13.30018,
            41.60365
          ],
          [
            13.30024,
            41.60417
          ],
          [
            13.30027,
            41.6044
          ],
          [
            13.30027,
            41.60442
          ],
          [
            13.3003,
            41.6048
          ],
          [
            13.30033,
            41.60504
          ],
          [
            13.30034,
            41.60509
          ],
          [
            13.30038,
            41.60545
          ],
          [
            13.30045,
            41.60605
          ],
          [
            13.30048,
            41.60631
          ],
          [
            13.3005,
            41.60657
          ],
          [
            13.30052,
            41.60675
          ],
          [
            13.30056,
            41.60729
          ],
          [
            13.30057,
            41.60739
          ],
          [
            13.29994,
            41.60765
          ],
          [
            13.29969,
            41.60776
          ],
          [
            13.29968,
            41.60777
          ],
          [
            13.2996,
            41.60781
          ],
          [
            13.29946,
            41.60789
          ],
          [
            13.29924,
            41.60804
          ],
          [
            13.29904,
            41.60818
          ],
          [
            13.29868,
            41.60844
          ],
          [
            13.29868,
            41.60845
          ],
          [
            13.29828,
            41.60876
          ],
          [
            13.29811,
            41.60889
          ],
          [
            13.29804,
            41.60895
          ],
          [
            13.298,
            41.60898
          ],
          [
            13.29799,
            41.60898
          ],
          [
            13.2975,
            41.60937
          ],
          [
            13.29729,
            41.60954
          ],
          [
            13.29681,
            41.60992
          ],
          [
            13.29662,
            41.61006
          ],
          [
            13.29661,
            41.61007
          ],
          [
            13.29653,
            41.61013
          ],
          [
            13.29633,
            41.61028
          ],
          [
            13.29613,
            41.61048
          ],
          [
            13.29602,
            41.61059
          ],
          [
            13.29597,
            41.61066
          ],
          [
            13.29594,
            41.6107
          ],
          [
            13.29591,
            41.61079
          ],
          [
            13.29591,
            41.61084
          ],
          [
            13.2959,
            41.61087
          ],
          [
            13.29588,
            41.61091
          ],
          [
            13.29586,
            41.61093
          ],
          [
            13.29583,
            41.61095
          ],
          [
            13.29581,
            41.61097
          ],
          [
            13.29579,
            41.61098
          ],
          [
            13.29576,
            41.611
          ],
          [
            13.29573,
            41.61101
          ],
          [
            13.2957,
            41.61101
          ],
          [
            13.29568,
            41.61102
          ],
          [
            13.29557,
            41.61102
          ],
          [
            13.29544,
            41.61104
          ],
          [
            13.29537,
            41.61107
          ],
          [
            13.29533,
            41.61109
          ],
          [
            13.29522,
            41.61118
          ],
          [
            13.29511,
            41.61127
          ],
          [
            13.29507,
            41.6113
          ],
          [
            13.29418,
            41.61201
          ],
          [
            13.29414,
            41.61204
          ],
          [
            13.2916,
            41.61404
          ],
          [
            13.29143,
            41.61417
          ],
          [
            13.2913,
            41.61427
          ],
          [
            13.29101,
            41.6145
          ],
          [
            13.29048,
            41.61493
          ],
          [
            13.28977,
            41.61549
          ],
          [
            13.28934,
            41.61582
          ],
          [
            13.28884,
            41.61621
          ],
          [
            13.28824,
            41.61669
          ],
          [
            13.2878,
            41.61707
          ],
          [
            13.28761,
            41.61721
          ],
          [
            13.28749,
            41.61732
          ],
          [
            13.28736,
            41.61745
          ],
          [
            13.28736,
            41.61751
          ],
          [
            13.28735,
            41.61752
          ],
          [
            13.28735,
            41.61753
          ],
          [
            13.28733,
            41.61755
          ],
          [
            13.28732,
            41.61757
          ],
          [
            13.28731,
            41.61758
          ],
          [
            13.28729,
            41.61759
          ],
          [
            13.28728,
            41.6176
          ],
          [
            13.28727,
            41.61761
          ],
          [
            13.28725,
            41.61762
          ],
          [
            13.28723,
            41.61762
          ],
          [
            13.28722,
            41.61763
          ],
          [
            13.2872,
            41.61763
          ],
          [
            13.28718,
            41.61764
          ],
          [
            13.28712,
            41.61764
          ],
          [
            13.28679,
            41.61786
          ],
          [
            13.28655,
            41.61803
          ],
          [
            13.28654,
            41.61804
          ],
          [
            13.28506,
            41.61918
          ],
          [
            13.28495,
            41.61927
          ],
          [
            13.28486,
            41.61934
          ],
          [
            13.28434,
            41.61976
          ],
          [
            13.28392,
            41.62011
          ],
          [
            13.28343,
            41.6205
          ],
          [
            13.28314,
            41.62073
          ],
          [
            13.28272,
            41.62106
          ],
          [
            13.28238,
            41.62129
          ],
          [
            13.28231,
            41.62134
          ],
          [
            13.28223,
            41.6214
          ],
          [
            13.28215,
            41.62147
          ],
          [
            13.28209,
            41.62152
          ],
          [
            13.28205,
            41.62156
          ],
          [
            13.28203,
            41.62161
          ],
          [
            13.28201,
            41.62168
          ],
          [
            13.28199,
            41.62173
          ],
          [
            13.28199,
            41.62177
          ],
          [
            13.28198,
            41.62178
          ],
          [
            13.28198,
            41.6218
          ],
          [
            13.28197,
            41.62181
          ],
          [
            13.28197,
            41.62182
          ],
          [
            13.28194,
            41.62186
          ],
          [
            13.28191,
            41.62191
          ],
          [
            13.28187,
            41.62194
          ],
          [
            13.28183,
            41.62198
          ],
          [
            13.28182,
            41.62198
          ],
          [
            13.28178,
            41.622
          ],
          [
            13.28172,
            41.62203
          ],
          [
            13.28166,
            41.62205
          ],
          [
            13.2816,
            41.62206
          ],
          [
            13.28158,
            41.62206
          ],
          [
            13.28157,
            41.62207
          ],
          [
            13.28147,
            41.62207
          ],
          [
            13.28145,
            41.62206
          ],
          [
            13.28144,
            41.62207
          ],
          [
            13.28118,
            41.62221
          ],
          [
            13.28117,
            41.62221
          ],
          [
            13.28074,
            41.62253
          ],
          [
            13.28027,
            41.62291
          ],
          [
            13.27963,
            41.62343
          ],
          [
            13.27959,
            41.62346
          ],
          [
            13.27956,
            41.62349
          ],
          [
            13.27952,
            41.62352
          ],
          [
            13.27922,
            41.62376
          ],
          [
            13.27851,
            41.62433
          ],
          [
            13.27772,
            41.62496
          ],
          [
            13.27755,
            41.62509
          ],
          [
            13.27754,
            41.6251
          ],
          [
            13.2775,
            41.62513
          ],
          [
            13.27715,
            41.62541
          ],
          [
            13.27608,
            41.62627
          ],
          [
            13.2757,
            41.62658
          ],
          [
            13.27559,
            41.62667
          ],
          [
            13.27399,
            41.6279
          ],
          [
            13.27338,
            41.62838
          ],
          [
            13.27327,
            41.62846
          ],
          [
            13.27323,
            41.6285
          ],
          [
            13.27318,
            41.62853
          ],
          [
            13.27307,
            41.62862
          ],
          [
            13.27301,
            41.62867
          ],
          [
            13.27279,
            41.62884
          ],
          [
            13.2725,
            41.62907
          ],
          [
            13.27241,
            41.62914
          ],
          [
            13.27212,
            41.6294
          ],
          [
            13.27213,
            41.62941
          ],
          [
            13.27213,
            41.62944
          ],
          [
            13.27214,
            41.62945
          ],
          [
            13.27214,
            41.62947
          ],
          [
            13.27213,
            41.62948
          ],
          [
            13.27213,
            41.6295
          ],
          [
            13.27213,
            41.62951
          ],
          [
            13.27212,
            41.62952
          ],
          [
            13.27211,
            41.62954
          ],
          [
            13.2721,
            41.62955
          ],
          [
            13.27209,
            41.62956
          ],
          [
            13.27208,
            41.62957
          ],
          [
            13.27207,
            41.62959
          ],
          [
            13.27205,
            41.6296
          ],
          [
            13.27204,
            41.62961
          ],
          [
            13.27202,
            41.62961
          ],
          [
            13.27199,
            41.62962
          ],
          [
            13.27197,
            41.62963
          ],
          [
            13.27196,
            41.62964
          ],
          [
            13.27184,
            41.62964
          ],
          [
            13.27112,
            41.63016
          ],
          [
            13.27102,
            41.63024
          ],
          [
            13.27033,
            41.63078
          ],
          [
            13.26971,
            41.63128
          ],
          [
            13.26885,
            41.63195
          ],
          [
            13.26873,
            41.63205
          ],
          [
            13.26833,
            41.63236
          ],
          [
            13.26759,
            41.63293
          ],
          [
            13.26666,
            41.63365
          ],
          [
            13.26642,
            41.63383
          ],
          [
            13.26528,
            41.63475
          ],
          [
            13.26327,
            41.63637
          ],
          [
            13.26259,
            41.6369
          ],
          [
            13.2612,
            41.638
          ],
          [
            13.26111,
            41.63807
          ],
          [
            13.26094,
            41.63821
          ],
          [
            13.26078,
            41.63833
          ],
          [
            13.26012,
            41.63886
          ],
          [
            13.25929,
            41.63949
          ],
          [
            13.25878,
            41.63989
          ],
          [
            13.25842,
            41.64018
          ],
          [
            13.25812,
            41.64042
          ],
          [
            13.25766,
            41.64078
          ],
          [
            13.25712,
            41.64119
          ],
          [
            13.25686,
            41.64139
          ],
          [
            13.25652,
            41.64166
          ],
          [
            13.25618,
            41.64192
          ],
          [
            13.25617,
            41.64193
          ],
          [
            13.25592,
            41.64214
          ],
          [
            13.25588,
            41.64218
          ],
          [
            13.25566,
            41.64235
          ],
          [
            13.25546,
            41.64251
          ],
          [
            13.25534,
            41.64261
          ],
          [
            13.25525,
            41.64267
          ],
          [
            13.25521,
            41.64271
          ],
          [
            13.25509,
            41.6428
          ],
          [
            13.25502,
            41.64286
          ],
          [
            13.25498,
            41.64289
          ],
          [
            13.25496,
            41.64291
          ],
          [
            13.25494,
            41.64293
          ],
          [
            13.25491,
            41.64296
          ],
          [
            13.25489,
            41.64299
          ],
          [
            13.25486,
            41.64302
          ],
          [
            13.25484,
            41.64306
          ],
          [
            13.2548,
            41.64312
          ],
          [
            13.25477,
            41.64318
          ],
          [
            13.25472,
            41.64323
          ],
          [
            13.25473,
            41.64328
          ],
          [
            13.25473,
            41.64336
          ],
          [
            13.25472,
            41.64341
          ],
          [
            13.25471,
            41.64346
          ],
          [
            13.25469,
            41.64351
          ],
          [
            13.25467,
            41.64355
          ],
          [
            13.25465,
            41.6436
          ],
          [
            13.25462,
            41.64364
          ],
          [
            13.25459,
            41.64368
          ],
          [
            13.25455,
            41.64373
          ],
          [
            13.25451,
            41.64376
          ],
          [
            13.25446,
            41.6438
          ],
          [
            13.25441,
            41.64383
          ],
          [
            13.25436,
            41.64386
          ],
          [
            13.25431,
            41.64389
          ],
          [
            13.25425,
            41.64391
          ],
          [
            13.25419,
            41.64393
          ],
          [
            13.25413,
            41.64395
          ],
          [
            13.25407,
            41.64396
          ],
          [
            13.254,
            41.64397
          ],
          [
            13.25394,
            41.64398
          ],
          [
            13.25387,
            41.64399
          ],
          [
            13.25381,
            41.64399
          ],
          [
            13.2538,
            41.64398
          ],
          [
            13.25371,
            41.64404
          ],
          [
            13.25365,
            41.64409
          ],
          [
            13.25362,
            41.64412
          ],
          [
            13.2536,
            41.64416
          ],
          [
            13.25358,
            41.64418
          ],
          [
            13.25357,
            41.64421
          ],
          [
            13.25356,
            41.64425
          ],
          [
            13.25354,
            41.64432
          ],
          [
            13.25356,
            41.6445
          ],
          [
            13.25357,
            41.64455
          ],
          [
            13.25357,
            41.6446
          ],
          [
            13.25365,
            41.64494
          ],
          [
            13.25368,
            41.64502
          ],
          [
            13.25368,
            41.64504
          ],
          [
            13.25372,
            41.64515
          ],
          [
            13.25375,
            41.64526
          ],
          [
            13.25376,
            41.64529
          ],
          [
            13.2538,
            41.6454
          ],
          [
            13.25386,
            41.64558
          ],
          [
            13.2539,
            41.64572
          ],
          [
            13.25393,
            41.64583
          ],
          [
            13.25397,
            41.64596
          ],
          [
            13.25398,
            41.64598
          ],
          [
            13.25402,
            41.64613
          ],
          [
            13.25405,
            41.64624
          ],
          [
            13.25407,
            41.64636
          ],
          [
            13.2541,
            41.6465
          ],
          [
            13.25411,
            41.64666
          ],
          [
            13.25412,
            41.64675
          ],
          [
            13.25412,
            41.64681
          ],
          [
            13.25411,
            41.64691
          ],
          [
            13.2541,
            41.64706
          ],
          [
            13.2541,
            41.64708
          ],
          [
            13.25407,
            41.64715
          ],
          [
            13.25399,
            41.64758
          ],
          [
            13.25396,
            41.64771
          ],
          [
            13.25392,
            41.64791
          ],
          [
            13.25386,
            41.64822
          ],
          [
            13.25388,
            41.64833
          ],
          [
            13.2539,
            41.64839
          ],
          [
            13.25392,
            41.64845
          ],
          [
            13.25394,
            41.64851
          ],
          [
            13.25397,
            41.64855
          ],
          [
            13.25401,
            41.64862
          ],
          [
            13.2541,
            41.64863
          ],
          [
            13.25417,
            41.64865
          ],
          [
            13.25423,
            41.64867
          ],
          [
            13.25429,
            41.6487
          ],
          [
            13.25432,
            41.64873
          ],
          [
            13.25437,
            41.64877
          ],
          [
            13.25441,
            41.64881
          ],
          [
            13.25444,
            41.64885
          ],
          [
            13.25446,
            41.64889
          ],
          [
            13.25448,
            41.64893
          ],
          [
            13.25449,
            41.64898
          ],
          [
            13.2545,
            41.64902
          ],
          [
            13.2545,
            41.64916
          ],
          [
            13.25453,
            41.64921
          ],
          [
            13.25456,
            41.64925
          ],
          [
            13.25459,
            41.64928
          ],
          [
            13.25463,
            41.64933
          ],
          [
            13.25469,
            41.6494
          ],
          [
            13.25476,
            41.6495
          ],
          [
            13.25479,
            41.64954
          ],
          [
            13.25483,
            41.64966
          ],
          [
            13.25486,
            41.64977
          ],
          [
            13.25491,
            41.64996
          ],
          [
            13.25503,
            41.65008
          ],
          [
            13.25505,
            41.65015
          ],
          [
            13.25506,
            41.65019
          ],
          [
            13.25505,
            41.65023
          ],
          [
            13.25505,
            41.65027
          ],
          [
            13.25483,
            41.65034
          ],
          [
            13.25469,
            41.65039
          ],
          [
            13.25375,
            41.65069
          ],
          [
            13.25372,
            41.6507
          ],
          [
            13.25341,
            41.65091
          ],
          [
            13.25341,
            41.65092
          ],
          [
            13.2534,
            41.65094
          ],
          [
            13.25339,
            41.65096
          ],
          [
            13.25338,
            41.65097
          ],
          [
            13.25337,
            41.65099
          ],
          [
            13.25341,
            41.65125
          ],
          [
            13.25358,
            41.65157
          ],
          [
            13.25373,
            41.65179
          ],
          [
            13.25374,
            41.6518
          ],
          [
            13.2539,
            41.65203
          ],
          [
            13.25399,
            41.65213
          ],
          [
            13.25403,
            41.65219
          ],
          [
            13.25419,
            41.65239
          ],
          [
            13.2542,
            41.65244
          ],
          [
            13.25421,
            41.65249
          ],
          [
            13.25422,
            41.65256
          ],
          [
            13.25422,
            41.65263
          ],
          [
            13.25419,
            41.65277
          ],
          [
            13.25415,
            41.65287
          ],
          [
            13.25414,
            41.65299
          ],
          [
            13.25415,
            41.65316
          ],
          [
            13.25413,
            41.65323
          ],
          [
            13.2541,
            41.65328
          ],
          [
            13.25402,
            41.65339
          ],
          [
            13.25404,
            41.65339
          ],
          [
            13.25404,
            41.6534
          ],
          [
            13.25406,
            41.6534
          ],
          [
            13.25406,
            41.65341
          ],
          [
            13.25407,
            41.65341
          ],
          [
            13.25408,
            41.65342
          ],
          [
            13.25409,
            41.65343
          ],
          [
            13.2541,
            41.65344
          ],
          [
            13.2541,
            41.65345
          ],
          [
            13.25411,
            41.65346
          ],
          [
            13.25411,
            41.65347
          ],
          [
            13.25411,
            41.6535
          ],
          [
            13.2541,
            41.65351
          ],
          [
            13.2541,
            41.65352
          ],
          [
            13.25409,
            41.65353
          ],
          [
            13.25409,
            41.65354
          ],
          [
            13.25408,
            41.65354
          ],
          [
            13.25407,
            41.65355
          ],
          [
            13.25406,
            41.65356
          ],
          [
            13.25405,
            41.65356
          ],
          [
            13.25404,
            41.65357
          ],
          [
            13.25402,
            41.65357
          ],
          [
            13.25401,
            41.65358
          ],
          [
            13.25394,
            41.65358
          ],
          [
            13.25394,
            41.65357
          ],
          [
            13.25391,
            41.65357
          ],
          [
            13.25391,
            41.65356
          ],
          [
            13.25389,
            41.65356
          ],
          [
            13.25389,
            41.65355
          ],
          [
            13.25388,
            41.65355
          ],
          [
            13.25388,
            41.65354
          ],
          [
            13.25387,
            41.65354
          ],
          [
            13.25387,
            41.65353
          ],
          [
            13.25386,
            41.65352
          ],
          [
            13.25384,
            41.65357
          ],
          [
            13.25381,
            41.65365
          ],
          [
            13.2538,
            41.6537
          ],
          [
            13.25378,
            41.65375
          ],
          [
            13.25376,
            41.65382
          ],
          [
            13.25375,
            41.65388
          ],
          [
            13.2537,
            41.65406
          ],
          [
            13.25369,
            41.6541
          ],
          [
            13.25369,
            41.65411
          ],
          [
            13.25366,
            41.65428
          ],
          [
            13.25366,
            41.65429
          ],
          [
            13.25365,
            41.65432
          ],
          [
            13.25361,
            41.65457
          ],
          [
            13.25364,
            41.65471
          ],
          [
            13.25364,
            41.65476
          ],
          [
            13.25364,
            41.65483
          ],
          [
            13.25362,
            41.65492
          ],
          [
            13.25339,
            41.65607
          ],
          [
            13.25339,
            41.65622
          ],
          [
            13.2534,
            41.65631
          ],
          [
            13.25341,
            41.65642
          ],
          [
            13.25351,
            41.65677
          ],
          [
            13.25358,
            41.65701
          ],
          [
            13.25363,
            41.65712
          ],
          [
            13.25364,
            41.65717
          ],
          [
            13.25372,
            41.65736
          ],
          [
            13.25375,
            41.65747
          ],
          [
            13.25376,
            41.6575
          ],
          [
            13.25379,
            41.65771
          ],
          [
            13.25379,
            41.65772
          ],
          [
            13.2538,
            41.65807
          ],
          [
            13.2538,
            41.65816
          ],
          [
            13.25379,
            41.65855
          ],
          [
            13.25378,
            41.65861
          ],
          [
            13.25378,
            41.65881
          ],
          [
            13.25377,
            41.65895
          ],
          [
            13.25379,
            41.65914
          ],
          [
            13.25379,
            41.65915
          ],
          [
            13.25376,
            41.65929
          ],
          [
            13.25371,
            41.65952
          ],
          [
            13.25365,
            41.65963
          ],
          [
            13.25363,
            41.65967
          ],
          [
            13.25361,
            41.65971
          ],
          [
            13.25359,
            41.65972
          ],
          [
            13.25357,
            41.65976
          ],
          [
            13.2535,
            41.65984
          ],
          [
            13.25348,
            41.65986
          ],
          [
            13.25347,
            41.65988
          ],
          [
            13.25337,
            41.65996
          ],
          [
            13.25336,
            41.65997
          ],
          [
            13.25333,
            41.65999
          ],
          [
            13.2533,
            41.66001
          ],
          [
            13.25326,
            41.66004
          ],
          [
            13.25317,
            41.66008
          ],
          [
            13.25306,
            41.66011
          ],
          [
            13.2527,
            41.66022
          ],
          [
            13.25177,
            41.66046
          ],
          [
            13.25174,
            41.66047
          ],
          [
            13.25154,
            41.66052
          ],
          [
            13.25152,
            41.66053
          ],
          [
            13.25141,
            41.66056
          ],
          [
            13.25097,
            41.66067
          ],
          [
            13.25092,
            41.66068
          ],
          [
            13.25086,
            41.6607
          ],
          [
            13.25075,
            41.66073
          ],
          [
            13.25015,
            41.66089
          ],
          [
            13.25017,
            41.66098
          ],
          [
            13.25018,
            41.661
          ],
          [
            13.25037,
            41.6615
          ],
          [
            13.25038,
            41.66154
          ],
          [
            13.25039,
            41.66156
          ],
          [
            13.25044,
            41.66165
          ],
          [
            13.25045,
            41.66167
          ],
          [
            13.25052,
            41.66181
          ],
          [
            13.25064,
            41.66195
          ],
          [
            13.25081,
            41.66214
          ],
          [
            13.25094,
            41.66229
          ],
          [
            13.25159,
            41.66297
          ],
          [
            13.25169,
            41.66305
          ],
          [
            13.25187,
            41.66315
          ],
          [
            13.25189,
            41.66316
          ],
          [
            13.25383,
            41.66343
          ],
          [
            13.25388,
            41.66344
          ],
          [
            13.25416,
            41.6635
          ],
          [
            13.25426,
            41.66353
          ],
          [
            13.25432,
            41.66354
          ],
          [
            13.25437,
            41.66359
          ],
          [
            13.25439,
            41.66361
          ],
          [
            13.25441,
            41.66363
          ],
          [
            13.25445,
            41.66367
          ],
          [
            13.25448,
            41.66373
          ],
          [
            13.25456,
            41.66388
          ],
          [
            13.25459,
            41.66396
          ],
          [
            13.25464,
            41.66407
          ],
          [
            13.2547,
            41.66423
          ],
          [
            13.25488,
            41.66482
          ],
          [
            13.25509,
            41.66559
          ],
          [
            13.25512,
            41.66569
          ],
          [
            13.25513,
            41.66591
          ],
          [
            13.25513,
            41.66595
          ],
          [
            13.25511,
            41.66616
          ],
          [
            13.2551,
            41.66634
          ],
          [
            13.25506,
            41.66682
          ],
          [
            13.25505,
            41.66686
          ],
          [
            13.25505,
            41.66691
          ],
          [
            13.25502,
            41.66732
          ],
          [
            13.25501,
            41.66739
          ],
          [
            13.25501,
            41.66748
          ],
          [
            13.255,
            41.6676
          ],
          [
            13.25503,
            41.66786
          ],
          [
            13.25506,
            41.66793
          ],
          [
            13.25509,
            41.66802
          ],
          [
            13.25511,
            41.66807
          ],
          [
            13.25516,
            41.66828
          ],
          [
            13.2552,
            41.66846
          ],
          [
            13.25523,
            41.66859
          ],
          [
            13.25524,
            41.66866
          ],
          [
            13.25531,
            41.66926
          ],
          [
            13.25532,
            41.66935
          ],
          [
            13.25532,
            41.66938
          ],
          [
            13.25534,
            41.6695
          ],
          [
            13.25537,
            41.66967
          ],
          [
            13.25542,
            41.6698
          ],
          [
            13.25548,
            41.66998
          ],
          [
            13.25574,
            41.67069
          ],
          [
            13.25602,
            41.67162
          ],
          [
            13.25602,
            41.67164
          ],
          [
            13.25613,
            41.67213
          ],
          [
            13.25618,
            41.67236
          ],
          [
            13.25623,
            41.67266
          ],
          [
            13.25627,
            41.6729
          ],
          [
            13.2563,
            41.67313
          ],
          [
            13.2563,
            41.67348
          ],
          [
            13.25628,
            41.67353
          ],
          [
            13.25627,
            41.67358
          ],
          [
            13.25624,
            41.67366
          ],
          [
            13.25564,
            41.67409
          ],
          [
            13.25544,
            41.67424
          ],
          [
            13.25538,
            41.67432
          ],
          [
            13.25535,
            41.67439
          ],
          [
            13.25533,
            41.67446
          ],
          [
            13.25532,
            41.67457
          ],
          [
            13.25555,
            41.67489
          ],
          [
            13.2558,
            41.67522
          ],
          [
            13.25583,
            41.67525
          ],
          [
            13.25586,
            41.67529
          ],
          [
            13.25614,
            41.67567
          ],
          [
            13.25619,
            41.67574
          ],
          [
            13.25627,
            41.67588
          ],
          [
            13.25633,
            41.67598
          ],
          [
            13.25643,
            41.67627
          ],
          [
            13.25644,
            41.67635
          ],
          [
            13.25645,
            41.67637
          ],
          [
            13.25646,
            41.67645
          ],
          [
            13.25652,
            41.67676
          ],
          [
            13.25663,
            41.67736
          ],
          [
            13.25674,
            41.678
          ],
          [
            13.25679,
            41.67823
          ],
          [
            13.25692,
            41.67893
          ],
          [
            13.2569,
            41.67902
          ],
          [
            13.25689,
            41.67908
          ],
          [
            13.25685,
            41.67919
          ],
          [
            13.25672,
            41.67948
          ],
          [
            13.25618,
            41.68034
          ],
          [
            13.25616,
            41.68038
          ],
          [
            13.25609,
            41.68055
          ],
          [
            13.25608,
            41.68071
          ],
          [
            13.2561,
            41.68089
          ],
          [
            13.25624,
            41.68149
          ],
          [
            13.25635,
            41.68192
          ],
          [
            13.25636,
            41.68196
          ],
          [
            13.25642,
            41.68218
          ],
          [
            13.25643,
            41.68223
          ],
          [
            13.25653,
            41.6826
          ],
          [
            13.25654,
            41.68264
          ],
          [
            13.25666,
            41.68293
          ],
          [
            13.25668,
            41.68296
          ],
          [
            13.25679,
            41.68323
          ],
          [
            13.25684,
            41.68338
          ],
          [
            13.25686,
            41.68345
          ],
          [
            13.25691,
            41.68366
          ],
          [
            13.2569,
            41.68407
          ],
          [
            13.25684,
            41.68448
          ],
          [
            13.25678,
            41.68464
          ],
          [
            13.25672,
            41.68477
          ],
          [
            13.25665,
            41.68494
          ],
          [
            13.25663,
            41.68498
          ],
          [
            13.25655,
            41.68511
          ],
          [
            13.25647,
            41.68525
          ],
          [
            13.2564,
            41.68539
          ],
          [
            13.25632,
            41.68563
          ],
          [
            13.25628,
            41.68572
          ],
          [
            13.25628,
            41.68573
          ],
          [
            13.25624,
            41.68584
          ],
          [
            13.25621,
            41.68609
          ],
          [
            13.25611,
            41.68644
          ],
          [
            13.25603,
            41.68672
          ],
          [
            13.25593,
            41.68704
          ],
          [
            13.25591,
            41.6871
          ],
          [
            13.2559,
            41.68714
          ],
          [
            13.25585,
            41.68727
          ],
          [
            13.2558,
            41.68741
          ],
          [
            13.25565,
            41.6878
          ],
          [
            13.25561,
            41.68789
          ],
          [
            13.25552,
            41.68812
          ],
          [
            13.25548,
            41.68822
          ],
          [
            13.25546,
            41.6883
          ],
          [
            13.25545,
            41.68839
          ],
          [
            13.25546,
            41.68841
          ],
          [
            13.25546,
            41.68843
          ],
          [
            13.25547,
            41.68847
          ],
          [
            13.25548,
            41.6885
          ],
          [
            13.25551,
            41.68853
          ],
          [
            13.25554,
            41.68856
          ],
          [
            13.25556,
            41.68857
          ],
          [
            13.25557,
            41.68857
          ],
          [
            13.25561,
            41.68858
          ],
          [
            13.25596,
            41.68862
          ],
          [
            13.25606,
            41.68862
          ],
          [
            13.25645,
            41.68865
          ],
          [
            13.25669,
            41.68868
          ],
          [
            13.25673,
            41.68869
          ],
          [
            13.25708,
            41.68883
          ],
          [
            13.25724,
            41.68894
          ],
          [
            13.25745,
            41.68909
          ],
          [
            13.25757,
            41.68919
          ],
          [
            13.25773,
            41.68931
          ],
          [
            13.25776,
            41.68933
          ],
          [
            13.25782,
            41.68939
          ],
          [
            13.25785,
            41.68941
          ],
          [
            13.25786,
            41.68945
          ],
          [
            13.25786,
            41.68948
          ],
          [
            13.25786,
            41.68951
          ],
          [
            13.25783,
            41.68958
          ],
          [
            13.25747,
            41.68936
          ],
          [
            13.25728,
            41.68929
          ],
          [
            13.25712,
            41.68925
          ],
          [
            13.257,
            41.68923
          ],
          [
            13.25646,
            41.68918
          ],
          [
            13.25633,
            41.68917
          ],
          [
            13.25566,
            41.68923
          ],
          [
            13.25562,
            41.68923
          ],
          [
            13.25513,
            41.68927
          ],
          [
            13.25465,
            41.68931
          ],
          [
            13.25459,
            41.68932
          ],
          [
            13.25453,
            41.68932
          ],
          [
            13.25391,
            41.68937
          ],
          [
            13.25373,
            41.68937
          ],
          [
            13.25367,
            41.68938
          ],
          [
            13.2535,
            41.68938
          ],
          [
            13.25347,
            41.68939
          ],
          [
            13.25334,
            41.68943
          ],
          [
            13.25323,
            41.68948
          ],
          [
            13.25321,
            41.6895
          ],
          [
            13.25296,
            41.68966
          ],
          [
            13.25276,
            41.68981
          ],
          [
            13.25262,
            41.68991
          ],
          [
            13.25253,
            41.68997
          ],
          [
            13.25238,
            41.69008
          ],
          [
            13.25231,
            41.69014
          ],
          [
            13.25204,
            41.69034
          ],
          [
            13.2519,
            41.69045
          ],
          [
            13.25182,
            41.69051
          ],
          [
            13.25166,
            41.69064
          ],
          [
            13.25163,
            41.69066
          ],
          [
            13.2515,
            41.69076
          ],
          [
            13.25142,
            41.69082
          ],
          [
            13.25128,
            41.6909
          ],
          [
            13.2512,
            41.69093
          ],
          [
            13.25065,
            41.69117
          ],
          [
            13.2502,
            41.69142
          ],
          [
            13.25013,
            41.69147
          ],
          [
            13.25009,
            41.6915
          ],
          [
            13.25007,
            41.69152
          ],
          [
            13.25007,
            41.69159
          ],
          [
            13.25009,
            41.69166
          ],
          [
            13.25019,
            41.69202
          ],
          [
            13.25021,
            41.69209
          ],
          [
            13.25032,
            41.69228
          ],
          [
            13.25042,
            41.69229
          ],
          [
            13.25051,
            41.6923
          ],
          [
            13.25056,
            41.69232
          ],
          [
            13.25063,
            41.69233
          ],
          [
            13.25082,
            41.69239
          ],
          [
            13.251,
            41.69245
          ],
          [
            13.25107,
            41.6925
          ],
          [
            13.25113,
            41.69254
          ],
          [
            13.25125,
            41.69262
          ],
          [
            13.2514,
            41.69273
          ],
          [
            13.25148,
            41.6928
          ],
          [
            13.25153,
            41.69285
          ],
          [
            13.25155,
            41.69287
          ],
          [
            13.25159,
            41.69292
          ],
          [
            13.25164,
            41.69299
          ],
          [
            13.25167,
            41.69306
          ],
          [
            13.25167,
            41.69312
          ],
          [
            13.25166,
            41.69319
          ],
          [
            13.25164,
            41.69328
          ],
          [
            13.25161,
            41.69335
          ],
          [
            13.25155,
            41.6935
          ],
          [
            13.25154,
            41.69361
          ],
          [
            13.25149,
            41.69378
          ],
          [
            13.25143,
            41.69399
          ],
          [
            13.25143,
            41.694
          ],
          [
            13.25144,
            41.69403
          ],
          [
            13.25144,
            41.69404
          ],
          [
            13.25145,
            41.69406
          ],
          [
            13.25146,
            41.69407
          ],
          [
            13.25151,
            41.69411
          ],
          [
            13.25153,
            41.69412
          ],
          [
            13.25184,
            41.69422
          ],
          [
            13.25191,
            41.69424
          ],
          [
            13.25207,
            41.69429
          ],
          [
            13.25241,
            41.6944
          ],
          [
            13.25275,
            41.69453
          ],
          [
            13.25313,
            41.69467
          ],
          [
            13.25321,
            41.6947
          ],
          [
            13.25326,
            41.69471
          ],
          [
            13.25344,
            41.69473
          ],
          [
            13.25364,
            41.69472
          ],
          [
            13.25426,
            41.69468
          ],
          [
            13.25465,
            41.69467
          ],
          [
            13.2547,
            41.69467
          ],
          [
            13.25489,
            41.69468
          ],
          [
            13.25492,
            41.69468
          ],
          [
            13.25507,
            41.6947
          ],
          [
            13.25512,
            41.69471
          ],
          [
            13.25516,
            41.69472
          ],
          [
            13.25518,
            41.69473
          ],
          [
            13.25533,
            41.69482
          ],
          [
            13.25548,
            41.69496
          ],
          [
            13.25563,
            41.69511
          ],
          [
            13.25586,
            41.69535
          ],
          [
            13.25596,
            41.69544
          ],
          [
            13.25604,
            41.6955
          ],
          [
            13.25614,
            41.69554
          ],
          [
            13.25622,
            41.69556
          ],
          [
            13.25642,
            41.69559
          ],
          [
            13.25678,
            41.69564
          ],
          [
            13.25722,
            41.69568
          ],
          [
            13.25758,
            41.69571
          ],
          [
            13.25772,
            41.6958
          ],
          [
            13.25773,
            41.69581
          ],
          [
            13.25775,
            41.69586
          ],
          [
            13.25777,
            41.6959
          ],
          [
            13.25777,
            41.69595
          ],
          [
            13.25777,
            41.69605
          ],
          [
            13.25775,
            41.69623
          ],
          [
            13.25776,
            41.69637
          ],
          [
            13.25776,
            41.69642
          ],
          [
            13.25775,
            41.6966
          ],
          [
            13.25775,
            41.69672
          ],
          [
            13.25772,
            41.69686
          ],
          [
            13.25772,
            41.6969
          ],
          [
            13.25766,
            41.69729
          ],
          [
            13.25764,
            41.69741
          ],
          [
            13.25763,
            41.69746
          ],
          [
            13.25763,
            41.69747
          ],
          [
            13.2576,
            41.69753
          ],
          [
            13.25755,
            41.69759
          ],
          [
            13.25741,
            41.69771
          ],
          [
            13.25738,
            41.69774
          ],
          [
            13.25722,
            41.69791
          ],
          [
            13.25708,
            41.69806
          ],
          [
            13.25697,
            41.6982
          ],
          [
            13.25678,
            41.69845
          ],
          [
            13.25659,
            41.69875
          ],
          [
            13.25664,
            41.69889
          ],
          [
            13.25666,
            41.69898
          ],
          [
            13.2567,
            41.69911
          ],
          [
            13.25671,
            41.69916
          ],
          [
            13.25672,
            41.6992
          ],
          [
            13.25673,
            41.69923
          ],
          [
            13.25673,
            41.69927
          ],
          [
            13.25673,
            41.69928
          ],
          [
            13.25673,
            41.69934
          ],
          [
            13.25671,
            41.69942
          ],
          [
            13.25671,
            41.69946
          ],
          [
            13.25671,
            41.69953
          ],
          [
            13.25672,
            41.6996
          ],
          [
            13.25674,
            41.69966
          ],
          [
            13.25683,
            41.69991
          ],
          [
            13.25686,
            41.69996
          ],
          [
            13.25687,
            41.69998
          ],
          [
            13.25693,
            41.70009
          ],
          [
            13.25715,
            41.70046
          ],
          [
            13.25736,
            41.70078
          ],
          [
            13.25745,
            41.70102
          ],
          [
            13.25748,
            41.70113
          ],
          [
            13.2575,
            41.70123
          ],
          [
            13.25752,
            41.70131
          ],
          [
            13.25754,
            41.70137
          ],
          [
            13.25758,
            41.70151
          ],
          [
            13.25766,
            41.7017
          ],
          [
            13.25773,
            41.70183
          ],
          [
            13.25776,
            41.7019
          ],
          [
            13.25779,
            41.70195
          ],
          [
            13.25799,
            41.70215
          ],
          [
            13.25814,
            41.70229
          ],
          [
            13.25829,
            41.70239
          ],
          [
            13.25851,
            41.7025
          ],
          [
            13.25854,
            41.70252
          ],
          [
            13.25859,
            41.70253
          ],
          [
            13.25861,
            41.70255
          ],
          [
            13.25867,
            41.70257
          ],
          [
            13.25874,
            41.70258
          ],
          [
            13.25887,
            41.70259
          ],
          [
            13.25896,
            41.7026
          ],
          [
            13.25905,
            41.7026
          ],
          [
            13.25948,
            41.70258
          ],
          [
            13.25983,
            41.70251
          ],
          [
            13.26003,
            41.70247
          ],
          [
            13.26026,
            41.70241
          ],
          [
            13.2604,
            41.70237
          ],
          [
            13.26059,
            41.70232
          ],
          [
            13.26092,
            41.70222
          ],
          [
            13.26097,
            41.70221
          ],
          [
            13.26113,
            41.70216
          ],
          [
            13.26122,
            41.70214
          ],
          [
            13.26138,
            41.70214
          ],
          [
            13.26143,
            41.70215
          ],
          [
            13.26149,
            41.70216
          ],
          [
            13.26154,
            41.70218
          ],
          [
            13.26164,
            41.70224
          ],
          [
            13.26169,
            41.70228
          ],
          [
            13.26176,
            41.70236
          ],
          [
            13.26178,
            41.70237
          ],
          [
            13.26182,
            41.70244
          ],
          [
            13.26201,
            41.70269
          ],
          [
            13.26203,
            41.7027
          ],
          [
            13.26216,
            41.70294
          ],
          [
            13.2623,
            41.70314
          ],
          [
            13.26237,
            41.70322
          ],
          [
            13.26249,
            41.70332
          ],
          [
            13.2625,
            41.70333
          ],
          [
            13.26269,
            41.70351
          ],
          [
            13.2627,
            41.70351
          ],
          [
            13.2629,
            41.70366
          ],
          [
            13.26303,
            41.70374
          ],
          [
            13.26322,
            41.70383
          ],
          [
            13.2633,
            41.70385
          ],
          [
            13.26336,
            41.70385
          ],
          [
            13.26347,
            41.70386
          ],
          [
            13.26351,
            41.70386
          ],
          [
            13.26363,
            41.70387
          ],
          [
            13.26371,
            41.70388
          ],
          [
            13.26376,
            41.70389
          ],
          [
            13.26384,
            41.70391
          ],
          [
            13.26391,
            41.70394
          ],
          [
            13.26419,
            41.70409
          ],
          [
            13.26422,
            41.7041
          ],
          [
            13.26453,
            41.70425
          ],
          [
            13.2646,
            41.70428
          ],
          [
            13.26473,
            41.70433
          ],
          [
            13.26494,
            41.70438
          ],
          [
            13.26496,
            41.70439
          ],
          [
            13.2651,
            41.7044
          ],
          [
            13.26519,
            41.70441
          ],
          [
            13.26528,
            41.70441
          ],
          [
            13.26538,
            41.7044
          ],
          [
            13.26546,
            41.70439
          ],
          [
            13.26595,
            41.70433
          ],
          [
            13.26619,
            41.70428
          ],
          [
            13.26622,
            41.70428
          ],
          [
            13.26631,
            41.70425
          ],
          [
            13.26636,
            41.70423
          ],
          [
            13.26641,
            41.70422
          ],
          [
            13.26644,
            41.7042
          ],
          [
            13.26662,
            41.70413
          ],
          [
            13.26673,
            41.7041
          ],
          [
            13.26683,
            41.70407
          ],
          [
            13.26685,
            41.70407
          ],
          [
            13.26692,
            41.70406
          ],
          [
            13.267,
            41.70406
          ],
          [
            13.26706,
            41.70408
          ],
          [
            13.26708,
            41.70409
          ],
          [
            13.26714,
            41.70411
          ],
          [
            13.26724,
            41.70416
          ],
          [
            13.26728,
            41.70419
          ],
          [
            13.26733,
            41.70423
          ],
          [
            13.26735,
            41.70425
          ],
          [
            13.26737,
            41.70427
          ],
          [
            13.26739,
            41.7043
          ],
          [
            13.2674,
            41.70431
          ],
          [
            13.26742,
            41.70434
          ],
          [
            13.26743,
            41.70438
          ],
          [
            13.26743,
            41.70444
          ],
          [
            13.26744,
            41.70449
          ],
          [
            13.26744,
            41.70451
          ],
          [
            13.26743,
            41.70471
          ],
          [
            13.26737,
            41.70499
          ],
          [
            13.26737,
            41.70514
          ],
          [
            13.26739,
            41.70523
          ],
          [
            13.26742,
            41.7053
          ],
          [
            13.26745,
            41.70534
          ],
          [
            13.26746,
            41.70535
          ],
          [
            13.26752,
            41.70541
          ],
          [
            13.26759,
            41.70545
          ],
          [
            13.26774,
            41.70554
          ],
          [
            13.26787,
            41.70561
          ],
          [
            13.26812,
            41.70559
          ],
          [
            13.26833,
            41.70556
          ],
          [
            13.26848,
            41.70554
          ],
          [
            13.26869,
            41.70554
          ],
          [
            13.26893,
            41.70555
          ],
          [
            13.26915,
            41.70555
          ],
          [
            13.26951,
            41.70557
          ],
          [
            13.26977,
            41.70561
          ],
          [
            13.27005,
            41.70564
          ],
          [
            13.2701,
            41.70565
          ],
          [
            13.27029,
            41.70566
          ],
          [
            13.27032,
            41.70566
          ],
          [
            13.27052,
            41.70565
          ],
          [
            13.27077,
            41.70565
          ],
          [
            13.27112,
            41.7057
          ],
          [
            13.27126,
            41.70572
          ],
          [
            13.27151,
            41.70572
          ],
          [
            13.27159,
            41.70571
          ],
          [
            13.27176,
            41.70568
          ],
          [
            13.27183,
            41.70567
          ],
          [
            13.27192,
            41.70567
          ],
          [
            13.27196,
            41.70568
          ],
          [
            13.27211,
            41.70576
          ],
          [
            13.27236,
            41.7059
          ],
          [
            13.27237,
            41.7059
          ],
          [
            13.27247,
            41.70596
          ],
          [
            13.27253,
            41.70601
          ],
          [
            13.27258,
            41.70604
          ],
          [
            13.27265,
            41.70606
          ],
          [
            13.27274,
            41.70608
          ],
          [
            13.27284,
            41.7061
          ],
          [
            13.27291,
            41.70611
          ],
          [
            13.27298,
            41.70611
          ],
          [
            13.27391,
            41.70606
          ],
          [
            13.27418,
            41.70605
          ],
          [
            13.27427,
            41.70604
          ],
          [
            13.27442,
            41.70605
          ],
          [
            13.27444,
            41.70605
          ],
          [
            13.27454,
            41.70606
          ],
          [
            13.27462,
            41.70608
          ],
          [
            13.27468,
            41.70611
          ],
          [
            13.27474,
            41.70615
          ],
          [
            13.27496,
            41.70634
          ],
          [
            13.27497,
            41.70636
          ],
          [
            13.27511,
            41.70651
          ],
          [
            13.27514,
            41.70654
          ],
          [
            13.27533,
            41.70675
          ],
          [
            13.27557,
            41.70703
          ],
          [
            13.27579,
            41.70725
          ],
          [
            13.27593,
            41.70739
          ],
          [
            13.27609,
            41.70753
          ],
          [
            13.27621,
            41.70765
          ],
          [
            13.27656,
            41.70794
          ],
          [
            13.27672,
            41.70807
          ],
          [
            13.27673,
            41.70808
          ],
          [
            13.27716,
            41.70844
          ],
          [
            13.27745,
            41.70864
          ],
          [
            13.27776,
            41.70882
          ],
          [
            13.27787,
            41.70888
          ],
          [
            13.27795,
            41.70893
          ],
          [
            13.27852,
            41.7093
          ],
          [
            13.27901,
            41.70965
          ],
          [
            13.27917,
            41.70976
          ],
          [
            13.27967,
            41.7101
          ],
          [
            13.27998,
            41.71031
          ],
          [
            13.28015,
            41.71045
          ],
          [
            13.28024,
            41.71053
          ],
          [
            13.28062,
            41.71093
          ],
          [
            13.28077,
            41.71108
          ],
          [
            13.28108,
            41.71143
          ],
          [
            13.28117,
            41.71153
          ],
          [
            13.2813,
            41.71172
          ],
          [
            13.28133,
            41.71176
          ],
          [
            13.28139,
            41.71183
          ],
          [
            13.28153,
            41.71203
          ],
          [
            13.28159,
            41.71212
          ],
          [
            13.28164,
            41.71219
          ],
          [
            13.28187,
            41.71251
          ],
          [
            13.28194,
            41.7126
          ],
          [
            13.28203,
            41.71271
          ],
          [
            13.2821,
            41.71278
          ],
          [
            13.28243,
            41.71313
          ],
          [
            13.28268,
            41.71336
          ],
          [
            13.28291,
            41.71354
          ],
          [
            13.28323,
            41.71377
          ],
          [
            13.28347,
            41.71396
          ],
          [
            13.28382,
            41.71422
          ],
          [
            13.28391,
            41.71428
          ],
          [
            13.28402,
            41.71435
          ],
          [
            13.28427,
            41.71447
          ],
          [
            13.2843,
            41.71449
          ],
          [
            13.28465,
            41.71466
          ],
          [
            13.28481,
            41.71473
          ],
          [
            13.28502,
            41.71485
          ],
          [
            13.28528,
            41.715
          ],
          [
            13.28563,
            41.7152
          ],
          [
            13.28569,
            41.71524
          ],
          [
            13.28598,
            41.71534
          ],
          [
            13.28605,
            41.71537
          ],
          [
            13.28626,
            41.71547
          ],
          [
            13.28629,
            41.71548
          ],
          [
            13.28637,
            41.71554
          ],
          [
            13.28643,
            41.71561
          ],
          [
            13.28645,
            41.71563
          ],
          [
            13.2865,
            41.71573
          ],
          [
            13.28652,
            41.71578
          ],
          [
            13.28666,
            41.71629
          ],
          [
            13.28672,
            41.71652
          ],
          [
            13.28674,
            41.71663
          ],
          [
            13.28675,
            41.71668
          ],
          [
            13.28677,
            41.71679
          ],
          [
            13.28676,
            41.71681
          ],
          [
            13.28675,
            41.71696
          ],
          [
            13.28668,
            41.71714
          ],
          [
            13.28657,
            41.71738
          ],
          [
            13.28648,
            41.71757
          ],
          [
            13.28644,
            41.71767
          ],
          [
            13.28634,
            41.71812
          ],
          [
            13.28627,
            41.71841
          ],
          [
            13.28627,
            41.71871
          ],
          [
            13.28637,
            41.71895
          ],
          [
            13.28656,
            41.71918
          ],
          [
            13.28657,
            41.71918
          ],
          [
            13.28658,
            41.71919
          ],
          [
            13.28673,
            41.71931
          ],
          [
            13.28674,
            41.71932
          ],
          [
            13.28685,
            41.71941
          ],
          [
            13.28705,
            41.71968
          ],
          [
            13.28716,
            41.71995
          ],
          [
            13.28722,
            41.72011
          ],
          [
            13.28722,
            41.72012
          ],
          [
            13.2873,
            41.72034
          ],
          [
            13.28734,
            41.72044
          ],
          [
            13.28737,
            41.7205
          ],
          [
            13.28743,
            41.72056
          ],
          [
            13.28748,
            41.72059
          ],
          [
            13.28754,
            41.72061
          ],
          [
            13.28759,
            41.72062
          ],
          [
            13.28764,
            41.72061
          ],
          [
            13.28768,
            41.7206
          ],
          [
            13.28772,
            41.72059
          ],
          [
            13.28776,
            41.72056
          ],
          [
            13.28779,
            41.72052
          ],
          [
            13.28792,
            41.72033
          ],
          [
            13.28798,
            41.72024
          ],
          [
            13.28807,
            41.72007
          ],
          [
            13.28812,
            41.72
          ],
          [
            13.28817,
            41.71991
          ],
          [
            13.28829,
            41.71972
          ],
          [
            13.28838,
            41.71964
          ],
          [
            13.28841,
            41.71962
          ],
          [
            13.28857,
            41.71956
          ],
          [
            13.28873,
            41.71957
          ],
          [
            13.28883,
            41.71958
          ],
          [
            13.28891,
            41.71959
          ],
          [
            13.28904,
            41.71963
          ],
          [
            13.28918,
            41.71969
          ],
          [
            13.28922,
            41.71971
          ],
          [
            13.28931,
            41.71974
          ],
          [
            13.28933,
            41.71975
          ],
          [
            13.28939,
            41.7198
          ],
          [
            13.28942,
            41.71982
          ],
          [
            13.28946,
            41.71985
          ],
          [
            13.28947,
            41.71987
          ],
          [
            13.28948,
            41.7199
          ],
          [
            13.28949,
            41.71995
          ],
          [
            13.28947,
            41.71999
          ],
          [
            13.28944,
            41.72003
          ],
          [
            13.28941,
            41.72005
          ],
          [
            13.2894,
            41.72006
          ],
          [
            13.28932,
            41.72011
          ],
          [
            13.28929,
            41.72012
          ],
          [
            13.28922,
            41.72017
          ],
          [
            13.28921,
            41.72017
          ],
          [
            13.2891,
            41.72028
          ],
          [
            13.28904,
            41.72039
          ],
          [
            13.28902,
            41.72043
          ],
          [
            13.28899,
            41.72048
          ],
          [
            13.28894,
            41.72056
          ],
          [
            13.28879,
            41.7207
          ],
          [
            13.28859,
            41.72083
          ],
          [
            13.28853,
            41.72088
          ],
          [
            13.28844,
            41.72095
          ],
          [
            13.28841,
            41.72097
          ],
          [
            13.28837,
            41.72102
          ],
          [
            13.28833,
            41.72107
          ],
          [
            13.28831,
            41.7211
          ],
          [
            13.2883,
            41.72111
          ],
          [
            13.28829,
            41.72114
          ],
          [
            13.28829,
            41.72117
          ],
          [
            13.2883,
            41.72118
          ],
          [
            13.2883,
            41.7212
          ],
          [
            13.28831,
            41.72123
          ],
          [
            13.28834,
            41.72125
          ],
          [
            13.28838,
            41.72129
          ],
          [
            13.2884,
            41.7213
          ],
          [
            13.28843,
            41.7213
          ],
          [
            13.28849,
            41.72131
          ],
          [
            13.28856,
            41.72131
          ],
          [
            13.28859,
            41.7213
          ],
          [
            13.28863,
            41.72128
          ],
          [
            13.28868,
            41.72125
          ],
          [
            13.28888,
            41.72117
          ],
          [
            13.28899,
            41.72113
          ],
          [
            13.28909,
            41.72109
          ],
          [
            13.2892,
            41.72105
          ],
          [
            13.28932,
            41.721
          ],
          [
            13.28972,
            41.72088
          ],
          [
            13.28975,
            41.72087
          ],
          [
            13.28987,
            41.72083
          ],
          [
            13.28997,
            41.72079
          ],
          [
            13.29016,
            41.72071
          ],
          [
            13.29029,
            41.72066
          ],
          [
            13.29039,
            41.72061
          ],
          [
            13.29056,
            41.72051
          ],
          [
            13.29082,
            41.72034
          ],
          [
            13.29087,
            41.72031
          ],
          [
            13.29111,
            41.72021
          ],
          [
            13.29128,
            41.72015
          ],
          [
            13.29137,
            41.72014
          ],
          [
            13.29141,
            41.72013
          ],
          [
            13.29144,
            41.72014
          ],
          [
            13.29148,
            41.72014
          ],
          [
            13.29153,
            41.72017
          ],
          [
            13.29157,
            41.7202
          ],
          [
            13.29164,
            41.72031
          ],
          [
            13.29168,
            41.72038
          ],
          [
            13.29171,
            41.72049
          ],
          [
            13.2917,
            41.72059
          ],
          [
            13.29167,
            41.72066
          ],
          [
            13.29162,
            41.72072
          ],
          [
            13.29151,
            41.7208
          ],
          [
            13.29148,
            41.72082
          ],
          [
            13.29135,
            41.72094
          ],
          [
            13.29133,
            41.72095
          ],
          [
            13.29131,
            41.72099
          ],
          [
            13.29128,
            41.72103
          ],
          [
            13.29127,
            41.72109
          ],
          [
            13.2914,
            41.72123
          ],
          [
            13.29153,
            41.72131
          ],
          [
            13.29171,
            41.7214
          ],
          [
            13.29175,
            41.72142
          ],
          [
            13.29195,
            41.72151
          ],
          [
            13.29217,
            41.72161
          ],
          [
            13.29238,
            41.72167
          ],
          [
            13.2925,
            41.72171
          ],
          [
            13.29263,
            41.72175
          ],
          [
            13.29303,
            41.72181
          ],
          [
            13.29338,
            41.72184
          ],
          [
            13.2938,
            41.72191
          ],
          [
            13.29397,
            41.72195
          ],
          [
            13.29413,
            41.72199
          ],
          [
            13.29419,
            41.72202
          ],
          [
            13.29438,
            41.72212
          ],
          [
            13.29439,
            41.72212
          ],
          [
            13.29461,
            41.72233
          ],
          [
            13.29489,
            41.7226
          ],
          [
            13.29504,
            41.72274
          ],
          [
            13.29508,
            41.72278
          ],
          [
            13.2952,
            41.72287
          ],
          [
            13.29526,
            41.72287
          ],
          [
            13.29544,
            41.72288
          ],
          [
            13.29551,
            41.72288
          ],
          [
            13.29586,
            41.72287
          ],
          [
            13.29599,
            41.72286
          ],
          [
            13.29617,
            41.72284
          ],
          [
            13.29623,
            41.72284
          ],
          [
            13.29648,
            41.72282
          ],
          [
            13.29655,
            41.72282
          ],
          [
            13.29662,
            41.72283
          ],
          [
            13.29671,
            41.72286
          ],
          [
            13.29701,
            41.72299
          ],
          [
            13.29734,
            41.72313
          ],
          [
            13.2976,
            41.72322
          ],
          [
            13.2979,
            41.72332
          ],
          [
            13.29796,
            41.72334
          ],
          [
            13.29801,
            41.72336
          ],
          [
            13.29837,
            41.72352
          ],
          [
            13.29841,
            41.72354
          ],
          [
            13.29857,
            41.72363
          ],
          [
            13.29862,
            41.72365
          ],
          [
            13.29866,
            41.72368
          ],
          [
            13.29875,
            41.72375
          ],
          [
            13.29879,
            41.72378
          ],
          [
            13.2989,
            41.72386
          ],
          [
            13.29923,
            41.72415
          ],
          [
            13.29927,
            41.72418
          ],
          [
            13.29933,
            41.72424
          ],
          [
            13.29939,
            41.72428
          ],
          [
            13.29959,
            41.72445
          ],
          [
            13.29971,
            41.72455
          ],
          [
            13.29972,
            41.72456
          ],
          [
            13.29974,
            41.72459
          ],
          [
            13.29984,
            41.72471
          ],
          [
            13.29987,
            41.72475
          ],
          [
            13.30013,
            41.72508
          ],
          [
            13.30041,
            41.72546
          ],
          [
            13.30042,
            41.72547
          ],
          [
            13.30066,
            41.72578
          ],
          [
            13.30073,
            41.72585
          ],
          [
            13.30078,
            41.72589
          ],
          [
            13.3008,
            41.72589
          ],
          [
            13.30085,
            41.72592
          ],
          [
            13.30088,
            41.72593
          ],
          [
            13.3009,
            41.72594
          ],
          [
            13.3011,
            41.72594
          ],
          [
            13.30115,
            41.72593
          ],
          [
            13.30119,
            41.72592
          ],
          [
            13.30123,
            41.72591
          ],
          [
            13.30126,
            41.7259
          ],
          [
            13.30128,
            41.72589
          ],
          [
            13.30141,
            41.72577
          ],
          [
            13.30148,
            41.72569
          ],
          [
            13.30154,
            41.72562
          ],
          [
            13.30167,
            41.72546
          ],
          [
            13.30173,
            41.72539
          ],
          [
            13.30194,
            41.72517
          ],
          [
            13.30214,
            41.72504
          ],
          [
            13.30224,
            41.72499
          ],
          [
            13.30234,
            41.72496
          ],
          [
            13.30244,
            41.72495
          ],
          [
            13.30255,
            41.72494
          ],
          [
            13.30257,
            41.72495
          ],
          [
            13.30269,
            41.72496
          ],
          [
            13.30284,
            41.725
          ],
          [
            13.30302,
            41.72504
          ],
          [
            13.30303,
            41.72505
          ],
          [
            13.30349,
            41.72516
          ],
          [
            13.30371,
            41.72522
          ],
          [
            13.30385,
            41.72526
          ],
          [
            13.30417,
            41.72534
          ],
          [
            13.30434,
            41.72538
          ],
          [
            13.30452,
            41.72543
          ],
          [
            13.3047,
            41.72543
          ],
          [
            13.30476,
            41.72542
          ],
          [
            13.30481,
            41.7254
          ],
          [
            13.30486,
            41.72537
          ],
          [
            13.3049,
            41.72535
          ],
          [
            13.30492,
            41.72533
          ],
          [
            13.30495,
            41.7253
          ],
          [
            13.30499,
            41.72527
          ],
          [
            13.30502,
            41.72522
          ],
          [
            13.30504,
            41.72518
          ],
          [
            13.30508,
            41.72509
          ],
          [
            13.30509,
            41.72504
          ],
          [
            13.30509,
            41.72501
          ],
          [
            13.3051,
            41.72492
          ],
          [
            13.30508,
            41.72478
          ],
          [
            13.30498,
            41.72436
          ],
          [
            13.30497,
            41.72415
          ],
          [
            13.30498,
            41.72409
          ],
          [
            13.30499,
            41.72395
          ],
          [
            13.305,
            41.72385
          ],
          [
            13.30503,
            41.72376
          ],
          [
            13.30504,
            41.72373
          ],
          [
            13.30505,
            41.72371
          ],
          [
            13.30509,
            41.72366
          ],
          [
            13.30516,
            41.72358
          ],
          [
            13.30521,
            41.72354
          ],
          [
            13.30526,
            41.7235
          ],
          [
            13.30533,
            41.72347
          ],
          [
            13.30541,
            41.72345
          ],
          [
            13.30553,
            41.72345
          ],
          [
            13.3056,
            41.72347
          ],
          [
            13.30569,
            41.7235
          ],
          [
            13.30575,
            41.72353
          ],
          [
            13.30577,
            41.72354
          ],
          [
            13.3058,
            41.72356
          ],
          [
            13.30581,
            41.72357
          ],
          [
            13.30584,
            41.72359
          ],
          [
            13.30589,
            41.72363
          ],
          [
            13.30601,
            41.72372
          ],
          [
            13.30613,
            41.72384
          ],
          [
            13.30627,
            41.72398
          ],
          [
            13.30628,
            41.72398
          ],
          [
            13.3064,
            41.7241
          ],
          [
            13.30653,
            41.72418
          ],
          [
            13.3066,
            41.72422
          ],
          [
            13.30662,
            41.72423
          ],
          [
            13.30672,
            41.72428
          ],
          [
            13.30682,
            41.72431
          ],
          [
            13.30683,
            41.72431
          ],
          [
            13.30691,
            41.72433
          ],
          [
            13.307,
            41.72433
          ],
          [
            13.30707,
            41.72432
          ],
          [
            13.30711,
            41.72432
          ],
          [
            13.30719,
            41.7243
          ],
          [
            13.3073,
            41.72427
          ],
          [
            13.30734,
            41.72426
          ],
          [
            13.30746,
            41.7242
          ],
          [
            13.30754,
            41.72415
          ],
          [
            13.30761,
            41.72406
          ],
          [
            13.30773,
            41.72386
          ],
          [
            13.30778,
            41.7238
          ],
          [
            13.30784,
            41.7237
          ],
          [
            13.30798,
            41.72348
          ],
          [
            13.30804,
            41.72338
          ],
          [
            13.30815,
            41.72318
          ],
          [
            13.3082,
            41.72302
          ],
          [
            13.30822,
            41.72294
          ],
          [
            13.30826,
            41.72281
          ],
          [
            13.30831,
            41.72272
          ],
          [
            13.30832,
            41.72269
          ],
          [
            13.30833,
            41.72268
          ],
          [
            13.30842,
            41.72259
          ],
          [
            13.30849,
            41.72254
          ],
          [
            13.30864,
            41.72243
          ],
          [
            13.30873,
            41.72236
          ],
          [
            13.30878,
            41.72231
          ],
          [
            13.30882,
            41.72227
          ],
          [
            13.30888,
            41.7222
          ],
          [
            13.30892,
            41.72213
          ],
          [
            13.309,
            41.72201
          ],
          [
            13.30903,
            41.72198
          ],
          [
            13.30908,
            41.72192
          ],
          [
            13.30913,
            41.72188
          ],
          [
            13.30919,
            41.72184
          ],
          [
            13.3092,
            41.72184
          ],
          [
            13.3094,
            41.72175
          ],
          [
            13.30953,
            41.7217
          ],
          [
            13.30975,
            41.72157
          ],
          [
            13.3098,
            41.72155
          ],
          [
            13.30993,
            41.72147
          ],
          [
            13.30999,
            41.72144
          ],
          [
            13.31001,
            41.72144
          ],
          [
            13.31012,
            41.72142
          ],
          [
            13.3102,
            41.72142
          ],
          [
            13.3103,
            41.72143
          ],
          [
            13.31036,
            41.72145
          ],
          [
            13.31042,
            41.72147
          ],
          [
            13.31048,
            41.72151
          ],
          [
            13.31058,
            41.72161
          ],
          [
            13.31067,
            41.72173
          ],
          [
            13.31073,
            41.72184
          ],
          [
            13.31078,
            41.72197
          ],
          [
            13.31083,
            41.72211
          ],
          [
            13.31083,
            41.72213
          ],
          [
            13.31088,
            41.72231
          ],
          [
            13.31089,
            41.72236
          ],
          [
            13.31099,
            41.72265
          ],
          [
            13.31099,
            41.72266
          ],
          [
            13.31106,
            41.72282
          ],
          [
            13.31106,
            41.72283
          ],
          [
            13.31123,
            41.72315
          ],
          [
            13.31124,
            41.72317
          ],
          [
            13.31134,
            41.72333
          ],
          [
            13.31138,
            41.72341
          ],
          [
            13.31165,
            41.72379
          ],
          [
            13.31189,
            41.72413
          ],
          [
            13.3123,
            41.72457
          ],
          [
            13.31232,
            41.7246
          ],
          [
            13.31242,
            41.72471
          ],
          [
            13.31254,
            41.72481
          ],
          [
            13.31258,
            41.72485
          ],
          [
            13.31269,
            41.7249
          ],
          [
            13.31284,
            41.72495
          ],
          [
            13.31287,
            41.72496
          ],
          [
            13.31297,
            41.72497
          ],
          [
            13.31304,
            41.72497
          ],
          [
            13.31308,
            41.72496
          ],
          [
            13.31311,
            41.72496
          ],
          [
            13.31328,
            41.72493
          ],
          [
            13.31331,
            41.72492
          ],
          [
            13.31344,
            41.72489
          ],
          [
            13.31375,
            41.72484
          ],
          [
            13.31379,
            41.72484
          ],
          [
            13.31405,
            41.72483
          ],
          [
            13.31423,
            41.72483
          ],
          [
            13.31447,
            41.72485
          ],
          [
            13.31464,
            41.72487
          ],
          [
            13.31474,
            41.72488
          ],
          [
            13.31484,
            41.7249
          ],
          [
            13.3152,
            41.72499
          ],
          [
            13.31521,
            41.725
          ],
          [
            13.31537,
            41.72507
          ],
          [
            13.31546,
            41.72511
          ],
          [
            13.31571,
            41.72523
          ],
          [
            13.31578,
            41.72527
          ],
          [
            13.31591,
            41.72533
          ],
          [
            13.31594,
            41.72535
          ],
          [
            13.31598,
            41.72537
          ],
          [
            13.31629,
            41.72554
          ],
          [
            13.31638,
            41.72557
          ],
          [
            13.31657,
            41.72564
          ],
          [
            13.31682,
            41.72573
          ],
          [
            13.31703,
            41.72579
          ],
          [
            13.31716,
            41.72583
          ],
          [
            13.3174,
            41.72591
          ],
          [
            13.31756,
            41.72597
          ],
          [
            13.31784,
            41.72606
          ],
          [
            13.31806,
            41.72613
          ],
          [
            13.31829,
            41.7262
          ],
          [
            13.31909,
            41.72645
          ],
          [
            13.31917,
            41.72648
          ],
          [
            13.31938,
            41.72658
          ],
          [
            13.31955,
            41.72665
          ],
          [
            13.31967,
            41.72672
          ],
          [
            13.31984,
            41.72684
          ],
          [
            13.31993,
            41.72691
          ],
          [
            13.32002,
            41.727
          ],
          [
            13.32008,
            41.72711
          ],
          [
            13.32011,
            41.72717
          ],
          [
            13.32011,
            41.72718
          ],
          [
            13.32019,
            41.72751
          ],
          [
            13.32019,
            41.72752
          ],
          [
            13.32023,
            41.72762
          ],
          [
            13.32027,
            41.72769
          ],
          [
            13.32028,
            41.7277
          ],
          [
            13.32033,
            41.72776
          ],
          [
            13.32043,
            41.72783
          ],
          [
            13.32057,
            41.72788
          ],
          [
            13.32088,
            41.72795
          ],
          [
            13.32095,
            41.72796
          ],
          [
            13.32112,
            41.72798
          ],
          [
            13.32156,
            41.72807
          ],
          [
            13.32161,
            41.72808
          ],
          [
            13.32178,
            41.72813
          ],
          [
            13.32193,
            41.72818
          ],
          [
            13.32205,
            41.72821
          ],
          [
            13.32231,
            41.72831
          ],
          [
            13.3226,
            41.72842
          ],
          [
            13.32282,
            41.72852
          ],
          [
            13.32298,
            41.72861
          ],
          [
            13.32305,
            41.72865
          ],
          [
            13.32311,
            41.72868
          ],
          [
            13.3233,
            41.7288
          ],
          [
            13.32344,
            41.72887
          ],
          [
            13.32355,
            41.72893
          ],
          [
            13.32364,
            41.72895
          ],
          [
            13.32373,
            41.72894
          ],
          [
            13.32379,
            41.72893
          ],
          [
            13.32382,
            41.72891
          ],
          [
            13.32389,
            41.72885
          ],
          [
            13.32395,
            41.7288
          ],
          [
            13.32396,
            41.72879
          ],
          [
            13.32404,
            41.72873
          ],
          [
            13.32407,
            41.72871
          ],
          [
            13.32421,
            41.72864
          ],
          [
            13.32442,
            41.72856
          ],
          [
            13.32445,
            41.72855
          ],
          [
            13.32453,
            41.72853
          ],
          [
            13.32466,
            41.72852
          ],
          [
            13.32488,
            41.72852
          ],
          [
            13.32493,
            41.72853
          ],
          [
            13.32507,
            41.72854
          ],
          [
            13.32533,
            41.72856
          ],
          [
            13.32541,
            41.72857
          ],
          [
            13.32561,
            41.7286
          ],
          [
            13.32565,
            41.7286
          ],
          [
            13.32575,
            41.72862
          ],
          [
            13.32623,
            41.72868
          ],
          [
            13.32652,
            41.72872
          ],
          [
            13.3266,
            41.72872
          ],
          [
            13.32678,
            41.72874
          ],
          [
            13.32703,
            41.72874
          ],
          [
            13.32721,
            41.72875
          ],
          [
            13.32731,
            41.72874
          ],
          [
            13.32751,
            41.7287
          ],
          [
            13.32779,
            41.72863
          ],
          [
            13.32781,
            41.72863
          ],
          [
            13.32803,
            41.72855
          ],
          [
            13.32836,
            41.72843
          ],
          [
            13.3285,
            41.72838
          ],
          [
            13.32862,
            41.72835
          ],
          [
            13.32878,
            41.72833
          ],
          [
            13.32896,
            41.72833
          ],
          [
            13.32916,
            41.72835
          ],
          [
            13.32934,
            41.72837
          ],
          [
            13.32982,
            41.72841
          ],
          [
            13.32986,
            41.72841
          ],
          [
            13.33005,
            41.72846
          ],
          [
            13.3302,
            41.7285
          ],
          [
            13.33028,
            41.72853
          ],
          [
            13.33072,
            41.72865
          ],
          [
            13.33096,
            41.7287
          ],
          [
            13.33104,
            41.72871
          ],
          [
            13.33113,
            41.72873
          ],
          [
            13.33119,
            41.72875
          ],
          [
            13.33142,
            41.7288
          ],
          [
            13.33165,
            41.72884
          ],
          [
            13.33166,
            41.72884
          ],
          [
            13.3318,
            41.72886
          ],
          [
            13.33195,
            41.72887
          ],
          [
            13.33199,
            41.72888
          ],
          [
            13.33209,
            41.72889
          ],
          [
            13.33241,
            41.72893
          ],
          [
            13.33261,
            41.72893
          ],
          [
            13.33267,
            41.72892
          ],
          [
            13.33292,
            41.72892
          ],
          [
            13.33311,
            41.72891
          ],
          [
            13.33357,
            41.72885
          ],
          [
            13.33383,
            41.72883
          ],
          [
            13.33402,
            41.72878
          ],
          [
            13.33441,
            41.72878
          ],
          [
            13.33462,
            41.72879
          ],
          [
            13.33494,
            41.72885
          ],
          [
            13.33523,
            41.72885
          ],
          [
            13.33534,
            41.72884
          ],
          [
            13.33542,
            41.72881
          ],
          [
            13.33548,
            41.72879
          ],
          [
            13.33551,
            41.72877
          ],
          [
            13.33554,
            41.72876
          ],
          [
            13.33567,
            41.72868
          ],
          [
            13.33616,
            41.72826
          ],
          [
            13.3366,
            41.72787
          ],
          [
            13.33662,
            41.72786
          ],
          [
            13.33683,
            41.72767
          ],
          [
            13.33755,
            41.72714
          ],
          [
            13.33781,
            41.72696
          ],
          [
            13.33808,
            41.7268
          ],
          [
            13.33813,
            41.72677
          ],
          [
            13.3384,
            41.72664
          ],
          [
            13.33872,
            41.7265
          ],
          [
            13.33885,
            41.72644
          ],
          [
            13.33893,
            41.72637
          ],
          [
            13.33938,
            41.72596
          ],
          [
            13.33947,
            41.72592
          ],
          [
            13.33998,
            41.72567
          ],
          [
            13.34008,
            41.72563
          ],
          [
            13.34009,
            41.72563
          ],
          [
            13.3403,
            41.72554
          ],
          [
            13.34031,
            41.72554
          ],
          [
            13.34051,
            41.72546
          ],
          [
            13.34067,
            41.7254
          ],
          [
            13.34083,
            41.72535
          ],
          [
            13.34091,
            41.7253
          ],
          [
            13.34093,
            41.72529
          ],
          [
            13.341,
            41.72525
          ],
          [
            13.34102,
            41.72524
          ],
          [
            13.34105,
            41.72523
          ],
          [
            13.34108,
            41.72523
          ],
          [
            13.34109,
            41.72524
          ],
          [
            13.34111,
            41.72524
          ],
          [
            13.34112,
            41.72525
          ],
          [
            13.34113,
            41.72527
          ],
          [
            13.34114,
            41.72528
          ],
          [
            13.34114,
            41.72529
          ],
          [
            13.34113,
            41.7253
          ],
          [
            13.34113,
            41.72531
          ],
          [
            13.34112,
            41.72532
          ],
          [
            13.34106,
            41.72537
          ],
          [
            13.34104,
            41.72539
          ],
          [
            13.34097,
            41.72545
          ],
          [
            13.34082,
            41.72556
          ],
          [
            13.34073,
            41.72563
          ],
          [
            13.34066,
            41.72569
          ],
          [
            13.34065,
            41.72571
          ],
          [
            13.34061,
            41.72578
          ],
          [
            13.34058,
            41.72587
          ],
          [
            13.34056,
            41.72591
          ],
          [
            13.34054,
            41.72596
          ],
          [
            13.34052,
            41.72603
          ],
          [
            13.34052,
            41.72608
          ],
          [
            13.34053,
            41.72622
          ],
          [
            13.34053,
            41.72626
          ],
          [
            13.34055,
            41.72637
          ],
          [
            13.3406,
            41.72665
          ],
          [
            13.3406,
            41.72667
          ],
          [
            13.34067,
            41.7269
          ],
          [
            13.34074,
            41.72711
          ],
          [
            13.34075,
            41.72713
          ],
          [
            13.34086,
            41.72725
          ],
          [
            13.34108,
            41.72744
          ],
          [
            13.34109,
            41.72745
          ],
          [
            13.34119,
            41.72752
          ],
          [
            13.3413,
            41.72757
          ],
          [
            13.3413,
            41.72758
          ],
          [
            13.34136,
            41.72761
          ],
          [
            13.34143,
            41.72764
          ],
          [
            13.34153,
            41.72767
          ],
          [
            13.34161,
            41.72769
          ],
          [
            13.34168,
            41.72771
          ],
          [
            13.34177,
            41.72773
          ],
          [
            13.34193,
            41.72776
          ],
          [
            13.34194,
            41.72771
          ],
          [
            13.34194,
            41.72769
          ],
          [
            13.34194,
            41.72768
          ],
          [
            13.34193,
            41.72766
          ],
          [
            13.34191,
            41.72765
          ],
          [
            13.34186,
            41.72763
          ],
          [
            13.34177,
            41.72759
          ],
          [
            13.34157,
            41.72753
          ],
          [
            13.34155,
            41.72752
          ],
          [
            13.34132,
            41.7274
          ],
          [
            13.34113,
            41.72726
          ],
          [
            13.34105,
            41.72717
          ],
          [
            13.34104,
            41.72715
          ],
          [
            13.341,
            41.72708
          ],
          [
            13.34099,
            41.72707
          ],
          [
            13.34095,
            41.72698
          ],
          [
            13.34095,
            41.72692
          ],
          [
            13.34096,
            41.72685
          ],
          [
            13.341,
            41.7268
          ],
          [
            13.34104,
            41.72677
          ],
          [
            13.34106,
            41.72676
          ],
          [
            13.3411,
            41.72674
          ],
          [
            13.34128,
            41.72671
          ],
          [
            13.34129,
            41.72671
          ],
          [
            13.34165,
            41.72667
          ],
          [
            13.34168,
            41.72667
          ],
          [
            13.34178,
            41.72666
          ],
          [
            13.34202,
            41.72664
          ],
          [
            13.34207,
            41.72663
          ],
          [
            13.34216,
            41.72663
          ],
          [
            13.34221,
            41.72662
          ],
          [
            13.34226,
            41.72661
          ],
          [
            13.34231,
            41.72659
          ],
          [
            13.34234,
            41.72658
          ],
          [
            13.34237,
            41.72655
          ],
          [
            13.34239,
            41.72653
          ],
          [
            13.34239,
            41.72652
          ],
          [
            13.3424,
            41.7265
          ],
          [
            13.3424,
            41.72642
          ],
          [
            13.34241,
            41.72638
          ],
          [
            13.34241,
            41.72637
          ],
          [
            13.34242,
            41.72637
          ],
          [
            13.34242,
            41.72636
          ],
          [
            13.34245,
            41.72634
          ],
          [
            13.34247,
            41.72631
          ],
          [
            13.34248,
            41.72629
          ],
          [
            13.34248,
            41.72628
          ],
          [
            13.34249,
            41.72627
          ],
          [
            13.34249,
            41.72621
          ],
          [
            13.34249,
            41.72611
          ],
          [
            13.34248,
            41.72609
          ],
          [
            13.34248,
            41.72608
          ],
          [
            13.34247,
            41.72608
          ],
          [
            13.34246,
            41.72607
          ],
          [
            13.34243,
            41.72607
          ],
          [
            13.34239,
            41.72606
          ],
          [
            13.34233,
            41.72606
          ],
          [
            13.34228,
            41.72605
          ],
          [
            13.34222,
            41.72605
          ],
          [
            13.34219,
            41.72604
          ],
          [
            13.34217,
            41.72603
          ],
          [
            13.34208,
            41.72598
          ],
          [
            13.34208,
            41.72594
          ],
          [
            13.34209,
            41.72592
          ],
          [
            13.34212,
            41.72585
          ],
          [
            13.34215,
            41.72577
          ],
          [
            13.34216,
            41.72573
          ],
          [
            13.34222,
            41.72561
          ],
          [
            13.34222,
            41.72559
          ],
          [
            13.34223,
            41.72558
          ],
          [
            13.34223,
            41.72556
          ],
          [
            13.34223,
            41.72555
          ],
          [
            13.34224,
            41.72554
          ],
          [
            13.34226,
            41.72553
          ],
          [
            13.34212,
            41.72548
          ],
          [
            13.3419,
            41.72539
          ],
          [
            13.34169,
            41.72531
          ],
          [
            13.34152,
            41.72525
          ],
          [
            13.34143,
            41.72521
          ],
          [
            13.3414,
            41.7252
          ],
          [
            13.34134,
            41.72518
          ],
          [
            13.34131,
            41.72518
          ],
          [
            13.34113,
            41.72527
          ],
          [
            13.34112,
            41.72525
          ],
          [
            13.34111,
            41.72524
          ],
          [
            13.34109,
            41.72524
          ],
          [
            13.34108,
            41.72523
          ],
          [
            13.34105,
            41.72523
          ],
          [
            13.34102,
            41.72524
          ],
          [
            13.341,
            41.72525
          ],
          [
            13.34093,
            41.72529
          ],
          [
            13.34091,
            41.7253
          ],
          [
            13.34083,
            41.72535
          ],
          [
            13.34067,
            41.7254
          ],
          [
            13.34051,
            41.72546
          ],
          [
            13.34031,
            41.72554
          ],
          [
            13.3403,
            41.72554
          ],
          [
            13.34009,
            41.72563
          ],
          [
            13.34008,
            41.72563
          ],
          [
            13.33998,
            41.72567
          ],
          [
            13.33947,
            41.72592
          ],
          [
            13.33938,
            41.72596
          ],
          [
            13.33893,
            41.72637
          ],
          [
            13.33885,
            41.72644
          ],
          [
            13.33871,
            41.72659
          ],
          [
            13.33867,
            41.72663
          ],
          [
            13.33859,
            41.72672
          ],
          [
            13.33851,
            41.72683
          ],
          [
            13.33844,
            41.72694
          ],
          [
            13.33836,
            41.72701
          ],
          [
            13.33827,
            41.72709
          ],
          [
            13.33821,
            41.72713
          ],
          [
            13.33819,
            41.72714
          ],
          [
            13.33815,
            41.72716
          ],
          [
            13.33809,
            41.72717
          ],
          [
            13.33796,
            41.72717
          ],
          [
            13.33791,
            41.72713
          ],
          [
            13.33785,
            41.72705
          ],
          [
            13.33781,
            41.72696
          ],
          [
            13.33808,
            41.7268
          ],
          [
            13.33813,
            41.72677
          ],
          [
            13.3384,
            41.72664
          ],
          [
            13.33829,
            41.72646
          ],
          [
            13.3382,
            41.72632
          ],
          [
            13.33814,
            41.7262
          ],
          [
            13.33811,
            41.72612
          ],
          [
            13.3381,
            41.72604
          ],
          [
            13.33812,
            41.72584
          ],
          [
            13.33814,
            41.72577
          ],
          [
            13.33819,
            41.72561
          ],
          [
            13.33822,
            41.72554
          ],
          [
            13.33842,
            41.72508
          ],
          [
            13.33843,
            41.72505
          ],
          [
            13.33859,
            41.7247
          ],
          [
            13.33874,
            41.72436
          ],
          [
            13.33882,
            41.72419
          ],
          [
            13.33887,
            41.72411
          ],
          [
            13.33891,
            41.72403
          ],
          [
            13.33893,
            41.72399
          ],
          [
            13.33895,
            41.72394
          ],
          [
            13.33906,
            41.72368
          ],
          [
            13.33909,
            41.7236
          ],
          [
            13.33913,
            41.72351
          ],
          [
            13.33917,
            41.72342
          ],
          [
            13.33918,
            41.72339
          ],
          [
            13.33918,
            41.72325
          ],
          [
            13.33919,
            41.72316
          ],
          [
            13.33919,
            41.72313
          ],
          [
            13.33915,
            41.72301
          ],
          [
            13.33905,
            41.72281
          ],
          [
            13.339,
            41.72276
          ],
          [
            13.33883,
            41.72261
          ],
          [
            13.33868,
            41.72252
          ],
          [
            13.33843,
            41.72241
          ],
          [
            13.33842,
            41.72241
          ],
          [
            13.33839,
            41.7224
          ],
          [
            13.33833,
            41.72238
          ],
          [
            13.33828,
            41.72237
          ],
          [
            13.33817,
            41.72234
          ],
          [
            13.33796,
            41.72232
          ],
          [
            13.33778,
            41.7223
          ],
          [
            13.33717,
            41.72234
          ],
          [
            13.33676,
            41.72237
          ],
          [
            13.3367,
            41.7224
          ],
          [
            13.33666,
            41.7224
          ],
          [
            13.3363,
            41.72243
          ],
          [
            13.33595,
            41.72247
          ],
          [
            13.33582,
            41.72248
          ],
          [
            13.33547,
            41.72252
          ],
          [
            13.33502,
            41.72256
          ],
          [
            13.33489,
            41.72257
          ],
          [
            13.33463,
            41.7226
          ],
          [
            13.33442,
            41.72263
          ],
          [
            13.33418,
            41.72265
          ],
          [
            13.33412,
            41.72264
          ],
          [
            13.33408,
            41.72264
          ],
          [
            13.3339,
            41.72267
          ],
          [
            13.33369,
            41.72268
          ],
          [
            13.33366,
            41.72267
          ],
          [
            13.33363,
            41.72267
          ],
          [
            13.33338,
            41.72263
          ],
          [
            13.33296,
            41.72254
          ],
          [
            13.33293,
            41.72253
          ],
          [
            13.3326,
            41.72245
          ],
          [
            13.33247,
            41.72242
          ],
          [
            13.33219,
            41.72229
          ],
          [
            13.33211,
            41.72222
          ],
          [
            13.33209,
            41.72221
          ],
          [
            13.33202,
            41.72214
          ],
          [
            13.33193,
            41.72201
          ],
          [
            13.33191,
            41.72194
          ],
          [
            13.33192,
            41.72184
          ],
          [
            13.33196,
            41.72173
          ],
          [
            13.33205,
            41.72162
          ],
          [
            13.3321,
            41.72158
          ],
          [
            13.33212,
            41.72157
          ],
          [
            13.33215,
            41.72154
          ],
          [
            13.33238,
            41.72145
          ],
          [
            13.33288,
            41.72134
          ],
          [
            13.33299,
            41.72133
          ],
          [
            13.33333,
            41.72128
          ],
          [
            13.33363,
            41.72124
          ],
          [
            13.33393,
            41.7212
          ],
          [
            13.33412,
            41.72118
          ],
          [
            13.33532,
            41.72104
          ],
          [
            13.33543,
            41.72102
          ],
          [
            13.33586,
            41.72097
          ],
          [
            13.33602,
            41.72094
          ],
          [
            13.33626,
            41.72091
          ],
          [
            13.3364,
            41.7209
          ],
          [
            13.33671,
            41.72086
          ],
          [
            13.33755,
            41.72071
          ],
          [
            13.33806,
            41.72058
          ],
          [
            13.3383,
            41.72053
          ],
          [
            13.33878,
            41.72042
          ],
          [
            13.33905,
            41.72038
          ],
          [
            13.33932,
            41.72037
          ],
          [
            13.33965,
            41.7204
          ],
          [
            13.33998,
            41.72042
          ],
          [
            13.34012,
            41.72042
          ],
          [
            13.34077,
            41.72046
          ],
          [
            13.34266,
            41.72046
          ],
          [
            13.34268,
            41.72045
          ],
          [
            13.34301,
            41.72042
          ],
          [
            13.34302,
            41.72042
          ],
          [
            13.3433,
            41.72035
          ],
          [
            13.3436,
            41.72029
          ],
          [
            13.34381,
            41.72025
          ],
          [
            13.34427,
            41.72011
          ],
          [
            13.34473,
            41.71998
          ],
          [
            13.34557,
            41.7197
          ],
          [
            13.3456,
            41.71969
          ],
          [
            13.34572,
            41.71966
          ],
          [
            13.34594,
            41.71959
          ],
          [
            13.34637,
            41.71946
          ],
          [
            13.34682,
            41.71934
          ],
          [
            13.34688,
            41.71932
          ],
          [
            13.34744,
            41.71916
          ],
          [
            13.34779,
            41.71905
          ],
          [
            13.34796,
            41.71895
          ],
          [
            13.34804,
            41.7189
          ],
          [
            13.34813,
            41.71887
          ],
          [
            13.34833,
            41.71878
          ],
          [
            13.34838,
            41.71876
          ],
          [
            13.34855,
            41.71869
          ],
          [
            13.3486,
            41.71867
          ],
          [
            13.34881,
            41.71859
          ],
          [
            13.34921,
            41.71843
          ],
          [
            13.34929,
            41.7184
          ],
          [
            13.34932,
            41.71839
          ],
          [
            13.34987,
            41.71815
          ],
          [
            13.34992,
            41.71812
          ],
          [
            13.35034,
            41.71794
          ],
          [
            13.3505,
            41.71787
          ],
          [
            13.3507,
            41.71779
          ],
          [
            13.35091,
            41.71769
          ],
          [
            13.3511,
            41.71758
          ],
          [
            13.35124,
            41.71748
          ],
          [
            13.35133,
            41.71741
          ],
          [
            13.35148,
            41.71728
          ],
          [
            13.35177,
            41.71701
          ],
          [
            13.35178,
            41.717
          ],
          [
            13.35184,
            41.71692
          ],
          [
            13.35187,
            41.71687
          ],
          [
            13.35191,
            41.71679
          ],
          [
            13.35195,
            41.7167
          ],
          [
            13.352,
            41.71653
          ],
          [
            13.35203,
            41.71643
          ],
          [
            13.35204,
            41.71641
          ],
          [
            13.35205,
            41.71633
          ],
          [
            13.35207,
            41.7161
          ],
          [
            13.3521,
            41.71581
          ],
          [
            13.35212,
            41.71558
          ],
          [
            13.35216,
            41.71522
          ],
          [
            13.35219,
            41.71498
          ],
          [
            13.35219,
            41.71491
          ],
          [
            13.35223,
            41.7147
          ],
          [
            13.35231,
            41.71445
          ],
          [
            13.35238,
            41.71428
          ],
          [
            13.35254,
            41.71397
          ],
          [
            13.3527,
            41.71375
          ],
          [
            13.35287,
            41.71355
          ],
          [
            13.35307,
            41.71333
          ],
          [
            13.35324,
            41.71318
          ],
          [
            13.35344,
            41.71302
          ],
          [
            13.3536,
            41.71291
          ],
          [
            13.35391,
            41.71269
          ],
          [
            13.35426,
            41.71245
          ],
          [
            13.35584,
            41.71133
          ],
          [
            13.35594,
            41.71126
          ],
          [
            13.35663,
            41.71077
          ],
          [
            13.35727,
            41.71033
          ],
          [
            13.35743,
            41.71021
          ],
          [
            13.35806,
            41.70977
          ],
          [
            13.35842,
            41.70952
          ],
          [
            13.35853,
            41.70941
          ],
          [
            13.35861,
            41.70933
          ],
          [
            13.35869,
            41.70923
          ],
          [
            13.35871,
            41.70918
          ],
          [
            13.35879,
            41.7092
          ],
          [
            13.35917,
            41.70926
          ],
          [
            13.35968,
            41.70933
          ],
          [
            13.35975,
            41.70933
          ],
          [
            13.35982,
            41.70932
          ],
          [
            13.35988,
            41.70932
          ],
          [
            13.35991,
            41.7093
          ],
          [
            13.35994,
            41.70929
          ],
          [
            13.35996,
            41.70927
          ],
          [
            13.35998,
            41.70924
          ],
          [
            13.36001,
            41.70915
          ],
          [
            13.3601,
            41.70884
          ],
          [
            13.36018,
            41.70861
          ],
          [
            13.36028,
            41.70842
          ],
          [
            13.36039,
            41.70832
          ],
          [
            13.36051,
            41.70826
          ],
          [
            13.36063,
            41.70822
          ],
          [
            13.36078,
            41.7082
          ],
          [
            13.36088,
            41.70821
          ],
          [
            13.36092,
            41.70821
          ],
          [
            13.36104,
            41.7082
          ],
          [
            13.36109,
            41.7082
          ],
          [
            13.36112,
            41.70818
          ],
          [
            13.36117,
            41.70815
          ],
          [
            13.36123,
            41.70806
          ],
          [
            13.36129,
            41.70798
          ],
          [
            13.36158,
            41.70748
          ],
          [
            13.36163,
            41.70737
          ],
          [
            13.36172,
            41.70721
          ],
          [
            13.36181,
            41.70704
          ],
          [
            13.36191,
            41.70686
          ],
          [
            13.362,
            41.70669
          ],
          [
            13.36222,
            41.70637
          ],
          [
            13.36239,
            41.70619
          ],
          [
            13.36254,
            41.70603
          ],
          [
            13.36292,
            41.70564
          ],
          [
            13.36302,
            41.70551
          ],
          [
            13.3631,
            41.70539
          ],
          [
            13.3632,
            41.70523
          ],
          [
            13.36321,
            41.70518
          ],
          [
            13.36332,
            41.70483
          ],
          [
            13.36336,
            41.70467
          ],
          [
            13.36343,
            41.70448
          ],
          [
            13.36345,
            41.70443
          ],
          [
            13.36347,
            41.70419
          ],
          [
            13.36347,
            41.70412
          ],
          [
            13.36346,
            41.70382
          ],
          [
            13.36346,
            41.70376
          ],
          [
            13.36346,
            41.70336
          ],
          [
            13.36352,
            41.70309
          ],
          [
            13.36353,
            41.70305
          ],
          [
            13.3636,
            41.70268
          ],
          [
            13.36367,
            41.70248
          ],
          [
            13.3637,
            41.70242
          ],
          [
            13.36373,
            41.70238
          ],
          [
            13.36376,
            41.70233
          ],
          [
            13.36411,
            41.70253
          ],
          [
            13.3644,
            41.70265
          ],
          [
            13.36472,
            41.70277
          ],
          [
            13.36485,
            41.7028
          ],
          [
            13.36508,
            41.70286
          ],
          [
            13.36509,
            41.70287
          ],
          [
            13.36541,
            41.70295
          ],
          [
            13.36564,
            41.703
          ],
          [
            13.36577,
            41.703
          ],
          [
            13.36604,
            41.70298
          ],
          [
            13.3663,
            41.70296
          ],
          [
            13.36792,
            41.70282
          ],
          [
            13.36808,
            41.70281
          ],
          [
            13.36842,
            41.7028
          ],
          [
            13.36868,
            41.70279
          ],
          [
            13.36876,
            41.70279
          ],
          [
            13.3689,
            41.70278
          ],
          [
            13.36947,
            41.70281
          ],
          [
            13.36954,
            41.70281
          ],
          [
            13.3699,
            41.70282
          ],
          [
            13.37024,
            41.70286
          ],
          [
            13.37028,
            41.70287
          ],
          [
            13.37046,
            41.70293
          ],
          [
            13.37057,
            41.70297
          ],
          [
            13.37082,
            41.70307
          ],
          [
            13.37116,
            41.70319
          ],
          [
            13.37136,
            41.70324
          ],
          [
            13.37165,
            41.70332
          ],
          [
            13.37189,
            41.70339
          ],
          [
            13.37234,
            41.70353
          ],
          [
            13.3725,
            41.70357
          ],
          [
            13.37265,
            41.70362
          ],
          [
            13.37304,
            41.70373
          ],
          [
            13.37349,
            41.70382
          ],
          [
            13.37362,
            41.70383
          ],
          [
            13.37399,
            41.70386
          ],
          [
            13.37408,
            41.70387
          ],
          [
            13.37416,
            41.70388
          ],
          [
            13.37465,
            41.70387
          ],
          [
            13.37487,
            41.70386
          ],
          [
            13.375,
            41.70386
          ],
          [
            13.37513,
            41.70387
          ],
          [
            13.376,
            41.70389
          ],
          [
            13.37686,
            41.70389
          ],
          [
            13.3776,
            41.70391
          ],
          [
            13.37786,
            41.70392
          ],
          [
            13.37856,
            41.70392
          ],
          [
            13.37919,
            41.70393
          ],
          [
            13.37977,
            41.70392
          ],
          [
            13.37984,
            41.70392
          ],
          [
            13.38005,
            41.7039
          ],
          [
            13.38035,
            41.70386
          ],
          [
            13.38067,
            41.70379
          ],
          [
            13.38075,
            41.70377
          ],
          [
            13.38098,
            41.70371
          ],
          [
            13.38123,
            41.70362
          ],
          [
            13.38126,
            41.70361
          ],
          [
            13.38137,
            41.70358
          ],
          [
            13.38146,
            41.70354
          ],
          [
            13.38172,
            41.70346
          ],
          [
            13.38181,
            41.70344
          ],
          [
            13.38194,
            41.70343
          ],
          [
            13.38205,
            41.70343
          ],
          [
            13.38218,
            41.70344
          ],
          [
            13.38235,
            41.70347
          ],
          [
            13.38271,
            41.70356
          ],
          [
            13.38345,
            41.70378
          ],
          [
            13.38365,
            41.70382
          ],
          [
            13.38375,
            41.70384
          ],
          [
            13.38406,
            41.70384
          ],
          [
            13.38423,
            41.70383
          ],
          [
            13.38443,
            41.7038
          ],
          [
            13.38474,
            41.70372
          ],
          [
            13.38494,
            41.70366
          ],
          [
            13.38538,
            41.70352
          ],
          [
            13.38561,
            41.70345
          ],
          [
            13.38567,
            41.70344
          ],
          [
            13.38583,
            41.70338
          ],
          [
            13.38621,
            41.70326
          ],
          [
            13.38649,
            41.70317
          ],
          [
            13.38685,
            41.70304
          ],
          [
            13.38714,
            41.70294
          ],
          [
            13.38736,
            41.70286
          ],
          [
            13.38758,
            41.70278
          ],
          [
            13.38779,
            41.7027
          ],
          [
            13.3878,
            41.7027
          ],
          [
            13.38821,
            41.70252
          ],
          [
            13.38852,
            41.7024
          ],
          [
            13.38863,
            41.70235
          ],
          [
            13.3888,
            41.70228
          ],
          [
            13.38885,
            41.70227
          ],
          [
            13.38898,
            41.70222
          ],
          [
            13.38916,
            41.70214
          ],
          [
            13.38928,
            41.70207
          ],
          [
            13.38935,
            41.70203
          ],
          [
            13.38946,
            41.70195
          ],
          [
            13.38964,
            41.70183
          ],
          [
            13.38972,
            41.70176
          ],
          [
            13.3898,
            41.7017
          ],
          [
            13.38989,
            41.70162
          ],
          [
            13.38996,
            41.70156
          ],
          [
            13.39023,
            41.70131
          ],
          [
            13.39026,
            41.70128
          ],
          [
            13.39042,
            41.70114
          ],
          [
            13.39044,
            41.70112
          ],
          [
            13.39059,
            41.70102
          ],
          [
            13.39061,
            41.701
          ],
          [
            13.39077,
            41.70091
          ],
          [
            13.39088,
            41.70085
          ],
          [
            13.39119,
            41.70071
          ],
          [
            13.3916,
            41.70059
          ],
          [
            13.39163,
            41.70058
          ],
          [
            13.39191,
            41.70053
          ],
          [
            13.3921,
            41.70051
          ],
          [
            13.3924,
            41.70052
          ],
          [
            13.39275,
            41.70052
          ],
          [
            13.39316,
            41.70058
          ],
          [
            13.39372,
            41.70066
          ],
          [
            13.39386,
            41.70069
          ],
          [
            13.39397,
            41.70069
          ],
          [
            13.394,
            41.70068
          ],
          [
            13.39406,
            41.70066
          ],
          [
            13.3941,
            41.70065
          ],
          [
            13.39414,
            41.70062
          ],
          [
            13.39419,
            41.70059
          ],
          [
            13.39423,
            41.70054
          ],
          [
            13.39424,
            41.70053
          ],
          [
            13.39425,
            41.70051
          ],
          [
            13.39425,
            41.7005
          ],
          [
            13.39425,
            41.70046
          ],
          [
            13.39424,
            41.70041
          ],
          [
            13.39422,
            41.70037
          ],
          [
            13.39421,
            41.70036
          ],
          [
            13.39415,
            41.7003
          ],
          [
            13.39403,
            41.70021
          ],
          [
            13.39397,
            41.70016
          ],
          [
            13.39375,
            41.70001
          ],
          [
            13.39369,
            41.69996
          ],
          [
            13.39362,
            41.69988
          ],
          [
            13.3936,
            41.69983
          ],
          [
            13.39359,
            41.69979
          ],
          [
            13.39359,
            41.69978
          ],
          [
            13.39359,
            41.69973
          ],
          [
            13.39359,
            41.69969
          ],
          [
            13.39361,
            41.69965
          ],
          [
            13.39361,
            41.69962
          ],
          [
            13.39362,
            41.69961
          ],
          [
            13.39365,
            41.69958
          ],
          [
            13.39368,
            41.69954
          ],
          [
            13.39374,
            41.6995
          ],
          [
            13.39377,
            41.69948
          ],
          [
            13.39378,
            41.69947
          ],
          [
            13.39394,
            41.6994
          ],
          [
            13.39398,
            41.69938
          ],
          [
            13.39405,
            41.69936
          ],
          [
            13.39427,
            41.69929
          ],
          [
            13.39465,
            41.69919
          ],
          [
            13.39513,
            41.69906
          ],
          [
            13.39529,
            41.69901
          ],
          [
            13.39553,
            41.6989
          ],
          [
            13.39595,
            41.69871
          ],
          [
            13.39596,
            41.69871
          ],
          [
            13.39635,
            41.6985
          ],
          [
            13.39674,
            41.69831
          ],
          [
            13.39695,
            41.69819
          ],
          [
            13.39791,
            41.69765
          ],
          [
            13.39828,
            41.69745
          ],
          [
            13.3983,
            41.69743
          ],
          [
            13.39836,
            41.6974
          ],
          [
            13.39847,
            41.69734
          ],
          [
            13.39849,
            41.69733
          ],
          [
            13.39877,
            41.69717
          ],
          [
            13.39899,
            41.69705
          ],
          [
            13.39905,
            41.69702
          ],
          [
            13.3992,
            41.69694
          ],
          [
            13.39943,
            41.69684
          ],
          [
            13.39954,
            41.6968
          ],
          [
            13.39973,
            41.69674
          ],
          [
            13.40005,
            41.69668
          ],
          [
            13.40087,
            41.69651
          ],
          [
            13.40089,
            41.69651
          ],
          [
            13.40107,
            41.69647
          ],
          [
            13.4011,
            41.69647
          ],
          [
            13.40111,
            41.69646
          ],
          [
            13.40123,
            41.69643
          ],
          [
            13.40129,
            41.6964
          ],
          [
            13.40132,
            41.69639
          ],
          [
            13.40133,
            41.69639
          ],
          [
            13.40142,
            41.69633
          ],
          [
            13.40146,
            41.69628
          ],
          [
            13.40148,
            41.69626
          ],
          [
            13.40149,
            41.69625
          ],
          [
            13.40154,
            41.69614
          ],
          [
            13.40155,
            41.69611
          ],
          [
            13.40155,
            41.69609
          ],
          [
            13.40158,
            41.69593
          ],
          [
            13.40158,
            41.69591
          ],
          [
            13.40161,
            41.69576
          ],
          [
            13.40162,
            41.69573
          ],
          [
            13.40163,
            41.69568
          ],
          [
            13.40165,
            41.69558
          ],
          [
            13.40166,
            41.69556
          ],
          [
            13.4017,
            41.6954
          ],
          [
            13.40171,
            41.69532
          ],
          [
            13.40175,
            41.69523
          ],
          [
            13.40178,
            41.69513
          ],
          [
            13.40191,
            41.69485
          ],
          [
            13.40224,
            41.6942
          ],
          [
            13.40241,
            41.69385
          ],
          [
            13.40249,
            41.69371
          ],
          [
            13.4025,
            41.69368
          ],
          [
            13.40257,
            41.69354
          ],
          [
            13.40258,
            41.69352
          ],
          [
            13.40264,
            41.6934
          ],
          [
            13.40267,
            41.69337
          ],
          [
            13.40268,
            41.69335
          ],
          [
            13.4027,
            41.69332
          ],
          [
            13.4028,
            41.69326
          ],
          [
            13.40283,
            41.69325
          ],
          [
            13.40284,
            41.69324
          ],
          [
            13.40288,
            41.69323
          ],
          [
            13.40293,
            41.69322
          ],
          [
            13.40298,
            41.69323
          ],
          [
            13.40304,
            41.69324
          ],
          [
            13.40306,
            41.69325
          ],
          [
            13.40309,
            41.69326
          ],
          [
            13.40317,
            41.6933
          ],
          [
            13.40321,
            41.69336
          ],
          [
            13.40322,
            41.69337
          ],
          [
            13.40327,
            41.69347
          ],
          [
            13.40327,
            41.69353
          ],
          [
            13.40328,
            41.69355
          ],
          [
            13.40328,
            41.69357
          ],
          [
            13.40329,
            41.69374
          ],
          [
            13.4033,
            41.69427
          ],
          [
            13.4033,
            41.69441
          ],
          [
            13.4033,
            41.69445
          ],
          [
            13.4033,
            41.69463
          ],
          [
            13.40331,
            41.69481
          ],
          [
            13.40332,
            41.69562
          ],
          [
            13.40333,
            41.69571
          ],
          [
            13.40335,
            41.69594
          ],
          [
            13.4034,
            41.69614
          ],
          [
            13.40342,
            41.6962
          ],
          [
            13.40345,
            41.69629
          ],
          [
            13.40351,
            41.69646
          ],
          [
            13.40353,
            41.6965
          ],
          [
            13.40358,
            41.69664
          ],
          [
            13.40369,
            41.69691
          ],
          [
            13.40369,
            41.69693
          ],
          [
            13.40378,
            41.69708
          ],
          [
            13.40378,
            41.6971
          ],
          [
            13.40391,
            41.69723
          ],
          [
            13.404,
            41.69731
          ],
          [
            13.40407,
            41.69737
          ],
          [
            13.40438,
            41.69762
          ],
          [
            13.40439,
            41.69763
          ],
          [
            13.40454,
            41.69777
          ],
          [
            13.40462,
            41.69785
          ],
          [
            13.40469,
            41.69791
          ],
          [
            13.40484,
            41.69805
          ],
          [
            13.40489,
            41.69811
          ],
          [
            13.40496,
            41.69821
          ],
          [
            13.40502,
            41.69829
          ],
          [
            13.40513,
            41.69847
          ],
          [
            13.40516,
            41.69854
          ],
          [
            13.40521,
            41.69866
          ],
          [
            13.40526,
            41.69884
          ],
          [
            13.40529,
            41.69901
          ],
          [
            13.40529,
            41.69906
          ],
          [
            13.40531,
            41.69925
          ],
          [
            13.40529,
            41.69952
          ],
          [
            13.40529,
            41.6996
          ],
          [
            13.40528,
            41.69978
          ],
          [
            13.40527,
            41.69996
          ],
          [
            13.40527,
            41.69997
          ],
          [
            13.40528,
            41.70014
          ],
          [
            13.40528,
            41.70023
          ],
          [
            13.4053,
            41.70032
          ],
          [
            13.4053,
            41.70036
          ],
          [
            13.40532,
            41.7005
          ],
          [
            13.40532,
            41.70053
          ],
          [
            13.40534,
            41.7006
          ],
          [
            13.40537,
            41.70068
          ],
          [
            13.40541,
            41.70073
          ],
          [
            13.40544,
            41.70077
          ],
          [
            13.40549,
            41.70082
          ],
          [
            13.40555,
            41.70087
          ],
          [
            13.40561,
            41.70091
          ],
          [
            13.40568,
            41.70094
          ],
          [
            13.40577,
            41.70097
          ],
          [
            13.40588,
            41.70101
          ],
          [
            13.4059,
            41.70101
          ],
          [
            13.40598,
            41.70103
          ],
          [
            13.40609,
            41.70105
          ],
          [
            13.40614,
            41.70105
          ],
          [
            13.40624,
            41.70106
          ],
          [
            13.40638,
            41.70107
          ],
          [
            13.4067,
            41.70109
          ],
          [
            13.40686,
            41.7011
          ],
          [
            13.4083,
            41.70121
          ],
          [
            13.40841,
            41.70122
          ],
          [
            13.40866,
            41.70123
          ],
          [
            13.40885,
            41.70123
          ],
          [
            13.40914,
            41.70124
          ],
          [
            13.40926,
            41.70123
          ],
          [
            13.40938,
            41.70122
          ],
          [
            13.4094,
            41.70122
          ],
          [
            13.4095,
            41.70119
          ],
          [
            13.40957,
            41.70117
          ],
          [
            13.40967,
            41.70113
          ],
          [
            13.40973,
            41.7011
          ],
          [
            13.40979,
            41.70106
          ],
          [
            13.40983,
            41.70102
          ],
          [
            13.40988,
            41.70098
          ],
          [
            13.40994,
            41.70091
          ],
          [
            13.40996,
            41.70088
          ],
          [
            13.41001,
            41.70078
          ],
          [
            13.41012,
            41.70038
          ],
          [
            13.41018,
            41.70003
          ],
          [
            13.41023,
            41.69973
          ],
          [
            13.41031,
            41.69931
          ],
          [
            13.41037,
            41.69915
          ],
          [
            13.41039,
            41.69909
          ],
          [
            13.41047,
            41.69887
          ],
          [
            13.41059,
            41.69857
          ],
          [
            13.41064,
            41.69846
          ],
          [
            13.41065,
            41.69845
          ],
          [
            13.41071,
            41.69832
          ],
          [
            13.41074,
            41.69826
          ],
          [
            13.41078,
            41.6982
          ],
          [
            13.41085,
            41.69812
          ],
          [
            13.41093,
            41.69804
          ],
          [
            13.41105,
            41.69793
          ],
          [
            13.41137,
            41.69768
          ],
          [
            13.41142,
            41.69765
          ],
          [
            13.41151,
            41.69758
          ],
          [
            13.41154,
            41.69755
          ],
          [
            13.41161,
            41.69749
          ],
          [
            13.41162,
            41.69747
          ],
          [
            13.41186,
            41.69714
          ],
          [
            13.41188,
            41.69712
          ],
          [
            13.41197,
            41.69698
          ],
          [
            13.41204,
            41.69686
          ],
          [
            13.41209,
            41.6968
          ],
          [
            13.41222,
            41.69659
          ],
          [
            13.41231,
            41.69647
          ],
          [
            13.41242,
            41.69631
          ],
          [
            13.41261,
            41.69605
          ],
          [
            13.41272,
            41.69593
          ],
          [
            13.4128,
            41.69585
          ],
          [
            13.41288,
            41.6958
          ],
          [
            13.41298,
            41.69573
          ],
          [
            13.41339,
            41.69559
          ],
          [
            13.41361,
            41.69552
          ],
          [
            13.41388,
            41.69545
          ],
          [
            13.41392,
            41.69544
          ],
          [
            13.41418,
            41.69538
          ],
          [
            13.41428,
            41.69536
          ],
          [
            13.41438,
            41.69533
          ],
          [
            13.41457,
            41.69529
          ],
          [
            13.41459,
            41.69528
          ],
          [
            13.41502,
            41.69519
          ],
          [
            13.41503,
            41.69518
          ],
          [
            13.41537,
            41.69513
          ],
          [
            13.41553,
            41.69509
          ],
          [
            13.41588,
            41.69496
          ],
          [
            13.41615,
            41.69484
          ],
          [
            13.41638,
            41.69474
          ],
          [
            13.41657,
            41.69464
          ],
          [
            13.41706,
            41.69435
          ],
          [
            13.41711,
            41.69432
          ],
          [
            13.41714,
            41.6943
          ],
          [
            13.41739,
            41.69414
          ],
          [
            13.41742,
            41.69412
          ],
          [
            13.4175,
            41.69406
          ],
          [
            13.41759,
            41.69398
          ],
          [
            13.41764,
            41.69391
          ],
          [
            13.41765,
            41.6939
          ],
          [
            13.41769,
            41.69383
          ],
          [
            13.41772,
            41.69378
          ],
          [
            13.41774,
            41.69371
          ],
          [
            13.41776,
            41.69357
          ],
          [
            13.41776,
            41.69354
          ],
          [
            13.41777,
            41.69347
          ],
          [
            13.41777,
            41.69334
          ],
          [
            13.41776,
            41.69319
          ],
          [
            13.41773,
            41.69303
          ],
          [
            13.41772,
            41.69299
          ],
          [
            13.41766,
            41.69277
          ],
          [
            13.41766,
            41.69273
          ],
          [
            13.41767,
            41.69269
          ],
          [
            13.41768,
            41.69266
          ],
          [
            13.4177,
            41.69261
          ],
          [
            13.41773,
            41.69256
          ],
          [
            13.41781,
            41.69246
          ],
          [
            13.41781,
            41.69245
          ],
          [
            13.41788,
            41.69237
          ],
          [
            13.41794,
            41.6923
          ],
          [
            13.41801,
            41.69225
          ],
          [
            13.41805,
            41.69222
          ],
          [
            13.41807,
            41.69221
          ],
          [
            13.41809,
            41.6922
          ],
          [
            13.41812,
            41.69218
          ],
          [
            13.41816,
            41.69217
          ],
          [
            13.41821,
            41.69217
          ],
          [
            13.41826,
            41.69216
          ],
          [
            13.41838,
            41.69216
          ],
          [
            13.41845,
            41.69217
          ],
          [
            13.41853,
            41.69217
          ],
          [
            13.41859,
            41.69218
          ],
          [
            13.41863,
            41.69219
          ],
          [
            13.41873,
            41.69222
          ],
          [
            13.41877,
            41.69223
          ],
          [
            13.41882,
            41.69225
          ],
          [
            13.41885,
            41.69225
          ],
          [
            13.41899,
            41.6923
          ],
          [
            13.41903,
            41.69231
          ],
          [
            13.41914,
            41.69234
          ],
          [
            13.41922,
            41.69238
          ],
          [
            13.41927,
            41.6924
          ],
          [
            13.41929,
            41.69241
          ],
          [
            13.41931,
            41.69242
          ],
          [
            13.41933,
            41.69243
          ],
          [
            13.41944,
            41.69251
          ],
          [
            13.4195,
            41.69255
          ],
          [
            13.41957,
            41.6926
          ],
          [
            13.42005,
            41.6929
          ],
          [
            13.42031,
            41.69307
          ],
          [
            13.42043,
            41.69314
          ],
          [
            13.4205,
            41.69317
          ],
          [
            13.42068,
            41.69328
          ],
          [
            13.42076,
            41.69333
          ],
          [
            13.42083,
            41.69338
          ],
          [
            13.42087,
            41.69342
          ],
          [
            13.4209,
            41.69345
          ],
          [
            13.42098,
            41.69353
          ],
          [
            13.42105,
            41.69362
          ],
          [
            13.42109,
            41.69368
          ],
          [
            13.42109,
            41.69369
          ],
          [
            13.42113,
            41.69376
          ],
          [
            13.42117,
            41.69383
          ],
          [
            13.42122,
            41.69396
          ],
          [
            13.42125,
            41.69405
          ],
          [
            13.42126,
            41.69414
          ],
          [
            13.42127,
            41.69421
          ],
          [
            13.42127,
            41.69425
          ],
          [
            13.42126,
            41.69431
          ],
          [
            13.42126,
            41.69438
          ],
          [
            13.42127,
            41.69443
          ],
          [
            13.42127,
            41.69444
          ],
          [
            13.42128,
            41.69447
          ],
          [
            13.42129,
            41.69449
          ],
          [
            13.42131,
            41.69451
          ],
          [
            13.42134,
            41.69453
          ],
          [
            13.42136,
            41.69455
          ],
          [
            13.42138,
            41.69455
          ],
          [
            13.42141,
            41.69456
          ],
          [
            13.42143,
            41.69456
          ],
          [
            13.42145,
            41.69455
          ],
          [
            13.42147,
            41.69455
          ],
          [
            13.42148,
            41.69454
          ],
          [
            13.4215,
            41.69452
          ],
          [
            13.42152,
            41.6945
          ],
          [
            13.42153,
            41.69449
          ],
          [
            13.42153,
            41.69447
          ],
          [
            13.42153,
            41.69446
          ],
          [
            13.42154,
            41.69443
          ],
          [
            13.42156,
            41.69425
          ],
          [
            13.42158,
            41.69407
          ],
          [
            13.42159,
            41.69389
          ],
          [
            13.42161,
            41.69369
          ],
          [
            13.42162,
            41.69365
          ],
          [
            13.42162,
            41.69359
          ],
          [
            13.42161,
            41.69353
          ],
          [
            13.4216,
            41.6935
          ],
          [
            13.42158,
            41.6934
          ],
          [
            13.42156,
            41.69336
          ],
          [
            13.42154,
            41.69329
          ],
          [
            13.4215,
            41.69318
          ],
          [
            13.42149,
            41.69315
          ],
          [
            13.42149,
            41.69306
          ],
          [
            13.42152,
            41.69305
          ],
          [
            13.42155,
            41.69305
          ],
          [
            13.42157,
            41.69306
          ],
          [
            13.4216,
            41.69306
          ],
          [
            13.42163,
            41.69307
          ],
          [
            13.42165,
            41.69309
          ],
          [
            13.42167,
            41.6931
          ],
          [
            13.42169,
            41.69313
          ],
          [
            13.4217,
            41.69313
          ],
          [
            13.42186,
            41.6934
          ],
          [
            13.42195,
            41.69357
          ],
          [
            13.42197,
            41.69363
          ],
          [
            13.42199,
            41.69368
          ],
          [
            13.422,
            41.69374
          ],
          [
            13.422,
            41.69375
          ],
          [
            13.422,
            41.6938
          ],
          [
            13.422,
            41.69381
          ],
          [
            13.42202,
            41.69395
          ],
          [
            13.42202,
            41.69398
          ],
          [
            13.42204,
            41.69408
          ],
          [
            13.42205,
            41.69416
          ],
          [
            13.42206,
            41.69425
          ],
          [
            13.42209,
            41.69435
          ],
          [
            13.42216,
            41.69469
          ],
          [
            13.42219,
            41.69476
          ],
          [
            13.42223,
            41.69473
          ],
          [
            13.42226,
            41.69471
          ],
          [
            13.42229,
            41.69469
          ],
          [
            13.42234,
            41.69464
          ],
          [
            13.42242,
            41.69454
          ],
          [
            13.42246,
            41.69448
          ],
          [
            13.42248,
            41.69446
          ],
          [
            13.4225,
            41.69444
          ],
          [
            13.42253,
            41.69443
          ],
          [
            13.42259,
            41.69442
          ],
          [
            13.42264,
            41.69443
          ],
          [
            13.42265,
            41.69443
          ],
          [
            13.42267,
            41.69444
          ],
          [
            13.4227,
            41.69446
          ],
          [
            13.42273,
            41.69449
          ],
          [
            13.42276,
            41.69451
          ],
          [
            13.4228,
            41.69457
          ],
          [
            13.42283,
            41.69461
          ],
          [
            13.42293,
            41.69481
          ],
          [
            13.42298,
            41.6949
          ],
          [
            13.42301,
            41.69498
          ],
          [
            13.42305,
            41.69509
          ],
          [
            13.42311,
            41.69535
          ],
          [
            13.42313,
            41.69543
          ],
          [
            13.42314,
            41.69543
          ],
          [
            13.42317,
            41.69551
          ],
          [
            13.42325,
            41.69562
          ],
          [
            13.42327,
            41.69568
          ],
          [
            13.42329,
            41.69574
          ],
          [
            13.4233,
            41.69578
          ],
          [
            13.4233,
            41.69582
          ],
          [
            13.4233,
            41.69588
          ],
          [
            13.42329,
            41.69598
          ],
          [
            13.42329,
            41.69608
          ],
          [
            13.42329,
            41.6963
          ],
          [
            13.42328,
            41.69636
          ],
          [
            13.42326,
            41.69645
          ],
          [
            13.42325,
            41.69648
          ],
          [
            13.42322,
            41.69656
          ],
          [
            13.42319,
            41.69665
          ],
          [
            13.42317,
            41.69672
          ],
          [
            13.42316,
            41.69677
          ],
          [
            13.42316,
            41.69681
          ],
          [
            13.42316,
            41.69683
          ],
          [
            13.42316,
            41.69692
          ],
          [
            13.42318,
            41.69697
          ],
          [
            13.42318,
            41.69701
          ],
          [
            13.42322,
            41.69715
          ],
          [
            13.42324,
            41.69723
          ],
          [
            13.42326,
            41.69732
          ],
          [
            13.42326,
            41.69736
          ],
          [
            13.42326,
            41.69754
          ],
          [
            13.42327,
            41.69756
          ],
          [
            13.42328,
            41.69761
          ],
          [
            13.42331,
            41.69767
          ],
          [
            13.42334,
            41.69771
          ],
          [
            13.42335,
            41.69772
          ],
          [
            13.42338,
            41.69775
          ],
          [
            13.42341,
            41.69777
          ],
          [
            13.42345,
            41.69779
          ],
          [
            13.42348,
            41.6978
          ],
          [
            13.42353,
            41.69781
          ],
          [
            13.4236,
            41.69781
          ],
          [
            13.42424,
            41.69787
          ],
          [
            13.42425,
            41.69787
          ],
          [
            13.42449,
            41.6979
          ],
          [
            13.42453,
            41.69791
          ],
          [
            13.42468,
            41.69793
          ],
          [
            13.42472,
            41.69794
          ],
          [
            13.42476,
            41.69796
          ],
          [
            13.42487,
            41.698
          ],
          [
            13.42505,
            41.69808
          ],
          [
            13.42528,
            41.69817
          ],
          [
            13.42535,
            41.69821
          ],
          [
            13.42537,
            41.69822
          ],
          [
            13.42546,
            41.69827
          ],
          [
            13.42553,
            41.69833
          ],
          [
            13.42558,
            41.69837
          ],
          [
            13.4257,
            41.69849
          ],
          [
            13.42581,
            41.69861
          ],
          [
            13.42582,
            41.69862
          ],
          [
            13.42587,
            41.69869
          ],
          [
            13.42592,
            41.69876
          ],
          [
            13.42595,
            41.69882
          ],
          [
            13.42598,
            41.69889
          ],
          [
            13.42601,
            41.69895
          ],
          [
            13.42604,
            41.699
          ],
          [
            13.42609,
            41.69904
          ],
          [
            13.42615,
            41.69909
          ],
          [
            13.4262,
            41.69913
          ],
          [
            13.42631,
            41.69922
          ],
          [
            13.42648,
            41.69935
          ],
          [
            13.42671,
            41.69949
          ],
          [
            13.42686,
            41.6996
          ],
          [
            13.42692,
            41.69963
          ],
          [
            13.42697,
            41.69965
          ],
          [
            13.42702,
            41.69967
          ],
          [
            13.42717,
            41.69972
          ],
          [
            13.42737,
            41.69979
          ],
          [
            13.42746,
            41.69982
          ],
          [
            13.42759,
            41.69986
          ],
          [
            13.42768,
            41.69989
          ],
          [
            13.42785,
            41.69993
          ],
          [
            13.42792,
            41.69994
          ],
          [
            13.42813,
            41.69996
          ],
          [
            13.42829,
            41.69999
          ],
          [
            13.42845,
            41.70001
          ],
          [
            13.42869,
            41.70005
          ],
          [
            13.42876,
            41.70005
          ],
          [
            13.42886,
            41.70006
          ],
          [
            13.42907,
            41.70008
          ],
          [
            13.42914,
            41.70008
          ],
          [
            13.42931,
            41.7001
          ],
          [
            13.4294,
            41.70011
          ],
          [
            13.42954,
            41.70013
          ],
          [
            13.42958,
            41.70013
          ],
          [
            13.42966,
            41.70015
          ],
          [
            13.42973,
            41.70016
          ],
          [
            13.42975,
            41.70015
          ],
          [
            13.42978,
            41.70013
          ],
          [
            13.42983,
            41.70012
          ],
          [
            13.42987,
            41.7001
          ],
          [
            13.42993,
            41.70009
          ],
          [
            13.42999,
            41.70008
          ],
          [
            13.43006,
            41.70007
          ],
          [
            13.43014,
            41.70007
          ],
          [
            13.43024,
            41.70006
          ],
          [
            13.43069,
            41.70006
          ],
          [
            13.43085,
            41.70007
          ],
          [
            13.43095,
            41.70009
          ],
          [
            13.43102,
            41.7001
          ],
          [
            13.43105,
            41.7001
          ],
          [
            13.43116,
            41.70013
          ],
          [
            13.43125,
            41.70016
          ],
          [
            13.43134,
            41.7002
          ],
          [
            13.43142,
            41.70024
          ],
          [
            13.43151,
            41.70028
          ],
          [
            13.43159,
            41.70033
          ],
          [
            13.43167,
            41.70039
          ],
          [
            13.43174,
            41.70044
          ],
          [
            13.43178,
            41.70047
          ],
          [
            13.43186,
            41.70055
          ],
          [
            13.43198,
            41.70064
          ],
          [
            13.43206,
            41.70071
          ],
          [
            13.43211,
            41.70074
          ],
          [
            13.43215,
            41.70076
          ],
          [
            13.43221,
            41.70079
          ],
          [
            13.43228,
            41.70082
          ],
          [
            13.43232,
            41.70083
          ],
          [
            13.43239,
            41.70086
          ],
          [
            13.43243,
            41.70087
          ],
          [
            13.43244,
            41.70087
          ],
          [
            13.4325,
            41.70088
          ],
          [
            13.43267,
            41.70088
          ],
          [
            13.43274,
            41.70086
          ],
          [
            13.4328,
            41.70084
          ],
          [
            13.43286,
            41.70081
          ],
          [
            13.4329,
            41.70079
          ],
          [
            13.43295,
            41.70076
          ],
          [
            13.43302,
            41.7007
          ],
          [
            13.43327,
            41.70051
          ],
          [
            13.43334,
            41.70043
          ],
          [
            13.43342,
            41.70035
          ],
          [
            13.43356,
            41.70022
          ],
          [
            13.4336,
            41.70019
          ],
          [
            13.43362,
            41.70017
          ],
          [
            13.43388,
            41.69993
          ],
          [
            13.43393,
            41.69988
          ],
          [
            13.43409,
            41.69972
          ],
          [
            13.43422,
            41.69959
          ],
          [
            13.43429,
            41.69953
          ],
          [
            13.43461,
            41.69922
          ],
          [
            13.4348,
            41.69903
          ],
          [
            13.43489,
            41.69892
          ],
          [
            13.43496,
            41.69881
          ],
          [
            13.4355,
            41.69787
          ],
          [
            13.43553,
            41.69781
          ],
          [
            13.43569,
            41.69751
          ],
          [
            13.43584,
            41.69723
          ],
          [
            13.43621,
            41.69653
          ],
          [
            13.4363,
            41.69637
          ],
          [
            13.43632,
            41.69634
          ],
          [
            13.43637,
            41.69625
          ],
          [
            13.4365,
            41.69601
          ],
          [
            13.43659,
            41.69586
          ],
          [
            13.43662,
            41.6958
          ],
          [
            13.43665,
            41.69576
          ],
          [
            13.43673,
            41.69563
          ],
          [
            13.43684,
            41.69544
          ],
          [
            13.43686,
            41.6954
          ],
          [
            13.43693,
            41.69527
          ],
          [
            13.43698,
            41.69518
          ],
          [
            13.43703,
            41.69506
          ],
          [
            13.43709,
            41.69489
          ],
          [
            13.43713,
            41.69476
          ],
          [
            13.43714,
            41.69472
          ],
          [
            13.43719,
            41.69448
          ],
          [
            13.43723,
            41.69423
          ],
          [
            13.43726,
            41.69404
          ],
          [
            13.43729,
            41.69398
          ],
          [
            13.43732,
            41.69392
          ],
          [
            13.43736,
            41.69387
          ],
          [
            13.43742,
            41.69382
          ],
          [
            13.43749,
            41.69377
          ],
          [
            13.43752,
            41.69374
          ],
          [
            13.43753,
            41.69374
          ],
          [
            13.43757,
            41.69372
          ],
          [
            13.43764,
            41.69369
          ],
          [
            13.43771,
            41.69365
          ],
          [
            13.43774,
            41.69364
          ],
          [
            13.43795,
            41.69356
          ],
          [
            13.43809,
            41.69351
          ],
          [
            13.43835,
            41.69343
          ],
          [
            13.43838,
            41.69342
          ],
          [
            13.4384,
            41.69341
          ],
          [
            13.43857,
            41.69334
          ],
          [
            13.43871,
            41.69328
          ],
          [
            13.4388,
            41.69325
          ],
          [
            13.43889,
            41.69321
          ],
          [
            13.43892,
            41.6932
          ],
          [
            13.43913,
            41.69311
          ],
          [
            13.43922,
            41.69307
          ],
          [
            13.43938,
            41.693
          ],
          [
            13.43943,
            41.69298
          ],
          [
            13.43954,
            41.69292
          ],
          [
            13.43955,
            41.69292
          ],
          [
            13.43966,
            41.69287
          ],
          [
            13.43977,
            41.69282
          ],
          [
            13.43988,
            41.69276
          ],
          [
            13.43998,
            41.6927
          ],
          [
            13.44007,
            41.69266
          ],
          [
            13.44018,
            41.69258
          ],
          [
            13.44027,
            41.69251
          ],
          [
            13.44036,
            41.69242
          ],
          [
            13.44059,
            41.69221
          ],
          [
            13.44072,
            41.69206
          ],
          [
            13.44081,
            41.69195
          ],
          [
            13.44086,
            41.69187
          ],
          [
            13.4409,
            41.69179
          ],
          [
            13.44093,
            41.6917
          ],
          [
            13.44094,
            41.69165
          ],
          [
            13.44094,
            41.69164
          ],
          [
            13.44094,
            41.6916
          ],
          [
            13.44095,
            41.69152
          ],
          [
            13.44095,
            41.69147
          ],
          [
            13.44095,
            41.69141
          ],
          [
            13.44097,
            41.6913
          ],
          [
            13.441,
            41.69122
          ],
          [
            13.44103,
            41.69115
          ],
          [
            13.44107,
            41.69109
          ],
          [
            13.44111,
            41.69103
          ],
          [
            13.44123,
            41.69088
          ],
          [
            13.4413,
            41.69081
          ],
          [
            13.44135,
            41.69077
          ],
          [
            13.44178,
            41.69033
          ],
          [
            13.44207,
            41.69002
          ],
          [
            13.44226,
            41.68981
          ],
          [
            13.44238,
            41.68968
          ],
          [
            13.44251,
            41.68952
          ],
          [
            13.44259,
            41.68943
          ],
          [
            13.44264,
            41.68935
          ],
          [
            13.44269,
            41.68927
          ],
          [
            13.44273,
            41.68918
          ],
          [
            13.44286,
            41.68885
          ],
          [
            13.44299,
            41.6884
          ],
          [
            13.44309,
            41.68803
          ],
          [
            13.44316,
            41.6878
          ],
          [
            13.44317,
            41.68775
          ],
          [
            13.44321,
            41.6876
          ],
          [
            13.44323,
            41.68748
          ],
          [
            13.44324,
            41.68735
          ],
          [
            13.44324,
            41.68726
          ],
          [
            13.44323,
            41.68717
          ],
          [
            13.44312,
            41.68683
          ],
          [
            13.44306,
            41.68664
          ],
          [
            13.44303,
            41.68654
          ],
          [
            13.44301,
            41.68645
          ],
          [
            13.44301,
            41.68637
          ],
          [
            13.44302,
            41.6863
          ],
          [
            13.44304,
            41.68626
          ],
          [
            13.44306,
            41.68621
          ],
          [
            13.4431,
            41.68618
          ],
          [
            13.44313,
            41.68615
          ],
          [
            13.44324,
            41.68608
          ],
          [
            13.44336,
            41.68601
          ],
          [
            13.4436,
            41.68589
          ],
          [
            13.44365,
            41.68586
          ],
          [
            13.44388,
            41.68572
          ],
          [
            13.44396,
            41.68567
          ],
          [
            13.44446,
            41.68541
          ],
          [
            13.44487,
            41.68523
          ],
          [
            13.44492,
            41.68521
          ],
          [
            13.44507,
            41.68513
          ],
          [
            13.44517,
            41.68509
          ],
          [
            13.44528,
            41.68504
          ],
          [
            13.44529,
            41.68504
          ],
          [
            13.4454,
            41.68499
          ],
          [
            13.44548,
            41.68494
          ],
          [
            13.44549,
            41.68493
          ],
          [
            13.44558,
            41.68487
          ],
          [
            13.44565,
            41.68481
          ],
          [
            13.44573,
            41.68474
          ],
          [
            13.44579,
            41.68467
          ],
          [
            13.44582,
            41.68464
          ],
          [
            13.4459,
            41.68455
          ],
          [
            13.44593,
            41.68452
          ],
          [
            13.44596,
            41.6845
          ],
          [
            13.44604,
            41.68445
          ],
          [
            13.44609,
            41.68443
          ],
          [
            13.44612,
            41.68441
          ],
          [
            13.44617,
            41.68439
          ],
          [
            13.44622,
            41.68438
          ],
          [
            13.44639,
            41.68438
          ],
          [
            13.44653,
            41.68439
          ],
          [
            13.44659,
            41.6844
          ],
          [
            13.44682,
            41.68444
          ],
          [
            13.44689,
            41.68445
          ],
          [
            13.44693,
            41.68445
          ],
          [
            13.44697,
            41.68444
          ],
          [
            13.44701,
            41.68444
          ],
          [
            13.44706,
            41.68442
          ],
          [
            13.44709,
            41.68441
          ],
          [
            13.44713,
            41.68439
          ],
          [
            13.44719,
            41.68435
          ],
          [
            13.44724,
            41.68429
          ],
          [
            13.4473,
            41.68422
          ],
          [
            13.44734,
            41.68414
          ],
          [
            13.44742,
            41.68397
          ],
          [
            13.44743,
            41.68394
          ],
          [
            13.44749,
            41.6838
          ],
          [
            13.44755,
            41.68364
          ],
          [
            13.4476,
            41.68349
          ],
          [
            13.44767,
            41.68332
          ],
          [
            13.44774,
            41.68315
          ],
          [
            13.44781,
            41.68299
          ],
          [
            13.44781,
            41.68298
          ],
          [
            13.44789,
            41.68281
          ],
          [
            13.44796,
            41.68263
          ],
          [
            13.44802,
            41.68249
          ],
          [
            13.44803,
            41.68246
          ],
          [
            13.44809,
            41.68229
          ],
          [
            13.44814,
            41.68212
          ],
          [
            13.44814,
            41.68211
          ],
          [
            13.44818,
            41.68196
          ],
          [
            13.44819,
            41.68194
          ],
          [
            13.44829,
            41.68148
          ],
          [
            13.44831,
            41.6814
          ],
          [
            13.44835,
            41.68123
          ],
          [
            13.44836,
            41.68119
          ],
          [
            13.44841,
            41.68104
          ],
          [
            13.44843,
            41.68097
          ],
          [
            13.44846,
            41.68091
          ],
          [
            13.44849,
            41.68086
          ],
          [
            13.44852,
            41.68081
          ],
          [
            13.44855,
            41.68078
          ],
          [
            13.44858,
            41.68076
          ],
          [
            13.44863,
            41.68075
          ],
          [
            13.44881,
            41.68047
          ],
          [
            13.44883,
            41.68044
          ],
          [
            13.44893,
            41.68027
          ],
          [
            13.44903,
            41.6801
          ],
          [
            13.44904,
            41.68008
          ],
          [
            13.44911,
            41.67994
          ],
          [
            13.44921,
            41.67975
          ],
          [
            13.44926,
            41.67967
          ],
          [
            13.44932,
            41.6796
          ],
          [
            13.44946,
            41.67945
          ],
          [
            13.44962,
            41.6793
          ],
          [
            13.44967,
            41.67925
          ],
          [
            13.44996,
            41.67897
          ],
          [
            13.45,
            41.67894
          ],
          [
            13.45028,
            41.6787
          ],
          [
            13.45036,
            41.67862
          ],
          [
            13.45053,
            41.6785
          ],
          [
            13.45071,
            41.67843
          ],
          [
            13.45086,
            41.6784
          ],
          [
            13.45089,
            41.6784
          ],
          [
            13.45109,
            41.67839
          ],
          [
            13.4511,
            41.67839
          ],
          [
            13.45134,
            41.67838
          ],
          [
            13.45158,
            41.67837
          ],
          [
            13.45206,
            41.67836
          ],
          [
            13.45217,
            41.67835
          ],
          [
            13.45278,
            41.6783
          ],
          [
            13.45325,
            41.67827
          ],
          [
            13.45326,
            41.67827
          ],
          [
            13.4535,
            41.67824
          ],
          [
            13.45397,
            41.6782
          ],
          [
            13.45461,
            41.67813
          ],
          [
            13.45537,
            41.67807
          ],
          [
            13.4556,
            41.67805
          ],
          [
            13.45632,
            41.67799
          ],
          [
            13.45724,
            41.6779
          ],
          [
            13.45753,
            41.67787
          ],
          [
            13.45856,
            41.67755
          ],
          [
            13.45971,
            41.67719
          ],
          [
            13.46034,
            41.67699
          ],
          [
            13.46064,
            41.6769
          ],
          [
            13.46129,
            41.6767
          ],
          [
            13.46154,
            41.67662
          ],
          [
            13.46176,
            41.67655
          ],
          [
            13.46198,
            41.67648
          ],
          [
            13.46318,
            41.67611
          ],
          [
            13.46337,
            41.67605
          ],
          [
            13.46338,
            41.67605
          ],
          [
            13.46376,
            41.67594
          ],
          [
            13.46394,
            41.67588
          ],
          [
            13.46407,
            41.67581
          ],
          [
            13.46438,
            41.67558
          ],
          [
            13.46453,
            41.67547
          ],
          [
            13.46492,
            41.6752
          ],
          [
            13.46513,
            41.67505
          ],
          [
            13.46543,
            41.67484
          ],
          [
            13.46582,
            41.67457
          ],
          [
            13.4661,
            41.67438
          ],
          [
            13.46616,
            41.67434
          ],
          [
            13.46626,
            41.67429
          ],
          [
            13.46641,
            41.67415
          ],
          [
            13.46661,
            41.67415
          ],
          [
            13.46678,
            41.67419
          ],
          [
            13.46703,
            41.67421
          ],
          [
            13.46724,
            41.67423
          ],
          [
            13.46773,
            41.67433
          ],
          [
            13.46843,
            41.67446
          ],
          [
            13.46866,
            41.6745
          ],
          [
            13.4688,
            41.67453
          ],
          [
            13.46889,
            41.67454
          ],
          [
            13.4689,
            41.67454
          ],
          [
            13.46898,
            41.67456
          ],
          [
            13.46913,
            41.67458
          ],
          [
            13.46937,
            41.67462
          ],
          [
            13.4696,
            41.67466
          ],
          [
            13.47054,
            41.67482
          ],
          [
            13.47124,
            41.67495
          ],
          [
            13.47168,
            41.67502
          ],
          [
            13.47181,
            41.67504
          ],
          [
            13.4721,
            41.67509
          ],
          [
            13.47238,
            41.67513
          ],
          [
            13.47242,
            41.67514
          ],
          [
            13.47249,
            41.67515
          ],
          [
            13.47272,
            41.6752
          ],
          [
            13.47323,
            41.67529
          ],
          [
            13.47385,
            41.67538
          ],
          [
            13.47394,
            41.67539
          ],
          [
            13.4743,
            41.67542
          ],
          [
            13.47464,
            41.67538
          ],
          [
            13.47467,
            41.67538
          ],
          [
            13.47477,
            41.67536
          ],
          [
            13.47495,
            41.67532
          ],
          [
            13.47497,
            41.67531
          ],
          [
            13.47541,
            41.67518
          ],
          [
            13.47588,
            41.67506
          ],
          [
            13.47597,
            41.67504
          ],
          [
            13.47611,
            41.67501
          ],
          [
            13.47623,
            41.67497
          ],
          [
            13.47624,
            41.67497
          ],
          [
            13.4772,
            41.67469
          ],
          [
            13.47788,
            41.67451
          ],
          [
            13.47874,
            41.67427
          ],
          [
            13.47897,
            41.67422
          ],
          [
            13.47926,
            41.67416
          ],
          [
            13.47977,
            41.67408
          ],
          [
            13.47996,
            41.67403
          ],
          [
            13.48008,
            41.674
          ],
          [
            13.48043,
            41.67386
          ],
          [
            13.48062,
            41.67374
          ],
          [
            13.48086,
            41.67353
          ],
          [
            13.48103,
            41.67338
          ],
          [
            13.48125,
            41.67324
          ],
          [
            13.48145,
            41.67315
          ],
          [
            13.48159,
            41.67309
          ],
          [
            13.48166,
            41.67307
          ],
          [
            13.48167,
            41.67307
          ],
          [
            13.48188,
            41.67299
          ],
          [
            13.48225,
            41.67291
          ],
          [
            13.48274,
            41.67281
          ],
          [
            13.48287,
            41.67278
          ],
          [
            13.48292,
            41.67277
          ],
          [
            13.48353,
            41.67263
          ],
          [
            13.48378,
            41.67257
          ],
          [
            13.48396,
            41.67253
          ],
          [
            13.48425,
            41.67247
          ],
          [
            13.48448,
            41.67242
          ],
          [
            13.48478,
            41.67236
          ],
          [
            13.48542,
            41.6722
          ],
          [
            13.48561,
            41.6721
          ],
          [
            13.48567,
            41.67204
          ],
          [
            13.48596,
            41.67177
          ],
          [
            13.48598,
            41.67175
          ],
          [
            13.48603,
            41.67168
          ],
          [
            13.4861,
            41.67153
          ],
          [
            13.48611,
            41.6715
          ],
          [
            13.48621,
            41.67115
          ],
          [
            13.48627,
            41.67098
          ],
          [
            13.48632,
            41.67091
          ],
          [
            13.48643,
            41.67076
          ],
          [
            13.48654,
            41.67066
          ],
          [
            13.48669,
            41.67056
          ],
          [
            13.4867,
            41.67055
          ],
          [
            13.4869,
            41.67046
          ],
          [
            13.48706,
            41.67039
          ],
          [
            13.48776,
            41.67015
          ],
          [
            13.48783,
            41.67013
          ],
          [
            13.48794,
            41.67009
          ],
          [
            13.48814,
            41.66998
          ],
          [
            13.4882,
            41.66995
          ],
          [
            13.48833,
            41.66987
          ],
          [
            13.48836,
            41.66985
          ],
          [
            13.4885,
            41.66975
          ],
          [
            13.48863,
            41.66966
          ],
          [
            13.48868,
            41.66962
          ],
          [
            13.48877,
            41.66955
          ],
          [
            13.48885,
            41.6695
          ],
          [
            13.48903,
            41.66938
          ],
          [
            13.48924,
            41.66929
          ],
          [
            13.48927,
            41.66928
          ],
          [
            13.48941,
            41.66925
          ],
          [
            13.48954,
            41.66922
          ],
          [
            13.48979,
            41.66922
          ],
          [
            13.48995,
            41.66924
          ],
          [
            13.49008,
            41.66928
          ],
          [
            13.49053,
            41.66946
          ],
          [
            13.49071,
            41.66954
          ],
          [
            13.4908,
            41.66957
          ],
          [
            13.49092,
            41.66962
          ],
          [
            13.49094,
            41.66963
          ],
          [
            13.49113,
            41.66971
          ],
          [
            13.49115,
            41.66972
          ],
          [
            13.49144,
            41.66984
          ],
          [
            13.49155,
            41.66988
          ],
          [
            13.49165,
            41.66992
          ],
          [
            13.49172,
            41.66995
          ],
          [
            13.4918,
            41.66997
          ],
          [
            13.49196,
            41.67001
          ],
          [
            13.49217,
            41.67005
          ],
          [
            13.4924,
            41.67008
          ],
          [
            13.49264,
            41.67009
          ],
          [
            13.49418,
            41.67006
          ],
          [
            13.49425,
            41.67006
          ],
          [
            13.49442,
            41.67005
          ],
          [
            13.49466,
            41.67005
          ],
          [
            13.49518,
            41.67003
          ],
          [
            13.49521,
            41.67004
          ],
          [
            13.49595,
            41.67004
          ],
          [
            13.49618,
            41.67005
          ],
          [
            13.49623,
            41.67005
          ],
          [
            13.49641,
            41.67006
          ],
          [
            13.49643,
            41.67007
          ],
          [
            13.49718,
            41.67013
          ],
          [
            13.49737,
            41.67015
          ],
          [
            13.49743,
            41.67016
          ],
          [
            13.49749,
            41.67016
          ],
          [
            13.49762,
            41.67018
          ],
          [
            13.4979,
            41.67021
          ],
          [
            13.49815,
            41.67024
          ],
          [
            13.49887,
            41.67029
          ],
          [
            13.49925,
            41.67031
          ],
          [
            13.49972,
            41.67037
          ],
          [
            13.50005,
            41.6704
          ],
          [
            13.50034,
            41.67042
          ],
          [
            13.50049,
            41.67043
          ],
          [
            13.5009,
            41.67047
          ],
          [
            13.50101,
            41.67048
          ],
          [
            13.50152,
            41.67052
          ],
          [
            13.50199,
            41.67055
          ],
          [
            13.50206,
            41.67055
          ],
          [
            13.50263,
            41.6706
          ],
          [
            13.50265,
            41.6706
          ],
          [
            13.50299,
            41.67063
          ],
          [
            13.50326,
            41.67064
          ],
          [
            13.50417,
            41.67073
          ],
          [
            13.50524,
            41.67083
          ],
          [
            13.50531,
            41.67083
          ],
          [
            13.50552,
            41.67085
          ],
          [
            13.50578,
            41.67087
          ],
          [
            13.5058,
            41.67087
          ],
          [
            13.50622,
            41.6709
          ],
          [
            13.50623,
            41.6709
          ],
          [
            13.50651,
            41.67093
          ],
          [
            13.5066,
            41.67094
          ],
          [
            13.50675,
            41.67095
          ],
          [
            13.50699,
            41.67097
          ],
          [
            13.507,
            41.67097
          ],
          [
            13.50714,
            41.67098
          ],
          [
            13.50723,
            41.67099
          ],
          [
            13.50759,
            41.67102
          ],
          [
            13.50821,
            41.67107
          ],
          [
            13.50843,
            41.67109
          ],
          [
            13.50844,
            41.67109
          ],
          [
            13.50867,
            41.67111
          ],
          [
            13.50868,
            41.67111
          ],
          [
            13.50891,
            41.67113
          ],
          [
            13.50892,
            41.67113
          ],
          [
            13.50909,
            41.67114
          ],
          [
            13.50946,
            41.67116
          ],
          [
            13.50951,
            41.67116
          ],
          [
            13.50984,
            41.67119
          ],
          [
            13.5101,
            41.67127
          ],
          [
            13.51025,
            41.67131
          ],
          [
            13.51059,
            41.67144
          ],
          [
            13.51064,
            41.67145
          ],
          [
            13.51068,
            41.67147
          ],
          [
            13.5109,
            41.67156
          ],
          [
            13.51101,
            41.6716
          ],
          [
            13.51114,
            41.67164
          ],
          [
            13.51116,
            41.67164
          ],
          [
            13.51126,
            41.67166
          ],
          [
            13.51136,
            41.67168
          ],
          [
            13.51149,
            41.67169
          ],
          [
            13.5117,
            41.6717
          ],
          [
            13.51173,
            41.67169
          ],
          [
            13.51187,
            41.67169
          ],
          [
            13.51191,
            41.67168
          ],
          [
            13.51222,
            41.67166
          ],
          [
            13.51232,
            41.67165
          ],
          [
            13.5124,
            41.67166
          ],
          [
            13.5125,
            41.67168
          ],
          [
            13.51256,
            41.6717
          ],
          [
            13.51262,
            41.67173
          ],
          [
            13.51273,
            41.67178
          ],
          [
            13.51307,
            41.67203
          ],
          [
            13.51321,
            41.67212
          ],
          [
            13.5135,
            41.67234
          ],
          [
            13.51374,
            41.67252
          ],
          [
            13.51391,
            41.67264
          ],
          [
            13.5144,
            41.67302
          ],
          [
            13.51473,
            41.67325
          ],
          [
            13.51477,
            41.67328
          ],
          [
            13.51483,
            41.67333
          ],
          [
            13.51501,
            41.67348
          ],
          [
            13.51505,
            41.67351
          ],
          [
            13.5151,
            41.67356
          ],
          [
            13.51515,
            41.67363
          ],
          [
            13.5152,
            41.67368
          ],
          [
            13.51544,
            41.67393
          ],
          [
            13.51545,
            41.67394
          ],
          [
            13.51558,
            41.67409
          ],
          [
            13.51584,
            41.67439
          ],
          [
            13.51598,
            41.67455
          ],
          [
            13.51611,
            41.6747
          ],
          [
            13.51615,
            41.67476
          ],
          [
            13.51643,
            41.67507
          ],
          [
            13.51656,
            41.67521
          ],
          [
            13.51664,
            41.67529
          ],
          [
            13.51696,
            41.67558
          ],
          [
            13.5173,
            41.6758
          ],
          [
            13.51778,
            41.67611
          ],
          [
            13.51782,
            41.67614
          ],
          [
            13.51799,
            41.67626
          ],
          [
            13.51887,
            41.67684
          ],
          [
            13.51903,
            41.67694
          ],
          [
            13.51907,
            41.67697
          ],
          [
            13.51924,
            41.67705
          ],
          [
            13.51933,
            41.6771
          ],
          [
            13.51966,
            41.67719
          ],
          [
            13.51993,
            41.67723
          ],
          [
            13.52014,
            41.67725
          ],
          [
            13.52021,
            41.67725
          ],
          [
            13.52033,
            41.67726
          ],
          [
            13.52135,
            41.67726
          ],
          [
            13.52162,
            41.67725
          ],
          [
            13.52166,
            41.67725
          ],
          [
            13.52186,
            41.67728
          ],
          [
            13.52187,
            41.67728
          ],
          [
            13.52204,
            41.67731
          ],
          [
            13.52225,
            41.67738
          ],
          [
            13.52247,
            41.67747
          ],
          [
            13.5229,
            41.6777
          ],
          [
            13.52349,
            41.67801
          ],
          [
            13.5236,
            41.67806
          ],
          [
            13.52378,
            41.67815
          ],
          [
            13.5239,
            41.6782
          ],
          [
            13.52395,
            41.67823
          ],
          [
            13.52424,
            41.67836
          ],
          [
            13.52464,
            41.67856
          ],
          [
            13.52484,
            41.67866
          ],
          [
            13.52489,
            41.67869
          ],
          [
            13.52511,
            41.67879
          ],
          [
            13.52574,
            41.67909
          ],
          [
            13.52622,
            41.67931
          ],
          [
            13.52653,
            41.67946
          ],
          [
            13.52679,
            41.67959
          ],
          [
            13.52772,
            41.68005
          ],
          [
            13.52818,
            41.68028
          ],
          [
            13.52839,
            41.68038
          ],
          [
            13.52844,
            41.6804
          ],
          [
            13.52854,
            41.68044
          ],
          [
            13.52864,
            41.68049
          ],
          [
            13.52875,
            41.68052
          ],
          [
            13.52883,
            41.68054
          ],
          [
            13.52892,
            41.68056
          ],
          [
            13.52897,
            41.68056
          ],
          [
            13.52923,
            41.68062
          ],
          [
            13.52945,
            41.68066
          ],
          [
            13.52968,
            41.6807
          ],
          [
            13.52994,
            41.68075
          ],
          [
            13.53011,
            41.68078
          ],
          [
            13.53051,
            41.68086
          ],
          [
            13.53102,
            41.68096
          ],
          [
            13.53131,
            41.68102
          ],
          [
            13.53149,
            41.68105
          ],
          [
            13.53178,
            41.68111
          ],
          [
            13.53214,
            41.68118
          ],
          [
            13.53228,
            41.68121
          ],
          [
            13.53235,
            41.68123
          ],
          [
            13.53256,
            41.68128
          ],
          [
            13.53282,
            41.68133
          ],
          [
            13.53291,
            41.68134
          ],
          [
            13.53304,
            41.68136
          ],
          [
            13.53314,
            41.68136
          ],
          [
            13.53327,
            41.68135
          ],
          [
            13.53341,
            41.6813
          ],
          [
            13.53352,
            41.68122
          ],
          [
            13.53363,
            41.68111
          ],
          [
            13.53369,
            41.68106
          ],
          [
            13.5337,
            41.68104
          ],
          [
            13.53376,
            41.68096
          ],
          [
            13.53381,
            41.6809
          ],
          [
            13.53388,
            41.68081
          ],
          [
            13.53393,
            41.68075
          ],
          [
            13.53413,
            41.6805
          ],
          [
            13.53425,
            41.68034
          ],
          [
            13.53464,
            41.67971
          ],
          [
            13.53476,
            41.67953
          ],
          [
            13.53489,
            41.6794
          ],
          [
            13.53491,
            41.67937
          ],
          [
            13.53505,
            41.6793
          ],
          [
            13.53521,
            41.67918
          ],
          [
            13.53541,
            41.6791
          ],
          [
            13.53558,
            41.67905
          ],
          [
            13.53587,
            41.67898
          ],
          [
            13.53598,
            41.67896
          ],
          [
            13.53634,
            41.67891
          ],
          [
            13.53639,
            41.67891
          ],
          [
            13.53658,
            41.67888
          ],
          [
            13.53745,
            41.67877
          ],
          [
            13.53788,
            41.67872
          ],
          [
            13.53795,
            41.67871
          ],
          [
            13.53817,
            41.6787
          ],
          [
            13.53845,
            41.67867
          ],
          [
            13.53885,
            41.67867
          ],
          [
            13.53908,
            41.6787
          ],
          [
            13.53916,
            41.67871
          ],
          [
            13.53962,
            41.67878
          ],
          [
            13.54,
            41.67884
          ],
          [
            13.54009,
            41.67885
          ],
          [
            13.54053,
            41.67893
          ],
          [
            13.54064,
            41.67895
          ],
          [
            13.54078,
            41.67898
          ],
          [
            13.54091,
            41.67904
          ],
          [
            13.54109,
            41.67913
          ],
          [
            13.54162,
            41.67941
          ],
          [
            13.5417,
            41.67945
          ],
          [
            13.54183,
            41.6795
          ],
          [
            13.54203,
            41.6796
          ],
          [
            13.54209,
            41.67962
          ],
          [
            13.54234,
            41.67972
          ],
          [
            13.5426,
            41.6798
          ],
          [
            13.54324,
            41.67998
          ],
          [
            13.5433,
            41.68
          ],
          [
            13.54347,
            41.68003
          ],
          [
            13.54369,
            41.68007
          ],
          [
            13.54374,
            41.68008
          ],
          [
            13.54422,
            41.68019
          ],
          [
            13.54445,
            41.68024
          ],
          [
            13.54485,
            41.68032
          ],
          [
            13.5449,
            41.68033
          ],
          [
            13.54504,
            41.68036
          ],
          [
            13.54533,
            41.68036
          ],
          [
            13.54546,
            41.68034
          ],
          [
            13.54558,
            41.68032
          ],
          [
            13.54564,
            41.68029
          ],
          [
            13.54581,
            41.68021
          ],
          [
            13.54587,
            41.68019
          ],
          [
            13.54603,
            41.68008
          ],
          [
            13.54621,
            41.67996
          ],
          [
            13.54654,
            41.67974
          ],
          [
            13.54672,
            41.67962
          ],
          [
            13.54707,
            41.67936
          ],
          [
            13.54708,
            41.67936
          ],
          [
            13.54729,
            41.67916
          ],
          [
            13.54745,
            41.67894
          ],
          [
            13.54746,
            41.67891
          ],
          [
            13.54754,
            41.67874
          ],
          [
            13.54762,
            41.67857
          ],
          [
            13.54763,
            41.67855
          ],
          [
            13.54768,
            41.6784
          ],
          [
            13.54775,
            41.67823
          ],
          [
            13.54779,
            41.67811
          ],
          [
            13.54781,
            41.67805
          ],
          [
            13.54787,
            41.67788
          ],
          [
            13.54788,
            41.67785
          ],
          [
            13.54796,
            41.67771
          ],
          [
            13.54802,
            41.67765
          ],
          [
            13.54809,
            41.67756
          ],
          [
            13.54816,
            41.67751
          ],
          [
            13.54821,
            41.67747
          ],
          [
            13.54835,
            41.6774
          ],
          [
            13.54838,
            41.67739
          ],
          [
            13.54857,
            41.67732
          ],
          [
            13.5486,
            41.67732
          ],
          [
            13.5488,
            41.67727
          ],
          [
            13.54891,
            41.67725
          ],
          [
            13.54904,
            41.67724
          ],
          [
            13.54992,
            41.67713
          ],
          [
            13.55037,
            41.677
          ],
          [
            13.5505,
            41.67697
          ],
          [
            13.55061,
            41.67696
          ],
          [
            13.55078,
            41.67697
          ],
          [
            13.55115,
            41.67707
          ],
          [
            13.5513,
            41.67711
          ],
          [
            13.55138,
            41.67713
          ],
          [
            13.55208,
            41.6773
          ],
          [
            13.55281,
            41.67748
          ],
          [
            13.5529,
            41.67751
          ],
          [
            13.55316,
            41.67757
          ],
          [
            13.55363,
            41.67769
          ],
          [
            13.55388,
            41.67775
          ],
          [
            13.55402,
            41.67781
          ],
          [
            13.55411,
            41.67784
          ],
          [
            13.5545,
            41.678
          ],
          [
            13.55459,
            41.67805
          ],
          [
            13.55483,
            41.67823
          ],
          [
            13.55495,
            41.67831
          ],
          [
            13.55509,
            41.67839
          ],
          [
            13.55525,
            41.67849
          ],
          [
            13.55527,
            41.6785
          ],
          [
            13.55546,
            41.6786
          ],
          [
            13.55563,
            41.67868
          ],
          [
            13.55572,
            41.6787
          ],
          [
            13.55589,
            41.67874
          ],
          [
            13.55592,
            41.67874
          ],
          [
            13.55619,
            41.67879
          ],
          [
            13.55661,
            41.67886
          ],
          [
            13.55669,
            41.67887
          ],
          [
            13.5569,
            41.6789
          ],
          [
            13.55755,
            41.67901
          ],
          [
            13.55786,
            41.67907
          ],
          [
            13.55818,
            41.67912
          ],
          [
            13.55879,
            41.67923
          ],
          [
            13.5592,
            41.67931
          ],
          [
            13.55933,
            41.67933
          ],
          [
            13.55948,
            41.67937
          ],
          [
            13.55969,
            41.6794
          ],
          [
            13.55999,
            41.67945
          ],
          [
            13.56013,
            41.67947
          ],
          [
            13.56032,
            41.6795
          ],
          [
            13.56071,
            41.67957
          ],
          [
            13.5611,
            41.67964
          ],
          [
            13.5613,
            41.67967
          ],
          [
            13.5615,
            41.6797
          ],
          [
            13.56176,
            41.67975
          ],
          [
            13.56205,
            41.67978
          ],
          [
            13.56218,
            41.6798
          ],
          [
            13.56219,
            41.67981
          ],
          [
            13.56223,
            41.67981
          ],
          [
            13.56237,
            41.67984
          ],
          [
            13.56258,
            41.67987
          ],
          [
            13.56261,
            41.67988
          ],
          [
            13.56278,
            41.6799
          ],
          [
            13.56279,
            41.67989
          ],
          [
            13.5628,
            41.67989
          ],
          [
            13.5628,
            41.67988
          ],
          [
            13.56282,
            41.67988
          ],
          [
            13.56282,
            41.67987
          ],
          [
            13.56285,
            41.67987
          ],
          [
            13.5629,
            41.67981
          ],
          [
            13.56299,
            41.67969
          ],
          [
            13.56302,
            41.67962
          ],
          [
            13.56304,
            41.67958
          ],
          [
            13.56314,
            41.67937
          ],
          [
            13.5632,
            41.67925
          ],
          [
            13.56327,
            41.67915
          ],
          [
            13.56346,
            41.67883
          ],
          [
            13.56365,
            41.67851
          ],
          [
            13.56375,
            41.67835
          ],
          [
            13.56447,
            41.67723
          ],
          [
            13.56488,
            41.67644
          ],
          [
            13.56501,
            41.67622
          ],
          [
            13.56498,
            41.67601
          ],
          [
            13.56496,
            41.67599
          ],
          [
            13.56495,
            41.67599
          ],
          [
            13.56494,
            41.67597
          ],
          [
            13.56494,
            41.67594
          ],
          [
            13.56494,
            41.67592
          ],
          [
            13.56496,
            41.67589
          ],
          [
            13.56498,
            41.67587
          ],
          [
            13.56499,
            41.67586
          ],
          [
            13.565,
            41.67585
          ],
          [
            13.56504,
            41.67584
          ],
          [
            13.56511,
            41.67584
          ],
          [
            13.56514,
            41.67585
          ],
          [
            13.56517,
            41.67587
          ],
          [
            13.56519,
            41.67589
          ],
          [
            13.56542,
            41.67594
          ],
          [
            13.56549,
            41.67594
          ],
          [
            13.56605,
            41.676
          ],
          [
            13.56676,
            41.67609
          ],
          [
            13.56687,
            41.6761
          ],
          [
            13.56721,
            41.67616
          ],
          [
            13.56796,
            41.67626
          ],
          [
            13.56892,
            41.6764
          ],
          [
            13.56938,
            41.67647
          ],
          [
            13.57043,
            41.67662
          ],
          [
            13.57044,
            41.67661
          ],
          [
            13.57044,
            41.6766
          ],
          [
            13.57045,
            41.6766
          ],
          [
            13.57045,
            41.67659
          ],
          [
            13.57046,
            41.67659
          ],
          [
            13.57046,
            41.67658
          ],
          [
            13.57048,
            41.67658
          ],
          [
            13.57048,
            41.67657
          ],
          [
            13.57056,
            41.67657
          ],
          [
            13.57057,
            41.67658
          ],
          [
            13.57058,
            41.67658
          ],
          [
            13.57059,
            41.67659
          ],
          [
            13.5706,
            41.67659
          ],
          [
            13.5706,
            41.6766
          ],
          [
            13.57061,
            41.67661
          ],
          [
            13.57061,
            41.67665
          ],
          [
            13.57082,
            41.67667
          ],
          [
            13.57113,
            41.67672
          ],
          [
            13.57212,
            41.67685
          ],
          [
            13.57277,
            41.67695
          ],
          [
            13.57329,
            41.67702
          ],
          [
            13.57359,
            41.67706
          ],
          [
            13.57401,
            41.67712
          ],
          [
            13.57427,
            41.67716
          ],
          [
            13.57471,
            41.67721
          ],
          [
            13.57485,
            41.67719
          ],
          [
            13.57499,
            41.67711
          ],
          [
            13.5749,
            41.67702
          ],
          [
            13.57504,
            41.67689
          ],
          [
            13.5756,
            41.67633
          ],
          [
            13.57577,
            41.67616
          ],
          [
            13.57588,
            41.67605
          ],
          [
            13.5759,
            41.67602
          ],
          [
            13.57624,
            41.67569
          ],
          [
            13.5763,
            41.67569
          ],
          [
            13.57632,
            41.6757
          ],
          [
            13.57635,
            41.6757
          ],
          [
            13.57638,
            41.67569
          ],
          [
            13.57641,
            41.67569
          ],
          [
            13.57749,
            41.67549
          ],
          [
            13.57765,
            41.67546
          ],
          [
            13.57779,
            41.67543
          ],
          [
            13.57782,
            41.67542
          ],
          [
            13.57833,
            41.67538
          ],
          [
            13.57887,
            41.67534
          ],
          [
            13.57896,
            41.67533
          ],
          [
            13.57908,
            41.67532
          ],
          [
            13.57919,
            41.67529
          ],
          [
            13.5793,
            41.67527
          ],
          [
            13.57934,
            41.67526
          ],
          [
            13.57935,
            41.67525
          ],
          [
            13.57937,
            41.67524
          ],
          [
            13.57938,
            41.67524
          ],
          [
            13.5794,
            41.67523
          ],
          [
            13.57941,
            41.67522
          ],
          [
            13.57942,
            41.67521
          ],
          [
            13.57944,
            41.6752
          ],
          [
            13.57945,
            41.67519
          ],
          [
            13.57947,
            41.67518
          ],
          [
            13.57949,
            41.67515
          ],
          [
            13.57952,
            41.6751
          ],
          [
            13.57957,
            41.67504
          ],
          [
            13.57958,
            41.67503
          ],
          [
            13.57959,
            41.67502
          ],
          [
            13.57962,
            41.675
          ],
          [
            13.57964,
            41.67498
          ],
          [
            13.57965,
            41.67497
          ],
          [
            13.57966,
            41.67497
          ],
          [
            13.57968,
            41.67496
          ],
          [
            13.57969,
            41.67495
          ],
          [
            13.5797,
            41.67494
          ],
          [
            13.57972,
            41.67494
          ],
          [
            13.57974,
            41.67493
          ],
          [
            13.57976,
            41.67492
          ],
          [
            13.57977,
            41.67492
          ],
          [
            13.57979,
            41.67491
          ],
          [
            13.57982,
            41.67491
          ],
          [
            13.57986,
            41.6749
          ],
          [
            13.57992,
            41.67488
          ],
          [
            13.57994,
            41.67488
          ],
          [
            13.57995,
            41.67487
          ],
          [
            13.57996,
            41.67487
          ],
          [
            13.57997,
            41.67486
          ],
          [
            13.57998,
            41.67486
          ],
          [
            13.57999,
            41.67485
          ],
          [
            13.58,
            41.67483
          ],
          [
            13.58001,
            41.67483
          ],
          [
            13.58001,
            41.67481
          ],
          [
            13.58002,
            41.67479
          ],
          [
            13.58003,
            41.67478
          ],
          [
            13.58003,
            41.67477
          ],
          [
            13.58004,
            41.67477
          ],
          [
            13.58004,
            41.67476
          ],
          [
            13.58006,
            41.67476
          ],
          [
            13.58008,
            41.67475
          ],
          [
            13.58012,
            41.67474
          ],
          [
            13.58017,
            41.67474
          ],
          [
            13.58018,
            41.67473
          ],
          [
            13.58032,
            41.67473
          ],
          [
            13.58041,
            41.67474
          ],
          [
            13.58044,
            41.67475
          ],
          [
            13.58047,
            41.67474
          ],
          [
            13.58055,
            41.67473
          ],
          [
            13.58066,
            41.67471
          ],
          [
            13.58068,
            41.67471
          ],
          [
            13.58088,
            41.67467
          ],
          [
            13.58091,
            41.67466
          ],
          [
            13.58103,
            41.67464
          ],
          [
            13.58108,
            41.67463
          ],
          [
            13.58112,
            41.67463
          ],
          [
            13.58115,
            41.67462
          ],
          [
            13.58124,
            41.67462
          ],
          [
            13.58129,
            41.67463
          ],
          [
            13.58134,
            41.67463
          ],
          [
            13.58138,
            41.67464
          ],
          [
            13.58143,
            41.67465
          ],
          [
            13.58149,
            41.67468
          ],
          [
            13.5816,
            41.67472
          ],
          [
            13.58164,
            41.67474
          ],
          [
            13.58173,
            41.67478
          ],
          [
            13.58181,
            41.67481
          ],
          [
            13.58182,
            41.67481
          ],
          [
            13.58187,
            41.67482
          ],
          [
            13.58193,
            41.67482
          ],
          [
            13.58199,
            41.67481
          ],
          [
            13.58206,
            41.67479
          ],
          [
            13.58212,
            41.67478
          ],
          [
            13.58223,
            41.67474
          ],
          [
            13.58233,
            41.67471
          ],
          [
            13.58246,
            41.67467
          ],
          [
            13.58249,
            41.67466
          ],
          [
            13.58257,
            41.67463
          ],
          [
            13.58259,
            41.67462
          ],
          [
            13.5826,
            41.6746
          ],
          [
            13.58262,
            41.67458
          ],
          [
            13.58264,
            41.67456
          ],
          [
            13.58265,
            41.67453
          ],
          [
            13.58267,
            41.67446
          ],
          [
            13.5827,
            41.67436
          ],
          [
            13.58275,
            41.67418
          ],
          [
            13.58279,
            41.67407
          ],
          [
            13.58281,
            41.67401
          ],
          [
            13.58284,
            41.6739
          ],
          [
            13.5829,
            41.67369
          ],
          [
            13.58291,
            41.67366
          ],
          [
            13.58296,
            41.67353
          ],
          [
            13.58304,
            41.67331
          ],
          [
            13.5831,
            41.6732
          ],
          [
            13.58316,
            41.67314
          ],
          [
            13.58319,
            41.67312
          ],
          [
            13.58322,
            41.67311
          ],
          [
            13.58327,
            41.67309
          ],
          [
            13.58333,
            41.67308
          ],
          [
            13.58336,
            41.67308
          ],
          [
            13.5835,
            41.67307
          ],
          [
            13.5836,
            41.67306
          ],
          [
            13.58363,
            41.67305
          ],
          [
            13.58372,
            41.67303
          ],
          [
            13.58382,
            41.67299
          ],
          [
            13.58393,
            41.67295
          ],
          [
            13.58404,
            41.67291
          ],
          [
            13.58425,
            41.67283
          ],
          [
            13.58428,
            41.67282
          ],
          [
            13.58446,
            41.67274
          ],
          [
            13.58449,
            41.67273
          ],
          [
            13.58454,
            41.6727
          ],
          [
            13.58459,
            41.67267
          ],
          [
            13.58463,
            41.67262
          ],
          [
            13.58464,
            41.67261
          ],
          [
            13.58469,
            41.67254
          ],
          [
            13.58473,
            41.67246
          ],
          [
            13.58476,
            41.67241
          ],
          [
            13.5848,
            41.67229
          ],
          [
            13.58486,
            41.67218
          ],
          [
            13.58495,
            41.67206
          ],
          [
            13.58503,
            41.67199
          ],
          [
            13.58505,
            41.67198
          ],
          [
            13.58517,
            41.67191
          ],
          [
            13.58524,
            41.67187
          ],
          [
            13.58543,
            41.67176
          ],
          [
            13.58544,
            41.67176
          ],
          [
            13.58563,
            41.67166
          ],
          [
            13.5858,
            41.67158
          ],
          [
            13.58583,
            41.67156
          ],
          [
            13.58608,
            41.67143
          ],
          [
            13.5862,
            41.67141
          ],
          [
            13.58625,
            41.6714
          ],
          [
            13.58628,
            41.67138
          ],
          [
            13.5863,
            41.67138
          ],
          [
            13.58634,
            41.67136
          ],
          [
            13.58662,
            41.67125
          ],
          [
            13.58673,
            41.6712
          ],
          [
            13.58679,
            41.67118
          ],
          [
            13.58694,
            41.67112
          ],
          [
            13.58714,
            41.67103
          ],
          [
            13.58757,
            41.67085
          ],
          [
            13.58763,
            41.67082
          ],
          [
            13.58776,
            41.67076
          ],
          [
            13.58832,
            41.67054
          ],
          [
            13.5884,
            41.67049
          ],
          [
            13.58849,
            41.67044
          ],
          [
            13.58859,
            41.67034
          ],
          [
            13.5887,
            41.67021
          ],
          [
            13.58883,
            41.67006
          ],
          [
            13.58889,
            41.67
          ],
          [
            13.58897,
            41.66991
          ],
          [
            13.58901,
            41.66987
          ],
          [
            13.58902,
            41.66986
          ],
          [
            13.58908,
            41.6698
          ],
          [
            13.58913,
            41.66978
          ],
          [
            13.58917,
            41.66976
          ],
          [
            13.58934,
            41.66969
          ],
          [
            13.58961,
            41.66958
          ],
          [
            13.58966,
            41.66956
          ],
          [
            13.58976,
            41.66952
          ],
          [
            13.58988,
            41.66948
          ],
          [
            13.5902,
            41.66937
          ],
          [
            13.59022,
            41.66936
          ],
          [
            13.59025,
            41.66935
          ],
          [
            13.59026,
            41.66935
          ],
          [
            13.59042,
            41.6693
          ],
          [
            13.59049,
            41.66927
          ],
          [
            13.59072,
            41.66912
          ],
          [
            13.59093,
            41.66896
          ],
          [
            13.59108,
            41.66884
          ],
          [
            13.59116,
            41.66879
          ],
          [
            13.59119,
            41.66877
          ],
          [
            13.59123,
            41.66874
          ],
          [
            13.59125,
            41.66873
          ],
          [
            13.59128,
            41.66871
          ],
          [
            13.59131,
            41.66868
          ],
          [
            13.59142,
            41.66862
          ],
          [
            13.59157,
            41.66855
          ],
          [
            13.59164,
            41.66852
          ],
          [
            13.59171,
            41.6685
          ],
          [
            13.59184,
            41.66846
          ],
          [
            13.59188,
            41.66845
          ],
          [
            13.59192,
            41.66844
          ],
          [
            13.59197,
            41.66844
          ],
          [
            13.59203,
            41.66845
          ],
          [
            13.5921,
            41.66845
          ],
          [
            13.59221,
            41.66848
          ],
          [
            13.59226,
            41.66849
          ],
          [
            13.59236,
            41.66853
          ],
          [
            13.59244,
            41.66857
          ],
          [
            13.59256,
            41.66867
          ],
          [
            13.59269,
            41.66878
          ],
          [
            13.59312,
            41.66917
          ],
          [
            13.59319,
            41.66921
          ],
          [
            13.5932,
            41.66922
          ],
          [
            13.59344,
            41.66937
          ],
          [
            13.59357,
            41.66943
          ],
          [
            13.59363,
            41.66945
          ],
          [
            13.5937,
            41.66947
          ],
          [
            13.59381,
            41.66949
          ],
          [
            13.59392,
            41.66948
          ],
          [
            13.59402,
            41.66947
          ],
          [
            13.59416,
            41.66944
          ],
          [
            13.59425,
            41.66941
          ],
          [
            13.59429,
            41.66939
          ],
          [
            13.5943,
            41.66939
          ],
          [
            13.59432,
            41.66936
          ],
          [
            13.59433,
            41.66934
          ],
          [
            13.59434,
            41.66931
          ],
          [
            13.59434,
            41.66921
          ],
          [
            13.59432,
            41.66914
          ],
          [
            13.59429,
            41.66907
          ],
          [
            13.59424,
            41.66892
          ],
          [
            13.59414,
            41.66877
          ],
          [
            13.59412,
            41.66871
          ],
          [
            13.59411,
            41.66869
          ],
          [
            13.59411,
            41.66867
          ],
          [
            13.5941,
            41.66862
          ],
          [
            13.5941,
            41.66858
          ],
          [
            13.59411,
            41.66856
          ],
          [
            13.59411,
            41.66854
          ],
          [
            13.59412,
            41.66853
          ],
          [
            13.59421,
            41.66847
          ],
          [
            13.59427,
            41.66845
          ],
          [
            13.59431,
            41.66842
          ],
          [
            13.59441,
            41.66839
          ],
          [
            13.59474,
            41.66821
          ],
          [
            13.59485,
            41.66815
          ],
          [
            13.59511,
            41.66797
          ],
          [
            13.59528,
            41.66777
          ],
          [
            13.59535,
            41.66771
          ],
          [
            13.59538,
            41.66768
          ],
          [
            13.5954,
            41.66767
          ],
          [
            13.59546,
            41.66762
          ],
          [
            13.59551,
            41.66758
          ],
          [
            13.59566,
            41.66751
          ],
          [
            13.5958,
            41.66746
          ],
          [
            13.59595,
            41.66739
          ],
          [
            13.59632,
            41.66725
          ],
          [
            13.5965,
            41.6672
          ],
          [
            13.59667,
            41.66716
          ],
          [
            13.59682,
            41.66715
          ],
          [
            13.59696,
            41.66715
          ],
          [
            13.59703,
            41.66714
          ],
          [
            13.59704,
            41.66714
          ],
          [
            13.59711,
            41.66713
          ],
          [
            13.59722,
            41.66709
          ],
          [
            13.59735,
            41.66705
          ],
          [
            13.59755,
            41.66696
          ],
          [
            13.59756,
            41.66696
          ],
          [
            13.59767,
            41.66685
          ],
          [
            13.59777,
            41.6667
          ],
          [
            13.59804,
            41.6664
          ],
          [
            13.59812,
            41.66631
          ],
          [
            13.59841,
            41.66609
          ],
          [
            13.59873,
            41.66577
          ],
          [
            13.59882,
            41.66569
          ],
          [
            13.59894,
            41.66562
          ],
          [
            13.59897,
            41.66561
          ],
          [
            13.59911,
            41.66555
          ],
          [
            13.59919,
            41.66554
          ],
          [
            13.59931,
            41.66552
          ],
          [
            13.59945,
            41.66549
          ],
          [
            13.59967,
            41.66546
          ],
          [
            13.59989,
            41.66544
          ],
          [
            13.60014,
            41.66544
          ],
          [
            13.60035,
            41.66547
          ],
          [
            13.60057,
            41.6655
          ],
          [
            13.60064,
            41.6655
          ],
          [
            13.60067,
            41.66549
          ],
          [
            13.60071,
            41.66548
          ],
          [
            13.60073,
            41.66547
          ],
          [
            13.60079,
            41.66545
          ],
          [
            13.60082,
            41.6654
          ],
          [
            13.60085,
            41.66535
          ],
          [
            13.60087,
            41.66529
          ],
          [
            13.60089,
            41.66522
          ],
          [
            13.6009,
            41.66517
          ],
          [
            13.6009,
            41.66506
          ],
          [
            13.60089,
            41.66496
          ],
          [
            13.60088,
            41.66488
          ],
          [
            13.60088,
            41.66474
          ],
          [
            13.6009,
            41.66464
          ],
          [
            13.60091,
            41.66462
          ],
          [
            13.60094,
            41.66459
          ],
          [
            13.601,
            41.66454
          ],
          [
            13.60101,
            41.66453
          ],
          [
            13.60103,
            41.66452
          ],
          [
            13.60112,
            41.66448
          ],
          [
            13.60127,
            41.66443
          ],
          [
            13.60167,
            41.66429
          ],
          [
            13.60172,
            41.66425
          ],
          [
            13.60174,
            41.66423
          ],
          [
            13.60175,
            41.66422
          ],
          [
            13.60177,
            41.66421
          ],
          [
            13.60185,
            41.66418
          ],
          [
            13.60185,
            41.66417
          ],
          [
            13.60207,
            41.6641
          ],
          [
            13.6021,
            41.66409
          ],
          [
            13.60217,
            41.66406
          ],
          [
            13.60222,
            41.66404
          ],
          [
            13.60226,
            41.66402
          ],
          [
            13.60228,
            41.66401
          ],
          [
            13.6023,
            41.664
          ],
          [
            13.60234,
            41.66398
          ],
          [
            13.60237,
            41.66395
          ],
          [
            13.60246,
            41.66389
          ],
          [
            13.60278,
            41.66365
          ],
          [
            13.6028,
            41.66363
          ],
          [
            13.60312,
            41.66337
          ],
          [
            13.60344,
            41.66311
          ],
          [
            13.60359,
            41.663
          ],
          [
            13.60371,
            41.66291
          ],
          [
            13.60378,
            41.66286
          ],
          [
            13.6038,
            41.66284
          ],
          [
            13.60384,
            41.6628
          ],
          [
            13.60392,
            41.66271
          ],
          [
            13.60398,
            41.66265
          ],
          [
            13.60408,
            41.66254
          ],
          [
            13.60417,
            41.6624
          ],
          [
            13.60422,
            41.66234
          ],
          [
            13.60428,
            41.66225
          ],
          [
            13.60443,
            41.66204
          ],
          [
            13.60464,
            41.66183
          ],
          [
            13.60481,
            41.6617
          ],
          [
            13.60487,
            41.66164
          ],
          [
            13.60495,
            41.66156
          ],
          [
            13.60499,
            41.6615
          ],
          [
            13.60517,
            41.66122
          ],
          [
            13.60522,
            41.66112
          ],
          [
            13.60536,
            41.66087
          ],
          [
            13.60539,
            41.6608
          ],
          [
            13.60542,
            41.66074
          ],
          [
            13.60552,
            41.66056
          ],
          [
            13.60559,
            41.66045
          ],
          [
            13.6056,
            41.66042
          ],
          [
            13.60568,
            41.66026
          ],
          [
            13.6057,
            41.66021
          ],
          [
            13.60574,
            41.66011
          ],
          [
            13.60575,
            41.66008
          ],
          [
            13.60576,
            41.66004
          ],
          [
            13.60577,
            41.65996
          ],
          [
            13.60578,
            41.6599
          ],
          [
            13.60578,
            41.65989
          ],
          [
            13.60576,
            41.65969
          ],
          [
            13.60573,
            41.65955
          ],
          [
            13.60573,
            41.65946
          ],
          [
            13.60574,
            41.65929
          ],
          [
            13.60575,
            41.65926
          ],
          [
            13.60575,
            41.65914
          ],
          [
            13.60577,
            41.65898
          ],
          [
            13.60581,
            41.65889
          ],
          [
            13.60584,
            41.65882
          ],
          [
            13.60584,
            41.6588
          ],
          [
            13.60589,
            41.65873
          ],
          [
            13.60597,
            41.65867
          ],
          [
            13.606,
            41.65865
          ],
          [
            13.60625,
            41.65849
          ],
          [
            13.60641,
            41.65842
          ],
          [
            13.60658,
            41.65829
          ],
          [
            13.60683,
            41.65807
          ],
          [
            13.60699,
            41.65791
          ],
          [
            13.60708,
            41.65783
          ],
          [
            13.60715,
            41.65778
          ],
          [
            13.60716,
            41.65777
          ],
          [
            13.60726,
            41.65774
          ],
          [
            13.6074,
            41.65771
          ],
          [
            13.60761,
            41.65768
          ],
          [
            13.60764,
            41.65767
          ],
          [
            13.60783,
            41.65762
          ],
          [
            13.60796,
            41.65758
          ],
          [
            13.60828,
            41.65747
          ],
          [
            13.60834,
            41.65745
          ],
          [
            13.60898,
            41.65723
          ],
          [
            13.60942,
            41.65711
          ],
          [
            13.60964,
            41.65705
          ],
          [
            13.60979,
            41.65701
          ],
          [
            13.60998,
            41.65701
          ],
          [
            13.61009,
            41.65699
          ],
          [
            13.61015,
            41.65697
          ],
          [
            13.61023,
            41.65695
          ],
          [
            13.61051,
            41.65683
          ],
          [
            13.61056,
            41.65681
          ],
          [
            13.61071,
            41.65674
          ],
          [
            13.6111,
            41.65659
          ],
          [
            13.61136,
            41.65648
          ],
          [
            13.61154,
            41.65639
          ],
          [
            13.6117,
            41.65629
          ],
          [
            13.61229,
            41.65587
          ],
          [
            13.61232,
            41.65585
          ],
          [
            13.61238,
            41.6558
          ],
          [
            13.61241,
            41.65576
          ],
          [
            13.61242,
            41.65575
          ],
          [
            13.61244,
            41.6557
          ],
          [
            13.61245,
            41.65569
          ],
          [
            13.61246,
            41.65563
          ],
          [
            13.61246,
            41.65559
          ],
          [
            13.61246,
            41.65557
          ],
          [
            13.61244,
            41.65549
          ],
          [
            13.61241,
            41.65541
          ],
          [
            13.61233,
            41.65524
          ],
          [
            13.61231,
            41.65522
          ],
          [
            13.61229,
            41.65514
          ],
          [
            13.61229,
            41.65509
          ],
          [
            13.6123,
            41.65496
          ],
          [
            13.61237,
            41.65471
          ],
          [
            13.61238,
            41.65471
          ],
          [
            13.61239,
            41.65465
          ],
          [
            13.61242,
            41.65454
          ],
          [
            13.61242,
            41.65453
          ],
          [
            13.61243,
            41.65439
          ],
          [
            13.61243,
            41.65426
          ],
          [
            13.61241,
            41.65415
          ],
          [
            13.61237,
            41.65403
          ],
          [
            13.61232,
            41.65393
          ],
          [
            13.61229,
            41.65389
          ],
          [
            13.61225,
            41.65384
          ],
          [
            13.61201,
            41.6537
          ],
          [
            13.61201,
            41.65369
          ],
          [
            13.61187,
            41.65363
          ],
          [
            13.61177,
            41.6536
          ],
          [
            13.61164,
            41.65357
          ],
          [
            13.61149,
            41.65355
          ],
          [
            13.6114,
            41.65352
          ],
          [
            13.61133,
            41.65349
          ],
          [
            13.61129,
            41.65346
          ],
          [
            13.61124,
            41.65343
          ],
          [
            13.61113,
            41.65332
          ],
          [
            13.61095,
            41.6531
          ],
          [
            13.6109,
            41.65303
          ],
          [
            13.61088,
            41.65296
          ],
          [
            13.61087,
            41.65286
          ],
          [
            13.61089,
            41.65269
          ],
          [
            13.6109,
            41.65265
          ],
          [
            13.61093,
            41.65249
          ],
          [
            13.61094,
            41.65237
          ],
          [
            13.61093,
            41.6523
          ],
          [
            13.61092,
            41.65224
          ],
          [
            13.61085,
            41.65215
          ],
          [
            13.61083,
            41.65214
          ],
          [
            13.61075,
            41.65207
          ],
          [
            13.61067,
            41.65199
          ],
          [
            13.61064,
            41.65195
          ],
          [
            13.6106,
            41.6519
          ],
          [
            13.61057,
            41.65183
          ],
          [
            13.61057,
            41.6517
          ],
          [
            13.61056,
            41.65166
          ],
          [
            13.61054,
            41.65148
          ],
          [
            13.61053,
            41.65139
          ],
          [
            13.6105,
            41.6513
          ],
          [
            13.61042,
            41.6512
          ],
          [
            13.61018,
            41.65091
          ],
          [
            13.61,
            41.65068
          ],
          [
            13.60988,
            41.65053
          ],
          [
            13.60917,
            41.64959
          ],
          [
            13.609,
            41.64939
          ],
          [
            13.60893,
            41.64931
          ],
          [
            13.60892,
            41.64929
          ],
          [
            13.60892,
            41.64928
          ],
          [
            13.60889,
            41.64915
          ],
          [
            13.60889,
            41.64906
          ],
          [
            13.60889,
            41.6491
          ],
          [
            13.60889,
            41.64915
          ],
          [
            13.60892,
            41.64928
          ],
          [
            13.60892,
            41.64929
          ],
          [
            13.60893,
            41.64931
          ],
          [
            13.609,
            41.64939
          ],
          [
            13.60917,
            41.64959
          ],
          [
            13.60988,
            41.65053
          ],
          [
            13.61,
            41.65068
          ],
          [
            13.61018,
            41.65091
          ],
          [
            13.61042,
            41.6512
          ],
          [
            13.6105,
            41.6513
          ],
          [
            13.61053,
            41.65139
          ],
          [
            13.61054,
            41.65148
          ],
          [
            13.61056,
            41.65166
          ],
          [
            13.61057,
            41.6517
          ],
          [
            13.61057,
            41.65183
          ],
          [
            13.6106,
            41.6519
          ],
          [
            13.61064,
            41.65195
          ],
          [
            13.61067,
            41.65199
          ],
          [
            13.61068,
            41.652
          ],
          [
            13.61075,
            41.65207
          ],
          [
            13.61083,
            41.65214
          ],
          [
            13.61085,
            41.65215
          ],
          [
            13.61092,
            41.65224
          ],
          [
            13.61093,
            41.6523
          ],
          [
            13.61094,
            41.65237
          ],
          [
            13.61093,
            41.65249
          ],
          [
            13.6109,
            41.65265
          ],
          [
            13.61089,
            41.65269
          ],
          [
            13.61087,
            41.65286
          ],
          [
            13.61088,
            41.65296
          ],
          [
            13.6109,
            41.65303
          ],
          [
            13.61095,
            41.6531
          ],
          [
            13.61113,
            41.65332
          ],
          [
            13.61117,
            41.65336
          ],
          [
            13.61124,
            41.65343
          ],
          [
            13.61129,
            41.65346
          ],
          [
            13.61133,
            41.65349
          ],
          [
            13.6114,
            41.65352
          ],
          [
            13.61149,
            41.65355
          ],
          [
            13.61164,
            41.65357
          ],
          [
            13.61177,
            41.6536
          ],
          [
            13.61187,
            41.65363
          ],
          [
            13.61201,
            41.65369
          ],
          [
            13.61201,
            41.6537
          ],
          [
            13.61225,
            41.65384
          ],
          [
            13.61229,
            41.65389
          ],
          [
            13.61232,
            41.65393
          ],
          [
            13.61237,
            41.65403
          ],
          [
            13.61241,
            41.65415
          ],
          [
            13.61243,
            41.65426
          ],
          [
            13.61243,
            41.65439
          ],
          [
            13.61242,
            41.65453
          ],
          [
            13.61242,
            41.65454
          ],
          [
            13.61239,
            41.65465
          ],
          [
            13.61238,
            41.65471
          ],
          [
            13.61237,
            41.65471
          ],
          [
            13.6123,
            41.65496
          ],
          [
            13.61229,
            41.65509
          ],
          [
            13.61229,
            41.65514
          ],
          [
            13.61231,
            41.65522
          ],
          [
            13.61233,
            41.65524
          ],
          [
            13.61241,
            41.65541
          ],
          [
            13.61244,
            41.65549
          ],
          [
            13.61246,
            41.65557
          ],
          [
            13.61246,
            41.65559
          ],
          [
            13.61246,
            41.65563
          ],
          [
            13.61245,
            41.65569
          ],
          [
            13.61244,
            41.6557
          ],
          [
            13.61242,
            41.65575
          ],
          [
            13.61241,
            41.65576
          ],
          [
            13.61238,
            41.6558
          ],
          [
            13.61232,
            41.65585
          ],
          [
            13.61229,
            41.65587
          ],
          [
            13.6117,
            41.65629
          ],
          [
            13.61154,
            41.65639
          ],
          [
            13.61136,
            41.65648
          ],
          [
            13.6111,
            41.65659
          ],
          [
            13.61071,
            41.65674
          ],
          [
            13.61056,
            41.65681
          ],
          [
            13.61051,
            41.65683
          ],
          [
            13.61023,
            41.65695
          ],
          [
            13.61015,
            41.65697
          ],
          [
            13.61009,
            41.65699
          ],
          [
            13.60998,
            41.65701
          ],
          [
            13.60979,
            41.65701
          ],
          [
            13.60964,
            41.65705
          ],
          [
            13.60942,
            41.65711
          ],
          [
            13.60898,
            41.65723
          ],
          [
            13.60834,
            41.65745
          ],
          [
            13.60828,
            41.65747
          ],
          [
            13.60796,
            41.65758
          ],
          [
            13.60783,
            41.65762
          ],
          [
            13.60764,
            41.65767
          ],
          [
            13.60761,
            41.65768
          ],
          [
            13.6074,
            41.65771
          ],
          [
            13.60726,
            41.65774
          ],
          [
            13.60716,
            41.65777
          ],
          [
            13.60715,
            41.65778
          ],
          [
            13.60708,
            41.65783
          ],
          [
            13.60699,
            41.65791
          ],
          [
            13.60683,
            41.65807
          ],
          [
            13.60658,
            41.65829
          ],
          [
            13.60641,
            41.65842
          ],
          [
            13.60625,
            41.65849
          ],
          [
            13.606,
            41.65865
          ],
          [
            13.60597,
            41.65867
          ],
          [
            13.60589,
            41.65873
          ],
          [
            13.60584,
            41.6588
          ],
          [
            13.60584,
            41.65882
          ],
          [
            13.60581,
            41.65889
          ],
          [
            13.60577,
            41.65898
          ],
          [
            13.60575,
            41.65914
          ],
          [
            13.60575,
            41.65926
          ],
          [
            13.60574,
            41.65929
          ],
          [
            13.60573,
            41.65946
          ],
          [
            13.60573,
            41.65955
          ],
          [
            13.60576,
            41.65969
          ],
          [
            13.60578,
            41.65989
          ],
          [
            13.60578,
            41.6599
          ],
          [
            13.60577,
            41.65996
          ],
          [
            13.60576,
            41.66004
          ],
          [
            13.60575,
            41.66008
          ],
          [
            13.60574,
            41.66011
          ],
          [
            13.6057,
            41.66021
          ],
          [
            13.60568,
            41.66026
          ],
          [
            13.6056,
            41.66042
          ],
          [
            13.60559,
            41.66045
          ],
          [
            13.60552,
            41.66056
          ],
          [
            13.60542,
            41.66074
          ],
          [
            13.60539,
            41.6608
          ],
          [
            13.60536,
            41.66087
          ],
          [
            13.60522,
            41.66112
          ],
          [
            13.60517,
            41.66122
          ],
          [
            13.60499,
            41.6615
          ],
          [
            13.60495,
            41.66156
          ],
          [
            13.60487,
            41.66164
          ],
          [
            13.60481,
            41.6617
          ],
          [
            13.60464,
            41.66183
          ],
          [
            13.60443,
            41.66204
          ],
          [
            13.60428,
            41.66225
          ],
          [
            13.60422,
            41.66234
          ],
          [
            13.60417,
            41.6624
          ],
          [
            13.60408,
            41.66254
          ],
          [
            13.60398,
            41.66265
          ],
          [
            13.60392,
            41.66271
          ],
          [
            13.60384,
            41.6628
          ],
          [
            13.6038,
            41.66284
          ],
          [
            13.60378,
            41.66286
          ],
          [
            13.60371,
            41.66291
          ],
          [
            13.60359,
            41.663
          ],
          [
            13.60344,
            41.66311
          ],
          [
            13.60312,
            41.66337
          ],
          [
            13.6028,
            41.66363
          ],
          [
            13.60278,
            41.66365
          ],
          [
            13.60246,
            41.66389
          ],
          [
            13.60237,
            41.66395
          ],
          [
            13.60234,
            41.66398
          ],
          [
            13.6023,
            41.664
          ],
          [
            13.60228,
            41.66401
          ],
          [
            13.60226,
            41.66402
          ],
          [
            13.60222,
            41.66404
          ],
          [
            13.60217,
            41.66406
          ],
          [
            13.6021,
            41.66409
          ],
          [
            13.60207,
            41.6641
          ],
          [
            13.60185,
            41.66417
          ],
          [
            13.60185,
            41.66418
          ],
          [
            13.60177,
            41.66421
          ],
          [
            13.60175,
            41.66422
          ],
          [
            13.60174,
            41.66423
          ],
          [
            13.60172,
            41.66425
          ],
          [
            13.60167,
            41.66429
          ],
          [
            13.60127,
            41.66443
          ],
          [
            13.60112,
            41.66448
          ],
          [
            13.60103,
            41.66452
          ],
          [
            13.60101,
            41.66453
          ],
          [
            13.601,
            41.66454
          ],
          [
            13.60094,
            41.66459
          ],
          [
            13.60091,
            41.66462
          ],
          [
            13.6009,
            41.66464
          ],
          [
            13.60088,
            41.66474
          ],
          [
            13.60088,
            41.6648
          ],
          [
            13.60088,
            41.66488
          ],
          [
            13.60089,
            41.66496
          ],
          [
            13.6009,
            41.66506
          ],
          [
            13.6009,
            41.66517
          ],
          [
            13.60089,
            41.66522
          ],
          [
            13.60087,
            41.66529
          ],
          [
            13.60085,
            41.66535
          ],
          [
            13.60082,
            41.6654
          ],
          [
            13.60079,
            41.66545
          ],
          [
            13.60073,
            41.66547
          ],
          [
            13.60071,
            41.66548
          ],
          [
            13.60067,
            41.66549
          ],
          [
            13.60064,
            41.6655
          ],
          [
            13.60057,
            41.6655
          ],
          [
            13.60035,
            41.66547
          ],
          [
            13.60014,
            41.66544
          ],
          [
            13.59989,
            41.66544
          ],
          [
            13.59967,
            41.66546
          ],
          [
            13.59945,
            41.66549
          ],
          [
            13.59931,
            41.66552
          ],
          [
            13.59919,
            41.66554
          ],
          [
            13.59911,
            41.66555
          ],
          [
            13.59897,
            41.66561
          ],
          [
            13.59894,
            41.66562
          ],
          [
            13.59882,
            41.66569
          ],
          [
            13.59873,
            41.66577
          ],
          [
            13.59841,
            41.66609
          ],
          [
            13.59812,
            41.66631
          ],
          [
            13.59804,
            41.6664
          ],
          [
            13.59777,
            41.6667
          ],
          [
            13.59767,
            41.66685
          ],
          [
            13.59756,
            41.66696
          ],
          [
            13.59755,
            41.66696
          ],
          [
            13.59735,
            41.66705
          ],
          [
            13.59722,
            41.66709
          ],
          [
            13.59711,
            41.66713
          ],
          [
            13.59704,
            41.66714
          ],
          [
            13.59703,
            41.66714
          ],
          [
            13.59696,
            41.66715
          ],
          [
            13.59682,
            41.66715
          ],
          [
            13.59667,
            41.66716
          ],
          [
            13.5965,
            41.6672
          ],
          [
            13.59632,
            41.66725
          ],
          [
            13.59595,
            41.66739
          ],
          [
            13.5958,
            41.66746
          ],
          [
            13.59566,
            41.66751
          ],
          [
            13.59551,
            41.66758
          ],
          [
            13.59546,
            41.66762
          ],
          [
            13.5954,
            41.66767
          ],
          [
            13.59538,
            41.66768
          ],
          [
            13.59535,
            41.66771
          ],
          [
            13.59528,
            41.66777
          ],
          [
            13.59511,
            41.66797
          ],
          [
            13.59485,
            41.66815
          ],
          [
            13.59474,
            41.66821
          ],
          [
            13.59441,
            41.66839
          ],
          [
            13.59431,
            41.66842
          ],
          [
            13.59427,
            41.66845
          ],
          [
            13.59421,
            41.66847
          ],
          [
            13.59415,
            41.66851
          ],
          [
            13.59412,
            41.66853
          ],
          [
            13.59411,
            41.66854
          ],
          [
            13.59411,
            41.66856
          ],
          [
            13.5941,
            41.66858
          ],
          [
            13.5941,
            41.66862
          ],
          [
            13.59411,
            41.66867
          ],
          [
            13.59411,
            41.66869
          ],
          [
            13.59412,
            41.66871
          ],
          [
            13.59414,
            41.66877
          ],
          [
            13.59424,
            41.66892
          ],
          [
            13.59429,
            41.66907
          ],
          [
            13.59432,
            41.66914
          ],
          [
            13.59434,
            41.66921
          ],
          [
            13.59434,
            41.66931
          ],
          [
            13.59433,
            41.66934
          ],
          [
            13.59432,
            41.66936
          ],
          [
            13.5943,
            41.66939
          ],
          [
            13.59429,
            41.66939
          ],
          [
            13.59425,
            41.66941
          ],
          [
            13.59416,
            41.66944
          ],
          [
            13.59402,
            41.66947
          ],
          [
            13.59392,
            41.66948
          ],
          [
            13.59381,
            41.66949
          ],
          [
            13.5937,
            41.66947
          ],
          [
            13.59363,
            41.66945
          ],
          [
            13.59357,
            41.66943
          ],
          [
            13.59344,
            41.66937
          ],
          [
            13.5932,
            41.66922
          ],
          [
            13.59319,
            41.66921
          ],
          [
            13.59312,
            41.66917
          ],
          [
            13.59269,
            41.66878
          ],
          [
            13.59256,
            41.66867
          ],
          [
            13.59244,
            41.66857
          ],
          [
            13.59236,
            41.66853
          ],
          [
            13.59226,
            41.66849
          ],
          [
            13.59221,
            41.66848
          ],
          [
            13.5921,
            41.66845
          ],
          [
            13.59203,
            41.66845
          ],
          [
            13.59197,
            41.66844
          ],
          [
            13.59192,
            41.66844
          ],
          [
            13.59188,
            41.66845
          ],
          [
            13.59184,
            41.66846
          ],
          [
            13.59171,
            41.6685
          ],
          [
            13.59164,
            41.66852
          ],
          [
            13.59157,
            41.66855
          ],
          [
            13.59142,
            41.66862
          ],
          [
            13.59131,
            41.66868
          ],
          [
            13.59128,
            41.66871
          ],
          [
            13.59125,
            41.66873
          ],
          [
            13.59123,
            41.66874
          ],
          [
            13.59119,
            41.66877
          ],
          [
            13.59116,
            41.66879
          ],
          [
            13.59108,
            41.66884
          ],
          [
            13.59093,
            41.66896
          ],
          [
            13.59072,
            41.66912
          ],
          [
            13.59049,
            41.66927
          ],
          [
            13.59042,
            41.6693
          ],
          [
            13.59026,
            41.66935
          ],
          [
            13.59025,
            41.66935
          ],
          [
            13.59022,
            41.66936
          ],
          [
            13.5902,
            41.66937
          ],
          [
            13.58988,
            41.66948
          ],
          [
            13.58976,
            41.66952
          ],
          [
            13.58966,
            41.66956
          ],
          [
            13.58961,
            41.66958
          ],
          [
            13.58934,
            41.66969
          ],
          [
            13.58917,
            41.66976
          ],
          [
            13.58913,
            41.66978
          ],
          [
            13.58908,
            41.6698
          ],
          [
            13.58902,
            41.66986
          ],
          [
            13.58901,
            41.66987
          ],
          [
            13.58897,
            41.66991
          ],
          [
            13.58889,
            41.67
          ],
          [
            13.58883,
            41.67006
          ],
          [
            13.5887,
            41.67021
          ],
          [
            13.58859,
            41.67034
          ],
          [
            13.58849,
            41.67044
          ],
          [
            13.5884,
            41.67049
          ],
          [
            13.58832,
            41.67054
          ],
          [
            13.58776,
            41.67076
          ],
          [
            13.58763,
            41.67082
          ],
          [
            13.58757,
            41.67085
          ],
          [
            13.58714,
            41.67103
          ],
          [
            13.58694,
            41.67112
          ],
          [
            13.58679,
            41.67118
          ],
          [
            13.58673,
            41.6712
          ],
          [
            13.58662,
            41.67125
          ],
          [
            13.58634,
            41.67136
          ],
          [
            13.5863,
            41.67138
          ],
          [
            13.58628,
            41.67138
          ],
          [
            13.58625,
            41.6714
          ],
          [
            13.5862,
            41.67141
          ],
          [
            13.58608,
            41.67143
          ],
          [
            13.58583,
            41.67156
          ],
          [
            13.5858,
            41.67158
          ],
          [
            13.58563,
            41.67166
          ],
          [
            13.58544,
            41.67176
          ],
          [
            13.58543,
            41.67176
          ],
          [
            13.58524,
            41.67187
          ],
          [
            13.58517,
            41.67191
          ],
          [
            13.58505,
            41.67198
          ],
          [
            13.58503,
            41.67199
          ],
          [
            13.58495,
            41.67206
          ],
          [
            13.58486,
            41.67218
          ],
          [
            13.5848,
            41.67229
          ],
          [
            13.58476,
            41.67241
          ],
          [
            13.58473,
            41.67246
          ],
          [
            13.58469,
            41.67254
          ],
          [
            13.58464,
            41.67261
          ],
          [
            13.58463,
            41.67262
          ],
          [
            13.58459,
            41.67267
          ],
          [
            13.58454,
            41.6727
          ],
          [
            13.58449,
            41.67273
          ],
          [
            13.58446,
            41.67274
          ],
          [
            13.58428,
            41.67282
          ],
          [
            13.58425,
            41.67283
          ],
          [
            13.58404,
            41.67291
          ],
          [
            13.58393,
            41.67295
          ],
          [
            13.58382,
            41.67299
          ],
          [
            13.58372,
            41.67303
          ],
          [
            13.58363,
            41.67305
          ],
          [
            13.5836,
            41.67306
          ],
          [
            13.5835,
            41.67307
          ],
          [
            13.58336,
            41.67308
          ],
          [
            13.58333,
            41.67308
          ],
          [
            13.58327,
            41.67309
          ],
          [
            13.58322,
            41.67311
          ],
          [
            13.58319,
            41.67312
          ],
          [
            13.58316,
            41.67314
          ],
          [
            13.5831,
            41.6732
          ],
          [
            13.58304,
            41.67331
          ],
          [
            13.58296,
            41.67353
          ],
          [
            13.58291,
            41.67366
          ],
          [
            13.5829,
            41.67369
          ],
          [
            13.58284,
            41.6739
          ],
          [
            13.58281,
            41.67401
          ],
          [
            13.58279,
            41.67407
          ],
          [
            13.58275,
            41.67418
          ],
          [
            13.5827,
            41.67436
          ],
          [
            13.58267,
            41.67446
          ],
          [
            13.58265,
            41.67453
          ],
          [
            13.58264,
            41.67456
          ],
          [
            13.58262,
            41.67458
          ],
          [
            13.5826,
            41.6746
          ],
          [
            13.58259,
            41.67462
          ],
          [
            13.58257,
            41.67463
          ],
          [
            13.58249,
            41.67466
          ],
          [
            13.58246,
            41.67467
          ],
          [
            13.58233,
            41.67471
          ],
          [
            13.58223,
            41.67474
          ],
          [
            13.58212,
            41.67478
          ],
          [
            13.58206,
            41.67479
          ],
          [
            13.58199,
            41.67481
          ],
          [
            13.58193,
            41.67482
          ],
          [
            13.58187,
            41.67482
          ],
          [
            13.58182,
            41.67481
          ],
          [
            13.58181,
            41.67481
          ],
          [
            13.58173,
            41.67478
          ],
          [
            13.58164,
            41.67474
          ],
          [
            13.5816,
            41.67472
          ],
          [
            13.58149,
            41.67468
          ],
          [
            13.58143,
            41.67465
          ],
          [
            13.58138,
            41.67464
          ],
          [
            13.58134,
            41.67463
          ],
          [
            13.58129,
            41.67463
          ],
          [
            13.58124,
            41.67462
          ],
          [
            13.58115,
            41.67462
          ],
          [
            13.58112,
            41.67463
          ],
          [
            13.58108,
            41.67463
          ],
          [
            13.58103,
            41.67464
          ],
          [
            13.58091,
            41.67466
          ],
          [
            13.58088,
            41.67467
          ],
          [
            13.58068,
            41.67471
          ],
          [
            13.58066,
            41.67471
          ],
          [
            13.58055,
            41.67473
          ],
          [
            13.58047,
            41.67474
          ],
          [
            13.58044,
            41.67475
          ],
          [
            13.58041,
            41.67474
          ],
          [
            13.58032,
            41.67473
          ],
          [
            13.58018,
            41.67473
          ],
          [
            13.58017,
            41.67474
          ],
          [
            13.58012,
            41.67474
          ],
          [
            13.58008,
            41.67475
          ],
          [
            13.58006,
            41.67476
          ],
          [
            13.58004,
            41.67476
          ],
          [
            13.58004,
            41.67477
          ],
          [
            13.58003,
            41.67477
          ],
          [
            13.58003,
            41.67478
          ],
          [
            13.58002,
            41.67479
          ],
          [
            13.58001,
            41.67481
          ],
          [
            13.58001,
            41.67483
          ],
          [
            13.58,
            41.67483
          ],
          [
            13.57999,
            41.67485
          ],
          [
            13.57998,
            41.67486
          ],
          [
            13.57997,
            41.67486
          ],
          [
            13.57996,
            41.67487
          ],
          [
            13.57995,
            41.67487
          ],
          [
            13.57994,
            41.67488
          ],
          [
            13.57992,
            41.67488
          ],
          [
            13.57986,
            41.6749
          ],
          [
            13.57982,
            41.67491
          ],
          [
            13.57979,
            41.67491
          ],
          [
            13.57977,
            41.67492
          ],
          [
            13.57976,
            41.67492
          ],
          [
            13.57974,
            41.67493
          ],
          [
            13.57972,
            41.67494
          ],
          [
            13.5797,
            41.67494
          ],
          [
            13.57969,
            41.67495
          ],
          [
            13.57968,
            41.67496
          ],
          [
            13.57966,
            41.67497
          ],
          [
            13.57965,
            41.67497
          ],
          [
            13.57964,
            41.67498
          ],
          [
            13.57962,
            41.675
          ],
          [
            13.57959,
            41.67502
          ],
          [
            13.57958,
            41.67503
          ],
          [
            13.57957,
            41.67504
          ],
          [
            13.57952,
            41.6751
          ],
          [
            13.57949,
            41.67515
          ],
          [
            13.57947,
            41.67518
          ],
          [
            13.57945,
            41.67519
          ],
          [
            13.57944,
            41.6752
          ],
          [
            13.57942,
            41.67521
          ],
          [
            13.57941,
            41.67522
          ],
          [
            13.5794,
            41.67523
          ],
          [
            13.57938,
            41.67524
          ],
          [
            13.57937,
            41.67524
          ],
          [
            13.57935,
            41.67525
          ],
          [
            13.57934,
            41.67526
          ],
          [
            13.5793,
            41.67527
          ],
          [
            13.57919,
            41.67529
          ],
          [
            13.57908,
            41.67532
          ],
          [
            13.57896,
            41.67533
          ],
          [
            13.57887,
            41.67534
          ],
          [
            13.5786,
            41.67536
          ],
          [
            13.57833,
            41.67538
          ],
          [
            13.57782,
            41.67542
          ],
          [
            13.57779,
            41.67543
          ],
          [
            13.57765,
            41.67546
          ],
          [
            13.57749,
            41.67549
          ],
          [
            13.57641,
            41.67569
          ],
          [
            13.57638,
            41.67569
          ],
          [
            13.57635,
            41.6757
          ],
          [
            13.57632,
            41.6757
          ],
          [
            13.5763,
            41.67569
          ],
          [
            13.57624,
            41.67569
          ],
          [
            13.5759,
            41.67602
          ],
          [
            13.57588,
            41.67605
          ],
          [
            13.57577,
            41.67616
          ],
          [
            13.5756,
            41.67633
          ],
          [
            13.57545,
            41.6763
          ],
          [
            13.575,
            41.67624
          ],
          [
            13.57488,
            41.67623
          ],
          [
            13.57474,
            41.67621
          ],
          [
            13.57423,
            41.67614
          ],
          [
            13.57412,
            41.67612
          ],
          [
            13.57364,
            41.67606
          ],
          [
            13.57356,
            41.67605
          ],
          [
            13.57326,
            41.676
          ],
          [
            13.57292,
            41.67595
          ],
          [
            13.57261,
            41.67589
          ],
          [
            13.57256,
            41.67588
          ],
          [
            13.5725,
            41.67587
          ],
          [
            13.57244,
            41.67588
          ],
          [
            13.57202,
            41.67565
          ],
          [
            13.57177,
            41.67551
          ],
          [
            13.57163,
            41.67543
          ],
          [
            13.57155,
            41.67537
          ],
          [
            13.57143,
            41.67528
          ],
          [
            13.57131,
            41.67516
          ],
          [
            13.57125,
            41.67512
          ],
          [
            13.5712,
            41.67509
          ],
          [
            13.57115,
            41.67506
          ],
          [
            13.57109,
            41.67504
          ],
          [
            13.57096,
            41.67501
          ],
          [
            13.57091,
            41.67522
          ],
          [
            13.57087,
            41.67537
          ],
          [
            13.57076,
            41.67575
          ],
          [
            13.57065,
            41.67616
          ],
          [
            13.5706,
            41.67636
          ],
          [
            13.57054,
            41.67657
          ],
          [
            13.57056,
            41.67657
          ],
          [
            13.57057,
            41.67658
          ],
          [
            13.57058,
            41.67658
          ],
          [
            13.57059,
            41.67659
          ],
          [
            13.5706,
            41.67659
          ],
          [
            13.5706,
            41.6766
          ],
          [
            13.57061,
            41.67661
          ],
          [
            13.57061,
            41.67665
          ],
          [
            13.5706,
            41.67666
          ],
          [
            13.5706,
            41.67667
          ],
          [
            13.57059,
            41.67668
          ],
          [
            13.57057,
            41.67668
          ],
          [
            13.57056,
            41.67669
          ],
          [
            13.57054,
            41.6767
          ],
          [
            13.57051,
            41.6767
          ],
          [
            13.5705,
            41.67669
          ],
          [
            13.57049,
            41.67669
          ],
          [
            13.57048,
            41.67668
          ],
          [
            13.57046,
            41.67667
          ],
          [
            13.57045,
            41.67666
          ],
          [
            13.57044,
            41.67665
          ],
          [
            13.57043,
            41.67664
          ],
          [
            13.57043,
            41.67663
          ],
          [
            13.57043,
            41.67662
          ],
          [
            13.56938,
            41.67647
          ],
          [
            13.56892,
            41.6764
          ],
          [
            13.56796,
            41.67626
          ],
          [
            13.56721,
            41.67616
          ],
          [
            13.56687,
            41.6761
          ],
          [
            13.56676,
            41.67609
          ],
          [
            13.56605,
            41.676
          ],
          [
            13.56549,
            41.67594
          ],
          [
            13.56542,
            41.67594
          ],
          [
            13.56519,
            41.67598
          ],
          [
            13.56519,
            41.67599
          ],
          [
            13.56517,
            41.67601
          ],
          [
            13.56514,
            41.67603
          ],
          [
            13.56513,
            41.67603
          ],
          [
            13.56501,
            41.67622
          ],
          [
            13.56488,
            41.67644
          ],
          [
            13.56447,
            41.67723
          ],
          [
            13.56375,
            41.67835
          ],
          [
            13.56365,
            41.67851
          ],
          [
            13.56346,
            41.67883
          ],
          [
            13.56327,
            41.67915
          ],
          [
            13.5632,
            41.67925
          ],
          [
            13.56314,
            41.67937
          ],
          [
            13.56304,
            41.67958
          ],
          [
            13.56302,
            41.67962
          ],
          [
            13.56299,
            41.67969
          ],
          [
            13.56296,
            41.67982
          ],
          [
            13.56294,
            41.67989
          ],
          [
            13.56295,
            41.67989
          ],
          [
            13.56295,
            41.6799
          ],
          [
            13.56296,
            41.6799
          ],
          [
            13.56296,
            41.67991
          ],
          [
            13.56297,
            41.67991
          ],
          [
            13.56297,
            41.67992
          ],
          [
            13.56297,
            41.67993
          ],
          [
            13.56298,
            41.67994
          ],
          [
            13.56298,
            41.67996
          ],
          [
            13.56297,
            41.67997
          ],
          [
            13.56297,
            41.67998
          ],
          [
            13.56297,
            41.67999
          ],
          [
            13.56296,
            41.67999
          ],
          [
            13.56296,
            41.68
          ],
          [
            13.56295,
            41.68
          ],
          [
            13.56295,
            41.68001
          ],
          [
            13.56293,
            41.68001
          ],
          [
            13.56293,
            41.68002
          ],
          [
            13.56291,
            41.68002
          ],
          [
            13.56291,
            41.68003
          ],
          [
            13.56282,
            41.68003
          ],
          [
            13.56282,
            41.68002
          ],
          [
            13.5628,
            41.68002
          ],
          [
            13.56279,
            41.68001
          ],
          [
            13.56278,
            41.68001
          ],
          [
            13.56278,
            41.68
          ],
          [
            13.56261,
            41.67996
          ],
          [
            13.56237,
            41.6799
          ],
          [
            13.56222,
            41.67986
          ],
          [
            13.56217,
            41.67985
          ],
          [
            13.56203,
            41.67982
          ],
          [
            13.56201,
            41.67982
          ],
          [
            13.56176,
            41.67975
          ],
          [
            13.5615,
            41.6797
          ],
          [
            13.5613,
            41.67967
          ],
          [
            13.5611,
            41.67964
          ],
          [
            13.56032,
            41.6795
          ],
          [
            13.56013,
            41.67947
          ],
          [
            13.55999,
            41.67945
          ],
          [
            13.55969,
            41.6794
          ],
          [
            13.55948,
            41.67937
          ],
          [
            13.55933,
            41.67933
          ],
          [
            13.5592,
            41.67931
          ],
          [
            13.55879,
            41.67923
          ],
          [
            13.55818,
            41.67912
          ],
          [
            13.55786,
            41.67907
          ],
          [
            13.55755,
            41.67901
          ],
          [
            13.5569,
            41.6789
          ],
          [
            13.55669,
            41.67887
          ],
          [
            13.55661,
            41.67886
          ],
          [
            13.55619,
            41.67879
          ],
          [
            13.55592,
            41.67874
          ],
          [
            13.55589,
            41.67874
          ],
          [
            13.55572,
            41.6787
          ],
          [
            13.55563,
            41.67868
          ],
          [
            13.55546,
            41.6786
          ],
          [
            13.55527,
            41.6785
          ],
          [
            13.55525,
            41.67849
          ],
          [
            13.55509,
            41.67839
          ],
          [
            13.55495,
            41.67831
          ],
          [
            13.55483,
            41.67823
          ],
          [
            13.55459,
            41.67805
          ],
          [
            13.5545,
            41.678
          ],
          [
            13.55411,
            41.67784
          ],
          [
            13.55402,
            41.67781
          ],
          [
            13.55388,
            41.67775
          ],
          [
            13.55363,
            41.67769
          ],
          [
            13.55316,
            41.67757
          ],
          [
            13.5529,
            41.67751
          ],
          [
            13.55281,
            41.67748
          ],
          [
            13.55208,
            41.6773
          ],
          [
            13.55138,
            41.67713
          ],
          [
            13.5513,
            41.67711
          ],
          [
            13.55115,
            41.67707
          ],
          [
            13.55078,
            41.67697
          ],
          [
            13.55061,
            41.67696
          ],
          [
            13.5505,
            41.67697
          ],
          [
            13.55037,
            41.677
          ],
          [
            13.54992,
            41.67713
          ],
          [
            13.54904,
            41.67724
          ],
          [
            13.54891,
            41.67725
          ],
          [
            13.5488,
            41.67727
          ],
          [
            13.5486,
            41.67732
          ],
          [
            13.54857,
            41.67732
          ],
          [
            13.54838,
            41.67739
          ],
          [
            13.54835,
            41.6774
          ],
          [
            13.54821,
            41.67747
          ],
          [
            13.54816,
            41.67751
          ],
          [
            13.54809,
            41.67756
          ],
          [
            13.54802,
            41.67765
          ],
          [
            13.54796,
            41.67771
          ],
          [
            13.54788,
            41.67785
          ],
          [
            13.54787,
            41.67788
          ],
          [
            13.54781,
            41.67805
          ],
          [
            13.54779,
            41.67811
          ],
          [
            13.54775,
            41.67823
          ],
          [
            13.54768,
            41.6784
          ],
          [
            13.54763,
            41.67855
          ],
          [
            13.54762,
            41.67857
          ],
          [
            13.54754,
            41.67874
          ],
          [
            13.54746,
            41.67891
          ],
          [
            13.54745,
            41.67894
          ],
          [
            13.54729,
            41.67916
          ],
          [
            13.54708,
            41.67936
          ],
          [
            13.54707,
            41.67936
          ],
          [
            13.54672,
            41.67962
          ],
          [
            13.54654,
            41.67974
          ],
          [
            13.54621,
            41.67996
          ],
          [
            13.54603,
            41.68008
          ],
          [
            13.54587,
            41.68019
          ],
          [
            13.54581,
            41.68021
          ],
          [
            13.54564,
            41.68029
          ],
          [
            13.54558,
            41.68032
          ],
          [
            13.54546,
            41.68034
          ],
          [
            13.54533,
            41.68036
          ],
          [
            13.54504,
            41.68036
          ],
          [
            13.5449,
            41.68033
          ],
          [
            13.54485,
            41.68032
          ],
          [
            13.54445,
            41.68024
          ],
          [
            13.54422,
            41.68019
          ],
          [
            13.54374,
            41.68008
          ],
          [
            13.54369,
            41.68007
          ],
          [
            13.54347,
            41.68003
          ],
          [
            13.5433,
            41.68
          ],
          [
            13.54324,
            41.67998
          ],
          [
            13.5426,
            41.6798
          ],
          [
            13.54234,
            41.67972
          ],
          [
            13.54209,
            41.67962
          ],
          [
            13.54203,
            41.6796
          ],
          [
            13.54183,
            41.6795
          ],
          [
            13.5417,
            41.67945
          ],
          [
            13.54162,
            41.67941
          ],
          [
            13.54109,
            41.67913
          ],
          [
            13.54091,
            41.67904
          ],
          [
            13.54078,
            41.67898
          ],
          [
            13.54064,
            41.67895
          ],
          [
            13.54053,
            41.67893
          ],
          [
            13.54009,
            41.67885
          ],
          [
            13.54,
            41.67884
          ],
          [
            13.53962,
            41.67878
          ],
          [
            13.53916,
            41.67871
          ],
          [
            13.53908,
            41.6787
          ],
          [
            13.53885,
            41.67867
          ],
          [
            13.53845,
            41.67867
          ],
          [
            13.53817,
            41.6787
          ],
          [
            13.53795,
            41.67871
          ],
          [
            13.53788,
            41.67872
          ],
          [
            13.53745,
            41.67877
          ],
          [
            13.53658,
            41.67888
          ],
          [
            13.53639,
            41.67891
          ],
          [
            13.53634,
            41.67891
          ],
          [
            13.53598,
            41.67896
          ],
          [
            13.53587,
            41.67898
          ],
          [
            13.53558,
            41.67905
          ],
          [
            13.53541,
            41.6791
          ],
          [
            13.53521,
            41.67918
          ],
          [
            13.53505,
            41.6793
          ],
          [
            13.53491,
            41.67937
          ],
          [
            13.53489,
            41.6794
          ],
          [
            13.53476,
            41.67953
          ],
          [
            13.53464,
            41.67971
          ],
          [
            13.53425,
            41.68034
          ],
          [
            13.53413,
            41.6805
          ],
          [
            13.53393,
            41.68075
          ],
          [
            13.53388,
            41.68081
          ],
          [
            13.53381,
            41.6809
          ],
          [
            13.53376,
            41.68096
          ],
          [
            13.5337,
            41.68104
          ],
          [
            13.53369,
            41.68106
          ],
          [
            13.53363,
            41.68111
          ],
          [
            13.53352,
            41.68122
          ],
          [
            13.53341,
            41.6813
          ],
          [
            13.53327,
            41.68135
          ],
          [
            13.53314,
            41.68136
          ],
          [
            13.53304,
            41.68136
          ],
          [
            13.53291,
            41.68134
          ],
          [
            13.53282,
            41.68133
          ],
          [
            13.53256,
            41.68128
          ],
          [
            13.53235,
            41.68123
          ],
          [
            13.53228,
            41.68121
          ],
          [
            13.53214,
            41.68118
          ],
          [
            13.53178,
            41.68111
          ],
          [
            13.53149,
            41.68105
          ],
          [
            13.53131,
            41.68102
          ],
          [
            13.53102,
            41.68096
          ],
          [
            13.53051,
            41.68086
          ],
          [
            13.53011,
            41.68078
          ],
          [
            13.52994,
            41.68075
          ],
          [
            13.52968,
            41.6807
          ],
          [
            13.52945,
            41.68066
          ],
          [
            13.52923,
            41.68062
          ],
          [
            13.52897,
            41.68056
          ],
          [
            13.52892,
            41.68056
          ],
          [
            13.52883,
            41.68054
          ],
          [
            13.52875,
            41.68052
          ],
          [
            13.52836,
            41.68057
          ],
          [
            13.52829,
            41.6806
          ],
          [
            13.52822,
            41.68062
          ],
          [
            13.52813,
            41.68064
          ],
          [
            13.52807,
            41.68065
          ],
          [
            13.528,
            41.68066
          ],
          [
            13.52792,
            41.68065
          ],
          [
            13.52783,
            41.68065
          ],
          [
            13.5278,
            41.68064
          ],
          [
            13.52777,
            41.68064
          ],
          [
            13.52773,
            41.68063
          ],
          [
            13.52768,
            41.68061
          ],
          [
            13.52765,
            41.68059
          ],
          [
            13.52764,
            41.68059
          ],
          [
            13.5276,
            41.68058
          ],
          [
            13.52755,
            41.68055
          ],
          [
            13.52752,
            41.68054
          ],
          [
            13.52748,
            41.68052
          ],
          [
            13.52741,
            41.68049
          ],
          [
            13.52731,
            41.68045
          ],
          [
            13.52724,
            41.68043
          ],
          [
            13.52717,
            41.68042
          ],
          [
            13.52708,
            41.6804
          ],
          [
            13.527,
            41.68039
          ],
          [
            13.52681,
            41.68039
          ],
          [
            13.52673,
            41.6804
          ],
          [
            13.52672,
            41.6804
          ],
          [
            13.52663,
            41.68041
          ],
          [
            13.52654,
            41.68043
          ],
          [
            13.52651,
            41.68044
          ],
          [
            13.52639,
            41.68047
          ],
          [
            13.52634,
            41.68049
          ],
          [
            13.52626,
            41.68052
          ],
          [
            13.52615,
            41.68057
          ],
          [
            13.5261,
            41.68061
          ],
          [
            13.52599,
            41.68068
          ],
          [
            13.52591,
            41.68074
          ],
          [
            13.52583,
            41.68081
          ],
          [
            13.52583,
            41.68082
          ],
          [
            13.52578,
            41.68087
          ],
          [
            13.52577,
            41.68088
          ],
          [
            13.52577,
            41.68089
          ],
          [
            13.52573,
            41.68095
          ],
          [
            13.5257,
            41.681
          ],
          [
            13.52568,
            41.68102
          ],
          [
            13.52566,
            41.68107
          ],
          [
            13.52565,
            41.6811
          ],
          [
            13.52562,
            41.68116
          ],
          [
            13.52561,
            41.68124
          ],
          [
            13.52559,
            41.68132
          ],
          [
            13.5256,
            41.68135
          ],
          [
            13.5256,
            41.68138
          ],
          [
            13.52562,
            41.68141
          ],
          [
            13.52563,
            41.68144
          ],
          [
            13.52565,
            41.68147
          ],
          [
            13.52569,
            41.68151
          ],
          [
            13.52573,
            41.68154
          ],
          [
            13.52577,
            41.68157
          ],
          [
            13.5258,
            41.68158
          ],
          [
            13.52585,
            41.68161
          ],
          [
            13.52589,
            41.68162
          ],
          [
            13.5259,
            41.68163
          ],
          [
            13.52597,
            41.68164
          ],
          [
            13.52604,
            41.68165
          ],
          [
            13.52614,
            41.68165
          ],
          [
            13.52625,
            41.68162
          ],
          [
            13.52633,
            41.6816
          ],
          [
            13.52637,
            41.68159
          ],
          [
            13.5264,
            41.68157
          ],
          [
            13.52644,
            41.68155
          ],
          [
            13.52648,
            41.68153
          ],
          [
            13.52652,
            41.68149
          ],
          [
            13.52655,
            41.68146
          ],
          [
            13.52658,
            41.68143
          ],
          [
            13.52659,
            41.6814
          ],
          [
            13.52661,
            41.68137
          ],
          [
            13.52662,
            41.68134
          ],
          [
            13.52663,
            41.68132
          ],
          [
            13.52664,
            41.68128
          ],
          [
            13.52664,
            41.68125
          ],
          [
            13.52663,
            41.68122
          ],
          [
            13.52662,
            41.68118
          ],
          [
            13.5266,
            41.68114
          ],
          [
            13.52658,
            41.68111
          ],
          [
            13.52658,
            41.6811
          ],
          [
            13.52655,
            41.68107
          ],
          [
            13.52651,
            41.68103
          ],
          [
            13.52648,
            41.68102
          ],
          [
            13.52644,
            41.681
          ],
          [
            13.52638,
            41.68097
          ],
          [
            13.52621,
            41.6809
          ],
          [
            13.52601,
            41.68083
          ],
          [
            13.52596,
            41.68081
          ],
          [
            13.52587,
            41.68077
          ],
          [
            13.52579,
            41.68074
          ],
          [
            13.52571,
            41.68071
          ],
          [
            13.52564,
            41.68068
          ],
          [
            13.52555,
            41.68064
          ],
          [
            13.52551,
            41.68062
          ],
          [
            13.52546,
            41.6806
          ],
          [
            13.52542,
            41.68058
          ],
          [
            13.52526,
            41.68048
          ],
          [
            13.52502,
            41.68038
          ],
          [
            13.52491,
            41.68034
          ],
          [
            13.52489,
            41.68034
          ],
          [
            13.52482,
            41.68031
          ],
          [
            13.52422,
            41.68008
          ],
          [
            13.52354,
            41.6798
          ],
          [
            13.5225,
            41.67939
          ],
          [
            13.52236,
            41.67933
          ],
          [
            13.52221,
            41.67928
          ],
          [
            13.52178,
            41.67911
          ],
          [
            13.52151,
            41.67901
          ],
          [
            13.52128,
            41.67892
          ],
          [
            13.52084,
            41.67875
          ],
          [
            13.52052,
            41.67863
          ],
          [
            13.52023,
            41.67851
          ],
          [
            13.5197,
            41.6783
          ],
          [
            13.5195,
            41.67823
          ],
          [
            13.51938,
            41.67818
          ],
          [
            13.51903,
            41.67806
          ],
          [
            13.51877,
            41.67797
          ],
          [
            13.51852,
            41.67788
          ],
          [
            13.51826,
            41.6778
          ],
          [
            13.51799,
            41.67771
          ],
          [
            13.51771,
            41.67762
          ],
          [
            13.51769,
            41.67762
          ],
          [
            13.51742,
            41.67753
          ],
          [
            13.51722,
            41.67748
          ],
          [
            13.5171,
            41.67744
          ],
          [
            13.51698,
            41.67741
          ],
          [
            13.51678,
            41.67735
          ],
          [
            13.51618,
            41.6772
          ],
          [
            13.51539,
            41.67701
          ],
          [
            13.51516,
            41.67695
          ],
          [
            13.51505,
            41.67692
          ],
          [
            13.51447,
            41.67678
          ],
          [
            13.51425,
            41.67672
          ],
          [
            13.51381,
            41.67661
          ],
          [
            13.51367,
            41.67657
          ],
          [
            13.51352,
            41.67654
          ],
          [
            13.51331,
            41.67649
          ],
          [
            13.51306,
            41.67643
          ],
          [
            13.51277,
            41.67636
          ],
          [
            13.5125,
            41.67629
          ],
          [
            13.51228,
            41.67623
          ],
          [
            13.51208,
            41.67618
          ],
          [
            13.51181,
            41.67612
          ],
          [
            13.51157,
            41.67606
          ],
          [
            13.51137,
            41.67601
          ],
          [
            13.51113,
            41.67597
          ],
          [
            13.5109,
            41.67592
          ],
          [
            13.51067,
            41.67589
          ],
          [
            13.51038,
            41.67585
          ],
          [
            13.51011,
            41.67582
          ],
          [
            13.50986,
            41.6758
          ],
          [
            13.50962,
            41.67578
          ],
          [
            13.50934,
            41.67576
          ],
          [
            13.50865,
            41.67576
          ],
          [
            13.50847,
            41.67577
          ],
          [
            13.50835,
            41.67578
          ],
          [
            13.50806,
            41.6758
          ],
          [
            13.50789,
            41.67581
          ],
          [
            13.50775,
            41.67582
          ],
          [
            13.50765,
            41.67584
          ],
          [
            13.50762,
            41.67584
          ],
          [
            13.50752,
            41.67585
          ],
          [
            13.50741,
            41.67586
          ],
          [
            13.50728,
            41.67588
          ],
          [
            13.50716,
            41.6759
          ],
          [
            13.50705,
            41.67592
          ],
          [
            13.50693,
            41.67594
          ],
          [
            13.50673,
            41.67598
          ],
          [
            13.50656,
            41.67602
          ],
          [
            13.50648,
            41.67604
          ],
          [
            13.50644,
            41.67604
          ],
          [
            13.50632,
            41.67607
          ],
          [
            13.50625,
            41.67609
          ],
          [
            13.50621,
            41.6761
          ],
          [
            13.50607,
            41.67614
          ],
          [
            13.50602,
            41.67615
          ],
          [
            13.50592,
            41.67617
          ],
          [
            13.50575,
            41.67622
          ],
          [
            13.50548,
            41.67631
          ],
          [
            13.50538,
            41.67635
          ],
          [
            13.50535,
            41.67635
          ],
          [
            13.50522,
            41.6764
          ],
          [
            13.50495,
            41.6765
          ],
          [
            13.50466,
            41.67662
          ],
          [
            13.50435,
            41.67675
          ],
          [
            13.50413,
            41.67684
          ],
          [
            13.50368,
            41.67703
          ],
          [
            13.50366,
            41.67704
          ],
          [
            13.50332,
            41.67717
          ],
          [
            13.503,
            41.67731
          ],
          [
            13.50277,
            41.6774
          ],
          [
            13.50245,
            41.67752
          ],
          [
            13.50218,
            41.67762
          ],
          [
            13.50189,
            41.67774
          ],
          [
            13.50174,
            41.67779
          ],
          [
            13.50157,
            41.67785
          ],
          [
            13.50156,
            41.67785
          ],
          [
            13.50132,
            41.67793
          ],
          [
            13.50105,
            41.67802
          ],
          [
            13.50091,
            41.67807
          ],
          [
            13.5009,
            41.67807
          ],
          [
            13.50074,
            41.67812
          ],
          [
            13.50069,
            41.67814
          ],
          [
            13.50068,
            41.67814
          ],
          [
            13.50046,
            41.67821
          ],
          [
            13.50045,
            41.67821
          ],
          [
            13.50024,
            41.67827
          ],
          [
            13.50001,
            41.67834
          ],
          [
            13.49993,
            41.67836
          ],
          [
            13.49979,
            41.6784
          ],
          [
            13.49971,
            41.67843
          ],
          [
            13.49956,
            41.67847
          ],
          [
            13.49945,
            41.6785
          ],
          [
            13.49934,
            41.67853
          ],
          [
            13.49911,
            41.67859
          ],
          [
            13.49909,
            41.67859
          ],
          [
            13.49888,
            41.67864
          ],
          [
            13.49865,
            41.6787
          ],
          [
            13.4986,
            41.67871
          ],
          [
            13.49842,
            41.67875
          ],
          [
            13.49819,
            41.67881
          ],
          [
            13.49815,
            41.67881
          ],
          [
            13.49796,
            41.67885
          ],
          [
            13.49773,
            41.6789
          ],
          [
            13.49749,
            41.67894
          ],
          [
            13.49738,
            41.67896
          ],
          [
            13.49684,
            41.67906
          ],
          [
            13.49654,
            41.67911
          ],
          [
            13.49645,
            41.67913
          ],
          [
            13.49621,
            41.67916
          ],
          [
            13.4962,
            41.67916
          ],
          [
            13.49598,
            41.6792
          ],
          [
            13.49564,
            41.67924
          ],
          [
            13.49495,
            41.67933
          ],
          [
            13.49413,
            41.67944
          ],
          [
            13.49311,
            41.67957
          ],
          [
            13.493,
            41.67958
          ],
          [
            13.49291,
            41.67959
          ],
          [
            13.49284,
            41.6796
          ],
          [
            13.4927,
            41.67962
          ],
          [
            13.49239,
            41.67966
          ],
          [
            13.49213,
            41.67968
          ],
          [
            13.49209,
            41.67968
          ],
          [
            13.49185,
            41.6797
          ],
          [
            13.49165,
            41.67971
          ],
          [
            13.49153,
            41.67972
          ],
          [
            13.4913,
            41.67972
          ],
          [
            13.49117,
            41.67973
          ],
          [
            13.49072,
            41.67973
          ],
          [
            13.49036,
            41.67972
          ],
          [
            13.49005,
            41.6797
          ],
          [
            13.48982,
            41.67969
          ],
          [
            13.48974,
            41.67968
          ],
          [
            13.48939,
            41.67965
          ],
          [
            13.48934,
            41.67964
          ],
          [
            13.48933,
            41.67964
          ],
          [
            13.48916,
            41.67962
          ],
          [
            13.4891,
            41.67962
          ],
          [
            13.48888,
            41.67959
          ],
          [
            13.48863,
            41.67956
          ],
          [
            13.48857,
            41.67955
          ],
          [
            13.48839,
            41.67952
          ],
          [
            13.48827,
            41.6795
          ],
          [
            13.48825,
            41.67949
          ],
          [
            13.48816,
            41.67948
          ],
          [
            13.48798,
            41.67945
          ],
          [
            13.48793,
            41.67943
          ],
          [
            13.4877,
            41.67938
          ],
          [
            13.48763,
            41.67937
          ],
          [
            13.48761,
            41.67936
          ],
          [
            13.48747,
            41.67933
          ],
          [
            13.48732,
            41.67929
          ],
          [
            13.48711,
            41.67923
          ],
          [
            13.48707,
            41.67922
          ],
          [
            13.48701,
            41.6792
          ],
          [
            13.48679,
            41.67913
          ],
          [
            13.48654,
            41.67905
          ],
          [
            13.48626,
            41.67895
          ],
          [
            13.48596,
            41.67885
          ],
          [
            13.48595,
            41.67884
          ],
          [
            13.48593,
            41.67883
          ],
          [
            13.48587,
            41.67881
          ],
          [
            13.48586,
            41.67881
          ],
          [
            13.48559,
            41.67872
          ],
          [
            13.48533,
            41.67863
          ],
          [
            13.48504,
            41.67853
          ],
          [
            13.48499,
            41.67852
          ],
          [
            13.48478,
            41.67845
          ],
          [
            13.48459,
            41.67838
          ],
          [
            13.48444,
            41.67833
          ],
          [
            13.48441,
            41.67832
          ],
          [
            13.48417,
            41.67824
          ],
          [
            13.48396,
            41.67817
          ],
          [
            13.4838,
            41.67812
          ],
          [
            13.48349,
            41.67802
          ],
          [
            13.4833,
            41.67796
          ],
          [
            13.48311,
            41.67791
          ],
          [
            13.48289,
            41.67786
          ],
          [
            13.48268,
            41.67781
          ],
          [
            13.48239,
            41.67773
          ],
          [
            13.48216,
            41.67768
          ],
          [
            13.48199,
            41.67765
          ],
          [
            13.48188,
            41.67763
          ],
          [
            13.48186,
            41.67762
          ],
          [
            13.48175,
            41.67761
          ],
          [
            13.48171,
            41.6776
          ],
          [
            13.48147,
            41.67756
          ],
          [
            13.4811,
            41.67751
          ],
          [
            13.48103,
            41.67751
          ],
          [
            13.4808,
            41.67749
          ],
          [
            13.48077,
            41.67749
          ],
          [
            13.48052,
            41.67747
          ],
          [
            13.48026,
            41.67746
          ],
          [
            13.47995,
            41.67746
          ],
          [
            13.47916,
            41.67747
          ],
          [
            13.47771,
            41.67747
          ],
          [
            13.47711,
            41.67748
          ],
          [
            13.47676,
            41.67749
          ],
          [
            13.47487,
            41.67749
          ],
          [
            13.47472,
            41.67748
          ],
          [
            13.4746,
            41.67747
          ],
          [
            13.47431,
            41.67746
          ],
          [
            13.47413,
            41.67745
          ],
          [
            13.47396,
            41.67743
          ],
          [
            13.47383,
            41.67741
          ],
          [
            13.47359,
            41.67738
          ],
          [
            13.47343,
            41.67735
          ],
          [
            13.47304,
            41.67727
          ],
          [
            13.47266,
            41.67718
          ],
          [
            13.4724,
            41.67711
          ],
          [
            13.47217,
            41.67702
          ],
          [
            13.47194,
            41.67694
          ],
          [
            13.47176,
            41.67687
          ],
          [
            13.47163,
            41.67682
          ],
          [
            13.47141,
            41.67671
          ],
          [
            13.47127,
            41.67664
          ],
          [
            13.47122,
            41.67662
          ],
          [
            13.47111,
            41.67656
          ],
          [
            13.47094,
            41.67646
          ],
          [
            13.47075,
            41.67635
          ],
          [
            13.47067,
            41.67631
          ],
          [
            13.47047,
            41.67617
          ],
          [
            13.47012,
            41.6759
          ],
          [
            13.46993,
            41.67573
          ],
          [
            13.46961,
            41.67541
          ],
          [
            13.46943,
            41.67523
          ],
          [
            13.46932,
            41.67511
          ],
          [
            13.46904,
            41.6748
          ],
          [
            13.46892,
            41.67465
          ],
          [
            13.46874,
            41.67443
          ],
          [
            13.46862,
            41.67428
          ],
          [
            13.46826,
            41.67385
          ],
          [
            13.4679,
            41.6734
          ],
          [
            13.46777,
            41.67325
          ],
          [
            13.46765,
            41.6731
          ],
          [
            13.46713,
            41.67249
          ],
          [
            13.46683,
            41.67214
          ],
          [
            13.46663,
            41.67188
          ],
          [
            13.46657,
            41.67182
          ],
          [
            13.466,
            41.67104
          ],
          [
            13.46592,
            41.67094
          ],
          [
            13.46581,
            41.67079
          ],
          [
            13.4658,
            41.67079
          ],
          [
            13.46568,
            41.67063
          ],
          [
            13.46555,
            41.67048
          ],
          [
            13.46542,
            41.67031
          ],
          [
            13.46517,
            41.67004
          ],
          [
            13.46513,
            41.67
          ],
          [
            13.46494,
            41.66983
          ],
          [
            13.46474,
            41.66962
          ],
          [
            13.46432,
            41.66929
          ],
          [
            13.46413,
            41.66916
          ],
          [
            13.46406,
            41.66911
          ],
          [
            13.464,
            41.66908
          ],
          [
            13.46394,
            41.66904
          ],
          [
            13.46391,
            41.66901
          ],
          [
            13.46352,
            41.6688
          ],
          [
            13.46344,
            41.66875
          ],
          [
            13.46331,
            41.66867
          ],
          [
            13.46319,
            41.66861
          ],
          [
            13.46299,
            41.66851
          ],
          [
            13.46292,
            41.66847
          ],
          [
            13.46285,
            41.66843
          ],
          [
            13.46279,
            41.6684
          ],
          [
            13.46264,
            41.66834
          ],
          [
            13.4626,
            41.66832
          ],
          [
            13.46254,
            41.66829
          ],
          [
            13.46246,
            41.66825
          ],
          [
            13.46244,
            41.66825
          ],
          [
            13.4623,
            41.66818
          ],
          [
            13.4621,
            41.6681
          ],
          [
            13.46104,
            41.66768
          ],
          [
            13.4608,
            41.6676
          ],
          [
            13.46046,
            41.66747
          ],
          [
            13.46032,
            41.66742
          ],
          [
            13.46023,
            41.66738
          ],
          [
            13.45983,
            41.66723
          ],
          [
            13.45938,
            41.66708
          ],
          [
            13.45921,
            41.66702
          ],
          [
            13.45912,
            41.667
          ],
          [
            13.45897,
            41.66695
          ],
          [
            13.45881,
            41.66689
          ],
          [
            13.45879,
            41.66688
          ],
          [
            13.45858,
            41.66682
          ],
          [
            13.4584,
            41.66678
          ],
          [
            13.45811,
            41.66673
          ],
          [
            13.45771,
            41.66668
          ],
          [
            13.45738,
            41.66665
          ],
          [
            13.45716,
            41.66663
          ],
          [
            13.45706,
            41.66663
          ],
          [
            13.45682,
            41.66662
          ],
          [
            13.45635,
            41.66662
          ],
          [
            13.45571,
            41.66669
          ],
          [
            13.45558,
            41.6667
          ],
          [
            13.45517,
            41.66677
          ],
          [
            13.45499,
            41.66681
          ],
          [
            13.45472,
            41.66687
          ],
          [
            13.45453,
            41.66692
          ],
          [
            13.4544,
            41.66696
          ],
          [
            13.45425,
            41.667
          ],
          [
            13.45394,
            41.66709
          ],
          [
            13.45379,
            41.66713
          ],
          [
            13.45223,
            41.66762
          ],
          [
            13.45157,
            41.66784
          ],
          [
            13.45135,
            41.66791
          ],
          [
            13.45126,
            41.66794
          ],
          [
            13.45091,
            41.66806
          ],
          [
            13.45069,
            41.66813
          ],
          [
            13.44982,
            41.66842
          ],
          [
            13.44918,
            41.66863
          ],
          [
            13.44861,
            41.66881
          ],
          [
            13.44822,
            41.66894
          ],
          [
            13.44817,
            41.66895
          ],
          [
            13.44777,
            41.66907
          ],
          [
            13.44759,
            41.66913
          ],
          [
            13.4474,
            41.6692
          ],
          [
            13.44735,
            41.66922
          ],
          [
            13.44704,
            41.66932
          ],
          [
            13.44622,
            41.66957
          ],
          [
            13.4462,
            41.66957
          ],
          [
            13.44594,
            41.66964
          ],
          [
            13.44574,
            41.66968
          ],
          [
            13.44568,
            41.6697
          ],
          [
            13.44542,
            41.66975
          ],
          [
            13.44532,
            41.66977
          ],
          [
            13.44528,
            41.66978
          ],
          [
            13.44508,
            41.66981
          ],
          [
            13.44498,
            41.66983
          ],
          [
            13.4448,
            41.66986
          ],
          [
            13.44465,
            41.66988
          ],
          [
            13.44457,
            41.66989
          ],
          [
            13.44445,
            41.6699
          ],
          [
            13.44433,
            41.66991
          ],
          [
            13.44361,
            41.66995
          ],
          [
            13.44313,
            41.66995
          ],
          [
            13.44279,
            41.66994
          ],
          [
            13.44212,
            41.66989
          ],
          [
            13.44193,
            41.66987
          ],
          [
            13.44177,
            41.66985
          ],
          [
            13.4416,
            41.66983
          ],
          [
            13.4415,
            41.66981
          ],
          [
            13.44119,
            41.66977
          ],
          [
            13.44078,
            41.6697
          ],
          [
            13.43967,
            41.6695
          ],
          [
            13.43904,
            41.66938
          ],
          [
            13.43894,
            41.66936
          ],
          [
            13.43884,
            41.66934
          ],
          [
            13.43769,
            41.66914
          ],
          [
            13.43767,
            41.66913
          ],
          [
            13.43671,
            41.66894
          ],
          [
            13.43606,
            41.6688
          ],
          [
            13.4359,
            41.66876
          ],
          [
            13.43573,
            41.66872
          ],
          [
            13.43505,
            41.66854
          ],
          [
            13.43465,
            41.66844
          ],
          [
            13.43395,
            41.66825
          ],
          [
            13.43351,
            41.66813
          ],
          [
            13.43174,
            41.66765
          ],
          [
            13.43155,
            41.6676
          ],
          [
            13.43151,
            41.66759
          ],
          [
            13.4309,
            41.66742
          ],
          [
            13.43061,
            41.66734
          ],
          [
            13.4306,
            41.66734
          ],
          [
            13.43039,
            41.66727
          ],
          [
            13.43026,
            41.66724
          ],
          [
            13.43016,
            41.66721
          ],
          [
            13.42991,
            41.66713
          ],
          [
            13.42949,
            41.667
          ],
          [
            13.42945,
            41.66699
          ],
          [
            13.42886,
            41.66677
          ],
          [
            13.42884,
            41.66677
          ],
          [
            13.42864,
            41.66668
          ],
          [
            13.42849,
            41.66661
          ],
          [
            13.42811,
            41.66644
          ],
          [
            13.42803,
            41.66639
          ],
          [
            13.42783,
            41.66628
          ],
          [
            13.42766,
            41.66618
          ],
          [
            13.42745,
            41.66605
          ],
          [
            13.42728,
            41.66594
          ],
          [
            13.42719,
            41.66588
          ],
          [
            13.42698,
            41.66573
          ],
          [
            13.42672,
            41.66552
          ],
          [
            13.42646,
            41.66529
          ],
          [
            13.42627,
            41.66509
          ],
          [
            13.42611,
            41.66494
          ],
          [
            13.42599,
            41.6648
          ],
          [
            13.42592,
            41.66472
          ],
          [
            13.42587,
            41.66465
          ],
          [
            13.42586,
            41.66465
          ],
          [
            13.42574,
            41.6645
          ],
          [
            13.42552,
            41.66421
          ],
          [
            13.42542,
            41.66406
          ],
          [
            13.42532,
            41.66392
          ],
          [
            13.4252,
            41.66374
          ],
          [
            13.42515,
            41.66366
          ],
          [
            13.42468,
            41.66302
          ],
          [
            13.42466,
            41.66298
          ],
          [
            13.42453,
            41.6628
          ],
          [
            13.4244,
            41.66263
          ],
          [
            13.42419,
            41.6624
          ],
          [
            13.42404,
            41.66229
          ],
          [
            13.42395,
            41.66219
          ],
          [
            13.42379,
            41.66202
          ],
          [
            13.42364,
            41.66187
          ],
          [
            13.42341,
            41.66168
          ],
          [
            13.42321,
            41.66154
          ],
          [
            13.42307,
            41.66146
          ],
          [
            13.42303,
            41.66143
          ],
          [
            13.42297,
            41.6614
          ],
          [
            13.42283,
            41.66132
          ],
          [
            13.42278,
            41.66129
          ],
          [
            13.42263,
            41.66122
          ],
          [
            13.42252,
            41.66117
          ],
          [
            13.42231,
            41.66108
          ],
          [
            13.42221,
            41.66105
          ],
          [
            13.42207,
            41.66101
          ],
          [
            13.42199,
            41.66098
          ],
          [
            13.4219,
            41.66096
          ],
          [
            13.42188,
            41.66095
          ],
          [
            13.4218,
            41.66093
          ],
          [
            13.42176,
            41.66092
          ],
          [
            13.42161,
            41.66088
          ],
          [
            13.42143,
            41.66084
          ],
          [
            13.42115,
            41.6608
          ],
          [
            13.42108,
            41.66079
          ],
          [
            13.42085,
            41.66077
          ],
          [
            13.42058,
            41.66075
          ],
          [
            13.42029,
            41.66075
          ],
          [
            13.4201,
            41.66076
          ],
          [
            13.42005,
            41.66076
          ],
          [
            13.41987,
            41.66077
          ],
          [
            13.4197,
            41.66079
          ],
          [
            13.41925,
            41.66084
          ],
          [
            13.41878,
            41.66091
          ],
          [
            13.41842,
            41.66098
          ],
          [
            13.41798,
            41.66106
          ],
          [
            13.41792,
            41.66107
          ],
          [
            13.4176,
            41.66111
          ],
          [
            13.41724,
            41.66117
          ],
          [
            13.41659,
            41.66124
          ],
          [
            13.4165,
            41.66125
          ],
          [
            13.41626,
            41.66128
          ],
          [
            13.4161,
            41.6613
          ],
          [
            13.41524,
            41.66138
          ],
          [
            13.41507,
            41.66139
          ],
          [
            13.41478,
            41.66141
          ],
          [
            13.41437,
            41.66143
          ],
          [
            13.4134,
            41.66145
          ],
          [
            13.41246,
            41.66145
          ],
          [
            13.41202,
            41.66144
          ],
          [
            13.41151,
            41.66143
          ],
          [
            13.41092,
            41.66141
          ],
          [
            13.40976,
            41.66141
          ],
          [
            13.4094,
            41.66142
          ],
          [
            13.40884,
            41.66145
          ],
          [
            13.40835,
            41.66147
          ],
          [
            13.40822,
            41.66148
          ],
          [
            13.40809,
            41.66148
          ],
          [
            13.40624,
            41.66158
          ],
          [
            13.4055,
            41.66163
          ],
          [
            13.40463,
            41.66172
          ],
          [
            13.40449,
            41.66174
          ],
          [
            13.40408,
            41.66179
          ],
          [
            13.40388,
            41.66182
          ],
          [
            13.40294,
            41.66197
          ],
          [
            13.40219,
            41.6621
          ],
          [
            13.40208,
            41.66212
          ],
          [
            13.40028,
            41.66243
          ],
          [
            13.39981,
            41.66249
          ],
          [
            13.3997,
            41.66251
          ],
          [
            13.39958,
            41.66253
          ],
          [
            13.39898,
            41.66264
          ],
          [
            13.39825,
            41.66277
          ],
          [
            13.39768,
            41.66287
          ],
          [
            13.39715,
            41.66298
          ],
          [
            13.39658,
            41.6631
          ],
          [
            13.39596,
            41.66325
          ],
          [
            13.39579,
            41.66329
          ],
          [
            13.39578,
            41.6633
          ],
          [
            13.39528,
            41.66343
          ],
          [
            13.39471,
            41.66359
          ],
          [
            13.39437,
            41.66367
          ],
          [
            13.39402,
            41.66375
          ],
          [
            13.39388,
            41.66378
          ],
          [
            13.39344,
            41.66387
          ],
          [
            13.39323,
            41.66392
          ],
          [
            13.39321,
            41.66392
          ],
          [
            13.39297,
            41.66397
          ],
          [
            13.3927,
            41.66401
          ],
          [
            13.39222,
            41.66408
          ],
          [
            13.39201,
            41.6641
          ],
          [
            13.3917,
            41.66413
          ],
          [
            13.39155,
            41.66414
          ],
          [
            13.3914,
            41.66415
          ],
          [
            13.39049,
            41.66421
          ],
          [
            13.38989,
            41.66424
          ],
          [
            13.38976,
            41.66424
          ],
          [
            13.38965,
            41.66425
          ],
          [
            13.38797,
            41.66431
          ],
          [
            13.3876,
            41.66432
          ],
          [
            13.38753,
            41.66433
          ],
          [
            13.38661,
            41.66436
          ],
          [
            13.38628,
            41.66437
          ],
          [
            13.38585,
            41.66439
          ],
          [
            13.38555,
            41.6644
          ],
          [
            13.38508,
            41.66442
          ],
          [
            13.38493,
            41.66442
          ],
          [
            13.38484,
            41.66443
          ],
          [
            13.38466,
            41.66443
          ],
          [
            13.38458,
            41.66444
          ],
          [
            13.38426,
            41.66445
          ],
          [
            13.38388,
            41.66446
          ],
          [
            13.38374,
            41.66447
          ],
          [
            13.38364,
            41.66447
          ],
          [
            13.38301,
            41.6645
          ],
          [
            13.38245,
            41.66451
          ],
          [
            13.3818,
            41.6645
          ],
          [
            13.38133,
            41.66448
          ],
          [
            13.3808,
            41.66445
          ],
          [
            13.38061,
            41.66443
          ],
          [
            13.38041,
            41.66441
          ],
          [
            13.3795,
            41.66434
          ],
          [
            13.37909,
            41.66429
          ],
          [
            13.37869,
            41.66425
          ],
          [
            13.37854,
            41.66423
          ],
          [
            13.37791,
            41.66415
          ],
          [
            13.37779,
            41.66413
          ],
          [
            13.37755,
            41.66409
          ],
          [
            13.37751,
            41.66409
          ],
          [
            13.37717,
            41.66403
          ],
          [
            13.37692,
            41.66399
          ],
          [
            13.37622,
            41.66386
          ],
          [
            13.37571,
            41.66376
          ],
          [
            13.37567,
            41.66375
          ],
          [
            13.37564,
            41.66374
          ],
          [
            13.37541,
            41.6637
          ],
          [
            13.37534,
            41.66368
          ],
          [
            13.37474,
            41.66356
          ],
          [
            13.37469,
            41.66355
          ],
          [
            13.37467,
            41.66355
          ],
          [
            13.37461,
            41.66354
          ],
          [
            13.37441,
            41.6635
          ],
          [
            13.37367,
            41.66335
          ],
          [
            13.37348,
            41.66331
          ],
          [
            13.37333,
            41.66328
          ],
          [
            13.37277,
            41.66317
          ],
          [
            13.37208,
            41.66303
          ],
          [
            13.37198,
            41.66301
          ],
          [
            13.37185,
            41.66304
          ],
          [
            13.37177,
            41.66303
          ],
          [
            13.37169,
            41.66302
          ],
          [
            13.37157,
            41.66303
          ],
          [
            13.37151,
            41.66304
          ],
          [
            13.37138,
            41.66307
          ],
          [
            13.3713,
            41.6631
          ],
          [
            13.37123,
            41.66312
          ],
          [
            13.37114,
            41.66317
          ],
          [
            13.37108,
            41.66322
          ],
          [
            13.37101,
            41.66327
          ],
          [
            13.37095,
            41.66333
          ],
          [
            13.37091,
            41.66337
          ],
          [
            13.37086,
            41.66343
          ],
          [
            13.37084,
            41.66347
          ],
          [
            13.3708,
            41.66351
          ],
          [
            13.37071,
            41.66357
          ],
          [
            13.37063,
            41.6636
          ],
          [
            13.37058,
            41.66361
          ],
          [
            13.37053,
            41.66362
          ],
          [
            13.37047,
            41.66363
          ],
          [
            13.37033,
            41.66363
          ],
          [
            13.3703,
            41.66362
          ],
          [
            13.37024,
            41.6636
          ],
          [
            13.37019,
            41.66359
          ],
          [
            13.37016,
            41.66357
          ],
          [
            13.37011,
            41.66354
          ],
          [
            13.37009,
            41.66353
          ],
          [
            13.37006,
            41.66351
          ],
          [
            13.37003,
            41.66348
          ],
          [
            13.37001,
            41.66345
          ],
          [
            13.36999,
            41.66343
          ],
          [
            13.36997,
            41.6634
          ],
          [
            13.36996,
            41.66338
          ],
          [
            13.36995,
            41.66335
          ],
          [
            13.36995,
            41.66321
          ],
          [
            13.36996,
            41.66316
          ],
          [
            13.36997,
            41.66312
          ],
          [
            13.37006,
            41.66264
          ],
          [
            13.37009,
            41.66251
          ],
          [
            13.3701,
            41.66245
          ],
          [
            13.3701,
            41.66244
          ],
          [
            13.37019,
            41.66205
          ],
          [
            13.3702,
            41.66196
          ],
          [
            13.37021,
            41.66189
          ],
          [
            13.37022,
            41.66188
          ],
          [
            13.37021,
            41.66187
          ],
          [
            13.3702,
            41.66186
          ],
          [
            13.3702,
            41.66184
          ],
          [
            13.3702,
            41.66176
          ],
          [
            13.3702,
            41.66174
          ],
          [
            13.37019,
            41.66172
          ],
          [
            13.37019,
            41.66169
          ],
          [
            13.37017,
            41.66166
          ],
          [
            13.37016,
            41.66164
          ],
          [
            13.37014,
            41.66161
          ],
          [
            13.37013,
            41.6616
          ],
          [
            13.37011,
            41.66158
          ],
          [
            13.37009,
            41.66157
          ],
          [
            13.37007,
            41.66155
          ],
          [
            13.37006,
            41.66154
          ],
          [
            13.37003,
            41.66153
          ],
          [
            13.37001,
            41.66152
          ],
          [
            13.37,
            41.66152
          ],
          [
            13.36998,
            41.66151
          ],
          [
            13.36995,
            41.6615
          ],
          [
            13.36993,
            41.66149
          ],
          [
            13.3699,
            41.66149
          ],
          [
            13.36988,
            41.66148
          ],
          [
            13.36987,
            41.66148
          ],
          [
            13.36985,
            41.66147
          ],
          [
            13.36972,
            41.66139
          ],
          [
            13.36965,
            41.66138
          ],
          [
            13.36943,
            41.66136
          ],
          [
            13.36929,
            41.66134
          ],
          [
            13.36893,
            41.6613
          ],
          [
            13.3686,
            41.66126
          ],
          [
            13.36846,
            41.66124
          ],
          [
            13.36838,
            41.66124
          ],
          [
            13.36815,
            41.66121
          ],
          [
            13.36813,
            41.66121
          ],
          [
            13.36778,
            41.66116
          ],
          [
            13.36757,
            41.66114
          ],
          [
            13.36731,
            41.6611
          ],
          [
            13.36718,
            41.66107
          ],
          [
            13.36698,
            41.66104
          ],
          [
            13.36677,
            41.661
          ],
          [
            13.36667,
            41.66098
          ],
          [
            13.36655,
            41.66095
          ],
          [
            13.3663,
            41.66089
          ],
          [
            13.36616,
            41.66085
          ],
          [
            13.36603,
            41.66082
          ],
          [
            13.36578,
            41.66075
          ],
          [
            13.36561,
            41.6607
          ],
          [
            13.36538,
            41.66064
          ],
          [
            13.36528,
            41.66061
          ],
          [
            13.36523,
            41.6606
          ],
          [
            13.3651,
            41.66056
          ],
          [
            13.36493,
            41.66051
          ],
          [
            13.36484,
            41.66048
          ],
          [
            13.3647,
            41.66045
          ],
          [
            13.36463,
            41.66043
          ],
          [
            13.3644,
            41.66036
          ],
          [
            13.36414,
            41.66029
          ],
          [
            13.36387,
            41.66021
          ],
          [
            13.3638,
            41.66019
          ],
          [
            13.36351,
            41.66011
          ],
          [
            13.3629,
            41.65992
          ],
          [
            13.36284,
            41.65992
          ],
          [
            13.3628,
            41.65991
          ],
          [
            13.36254,
            41.65982
          ],
          [
            13.36225,
            41.65971
          ],
          [
            13.36219,
            41.65969
          ],
          [
            13.36195,
            41.65959
          ],
          [
            13.36177,
            41.6595
          ],
          [
            13.36158,
            41.6594
          ],
          [
            13.36139,
            41.65932
          ],
          [
            13.36125,
            41.65927
          ],
          [
            13.36096,
            41.65916
          ],
          [
            13.36078,
            41.65911
          ],
          [
            13.36063,
            41.65907
          ],
          [
            13.36033,
            41.65901
          ],
          [
            13.35993,
            41.65896
          ],
          [
            13.35934,
            41.65888
          ],
          [
            13.35924,
            41.65885
          ],
          [
            13.35901,
            41.65882
          ],
          [
            13.35868,
            41.65878
          ],
          [
            13.35861,
            41.65877
          ],
          [
            13.35833,
            41.65872
          ],
          [
            13.35797,
            41.65868
          ],
          [
            13.35724,
            41.65859
          ],
          [
            13.35629,
            41.65846
          ],
          [
            13.35606,
            41.65843
          ],
          [
            13.35392,
            41.65814
          ],
          [
            13.35369,
            41.65811
          ],
          [
            13.35298,
            41.65802
          ],
          [
            13.35261,
            41.65797
          ],
          [
            13.35248,
            41.65795
          ],
          [
            13.35225,
            41.65792
          ],
          [
            13.35194,
            41.65788
          ],
          [
            13.35123,
            41.65777
          ],
          [
            13.35104,
            41.65775
          ],
          [
            13.35053,
            41.65764
          ],
          [
            13.34966,
            41.65752
          ],
          [
            13.34885,
            41.65732
          ],
          [
            13.34791,
            41.65701
          ],
          [
            13.34741,
            41.6568
          ],
          [
            13.34737,
            41.65678
          ],
          [
            13.34704,
            41.65662
          ],
          [
            13.34701,
            41.65661
          ],
          [
            13.34646,
            41.6563
          ],
          [
            13.34629,
            41.65621
          ],
          [
            13.34579,
            41.65593
          ],
          [
            13.3454,
            41.65571
          ],
          [
            13.34514,
            41.65557
          ],
          [
            13.34482,
            41.65539
          ],
          [
            13.3448,
            41.65538
          ],
          [
            13.34469,
            41.65531
          ],
          [
            13.3445,
            41.6552
          ],
          [
            13.34423,
            41.65505
          ],
          [
            13.34393,
            41.65487
          ],
          [
            13.34387,
            41.65483
          ],
          [
            13.34362,
            41.65469
          ],
          [
            13.34344,
            41.65463
          ],
          [
            13.34333,
            41.65457
          ],
          [
            13.34308,
            41.65443
          ],
          [
            13.34302,
            41.6544
          ],
          [
            13.34296,
            41.65437
          ],
          [
            13.34286,
            41.65434
          ],
          [
            13.34277,
            41.65432
          ],
          [
            13.34277,
            41.65433
          ],
          [
            13.34276,
            41.65433
          ],
          [
            13.34276,
            41.65434
          ],
          [
            13.34275,
            41.65434
          ],
          [
            13.34275,
            41.65435
          ],
          [
            13.34274,
            41.65435
          ],
          [
            13.34273,
            41.65436
          ],
          [
            13.34272,
            41.65436
          ],
          [
            13.3427,
            41.65437
          ],
          [
            13.34268,
            41.65437
          ],
          [
            13.34268,
            41.65438
          ],
          [
            13.3426,
            41.65438
          ],
          [
            13.34259,
            41.65437
          ],
          [
            13.34257,
            41.65437
          ],
          [
            13.34256,
            41.65436
          ],
          [
            13.34254,
            41.65436
          ],
          [
            13.34254,
            41.65435
          ],
          [
            13.34253,
            41.65435
          ],
          [
            13.34253,
            41.65434
          ],
          [
            13.34252,
            41.65434
          ],
          [
            13.34252,
            41.65433
          ],
          [
            13.34251,
            41.65433
          ],
          [
            13.34251,
            41.65432
          ],
          [
            13.3425,
            41.65432
          ],
          [
            13.3425,
            41.65431
          ],
          [
            13.3425,
            41.6543
          ],
          [
            13.34249,
            41.6543
          ],
          [
            13.34217,
            41.65392
          ],
          [
            13.34207,
            41.6538
          ],
          [
            13.34198,
            41.65368
          ],
          [
            13.34187,
            41.65357
          ],
          [
            13.34164,
            41.65331
          ],
          [
            13.34157,
            41.65323
          ],
          [
            13.34151,
            41.65317
          ],
          [
            13.34142,
            41.65306
          ],
          [
            13.3413,
            41.65291
          ],
          [
            13.34119,
            41.65278
          ],
          [
            13.34116,
            41.65269
          ],
          [
            13.3411,
            41.65262
          ],
          [
            13.3407,
            41.65215
          ],
          [
            13.34027,
            41.65163
          ],
          [
            13.33973,
            41.65098
          ],
          [
            13.33931,
            41.65048
          ],
          [
            13.33903,
            41.65014
          ],
          [
            13.33888,
            41.64997
          ],
          [
            13.33877,
            41.64984
          ],
          [
            13.33873,
            41.64979
          ],
          [
            13.33866,
            41.64978
          ],
          [
            13.33865,
            41.64978
          ],
          [
            13.33852,
            41.6497
          ],
          [
            13.33842,
            41.6497
          ],
          [
            13.3384,
            41.64969
          ],
          [
            13.33837,
            41.64968
          ],
          [
            13.33835,
            41.64967
          ],
          [
            13.33833,
            41.64966
          ],
          [
            13.3383,
            41.64965
          ],
          [
            13.33828,
            41.64963
          ],
          [
            13.33826,
            41.64961
          ],
          [
            13.33825,
            41.6496
          ],
          [
            13.33825,
            41.64959
          ],
          [
            13.33824,
            41.64958
          ],
          [
            13.33823,
            41.64957
          ],
          [
            13.33823,
            41.64956
          ],
          [
            13.33822,
            41.64955
          ],
          [
            13.33822,
            41.64954
          ],
          [
            13.33821,
            41.64953
          ],
          [
            13.33821,
            41.64945
          ],
          [
            13.33822,
            41.64944
          ],
          [
            13.33823,
            41.64942
          ],
          [
            13.33824,
            41.6494
          ],
          [
            13.33823,
            41.64929
          ],
          [
            13.33822,
            41.64926
          ],
          [
            13.3382,
            41.64922
          ],
          [
            13.33818,
            41.64919
          ],
          [
            13.33814,
            41.64914
          ],
          [
            13.33813,
            41.6491
          ],
          [
            13.3379,
            41.64884
          ],
          [
            13.33682,
            41.64763
          ],
          [
            13.3367,
            41.64749
          ],
          [
            13.33652,
            41.64729
          ],
          [
            13.33646,
            41.64723
          ],
          [
            13.3364,
            41.64716
          ],
          [
            13.33628,
            41.64703
          ],
          [
            13.33625,
            41.647
          ],
          [
            13.33613,
            41.64686
          ],
          [
            13.33606,
            41.64679
          ],
          [
            13.33603,
            41.64676
          ],
          [
            13.3359,
            41.64662
          ],
          [
            13.33564,
            41.64636
          ],
          [
            13.33553,
            41.64624
          ],
          [
            13.33542,
            41.64612
          ],
          [
            13.33534,
            41.64603
          ],
          [
            13.33515,
            41.64582
          ],
          [
            13.33509,
            41.64575
          ],
          [
            13.33494,
            41.64558
          ],
          [
            13.33483,
            41.64545
          ],
          [
            13.33477,
            41.64538
          ],
          [
            13.33472,
            41.64532
          ],
          [
            13.33468,
            41.64528
          ],
          [
            13.33467,
            41.64527
          ],
          [
            13.33464,
            41.64523
          ],
          [
            13.33449,
            41.64505
          ],
          [
            13.33441,
            41.64496
          ],
          [
            13.33436,
            41.6449
          ],
          [
            13.33411,
            41.64462
          ],
          [
            13.33397,
            41.64445
          ],
          [
            13.3338,
            41.64425
          ],
          [
            13.33371,
            41.64413
          ],
          [
            13.33365,
            41.64405
          ],
          [
            13.33359,
            41.64397
          ],
          [
            13.33355,
            41.64391
          ],
          [
            13.3335,
            41.6438
          ],
          [
            13.33347,
            41.64376
          ],
          [
            13.33344,
            41.64369
          ],
          [
            13.3334,
            41.64362
          ],
          [
            13.33334,
            41.64351
          ],
          [
            13.33332,
            41.64347
          ],
          [
            13.33326,
            41.64334
          ],
          [
            13.3332,
            41.6432
          ],
          [
            13.33314,
            41.64314
          ],
          [
            13.33311,
            41.64309
          ],
          [
            13.33306,
            41.64303
          ],
          [
            13.33303,
            41.64297
          ],
          [
            13.333,
            41.64297
          ],
          [
            13.33299,
            41.64296
          ],
          [
            13.33298,
            41.64296
          ],
          [
            13.33297,
            41.64295
          ],
          [
            13.33295,
            41.64295
          ],
          [
            13.33294,
            41.64294
          ],
          [
            13.33293,
            41.64294
          ],
          [
            13.33292,
            41.64293
          ],
          [
            13.33291,
            41.64293
          ],
          [
            13.3329,
            41.64292
          ],
          [
            13.3329,
            41.64291
          ],
          [
            13.33289,
            41.6429
          ],
          [
            13.33288,
            41.64289
          ],
          [
            13.33287,
            41.64287
          ],
          [
            13.33286,
            41.64286
          ],
          [
            13.33286,
            41.64285
          ],
          [
            13.33285,
            41.64284
          ],
          [
            13.33285,
            41.64282
          ],
          [
            13.33285,
            41.64281
          ],
          [
            13.33285,
            41.64279
          ],
          [
            13.33286,
            41.64277
          ],
          [
            13.33286,
            41.64276
          ],
          [
            13.33287,
            41.64275
          ],
          [
            13.33288,
            41.64274
          ],
          [
            13.33288,
            41.64273
          ],
          [
            13.33289,
            41.64272
          ],
          [
            13.3329,
            41.64272
          ],
          [
            13.33291,
            41.64271
          ],
          [
            13.3329,
            41.64263
          ],
          [
            13.33288,
            41.64257
          ],
          [
            13.33287,
            41.64253
          ],
          [
            13.33285,
            41.64242
          ],
          [
            13.33281,
            41.64233
          ],
          [
            13.3328,
            41.64231
          ],
          [
            13.33272,
            41.64212
          ],
          [
            13.33268,
            41.64203
          ],
          [
            13.33263,
            41.64191
          ],
          [
            13.33258,
            41.64182
          ],
          [
            13.33253,
            41.6417
          ],
          [
            13.33246,
            41.64153
          ],
          [
            13.33245,
            41.64151
          ],
          [
            13.33242,
            41.64144
          ],
          [
            13.3324,
            41.64139
          ],
          [
            13.33236,
            41.6413
          ],
          [
            13.33233,
            41.64123
          ],
          [
            13.33229,
            41.64113
          ],
          [
            13.33219,
            41.64089
          ],
          [
            13.33213,
            41.64075
          ],
          [
            13.33194,
            41.64034
          ],
          [
            13.3318,
            41.64001
          ],
          [
            13.33159,
            41.63953
          ],
          [
            13.33155,
            41.63944
          ],
          [
            13.33142,
            41.63944
          ],
          [
            13.33141,
            41.63943
          ],
          [
            13.33139,
            41.63943
          ],
          [
            13.33137,
            41.63942
          ],
          [
            13.33136,
            41.63941
          ],
          [
            13.33134,
            41.63941
          ],
          [
            13.33132,
            41.6394
          ],
          [
            13.33131,
            41.63939
          ],
          [
            13.3313,
            41.63938
          ],
          [
            13.33129,
            41.63937
          ],
          [
            13.33127,
            41.63936
          ],
          [
            13.33126,
            41.63935
          ],
          [
            13.33125,
            41.63934
          ],
          [
            13.33125,
            41.63932
          ],
          [
            13.33124,
            41.63931
          ],
          [
            13.33124,
            41.6393
          ],
          [
            13.33124,
            41.63928
          ],
          [
            13.33124,
            41.63927
          ],
          [
            13.33124,
            41.63926
          ],
          [
            13.33124,
            41.63924
          ],
          [
            13.33125,
            41.63923
          ],
          [
            13.33125,
            41.63922
          ],
          [
            13.33126,
            41.63921
          ],
          [
            13.33127,
            41.63919
          ],
          [
            13.33128,
            41.63918
          ],
          [
            13.33129,
            41.63917
          ],
          [
            13.3313,
            41.63916
          ],
          [
            13.33131,
            41.63915
          ],
          [
            13.33132,
            41.63914
          ],
          [
            13.33134,
            41.63913
          ],
          [
            13.33135,
            41.63913
          ],
          [
            13.33137,
            41.63912
          ],
          [
            13.33139,
            41.63911
          ],
          [
            13.33135,
            41.63903
          ],
          [
            13.33128,
            41.63887
          ],
          [
            13.33109,
            41.63845
          ],
          [
            13.33103,
            41.63831
          ],
          [
            13.33073,
            41.63761
          ],
          [
            13.33055,
            41.63721
          ],
          [
            13.33047,
            41.63704
          ],
          [
            13.33041,
            41.63692
          ],
          [
            13.33035,
            41.63678
          ],
          [
            13.33028,
            41.63663
          ],
          [
            13.33027,
            41.63661
          ],
          [
            13.33019,
            41.63649
          ],
          [
            13.3301,
            41.63633
          ],
          [
            13.33009,
            41.63633
          ],
          [
            13.32999,
            41.63619
          ],
          [
            13.32987,
            41.63604
          ],
          [
            13.32984,
            41.63601
          ],
          [
            13.32973,
            41.6359
          ],
          [
            13.3296,
            41.63576
          ],
          [
            13.32945,
            41.63563
          ],
          [
            13.32908,
            41.63533
          ],
          [
            13.3288,
            41.63524
          ],
          [
            13.32878,
            41.63525
          ],
          [
            13.32875,
            41.63527
          ],
          [
            13.32872,
            41.63528
          ],
          [
            13.32869,
            41.63529
          ],
          [
            13.32866,
            41.63529
          ],
          [
            13.32862,
            41.6353
          ],
          [
            13.32859,
            41.6353
          ],
          [
            13.32855,
            41.63529
          ],
          [
            13.32852,
            41.63529
          ],
          [
            13.32849,
            41.63528
          ],
          [
            13.32845,
            41.63527
          ],
          [
            13.32842,
            41.63526
          ],
          [
            13.3284,
            41.63524
          ],
          [
            13.32837,
            41.63523
          ],
          [
            13.32835,
            41.63521
          ],
          [
            13.32833,
            41.63519
          ],
          [
            13.32831,
            41.63516
          ],
          [
            13.3283,
            41.63514
          ],
          [
            13.32829,
            41.63511
          ],
          [
            13.32828,
            41.63508
          ],
          [
            13.32828,
            41.63506
          ],
          [
            13.32828,
            41.635
          ],
          [
            13.32829,
            41.63498
          ],
          [
            13.3283,
            41.63496
          ],
          [
            13.32832,
            41.63493
          ],
          [
            13.32834,
            41.63491
          ],
          [
            13.32836,
            41.63489
          ],
          [
            13.32837,
            41.63488
          ],
          [
            13.32838,
            41.63487
          ],
          [
            13.3283,
            41.63475
          ],
          [
            13.32828,
            41.63472
          ],
          [
            13.32802,
            41.63452
          ],
          [
            13.32794,
            41.63446
          ],
          [
            13.32785,
            41.6344
          ],
          [
            13.32771,
            41.63428
          ],
          [
            13.32751,
            41.63412
          ],
          [
            13.32745,
            41.63406
          ],
          [
            13.32734,
            41.63395
          ],
          [
            13.32716,
            41.63379
          ],
          [
            13.32702,
            41.63365
          ],
          [
            13.32689,
            41.63349
          ],
          [
            13.32676,
            41.63333
          ],
          [
            13.32673,
            41.63329
          ],
          [
            13.32662,
            41.63313
          ],
          [
            13.32651,
            41.63296
          ],
          [
            13.32641,
            41.63277
          ],
          [
            13.32634,
            41.63263
          ],
          [
            13.32632,
            41.6326
          ],
          [
            13.32623,
            41.63239
          ],
          [
            13.32601,
            41.63188
          ],
          [
            13.32566,
            41.63101
          ],
          [
            13.3255,
            41.63065
          ],
          [
            13.32545,
            41.63054
          ],
          [
            13.32532,
            41.63027
          ],
          [
            13.32501,
            41.6295
          ],
          [
            13.32499,
            41.62946
          ],
          [
            13.32497,
            41.6294
          ],
          [
            13.32496,
            41.62939
          ],
          [
            13.32494,
            41.62933
          ],
          [
            13.3249,
            41.62922
          ],
          [
            13.3248,
            41.62898
          ],
          [
            13.32474,
            41.62884
          ],
          [
            13.32473,
            41.62881
          ],
          [
            13.32465,
            41.62863
          ],
          [
            13.32457,
            41.62846
          ],
          [
            13.3245,
            41.62829
          ],
          [
            13.32441,
            41.6281
          ],
          [
            13.32434,
            41.62791
          ],
          [
            13.3243,
            41.62782
          ],
          [
            13.32415,
            41.62745
          ],
          [
            13.32403,
            41.62717
          ],
          [
            13.32387,
            41.62681
          ],
          [
            13.32368,
            41.62645
          ],
          [
            13.32363,
            41.62635
          ],
          [
            13.32356,
            41.62623
          ],
          [
            13.32351,
            41.62616
          ],
          [
            13.32346,
            41.62608
          ],
          [
            13.32331,
            41.62585
          ],
          [
            13.32315,
            41.62561
          ],
          [
            13.32312,
            41.62558
          ],
          [
            13.32295,
            41.62534
          ],
          [
            13.3229,
            41.62527
          ],
          [
            13.3228,
            41.62514
          ],
          [
            13.32242,
            41.62463
          ],
          [
            13.3224,
            41.62461
          ],
          [
            13.3223,
            41.62448
          ],
          [
            13.32219,
            41.62432
          ],
          [
            13.32216,
            41.62428
          ],
          [
            13.32192,
            41.62396
          ],
          [
            13.3218,
            41.62379
          ],
          [
            13.32166,
            41.6236
          ],
          [
            13.32117,
            41.62293
          ],
          [
            13.32087,
            41.62257
          ],
          [
            13.32075,
            41.62243
          ],
          [
            13.32068,
            41.62236
          ],
          [
            13.32043,
            41.62209
          ],
          [
            13.32029,
            41.62203
          ],
          [
            13.32018,
            41.62193
          ],
          [
            13.32,
            41.62178
          ],
          [
            13.31981,
            41.62162
          ],
          [
            13.31944,
            41.62132
          ],
          [
            13.31899,
            41.62097
          ],
          [
            13.31851,
            41.62067
          ],
          [
            13.31835,
            41.62057
          ],
          [
            13.31822,
            41.62048
          ],
          [
            13.31811,
            41.62042
          ],
          [
            13.31798,
            41.62034
          ],
          [
            13.31776,
            41.62023
          ],
          [
            13.31757,
            41.62015
          ],
          [
            13.31752,
            41.62012
          ],
          [
            13.31736,
            41.62004
          ],
          [
            13.31723,
            41.61998
          ],
          [
            13.31696,
            41.61986
          ],
          [
            13.31695,
            41.61985
          ],
          [
            13.31673,
            41.61976
          ],
          [
            13.31671,
            41.61975
          ],
          [
            13.3167,
            41.61974
          ],
          [
            13.31667,
            41.6197
          ],
          [
            13.31659,
            41.61967
          ],
          [
            13.31644,
            41.61961
          ],
          [
            13.31622,
            41.61953
          ],
          [
            13.31602,
            41.61948
          ],
          [
            13.31598,
            41.61946
          ],
          [
            13.31582,
            41.61942
          ],
          [
            13.3156,
            41.61936
          ],
          [
            13.31543,
            41.6193
          ],
          [
            13.31531,
            41.61926
          ],
          [
            13.31525,
            41.61924
          ],
          [
            13.31504,
            41.61916
          ],
          [
            13.31489,
            41.6191
          ],
          [
            13.3145,
            41.61894
          ],
          [
            13.31449,
            41.61894
          ],
          [
            13.31446,
            41.61893
          ],
          [
            13.31443,
            41.61891
          ],
          [
            13.3142,
            41.61882
          ],
          [
            13.31404,
            41.61876
          ],
          [
            13.31397,
            41.61873
          ],
          [
            13.31377,
            41.61864
          ],
          [
            13.31359,
            41.61857
          ],
          [
            13.31351,
            41.61853
          ],
          [
            13.31347,
            41.61851
          ],
          [
            13.31345,
            41.6185
          ],
          [
            13.3134,
            41.61847
          ],
          [
            13.31335,
            41.61845
          ],
          [
            13.31335,
            41.61844
          ],
          [
            13.31325,
            41.61839
          ],
          [
            13.31317,
            41.61834
          ],
          [
            13.31305,
            41.61827
          ],
          [
            13.31297,
            41.61822
          ],
          [
            13.3129,
            41.61818
          ],
          [
            13.31289,
            41.61818
          ],
          [
            13.31278,
            41.61811
          ],
          [
            13.31267,
            41.61804
          ],
          [
            13.31255,
            41.61797
          ],
          [
            13.31243,
            41.61789
          ],
          [
            13.3124,
            41.61787
          ],
          [
            13.31235,
            41.61784
          ],
          [
            13.31227,
            41.61779
          ],
          [
            13.31218,
            41.61774
          ],
          [
            13.3121,
            41.61768
          ],
          [
            13.31197,
            41.6176
          ],
          [
            13.31187,
            41.61753
          ],
          [
            13.3115,
            41.6173
          ],
          [
            13.31117,
            41.61708
          ],
          [
            13.31105,
            41.61701
          ],
          [
            13.31075,
            41.61681
          ],
          [
            13.31066,
            41.61674
          ],
          [
            13.31045,
            41.6166
          ],
          [
            13.30993,
            41.61627
          ],
          [
            13.30949,
            41.61599
          ],
          [
            13.30934,
            41.61588
          ],
          [
            13.30911,
            41.61578
          ],
          [
            13.30877,
            41.61564
          ],
          [
            13.30875,
            41.61563
          ],
          [
            13.30873,
            41.61562
          ],
          [
            13.30864,
            41.61559
          ],
          [
            13.30842,
            41.61551
          ],
          [
            13.30833,
            41.61547
          ],
          [
            13.3083,
            41.61546
          ],
          [
            13.30811,
            41.61538
          ],
          [
            13.30799,
            41.61534
          ],
          [
            13.30781,
            41.61527
          ],
          [
            13.30768,
            41.61522
          ],
          [
            13.30738,
            41.61511
          ],
          [
            13.30714,
            41.61502
          ],
          [
            13.30688,
            41.61492
          ],
          [
            13.30663,
            41.61482
          ],
          [
            13.30655,
            41.61479
          ],
          [
            13.30648,
            41.61476
          ],
          [
            13.30631,
            41.61469
          ],
          [
            13.30616,
            41.61464
          ],
          [
            13.30611,
            41.61462
          ],
          [
            13.30602,
            41.61457
          ],
          [
            13.30596,
            41.61454
          ],
          [
            13.30588,
            41.61449
          ],
          [
            13.30575,
            41.6144
          ],
          [
            13.30566,
            41.61433
          ],
          [
            13.30546,
            41.61418
          ],
          [
            13.3053,
            41.61407
          ],
          [
            13.30521,
            41.614
          ],
          [
            13.30491,
            41.61377
          ],
          [
            13.30486,
            41.61373
          ],
          [
            13.30461,
            41.61355
          ],
          [
            13.30439,
            41.61338
          ],
          [
            13.30376,
            41.61292
          ],
          [
            13.30353,
            41.61277
          ],
          [
            13.30326,
            41.61258
          ],
          [
            13.30317,
            41.61252
          ],
          [
            13.30312,
            41.61248
          ],
          [
            13.30269,
            41.61218
          ],
          [
            13.30255,
            41.61207
          ],
          [
            13.30225,
            41.61185
          ],
          [
            13.30205,
            41.61169
          ],
          [
            13.30204,
            41.61168
          ],
          [
            13.30199,
            41.61164
          ],
          [
            13.30185,
            41.61153
          ],
          [
            13.30175,
            41.61145
          ],
          [
            13.3017,
            41.6114
          ],
          [
            13.30161,
            41.61132
          ],
          [
            13.30149,
            41.6112
          ],
          [
            13.30148,
            41.61119
          ],
          [
            13.30138,
            41.61108
          ],
          [
            13.30123,
            41.61088
          ],
          [
            13.30121,
            41.61085
          ],
          [
            13.30106,
            41.61063
          ],
          [
            13.30092,
            41.61035
          ],
          [
            13.30084,
            41.60991
          ],
          [
            13.30076,
            41.6091
          ],
          [
            13.3007,
            41.60854
          ],
          [
            13.30066,
            41.60824
          ],
          [
            13.30062,
            41.60784
          ],
          [
            13.30061,
            41.60779
          ],
          [
            13.30058,
            41.60751
          ],
          [
            13.30057,
            41.60739
          ],
          [
            13.30056,
            41.60729
          ],
          [
            13.30052,
            41.60675
          ],
          [
            13.3005,
            41.60657
          ],
          [
            13.30048,
            41.60631
          ],
          [
            13.30045,
            41.60605
          ],
          [
            13.30038,
            41.60545
          ],
          [
            13.30034,
            41.60509
          ],
          [
            13.30033,
            41.60504
          ],
          [
            13.3003,
            41.6048
          ],
          [
            13.30027,
            41.60442
          ],
          [
            13.30027,
            41.6044
          ],
          [
            13.30024,
            41.60417
          ],
          [
            13.30018,
            41.60365
          ],
          [
            13.30017,
            41.60358
          ],
          [
            13.30016,
            41.60344
          ],
          [
            13.30014,
            41.60322
          ],
          [
            13.30009,
            41.60276
          ],
          [
            13.30008,
            41.60269
          ],
          [
            13.30004,
            41.60246
          ],
          [
            13.30003,
            41.60242
          ],
          [
            13.3,
            41.60229
          ],
          [
            13.29998,
            41.60219
          ],
          [
            13.29996,
            41.6021
          ],
          [
            13.29993,
            41.60203
          ],
          [
            13.29989,
            41.60197
          ],
          [
            13.29984,
            41.60189
          ],
          [
            13.29976,
            41.6018
          ],
          [
            13.29974,
            41.60178
          ],
          [
            13.29958,
            41.60163
          ],
          [
            13.2995,
            41.60156
          ],
          [
            13.29948,
            41.60153
          ],
          [
            13.29938,
            41.60147
          ],
          [
            13.29935,
            41.60145
          ],
          [
            13.29915,
            41.60134
          ],
          [
            13.29904,
            41.60129
          ],
          [
            13.29893,
            41.60124
          ],
          [
            13.29877,
            41.60117
          ],
          [
            13.29865,
            41.60113
          ],
          [
            13.2986,
            41.60111
          ],
          [
            13.29847,
            41.60108
          ],
          [
            13.29826,
            41.60105
          ],
          [
            13.2982,
            41.60105
          ],
          [
            13.29818,
            41.60104
          ],
          [
            13.29814,
            41.60104
          ],
          [
            13.2981,
            41.60103
          ],
          [
            13.29774,
            41.60103
          ],
          [
            13.29742,
            41.60102
          ],
          [
            13.29618,
            41.60102
          ],
          [
            13.29592,
            41.60101
          ],
          [
            13.29573,
            41.60099
          ],
          [
            13.29556,
            41.60097
          ],
          [
            13.29539,
            41.60094
          ],
          [
            13.29531,
            41.60093
          ],
          [
            13.29522,
            41.60091
          ],
          [
            13.29516,
            41.60089
          ],
          [
            13.29514,
            41.60089
          ],
          [
            13.29499,
            41.60085
          ],
          [
            13.29494,
            41.60083
          ],
          [
            13.2947,
            41.60075
          ],
          [
            13.29451,
            41.60066
          ],
          [
            13.29436,
            41.60059
          ],
          [
            13.29434,
            41.60058
          ],
          [
            13.29431,
            41.60056
          ],
          [
            13.29418,
            41.60047
          ],
          [
            13.29406,
            41.6004
          ],
          [
            13.29388,
            41.60023
          ],
          [
            13.29367,
            41.60003
          ],
          [
            13.29357,
            41.59991
          ],
          [
            13.29352,
            41.59984
          ],
          [
            13.29344,
            41.59972
          ],
          [
            13.29336,
            41.59959
          ],
          [
            13.2933,
            41.59945
          ],
          [
            13.29329,
            41.59942
          ],
          [
            13.29327,
            41.59938
          ],
          [
            13.29325,
            41.59932
          ],
          [
            13.29319,
            41.59915
          ],
          [
            13.29314,
            41.59902
          ],
          [
            13.29306,
            41.59881
          ],
          [
            13.29302,
            41.59871
          ],
          [
            13.29278,
            41.59808
          ],
          [
            13.29267,
            41.59777
          ],
          [
            13.29264,
            41.59769
          ],
          [
            13.29255,
            41.59742
          ],
          [
            13.29243,
            41.59711
          ],
          [
            13.29239,
            41.59699
          ],
          [
            13.29238,
            41.59695
          ],
          [
            13.29236,
            41.5969
          ],
          [
            13.29233,
            41.59682
          ],
          [
            13.2922,
            41.59647
          ],
          [
            13.29212,
            41.59626
          ],
          [
            13.29186,
            41.59556
          ],
          [
            13.29158,
            41.59481
          ],
          [
            13.29127,
            41.59398
          ],
          [
            13.29125,
            41.59395
          ],
          [
            13.29121,
            41.59383
          ],
          [
            13.29119,
            41.59378
          ],
          [
            13.29117,
            41.59372
          ],
          [
            13.29112,
            41.59367
          ],
          [
            13.29111,
            41.59365
          ],
          [
            13.29095,
            41.59326
          ],
          [
            13.29091,
            41.59318
          ],
          [
            13.29084,
            41.59306
          ],
          [
            13.29075,
            41.59292
          ],
          [
            13.2906,
            41.59271
          ],
          [
            13.29034,
            41.59244
          ],
          [
            13.29031,
            41.5924
          ],
          [
            13.29013,
            41.59223
          ],
          [
            13.29012,
            41.59223
          ],
          [
            13.28976,
            41.59192
          ],
          [
            13.28957,
            41.59176
          ],
          [
            13.2893,
            41.59151
          ],
          [
            13.289,
            41.59124
          ],
          [
            13.2885,
            41.59078
          ],
          [
            13.28832,
            41.59064
          ],
          [
            13.2882,
            41.59053
          ],
          [
            13.28811,
            41.59045
          ],
          [
            13.28778,
            41.59016
          ],
          [
            13.28763,
            41.59002
          ],
          [
            13.28762,
            41.59001
          ],
          [
            13.28747,
            41.58986
          ],
          [
            13.28742,
            41.58982
          ],
          [
            13.2874,
            41.58975
          ],
          [
            13.28707,
            41.58947
          ],
          [
            13.28678,
            41.5892
          ],
          [
            13.28634,
            41.58881
          ],
          [
            13.28603,
            41.58854
          ],
          [
            13.28587,
            41.5884
          ],
          [
            13.28555,
            41.58812
          ],
          [
            13.28547,
            41.58804
          ],
          [
            13.28533,
            41.58791
          ],
          [
            13.28472,
            41.58738
          ],
          [
            13.28449,
            41.58719
          ],
          [
            13.28411,
            41.58685
          ],
          [
            13.28362,
            41.58646
          ],
          [
            13.2836,
            41.58644
          ],
          [
            13.28214,
            41.58542
          ],
          [
            13.28129,
            41.58483
          ],
          [
            13.28111,
            41.58471
          ],
          [
            13.28051,
            41.58427
          ],
          [
            13.28,
            41.58387
          ],
          [
            13.27987,
            41.58375
          ],
          [
            13.2795,
            41.58343
          ],
          [
            13.27916,
            41.58315
          ],
          [
            13.27817,
            41.5823
          ],
          [
            13.27802,
            41.58223
          ],
          [
            13.27794,
            41.58216
          ],
          [
            13.27778,
            41.58203
          ],
          [
            13.27752,
            41.58182
          ],
          [
            13.27721,
            41.58159
          ],
          [
            13.27706,
            41.58148
          ],
          [
            13.27668,
            41.58123
          ],
          [
            13.27535,
            41.58042
          ],
          [
            13.27462,
            41.57998
          ],
          [
            13.27459,
            41.57995
          ],
          [
            13.27449,
            41.5799
          ],
          [
            13.2743,
            41.57978
          ],
          [
            13.27419,
            41.57973
          ],
          [
            13.27396,
            41.57958
          ],
          [
            13.2734,
            41.57923
          ],
          [
            13.27335,
            41.5792
          ],
          [
            13.27303,
            41.57901
          ],
          [
            13.2728,
            41.57886
          ],
          [
            13.27274,
            41.57882
          ],
          [
            13.27235,
            41.57858
          ],
          [
            13.2721,
            41.5784
          ],
          [
            13.27199,
            41.57832
          ],
          [
            13.27195,
            41.57829
          ],
          [
            13.27188,
            41.57819
          ],
          [
            13.27179,
            41.57811
          ],
          [
            13.27166,
            41.578
          ],
          [
            13.27157,
            41.57791
          ],
          [
            13.27143,
            41.57777
          ],
          [
            13.27128,
            41.57761
          ],
          [
            13.27115,
            41.57746
          ],
          [
            13.27102,
            41.57731
          ],
          [
            13.271,
            41.57729
          ],
          [
            13.2709,
            41.57715
          ],
          [
            13.27086,
            41.57709
          ],
          [
            13.27073,
            41.57688
          ],
          [
            13.27067,
            41.5768
          ],
          [
            13.27036,
            41.57622
          ],
          [
            13.27025,
            41.57593
          ],
          [
            13.27006,
            41.57542
          ],
          [
            13.26997,
            41.57519
          ],
          [
            13.26959,
            41.57416
          ],
          [
            13.26956,
            41.57406
          ],
          [
            13.26928,
            41.5733
          ],
          [
            13.26918,
            41.57304
          ],
          [
            13.26916,
            41.57299
          ],
          [
            13.26906,
            41.57272
          ],
          [
            13.26886,
            41.57217
          ],
          [
            13.26883,
            41.57209
          ],
          [
            13.26871,
            41.57175
          ],
          [
            13.26857,
            41.57133
          ],
          [
            13.26855,
            41.57128
          ],
          [
            13.26851,
            41.57115
          ],
          [
            13.2685,
            41.57112
          ],
          [
            13.26845,
            41.57095
          ],
          [
            13.26838,
            41.57068
          ],
          [
            13.26837,
            41.57068
          ],
          [
            13.26836,
            41.57063
          ],
          [
            13.26826,
            41.57016
          ],
          [
            13.26811,
            41.56923
          ],
          [
            13.26803,
            41.56852
          ],
          [
            13.26801,
            41.56838
          ],
          [
            13.26797,
            41.56752
          ],
          [
            13.26796,
            41.56734
          ],
          [
            13.26796,
            41.56728
          ],
          [
            13.26793,
            41.56662
          ],
          [
            13.26792,
            41.56644
          ],
          [
            13.2679,
            41.56616
          ],
          [
            13.26789,
            41.56588
          ],
          [
            13.26788,
            41.56573
          ],
          [
            13.26787,
            41.56555
          ],
          [
            13.26786,
            41.56541
          ],
          [
            13.26782,
            41.5649
          ],
          [
            13.26779,
            41.56451
          ],
          [
            13.26779,
            41.56447
          ],
          [
            13.26776,
            41.56429
          ],
          [
            13.26774,
            41.56411
          ],
          [
            13.26773,
            41.56406
          ],
          [
            13.26755,
            41.56322
          ],
          [
            13.2675,
            41.56302
          ],
          [
            13.2674,
            41.56263
          ],
          [
            13.26716,
            41.56176
          ],
          [
            13.26657,
            41.55955
          ],
          [
            13.26642,
            41.55898
          ],
          [
            13.26637,
            41.55876
          ],
          [
            13.26632,
            41.55853
          ],
          [
            13.26627,
            41.55827
          ],
          [
            13.26626,
            41.55822
          ],
          [
            13.26625,
            41.55813
          ],
          [
            13.26625,
            41.55808
          ],
          [
            13.26623,
            41.55787
          ],
          [
            13.26623,
            41.55767
          ],
          [
            13.26624,
            41.5575
          ],
          [
            13.26624,
            41.55744
          ],
          [
            13.26626,
            41.55729
          ],
          [
            13.26627,
            41.55708
          ],
          [
            13.2663,
            41.55688
          ],
          [
            13.26631,
            41.55679
          ],
          [
            13.26632,
            41.5567
          ],
          [
            13.26632,
            41.55664
          ],
          [
            13.26633,
            41.55661
          ],
          [
            13.26635,
            41.55641
          ],
          [
            13.26637,
            41.55627
          ],
          [
            13.26642,
            41.55589
          ],
          [
            13.26662,
            41.55429
          ],
          [
            13.26665,
            41.55415
          ],
          [
            13.26667,
            41.55407
          ],
          [
            13.26669,
            41.55401
          ],
          [
            13.26673,
            41.55388
          ],
          [
            13.26685,
            41.55353
          ],
          [
            13.26686,
            41.55351
          ],
          [
            13.26694,
            41.55324
          ],
          [
            13.26699,
            41.5531
          ],
          [
            13.26712,
            41.5528
          ],
          [
            13.26718,
            41.55267
          ],
          [
            13.26725,
            41.5525
          ],
          [
            13.2673,
            41.55238
          ],
          [
            13.26733,
            41.55233
          ],
          [
            13.26734,
            41.55229
          ],
          [
            13.26736,
            41.55224
          ],
          [
            13.26745,
            41.55204
          ],
          [
            13.26752,
            41.55187
          ],
          [
            13.26762,
            41.55165
          ],
          [
            13.26766,
            41.55156
          ],
          [
            13.26775,
            41.55136
          ],
          [
            13.26777,
            41.5513
          ],
          [
            13.26784,
            41.55114
          ],
          [
            13.26788,
            41.55105
          ],
          [
            13.26806,
            41.55063
          ],
          [
            13.2681,
            41.55053
          ],
          [
            13.26812,
            41.5505
          ],
          [
            13.26814,
            41.55046
          ],
          [
            13.26818,
            41.55037
          ],
          [
            13.26818,
            41.55036
          ],
          [
            13.26821,
            41.55029
          ],
          [
            13.26825,
            41.55019
          ],
          [
            13.26836,
            41.54994
          ],
          [
            13.26844,
            41.54977
          ],
          [
            13.26864,
            41.54932
          ],
          [
            13.26899,
            41.54854
          ],
          [
            13.26918,
            41.54809
          ],
          [
            13.26928,
            41.54775
          ],
          [
            13.2693,
            41.54769
          ],
          [
            13.26939,
            41.5474
          ],
          [
            13.26944,
            41.54712
          ],
          [
            13.26948,
            41.54684
          ],
          [
            13.26952,
            41.54673
          ],
          [
            13.26954,
            41.54665
          ],
          [
            13.26956,
            41.5465
          ],
          [
            13.26956,
            41.54617
          ],
          [
            13.26955,
            41.54584
          ],
          [
            13.26953,
            41.54563
          ],
          [
            13.2695,
            41.54543
          ],
          [
            13.26945,
            41.54513
          ],
          [
            13.26945,
            41.5451
          ],
          [
            13.2694,
            41.54489
          ],
          [
            13.26935,
            41.54477
          ],
          [
            13.26922,
            41.54443
          ],
          [
            13.26919,
            41.54434
          ],
          [
            13.26908,
            41.54409
          ],
          [
            13.26884,
            41.54359
          ],
          [
            13.26876,
            41.54344
          ],
          [
            13.26874,
            41.54341
          ],
          [
            13.2685,
            41.5429
          ],
          [
            13.26834,
            41.54259
          ],
          [
            13.26804,
            41.54196
          ],
          [
            13.268,
            41.54189
          ],
          [
            13.26782,
            41.54153
          ],
          [
            13.2677,
            41.54127
          ],
          [
            13.2676,
            41.54105
          ],
          [
            13.26756,
            41.54099
          ],
          [
            13.26751,
            41.54086
          ],
          [
            13.26743,
            41.54065
          ],
          [
            13.26735,
            41.54039
          ],
          [
            13.26727,
            41.54011
          ],
          [
            13.26723,
            41.5399
          ],
          [
            13.2672,
            41.53972
          ],
          [
            13.26706,
            41.53854
          ],
          [
            13.26705,
            41.53847
          ],
          [
            13.26704,
            41.53844
          ],
          [
            13.26704,
            41.53839
          ],
          [
            13.26698,
            41.53791
          ],
          [
            13.26692,
            41.53753
          ],
          [
            13.26692,
            41.5375
          ],
          [
            13.2669,
            41.53733
          ],
          [
            13.26688,
            41.53724
          ],
          [
            13.26682,
            41.53678
          ],
          [
            13.26681,
            41.53674
          ],
          [
            13.26681,
            41.53668
          ],
          [
            13.26673,
            41.53614
          ],
          [
            13.26672,
            41.53606
          ],
          [
            13.26672,
            41.53602
          ],
          [
            13.26669,
            41.5358
          ],
          [
            13.26668,
            41.53574
          ],
          [
            13.26666,
            41.53556
          ],
          [
            13.26664,
            41.53539
          ],
          [
            13.26659,
            41.53506
          ],
          [
            13.26659,
            41.53502
          ],
          [
            13.26657,
            41.53486
          ],
          [
            13.26657,
            41.53485
          ],
          [
            13.26654,
            41.53467
          ],
          [
            13.26654,
            41.53462
          ],
          [
            13.26652,
            41.5345
          ],
          [
            13.26651,
            41.53431
          ],
          [
            13.2665,
            41.53413
          ],
          [
            13.2665,
            41.53395
          ],
          [
            13.26651,
            41.53389
          ],
          [
            13.26652,
            41.53377
          ],
          [
            13.26652,
            41.53367
          ],
          [
            13.26653,
            41.53359
          ],
          [
            13.26654,
            41.53354
          ],
          [
            13.26656,
            41.53341
          ],
          [
            13.26658,
            41.53326
          ],
          [
            13.26662,
            41.53309
          ],
          [
            13.26664,
            41.53302
          ],
          [
            13.26672,
            41.53274
          ],
          [
            13.26682,
            41.53243
          ],
          [
            13.26684,
            41.53237
          ],
          [
            13.26684,
            41.53235
          ],
          [
            13.26684,
            41.53232
          ],
          [
            13.26683,
            41.5323
          ],
          [
            13.26683,
            41.53227
          ],
          [
            13.26684,
            41.53224
          ],
          [
            13.26686,
            41.53214
          ],
          [
            13.26695,
            41.53183
          ],
          [
            13.26696,
            41.53178
          ],
          [
            13.26704,
            41.53154
          ],
          [
            13.26706,
            41.53147
          ],
          [
            13.26708,
            41.53141
          ],
          [
            13.26713,
            41.53129
          ],
          [
            13.2672,
            41.53108
          ],
          [
            13.26725,
            41.5309
          ],
          [
            13.26732,
            41.5307
          ],
          [
            13.26739,
            41.53049
          ],
          [
            13.26743,
            41.53038
          ],
          [
            13.26749,
            41.5302
          ],
          [
            13.26756,
            41.53001
          ],
          [
            13.26757,
            41.52999
          ],
          [
            13.26758,
            41.52998
          ],
          [
            13.26759,
            41.52996
          ],
          [
            13.26761,
            41.52994
          ],
          [
            13.26766,
            41.52981
          ],
          [
            13.26771,
            41.52963
          ],
          [
            13.26785,
            41.52919
          ],
          [
            13.26808,
            41.52847
          ],
          [
            13.2681,
            41.52839
          ],
          [
            13.26824,
            41.52794
          ],
          [
            13.26859,
            41.52681
          ],
          [
            13.26868,
            41.52655
          ],
          [
            13.26876,
            41.52637
          ],
          [
            13.26883,
            41.52622
          ],
          [
            13.26893,
            41.52603
          ],
          [
            13.26907,
            41.52579
          ],
          [
            13.26923,
            41.52555
          ],
          [
            13.26951,
            41.52518
          ],
          [
            13.26974,
            41.52489
          ],
          [
            13.27038,
            41.52404
          ],
          [
            13.2706,
            41.52376
          ],
          [
            13.27105,
            41.52316
          ],
          [
            13.27108,
            41.52312
          ],
          [
            13.27108,
            41.52311
          ],
          [
            13.27152,
            41.52255
          ],
          [
            13.27182,
            41.52216
          ],
          [
            13.27209,
            41.5218
          ],
          [
            13.27211,
            41.52178
          ],
          [
            13.27219,
            41.52164
          ],
          [
            13.2722,
            41.52163
          ],
          [
            13.27229,
            41.52148
          ],
          [
            13.27232,
            41.52144
          ],
          [
            13.27238,
            41.52131
          ],
          [
            13.27246,
            41.52115
          ],
          [
            13.27247,
            41.52114
          ],
          [
            13.27254,
            41.52097
          ],
          [
            13.27259,
            41.52086
          ],
          [
            13.27261,
            41.5208
          ],
          [
            13.27269,
            41.52057
          ],
          [
            13.27274,
            41.52039
          ],
          [
            13.27278,
            41.52027
          ],
          [
            13.27284,
            41.52003
          ],
          [
            13.2729,
            41.51972
          ],
          [
            13.27292,
            41.51956
          ],
          [
            13.27293,
            41.51939
          ],
          [
            13.27295,
            41.5192
          ],
          [
            13.27295,
            41.51886
          ],
          [
            13.27295,
            41.51884
          ],
          [
            13.27292,
            41.51848
          ],
          [
            13.27292,
            41.51846
          ],
          [
            13.2729,
            41.5183
          ],
          [
            13.27289,
            41.51819
          ],
          [
            13.27282,
            41.51785
          ],
          [
            13.27273,
            41.51751
          ],
          [
            13.27264,
            41.51724
          ],
          [
            13.27256,
            41.51705
          ],
          [
            13.2725,
            41.5169
          ],
          [
            13.27241,
            41.51673
          ],
          [
            13.27236,
            41.51663
          ],
          [
            13.27233,
            41.51656
          ],
          [
            13.27229,
            41.51649
          ],
          [
            13.27223,
            41.5164
          ],
          [
            13.27222,
            41.51638
          ],
          [
            13.27213,
            41.51623
          ],
          [
            13.2721,
            41.51619
          ],
          [
            13.27203,
            41.51607
          ],
          [
            13.27198,
            41.516
          ],
          [
            13.27191,
            41.51592
          ],
          [
            13.27185,
            41.51582
          ],
          [
            13.27179,
            41.51576
          ],
          [
            13.27174,
            41.5157
          ],
          [
            13.27167,
            41.51561
          ],
          [
            13.27166,
            41.5156
          ],
          [
            13.27153,
            41.51546
          ],
          [
            13.27145,
            41.51537
          ],
          [
            13.27135,
            41.51527
          ],
          [
            13.27125,
            41.51517
          ],
          [
            13.27091,
            41.51483
          ],
          [
            13.27076,
            41.51469
          ],
          [
            13.2706,
            41.51452
          ],
          [
            13.27047,
            41.5144
          ],
          [
            13.27017,
            41.51409
          ],
          [
            13.26974,
            41.51366
          ],
          [
            13.26952,
            41.51342
          ],
          [
            13.26924,
            41.51315
          ],
          [
            13.26894,
            41.51284
          ],
          [
            13.26858,
            41.51248
          ],
          [
            13.26849,
            41.51239
          ],
          [
            13.26826,
            41.51215
          ],
          [
            13.26805,
            41.51197
          ],
          [
            13.26785,
            41.51179
          ],
          [
            13.2677,
            41.51167
          ],
          [
            13.2676,
            41.51159
          ],
          [
            13.26755,
            41.51155
          ],
          [
            13.26749,
            41.51151
          ],
          [
            13.2672,
            41.51129
          ],
          [
            13.26693,
            41.51109
          ],
          [
            13.2668,
            41.51101
          ],
          [
            13.26671,
            41.51094
          ],
          [
            13.26662,
            41.51089
          ],
          [
            13.26642,
            41.51076
          ],
          [
            13.26623,
            41.51065
          ],
          [
            13.26608,
            41.51057
          ],
          [
            13.26597,
            41.51051
          ],
          [
            13.26581,
            41.51043
          ],
          [
            13.2655,
            41.51028
          ],
          [
            13.26545,
            41.51026
          ],
          [
            13.26515,
            41.51012
          ],
          [
            13.26491,
            41.51002
          ],
          [
            13.26468,
            41.50993
          ],
          [
            13.26449,
            41.50986
          ],
          [
            13.26428,
            41.50979
          ],
          [
            13.26411,
            41.50973
          ],
          [
            13.26393,
            41.50967
          ],
          [
            13.26378,
            41.50962
          ],
          [
            13.26359,
            41.50957
          ],
          [
            13.26339,
            41.50951
          ],
          [
            13.26325,
            41.50948
          ],
          [
            13.26307,
            41.50943
          ],
          [
            13.26285,
            41.50938
          ],
          [
            13.26227,
            41.50926
          ],
          [
            13.26168,
            41.50915
          ],
          [
            13.26051,
            41.50894
          ],
          [
            13.26028,
            41.5089
          ],
          [
            13.25779,
            41.50844
          ],
          [
            13.25763,
            41.50841
          ],
          [
            13.25755,
            41.5084
          ],
          [
            13.25747,
            41.50839
          ],
          [
            13.25742,
            41.50838
          ],
          [
            13.25625,
            41.50817
          ],
          [
            13.2559,
            41.5081
          ],
          [
            13.25506,
            41.50795
          ],
          [
            13.25448,
            41.50785
          ],
          [
            13.25428,
            41.50781
          ],
          [
            13.25289,
            41.50756
          ],
          [
            13.25198,
            41.5074
          ],
          [
            13.25162,
            41.50733
          ],
          [
            13.24626,
            41.50637
          ],
          [
            13.24615,
            41.50637
          ],
          [
            13.24602,
            41.50635
          ],
          [
            13.24578,
            41.50631
          ],
          [
            13.24555,
            41.50626
          ],
          [
            13.24532,
            41.50622
          ],
          [
            13.24515,
            41.50619
          ],
          [
            13.24508,
            41.50618
          ],
          [
            13.24485,
            41.50614
          ],
          [
            13.24475,
            41.50612
          ],
          [
            13.24415,
            41.50602
          ],
          [
            13.2441,
            41.50601
          ],
          [
            13.24392,
            41.50597
          ],
          [
            13.24358,
            41.50591
          ],
          [
            13.24321,
            41.50585
          ],
          [
            13.2428,
            41.50577
          ],
          [
            13.24275,
            41.50576
          ],
          [
            13.24142,
            41.50552
          ],
          [
            13.24101,
            41.50545
          ],
          [
            13.23972,
            41.50522
          ],
          [
            13.23967,
            41.50521
          ],
          [
            13.23916,
            41.50513
          ],
          [
            13.23874,
            41.50507
          ],
          [
            13.23835,
            41.50501
          ],
          [
            13.23752,
            41.50489
          ],
          [
            13.23721,
            41.50484
          ],
          [
            13.23709,
            41.5048
          ],
          [
            13.2367,
            41.50475
          ],
          [
            13.23642,
            41.50472
          ],
          [
            13.23632,
            41.50471
          ],
          [
            13.23621,
            41.5047
          ],
          [
            13.23595,
            41.50468
          ],
          [
            13.23569,
            41.50467
          ],
          [
            13.23552,
            41.50466
          ],
          [
            13.23497,
            41.50466
          ],
          [
            13.23458,
            41.50467
          ],
          [
            13.23421,
            41.50468
          ],
          [
            13.23389,
            41.50468
          ],
          [
            13.23372,
            41.50467
          ],
          [
            13.23351,
            41.50466
          ],
          [
            13.23324,
            41.50463
          ],
          [
            13.2331,
            41.50462
          ],
          [
            13.23297,
            41.50461
          ],
          [
            13.23284,
            41.50459
          ],
          [
            13.23261,
            41.50455
          ],
          [
            13.23249,
            41.50453
          ],
          [
            13.23238,
            41.50451
          ],
          [
            13.23233,
            41.5045
          ],
          [
            13.23223,
            41.50448
          ],
          [
            13.23209,
            41.50445
          ],
          [
            13.23176,
            41.50438
          ],
          [
            13.23154,
            41.50432
          ],
          [
            13.23132,
            41.50427
          ],
          [
            13.22965,
            41.50388
          ],
          [
            13.22792,
            41.50346
          ],
          [
            13.22736,
            41.50333
          ],
          [
            13.22729,
            41.50331
          ],
          [
            13.22716,
            41.50328
          ],
          [
            13.22712,
            41.50327
          ],
          [
            13.22695,
            41.50322
          ],
          [
            13.22679,
            41.50317
          ],
          [
            13.2267,
            41.50314
          ],
          [
            13.22669,
            41.50314
          ],
          [
            13.22662,
            41.50312
          ],
          [
            13.22648,
            41.50306
          ],
          [
            13.22647,
            41.50306
          ],
          [
            13.22635,
            41.50302
          ],
          [
            13.22613,
            41.50292
          ],
          [
            13.22602,
            41.50288
          ],
          [
            13.22591,
            41.50283
          ],
          [
            13.22573,
            41.50274
          ],
          [
            13.22564,
            41.50269
          ],
          [
            13.22557,
            41.50265
          ],
          [
            13.22546,
            41.50259
          ],
          [
            13.22537,
            41.50256
          ],
          [
            13.22531,
            41.50252
          ],
          [
            13.22519,
            41.50244
          ],
          [
            13.2249,
            41.50223
          ],
          [
            13.22477,
            41.50214
          ],
          [
            13.2246,
            41.50207
          ],
          [
            13.22457,
            41.50206
          ],
          [
            13.22455,
            41.50206
          ],
          [
            13.22454,
            41.50205
          ],
          [
            13.22452,
            41.50205
          ],
          [
            13.22451,
            41.50204
          ],
          [
            13.2245,
            41.50204
          ],
          [
            13.22449,
            41.50203
          ],
          [
            13.22448,
            41.50203
          ],
          [
            13.22447,
            41.50202
          ],
          [
            13.22446,
            41.50201
          ],
          [
            13.22445,
            41.502
          ],
          [
            13.22445,
            41.50199
          ],
          [
            13.22444,
            41.50199
          ],
          [
            13.22443,
            41.50198
          ],
          [
            13.22443,
            41.50197
          ],
          [
            13.22442,
            41.50196
          ],
          [
            13.22442,
            41.50194
          ],
          [
            13.22441,
            41.50193
          ],
          [
            13.22441,
            41.50192
          ],
          [
            13.22441,
            41.50188
          ],
          [
            13.22442,
            41.50187
          ],
          [
            13.22442,
            41.50186
          ],
          [
            13.22443,
            41.50185
          ],
          [
            13.22443,
            41.50184
          ],
          [
            13.22421,
            41.5016
          ],
          [
            13.2241,
            41.50151
          ],
          [
            13.22392,
            41.50133
          ],
          [
            13.22381,
            41.50121
          ],
          [
            13.22372,
            41.50113
          ],
          [
            13.22368,
            41.50105
          ],
          [
            13.22349,
            41.50087
          ],
          [
            13.22325,
            41.50066
          ],
          [
            13.22317,
            41.5006
          ],
          [
            13.22313,
            41.50057
          ],
          [
            13.22312,
            41.50056
          ],
          [
            13.22297,
            41.50044
          ],
          [
            13.22285,
            41.50034
          ],
          [
            13.22274,
            41.50027
          ],
          [
            13.22255,
            41.50014
          ],
          [
            13.22241,
            41.50005
          ],
          [
            13.22227,
            41.49998
          ],
          [
            13.22201,
            41.49984
          ],
          [
            13.2219,
            41.49979
          ],
          [
            13.22187,
            41.49978
          ],
          [
            13.22173,
            41.49971
          ],
          [
            13.22145,
            41.49959
          ],
          [
            13.2213,
            41.49954
          ],
          [
            13.22118,
            41.49949
          ],
          [
            13.22108,
            41.49946
          ],
          [
            13.22094,
            41.49941
          ],
          [
            13.22078,
            41.49936
          ],
          [
            13.22014,
            41.49918
          ],
          [
            13.21904,
            41.49886
          ],
          [
            13.219,
            41.49885
          ],
          [
            13.21878,
            41.49879
          ],
          [
            13.21788,
            41.49854
          ],
          [
            13.21779,
            41.49851
          ],
          [
            13.21762,
            41.49846
          ],
          [
            13.21728,
            41.49837
          ],
          [
            13.21711,
            41.49832
          ],
          [
            13.21693,
            41.49826
          ],
          [
            13.21661,
            41.49816
          ],
          [
            13.2165,
            41.49812
          ],
          [
            13.21637,
            41.49807
          ],
          [
            13.21621,
            41.49801
          ],
          [
            13.21607,
            41.49795
          ],
          [
            13.21588,
            41.49785
          ],
          [
            13.21569,
            41.49776
          ],
          [
            13.21552,
            41.49767
          ],
          [
            13.21538,
            41.4976
          ],
          [
            13.21525,
            41.49753
          ],
          [
            13.21505,
            41.49742
          ],
          [
            13.21431,
            41.497
          ],
          [
            13.21397,
            41.49681
          ],
          [
            13.21338,
            41.49648
          ],
          [
            13.21332,
            41.49645
          ],
          [
            13.21317,
            41.49637
          ],
          [
            13.213,
            41.49628
          ],
          [
            13.21284,
            41.4962
          ],
          [
            13.21269,
            41.49613
          ],
          [
            13.21261,
            41.49611
          ],
          [
            13.21253,
            41.49609
          ],
          [
            13.21203,
            41.49591
          ],
          [
            13.21129,
            41.49564
          ],
          [
            13.2109,
            41.4955
          ],
          [
            13.21031,
            41.49529
          ],
          [
            13.20966,
            41.49506
          ],
          [
            13.20964,
            41.49505
          ],
          [
            13.20915,
            41.49487
          ],
          [
            13.20864,
            41.49469
          ],
          [
            13.20832,
            41.49458
          ],
          [
            13.20821,
            41.49454
          ],
          [
            13.20787,
            41.49442
          ],
          [
            13.20776,
            41.49438
          ],
          [
            13.20767,
            41.49434
          ],
          [
            13.20761,
            41.49432
          ],
          [
            13.20749,
            41.49427
          ],
          [
            13.20727,
            41.49416
          ],
          [
            13.20713,
            41.49409
          ],
          [
            13.20707,
            41.49404
          ],
          [
            13.2069,
            41.49396
          ],
          [
            13.20679,
            41.4939
          ],
          [
            13.20672,
            41.49386
          ],
          [
            13.20646,
            41.49368
          ],
          [
            13.20637,
            41.49363
          ],
          [
            13.20626,
            41.49355
          ],
          [
            13.20625,
            41.49355
          ],
          [
            13.20621,
            41.49352
          ],
          [
            13.2061,
            41.49344
          ],
          [
            13.20598,
            41.49336
          ],
          [
            13.20589,
            41.49329
          ],
          [
            13.20581,
            41.49323
          ],
          [
            13.20572,
            41.49315
          ],
          [
            13.20565,
            41.49309
          ],
          [
            13.20557,
            41.49302
          ],
          [
            13.20548,
            41.49294
          ],
          [
            13.20521,
            41.49267
          ],
          [
            13.20513,
            41.49258
          ],
          [
            13.20496,
            41.49238
          ],
          [
            13.20489,
            41.49229
          ],
          [
            13.2048,
            41.49218
          ],
          [
            13.2047,
            41.49204
          ],
          [
            13.20462,
            41.49193
          ],
          [
            13.20454,
            41.49181
          ],
          [
            13.20426,
            41.49139
          ],
          [
            13.20392,
            41.49086
          ],
          [
            13.20363,
            41.49039
          ],
          [
            13.20337,
            41.49001
          ],
          [
            13.20327,
            41.48985
          ],
          [
            13.20323,
            41.4898
          ],
          [
            13.20303,
            41.48954
          ],
          [
            13.20292,
            41.48938
          ],
          [
            13.2028,
            41.48923
          ],
          [
            13.20271,
            41.48911
          ],
          [
            13.20267,
            41.48907
          ],
          [
            13.20255,
            41.48892
          ],
          [
            13.20254,
            41.48892
          ],
          [
            13.20229,
            41.48863
          ],
          [
            13.20207,
            41.48839
          ],
          [
            13.20188,
            41.4882
          ],
          [
            13.20175,
            41.48807
          ],
          [
            13.20142,
            41.48777
          ],
          [
            13.20109,
            41.48749
          ],
          [
            13.20108,
            41.48748
          ],
          [
            13.20082,
            41.48726
          ],
          [
            13.2006,
            41.4871
          ],
          [
            13.20057,
            41.48707
          ],
          [
            13.20033,
            41.4869
          ],
          [
            13.20013,
            41.48677
          ],
          [
            13.19995,
            41.48664
          ],
          [
            13.19971,
            41.48649
          ],
          [
            13.19953,
            41.48637
          ],
          [
            13.19941,
            41.4863
          ],
          [
            13.19914,
            41.48614
          ],
          [
            13.19895,
            41.48603
          ],
          [
            13.19872,
            41.48591
          ],
          [
            13.19833,
            41.48571
          ],
          [
            13.19809,
            41.48559
          ],
          [
            13.1978,
            41.48546
          ],
          [
            13.19748,
            41.48532
          ],
          [
            13.19717,
            41.48519
          ],
          [
            13.19692,
            41.4851
          ],
          [
            13.19668,
            41.48501
          ],
          [
            13.19645,
            41.48492
          ],
          [
            13.19612,
            41.48481
          ],
          [
            13.19596,
            41.48476
          ],
          [
            13.19578,
            41.48471
          ],
          [
            13.19545,
            41.48462
          ],
          [
            13.19514,
            41.48453
          ],
          [
            13.19481,
            41.48445
          ],
          [
            13.19456,
            41.48439
          ],
          [
            13.19432,
            41.48434
          ],
          [
            13.19394,
            41.48426
          ],
          [
            13.19354,
            41.48419
          ],
          [
            13.19332,
            41.48415
          ],
          [
            13.1931,
            41.48412
          ],
          [
            13.19299,
            41.48411
          ],
          [
            13.19268,
            41.48407
          ],
          [
            13.19239,
            41.48404
          ],
          [
            13.19202,
            41.484
          ],
          [
            13.19177,
            41.48398
          ],
          [
            13.1916,
            41.48397
          ],
          [
            13.19143,
            41.48396
          ],
          [
            13.19111,
            41.48395
          ],
          [
            13.19083,
            41.48394
          ],
          [
            13.19061,
            41.48393
          ],
          [
            13.19022,
            41.48393
          ],
          [
            13.19007,
            41.48394
          ],
          [
            13.18984,
            41.48394
          ],
          [
            13.18973,
            41.48395
          ],
          [
            13.1896,
            41.48395
          ],
          [
            13.18944,
            41.48396
          ],
          [
            13.18915,
            41.48398
          ],
          [
            13.18912,
            41.48398
          ],
          [
            13.1889,
            41.48399
          ],
          [
            13.18802,
            41.48406
          ],
          [
            13.18793,
            41.48406
          ],
          [
            13.18777,
            41.48407
          ],
          [
            13.18736,
            41.4841
          ],
          [
            13.18657,
            41.48415
          ],
          [
            13.18649,
            41.48415
          ],
          [
            13.18633,
            41.48416
          ],
          [
            13.18602,
            41.48418
          ],
          [
            13.18578,
            41.4842
          ],
          [
            13.18543,
            41.48422
          ],
          [
            13.1853,
            41.48422
          ],
          [
            13.18506,
            41.48424
          ],
          [
            13.185,
            41.48424
          ],
          [
            13.18441,
            41.48427
          ],
          [
            13.18417,
            41.48428
          ],
          [
            13.18409,
            41.48429
          ],
          [
            13.18326,
            41.48432
          ],
          [
            13.18322,
            41.48433
          ],
          [
            13.18257,
            41.48435
          ],
          [
            13.18242,
            41.48436
          ],
          [
            13.18207,
            41.48437
          ],
          [
            13.18074,
            41.48442
          ],
          [
            13.17714,
            41.48454
          ],
          [
            13.17664,
            41.48455
          ],
          [
            13.17642,
            41.48456
          ],
          [
            13.1764,
            41.48456
          ],
          [
            13.1757,
            41.48458
          ],
          [
            13.17546,
            41.48459
          ],
          [
            13.17535,
            41.48459
          ],
          [
            13.17522,
            41.4846
          ],
          [
            13.17472,
            41.48462
          ],
          [
            13.17402,
            41.48464
          ],
          [
            13.17378,
            41.48465
          ],
          [
            13.17374,
            41.48465
          ],
          [
            13.17318,
            41.48467
          ],
          [
            13.17299,
            41.48467
          ],
          [
            13.17275,
            41.48468
          ],
          [
            13.17227,
            41.4847
          ],
          [
            13.17203,
            41.4847
          ],
          [
            13.17147,
            41.48472
          ],
          [
            13.17107,
            41.48473
          ],
          [
            13.17088,
            41.48473
          ],
          [
            13.17059,
            41.48474
          ],
          [
            13.17036,
            41.48475
          ],
          [
            13.16988,
            41.48476
          ],
          [
            13.16952,
            41.48476
          ],
          [
            13.16939,
            41.48477
          ],
          [
            13.169,
            41.48477
          ],
          [
            13.16867,
            41.48478
          ],
          [
            13.16832,
            41.48478
          ],
          [
            13.16785,
            41.48479
          ],
          [
            13.16726,
            41.4848
          ],
          [
            13.16633,
            41.48481
          ],
          [
            13.16631,
            41.48482
          ],
          [
            13.1661,
            41.48482
          ],
          [
            13.16579,
            41.48483
          ],
          [
            13.16576,
            41.48483
          ],
          [
            13.16565,
            41.48484
          ],
          [
            13.16539,
            41.48485
          ],
          [
            13.16435,
            41.48492
          ],
          [
            13.16407,
            41.48494
          ],
          [
            13.16356,
            41.48498
          ],
          [
            13.163,
            41.48502
          ],
          [
            13.16245,
            41.48506
          ],
          [
            13.16201,
            41.48509
          ],
          [
            13.16159,
            41.48511
          ],
          [
            13.16124,
            41.48512
          ],
          [
            13.16076,
            41.48514
          ],
          [
            13.15977,
            41.48514
          ],
          [
            13.1593,
            41.48513
          ],
          [
            13.1591,
            41.48512
          ],
          [
            13.15884,
            41.4851
          ],
          [
            13.15859,
            41.48509
          ],
          [
            13.15836,
            41.48507
          ],
          [
            13.15812,
            41.48505
          ],
          [
            13.15784,
            41.48503
          ],
          [
            13.15751,
            41.48499
          ],
          [
            13.15741,
            41.48498
          ],
          [
            13.1572,
            41.48496
          ],
          [
            13.15693,
            41.48492
          ],
          [
            13.15648,
            41.48487
          ],
          [
            13.156,
            41.4848
          ],
          [
            13.15564,
            41.48475
          ],
          [
            13.1553,
            41.4847
          ],
          [
            13.155,
            41.48466
          ],
          [
            13.15481,
            41.48464
          ],
          [
            13.15477,
            41.48463
          ],
          [
            13.15443,
            41.48459
          ],
          [
            13.15434,
            41.48458
          ],
          [
            13.15404,
            41.48454
          ],
          [
            13.1538,
            41.48452
          ],
          [
            13.1537,
            41.4845
          ],
          [
            13.15353,
            41.48449
          ],
          [
            13.15339,
            41.48448
          ],
          [
            13.15322,
            41.48446
          ],
          [
            13.15297,
            41.48444
          ],
          [
            13.15271,
            41.48442
          ],
          [
            13.15267,
            41.48442
          ],
          [
            13.15243,
            41.48441
          ],
          [
            13.15241,
            41.48441
          ],
          [
            13.15211,
            41.48439
          ],
          [
            13.15186,
            41.48438
          ],
          [
            13.15082,
            41.48438
          ],
          [
            13.15049,
            41.48439
          ],
          [
            13.15026,
            41.48439
          ],
          [
            13.14996,
            41.48441
          ],
          [
            13.14969,
            41.48442
          ],
          [
            13.14956,
            41.48443
          ],
          [
            13.14951,
            41.48444
          ],
          [
            13.14942,
            41.48444
          ],
          [
            13.14914,
            41.48447
          ],
          [
            13.14903,
            41.48447
          ],
          [
            13.14883,
            41.48449
          ],
          [
            13.1488,
            41.4845
          ],
          [
            13.14879,
            41.4845
          ],
          [
            13.1485,
            41.48452
          ],
          [
            13.14819,
            41.48456
          ],
          [
            13.14808,
            41.48457
          ],
          [
            13.14795,
            41.48458
          ],
          [
            13.14748,
            41.48464
          ],
          [
            13.14741,
            41.48464
          ],
          [
            13.14654,
            41.48475
          ],
          [
            13.14642,
            41.48476
          ],
          [
            13.14595,
            41.48481
          ],
          [
            13.14575,
            41.48483
          ],
          [
            13.14551,
            41.48485
          ],
          [
            13.14548,
            41.48486
          ],
          [
            13.14523,
            41.48488
          ],
          [
            13.14505,
            41.4849
          ],
          [
            13.145,
            41.4849
          ],
          [
            13.1448,
            41.48492
          ],
          [
            13.14458,
            41.48494
          ],
          [
            13.14452,
            41.48495
          ],
          [
            13.14421,
            41.48497
          ],
          [
            13.14394,
            41.48499
          ],
          [
            13.14365,
            41.48501
          ],
          [
            13.14319,
            41.48503
          ],
          [
            13.14285,
            41.48505
          ],
          [
            13.14262,
            41.48506
          ],
          [
            13.14236,
            41.48506
          ],
          [
            13.14217,
            41.48507
          ],
          [
            13.14098,
            41.48507
          ],
          [
            13.14089,
            41.48506
          ],
          [
            13.14079,
            41.48506
          ],
          [
            13.14043,
            41.48505
          ],
          [
            13.14037,
            41.48505
          ],
          [
            13.14014,
            41.48504
          ],
          [
            13.13992,
            41.48503
          ],
          [
            13.1398,
            41.48502
          ],
          [
            13.13949,
            41.48501
          ],
          [
            13.13919,
            41.48499
          ],
          [
            13.13889,
            41.48497
          ],
          [
            13.13835,
            41.48493
          ],
          [
            13.13812,
            41.4849
          ],
          [
            13.13788,
            41.48488
          ],
          [
            13.13764,
            41.48485
          ],
          [
            13.1374,
            41.48482
          ],
          [
            13.13737,
            41.48482
          ],
          [
            13.13717,
            41.4848
          ],
          [
            13.13709,
            41.48479
          ],
          [
            13.1366,
            41.48472
          ],
          [
            13.13652,
            41.48471
          ],
          [
            13.13636,
            41.48468
          ],
          [
            13.13635,
            41.48468
          ],
          [
            13.13628,
            41.48467
          ],
          [
            13.13621,
            41.48466
          ],
          [
            13.13594,
            41.48462
          ],
          [
            13.13544,
            41.48453
          ],
          [
            13.13499,
            41.48445
          ],
          [
            13.13458,
            41.48436
          ],
          [
            13.13391,
            41.48422
          ],
          [
            13.13377,
            41.48419
          ],
          [
            13.13358,
            41.48415
          ],
          [
            13.13345,
            41.48412
          ],
          [
            13.13336,
            41.4841
          ],
          [
            13.13325,
            41.48407
          ],
          [
            13.13314,
            41.48405
          ],
          [
            13.13311,
            41.48404
          ],
          [
            13.13305,
            41.48402
          ],
          [
            13.1327,
            41.48394
          ],
          [
            13.13244,
            41.48387
          ],
          [
            13.13213,
            41.48378
          ],
          [
            13.13188,
            41.4837
          ],
          [
            13.13159,
            41.48361
          ],
          [
            13.13114,
            41.48346
          ],
          [
            13.13066,
            41.4833
          ],
          [
            13.13022,
            41.48316
          ],
          [
            13.1294,
            41.48287
          ],
          [
            13.12867,
            41.48261
          ],
          [
            13.12798,
            41.48236
          ],
          [
            13.12757,
            41.48221
          ],
          [
            13.12708,
            41.48204
          ],
          [
            13.12627,
            41.48175
          ],
          [
            13.12606,
            41.48167
          ],
          [
            13.12604,
            41.48166
          ],
          [
            13.12584,
            41.48159
          ],
          [
            13.12563,
            41.48151
          ],
          [
            13.12541,
            41.48142
          ],
          [
            13.1252,
            41.48134
          ],
          [
            13.12507,
            41.48129
          ],
          [
            13.12499,
            41.48126
          ],
          [
            13.12477,
            41.48118
          ],
          [
            13.12456,
            41.48109
          ],
          [
            13.12435,
            41.48101
          ],
          [
            13.12434,
            41.48101
          ],
          [
            13.12394,
            41.48083
          ],
          [
            13.12374,
            41.48074
          ],
          [
            13.12353,
            41.48063
          ],
          [
            13.12344,
            41.48058
          ],
          [
            13.12334,
            41.48053
          ],
          [
            13.12323,
            41.48046
          ],
          [
            13.12284,
            41.48021
          ],
          [
            13.1223,
            41.47981
          ],
          [
            13.12225,
            41.47977
          ],
          [
            13.12208,
            41.47961
          ],
          [
            13.12206,
            41.47959
          ],
          [
            13.1219,
            41.47945
          ],
          [
            13.12172,
            41.47928
          ],
          [
            13.1216,
            41.47917
          ],
          [
            13.12157,
            41.47914
          ],
          [
            13.12149,
            41.47905
          ],
          [
            13.12131,
            41.47888
          ],
          [
            13.12096,
            41.47853
          ],
          [
            13.12075,
            41.47833
          ],
          [
            13.12052,
            41.47811
          ],
          [
            13.12028,
            41.47789
          ],
          [
            13.12025,
            41.47786
          ],
          [
            13.12019,
            41.47781
          ],
          [
            13.12003,
            41.47767
          ],
          [
            13.11993,
            41.47759
          ],
          [
            13.11978,
            41.47747
          ],
          [
            13.11963,
            41.47736
          ],
          [
            13.11949,
            41.47726
          ],
          [
            13.11936,
            41.47718
          ],
          [
            13.11914,
            41.47703
          ],
          [
            13.11884,
            41.47685
          ],
          [
            13.11868,
            41.47676
          ],
          [
            13.11853,
            41.47668
          ],
          [
            13.1183,
            41.47656
          ],
          [
            13.11808,
            41.47645
          ],
          [
            13.11796,
            41.4764
          ],
          [
            13.1178,
            41.47632
          ],
          [
            13.11779,
            41.47632
          ],
          [
            13.11765,
            41.47625
          ],
          [
            13.1176,
            41.47623
          ],
          [
            13.11746,
            41.47617
          ],
          [
            13.11739,
            41.47614
          ],
          [
            13.1173,
            41.4761
          ],
          [
            13.11726,
            41.47608
          ],
          [
            13.11676,
            41.47586
          ],
          [
            13.11626,
            41.47564
          ],
          [
            13.11561,
            41.47534
          ],
          [
            13.1154,
            41.47525
          ],
          [
            13.11533,
            41.47522
          ],
          [
            13.11524,
            41.47518
          ],
          [
            13.11484,
            41.47499
          ],
          [
            13.11479,
            41.47497
          ],
          [
            13.11471,
            41.47493
          ],
          [
            13.11435,
            41.47476
          ],
          [
            13.11418,
            41.47468
          ],
          [
            13.11397,
            41.47458
          ],
          [
            13.11337,
            41.47429
          ],
          [
            13.11334,
            41.47428
          ],
          [
            13.1132,
            41.47421
          ],
          [
            13.113,
            41.47411
          ],
          [
            13.11279,
            41.47402
          ],
          [
            13.11278,
            41.47401
          ],
          [
            13.11239,
            41.47382
          ],
          [
            13.11235,
            41.4738
          ],
          [
            13.11234,
            41.47379
          ],
          [
            13.11229,
            41.47377
          ],
          [
            13.11153,
            41.4734
          ],
          [
            13.1112,
            41.47324
          ],
          [
            13.11118,
            41.47323
          ],
          [
            13.11092,
            41.47312
          ],
          [
            13.11047,
            41.47294
          ],
          [
            13.11022,
            41.47284
          ],
          [
            13.10996,
            41.47276
          ],
          [
            13.10972,
            41.47269
          ],
          [
            13.10945,
            41.47262
          ],
          [
            13.10939,
            41.4726
          ],
          [
            13.10922,
            41.47256
          ],
          [
            13.10908,
            41.47252
          ],
          [
            13.10879,
            41.47245
          ],
          [
            13.10856,
            41.47241
          ],
          [
            13.1083,
            41.47237
          ],
          [
            13.10819,
            41.47235
          ],
          [
            13.10796,
            41.47233
          ],
          [
            13.10758,
            41.4723
          ],
          [
            13.10749,
            41.47229
          ],
          [
            13.10673,
            41.47226
          ],
          [
            13.10613,
            41.47228
          ],
          [
            13.10594,
            41.47229
          ],
          [
            13.10551,
            41.47233
          ],
          [
            13.10519,
            41.47237
          ],
          [
            13.10482,
            41.47243
          ],
          [
            13.10475,
            41.47244
          ],
          [
            13.1045,
            41.47248
          ],
          [
            13.10428,
            41.47253
          ],
          [
            13.10403,
            41.47259
          ],
          [
            13.10389,
            41.47262
          ],
          [
            13.10358,
            41.47272
          ],
          [
            13.10317,
            41.47286
          ],
          [
            13.1031,
            41.47288
          ],
          [
            13.10299,
            41.47292
          ],
          [
            13.10285,
            41.47298
          ],
          [
            13.10261,
            41.47308
          ],
          [
            13.10213,
            41.4733
          ],
          [
            13.1021,
            41.47331
          ],
          [
            13.10193,
            41.4734
          ],
          [
            13.10171,
            41.47351
          ],
          [
            13.10156,
            41.47359
          ],
          [
            13.10142,
            41.47367
          ],
          [
            13.10141,
            41.47368
          ],
          [
            13.10135,
            41.47371
          ],
          [
            13.10112,
            41.47385
          ],
          [
            13.10058,
            41.47418
          ],
          [
            13.10042,
            41.47429
          ],
          [
            13.1004,
            41.47429
          ],
          [
            13.10036,
            41.47432
          ],
          [
            13.10031,
            41.47435
          ],
          [
            13.09983,
            41.47465
          ],
          [
            13.09958,
            41.47482
          ],
          [
            13.09957,
            41.47482
          ],
          [
            13.09932,
            41.47498
          ],
          [
            13.09895,
            41.47523
          ],
          [
            13.09894,
            41.47523
          ],
          [
            13.09858,
            41.47546
          ],
          [
            13.09854,
            41.47549
          ],
          [
            13.09829,
            41.47565
          ],
          [
            13.09822,
            41.4757
          ],
          [
            13.09819,
            41.47571
          ],
          [
            13.09812,
            41.47576
          ],
          [
            13.09811,
            41.47576
          ],
          [
            13.09804,
            41.47581
          ],
          [
            13.09801,
            41.47583
          ],
          [
            13.09784,
            41.47593
          ],
          [
            13.09768,
            41.47603
          ],
          [
            13.09761,
            41.47608
          ],
          [
            13.09757,
            41.4761
          ],
          [
            13.09756,
            41.47611
          ],
          [
            13.0975,
            41.47614
          ],
          [
            13.09748,
            41.47615
          ],
          [
            13.09735,
            41.47621
          ],
          [
            13.09727,
            41.47624
          ],
          [
            13.09727,
            41.47625
          ],
          [
            13.09724,
            41.47626
          ],
          [
            13.09718,
            41.47628
          ],
          [
            13.09717,
            41.47629
          ],
          [
            13.09715,
            41.4763
          ],
          [
            13.09708,
            41.47634
          ],
          [
            13.09706,
            41.47635
          ],
          [
            13.09684,
            41.47649
          ],
          [
            13.09656,
            41.47668
          ],
          [
            13.09644,
            41.47676
          ],
          [
            13.09643,
            41.47677
          ],
          [
            13.09635,
            41.47681
          ],
          [
            13.09635,
            41.47682
          ],
          [
            13.09634,
            41.47682
          ],
          [
            13.09632,
            41.47683
          ],
          [
            13.09617,
            41.47694
          ],
          [
            13.09583,
            41.47716
          ],
          [
            13.09561,
            41.47732
          ],
          [
            13.09549,
            41.4774
          ],
          [
            13.09541,
            41.47746
          ],
          [
            13.09519,
            41.47762
          ],
          [
            13.09501,
            41.47775
          ],
          [
            13.0949,
            41.47783
          ],
          [
            13.09483,
            41.47787
          ],
          [
            13.09475,
            41.47793
          ],
          [
            13.09459,
            41.47803
          ],
          [
            13.09445,
            41.47811
          ],
          [
            13.09429,
            41.47819
          ],
          [
            13.09417,
            41.47824
          ],
          [
            13.09404,
            41.4783
          ],
          [
            13.09393,
            41.47835
          ],
          [
            13.09381,
            41.4784
          ],
          [
            13.09375,
            41.47842
          ],
          [
            13.0935,
            41.47852
          ],
          [
            13.09319,
            41.47865
          ],
          [
            13.09293,
            41.47875
          ],
          [
            13.09267,
            41.47886
          ],
          [
            13.09265,
            41.47886
          ],
          [
            13.09249,
            41.47892
          ],
          [
            13.09228,
            41.479
          ],
          [
            13.09224,
            41.47901
          ],
          [
            13.09208,
            41.47907
          ],
          [
            13.09188,
            41.47914
          ],
          [
            13.09172,
            41.47919
          ],
          [
            13.0916,
            41.47923
          ],
          [
            13.09159,
            41.47923
          ],
          [
            13.09157,
            41.47924
          ],
          [
            13.09143,
            41.47928
          ],
          [
            13.09142,
            41.47928
          ],
          [
            13.09113,
            41.47938
          ],
          [
            13.09071,
            41.47952
          ],
          [
            13.09039,
            41.47959
          ],
          [
            13.08969,
            41.47973
          ],
          [
            13.08957,
            41.47975
          ],
          [
            13.08905,
            41.47984
          ],
          [
            13.08867,
            41.47991
          ],
          [
            13.08805,
            41.48002
          ],
          [
            13.08797,
            41.48003
          ],
          [
            13.08777,
            41.48007
          ],
          [
            13.08752,
            41.48011
          ],
          [
            13.08708,
            41.48018
          ],
          [
            13.08621,
            41.48033
          ],
          [
            13.08592,
            41.48038
          ],
          [
            13.08494,
            41.48057
          ],
          [
            13.0847,
            41.48062
          ],
          [
            13.08444,
            41.48067
          ],
          [
            13.08426,
            41.4807
          ],
          [
            13.08422,
            41.48071
          ],
          [
            13.08355,
            41.48086
          ],
          [
            13.08336,
            41.4809
          ],
          [
            13.08335,
            41.4809
          ],
          [
            13.08332,
            41.48091
          ],
          [
            13.08302,
            41.48097
          ],
          [
            13.08258,
            41.48105
          ],
          [
            13.08133,
            41.48129
          ],
          [
            13.08073,
            41.48142
          ],
          [
            13.07924,
            41.48175
          ],
          [
            13.0792,
            41.48176
          ],
          [
            13.07861,
            41.48188
          ],
          [
            13.07791,
            41.48203
          ],
          [
            13.07761,
            41.48209
          ],
          [
            13.07604,
            41.48243
          ],
          [
            13.07592,
            41.48246
          ],
          [
            13.07559,
            41.48253
          ],
          [
            13.07542,
            41.48256
          ],
          [
            13.07536,
            41.48257
          ],
          [
            13.07518,
            41.48261
          ],
          [
            13.07498,
            41.48265
          ],
          [
            13.07484,
            41.48268
          ],
          [
            13.07473,
            41.48271
          ],
          [
            13.07468,
            41.48271
          ],
          [
            13.07374,
            41.48293
          ],
          [
            13.07351,
            41.48298
          ],
          [
            13.07343,
            41.483
          ],
          [
            13.07296,
            41.48311
          ],
          [
            13.0723,
            41.48327
          ],
          [
            13.07174,
            41.48341
          ],
          [
            13.07142,
            41.48349
          ],
          [
            13.07067,
            41.48368
          ],
          [
            13.07008,
            41.48383
          ],
          [
            13.06987,
            41.48389
          ],
          [
            13.06973,
            41.48392
          ],
          [
            13.06964,
            41.48395
          ],
          [
            13.06879,
            41.48418
          ],
          [
            13.06851,
            41.48426
          ],
          [
            13.06829,
            41.48432
          ],
          [
            13.06797,
            41.48441
          ],
          [
            13.06761,
            41.48451
          ],
          [
            13.06711,
            41.48465
          ],
          [
            13.06672,
            41.48477
          ],
          [
            13.06627,
            41.4849
          ],
          [
            13.06612,
            41.48495
          ],
          [
            13.06605,
            41.48497
          ],
          [
            13.06589,
            41.48502
          ],
          [
            13.06559,
            41.48511
          ],
          [
            13.06461,
            41.48541
          ],
          [
            13.06389,
            41.48563
          ],
          [
            13.0638,
            41.48566
          ],
          [
            13.06371,
            41.48568
          ],
          [
            13.06337,
            41.48579
          ],
          [
            13.06294,
            41.48593
          ],
          [
            13.06261,
            41.48604
          ],
          [
            13.06243,
            41.4861
          ],
          [
            13.06217,
            41.4862
          ],
          [
            13.06205,
            41.48624
          ],
          [
            13.06152,
            41.48643
          ],
          [
            13.06149,
            41.48644
          ],
          [
            13.06131,
            41.48651
          ],
          [
            13.06091,
            41.48666
          ],
          [
            13.06067,
            41.48675
          ],
          [
            13.06047,
            41.48683
          ],
          [
            13.06045,
            41.48683
          ],
          [
            13.0603,
            41.48689
          ],
          [
            13.06025,
            41.48691
          ],
          [
            13.06024,
            41.48692
          ],
          [
            13.06003,
            41.487
          ],
          [
            13.05981,
            41.48708
          ],
          [
            13.05976,
            41.4871
          ],
          [
            13.05962,
            41.48716
          ],
          [
            13.0596,
            41.48717
          ],
          [
            13.05941,
            41.48725
          ],
          [
            13.05939,
            41.48726
          ],
          [
            13.05924,
            41.48732
          ],
          [
            13.05918,
            41.48735
          ],
          [
            13.05889,
            41.48747
          ],
          [
            13.05878,
            41.48752
          ],
          [
            13.05877,
            41.48752
          ],
          [
            13.05873,
            41.48754
          ],
          [
            13.05872,
            41.48754
          ],
          [
            13.05856,
            41.48761
          ],
          [
            13.05838,
            41.48769
          ],
          [
            13.05822,
            41.48776
          ],
          [
            13.05815,
            41.4878
          ],
          [
            13.05773,
            41.48798
          ],
          [
            13.05764,
            41.48802
          ],
          [
            13.05755,
            41.48806
          ],
          [
            13.05752,
            41.48807
          ],
          [
            13.05729,
            41.48816
          ],
          [
            13.05712,
            41.48822
          ],
          [
            13.0571,
            41.48823
          ],
          [
            13.05707,
            41.48824
          ],
          [
            13.05688,
            41.48831
          ],
          [
            13.0568,
            41.48833
          ],
          [
            13.05668,
            41.48836
          ],
          [
            13.05645,
            41.48843
          ],
          [
            13.05623,
            41.48849
          ],
          [
            13.0562,
            41.48849
          ],
          [
            13.056,
            41.48853
          ],
          [
            13.05597,
            41.48854
          ],
          [
            13.05577,
            41.48858
          ],
          [
            13.05576,
            41.48858
          ],
          [
            13.05553,
            41.48861
          ],
          [
            13.05547,
            41.48862
          ],
          [
            13.05529,
            41.48864
          ],
          [
            13.05511,
            41.48866
          ],
          [
            13.05508,
            41.48866
          ],
          [
            13.05487,
            41.48867
          ],
          [
            13.05471,
            41.48868
          ],
          [
            13.05454,
            41.48869
          ],
          [
            13.05426,
            41.48869
          ],
          [
            13.05392,
            41.48867
          ],
          [
            13.05366,
            41.48865
          ],
          [
            13.05337,
            41.48862
          ],
          [
            13.05305,
            41.48858
          ],
          [
            13.05284,
            41.48855
          ],
          [
            13.05263,
            41.48853
          ],
          [
            13.05232,
            41.48848
          ],
          [
            13.05224,
            41.48847
          ],
          [
            13.05216,
            41.48846
          ],
          [
            13.05206,
            41.48845
          ],
          [
            13.05146,
            41.48837
          ],
          [
            13.05145,
            41.48837
          ],
          [
            13.05101,
            41.48832
          ],
          [
            13.05074,
            41.48829
          ],
          [
            13.05052,
            41.48827
          ],
          [
            13.0505,
            41.48827
          ],
          [
            13.05029,
            41.48826
          ],
          [
            13.05006,
            41.48825
          ],
          [
            13.04982,
            41.48824
          ],
          [
            13.04978,
            41.48824
          ],
          [
            13.04965,
            41.48825
          ],
          [
            13.04949,
            41.48825
          ],
          [
            13.04925,
            41.48826
          ],
          [
            13.04911,
            41.48827
          ],
          [
            13.04901,
            41.48828
          ],
          [
            13.04886,
            41.48829
          ],
          [
            13.04875,
            41.4883
          ],
          [
            13.04862,
            41.48832
          ],
          [
            13.04854,
            41.48833
          ],
          [
            13.0485,
            41.48833
          ],
          [
            13.0483,
            41.48837
          ],
          [
            13.04817,
            41.48839
          ],
          [
            13.04807,
            41.48841
          ],
          [
            13.04792,
            41.48843
          ],
          [
            13.04788,
            41.48844
          ],
          [
            13.04759,
            41.4885
          ],
          [
            13.04755,
            41.48851
          ],
          [
            13.04753,
            41.48852
          ],
          [
            13.04699,
            41.48865
          ],
          [
            13.04628,
            41.48882
          ],
          [
            13.04586,
            41.48892
          ],
          [
            13.0455,
            41.48901
          ],
          [
            13.04517,
            41.48909
          ],
          [
            13.04508,
            41.48911
          ],
          [
            13.04495,
            41.48915
          ],
          [
            13.04482,
            41.48918
          ],
          [
            13.04417,
            41.48934
          ],
          [
            13.04407,
            41.48936
          ],
          [
            13.04342,
            41.48952
          ],
          [
            13.04335,
            41.48954
          ],
          [
            13.04325,
            41.48957
          ],
          [
            13.04312,
            41.4896
          ],
          [
            13.04188,
            41.4899
          ],
          [
            13.041,
            41.49011
          ],
          [
            13.04067,
            41.49018
          ],
          [
            13.04044,
            41.49024
          ],
          [
            13.04036,
            41.49025
          ],
          [
            13.04033,
            41.49026
          ],
          [
            13.04027,
            41.49027
          ],
          [
            13.04022,
            41.49029
          ],
          [
            13.03984,
            41.49037
          ],
          [
            13.0393,
            41.49049
          ],
          [
            13.03921,
            41.49051
          ],
          [
            13.03906,
            41.49054
          ],
          [
            13.03901,
            41.49055
          ],
          [
            13.03842,
            41.49067
          ],
          [
            13.03794,
            41.49077
          ],
          [
            13.03779,
            41.4908
          ],
          [
            13.03767,
            41.49082
          ],
          [
            13.03739,
            41.49088
          ],
          [
            13.03693,
            41.49097
          ],
          [
            13.03681,
            41.49099
          ],
          [
            13.0367,
            41.49102
          ],
          [
            13.03667,
            41.49103
          ],
          [
            13.03661,
            41.49104
          ],
          [
            13.03656,
            41.49106
          ],
          [
            13.0365,
            41.4911
          ],
          [
            13.03649,
            41.4911
          ],
          [
            13.03644,
            41.49114
          ],
          [
            13.03636,
            41.4912
          ],
          [
            13.03634,
            41.49124
          ],
          [
            13.03632,
            41.49126
          ],
          [
            13.03631,
            41.49129
          ],
          [
            13.0363,
            41.49131
          ],
          [
            13.03629,
            41.49133
          ],
          [
            13.03628,
            41.49136
          ],
          [
            13.03627,
            41.49138
          ],
          [
            13.03627,
            41.49141
          ],
          [
            13.03627,
            41.49148
          ],
          [
            13.03629,
            41.49156
          ],
          [
            13.0363,
            41.49159
          ],
          [
            13.03631,
            41.49161
          ],
          [
            13.0365,
            41.49176
          ],
          [
            13.03652,
            41.49177
          ],
          [
            13.03653,
            41.49177
          ],
          [
            13.03655,
            41.49178
          ],
          [
            13.03656,
            41.49179
          ],
          [
            13.03658,
            41.49179
          ],
          [
            13.03659,
            41.4918
          ],
          [
            13.0366,
            41.49181
          ],
          [
            13.03661,
            41.49182
          ],
          [
            13.03662,
            41.49183
          ],
          [
            13.03663,
            41.49184
          ],
          [
            13.03664,
            41.49185
          ],
          [
            13.03664,
            41.49187
          ],
          [
            13.03665,
            41.49188
          ],
          [
            13.03665,
            41.49189
          ],
          [
            13.03666,
            41.4919
          ],
          [
            13.03666,
            41.49194
          ],
          [
            13.03665,
            41.49196
          ],
          [
            13.03665,
            41.49198
          ],
          [
            13.03664,
            41.49199
          ],
          [
            13.03663,
            41.49201
          ],
          [
            13.03662,
            41.49202
          ],
          [
            13.03661,
            41.49203
          ],
          [
            13.0366,
            41.49204
          ],
          [
            13.03659,
            41.49205
          ],
          [
            13.03658,
            41.49205
          ],
          [
            13.03656,
            41.49206
          ],
          [
            13.03655,
            41.49207
          ],
          [
            13.03654,
            41.49208
          ],
          [
            13.03652,
            41.49208
          ],
          [
            13.0365,
            41.49209
          ],
          [
            13.03637,
            41.49209
          ],
          [
            13.03625,
            41.49212
          ],
          [
            13.03614,
            41.49213
          ],
          [
            13.03601,
            41.49216
          ],
          [
            13.03559,
            41.49223
          ],
          [
            13.03511,
            41.49232
          ],
          [
            13.03411,
            41.4925
          ],
          [
            13.03326,
            41.49266
          ],
          [
            13.03303,
            41.4927
          ],
          [
            13.03278,
            41.49274
          ],
          [
            13.03272,
            41.49275
          ],
          [
            13.0322,
            41.49285
          ],
          [
            13.03208,
            41.49287
          ],
          [
            13.03155,
            41.49297
          ],
          [
            13.03022,
            41.49322
          ],
          [
            13.02998,
            41.49326
          ],
          [
            13.02996,
            41.49327
          ],
          [
            13.02962,
            41.49333
          ],
          [
            13.02879,
            41.49348
          ],
          [
            13.02822,
            41.49358
          ],
          [
            13.02796,
            41.49362
          ],
          [
            13.02747,
            41.49372
          ],
          [
            13.02737,
            41.49374
          ],
          [
            13.02606,
            41.49397
          ],
          [
            13.02567,
            41.49406
          ],
          [
            13.02565,
            41.49406
          ],
          [
            13.02519,
            41.49414
          ],
          [
            13.02452,
            41.49427
          ],
          [
            13.0242,
            41.49432
          ],
          [
            13.02307,
            41.49454
          ],
          [
            13.02259,
            41.49463
          ],
          [
            13.0215,
            41.49485
          ],
          [
            13.02142,
            41.49486
          ],
          [
            13.02057,
            41.49501
          ],
          [
            13.02023,
            41.49508
          ],
          [
            13.02004,
            41.49511
          ],
          [
            13.01961,
            41.49519
          ],
          [
            13.01923,
            41.49526
          ],
          [
            13.01919,
            41.49527
          ],
          [
            13.01864,
            41.49536
          ],
          [
            13.01864,
            41.49537
          ],
          [
            13.01739,
            41.4956
          ],
          [
            13.01713,
            41.49564
          ],
          [
            13.01615,
            41.49582
          ],
          [
            13.01534,
            41.49598
          ],
          [
            13.01436,
            41.49616
          ],
          [
            13.01401,
            41.49622
          ],
          [
            13.01395,
            41.49623
          ],
          [
            13.0139,
            41.49625
          ],
          [
            13.01321,
            41.49638
          ],
          [
            13.01308,
            41.4964
          ],
          [
            13.01229,
            41.49655
          ],
          [
            13.01208,
            41.49659
          ],
          [
            13.0119,
            41.49662
          ],
          [
            13.01075,
            41.49684
          ],
          [
            13.01053,
            41.49687
          ],
          [
            13.00983,
            41.49699
          ],
          [
            13.00981,
            41.497
          ],
          [
            13.00902,
            41.49714
          ],
          [
            13.00877,
            41.49719
          ],
          [
            13.00791,
            41.49734
          ],
          [
            13.00763,
            41.4974
          ],
          [
            13.00704,
            41.49751
          ],
          [
            13.00662,
            41.49759
          ],
          [
            13.00619,
            41.49767
          ],
          [
            13.00579,
            41.49775
          ],
          [
            13.00574,
            41.49776
          ],
          [
            13.00447,
            41.498
          ],
          [
            13.00399,
            41.49808
          ],
          [
            13.00348,
            41.49814
          ],
          [
            13.00309,
            41.49817
          ],
          [
            13.0029,
            41.49817
          ],
          [
            13.00241,
            41.49816
          ],
          [
            13.00238,
            41.49815
          ],
          [
            13.0016,
            41.49809
          ],
          [
            13.00077,
            41.49802
          ],
          [
            13.00066,
            41.49801
          ],
          [
            12.99987,
            41.49793
          ],
          [
            12.99948,
            41.4979
          ],
          [
            12.99872,
            41.49783
          ],
          [
            12.99829,
            41.49778
          ],
          [
            12.99814,
            41.49777
          ],
          [
            12.99805,
            41.49776
          ],
          [
            12.9976,
            41.49771
          ],
          [
            12.99639,
            41.4976
          ],
          [
            12.99536,
            41.4975
          ],
          [
            12.99481,
            41.49744
          ],
          [
            12.99471,
            41.49742
          ],
          [
            12.99436,
            41.49739
          ],
          [
            12.99408,
            41.49736
          ],
          [
            12.99358,
            41.4973
          ],
          [
            12.99276,
            41.49723
          ],
          [
            12.99257,
            41.49721
          ],
          [
            12.99232,
            41.49719
          ],
          [
            12.9922,
            41.49716
          ],
          [
            12.99217,
            41.49716
          ],
          [
            12.99214,
            41.49715
          ],
          [
            12.99195,
            41.4971
          ],
          [
            12.99173,
            41.49701
          ],
          [
            12.99161,
            41.49695
          ],
          [
            12.99156,
            41.49692
          ],
          [
            12.99146,
            41.49688
          ],
          [
            12.99131,
            41.49683
          ],
          [
            12.99114,
            41.49675
          ],
          [
            12.991,
            41.49666
          ],
          [
            12.99099,
            41.49665
          ],
          [
            12.99075,
            41.49647
          ],
          [
            12.99044,
            41.4962
          ],
          [
            12.99021,
            41.49598
          ],
          [
            12.98939,
            41.4952
          ],
          [
            12.98862,
            41.49449
          ],
          [
            12.98784,
            41.4938
          ],
          [
            12.98778,
            41.49375
          ],
          [
            12.9872,
            41.49323
          ],
          [
            12.98658,
            41.49266
          ],
          [
            12.98608,
            41.49219
          ],
          [
            12.98585,
            41.49199
          ],
          [
            12.98544,
            41.49162
          ],
          [
            12.98527,
            41.49146
          ],
          [
            12.98459,
            41.49093
          ],
          [
            12.98421,
            41.49066
          ],
          [
            12.98396,
            41.49048
          ],
          [
            12.98352,
            41.49014
          ],
          [
            12.9835,
            41.49012
          ],
          [
            12.98336,
            41.49002
          ],
          [
            12.98301,
            41.48977
          ],
          [
            12.98284,
            41.48964
          ],
          [
            12.98247,
            41.48937
          ],
          [
            12.98243,
            41.48934
          ],
          [
            12.98238,
            41.48931
          ],
          [
            12.98228,
            41.48923
          ],
          [
            12.98183,
            41.48889
          ],
          [
            12.98167,
            41.48878
          ],
          [
            12.98163,
            41.48875
          ],
          [
            12.98158,
            41.48871
          ],
          [
            12.98122,
            41.48845
          ],
          [
            12.98113,
            41.48838
          ],
          [
            12.98094,
            41.48825
          ],
          [
            12.98054,
            41.48796
          ],
          [
            12.98045,
            41.4879
          ],
          [
            12.98041,
            41.48786
          ],
          [
            12.98016,
            41.48768
          ],
          [
            12.97988,
            41.48748
          ],
          [
            12.97929,
            41.48705
          ],
          [
            12.9792,
            41.48698
          ],
          [
            12.9791,
            41.4869
          ],
          [
            12.97856,
            41.4865
          ],
          [
            12.97827,
            41.48628
          ],
          [
            12.97786,
            41.48597
          ],
          [
            12.97705,
            41.48537
          ],
          [
            12.97648,
            41.48495
          ],
          [
            12.97644,
            41.48492
          ],
          [
            12.97639,
            41.48489
          ],
          [
            12.97637,
            41.48487
          ],
          [
            12.97634,
            41.48485
          ],
          [
            12.97542,
            41.48419
          ],
          [
            12.97535,
            41.48413
          ],
          [
            12.97486,
            41.48451
          ],
          [
            12.97482,
            41.48454
          ],
          [
            12.97444,
            41.48484
          ],
          [
            12.97311,
            41.48588
          ],
          [
            12.97111,
            41.48743
          ],
          [
            12.96762,
            41.49014
          ],
          [
            12.96745,
            41.49027
          ],
          [
            12.96744,
            41.49028
          ],
          [
            12.96495,
            41.49221
          ],
          [
            12.96391,
            41.49302
          ],
          [
            12.96387,
            41.49305
          ],
          [
            12.96383,
            41.49308
          ],
          [
            12.96328,
            41.49351
          ],
          [
            12.96281,
            41.49387
          ],
          [
            12.96228,
            41.49429
          ],
          [
            12.96224,
            41.49432
          ],
          [
            12.96219,
            41.49435
          ],
          [
            12.96104,
            41.49525
          ],
          [
            12.96072,
            41.4955
          ],
          [
            12.95974,
            41.49626
          ],
          [
            12.9597,
            41.49629
          ],
          [
            12.95603,
            41.49915
          ],
          [
            12.95571,
            41.49939
          ],
          [
            12.95534,
            41.49968
          ],
          [
            12.9543,
            41.50048
          ],
          [
            12.95333,
            41.50124
          ],
          [
            12.95231,
            41.50203
          ],
          [
            12.95189,
            41.50236
          ],
          [
            12.95184,
            41.5024
          ],
          [
            12.95132,
            41.5028
          ],
          [
            12.95126,
            41.50285
          ],
          [
            12.95119,
            41.5029
          ],
          [
            12.95109,
            41.50298
          ],
          [
            12.95054,
            41.5034
          ],
          [
            12.95051,
            41.50342
          ],
          [
            12.95042,
            41.50349
          ],
          [
            12.95038,
            41.50352
          ],
          [
            12.95037,
            41.50352
          ],
          [
            12.94956,
            41.50415
          ],
          [
            12.94947,
            41.50422
          ],
          [
            12.94908,
            41.50452
          ],
          [
            12.94898,
            41.5046
          ],
          [
            12.94839,
            41.50506
          ],
          [
            12.9482,
            41.50521
          ],
          [
            12.94808,
            41.5053
          ],
          [
            12.94763,
            41.50565
          ],
          [
            12.94755,
            41.5057
          ],
          [
            12.94749,
            41.50575
          ],
          [
            12.94736,
            41.50586
          ],
          [
            12.94722,
            41.50596
          ],
          [
            12.94718,
            41.50599
          ],
          [
            12.94696,
            41.50617
          ],
          [
            12.94679,
            41.5063
          ],
          [
            12.94633,
            41.50665
          ],
          [
            12.94594,
            41.50695
          ],
          [
            12.94556,
            41.50724
          ],
          [
            12.94546,
            41.50735
          ],
          [
            12.94524,
            41.50751
          ],
          [
            12.94515,
            41.50759
          ],
          [
            12.9451,
            41.50762
          ],
          [
            12.94488,
            41.50779
          ],
          [
            12.94476,
            41.50788
          ],
          [
            12.94471,
            41.50791
          ],
          [
            12.94453,
            41.50805
          ],
          [
            12.94449,
            41.50808
          ],
          [
            12.94376,
            41.50864
          ],
          [
            12.94351,
            41.50883
          ],
          [
            12.94337,
            41.50894
          ],
          [
            12.9431,
            41.50913
          ],
          [
            12.94293,
            41.50926
          ],
          [
            12.9429,
            41.50929
          ],
          [
            12.94277,
            41.50939
          ],
          [
            12.94159,
            41.51034
          ],
          [
            12.94151,
            41.51039
          ],
          [
            12.94096,
            41.51082
          ],
          [
            12.94094,
            41.51083
          ],
          [
            12.94024,
            41.51138
          ],
          [
            12.93931,
            41.51209
          ],
          [
            12.93927,
            41.51212
          ],
          [
            12.93817,
            41.51298
          ],
          [
            12.93814,
            41.513
          ],
          [
            12.93808,
            41.51305
          ],
          [
            12.93798,
            41.51313
          ],
          [
            12.93794,
            41.51316
          ],
          [
            12.93791,
            41.51318
          ],
          [
            12.93741,
            41.51357
          ],
          [
            12.93724,
            41.5137
          ],
          [
            12.93715,
            41.51377
          ],
          [
            12.93709,
            41.51381
          ],
          [
            12.93708,
            41.51383
          ],
          [
            12.93697,
            41.51391
          ],
          [
            12.93694,
            41.51393
          ],
          [
            12.93642,
            41.51433
          ],
          [
            12.93636,
            41.51438
          ],
          [
            12.93632,
            41.51441
          ],
          [
            12.936,
            41.51466
          ],
          [
            12.93581,
            41.51481
          ],
          [
            12.93572,
            41.51488
          ],
          [
            12.93552,
            41.51503
          ],
          [
            12.93545,
            41.51509
          ],
          [
            12.93527,
            41.51523
          ],
          [
            12.9352,
            41.51528
          ],
          [
            12.93459,
            41.51576
          ],
          [
            12.93421,
            41.51606
          ],
          [
            12.93353,
            41.51658
          ],
          [
            12.93337,
            41.5167
          ],
          [
            12.93337,
            41.51671
          ],
          [
            12.9322,
            41.51761
          ],
          [
            12.93112,
            41.51846
          ],
          [
            12.92965,
            41.51958
          ],
          [
            12.92949,
            41.5197
          ],
          [
            12.92915,
            41.51996
          ],
          [
            12.92874,
            41.52027
          ],
          [
            12.92831,
            41.5206
          ],
          [
            12.92489,
            41.52326
          ],
          [
            12.92381,
            41.52411
          ],
          [
            12.92231,
            41.52527
          ],
          [
            12.92214,
            41.5254
          ],
          [
            12.92205,
            41.52546
          ],
          [
            12.92176,
            41.52569
          ],
          [
            12.92078,
            41.52644
          ],
          [
            12.92073,
            41.52648
          ],
          [
            12.92044,
            41.5267
          ],
          [
            12.92011,
            41.52695
          ],
          [
            12.91994,
            41.52714
          ],
          [
            12.91987,
            41.52727
          ],
          [
            12.91975,
            41.52749
          ],
          [
            12.91967,
            41.5277
          ],
          [
            12.91967,
            41.52779
          ],
          [
            12.91966,
            41.52781
          ],
          [
            12.91965,
            41.52782
          ],
          [
            12.91964,
            41.52783
          ],
          [
            12.91964,
            41.52785
          ],
          [
            12.91963,
            41.52786
          ],
          [
            12.91962,
            41.52787
          ],
          [
            12.91961,
            41.52789
          ],
          [
            12.9196,
            41.5279
          ],
          [
            12.91956,
            41.52793
          ],
          [
            12.91954,
            41.52796
          ],
          [
            12.91949,
            41.52799
          ],
          [
            12.91945,
            41.52801
          ],
          [
            12.9194,
            41.52803
          ],
          [
            12.91935,
            41.52804
          ],
          [
            12.91928,
            41.52806
          ],
          [
            12.91921,
            41.52807
          ],
          [
            12.9191,
            41.52807
          ],
          [
            12.91908,
            41.52808
          ],
          [
            12.91888,
            41.52813
          ],
          [
            12.91859,
            41.52823
          ],
          [
            12.91843,
            41.5283
          ],
          [
            12.91822,
            41.5284
          ],
          [
            12.9178,
            41.52873
          ],
          [
            12.91729,
            41.52913
          ],
          [
            12.91723,
            41.52918
          ],
          [
            12.91718,
            41.52922
          ],
          [
            12.91679,
            41.52952
          ],
          [
            12.91664,
            41.52963
          ],
          [
            12.91589,
            41.5302
          ],
          [
            12.9156,
            41.53043
          ],
          [
            12.91546,
            41.53053
          ],
          [
            12.91472,
            41.53111
          ],
          [
            12.91425,
            41.53148
          ],
          [
            12.91411,
            41.53158
          ],
          [
            12.91271,
            41.53266
          ],
          [
            12.91267,
            41.53269
          ],
          [
            12.91263,
            41.53273
          ],
          [
            12.91248,
            41.53284
          ],
          [
            12.91208,
            41.53315
          ],
          [
            12.9117,
            41.53345
          ],
          [
            12.91127,
            41.53378
          ],
          [
            12.9112,
            41.53383
          ],
          [
            12.91119,
            41.53383
          ],
          [
            12.91075,
            41.53418
          ],
          [
            12.91065,
            41.53425
          ],
          [
            12.90948,
            41.53516
          ],
          [
            12.90831,
            41.53607
          ],
          [
            12.90753,
            41.53667
          ],
          [
            12.9062,
            41.5377
          ],
          [
            12.90579,
            41.53801
          ],
          [
            12.90569,
            41.53809
          ],
          [
            12.90562,
            41.53814
          ],
          [
            12.90499,
            41.53863
          ],
          [
            12.90491,
            41.53869
          ],
          [
            12.90479,
            41.53878
          ],
          [
            12.90417,
            41.53926
          ],
          [
            12.90347,
            41.53875
          ],
          [
            12.90338,
            41.53868
          ],
          [
            12.90321,
            41.53855
          ],
          [
            12.90178,
            41.53748
          ],
          [
            12.9002,
            41.53632
          ],
          [
            12.89958,
            41.53586
          ],
          [
            12.8983,
            41.53493
          ],
          [
            12.89676,
            41.5338
          ],
          [
            12.89647,
            41.53359
          ],
          [
            12.89604,
            41.53327
          ],
          [
            12.89602,
            41.53326
          ],
          [
            12.89506,
            41.53254
          ],
          [
            12.89367,
            41.53151
          ],
          [
            12.89228,
            41.53049
          ],
          [
            12.892,
            41.53029
          ],
          [
            12.89021,
            41.529
          ],
          [
            12.88972,
            41.52864
          ],
          [
            12.8894,
            41.52842
          ],
          [
            12.8893,
            41.52833
          ],
          [
            12.88901,
            41.52809
          ],
          [
            12.88856,
            41.52783
          ],
          [
            12.88818,
            41.52762
          ],
          [
            12.88812,
            41.52758
          ],
          [
            12.8878,
            41.52741
          ],
          [
            12.88759,
            41.52729
          ],
          [
            12.88749,
            41.52723
          ],
          [
            12.88662,
            41.52675
          ],
          [
            12.88642,
            41.52664
          ],
          [
            12.88622,
            41.52655
          ],
          [
            12.88621,
            41.52654
          ],
          [
            12.88606,
            41.52648
          ],
          [
            12.88602,
            41.52646
          ],
          [
            12.886,
            41.52645
          ],
          [
            12.88489,
            41.52598
          ],
          [
            12.88392,
            41.52557
          ],
          [
            12.88309,
            41.52521
          ],
          [
            12.88184,
            41.52468
          ],
          [
            12.88121,
            41.52441
          ],
          [
            12.88039,
            41.52406
          ],
          [
            12.87987,
            41.52384
          ],
          [
            12.87795,
            41.52302
          ],
          [
            12.8757,
            41.52206
          ],
          [
            12.87506,
            41.52179
          ],
          [
            12.87453,
            41.52156
          ],
          [
            12.87397,
            41.52132
          ],
          [
            12.87361,
            41.52116
          ],
          [
            12.87242,
            41.52066
          ],
          [
            12.87153,
            41.52027
          ],
          [
            12.87039,
            41.51978
          ],
          [
            12.86972,
            41.5195
          ],
          [
            12.86781,
            41.51868
          ],
          [
            12.86602,
            41.51791
          ],
          [
            12.86402,
            41.51706
          ],
          [
            12.86396,
            41.51703
          ],
          [
            12.86341,
            41.51679
          ],
          [
            12.86299,
            41.51661
          ],
          [
            12.86278,
            41.51652
          ],
          [
            12.86248,
            41.51639
          ],
          [
            12.86229,
            41.51631
          ],
          [
            12.86146,
            41.51595
          ],
          [
            12.86026,
            41.51543
          ],
          [
            12.85947,
            41.5151
          ],
          [
            12.85901,
            41.5149
          ],
          [
            12.85862,
            41.51473
          ],
          [
            12.85841,
            41.51467
          ],
          [
            12.85831,
            41.51463
          ],
          [
            12.8582,
            41.5146
          ],
          [
            12.85811,
            41.51457
          ],
          [
            12.85793,
            41.51453
          ],
          [
            12.85782,
            41.51451
          ],
          [
            12.85745,
            41.51443
          ],
          [
            12.85726,
            41.5144
          ],
          [
            12.85709,
            41.51436
          ],
          [
            12.85692,
            41.51433
          ],
          [
            12.85548,
            41.51411
          ],
          [
            12.85525,
            41.51408
          ],
          [
            12.85511,
            41.51406
          ],
          [
            12.85477,
            41.51401
          ],
          [
            12.8546,
            41.51399
          ],
          [
            12.85408,
            41.5139
          ],
          [
            12.85391,
            41.51387
          ],
          [
            12.85321,
            41.51376
          ],
          [
            12.8521,
            41.51357
          ],
          [
            12.85194,
            41.51354
          ],
          [
            12.85132,
            41.51345
          ],
          [
            12.85078,
            41.51337
          ],
          [
            12.85041,
            41.5133
          ],
          [
            12.85008,
            41.51324
          ],
          [
            12.84965,
            41.51318
          ],
          [
            12.84936,
            41.51313
          ],
          [
            12.8491,
            41.5131
          ],
          [
            12.84864,
            41.51301
          ],
          [
            12.84817,
            41.51294
          ],
          [
            12.84795,
            41.5129
          ],
          [
            12.84776,
            41.51287
          ],
          [
            12.84696,
            41.51274
          ],
          [
            12.84664,
            41.51269
          ],
          [
            12.84644,
            41.51265
          ],
          [
            12.84606,
            41.51259
          ],
          [
            12.84513,
            41.51244
          ],
          [
            12.84437,
            41.51232
          ],
          [
            12.84396,
            41.51225
          ],
          [
            12.84346,
            41.51217
          ],
          [
            12.84038,
            41.51163
          ],
          [
            12.83961,
            41.51149
          ],
          [
            12.83952,
            41.51148
          ],
          [
            12.8392,
            41.51143
          ],
          [
            12.83902,
            41.5114
          ],
          [
            12.83843,
            41.51131
          ],
          [
            12.83825,
            41.51128
          ],
          [
            12.83772,
            41.51121
          ],
          [
            12.83761,
            41.51119
          ],
          [
            12.83691,
            41.51109
          ],
          [
            12.83682,
            41.51108
          ],
          [
            12.83676,
            41.51107
          ],
          [
            12.83643,
            41.51103
          ],
          [
            12.83635,
            41.51101
          ],
          [
            12.83569,
            41.51089
          ],
          [
            12.83544,
            41.51085
          ],
          [
            12.83501,
            41.51079
          ],
          [
            12.83485,
            41.51076
          ],
          [
            12.83455,
            41.51072
          ],
          [
            12.83411,
            41.5107
          ],
          [
            12.83405,
            41.5107
          ],
          [
            12.83322,
            41.51067
          ],
          [
            12.83318,
            41.51067
          ],
          [
            12.83294,
            41.51066
          ],
          [
            12.83277,
            41.51066
          ],
          [
            12.83061,
            41.51062
          ],
          [
            12.82877,
            41.51059
          ],
          [
            12.82684,
            41.51056
          ],
          [
            12.82587,
            41.51054
          ],
          [
            12.82346,
            41.5105
          ],
          [
            12.8231,
            41.5105
          ],
          [
            12.8229,
            41.51049
          ],
          [
            12.82251,
            41.51048
          ],
          [
            12.82245,
            41.51048
          ],
          [
            12.82089,
            41.51044
          ],
          [
            12.82062,
            41.51043
          ],
          [
            12.81925,
            41.5104
          ],
          [
            12.81846,
            41.51038
          ],
          [
            12.81838,
            41.5104
          ],
          [
            12.81817,
            41.51041
          ],
          [
            12.81817,
            41.51042
          ],
          [
            12.81816,
            41.51042
          ],
          [
            12.81816,
            41.51043
          ],
          [
            12.81815,
            41.51043
          ],
          [
            12.81814,
            41.51044
          ],
          [
            12.81813,
            41.51044
          ],
          [
            12.81812,
            41.51045
          ],
          [
            12.81811,
            41.51045
          ],
          [
            12.8181,
            41.51046
          ],
          [
            12.81806,
            41.51046
          ],
          [
            12.81805,
            41.51047
          ],
          [
            12.81802,
            41.51047
          ],
          [
            12.81801,
            41.51046
          ],
          [
            12.81797,
            41.51046
          ],
          [
            12.81796,
            41.51045
          ],
          [
            12.81794,
            41.51045
          ],
          [
            12.81793,
            41.51044
          ],
          [
            12.81792,
            41.51044
          ],
          [
            12.81791,
            41.51043
          ],
          [
            12.8179,
            41.51042
          ],
          [
            12.81789,
            41.51042
          ],
          [
            12.81789,
            41.51041
          ],
          [
            12.81788,
            41.5104
          ],
          [
            12.81787,
            41.51039
          ],
          [
            12.81787,
            41.51038
          ],
          [
            12.81786,
            41.51037
          ],
          [
            12.81786,
            41.51036
          ],
          [
            12.81786,
            41.51035
          ],
          [
            12.81786,
            41.5103
          ],
          [
            12.81787,
            41.51029
          ],
          [
            12.81787,
            41.51028
          ],
          [
            12.81788,
            41.51027
          ],
          [
            12.81788,
            41.51026
          ],
          [
            12.81789,
            41.51026
          ],
          [
            12.8179,
            41.51025
          ],
          [
            12.81791,
            41.51024
          ],
          [
            12.81792,
            41.51023
          ],
          [
            12.81794,
            41.51023
          ],
          [
            12.81795,
            41.51022
          ],
          [
            12.81795,
            41.51008
          ],
          [
            12.81796,
            41.51002
          ],
          [
            12.81784,
            41.50938
          ],
          [
            12.81782,
            41.50929
          ],
          [
            12.8178,
            41.50924
          ],
          [
            12.81757,
            41.50817
          ],
          [
            12.81706,
            41.50574
          ],
          [
            12.81704,
            41.50568
          ],
          [
            12.81695,
            41.50525
          ],
          [
            12.8167,
            41.50403
          ],
          [
            12.81656,
            41.50339
          ],
          [
            12.81644,
            41.50278
          ],
          [
            12.8164,
            41.50255
          ],
          [
            12.81637,
            41.50242
          ],
          [
            12.81633,
            41.5022
          ],
          [
            12.81627,
            41.5019
          ],
          [
            12.81626,
            41.50182
          ],
          [
            12.81616,
            41.50135
          ],
          [
            12.81604,
            41.5007
          ],
          [
            12.81599,
            41.50048
          ],
          [
            12.81599,
            41.50047
          ],
          [
            12.81597,
            41.5004
          ],
          [
            12.81597,
            41.50038
          ],
          [
            12.81596,
            41.50037
          ],
          [
            12.81595,
            41.50031
          ],
          [
            12.81593,
            41.50024
          ],
          [
            12.81592,
            41.5002
          ],
          [
            12.81588,
            41.50003
          ],
          [
            12.81578,
            41.49956
          ],
          [
            12.81567,
            41.49907
          ],
          [
            12.81566,
            41.49901
          ],
          [
            12.81563,
            41.49885
          ],
          [
            12.81555,
            41.49851
          ],
          [
            12.81553,
            41.49838
          ],
          [
            12.8155,
            41.49824
          ],
          [
            12.81545,
            41.49803
          ],
          [
            12.81538,
            41.4977
          ],
          [
            12.81534,
            41.49753
          ],
          [
            12.81532,
            41.49742
          ],
          [
            12.81524,
            41.49706
          ],
          [
            12.81485,
            41.49524
          ],
          [
            12.81484,
            41.4952
          ],
          [
            12.81479,
            41.495
          ],
          [
            12.81407,
            41.49503
          ],
          [
            12.81269,
            41.49509
          ],
          [
            12.81088,
            41.4952
          ],
          [
            12.80924,
            41.49526
          ],
          [
            12.80573,
            41.49543
          ],
          [
            12.80544,
            41.49546
          ],
          [
            12.80455,
            41.49553
          ],
          [
            12.80154,
            41.49564
          ],
          [
            12.80106,
            41.49566
          ],
          [
            12.8005,
            41.49569
          ],
          [
            12.79968,
            41.49573
          ],
          [
            12.798,
            41.49582
          ],
          [
            12.79798,
            41.49576
          ],
          [
            12.79797,
            41.49572
          ],
          [
            12.79794,
            41.49563
          ],
          [
            12.79777,
            41.49524
          ],
          [
            12.79768,
            41.49504
          ],
          [
            12.79734,
            41.49421
          ],
          [
            12.79732,
            41.49415
          ],
          [
            12.79716,
            41.49377
          ],
          [
            12.79697,
            41.49329
          ],
          [
            12.79695,
            41.49325
          ],
          [
            12.79683,
            41.49296
          ],
          [
            12.7965,
            41.49215
          ],
          [
            12.79641,
            41.49194
          ],
          [
            12.79632,
            41.49172
          ],
          [
            12.79584,
            41.49057
          ],
          [
            12.7957,
            41.49022
          ],
          [
            12.79547,
            41.48967
          ],
          [
            12.7954,
            41.4895
          ],
          [
            12.79511,
            41.48881
          ],
          [
            12.79493,
            41.48837
          ],
          [
            12.79492,
            41.48834
          ],
          [
            12.79479,
            41.48803
          ],
          [
            12.79478,
            41.48801
          ],
          [
            12.79463,
            41.48765
          ],
          [
            12.79443,
            41.48717
          ],
          [
            12.79425,
            41.48672
          ],
          [
            12.79396,
            41.486
          ],
          [
            12.79382,
            41.48566
          ],
          [
            12.79363,
            41.48519
          ],
          [
            12.79361,
            41.48514
          ],
          [
            12.79333,
            41.48445
          ],
          [
            12.79327,
            41.48431
          ],
          [
            12.79315,
            41.48402
          ],
          [
            12.79308,
            41.48383
          ]
        ]
      }
    },
    {
      "type": "Feature",
      "properties": {
        "name": "Start",
        "sym": "Flag, Green"
      },
      "geometry": {
        "type": "Point",
        "coordinates": [
          12.79308,
          41.48383
        ]
      }
    },
    {
      "type": "Feature",
      "properties": {
        "name": "End",
        "sym": "Flag, Red"
      },
      "geometry": {
        "type": "Point",
        "coordinates": [
          12.79308,
          41.48383
        ]
      }
    }
  ]
}