{"type":"FeatureCollection","features":[{"type":"Feature","properties":{"_gpxType":"trk","name":"Terminillo","coordinateProperties":{}},"geometry":{"type":"LineString","coordinates":[[12.8618,42.3994],[12.86131,42.39944],[12.86129,42.39944],[12.86097,42.39946],[12.86077,42.39947],[12.86078,42.39935],[12.8612,42.39926],[12.8614,42.39923],[12.86167,42.39919],[12.86176,42.39917],[12.86186,42.39916],[12.86209,42.39912],[12.86223,42.39909],[12.86229,42.39908],[12.86236,42.39907],[12.86239,42.39906],[12.8624,42.39905],[12.86241,42.39905],[12.86243,42.39903],[12.86254,42.39904],[12.86259,42.39905],[12.8632,42.39901],[12.86425,42.39895],[12.86473,42.39892],[12.86484,42.39891],[12.86494,42.39891],[12.86502,42.39891],[12.86509,42.39892],[12.86518,42.39893],[12.86523,42.39895],[12.86528,42.39897],[12.86532,42.39898],[12.86535,42.399],[12.86543,42.39904],[12.86543,42.39903],[12.86544,42.39902],[12.86545,42.39902],[12.86545,42.39901],[12.86546,42.39901],[12.86547,42.39901],[12.86548,42.39901],[12.86549,42.39901],[12.8655,42.39901],[12.86551,42.39902],[12.86552,42.39902],[12.86552,42.39903],[12.86553,42.39904],[12.86553,42.39905],[12.86552,42.39906],[12.86552,42.39907],[12.86551,42.39907],[12.86551,42.39908],[12.8655,42.39908],[12.86549,42.39908],[12.86554,42.39914],[12.86564,42.39926],[12.8657,42.39935],[12.8658,42.3995],[12.86585,42.39964],[12.86585,42.39976],[12.86584,42.39984],[12.86579,42.4001],[12.86577,42.40021],[12.86576,42.40026],[12.86575,42.40036],[12.86575,42.40041],[12.86576,42.40045],[12.86576,42.40048],[12.86577,42.4005],[12.86577,42.40051],[12.86578,42.40053],[12.86578,42.40054],[12.86579,42.40055],[12.86581,42.40058],[12.86583,42.40061],[12.86587,42.40065],[12.86597,42.40074],[12.86601,42.40078],[12.86606,42.40082],[12.86629,42.40102],[12.86656,42.40121],[12.86679,42.40135],[12.86708,42.4015],[12.86744,42.40168],[12.86798,42.40195],[12.86806,42.40199],[12.8681,42.40201],[12.86814,42.40203],[12.86818,42.40204],[12.86821,42.40205],[12.86826,42.40206],[12.86829,42.40206],[12.86833,42.40207],[12.86837,42.40207],[12.86841,42.40207],[12.86846,42.40207],[12.8685,42.40207],[12.86854,42.40206],[12.86863,42.40205],[12.86871,42.40204],[12.86879,42.40203],[12.86888,42.40201],[12.86901,42.40198],[12.86914,42.40195],[12.86921,42.40193],[12.86933,42.4019],[12.86945,42.40187],[12.86956,42.40184],[12.86959,42.40183],[12.86961,42.40182],[12.86965,42.4018],[12.86974,42.40175],[12.86985,42.4017],[12.86989,42.40169],[12.86992,42.40168],[12.86995,42.40167],[12.86999,42.40166],[12.87006,42.40165],[12.87031,42.4017],[12.87036,42.40172],[12.87047,42.40175],[12.87049,42.40176],[12.87082,42.40203],[12.87098,42.40217],[12.87126,42.40242],[12.87163,42.40275],[12.87169,42.4028],[12.87173,42.40284],[12.87176,42.40288],[12.87179,42.40292],[12.87184,42.40299],[12.87186,42.40308],[12.87187,42.40312],[12.87187,42.40314],[12.87187,42.40316],[12.87188,42.4032],[12.87187,42.40326],[12.87187,42.40331],[12.87176,42.40385],[12.87171,42.4041],[12.87169,42.40419],[12.87168,42.40425],[12.87165,42.40445],[12.87161,42.40477],[12.87161,42.4048],[12.87155,42.40496],[12.87175,42.40499],[12.87182,42.40499],[12.87225,42.40507],[12.87275,42.40515],[12.87355,42.40528],[12.87384,42.40532],[12.8741,42.40537],[12.87433,42.40541],[12.87493,42.4055],[12.87592,42.40567],[12.87639,42.40576],[12.8767,42.40581],[12.87675,42.40582],[12.87702,42.40583],[12.87724,42.40584],[12.87742,42.40584],[12.87816,42.40587],[12.87858,42.40587],[12.87867,42.40606],[12.87872,42.40614],[12.87896,42.40635],[12.87904,42.40642],[12.87965,42.40691],[12.87977,42.40699],[12.88005,42.40719],[12.8801,42.40723],[12.88018,42.40729],[12.88098,42.40794],[12.88218,42.4089],[12.88246,42.40913],[12.88304,42.40959],[12.88362,42.41004],[12.88401,42.4103],[12.88409,42.41037],[12.88416,42.41044],[12.8843,42.41057],[12.88463,42.41085],[12.88485,42.41102],[12.88509,42.41123],[12.88532,42.41142],[12.88595,42.41193],[12.88599,42.41197],[12.88614,42.41209],[12.88615,42.4121],[12.88618,42.41213],[12.88624,42.41218],[12.88628,42.41221],[12.88635,42.41226],[12.88674,42.41257],[12.88755,42.4132],[12.88771,42.41332],[12.88795,42.41353],[12.88814,42.41367],[12.88822,42.41374],[12.88842,42.4139],[12.8897,42.41492],[12.89054,42.41558],[12.89083,42.41581],[12.891,42.41594],[12.89107,42.416],[12.8914,42.41627],[12.89255,42.41721],[12.89355,42.418],[12.8945,42.41875],[12.8952,42.41931],[12.89526,42.41935],[12.89552,42.41955],[12.89581,42.41979],[12.89636,42.42023],[12.89663,42.42042],[12.89676,42.42053],[12.8968,42.42055],[12.89697,42.42069],[12.89743,42.42106],[12.89796,42.42149],[12.89878,42.42215],[12.89954,42.42272],[12.90013,42.42313],[12.90031,42.42326],[12.90084,42.42363],[12.9013,42.42394],[12.90166,42.42418],[12.90239,42.42466],[12.90257,42.42477],[12.90275,42.42489],[12.9033,42.42525],[12.90336,42.42529],[12.90344,42.42534],[12.90389,42.42565],[12.9039,42.42566],[12.90402,42.4258],[12.90412,42.42591],[12.90417,42.42597],[12.90478,42.42678],[12.90498,42.42704],[12.90518,42.42728],[12.90536,42.42754],[12.9055,42.42772],[12.90614,42.42854],[12.90621,42.42861],[12.90647,42.429],[12.90657,42.42914],[12.90674,42.42936],[12.90743,42.43024],[12.90768,42.43056],[12.90784,42.43076],[12.90786,42.43079],[12.90819,42.43121],[12.90849,42.43161],[12.90875,42.43196],[12.90902,42.43231],[12.90908,42.43238],[12.90925,42.43262],[12.90937,42.43278],[12.90983,42.43334],[12.91055,42.43432],[12.91075,42.43458],[12.91077,42.43462],[12.9108,42.43466],[12.91097,42.4349],[12.911,42.43494],[12.91111,42.4351],[12.91112,42.4351],[12.91113,42.4351],[12.91114,42.4351],[12.91115,42.4351],[12.91116,42.4351],[12.91117,42.4351],[12.91117,42.43511],[12.91118,42.43511],[12.91119,42.43511],[12.91119,42.43512],[12.9112,42.43512],[12.9112,42.43513],[12.91121,42.43513],[12.91121,42.43514],[12.91121,42.43515],[12.91121,42.43516],[12.91121,42.43517],[12.9112,42.43517],[12.9112,42.43518],[12.91119,42.43518],[12.91119,42.43519],[12.91118,42.43519],[12.91117,42.43519],[12.91127,42.43543],[12.9113,42.43548],[12.9114,42.43571],[12.91159,42.43604],[12.91168,42.43615],[12.91228,42.43687],[12.91252,42.43711],[12.91256,42.43715],[12.91263,42.43723],[12.9128,42.43742],[12.91303,42.43768],[12.91311,42.43777],[12.91331,42.43801],[12.9135,42.43824],[12.9137,42.43859],[12.9138,42.43893],[12.91382,42.43898],[12.91387,42.43925],[12.91391,42.4395],[12.91394,42.43968],[12.91395,42.43973],[12.91397,42.43991],[12.9141,42.44055],[12.91417,42.44117],[12.91418,42.44125],[12.91419,42.4413],[12.9142,42.44134],[12.91425,42.44161],[12.91427,42.44168],[12.91428,42.44174],[12.91448,42.44212],[12.9146,42.44228],[12.9148,42.44253],[12.91497,42.44276],[12.91506,42.44287],[12.91514,42.44296],[12.91518,42.443],[12.91525,42.44308],[12.91549,42.44333],[12.91575,42.4436],[12.91584,42.44374],[12.91586,42.44379],[12.91589,42.44388],[12.91593,42.44404],[12.91602,42.44434],[12.91619,42.44474],[12.9165,42.44517],[12.91698,42.44583],[12.91706,42.44595],[12.91722,42.4462],[12.91736,42.44641],[12.91745,42.44655],[12.91746,42.4466],[12.9175,42.44673],[12.91751,42.44678],[12.91755,42.44705],[12.91767,42.44766],[12.91776,42.4482],[12.9178,42.44838],[12.91783,42.4485],[12.91784,42.44851],[12.91786,42.44861],[12.91794,42.44885],[12.91796,42.44892],[12.91797,42.44898],[12.918,42.4491],[12.91807,42.44936],[12.91807,42.4494],[12.91807,42.44945],[12.91803,42.44955],[12.91799,42.44961],[12.91785,42.44975],[12.91747,42.45018],[12.91743,42.45023],[12.91718,42.45059],[12.91709,42.45076],[12.91706,42.45086],[12.91701,42.45099],[12.917,42.45101],[12.91689,42.45131],[12.91683,42.45151],[12.91682,42.45177],[12.91682,42.45187],[12.91683,42.45192],[12.91686,42.45205],[12.91703,42.45264],[12.91704,42.45275],[12.91703,42.45282],[12.917,42.45292],[12.91694,42.45304],[12.91693,42.45311],[12.91692,42.45315],[12.91693,42.45325],[12.91694,42.45329],[12.91695,42.45334],[12.91699,42.45349],[12.91703,42.45359],[12.91704,42.45363],[12.91704,42.45367],[12.91702,42.45372],[12.91698,42.45376],[12.91692,42.4538],[12.91685,42.45384],[12.91671,42.45392],[12.91666,42.45398],[12.91662,42.45405],[12.9166,42.45412],[12.91659,42.45422],[12.91659,42.45423],[12.9166,42.45441],[12.91663,42.4549],[12.91664,42.45495],[12.91668,42.45531],[12.9167,42.45546],[12.91678,42.45595],[12.91678,42.45607],[12.91678,42.45618],[12.91672,42.45633],[12.9167,42.45637],[12.91666,42.45645],[12.91663,42.45654],[12.91662,42.45662],[12.91663,42.45668],[12.91665,42.45672],[12.91667,42.45676],[12.91673,42.45683],[12.91677,42.45687],[12.91696,42.45704],[12.91703,42.45712],[12.91706,42.45717],[12.91708,42.45723],[12.91713,42.45739],[12.91717,42.45771],[12.91719,42.45792],[12.91721,42.45806],[12.91721,42.45812],[12.91721,42.45823],[12.9172,42.45823],[12.91712,42.45841],[12.91694,42.45896],[12.91691,42.45906],[12.9169,42.45918],[12.91692,42.45928],[12.91693,42.45931],[12.917,42.45942],[12.91702,42.45944],[12.91711,42.45956],[12.91754,42.46006],[12.91767,42.46021],[12.91769,42.46024],[12.91777,42.46034],[12.91781,42.46042],[12.91783,42.4605],[12.91784,42.46054],[12.91784,42.46058],[12.91785,42.46093],[12.91787,42.46125],[12.91791,42.46158],[12.91793,42.46162],[12.91797,42.46179],[12.91799,42.46187],[12.91803,42.46197],[12.91805,42.46204],[12.91811,42.46217],[12.91818,42.46227],[12.9182,42.4623],[12.91829,42.46239],[12.91835,42.46244],[12.91851,42.46258],[12.91861,42.46267],[12.919,42.46298],[12.91911,42.46307],[12.91947,42.46339],[12.9195,42.46342],[12.91961,42.46354],[12.91964,42.46357],[12.91974,42.46369],[12.91984,42.4638],[12.92023,42.46438],[12.92041,42.46466],[12.92089,42.46532],[12.92098,42.46544],[12.92102,42.4655],[12.92112,42.4656],[12.92126,42.46571],[12.92193,42.46611],[12.92204,42.46618],[12.92223,42.46629],[12.92224,42.4663],[12.92236,42.4664],[12.92239,42.46643],[12.92248,42.46654],[12.92251,42.46659],[12.92257,42.46669],[12.92266,42.46691],[12.92272,42.46714],[12.92274,42.46728],[12.92276,42.46743],[12.92277,42.46746],[12.9228,42.4676],[12.92283,42.46769],[12.92291,42.46783],[12.92299,42.46793],[12.92301,42.46796],[12.92306,42.46803],[12.92315,42.46811],[12.92319,42.46815],[12.92332,42.46823],[12.92346,42.46831],[12.92367,42.4684],[12.92389,42.46849],[12.92461,42.46874],[12.92468,42.46877],[12.92482,42.46884],[12.92491,42.46889],[12.92503,42.46899],[12.92509,42.46908],[12.92512,42.46916],[12.92515,42.4693],[12.92518,42.4694],[12.9252,42.46947],[12.92521,42.46951],[12.92527,42.46964],[12.92538,42.46977],[12.9254,42.46979],[12.9255,42.46987],[12.92556,42.46993],[12.92573,42.47006],[12.92589,42.4702],[12.92612,42.47038],[12.92622,42.47045],[12.9263,42.47049],[12.92638,42.4705],[12.92645,42.47049],[12.9265,42.47049],[12.92652,42.47048],[12.92658,42.47045],[12.92663,42.47042],[12.92664,42.47039],[12.92664,42.47034],[12.92663,42.47028],[12.92657,42.47022],[12.92647,42.47012],[12.92609,42.46978],[12.92607,42.46976],[12.92594,42.46961],[12.92588,42.46948],[12.92587,42.46944],[12.92585,42.46937],[12.92583,42.46927],[12.92583,42.46926],[12.92583,42.46911],[12.92589,42.46873],[12.92588,42.46863],[12.92584,42.46853],[12.92576,42.46838],[12.92572,42.46832],[12.92565,42.46824],[12.92556,42.46814],[12.92546,42.46806],[12.92525,42.46794],[12.9251,42.46786],[12.92497,42.46779],[12.92477,42.46768],[12.92466,42.46761],[12.92458,42.46751],[12.92451,42.4674],[12.92448,42.46734],[12.92445,42.46726],[12.92442,42.46716],[12.92438,42.46703],[12.92438,42.46693],[12.92445,42.46661],[12.9245,42.46639],[12.92452,42.46626],[12.92453,42.46611],[12.92453,42.4659],[12.92451,42.46562],[12.92449,42.46541],[12.9245,42.46523],[12.92453,42.46511],[12.92456,42.46502],[12.92461,42.46486],[12.92462,42.46485],[12.92469,42.46468],[12.92471,42.46461],[12.92473,42.46454],[12.92473,42.46446],[12.92472,42.46436],[12.92467,42.46427],[12.92455,42.46403],[12.92453,42.46398],[12.92441,42.46369],[12.92428,42.46336],[12.92417,42.46304],[12.92414,42.46292],[12.92414,42.46282],[12.92415,42.46271],[12.92421,42.46254],[12.92422,42.46244],[12.92422,42.46241],[12.92422,42.46233],[12.92421,42.46221],[12.92419,42.46215],[12.92414,42.46209],[12.92394,42.46194],[12.92392,42.46192],[12.92376,42.46182],[12.92357,42.4617],[12.92339,42.46159],[12.9232,42.46147],[12.92304,42.46137],[12.92301,42.46136],[12.92282,42.46125],[12.92272,42.4612],[12.92243,42.46106],[12.92241,42.46105],[12.92238,42.46102],[12.92236,42.461],[12.92236,42.46097],[12.92236,42.46093],[12.92238,42.46089],[12.9224,42.46086],[12.92243,42.46083],[12.92247,42.46082],[12.92252,42.46081],[12.92257,42.4608],[12.92259,42.4608],[12.92262,42.4608],[12.9227,42.46082],[12.92278,42.46087],[12.9228,42.46088],[12.92298,42.46101],[12.92316,42.46113],[12.92324,42.46119],[12.92334,42.46125],[12.92343,42.46131],[12.92352,42.46137],[12.92356,42.46139],[12.92372,42.46147],[12.92387,42.46153],[12.92394,42.46154],[12.92401,42.46156],[12.92416,42.46158],[12.92418,42.46158],[12.92436,42.4616],[12.92442,42.46161],[12.92449,42.46163],[12.9246,42.46167],[12.92468,42.46173],[12.92474,42.4618],[12.92476,42.46184],[12.92482,42.46195],[12.92485,42.46201],[12.92488,42.46209],[12.9249,42.46219],[12.92491,42.46224],[12.92495,42.46236],[12.925,42.46251],[12.92502,42.46254],[12.9251,42.46268],[12.92512,42.4627],[12.92522,42.46284],[12.92524,42.46286],[12.92537,42.46301],[12.92543,42.46307],[12.92552,42.46315],[12.9256,42.46322],[12.92569,42.46328],[12.9258,42.46335],[12.92609,42.46348],[12.92629,42.46359],[12.9264,42.46365],[12.92648,42.4637],[12.92654,42.46374],[12.92664,42.46383],[12.92673,42.46394],[12.92676,42.46399],[12.92678,42.46404],[12.92681,42.46416],[12.92683,42.4643],[12.92682,42.46434],[12.92682,42.4645],[12.92678,42.4647],[12.92678,42.46471],[12.92671,42.46488],[12.9267,42.46492],[12.92666,42.46505],[12.92665,42.46507],[12.92664,42.4652],[12.92664,42.46523],[12.92664,42.4653],[12.92667,42.46541],[12.92667,42.46544],[12.92672,42.46556],[12.92673,42.46558],[12.92679,42.46574],[12.92679,42.46575],[12.92685,42.46586],[12.92688,42.46592],[12.92691,42.46596],[12.92701,42.46608],[12.92705,42.46613],[12.92716,42.46622],[12.92718,42.46623],[12.92733,42.46634],[12.92734,42.46635],[12.92753,42.46645],[12.92757,42.46647],[12.92774,42.46654],[12.92784,42.46659],[12.92794,42.46664],[12.92815,42.46673],[12.92836,42.46683],[12.92856,42.46693],[12.92877,42.46702],[12.92918,42.46721],[12.92933,42.46728],[12.92939,42.46731],[12.92959,42.46741],[12.92962,42.46743],[12.92975,42.46752],[12.92976,42.46753],[12.92982,42.46762],[12.92985,42.4677],[12.9299,42.46782],[12.92992,42.46787],[12.92996,42.46802],[12.92997,42.46805],[12.93003,42.46817],[12.93006,42.46822],[12.93016,42.46838],[12.93025,42.46854],[12.93026,42.46855],[12.93037,42.46871],[12.9304,42.46875],[12.93049,42.46886],[12.9305,42.46887],[12.93063,42.46901],[12.93065,42.46902],[12.9308,42.46914],[12.93096,42.46927],[12.93107,42.46935],[12.93113,42.4694],[12.93148,42.46965],[12.93166,42.46978],[12.93201,42.47003],[12.9321,42.4701],[12.93219,42.47015],[12.93239,42.47025],[12.93246,42.47029],[12.93259,42.47035],[12.93278,42.47044],[12.9328,42.47044],[12.93312,42.47056],[12.93347,42.47067],[12.93368,42.47075],[12.93372,42.47077],[12.9339,42.47083],[12.93391,42.47083],[12.93413,42.4709],[12.93417,42.47091],[12.93449,42.47097],[12.9346,42.47099],[12.93499,42.47105],[12.93532,42.47108],[12.93556,42.47111],[12.93566,42.47112],[12.9358,42.47112],[12.93583,42.47112],[12.93594,42.4711],[12.93603,42.47107],[12.93606,42.47106],[12.93622,42.47098],[12.93624,42.47097],[12.93643,42.47086],[12.93658,42.47077],[12.93661,42.47074],[12.93679,42.47062],[12.93696,42.47049],[12.93712,42.47038],[12.93714,42.47037],[12.93744,42.47013],[12.93763,42.46997],[12.93785,42.46978],[12.93789,42.46972],[12.93792,42.46968],[12.93794,42.46963],[12.93797,42.46952],[12.93799,42.46942],[12.93798,42.4693],[12.93796,42.46915],[12.93795,42.46907],[12.93794,42.46903],[12.93763,42.46803],[12.93748,42.46761],[12.93736,42.46722],[12.93734,42.46714],[12.93731,42.46696],[12.93724,42.46656],[12.9372,42.46625],[12.93714,42.46571],[12.93714,42.4657],[12.93713,42.46553],[12.93712,42.46536],[12.9371,42.46477],[12.93707,42.46427],[12.93706,42.46409],[12.93703,42.46355],[12.93702,42.4634],[12.93699,42.46308],[12.93698,42.46297],[12.93702,42.46276],[12.93707,42.46247],[12.93708,42.46239],[12.93713,42.46216],[12.93723,42.46187],[12.93725,42.46177],[12.93731,42.46159],[12.93732,42.46158],[12.93738,42.46148],[12.93741,42.46143],[12.93747,42.46135],[12.93755,42.46127],[12.93757,42.46126],[12.93765,42.46119],[12.93771,42.46116],[12.93773,42.46115],[12.93775,42.46113],[12.93788,42.46107],[12.93797,42.46104],[12.93814,42.46099],[12.93816,42.46099],[12.93882,42.46081],[12.93904,42.46073],[12.93923,42.46061],[12.93934,42.46045],[12.93985,42.45974],[12.93989,42.45965],[12.9399,42.45964],[12.9399,42.45957],[12.93986,42.45949],[12.93984,42.45948],[12.93958,42.45918],[12.93955,42.45915],[12.93943,42.45898],[12.93931,42.4588],[12.93921,42.45858],[12.9392,42.45852],[12.93916,42.45834],[12.93917,42.45805],[12.93918,42.45795],[12.9392,42.45788],[12.93922,42.45781],[12.93926,42.4577],[12.93931,42.45753],[12.93947,42.45728],[12.93963,42.45704],[12.93968,42.45698],[12.93971,42.45693],[12.93982,42.45681],[12.93989,42.45676],[12.93991,42.45675],[12.93996,42.45673],[12.94004,42.45672],[12.94013,42.45672],[12.94014,42.45672],[12.94023,42.45675],[12.94028,42.45676],[12.9404,42.45682],[12.9405,42.4569],[12.94072,42.45716],[12.94092,42.45743],[12.94097,42.45757],[12.94099,42.45762],[12.94099,42.45764],[12.941,42.45775],[12.94103,42.45797],[12.94105,42.45814],[12.94109,42.45821],[12.94115,42.45826],[12.94117,42.45828],[12.94123,42.4583],[12.94125,42.45831],[12.94143,42.45836],[12.94159,42.4584],[12.94191,42.45837],[12.94255,42.45818],[12.94317,42.45794],[12.94338,42.45785],[12.94358,42.45775],[12.94384,42.45761],[12.94414,42.45751],[12.94439,42.45744],[12.94564,42.45721],[12.94588,42.45716],[12.946,42.45713],[12.94608,42.4571],[12.94609,42.4571],[12.94615,42.45706],[12.94619,42.45701],[12.94624,42.45696],[12.94636,42.4568],[12.94642,42.45673],[12.94648,42.45668],[12.94652,42.45666],[12.94654,42.45665],[12.94663,42.45663],[12.94673,42.45662],[12.94684,42.45663],[12.94693,42.45664],[12.94708,42.4567],[12.94719,42.45676],[12.94739,42.45686],[12.94767,42.457],[12.94791,42.45711],[12.9481,42.45717],[12.94828,42.45722],[12.94859,42.45729],[12.94894,42.45737],[12.94918,42.4574],[12.9492,42.45741],[12.94933,42.45742],[12.94941,42.45742],[12.94949,42.45741],[12.94956,42.45739],[12.94963,42.45735],[12.9497,42.45729],[12.94975,42.4572],[12.94984,42.45696],[12.94989,42.45685],[12.94997,42.45666],[12.95006,42.45642],[12.95015,42.45628],[12.95023,42.45618],[12.95024,42.45618],[12.9503,42.45612],[12.95038,42.45608],[12.95041,42.45606],[12.95047,42.45602],[12.95059,42.45598],[12.95073,42.45595],[12.95086,42.45593],[12.951,42.45592],[12.95136,42.45591],[12.95158,42.45591],[12.9516,42.45591],[12.95176,42.4559],[12.95184,42.45589],[12.95191,42.45588],[12.95205,42.45585],[12.95207,42.45584],[12.95217,42.4558],[12.95227,42.45574],[12.95228,42.45573],[12.95239,42.45568],[12.95249,42.45563],[12.95255,42.45561],[12.95262,42.4556],[12.95265,42.45561],[12.95268,42.45561],[12.95272,42.45561],[12.95278,42.45563],[12.95281,42.45565],[12.95284,42.45568],[12.95285,42.45569],[12.95287,42.45572],[12.95287,42.45576],[12.95286,42.4558],[12.95285,42.45583],[12.95283,42.45586],[12.95281,42.45587],[12.95279,42.45588],[12.95277,42.4559],[12.95268,42.45592],[12.95257,42.45593],[12.95232,42.45595],[12.95226,42.45596],[12.95208,42.45598],[12.95199,42.45599],[12.95184,42.45602],[12.95137,42.45611],[12.95132,42.45612],[12.95113,42.45616],[12.95108,42.45617],[12.95094,42.45621],[12.95084,42.45625],[12.95074,42.45631],[12.95067,42.45638],[12.95062,42.45646],[12.95058,42.45654],[12.95055,42.45662],[12.95055,42.45671],[12.95056,42.45699],[12.95061,42.45737],[12.95068,42.45765],[12.95074,42.45782],[12.95075,42.45791],[12.95075,42.45799],[12.95071,42.45806],[12.95066,42.45812],[12.95059,42.45817],[12.95052,42.4582],[12.95051,42.45821],[12.95043,42.45824],[12.95034,42.45827],[12.9503,42.45828],[12.95024,42.45829],[12.95007,42.45832],[12.94982,42.45835],[12.94948,42.45838],[12.94934,42.45838],[12.94868,42.45838],[12.94861,42.45839],[12.94857,42.45839],[12.94851,42.4584],[12.94842,42.45841],[12.94832,42.45844],[12.94826,42.45847],[12.94818,42.45852],[12.94806,42.45862],[12.9479,42.45879],[12.94788,42.45881],[12.9478,42.45889],[12.94775,42.45897],[12.94774,42.45898],[12.9477,42.45905],[12.94767,42.45912],[12.94764,42.45921],[12.94762,42.45929],[12.9476,42.45939],[12.94756,42.45948],[12.9475,42.45957],[12.94741,42.45968],[12.94725,42.45985],[12.94711,42.46006],[12.94693,42.46036],[12.94685,42.46055],[12.94682,42.46066],[12.94682,42.46079],[12.94682,42.4608],[12.94684,42.46086],[12.94686,42.46092],[12.94692,42.461],[12.94725,42.46144],[12.94737,42.46159],[12.94748,42.46174],[12.94748,42.46175],[12.94754,42.46188],[12.94756,42.46192],[12.9476,42.46205],[12.94763,42.46209],[12.94764,42.46211],[12.9477,42.46215],[12.94774,42.46217],[12.94779,42.46218],[12.94785,42.46218],[12.9479,42.46218],[12.94795,42.46217],[12.94798,42.46214],[12.94799,42.46212],[12.948,42.46209],[12.948,42.46206],[12.94799,42.46203],[12.94795,42.46195],[12.94771,42.4617],[12.9476,42.46158],[12.94758,42.46156],[12.94757,42.46155],[12.94752,42.46146],[12.94748,42.46136],[12.94744,42.46121],[12.94743,42.46111],[12.94744,42.46103],[12.94744,42.461],[12.94747,42.4609],[12.94747,42.46089],[12.94749,42.46085],[12.94752,42.4608],[12.94757,42.46071],[12.94766,42.46061],[12.94776,42.46053],[12.94807,42.46029],[12.94826,42.46017],[12.94837,42.4601],[12.94844,42.46005],[12.9486,42.45996],[12.94864,42.45994],[12.9487,42.45991],[12.94884,42.45983],[12.94895,42.45979],[12.94904,42.45975],[12.94913,42.45973],[12.94926,42.45971],[12.9494,42.4597],[12.94966,42.45969],[12.95075,42.45964],[12.95131,42.45958],[12.95152,42.45956],[12.95166,42.45955],[12.95171,42.45955],[12.95193,42.45954],[12.95223,42.45951],[12.9525,42.45948],[12.95269,42.45944],[12.95279,42.4594],[12.95287,42.45936],[12.95288,42.45935],[12.95294,42.45931],[12.95301,42.45926],[12.95302,42.45925],[12.95304,42.45922],[12.95306,42.45919],[12.95309,42.45914],[12.95314,42.45902],[12.95318,42.45891],[12.95321,42.45882],[12.95324,42.45877],[12.95329,42.45871],[12.95333,42.45867],[12.9534,42.45863],[12.95344,42.45862],[12.95351,42.4586],[12.95358,42.45859],[12.95369,42.45858],[12.95377,42.45858],[12.95393,42.45858],[12.9542,42.45861],[12.95442,42.45863],[12.95444,42.45863],[12.95466,42.45865],[12.95482,42.45865],[12.95496,42.45864],[12.95509,42.45862],[12.9552,42.4586],[12.95528,42.45856],[12.95537,42.45851],[12.95538,42.4585],[12.95545,42.45845],[12.95556,42.45833],[12.95562,42.45825],[12.95566,42.45822],[12.95571,42.45816],[12.95581,42.45809],[12.95582,42.45808],[12.9559,42.45803],[12.95597,42.45799],[12.95613,42.45791],[12.95668,42.45764],[12.95673,42.45762],[12.95678,42.45759],[12.95682,42.45757],[12.95701,42.45748],[12.95726,42.45737],[12.95737,42.45733],[12.95747,42.45731],[12.95762,42.45729],[12.95794,42.45726],[12.95814,42.45724],[12.95818,42.45724],[12.95819,42.45724],[12.95838,42.45723],[12.95906,42.45719],[12.95927,42.45718],[12.95968,42.45713],[12.95988,42.4571],[12.96007,42.45707],[12.96042,42.457],[12.96148,42.45671],[12.96173,42.45662],[12.96189,42.45655],[12.962,42.45648],[12.96201,42.45648],[12.96211,42.4564],[12.96216,42.45635],[12.96218,42.45633],[12.96225,42.45623],[12.96234,42.45608],[12.96244,42.45593],[12.96249,42.45587],[12.96254,42.4558],[12.96262,42.45571],[12.96269,42.45564],[12.9629,42.45545],[12.96308,42.4553],[12.96313,42.45526],[12.96325,42.45517],[12.96346,42.45501],[12.96369,42.45483],[12.96391,42.45468],[12.96406,42.4546],[12.96417,42.45454],[12.96428,42.45451],[12.9645,42.45445],[12.96472,42.45439],[12.96496,42.4543],[12.96536,42.45415],[12.96549,42.45411],[12.96564,42.45408],[12.96581,42.45408],[12.96595,42.45409],[12.96607,42.45411],[12.9662,42.45415],[12.96638,42.45423],[12.96674,42.45443],[12.96697,42.45458],[12.96713,42.45467],[12.96729,42.45475],[12.96756,42.45484],[12.96769,42.45489],[12.96783,42.45492],[12.96803,42.45496],[12.9686,42.45504],[12.96876,42.45508],[12.96885,42.4551],[12.96902,42.45515],[12.96913,42.45518],[12.9694,42.45521],[12.96967,42.45521],[12.96983,42.45521],[12.97009,42.4552],[12.97045,42.45519],[12.97078,42.45518],[12.9708,42.45518],[12.97096,42.45518],[12.97105,42.45517],[12.97111,42.45517],[12.97123,42.45514],[12.97134,42.4551],[12.97148,42.45502],[12.9716,42.45493],[12.97174,42.45482],[12.97197,42.45462],[12.97201,42.45458],[12.97211,42.45446],[12.97215,42.45441],[12.97217,42.45434],[12.97217,42.4543],[12.97217,42.45426],[12.97214,42.45417],[12.97212,42.45409],[12.97205,42.45392],[12.97202,42.4538],[12.97202,42.45372],[12.97202,42.45362],[12.97202,42.4536],[12.97205,42.45349],[12.97213,42.4533],[12.97233,42.45283],[12.97238,42.45274],[12.97241,42.45269],[12.97246,42.45261],[12.97249,42.45258],[12.9725,42.45256],[12.97255,42.45252],[12.97261,42.45248],[12.97269,42.45244],[12.97276,42.45242],[12.97287,42.45241],[12.97296,42.4524],[12.97305,42.45241],[12.97314,42.45243],[12.97352,42.45259],[12.97387,42.45272],[12.97417,42.4528],[12.97432,42.45287],[12.97442,42.45291],[12.97457,42.45301],[12.97476,42.45319],[12.97485,42.45326],[12.97492,42.45331],[12.97497,42.45334],[12.97501,42.45336],[12.97507,42.45339],[12.97509,42.4534],[12.97522,42.45344],[12.97539,42.45348],[12.97567,42.45354],[12.97585,42.4536],[12.9761,42.45369],[12.97636,42.45379],[12.9766,42.45392],[12.97665,42.45396],[12.97678,42.45405],[12.97697,42.45421],[12.97713,42.45435],[12.97734,42.45458],[12.97738,42.45462],[12.97741,42.45466],[12.97761,42.45489],[12.97776,42.45515],[12.9778,42.45524],[12.97784,42.45533],[12.97783,42.45534],[12.97792,42.45596],[12.97795,42.45614],[12.97795,42.45616],[12.978,42.4563],[12.978,42.45632],[12.97804,42.45641],[12.97809,42.45649],[12.97763,42.45677],[12.97809,42.45649],[12.97817,42.45657],[12.97827,42.45666],[12.97833,42.4567],[12.97841,42.45674],[12.97863,42.45684],[12.97891,42.45695],[12.97896,42.45697],[12.97949,42.45717],[12.97955,42.4572],[12.97963,42.45721],[12.97968,42.45722],[12.97975,42.45722],[12.9798,42.45722],[12.9799,42.45719],[12.97995,42.45717],[12.97998,42.45716],[12.98004,42.45713],[12.98014,42.45706],[12.9805,42.45683],[12.9806,42.45675],[12.98065,42.45669],[12.98066,42.45668],[12.98069,42.45663],[12.98077,42.45649],[12.98082,42.45642],[12.98089,42.45635],[12.98095,42.45631],[12.98107,42.45625],[12.98127,42.45615],[12.98132,42.45613],[12.98148,42.45603],[12.98158,42.45596],[12.98165,42.45588],[12.98167,42.45584],[12.98168,42.4558],[12.98167,42.45574],[12.98156,42.45539],[12.98156,42.4553],[12.98157,42.45525],[12.98159,42.4552],[12.98163,42.45516],[12.98168,42.45512],[12.98174,42.45511],[12.9818,42.4551],[12.98183,42.4551],[12.98192,42.45512],[12.98201,42.45513],[12.98204,42.45514],[12.98216,42.45515],[12.98219,42.45516],[12.98227,42.45516],[12.98235,42.45516],[12.9824,42.45515],[12.98243,42.45515],[12.98252,42.45513],[12.98253,42.45513],[12.98261,42.45511],[12.98264,42.4551],[12.98272,42.45508],[12.98275,42.45507],[12.98279,42.45505],[12.98287,42.45504],[12.98296,42.45502],[12.98309,42.455],[12.9831,42.455],[12.98318,42.455],[12.98319,42.455],[12.98323,42.455],[12.98329,42.455],[12.98335,42.455],[12.98337,42.455],[12.98346,42.45501],[12.98367,42.45503],[12.98378,42.45505],[12.98389,42.45508],[12.98406,42.45514],[12.98448,42.45532],[12.98464,42.45537],[12.98476,42.45539],[12.98482,42.45539],[12.98486,42.4554],[12.98498,42.45539],[12.98508,42.45538],[12.98517,42.45537],[12.98527,42.45535],[12.98543,42.45531],[12.9856,42.45525],[12.98574,42.45518],[12.98582,42.45513],[12.98589,42.45508],[12.98599,42.45499],[12.98604,42.45495],[12.98607,42.45492],[12.98618,42.45481],[12.98626,42.45472],[12.98644,42.45449],[12.98646,42.45447],[12.98651,42.45439],[12.98669,42.45413],[12.98689,42.4538],[12.98693,42.45374],[12.98696,42.4537],[12.98697,42.45368],[12.98699,42.45366],[12.98705,42.45357],[12.98727,42.45327],[12.98742,42.45309],[12.98751,42.45298],[12.98752,42.45278],[12.98751,42.45277],[12.9875,42.45276],[12.9875,42.45275],[12.98749,42.45275],[12.98748,42.45274],[12.98748,42.45273],[12.98748,42.45272],[12.98747,42.45271],[12.98747,42.4527],[12.98747,42.45269],[12.98746,42.45268],[12.98746,42.45267],[12.98747,42.45266],[12.98747,42.45265],[12.98747,42.45264],[12.98747,42.45263],[12.98748,42.45262],[12.98748,42.45261],[12.98749,42.4526],[12.9875,42.45259],[12.98751,42.45258],[12.98752,42.45257],[12.98753,42.45256],[12.98754,42.45255],[12.98755,42.45255],[12.98756,42.45254],[12.98758,42.45253],[12.98759,42.45253],[12.9876,42.45252],[12.98763,42.45252],[12.98765,42.45252],[12.98766,42.45252],[12.98768,42.45252],[12.98769,42.45252],[12.98771,42.45252],[12.98772,42.45252],[12.98774,42.45252],[12.98775,42.45252],[12.98776,42.45253],[12.98778,42.45253],[12.98779,42.45254],[12.9878,42.45255],[12.98781,42.45255],[12.98782,42.45256],[12.98783,42.45257],[12.98785,42.45258],[12.98785,42.45259],[12.98786,42.4526],[12.98787,42.45261],[12.98788,42.45262],[12.98788,42.45263],[12.98788,42.45264],[12.98789,42.45265],[12.98789,42.45266],[12.98789,42.45267],[12.98789,42.45268],[12.98789,42.45269],[12.98789,42.4527],[12.98788,42.45271],[12.98788,42.45272],[12.98787,42.45273],[12.98787,42.45274],[12.98812,42.45283],[12.98817,42.45285],[12.98821,42.45286],[12.98849,42.45297],[12.98889,42.45318],[12.98891,42.4532],[12.98895,42.45326],[12.98895,42.45333],[12.98894,42.45336],[12.98891,42.45345],[12.98884,42.45359],[12.98884,42.45362],[12.98883,42.45365],[12.98884,42.45369],[12.98884,42.45372],[12.98885,42.45376],[12.98888,42.45379],[12.98889,42.4538],[12.98909,42.45398],[12.98917,42.45407],[12.98933,42.45431],[12.98947,42.45456],[12.98947,42.45457],[12.98948,42.45459],[12.98949,42.45462],[12.9895,42.45467],[12.98949,42.45471],[12.98931,42.45514],[12.98928,42.45522],[12.98927,42.45526],[12.98928,42.45532],[12.98931,42.45536],[12.98936,42.45541],[12.9894,42.45544],[12.98947,42.45547],[12.98957,42.4555],[12.98972,42.45556],[12.9899,42.4556],[12.99004,42.45564],[12.99015,42.45565],[12.99017,42.45565],[12.99038,42.45565],[12.99068,42.45562],[12.99082,42.45561],[12.99095,42.45562],[12.99108,42.45564],[12.99118,42.45567],[12.99119,42.45567],[12.99125,42.45571],[12.99132,42.45576],[12.99138,42.45581],[12.99146,42.4559],[12.99147,42.45591],[12.99154,42.45602],[12.9915,42.45619],[12.9914,42.4566],[12.99138,42.45665],[12.99135,42.45672],[12.99134,42.45673],[12.9913,42.4568],[12.9913,42.45681],[12.99129,42.45682],[12.99125,42.45688],[12.99121,42.45695],[12.99119,42.45697],[12.99104,42.45715],[12.99099,42.45719],[12.99086,42.4573],[12.99083,42.45732],[12.99072,42.45738],[12.99063,42.45743],[12.99052,42.45749],[12.99044,42.45754],[12.99037,42.45759],[12.99036,42.4576],[12.99025,42.45775],[12.99018,42.45784],[12.9901,42.45797],[12.99008,42.45801],[12.99004,42.45811],[12.99002,42.45818],[12.99,42.45823],[12.98999,42.45835],[12.98998,42.45843],[12.98999,42.45851],[12.98999,42.45854],[12.99005,42.45881],[12.99006,42.45884],[12.99006,42.45889],[12.9901,42.45916],[12.99011,42.4595],[12.99011,42.45953],[12.9901,42.45961],[12.9901,42.4597],[12.99009,42.45978],[12.99009,42.45979],[12.99007,42.45989],[12.99005,42.46006],[12.99005,42.46007],[12.99004,42.46015],[12.99004,42.46016],[12.99005,42.46019],[12.99006,42.4602],[12.99007,42.46022],[12.99007,42.46023],[12.99008,42.46024],[12.99009,42.46024],[12.99011,42.46025],[12.99017,42.46028],[12.99018,42.46028],[12.99029,42.46032],[12.99042,42.46035],[12.99068,42.46041],[12.99091,42.46046],[12.99109,42.4605],[12.99127,42.46052],[12.99145,42.46054],[12.9917,42.46055],[12.99191,42.46058],[12.99207,42.4606],[12.99223,42.46063],[12.99241,42.46066],[12.99256,42.4607],[12.9927,42.46075],[12.99286,42.46082],[12.99325,42.46101],[12.99342,42.46109],[12.99346,42.4611],[12.99351,42.46111],[12.9936,42.46113],[12.9937,42.46115],[12.99388,42.46115],[12.9939,42.46116],[12.99396,42.46116],[12.99412,42.46116],[12.9944,42.46118],[12.9947,42.46118],[12.99485,42.46119],[12.99489,42.46119],[12.99493,42.4612],[12.99498,42.46121],[12.99503,42.46122],[12.99504,42.46122],[12.9951,42.46127],[12.99512,42.46129],[12.99514,42.46131],[12.99517,42.46137],[12.99518,42.4614],[12.99519,42.46146],[12.99521,42.46153],[12.99523,42.46164],[12.99525,42.46173],[12.99528,42.46183],[12.99538,42.4621],[12.99548,42.46233],[12.99553,42.46245],[12.99556,42.46251],[12.9956,42.46259],[12.99561,42.4626],[12.99563,42.46261],[12.99569,42.46264],[12.99568,42.46267],[12.99569,42.46268],[12.99569,42.4627],[12.9957,42.4627],[12.99581,42.46279],[12.99586,42.46284],[12.99598,42.46292],[12.99616,42.46305],[12.99618,42.46306],[12.99633,42.46317],[12.99644,42.46326],[12.99646,42.46327],[12.9965,42.4633],[12.99652,42.46333],[12.99659,42.4634],[12.99663,42.46346],[12.99667,42.46353],[12.99669,42.46361],[12.99669,42.46363],[12.9967,42.46371],[12.99671,42.46381],[12.99671,42.46387],[12.99672,42.46393],[12.99672,42.46398],[12.99673,42.46411],[12.99673,42.46414],[12.99674,42.46416],[12.99677,42.46432],[12.99681,42.46446],[12.99682,42.46447],[12.9969,42.46464],[12.99693,42.46468],[12.99701,42.46481],[12.99713,42.46496],[12.99731,42.46513],[12.99731,42.46514],[12.99767,42.46539],[12.99779,42.46547],[12.99785,42.46551],[12.99808,42.46566],[12.99835,42.46581],[12.99841,42.46585],[12.99861,42.46596],[12.99879,42.46605],[12.99903,42.46614],[12.99905,42.46615],[12.99918,42.46619],[12.99936,42.46624],[12.99942,42.46625],[12.99948,42.46626],[12.99954,42.46627],[12.99962,42.46629],[12.99988,42.46632],[12.99997,42.46634],[13.0001,42.46634],[13.00013,42.46634],[13.00033,42.46635],[13.00037,42.46635],[13.00061,42.46635],[13.00073,42.46635],[13.00086,42.46634],[13.0011,42.46633],[13.00111,42.46633],[13.0013,42.46634],[13.00134,42.46635],[13.00145,42.46636],[13.00158,42.46639],[13.0016,42.46639],[13.0018,42.46646],[13.00202,42.46654],[13.00207,42.46656],[13.00224,42.46662],[13.00246,42.4667],[13.00255,42.46673],[13.00268,42.46677],[13.00291,42.46684],[13.00306,42.46688],[13.0033,42.46692],[13.00334,42.46693],[13.00354,42.46694],[13.00366,42.46694],[13.00378,42.46695],[13.00385,42.46695],[13.00393,42.46697],[13.00402,42.46699],[13.00403,42.467],[13.00421,42.4671],[13.00425,42.46713],[13.00452,42.4673],[13.00458,42.46734],[13.0046,42.46735],[13.00474,42.46744],[13.00477,42.46745],[13.00492,42.46753],[13.00497,42.46755],[13.00519,42.46763],[13.00521,42.46763],[13.00542,42.46769],[13.00565,42.46775],[13.0058,42.46778],[13.00631,42.4679],[13.00669,42.468],[13.00681,42.46801],[13.00684,42.46802],[13.00705,42.46805],[13.00708,42.46805],[13.00738,42.46807],[13.00754,42.46808],[13.00777,42.46809],[13.00799,42.46811],[13.00802,42.46812],[13.00805,42.46813],[13.00822,42.46817],[13.00869,42.46831],[13.0087,42.46832],[13.00873,42.46832],[13.00886,42.46836],[13.00898,42.46841],[13.00905,42.46845],[13.00912,42.46848],[13.00917,42.46853],[13.00922,42.46857],[13.00926,42.46862],[13.00928,42.46866],[13.0093,42.46873],[13.00929,42.46882],[13.00928,42.46896],[13.00925,42.46917],[13.00924,42.46919],[13.00925,42.46927],[13.00926,42.46932],[13.00928,42.46935],[13.0093,42.46936],[13.00935,42.4694],[13.0094,42.46941],[13.00945,42.46941],[13.00952,42.4694],[13.00952,42.46939],[13.00957,42.46937],[13.00963,42.46933],[13.00968,42.46929],[13.0097,42.46927],[13.00992,42.46908],[13.01,42.46903],[13.01001,42.46902],[13.01004,42.46901],[13.01005,42.46901],[13.01013,42.469],[13.01014,42.469],[13.01023,42.46901],[13.01024,42.46902],[13.01025,42.46902],[13.01027,42.46902],[13.01046,42.4691],[13.01047,42.4691],[13.0106,42.46918],[13.01074,42.46928],[13.01081,42.46935],[13.01083,42.46936],[13.01086,42.46939],[13.01093,42.46944],[13.01097,42.46946],[13.011,42.46946],[13.01102,42.46947],[13.01103,42.46947],[13.01108,42.46947],[13.01111,42.46946],[13.01115,42.46945],[13.01128,42.46941],[13.01144,42.46934],[13.01149,42.46933],[13.01159,42.46929],[13.01161,42.46929],[13.01169,42.46929],[13.0118,42.4693],[13.0119,42.46933],[13.01192,42.46945],[13.01192,42.46951],[13.01191,42.46954],[13.01188,42.46962],[13.0118,42.46972],[13.01167,42.46982],[13.01163,42.46984],[13.01158,42.46987],[13.01148,42.46992],[13.01143,42.46994],[13.01127,42.47],[13.01112,42.47005],[13.01092,42.47016],[13.01086,42.47019],[13.01077,42.47026],[13.01062,42.47041],[13.01049,42.47053],[13.01035,42.47058],[13.01029,42.47059],[13.01015,42.47063],[13.01008,42.47065],[13.00987,42.4707],[13.00977,42.47074],[13.0097,42.47079],[13.00969,42.4708],[13.00968,42.47082],[13.00966,42.47086],[13.00965,42.47092],[13.00965,42.47095],[13.00966,42.47099],[13.00968,42.47104],[13.0097,42.47107],[13.00974,42.4711],[13.00981,42.47114],[13.00987,42.47116],[13.00992,42.47117],[13.01004,42.47117],[13.01021,42.47116],[13.01024,42.47116],[13.01029,42.47115],[13.01034,42.47115],[13.01048,42.47113],[13.01052,42.47113],[13.01059,42.47111],[13.01068,42.47109],[13.01077,42.47106],[13.01086,42.47101],[13.01095,42.47095],[13.01105,42.47087],[13.01106,42.47086],[13.01107,42.47084],[13.01118,42.47072],[13.01128,42.47063],[13.01134,42.47059],[13.01135,42.47059],[13.01138,42.47058],[13.01139,42.47058],[13.01142,42.47057],[13.01145,42.47056],[13.01149,42.47056],[13.01154,42.47056],[13.01158,42.47057],[13.01162,42.47059],[13.01165,42.4706],[13.01169,42.47062],[13.01173,42.47066],[13.01176,42.47069],[13.01176,42.47072],[13.01177,42.47075],[13.01177,42.4708],[13.01175,42.47084],[13.01172,42.47087],[13.01169,42.47089],[13.01164,42.47091],[13.01152,42.47096],[13.01133,42.47103],[13.0113,42.47104],[13.01117,42.4711],[13.01113,42.47112],[13.0111,42.47113],[13.01093,42.47123],[13.0109,42.47124],[13.01041,42.47151],[13.01,42.47176],[13.00997,42.47178],[13.00981,42.47185],[13.00976,42.47187],[13.0096,42.47192],[13.00941,42.47195],[13.00911,42.47195],[13.0091,42.47195],[13.00905,42.47195],[13.00886,42.47196],[13.00877,42.47197],[13.0083,42.47206],[13.00797,42.47214],[13.00775,42.4722],[13.00757,42.47227],[13.00751,42.47228],[13.0075,42.47229],[13.00746,42.47231],[13.00731,42.47238],[13.00711,42.47251],[13.00707,42.47254],[13.00706,42.47255],[13.00704,42.47257],[13.00702,42.4726],[13.00699,42.47265],[13.00697,42.47268],[13.00695,42.4727],[13.00694,42.47274],[13.00694,42.47275],[13.00694,42.47281],[13.00694,42.47282],[13.00695,42.47285],[13.00697,42.47288],[13.00699,42.47291],[13.00703,42.47294],[13.00707,42.47296],[13.00713,42.47298],[13.00716,42.47299],[13.00717,42.473],[13.00722,42.473],[13.00728,42.473],[13.00735,42.47299],[13.00742,42.47297],[13.00744,42.47296],[13.00747,42.47294],[13.00775,42.4727],[13.00786,42.47261],[13.00791,42.47256],[13.00796,42.47251],[13.00805,42.47246],[13.00808,42.47245],[13.00816,42.47243],[13.00818,42.47243],[13.0082,42.47243],[13.00822,42.47243],[13.00827,42.47244],[13.00829,42.47244],[13.00832,42.47245],[13.00833,42.47245],[13.00834,42.47245],[13.00837,42.47246],[13.0084,42.47247],[13.00843,42.47249],[13.00846,42.47252],[13.00847,42.47254],[13.00848,42.47256],[13.00849,42.47257],[13.00849,42.47258],[13.0085,42.4726],[13.0085,42.47264],[13.00851,42.47266],[13.0085,42.47269],[13.00849,42.47271],[13.00846,42.47275],[13.00842,42.47278],[13.00837,42.47281],[13.0073,42.47323],[13.00726,42.47325],[13.00719,42.47328],[13.00701,42.47335],[13.00697,42.47336],[13.00684,42.47342],[13.00676,42.47345],[13.0067,42.47347],[13.00656,42.47354],[13.0064,42.4736],[13.00634,42.47363],[13.00627,42.47368],[13.00623,42.47371],[13.0062,42.47374],[13.00617,42.47376],[13.00616,42.47377],[13.00613,42.47381],[13.00611,42.47387],[13.00611,42.47392],[13.00611,42.47393],[13.00612,42.47399],[13.00615,42.47404],[13.00616,42.47407],[13.00618,42.4741],[13.00626,42.4742],[13.0063,42.47426],[13.00641,42.47442],[13.00648,42.47452],[13.00653,42.47458],[13.00664,42.47474],[13.00676,42.47491],[13.0069,42.47521],[13.00697,42.47541],[13.00701,42.47552],[13.00703,42.47559],[13.00705,42.47565],[13.00706,42.4757],[13.00707,42.47574],[13.00709,42.47576],[13.0071,42.47578],[13.00713,42.47581],[13.00716,42.47583],[13.0072,42.47585],[13.00728,42.47588],[13.00739,42.47591],[13.00741,42.47592],[13.0075,42.47593],[13.00789,42.47599],[13.00813,42.47602],[13.00822,42.47603],[13.00826,42.47603],[13.00831,42.47605],[13.00836,42.47606],[13.00836,42.47607],[13.00841,42.47609],[13.00844,42.4761],[13.00845,42.47611],[13.00848,42.47613],[13.00851,42.47617],[13.00852,42.47619],[13.00853,42.4762],[13.00853,42.47624],[13.00852,42.4763],[13.00851,42.47632],[13.0085,42.47634],[13.00849,42.47635],[13.00847,42.47636],[13.00846,42.47637],[13.00843,42.47638],[13.0084,42.47639],[13.00839,42.47639],[13.00836,42.4764],[13.00833,42.4764],[13.00831,42.4764],[13.00828,42.4764],[13.00825,42.4764],[13.00824,42.4764],[13.00816,42.47638],[13.00815,42.47638],[13.00803,42.47634],[13.00786,42.4763],[13.00769,42.47626],[13.00733,42.47623],[13.0073,42.47622],[13.00721,42.47621],[13.00706,42.47619],[13.00695,42.47617],[13.00682,42.47615],[13.00672,42.47611],[13.00662,42.47605],[13.00655,42.47598],[13.00649,42.47592],[13.00646,42.47583],[13.00644,42.47577],[13.00643,42.47573],[13.00642,42.47569],[13.0064,42.47567],[13.0064,42.47566],[13.00639,42.47564],[13.00633,42.47559],[13.00631,42.47558],[13.00625,42.47556],[13.00624,42.47555],[13.00618,42.47554],[13.00616,42.47554],[13.00615,42.47555],[13.00613,42.47555],[13.00608,42.47557],[13.00606,42.47558],[13.00605,42.47558],[13.00602,42.4756],[13.00602,42.47561],[13.006,42.47563],[13.00598,42.47566],[13.00598,42.4757],[13.00598,42.4758],[13.006,42.47583],[13.00602,42.47589],[13.00605,42.47592],[13.00607,42.47595],[13.00614,42.47602],[13.00617,42.47605],[13.0063,42.47614],[13.00637,42.47619],[13.00655,42.47628],[13.00674,42.47637],[13.00681,42.47641],[13.00686,42.47643],[13.00706,42.47655],[13.00715,42.47659],[13.00733,42.47669],[13.00734,42.4767],[13.0074,42.47673],[13.00741,42.47674],[13.00748,42.47683],[13.00758,42.47697],[13.0076,42.47703],[13.00762,42.47709],[13.00762,42.47715],[13.00761,42.47722],[13.00761,42.47723],[13.00758,42.47732],[13.00757,42.47734],[13.00748,42.47751],[13.00742,42.47765],[13.0074,42.47768],[13.00739,42.47769],[13.00737,42.47774],[13.00731,42.47785],[13.00728,42.47791],[13.00726,42.47794],[13.00722,42.47799],[13.0072,42.47801],[13.00719,42.47802],[13.00716,42.47804],[13.00714,42.47805],[13.00709,42.47807],[13.00708,42.47807],[13.00702,42.47807],[13.00699,42.47806],[13.00696,42.47806],[13.00691,42.47803],[13.0069,42.47803],[13.00685,42.47799],[13.00684,42.47798],[13.00681,42.47792],[13.00681,42.47786],[13.00682,42.47778],[13.00682,42.47776],[13.00684,42.47771],[13.00687,42.47763],[13.00688,42.47759],[13.00688,42.47754],[13.00687,42.47753],[13.00687,42.47749],[13.00686,42.47746],[13.00684,42.47743],[13.00682,42.4774],[13.00679,42.47737],[13.00678,42.47737],[13.00675,42.47735],[13.00671,42.47734],[13.00667,42.47733],[13.00664,42.47733],[13.00663,42.47733],[13.00661,42.47733],[13.00659,42.47733],[13.00656,42.47734],[13.00655,42.47734],[13.00653,42.47735],[13.00649,42.47737],[13.00644,42.47742],[13.00643,42.47743],[13.0064,42.47747],[13.00639,42.47754],[13.00638,42.4776],[13.0064,42.47766],[13.00645,42.47777],[13.00647,42.47783],[13.00652,42.47794],[13.00653,42.47795],[13.00653,42.47796],[13.00655,42.47799],[13.00655,42.478],[13.00665,42.47816],[13.00667,42.47819],[13.00674,42.47826],[13.00689,42.4784],[13.0069,42.47841],[13.00694,42.47845],[13.00704,42.47854],[13.00711,42.4786],[13.00717,42.47869],[13.00725,42.47881],[13.00727,42.47886],[13.00727,42.47887],[13.0073,42.47892],[13.00733,42.47899],[13.00733,42.47903],[13.00736,42.47921],[13.00737,42.47927],[13.00739,42.4794],[13.00739,42.47945],[13.0074,42.47957],[13.0074,42.47958],[13.00741,42.47962],[13.00741,42.47963],[13.00741,42.47968],[13.00746,42.47982],[13.00752,42.47989],[13.00758,42.47996],[13.00761,42.47999],[13.00767,42.48006],[13.00768,42.48007],[13.0077,42.48008],[13.00772,42.4801],[13.00776,42.48013],[13.00777,42.48014],[13.00785,42.48017],[13.00791,42.48019],[13.00793,42.48019],[13.00816,42.48024],[13.00817,42.48024],[13.00832,42.48026],[13.00833,42.48026],[13.0084,42.48029],[13.00843,42.48029],[13.00852,42.48033],[13.0086,42.48038],[13.0086,42.48039],[13.00865,42.48045],[13.00868,42.48049],[13.00871,42.48055],[13.00876,42.48066],[13.00878,42.48069],[13.0088,42.48072],[13.00892,42.48087],[13.00896,42.48093],[13.009,42.48097],[13.00905,42.48101],[13.00916,42.48111],[13.00922,42.48116],[13.0093,42.48126],[13.00943,42.48141],[13.00956,42.48157],[13.0096,42.48161],[13.00964,42.48166],[13.0097,42.48172],[13.00974,42.48176],[13.00984,42.48185],[13.01018,42.48219],[13.01028,42.48228],[13.01029,42.48229],[13.01031,42.48231],[13.01033,42.48233],[13.01033,42.48234],[13.01041,42.48243],[13.01048,42.48251],[13.01065,42.48275],[13.01081,42.48298],[13.01103,42.48328],[13.01112,42.48342],[13.01122,42.48356],[13.01125,42.4836],[13.01128,42.48364],[13.01132,42.48371],[13.01134,42.48376],[13.0114,42.48388],[13.01143,42.48393],[13.0115,42.4841],[13.0115,42.48411],[13.01153,42.4842],[13.01154,42.48422],[13.01157,42.4843],[13.01157,42.48438],[13.01155,42.48447],[13.0115,42.48453],[13.01148,42.48456],[13.01147,42.48457],[13.01143,42.48461],[13.01131,42.48469],[13.0113,42.4847],[13.01128,42.48471],[13.01125,42.48473],[13.01125,42.48474],[13.01113,42.48481],[13.01112,42.48482],[13.01101,42.48491],[13.01091,42.485],[13.01081,42.48509],[13.0108,42.4851],[13.01075,42.48512],[13.01074,42.48512],[13.01067,42.48513],[13.01061,42.48512],[13.0106,42.48512],[13.01059,42.48512],[13.01057,42.48511],[13.01056,42.4851],[13.01055,42.4851],[13.01052,42.48507],[13.01051,42.48506],[13.01051,42.48505],[13.01049,42.485],[13.01049,42.48498],[13.0105,42.48492],[13.01051,42.48492],[13.01052,42.4849],[13.01059,42.48483],[13.01062,42.48482],[13.01072,42.48474],[13.01082,42.48463],[13.01086,42.48455],[13.01088,42.48446],[13.01088,42.48445],[13.01088,42.48434],[13.01087,42.48423],[13.01085,42.48409],[13.01084,42.484],[13.01082,42.48392],[13.0108,42.48387],[13.01077,42.4838],[13.01074,42.48375],[13.01074,42.48374],[13.01071,42.48371],[13.01068,42.48367],[13.01067,42.48366],[13.01064,42.48364],[13.01059,42.48363],[13.01058,42.48363],[13.01055,42.48362],[13.01051,42.48362],[13.01046,42.48363],[13.01042,42.48364],[13.01041,42.48365],[13.01038,42.48366],[13.01035,42.48368],[13.01032,42.48374],[13.01031,42.48378],[13.0103,42.48383],[13.01029,42.48385],[13.01029,42.48403],[13.01029,42.48421],[13.01028,42.48425],[13.01027,42.48433],[13.01025,42.48439],[13.01024,42.48441],[13.01018,42.48449],[13.01017,42.4845],[13.01013,42.48454],[13.01013,42.48455],[13.01011,42.48457],[13.01006,42.48465],[13.01006,42.48466],[13.01004,42.4847],[13.01004,42.48471],[13.00999,42.48485],[13.00999,42.48489],[13.00998,42.48497],[13.00997,42.48506],[13.00997,42.48507],[13.00996,42.48525],[13.00995,42.48536],[13.00995,42.48538],[13.00994,42.48542],[13.00994,42.48543],[13.00994,42.48544],[13.00993,42.48551],[13.00992,42.48554],[13.00992,42.48555],[13.00989,42.4856],[13.00988,42.48562],[13.00985,42.48566],[13.0098,42.4857],[13.00972,42.48579],[13.0096,42.48595],[13.00949,42.48615],[13.00948,42.48618],[13.00947,42.48619],[13.00945,42.48623],[13.00945,42.48624],[13.00939,42.48638],[13.00923,42.4866],[13.0092,42.48666],[13.00909,42.48679],[13.00907,42.48681],[13.00904,42.48685],[13.00903,42.48685],[13.00902,42.48686],[13.00898,42.48691],[13.00892,42.48697],[13.00883,42.48704],[13.0087,42.4871],[13.00867,42.48712],[13.00859,42.48717],[13.00856,42.48719],[13.00854,42.4872],[13.00851,42.48722],[13.0085,42.48723],[13.00847,42.48726],[13.00846,42.48726],[13.00842,42.48733],[13.00831,42.48757],[13.00828,42.48765],[13.00827,42.48767],[13.00826,42.48772],[13.00821,42.48785],[13.0082,42.48789],[13.00819,42.48791],[13.00815,42.48802],[13.00812,42.4881],[13.00808,42.48819],[13.00806,42.48825],[13.00802,42.48835],[13.00801,42.48837],[13.00799,42.4884],[13.00798,42.48841],[13.00796,42.48842],[13.00794,42.48843],[13.00789,42.48843],[13.00785,42.48843],[13.00784,42.48843],[13.00781,42.48842],[13.0078,42.48842],[13.00776,42.48839],[13.00775,42.48838],[13.00773,42.48836],[13.00772,42.48832],[13.00772,42.48829],[13.00771,42.48828],[13.00772,42.48827],[13.00772,42.48824],[13.00773,42.48822],[13.00774,42.48821],[13.00781,42.48808],[13.00782,42.48805],[13.00789,42.48793],[13.00791,42.48789],[13.00791,42.48787],[13.00793,42.48776],[13.00793,42.48775],[13.00793,42.4876],[13.00792,42.48758],[13.00793,42.48753],[13.00793,42.48751],[13.00794,42.48749],[13.00798,42.4874],[13.008,42.48736],[13.00806,42.48726],[13.00808,42.48723],[13.0081,42.48719],[13.00811,42.48718],[13.00816,42.4871],[13.00817,42.48708],[13.00818,42.48707],[13.00821,42.48703],[13.00823,42.48702],[13.00828,42.48695],[13.00841,42.48682],[13.00848,42.48673],[13.00851,42.48668],[13.00853,42.4866],[13.00854,42.48658],[13.00854,42.48656],[13.00855,42.48647],[13.00853,42.48638],[13.00853,42.48636],[13.00847,42.48621],[13.00843,42.48611],[13.0084,42.48602],[13.00838,42.48592],[13.00838,42.4859],[13.00838,42.48586],[13.00838,42.48585],[13.0084,42.48577],[13.00843,42.48573],[13.00846,42.48569],[13.00858,42.48553],[13.00859,42.48552],[13.00864,42.48545],[13.00865,42.48544],[13.00866,42.48541],[13.00869,42.48537],[13.0087,42.48536],[13.00879,42.48521],[13.00882,42.48514],[13.00883,42.48509],[13.00884,42.48508],[13.00884,42.48503],[13.00884,42.48501],[13.00883,42.48494],[13.0088,42.4849],[13.00877,42.48487],[13.00875,42.48485],[13.00872,42.48483],[13.00866,42.48481],[13.00862,42.4848],[13.00861,42.4848],[13.00855,42.48481],[13.00854,42.48481],[13.00853,42.48481],[13.00847,42.48484],[13.00843,42.48486],[13.00841,42.48488],[13.0084,42.48488],[13.00837,42.48492],[13.00832,42.48496],[13.00824,42.48507],[13.00816,42.48522],[13.00815,42.48524],[13.00805,42.48543],[13.00801,42.4855],[13.00799,42.48553],[13.00798,42.48554],[13.00797,42.48556],[13.00796,42.48557],[13.00795,42.48558],[13.00791,42.48562],[13.00783,42.48565],[13.00783,42.48566],[13.00777,42.48568],[13.00767,42.48569],[13.00767,42.4857],[13.0076,42.48569],[13.00758,42.48569],[13.00753,42.48568],[13.00748,42.48567],[13.00739,42.48564],[13.00728,42.48561],[13.00718,42.48558],[13.00709,42.48556],[13.00707,42.48557],[13.00704,42.48557],[13.00698,42.48558],[13.00692,42.48561],[13.00688,42.48566],[13.00685,42.48569],[13.00685,42.4857],[13.00685,42.48571],[13.00685,42.48574],[13.00685,42.48575],[13.00686,42.48575],[13.00688,42.48578],[13.00689,42.4858],[13.00692,42.48582],[13.00698,42.48587],[13.00705,42.4859],[13.00706,42.4859],[13.00714,42.48595],[13.00727,42.48601],[13.00736,42.48606],[13.00742,42.48611],[13.00743,42.48613],[13.00746,42.48617],[13.00747,42.48617],[13.00747,42.48618],[13.00749,42.48623],[13.0075,42.48629],[13.0075,42.4863],[13.00748,42.48634],[13.00744,42.48638],[13.00743,42.48638],[13.00743,42.48639],[13.00737,42.48641],[13.00732,42.48643],[13.00726,42.48643],[13.00725,42.48643],[13.00681,42.48634],[13.0068,42.48634],[13.00676,42.48633],[13.00657,42.48628],[13.00654,42.48628],[13.00642,42.48623],[13.00634,42.48619],[13.00626,42.48612],[13.00622,42.48606],[13.00621,42.48604],[13.00618,42.48597],[13.00618,42.48593],[13.00618,42.4859],[13.00618,42.48589],[13.00618,42.48588],[13.00621,42.48581],[13.00628,42.48572],[13.0063,42.48571],[13.00646,42.48547],[13.00649,42.4854],[13.00649,42.48539],[13.00653,42.48532],[13.00656,42.48523],[13.00656,42.48522],[13.00655,42.48513],[13.00651,42.48505],[13.00649,42.48501],[13.00649,42.485],[13.00639,42.48491],[13.00638,42.4849],[13.0063,42.48485],[13.00624,42.48482],[13.00622,42.48482],[13.00618,42.4848],[13.00617,42.4848],[13.00612,42.48478],[13.00601,42.48477],[13.00596,42.48477],[13.00584,42.48477],[13.00573,42.48479],[13.00571,42.4848],[13.00559,42.48485],[13.00551,42.48491],[13.00547,42.48493],[13.00538,42.48503],[13.00533,42.48511],[13.00531,42.48517],[13.00529,42.48522],[13.00529,42.48523],[13.00529,42.48524],[13.0053,42.48533],[13.0053,42.48535],[13.00531,42.4854],[13.00536,42.48557],[13.00536,42.48558],[13.00542,42.48584],[13.00543,42.48586],[13.00544,42.48593],[13.00547,42.48607],[13.00555,42.48626],[13.00561,42.48641],[13.00563,42.48646],[13.00571,42.48662],[13.00577,42.48675],[13.00578,42.48676],[13.00578,42.48681],[13.00577,42.48687],[13.00575,42.48692],[13.00574,42.48694],[13.00572,42.48696],[13.00572,42.48697],[13.00564,42.48706],[13.00563,42.48708],[13.00553,42.48722],[13.0055,42.48728],[13.00548,42.48732],[13.00544,42.48741],[13.00536,42.48763],[13.00533,42.4877],[13.00532,42.48776],[13.00532,42.48778],[13.00532,42.4878],[13.00533,42.48782],[13.00535,42.48789],[13.00537,42.48793],[13.0054,42.48797],[13.0054,42.48798],[13.00543,42.48803],[13.00545,42.48808],[13.00545,42.4881],[13.00545,42.48813],[13.00545,42.48815],[13.00546,42.48818],[13.00542,42.48832],[13.00536,42.48845],[13.00534,42.48849],[13.00534,42.4885],[13.00528,42.48862],[13.00526,42.48866],[13.00525,42.48868],[13.0052,42.48879],[13.00511,42.48896],[13.00511,42.48897],[13.00509,42.489],[13.00501,42.48912],[13.005,42.48914],[13.00498,42.48916],[13.00489,42.48926],[13.00471,42.4894],[13.00467,42.48944],[13.00458,42.48951],[13.00455,42.48954],[13.00438,42.48967],[13.00434,42.4897],[13.00427,42.48975],[13.00421,42.4898],[13.00417,42.48982],[13.00412,42.48984],[13.00405,42.48985],[13.00399,42.48984],[13.00398,42.48984],[13.00396,42.48984],[13.00393,42.48983],[13.00389,42.48982],[13.00386,42.4898],[13.00384,42.48976],[13.00383,42.48976],[13.00382,42.48973],[13.00381,42.48968],[13.0038,42.48965],[13.00379,42.48955],[13.00379,42.48954],[13.00379,42.4895],[13.00381,42.48937],[13.00382,42.48927],[13.00382,42.48919],[13.00382,42.48915],[13.00382,42.48913],[13.00382,42.48908],[13.00381,42.48901],[13.00379,42.48896],[13.00377,42.48884],[13.00376,42.48881],[13.00375,42.48879],[13.00371,42.48866],[13.0037,42.48862],[13.00368,42.48852],[13.00367,42.48842],[13.00368,42.48834],[13.00368,42.4883],[13.00369,42.48828],[13.00371,42.48819],[13.0037,42.4881],[13.0037,42.48805],[13.00369,42.48795],[13.00369,42.48792],[13.00366,42.48781],[13.00364,42.48777],[13.00363,42.48775],[13.00362,42.48773],[13.00356,42.48768],[13.00351,42.48763],[13.0035,42.48763],[13.00341,42.48758],[13.00331,42.48755],[13.00325,42.48754],[13.00319,42.48754],[13.00318,42.48754],[13.00307,42.48756],[13.00302,42.48758],[13.00293,42.48761],[13.00283,42.48765],[13.0028,42.48766],[13.00278,42.48767],[13.00276,42.48768],[13.00262,42.48775],[13.0026,42.48776],[13.00258,42.48778],[13.00244,42.48787],[13.00242,42.48788],[13.0024,42.4879],[13.00235,42.48793],[13.00227,42.48799],[13.00225,42.48801],[13.00223,42.48803],[13.00217,42.48808],[13.00212,42.48813],[13.0021,42.48815],[13.00203,42.48823],[13.00198,42.48828],[13.00188,42.48842],[13.00186,42.48844],[13.00185,42.48846],[13.00175,42.4886],[13.00174,42.48862],[13.00173,42.48863],[13.0017,42.4887],[13.0017,42.48871],[13.00169,42.48875],[13.00169,42.48877],[13.00169,42.4888],[13.00169,42.48881],[13.00172,42.48888],[13.00174,42.48892],[13.00176,42.48894],[13.00178,42.48898],[13.00184,42.48903],[13.00193,42.48907],[13.00204,42.48912],[13.00213,42.48917],[13.00216,42.48918],[13.00219,42.4892],[13.0023,42.48927],[13.00231,42.48929],[13.00233,42.4893],[13.00235,42.48932],[13.00237,42.48934],[13.00238,42.48935],[13.00238,42.48936],[13.0024,42.48942],[13.0024,42.48945],[13.0024,42.48947],[13.0024,42.48949],[13.00241,42.48953],[13.0024,42.48964],[13.0024,42.48965],[13.00238,42.48976],[13.00237,42.4898],[13.00235,42.48986],[13.00229,42.48997],[13.00228,42.49],[13.00226,42.49003],[13.0022,42.49014],[13.00218,42.49016],[13.00209,42.49032],[13.00209,42.49033],[13.002,42.49047],[13.0019,42.49064],[13.0018,42.4908],[13.00175,42.49087],[13.00169,42.49098],[13.00167,42.49102],[13.00163,42.49113],[13.00163,42.49114],[13.00163,42.49116],[13.00161,42.4913],[13.00161,42.49131],[13.0016,42.49134],[13.0016,42.49144],[13.00159,42.49149],[13.00157,42.49154],[13.00153,42.49161],[13.00148,42.49165],[13.00147,42.49167],[13.00146,42.49167],[13.00134,42.49178],[13.00132,42.49179],[13.00131,42.49179],[13.0013,42.4918],[13.00114,42.49193],[13.00114,42.49194],[13.00112,42.49195],[13.0011,42.49198],[13.00105,42.49206],[13.00105,42.49208],[13.00104,42.4921],[13.00104,42.49212],[13.00102,42.4922],[13.00101,42.49225],[13.00101,42.49228],[13.001,42.49242],[13.001,42.49243],[13.00099,42.49246],[13.00097,42.49256],[13.00095,42.49261],[13.00095,42.49263],[13.00094,42.49264],[13.0009,42.49272],[13.00073,42.4929],[13.00061,42.49302],[13.00054,42.49308],[13.00046,42.49314],[13.00038,42.49321],[13.00021,42.49334],[13.00007,42.49344],[13.00006,42.49345],[13.00004,42.49347],[13.00002,42.49349],[12.99975,42.49375],[12.99963,42.49389],[12.99962,42.49391],[12.99935,42.49421],[12.99922,42.49437],[12.99908,42.49453],[12.99905,42.49457],[12.99895,42.49468],[12.99882,42.49483],[12.99876,42.4949],[12.99866,42.49502],[12.99851,42.49522],[12.99848,42.4953],[12.99847,42.49539],[12.99848,42.49547],[12.9985,42.49553],[12.99855,42.49566],[12.99866,42.49588],[12.99884,42.49624],[12.99888,42.49632],[12.99889,42.49637],[12.9989,42.49641],[12.9989,42.49642],[12.9989,42.49643],[12.99889,42.49647],[12.99888,42.49649],[12.99887,42.49652],[12.99884,42.49654],[12.99882,42.49657],[12.9988,42.49659],[12.99876,42.49661],[12.99871,42.49663],[12.99863,42.49665],[12.99859,42.49665],[12.99854,42.49665],[12.99848,42.49665],[12.9984,42.49662],[12.99837,42.49661],[12.99834,42.49659],[12.99831,42.49657],[12.99829,42.49654],[12.99824,42.49645],[12.99822,42.49641],[12.99821,42.49637],[12.99821,42.49635],[12.9982,42.49629],[12.99818,42.49621],[12.99817,42.49619],[12.99815,42.49615],[12.99809,42.49607],[12.99806,42.49604],[12.99806,42.49603],[12.99802,42.49601],[12.99794,42.49598],[12.99793,42.49598],[12.99785,42.49596],[12.99778,42.49597],[12.99772,42.49598],[12.99764,42.496],[12.99761,42.49602],[12.9976,42.49602],[12.99759,42.49603],[12.99755,42.49607],[12.99753,42.49609],[12.99749,42.49616],[12.99748,42.49617],[12.99747,42.49621],[12.99742,42.49635],[12.99741,42.49638],[12.99737,42.49651],[12.99733,42.49661],[12.9973,42.49668],[12.99727,42.49673],[12.99727,42.49674],[12.99725,42.49677],[12.99723,42.49679],[12.99718,42.49683],[12.99715,42.49685],[12.99713,42.49687],[12.99712,42.49688],[12.99703,42.49695],[12.99701,42.49697],[12.99697,42.497],[12.99696,42.49701],[12.99685,42.4971],[12.99685,42.49711],[12.99682,42.49715],[12.99678,42.49721],[12.99674,42.49731],[12.99672,42.49744],[12.99672,42.49746],[12.99672,42.49749],[12.99672,42.49751],[12.99673,42.4976],[12.99673,42.49762],[12.99674,42.49767],[12.99674,42.49769],[12.99675,42.4978],[12.99675,42.49785],[12.99675,42.49787],[12.99675,42.49788],[12.99674,42.49791],[12.99673,42.49794],[12.99672,42.49795],[12.9967,42.49797],[12.99665,42.49801],[12.99662,42.49802],[12.99659,42.49804],[12.99658,42.49804],[12.99655,42.49804],[12.9965,42.49804],[12.99645,42.49803],[12.99642,42.49802],[12.9964,42.49801],[12.99638,42.498],[12.99636,42.49797],[12.99634,42.49795],[12.99633,42.49793],[12.99633,42.49792],[12.99632,42.49791],[12.99632,42.49787],[12.99631,42.49782],[12.99632,42.4975],[12.99631,42.49738],[12.9963,42.4972],[12.99628,42.49697],[12.99626,42.49684],[12.99626,42.49679],[12.99625,42.49677],[12.99625,42.49675],[12.99625,42.49672],[12.99624,42.4967],[12.99624,42.49668],[12.99623,42.49666],[12.9962,42.49662],[12.99617,42.49658],[12.99613,42.49655],[12.9961,42.49653],[12.99608,42.49653],[12.99608,42.49652],[12.99601,42.49652],[12.99596,42.49651],[12.99594,42.49651],[12.99586,42.49651],[12.99584,42.49652],[12.99583,42.49652],[12.99582,42.49652],[12.9958,42.49653],[12.99578,42.49654],[12.99573,42.49656],[12.99567,42.49661],[12.99565,42.49663],[12.99563,42.49665],[12.99555,42.49679],[12.99552,42.49684],[12.99542,42.49699],[12.99541,42.49701],[12.99539,42.49703],[12.99531,42.4971],[12.99529,42.49711],[12.99526,42.49713],[12.99513,42.49722],[12.99512,42.49723],[12.99508,42.49725],[12.99494,42.49733],[12.99489,42.49737],[12.99477,42.49744],[12.99475,42.49745],[12.99471,42.49747],[12.9947,42.49748],[12.99456,42.4976],[12.99454,42.49762],[12.99442,42.49771],[12.9944,42.49774],[12.99438,42.49775],[12.99428,42.49783],[12.99426,42.49785],[12.99424,42.49787],[12.99422,42.49789],[12.99411,42.49797],[12.9941,42.49798],[12.99406,42.49802],[12.99386,42.49821],[12.99379,42.49831],[12.99378,42.49833],[12.99377,42.49836],[12.99375,42.49844],[12.99374,42.49862],[12.99374,42.49867],[12.99373,42.49879],[12.99373,42.4988],[12.99373,42.49885],[12.99371,42.49905],[12.99369,42.4991],[12.99368,42.49914],[12.99367,42.49916],[12.99366,42.49917],[12.99355,42.49927],[12.99351,42.4993],[12.99342,42.49937],[12.99333,42.49942],[12.9932,42.4995],[12.99282,42.4998],[12.99266,42.49992],[12.99265,42.49993],[12.99263,42.49995],[12.99262,42.49995],[12.99249,42.50007],[12.99247,42.50009],[12.99245,42.50011],[12.99234,42.50021],[12.99231,42.50023],[12.99229,42.50025],[12.99218,42.50035],[12.99186,42.50064],[12.99179,42.50074],[12.99178,42.50079],[12.99177,42.50082],[12.99177,42.50084],[12.99177,42.50085],[12.99179,42.50088],[12.9918,42.50091],[12.99182,42.50092],[12.99183,42.50093],[12.99184,42.50093],[12.99186,42.50094],[12.99189,42.50096],[12.99192,42.50097],[12.99196,42.50098],[12.99198,42.50098],[12.99201,42.50098],[12.99205,42.50097],[12.99207,42.50097],[12.99209,42.50096],[12.99211,42.50096],[12.99212,42.50095],[12.99213,42.50095],[12.9922,42.50091],[12.99226,42.50086],[12.99228,42.50085],[12.99229,42.50084],[12.9923,42.50082],[12.99232,42.50081],[12.99245,42.50066],[12.99247,42.50064],[12.99256,42.50056],[12.99258,42.50053],[12.9926,42.50052],[12.9926,42.50051],[12.99271,42.50044],[12.99273,42.50044],[12.99273,42.50043],[12.99276,42.50042],[12.9928,42.50041],[12.99286,42.50039],[12.99287,42.50038],[12.99291,42.50038],[12.99295,42.50037],[12.99299,42.50037],[12.99305,42.50037],[12.9931,42.50038],[12.99314,42.5004],[12.99316,42.50042],[12.99318,42.50043],[12.9932,42.50045],[12.99322,42.50047],[12.99323,42.5005],[12.99322,42.50051],[12.99323,42.50053],[12.99322,42.50056],[12.99322,42.50057],[12.9932,42.50059],[12.9932,42.5006],[12.99319,42.50061],[12.99317,42.50064],[12.99315,42.50065],[12.99314,42.50066],[12.99312,42.50067],[12.99308,42.50068],[12.99305,42.50069],[12.99301,42.5007],[12.99295,42.50072],[12.99292,42.50073],[12.99281,42.50076],[12.9928,42.50076],[12.99279,42.50077],[12.99276,42.5008],[12.99274,42.50081],[12.99273,42.50082],[12.99272,42.50085],[12.99271,42.50086],[12.9927,42.50087],[12.9927,42.50089],[12.9927,42.50091],[12.9927,42.50093],[12.99271,42.50095],[12.99272,42.50096],[12.99273,42.50099],[12.99275,42.50102],[12.99278,42.50104],[12.9928,42.50105],[12.99282,42.50106],[12.99285,42.50106],[12.99286,42.50106],[12.99288,42.50107],[12.99289,42.50107],[12.99292,42.50107],[12.99297,42.50107],[12.99304,42.50106],[12.99306,42.50106],[12.99309,42.50105],[12.9931,42.50105],[12.99314,42.50104],[12.99315,42.50104],[12.9932,42.50102],[12.99324,42.50099],[12.99327,42.50098],[12.99331,42.50095],[12.99344,42.5008],[12.99352,42.50071],[12.99356,42.50066],[12.99359,42.50061],[12.99364,42.50054],[12.99366,42.50051],[12.99367,42.5005],[12.99368,42.50047],[12.99369,42.50045],[12.99373,42.50038],[12.99376,42.50035],[12.99378,42.50034],[12.9938,42.50032],[12.99382,42.5003],[12.99384,42.50029],[12.99385,42.50028],[12.99386,42.50028],[12.99393,42.50026],[12.99395,42.50026],[12.99402,42.50026],[12.99404,42.50027],[12.99406,42.50027],[12.99408,42.50028],[12.99411,42.5003],[12.99413,42.50032],[12.99416,42.50035],[12.99417,42.50038],[12.99418,42.50041],[12.99419,42.50042],[12.99419,42.50044],[12.99418,42.50049],[12.99418,42.50052],[12.99417,42.50054],[12.99417,42.50057],[12.99416,42.50059],[12.99414,42.50069],[12.99413,42.50072],[12.99407,42.50087],[12.99407,42.50089],[12.994,42.50106],[12.99394,42.50119],[12.99382,42.50141],[12.99381,42.50143],[12.99376,42.50149],[12.99374,42.50153],[12.99372,42.50156],[12.99371,42.50158],[12.99368,42.5016],[12.99358,42.50171],[12.99354,42.50175],[12.99349,42.5018],[12.99342,42.50184],[12.9932,42.50201],[12.99308,42.5021],[12.99303,42.50214],[12.99282,42.5023],[12.99281,42.50231],[12.99278,42.50234],[12.99271,42.50241],[12.9927,42.50242],[12.99264,42.50249],[12.9926,42.50254],[12.99252,42.50266],[12.99251,42.50268],[12.9925,42.50273],[12.99249,42.50275],[12.99244,42.50296],[12.99242,42.50308],[12.9924,42.50326],[12.99238,42.50336],[12.99238,42.50339],[12.99236,42.50349],[12.99236,42.50354],[12.99234,42.50367],[12.99233,42.50372],[12.99233,42.50375],[12.99233,42.5038],[12.99234,42.5039],[12.99235,42.50398],[12.99235,42.504],[12.99235,42.50408],[12.99236,42.50411],[12.99236,42.50421],[12.99236,42.50422],[12.99236,42.50426],[12.99236,42.50428],[12.99234,42.50442],[12.9922,42.50481],[12.99218,42.50486],[12.99216,42.50491],[12.99214,42.50495],[12.99211,42.50503],[12.99207,42.50516],[12.99198,42.5054],[12.99186,42.5057],[12.99179,42.50584],[12.99175,42.50591],[12.99173,42.50594],[12.9917,42.50598],[12.99168,42.50601],[12.99165,42.50605],[12.99159,42.50614],[12.99155,42.50618],[12.99153,42.50621],[12.99143,42.50631],[12.99111,42.50665],[12.9911,42.50667],[12.99099,42.50681],[12.9909,42.50692],[12.99088,42.50693],[12.99084,42.50701],[12.99082,42.50706],[12.99078,42.50715],[12.99076,42.50718],[12.99074,42.50722],[12.99071,42.5073],[12.99058,42.50759],[12.99055,42.50764],[12.99048,42.50781],[12.99047,42.50783],[12.99043,42.50794],[12.99033,42.50816],[12.99033,42.50817],[12.99029,42.50833],[12.99029,42.50837],[12.99028,42.50843],[12.99028,42.50846],[12.99027,42.50851],[12.99026,42.50863],[12.99026,42.50864],[12.99026,42.50887],[12.99026,42.50888],[12.99024,42.509],[12.99023,42.50905],[12.99022,42.50918],[12.99021,42.50923],[12.9902,42.50936],[12.9902,42.50941],[12.99019,42.50947],[12.99016,42.50972],[12.99015,42.50981],[12.99009,42.51008],[12.99007,42.51012],[12.99001,42.5103],[12.99,42.51031],[12.98999,42.51034],[12.98984,42.51071],[12.98961,42.51125],[12.98959,42.51134],[12.98958,42.51141],[12.98958,42.5115],[12.98959,42.51159],[12.98962,42.51181],[12.98962,42.5119],[12.98961,42.51198],[12.98959,42.51207],[12.98957,42.51213],[12.98954,42.51221],[12.98953,42.51222],[12.98949,42.51236],[12.98947,42.51251],[12.98946,42.51258],[12.98944,42.51268],[12.98942,42.51275],[12.98933,42.51329],[12.98931,42.5134],[12.98924,42.51382],[12.98922,42.5139],[12.98916,42.51413],[12.98913,42.51436],[12.98912,42.51445],[12.98911,42.51483],[12.98913,42.51504],[12.98913,42.51508],[12.98912,42.51519],[12.98912,42.51526],[12.98912,42.51527],[12.98907,42.51536],[12.98898,42.51552],[12.98893,42.51558],[12.9889,42.51562],[12.98871,42.5158],[12.98861,42.51588],[12.98851,42.51593],[12.98841,42.51597],[12.98832,42.51599],[12.9882,42.51601],[12.98819,42.51602],[12.98793,42.51603],[12.9878,42.51604],[12.98765,42.51604],[12.98759,42.51605],[12.9874,42.51605],[12.98731,42.51606],[12.98682,42.51607],[12.98658,42.51608],[12.98634,42.51608],[12.98633,42.51608],[12.98625,42.51609],[12.98613,42.5161],[12.98609,42.5161],[12.98583,42.51612],[12.98563,42.51617],[12.98552,42.51621],[12.98547,42.51623],[12.98544,42.51625],[12.98541,42.51627],[12.98535,42.51632],[12.98529,42.51639],[12.98527,42.51642],[12.9852,42.51651],[12.98518,42.51655],[12.98516,42.51657],[12.9851,42.51666],[12.98474,42.51721],[12.98468,42.51729],[12.98461,42.51737],[12.9846,42.51737],[12.98449,42.51746],[12.98439,42.51753],[12.98428,42.51759],[12.98423,42.51761],[12.98411,42.51765],[12.98383,42.51775],[12.98379,42.51776],[12.98376,42.51777],[12.98357,42.51783],[12.98299,42.51804],[12.98294,42.51806],[12.98289,42.51808],[12.98276,42.51812],[12.98269,42.51814],[12.98254,42.5182],[12.98247,42.51821],[12.98246,42.51821],[12.98243,42.51822],[12.98241,42.51823],[12.98227,42.51826],[12.98198,42.51832],[12.98181,42.51835],[12.9816,42.51841],[12.98154,42.51843],[12.98153,42.51843],[12.98148,42.51845],[12.98144,42.51846],[12.98134,42.5185],[12.98131,42.51851],[12.98076,42.5187],[12.98063,42.51874],[12.9804,42.51879],[12.98017,42.51881],[12.97993,42.51882],[12.97988,42.51883],[12.97969,42.51884],[12.97959,42.51885],[12.97945,42.51886],[12.97938,42.51886],[12.97934,42.51887],[12.97931,42.51887],[12.97896,42.51887],[12.97894,42.51887],[12.97871,42.51884],[12.97848,42.5188],[12.97844,42.5188],[12.97824,42.51876],[12.97819,42.51875],[12.978,42.51872],[12.97798,42.51872],[12.97779,42.5187],[12.97776,42.5187],[12.9777,42.5187],[12.97766,42.5187],[12.97757,42.5187],[12.97752,42.51871],[12.97727,42.51872],[12.97726,42.51872],[12.977,42.51873],[12.97686,42.51875],[12.97679,42.51876],[12.97663,42.51878],[12.97655,42.5188],[12.97632,42.51884],[12.97631,42.51884],[12.97622,42.51886],[12.97616,42.51887],[12.97608,42.51889],[12.97595,42.51891],[12.97561,42.51898],[12.97537,42.51902],[12.97514,42.51907],[12.97498,42.5191],[12.97477,42.51912],[12.9745,42.51913],[12.97441,42.51914],[12.97412,42.51915],[12.97392,42.51916],[12.9738,42.51916],[12.97344,42.51918],[12.97327,42.51919],[12.97319,42.51919],[12.97295,42.51921],[12.9729,42.51921],[12.97271,42.51924],[12.97263,42.51925],[12.97245,42.51928],[12.97221,42.51931],[12.97196,42.51934],[12.97177,42.51935],[12.97161,42.51936],[12.97153,42.51936],[12.97148,42.51936],[12.97128,42.51936],[12.97099,42.51934],[12.97097,42.51934],[12.97075,42.51933],[12.97069,42.51932],[12.97053,42.51933],[12.9705,42.51933],[12.97039,42.51935],[12.97027,42.51937],[12.97027,42.51938],[12.97023,42.51938],[12.97016,42.5194],[12.97006,42.51943],[12.97004,42.51943],[12.9699,42.51945],[12.9698,42.51946],[12.96978,42.51946],[12.96968,42.51946],[12.96965,42.51946],[12.96944,42.51944],[12.96932,42.51943],[12.96927,42.51943],[12.96914,42.51945],[12.969,42.51949],[12.96887,42.51955],[12.96886,42.51955],[12.96869,42.51962],[12.96847,42.51969],[12.96821,42.51974],[12.96819,42.51974],[12.96787,42.51978],[12.96757,42.51984],[12.96732,42.5199],[12.96725,42.51993],[12.96714,42.51997],[12.96703,42.52001],[12.96695,42.52003],[12.96666,42.52012],[12.96658,42.52013],[12.96634,42.52018],[12.96586,42.52025],[12.96581,42.52026],[12.96562,42.52029],[12.96557,42.5203],[12.9655,42.5203],[12.96538,42.5203],[12.9653,42.5203],[12.96501,42.52032],[12.9649,42.52034],[12.96478,42.52036],[12.9646,42.52041],[12.96438,42.52048],[12.96432,42.52049],[12.96425,42.52051],[12.96421,42.52052],[12.96415,42.52053],[12.96408,42.52054],[12.96388,42.52055],[12.96373,42.52056],[12.96358,42.52056],[12.9633,42.52057],[12.96325,42.52058],[12.96312,42.5206],[12.96311,42.5206],[12.96295,42.52065],[12.96279,42.5207],[12.96276,42.52071],[12.96254,42.52077],[12.96233,42.52082],[12.96224,42.52084],[12.9621,42.52087],[12.96199,42.5209],[12.96187,42.52094],[12.96176,42.52097],[12.96157,42.52109],[12.96149,42.52115],[12.96139,42.52123],[12.96117,42.52142],[12.96111,42.52146],[12.96101,42.52156],[12.96092,42.52164],[12.96087,42.52168],[12.96085,42.52169],[12.96076,42.52178],[12.9607,42.52183],[12.96051,42.522],[12.96037,42.52209],[12.96034,42.52211],[12.96017,42.52219],[12.9601,42.52222],[12.95984,42.52237],[12.95978,42.52241],[12.95969,42.52247],[12.95968,42.52249],[12.95964,42.52254],[12.95964,42.52255],[12.95961,42.52259],[12.95956,42.52272],[12.95955,42.52276],[12.95952,42.52283],[12.95952,42.52285],[12.95949,42.52288],[12.95949,42.52289],[12.95943,42.52297],[12.95933,42.52308],[12.9592,42.52318],[12.95915,42.52323],[12.9591,42.52327],[12.95896,42.52338],[12.95889,42.52345],[12.95875,42.52359],[12.95874,42.52359],[12.95868,42.52366],[12.95865,42.52369],[12.95861,42.52374],[12.95852,42.52384],[12.95848,42.52389],[12.95845,42.52393],[12.95841,42.52397],[12.9584,42.52399],[12.95823,42.5242],[12.9582,42.52424],[12.95818,42.52426],[12.95812,42.52436],[12.95809,42.5244],[12.95802,42.52453],[12.95792,42.52468],[12.95789,42.52473],[12.95783,42.52485],[12.95783,42.52486],[12.95781,42.5249],[12.95777,42.52499],[12.95769,42.52517],[12.95768,42.5252],[12.95763,42.52534],[12.95762,42.52537],[12.95757,42.52551],[12.95756,42.52554],[12.9575,42.52569],[12.95746,42.52578],[12.95745,42.52581],[12.95743,42.52586],[12.95741,42.52589],[12.9574,42.52592],[12.95739,42.52593],[12.95732,42.52603],[12.9572,42.52617],[12.95719,42.52618],[12.9571,42.52632],[12.95709,42.52633],[12.95703,42.52647],[12.95701,42.5265],[12.95694,42.52665],[12.95693,42.52667],[12.95692,42.5267],[12.95688,42.52676],[12.95684,42.52684],[12.95682,42.52695],[12.95681,42.52706],[12.95683,42.52719],[12.95683,42.52722],[12.95684,42.52728],[12.95684,42.52736],[12.95684,42.52738],[12.95684,42.5274],[12.95684,42.52748],[12.95684,42.52757],[12.95681,42.52772],[12.9568,42.52774],[12.95673,42.52791],[12.95667,42.52805],[12.95658,42.52829],[12.95657,42.52833],[12.95655,42.52843],[12.95654,42.52849],[12.95654,42.52851],[12.95652,42.52861],[12.95652,42.52862],[12.95652,42.52863],[12.9565,42.52869],[12.95649,42.52876],[12.95647,42.52878],[12.95646,42.52882],[12.95639,42.52891],[12.95636,42.52895],[12.95631,42.52901],[12.95624,42.52909],[12.95623,42.5291],[12.95623,42.52911],[12.9561,42.52925],[12.95609,42.52925],[12.95598,42.52937],[12.95596,42.52939],[12.95595,42.5294],[12.9559,42.52946],[12.95583,42.52956],[12.95577,42.52963],[12.95571,42.5297],[12.95564,42.52978],[12.95559,42.52986],[12.95558,42.52987],[12.95544,42.53007],[12.95527,42.53033],[12.95526,42.53034],[12.95526,42.53035],[12.9551,42.53061],[12.95499,42.53085],[12.95498,42.53087],[12.95493,42.53102],[12.95492,42.53104],[12.95492,42.53105],[12.95491,42.5311],[12.9549,42.53115],[12.9549,42.5312],[12.95489,42.53129],[12.95486,42.53138],[12.95485,42.53143],[12.95479,42.53155],[12.95477,42.5316],[12.95475,42.53162],[12.95475,42.53163],[12.95469,42.53171],[12.95467,42.53175],[12.9546,42.53188],[12.95458,42.5319],[12.95456,42.53195],[12.95455,42.53196],[12.95455,42.53197],[12.95453,42.53205],[12.95449,42.5322],[12.95449,42.53222],[12.95449,42.53231],[12.95449,42.5324],[12.9545,42.53249],[12.95452,42.53258],[12.95452,42.53261],[12.95453,42.53267],[12.95455,42.53276],[12.95456,42.53284],[12.95457,42.53285],[12.95457,42.53287],[12.95456,42.53294],[12.95456,42.53297],[12.95456,42.53302],[12.95456,42.53303],[12.95455,42.53313],[12.95453,42.5332],[12.95452,42.53321],[12.95447,42.53338],[12.95446,42.53342],[12.95439,42.53364],[12.95438,42.53367],[12.95436,42.53373],[12.95435,42.53375],[12.95432,42.53381],[12.9543,42.53384],[12.95428,42.5339],[12.95427,42.5339],[12.95422,42.53401],[12.9542,42.53405],[12.95419,42.53406],[12.95411,42.53417],[12.95408,42.53422],[12.95407,42.53423],[12.95402,42.53431],[12.95396,42.53438],[12.95384,42.53454],[12.95381,42.53457],[12.95369,42.53468],[12.95353,42.53482],[12.95346,42.53489],[12.95343,42.53491],[12.95338,42.53496],[12.95337,42.53496],[12.95328,42.53506],[12.95324,42.53509],[12.95323,42.5351],[12.95312,42.53527],[12.95301,42.53543],[12.953,42.53545],[12.95294,42.5356],[12.9529,42.53568],[12.95289,42.53571],[12.95287,42.53576],[12.95287,42.53577],[12.95286,42.53579],[12.95285,42.53585],[12.95282,42.53595],[12.95281,42.53603],[12.95279,42.53613],[12.95278,42.53614],[12.95276,42.53625],[12.9527,42.53675],[12.9527,42.53684],[12.95268,42.53702],[12.95266,42.53729],[12.95265,42.53735],[12.95265,42.53738],[12.95265,42.53739],[12.95265,42.53747],[12.95265,42.53756],[12.95265,42.53766],[12.95265,42.53778],[12.95267,42.53792],[12.95268,42.53802],[12.95269,42.5381],[12.9527,42.53811],[12.9527,42.53818],[12.95271,42.5382],[12.95273,42.53828],[12.95275,42.53838],[12.95277,42.53845],[12.95277,42.53846],[12.95278,42.53856],[12.9528,42.53863],[12.9528,42.53864],[12.95281,42.53874],[12.95282,42.5388],[12.95282,42.53881],[12.95282,42.53882],[12.95282,42.53892],[12.95281,42.53899],[12.95281,42.539],[12.95281,42.53904],[12.9528,42.5391],[12.95279,42.53917],[12.95277,42.53925],[12.95276,42.53928],[12.95274,42.53935],[12.9527,42.53945],[12.95268,42.53949],[12.95262,42.5397],[12.95258,42.53982],[12.95254,42.53998],[12.95251,42.54015],[12.95251,42.54016],[12.95252,42.54034],[12.95252,42.54037],[12.95254,42.5405],[12.95255,42.54052],[12.95257,42.54058],[12.95258,42.54059],[12.9526,42.54065],[12.95263,42.54069],[12.95266,42.54075],[12.95268,42.54081],[12.95272,42.54086],[12.95281,42.54098],[12.953,42.54116],[12.95303,42.54119],[12.95313,42.54131],[12.95323,42.54143],[12.95344,42.54165],[12.95354,42.54177],[12.95357,42.54181],[12.95358,42.54182],[12.95365,42.54192],[12.95376,42.54208],[12.95386,42.54226],[12.95387,42.54229],[12.95388,42.5423],[12.95399,42.54253],[12.95405,42.54264],[12.95408,42.54271],[12.95413,42.54281],[12.95423,42.54293],[12.95427,42.54297],[12.95431,42.54301],[12.95438,42.54308],[12.95439,42.54309],[12.95441,42.5431],[12.95442,42.54311],[12.95451,42.54317],[12.95459,42.54322],[12.95466,42.54326],[12.95478,42.54333],[12.95481,42.54335],[12.95497,42.54345],[12.95498,42.54346],[12.95513,42.54355],[12.95516,42.54357],[12.95532,42.54367],[12.95541,42.54376],[12.95547,42.54383],[12.95549,42.54386],[12.95561,42.544],[12.95572,42.54412],[12.95585,42.54422],[12.95589,42.54426],[12.95595,42.54431],[12.95604,42.54436],[12.95607,42.54438],[12.95609,42.54439],[12.9561,42.54439],[12.95626,42.54449],[12.95629,42.54451],[12.95639,42.54457],[12.95643,42.5446],[12.95647,42.54464],[12.95654,42.54471],[12.95658,42.54476],[12.95664,42.54483],[12.9567,42.54492],[12.95671,42.54494],[12.95675,42.54501],[12.95682,42.5451],[12.95682,42.54511],[12.95693,42.54526],[12.95694,42.54526],[12.95699,42.54534],[12.95704,42.54541],[12.95705,42.54542],[12.95715,42.54557],[12.95715,42.54558],[12.95716,42.54559],[12.95724,42.54574],[12.95724,42.54575],[12.95725,42.54575],[12.95732,42.54589],[12.95732,42.54591],[12.95733,42.54592],[12.9574,42.54607],[12.9574,42.54608],[12.95741,42.54609],[12.95747,42.54622],[12.9575,42.54625],[12.9575,42.54626],[12.95755,42.54632],[12.95763,42.5464],[12.95766,42.54643],[12.95778,42.54654],[12.95795,42.54667],[12.95806,42.54675],[12.95817,42.54683],[12.95823,42.54688],[12.95864,42.54718],[12.95879,42.5473],[12.95892,42.54739],[12.9591,42.54751],[12.95928,42.54764],[12.95934,42.54768],[12.95959,42.54785],[12.95971,42.54792],[12.9599,42.54804],[12.96006,42.54813],[12.96036,42.5483],[12.96052,42.54841],[12.96057,42.54845],[12.96062,42.54851],[12.96067,42.54857],[12.96069,42.54861],[12.96072,42.54864],[12.96073,42.54867],[12.96093,42.549],[12.961,42.54917],[12.96102,42.54921],[12.9611,42.54936],[12.96119,42.5495],[12.96121,42.54953],[12.96126,42.5496],[12.9613,42.54966],[12.96133,42.5497],[12.96138,42.54976],[12.96142,42.54982],[12.96155,42.54997],[12.96168,42.55012],[12.96179,42.55024],[12.96182,42.55027],[12.96198,42.55046],[12.9621,42.55061],[12.96214,42.55068],[12.96216,42.55071],[12.96221,42.55085],[12.96222,42.55087],[12.96227,42.5511],[12.96231,42.55127],[12.96231,42.55129],[12.96235,42.55145],[12.9624,42.55163],[12.96243,42.55174],[12.96244,42.5518],[12.96245,42.55184],[12.9625,42.55198],[12.96252,42.55201],[12.96254,42.55205],[12.96257,42.55208],[12.96261,42.55212],[12.96264,42.55215],[12.96269,42.55218],[12.96274,42.55221],[12.96281,42.55225],[12.96284,42.55227],[12.96303,42.55237],[12.96315,42.55244],[12.9632,42.55249],[12.96329,42.55263],[12.96335,42.55281],[12.96335,42.55283],[12.96338,42.55292],[12.9634,42.55299],[12.96345,42.55316],[12.96356,42.55349],[12.96365,42.55368],[12.96365,42.55369],[12.9637,42.55379],[12.96372,42.55381],[12.96374,42.55385],[12.9638,42.55395],[12.96386,42.55405],[12.96395,42.55417],[12.96421,42.55453],[12.96447,42.55497],[12.9645,42.55503],[12.96454,42.55509],[12.96457,42.55515],[12.96472,42.55541],[12.96482,42.55569],[12.96485,42.55587],[12.96485,42.55595],[12.96486,42.55602],[12.96486,42.55606],[12.96487,42.55621],[12.96492,42.55639],[12.96497,42.55652],[12.96507,42.55664],[12.9651,42.55668],[12.96519,42.55679],[12.96524,42.55685],[12.96526,42.55688],[12.9653,42.55695],[12.96536,42.55705],[12.96541,42.55721],[12.96545,42.55736],[12.96546,42.55742],[12.96549,42.5576],[12.96554,42.55772],[12.96561,42.55786],[12.96573,42.55805],[12.96584,42.55821],[12.96585,42.55824],[12.9659,42.55831],[12.96594,42.55837],[12.966,42.55847],[12.96604,42.55854],[12.96614,42.5587],[12.96628,42.55891],[12.96659,42.55936],[12.96671,42.55937],[12.9668,42.55939],[12.96692,42.55942],[12.96705,42.55946],[12.96713,42.5595],[12.96725,42.55956],[12.96738,42.55963],[12.96752,42.55972],[12.96756,42.55974],[12.96769,42.55985],[12.96773,42.55987],[12.96785,42.55998],[12.96789,42.56002],[12.968,42.56013],[12.96806,42.56019],[12.96823,42.56035],[12.96841,42.56057],[12.96852,42.56073],[12.96853,42.56077],[12.96855,42.56097],[12.96857,42.5612],[12.96857,42.56145],[12.96858,42.56156],[12.96858,42.56163],[12.96859,42.56205],[12.96864,42.56234],[12.96869,42.56258],[12.96872,42.5627],[12.96876,42.56288],[12.9688,42.56304],[12.96881,42.56306],[12.96892,42.56334],[12.96904,42.56357],[12.96907,42.56363],[12.96912,42.56374],[12.9692,42.56391],[12.96924,42.56401],[12.96928,42.56408],[12.96932,42.56416],[12.96938,42.56426],[12.96942,42.56432],[12.96949,42.5644],[12.96953,42.56445],[12.96961,42.56454],[12.96986,42.56486],[12.96991,42.56493],[12.97,42.56501],[12.97011,42.56512],[12.97015,42.56515],[12.9703,42.56527],[12.97055,42.56546],[12.97061,42.56559],[12.97062,42.56563],[12.97063,42.5657],[12.97064,42.56581],[12.97066,42.56603],[12.97068,42.56621],[12.9707,42.56636],[12.97075,42.56656],[12.97088,42.56684],[12.97094,42.567],[12.97105,42.56732],[12.97108,42.56741],[12.97122,42.56778],[12.97127,42.56791],[12.97135,42.56809],[12.97136,42.56811],[12.97143,42.56826],[12.97144,42.56828],[12.97151,42.56837],[12.97152,42.56839],[12.97156,42.56843],[12.97159,42.56846],[12.97164,42.56851],[12.97172,42.56857],[12.97187,42.56868],[12.9719,42.56869],[12.97194,42.56871],[12.97237,42.56887],[12.97258,42.56887],[12.97264,42.56886],[12.97265,42.56886],[12.97274,42.56885],[12.97285,42.56883],[12.97289,42.56883],[12.97312,42.56865],[12.9732,42.56855],[12.97322,42.56854],[12.97324,42.56841],[12.97324,42.56836],[12.97324,42.56835],[12.97322,42.5683],[12.97319,42.56821],[12.97306,42.5681],[12.97297,42.56805],[12.97286,42.56801],[12.97281,42.568],[12.97275,42.56799],[12.9726,42.56798],[12.97257,42.56799],[12.97231,42.568],[12.97221,42.56803],[12.97211,42.56808],[12.97198,42.56814],[12.97187,42.56819],[12.97183,42.56821],[12.97179,42.56823],[12.97172,42.56826],[12.97161,42.56831],[12.97139,42.56841],[12.97119,42.5685],[12.97102,42.56857],[12.97089,42.56863],[12.97082,42.56867],[12.97074,42.5687],[12.97067,42.56873],[12.97059,42.56877],[12.97047,42.56883],[12.97038,42.56887],[12.97024,42.56893],[12.97013,42.56897],[12.96996,42.56905],[12.9698,42.56912],[12.96957,42.56921],[12.9694,42.56928],[12.96917,42.56937],[12.96891,42.56948],[12.96877,42.56954],[12.96862,42.5696],[12.96847,42.56967],[12.96829,42.56974],[12.96808,42.56982],[12.96794,42.56988],[12.96779,42.56995],[12.96767,42.57],[12.96753,42.57006],[12.96734,42.57013],[12.96721,42.57018],[12.96705,42.57023],[12.96693,42.57028],[12.96683,42.57031],[12.96669,42.57037],[12.96661,42.57039],[12.96646,42.57045],[12.9664,42.57048],[12.96631,42.57051],[12.96614,42.57058],[12.96595,42.57066],[12.96581,42.57071],[12.9656,42.57079],[12.96551,42.57083],[12.9653,42.5709],[12.96512,42.57096],[12.96502,42.571],[12.9649,42.57103],[12.96473,42.57108],[12.96469,42.5711],[12.96456,42.57113],[12.96442,42.57117],[12.96433,42.57119],[12.96406,42.57126],[12.9639,42.57129],[12.96384,42.5713],[12.96377,42.57132],[12.9636,42.57135],[12.96344,42.57138],[12.96325,42.57142],[12.96304,42.57145],[12.96272,42.5715],[12.96248,42.57154],[12.96239,42.57159],[12.96238,42.57159],[12.96235,42.5716],[12.96231,42.5716],[12.96228,42.57161],[12.96224,42.57161],[12.96221,42.57162],[12.96215,42.57163],[12.96212,42.57163],[12.96209,42.57164],[12.96207,42.57165],[12.96202,42.57168],[12.96201,42.57169],[12.96201,42.57172],[12.962,42.57174],[12.96199,42.57177],[12.96197,42.57179],[12.96195,42.57181],[12.96193,42.57183],[12.96191,42.57185],[12.96188,42.57187],[12.96185,42.57188],[12.96182,42.57189],[12.96179,42.5719],[12.96178,42.5719],[12.96175,42.57191],[12.96172,42.57191],[12.96168,42.57191],[12.96165,42.57191],[12.96158,42.5719],[12.96155,42.57189],[12.96152,42.57188],[12.96149,42.57186],[12.96146,42.57184],[12.96144,42.57183],[12.96142,42.57181],[12.9614,42.57178],[12.96138,42.57176],[12.96137,42.57174],[12.96136,42.57171],[12.96136,42.57168],[12.96136,42.57166],[12.96136,42.57165],[12.96137,42.57163],[12.96137,42.57161],[12.96138,42.57159],[12.96139,42.57157],[12.96141,42.57154],[12.96143,42.57152],[12.96145,42.5715],[12.96147,42.57149],[12.96151,42.57147],[12.96154,42.57145],[12.96158,42.57144],[12.96161,42.57144],[12.96166,42.57138],[12.96169,42.57134],[12.96172,42.5713],[12.96174,42.57127],[12.96177,42.57119],[12.96182,42.57113],[12.96186,42.5709],[12.96186,42.57088],[12.96188,42.57081],[12.96189,42.57065],[12.9619,42.57057],[12.96194,42.57031],[12.96197,42.57014],[12.96199,42.56996],[12.96202,42.56978],[12.96208,42.56936],[12.9621,42.56922],[12.96221,42.56843],[12.96221,42.5684],[12.96224,42.56822],[12.96228,42.56787],[12.96232,42.56761],[12.96234,42.56752],[12.96235,42.56745],[12.96237,42.56733],[12.96237,42.56731],[12.96239,42.56722],[12.96243,42.56693],[12.96245,42.56673],[12.96246,42.56661],[12.96247,42.56654],[12.96249,42.56643],[12.96253,42.56623],[12.96249,42.56643],[12.96247,42.56654],[12.96246,42.56661],[12.96245,42.56673],[12.96243,42.56693],[12.96239,42.56722],[12.96237,42.56731],[12.96237,42.56733],[12.96235,42.56745],[12.96234,42.56752],[12.96232,42.56761],[12.96228,42.56787],[12.96224,42.56822],[12.96221,42.5684],[12.96221,42.56843],[12.9621,42.56922],[12.96208,42.56936],[12.96202,42.56978],[12.96199,42.56996],[12.96197,42.57014],[12.96194,42.57031],[12.9619,42.57057],[12.96189,42.57065],[12.96188,42.57081],[12.96186,42.57088],[12.96186,42.5709],[12.96182,42.57113],[12.96181,42.57125],[12.96181,42.5713],[12.96181,42.57133],[12.96183,42.57136],[12.96184,42.57139],[12.9619,42.57149],[12.96191,42.57149],[12.96193,42.57151],[12.96195,42.57153],[12.96197,42.57155],[12.96199,42.57157],[12.962,42.5716],[12.96201,42.57162],[12.96202,42.57167],[12.96202,42.57168],[12.96201,42.57169],[12.96201,42.57172],[12.962,42.57174],[12.96199,42.57177],[12.96197,42.57179],[12.96195,42.57181],[12.96193,42.57183],[12.96191,42.57185],[12.96188,42.57187],[12.96185,42.57188],[12.96182,42.57189],[12.96179,42.5719],[12.96178,42.5719],[12.96175,42.57191],[12.96172,42.57191],[12.96168,42.57191],[12.96165,42.57191],[12.96158,42.5719],[12.96155,42.57189],[12.96152,42.57188],[12.96149,42.57186],[12.96146,42.57184],[12.96144,42.57183],[12.96142,42.57181],[12.96133,42.57179],[12.96126,42.57178],[12.96119,42.57178],[12.96113,42.57178],[12.96102,42.57179],[12.96081,42.57181],[12.96051,42.57185],[12.96041,42.57187],[12.96038,42.57187],[12.96005,42.57192],[12.95938,42.57202],[12.95901,42.57208],[12.95889,42.5721],[12.95846,42.57216],[12.95822,42.5722],[12.95798,42.57224],[12.95796,42.57224],[12.95753,42.57231],[12.95751,42.57231],[12.95668,42.57246],[12.95608,42.57255],[12.95543,42.57266],[12.95462,42.57278],[12.95405,42.57286],[12.95394,42.57288],[12.95343,42.57297],[12.95292,42.57305],[12.95253,42.57312],[12.95244,42.57314],[12.95221,42.57319],[12.95198,42.57325],[12.95182,42.57329],[12.95157,42.57335],[12.95111,42.57349],[12.9508,42.57359],[12.95055,42.57369],[12.95003,42.57388],[12.9493,42.57415],[12.94873,42.57436],[12.94864,42.5744],[12.94843,42.57448],[12.94821,42.57456],[12.94726,42.57492],[12.94654,42.57519],[12.94598,42.57541],[12.94533,42.57565],[12.94527,42.57568],[12.94523,42.57569],[12.94495,42.5758],[12.94478,42.57587],[12.94462,42.57592],[12.94429,42.57605],[12.94388,42.5762],[12.94387,42.57621],[12.94381,42.57623],[12.94375,42.57625],[12.94366,42.57629],[12.94354,42.57633],[12.94343,42.57637],[12.94326,42.57644],[12.94323,42.57645],[12.94322,42.57646],[12.94311,42.5765],[12.943,42.57654],[12.94283,42.5766],[12.94258,42.5767],[12.94256,42.5767],[12.94245,42.57674],[12.94242,42.57675],[12.94187,42.57697],[12.9418,42.577],[12.94146,42.57712],[12.94127,42.57719],[12.94111,42.57725],[12.94105,42.57727],[12.941,42.57728],[12.94064,42.5774],[12.94045,42.57745],[12.94024,42.57751],[12.93996,42.57757],[12.93975,42.57761],[12.93957,42.57764],[12.93935,42.57767],[12.93916,42.5777],[12.93903,42.57771],[12.93873,42.57773],[12.93855,42.57775],[12.93848,42.57775],[12.93835,42.57775],[12.93812,42.57774],[12.93785,42.57772],[12.93741,42.57769],[12.93675,42.57763],[12.93598,42.57757],[12.93569,42.57754],[12.93546,42.57753],[12.93522,42.57751],[12.93498,42.57749],[12.93496,42.57748],[12.93447,42.57745],[12.93434,42.57744],[12.93423,42.57743],[12.93375,42.57738],[12.93332,42.57735],[12.93326,42.57735],[12.9331,42.57734],[12.93306,42.57733],[12.93302,42.57733],[12.93277,42.57732],[12.93276,42.57732],[12.93246,42.57732],[12.93224,42.57732],[12.93203,42.57733],[12.93201,42.57734],[12.93179,42.57736],[12.93167,42.57737],[12.93155,42.57739],[12.93153,42.57739],[12.93137,42.57741],[12.93128,42.57743],[12.93107,42.57747],[12.93101,42.57749],[12.93084,42.57753],[12.93065,42.57758],[12.93061,42.57759],[12.93043,42.57765],[12.93039,42.57766],[12.93032,42.57768],[12.93016,42.57774],[12.93012,42.57775],[12.92995,42.57782],[12.92993,42.57783],[12.92968,42.57795],[12.92955,42.57801],[12.92954,42.57802],[12.92937,42.57811],[12.92934,42.57812],[12.92916,42.57824],[12.92901,42.57834],[12.92881,42.57849],[12.9286,42.57865],[12.9285,42.57873],[12.92843,42.57878],[12.9281,42.57905],[12.92794,42.57918],[12.92784,42.57926],[12.92777,42.57932],[12.92761,42.57945],[12.92746,42.57956],[12.92744,42.57958],[12.92727,42.57971],[12.9271,42.57984],[12.92695,42.57995],[12.92676,42.5801],[12.92665,42.58019],[12.9266,42.58023],[12.92642,42.58036],[12.92631,42.58044],[12.92625,42.58048],[12.92611,42.58057],[12.92606,42.5806],[12.92593,42.58069],[12.92588,42.58072],[12.92587,42.58073],[12.92583,42.58075],[12.92578,42.58078],[12.9257,42.58083],[12.92569,42.58083],[12.9255,42.58094],[12.92545,42.58097],[12.9253,42.58105],[12.92516,42.58112],[12.92509,42.58114],[12.92501,42.58118],[12.92488,42.58123],[12.9247,42.5813],[12.92466,42.58131],[12.92444,42.58138],[12.92439,42.58139],[12.92421,42.58144],[12.92398,42.5815],[12.92374,42.58155],[12.92365,42.58156],[12.92351,42.58158],[12.92338,42.5816],[12.92326,42.58161],[12.92313,42.58163],[12.92302,42.58163],[12.9229,42.58164],[12.92277,42.58164],[12.92265,42.58165],[12.92261,42.58165],[12.92237,42.58164],[12.92233,42.58164],[12.92231,42.58164],[12.92229,42.58163],[12.92225,42.58163],[12.92213,42.58162],[12.92206,42.58162],[12.92204,42.58161],[12.92201,42.58161],[12.92191,42.5816],[12.9216,42.58156],[12.92135,42.58151],[12.92133,42.58151],[12.92109,42.58146],[12.92107,42.58145],[12.92086,42.58139],[12.92074,42.58136],[12.92064,42.58132],[12.92056,42.58129],[12.92042,42.58124],[12.92033,42.58121],[12.92023,42.58116],[12.92021,42.58115],[12.92009,42.58109],[12.92001,42.58105],[12.91997,42.58103],[12.91984,42.58097],[12.91981,42.58094],[12.91968,42.58087],[12.91968,42.58086],[12.91964,42.58084],[12.91962,42.58083],[12.9196,42.58081],[12.91951,42.58076],[12.91944,42.58071],[12.91942,42.58069],[12.9193,42.58061],[12.91927,42.58058],[12.91914,42.58048],[12.91898,42.58034],[12.91888,42.58024],[12.91881,42.58016],[12.91867,42.58],[12.91862,42.57994],[12.91857,42.57988],[12.91839,42.57962],[12.91838,42.57961],[12.91836,42.57956],[12.9183,42.57945],[12.91828,42.57942],[12.91827,42.57939],[12.91821,42.57928],[12.91818,42.57922],[12.91814,42.57911],[12.91807,42.57896],[12.91807,42.57894],[12.91802,42.57876],[12.91801,42.57875],[12.91794,42.5784],[12.91794,42.57834],[12.91793,42.57823],[12.91792,42.57812],[12.91793,42.57805],[12.91793,42.57795],[12.91794,42.57789],[12.91794,42.57787],[12.91796,42.57769],[12.91803,42.57733],[12.91805,42.57723],[12.91807,42.57716],[12.91808,42.57706],[12.91809,42.57705],[12.9181,42.57698],[12.91815,42.5768],[12.91819,42.57662],[12.91823,42.57645],[12.91828,42.57625],[12.9183,42.57617],[12.91834,42.57599],[12.9184,42.57574],[12.91843,42.57564],[12.91845,42.57556],[12.91852,42.57525],[12.91858,42.57503],[12.91865,42.57476],[12.91867,42.57468],[12.91872,42.5745],[12.91874,42.57446],[12.91876,42.57432],[12.91877,42.57429],[12.9188,42.57408],[12.9188,42.57397],[12.91879,42.57379],[12.91879,42.5737],[12.91874,42.57339],[12.91869,42.57325],[12.91868,42.57322],[12.91862,42.57308],[12.9186,42.57303],[12.91856,42.57291],[12.91852,42.5728],[12.91849,42.57274],[12.91845,42.57264],[12.91838,42.57246],[12.91835,42.5724],[12.91811,42.57186],[12.91783,42.57119],[12.9178,42.57113],[12.91777,42.57102],[12.9177,42.57081],[12.91761,42.57049],[12.9176,42.57047],[12.91758,42.57039],[12.91753,42.57021],[12.91752,42.57019],[12.91751,42.57014],[12.91746,42.56999],[12.91733,42.56938],[12.9173,42.56925],[12.91726,42.56907],[12.91723,42.5689],[12.91719,42.56872],[12.91717,42.56861],[12.91711,42.56836],[12.91707,42.56819],[12.917,42.5679],[12.91699,42.56785],[12.91691,42.56757],[12.91689,42.5675],[12.91688,42.56746],[12.91684,42.56734],[12.91684,42.56732],[12.91683,42.56731],[12.91678,42.56716],[12.91669,42.56696],[12.91663,42.56682],[12.91651,42.56663],[12.91641,42.56648],[12.91636,42.56642],[12.9162,42.56619],[12.91613,42.56611],[12.91604,42.56599],[12.91599,42.56593],[12.91595,42.56588],[12.91561,42.5654],[12.9156,42.56539],[12.91543,42.56518],[12.91531,42.56503],[12.91529,42.56501],[12.91523,42.56494],[12.9152,42.56491],[12.9151,42.56482],[12.91492,42.56472],[12.91458,42.56453],[12.91445,42.56449],[12.9144,42.56447],[12.91422,42.56444],[12.91416,42.56442],[12.91398,42.56441],[12.91373,42.56439],[12.91365,42.5644],[12.91341,42.56443],[12.91336,42.56444],[12.91326,42.56446],[12.91313,42.56449],[12.91302,42.56452],[12.91298,42.56452],[12.91279,42.56457],[12.91243,42.56466],[12.91197,42.56477],[12.91177,42.56482],[12.91153,42.56486],[12.91147,42.56487],[12.91105,42.56494],[12.91101,42.56495],[12.91073,42.56501],[12.91059,42.56506],[12.91046,42.5651],[12.91042,42.56511],[12.91037,42.56513],[12.91024,42.56518],[12.91023,42.56519],[12.90994,42.56527],[12.90963,42.56533],[12.90937,42.56539],[12.90916,42.56546],[12.90894,42.56554],[12.90887,42.56555],[12.90882,42.56556],[12.90878,42.56556],[12.90873,42.56556],[12.90868,42.56554],[12.90865,42.56553],[12.90861,42.5655],[12.90857,42.56546],[12.90849,42.56535],[12.90846,42.5653],[12.90843,42.56524],[12.90836,42.56519],[12.90825,42.56515],[12.90816,42.56513],[12.90807,42.56512],[12.90803,42.56511],[12.90768,42.56509],[12.90744,42.56508],[12.90717,42.56507],[12.90699,42.56506],[12.90681,42.56506],[12.90639,42.56509],[12.90615,42.5651],[12.90605,42.5651],[12.90592,42.56508],[12.90544,42.56498],[12.9046,42.56482],[12.90425,42.56475],[12.90416,42.56473],[12.90405,42.5647],[12.90395,42.56466],[12.90373,42.56455],[12.9036,42.56448],[12.9035,42.56444],[12.9034,42.56441],[12.90322,42.56435],[12.90309,42.56433],[12.90306,42.56433],[12.9029,42.56431],[12.90282,42.5643],[12.90277,42.56429],[12.9027,42.56428],[12.90267,42.56427],[12.90265,42.56426],[12.90261,42.56423],[12.9026,42.56422],[12.90255,42.56417],[12.90248,42.56407],[12.90247,42.56404],[12.90238,42.56394],[12.90234,42.56391],[12.90229,42.56388],[12.90221,42.56386],[12.90213,42.56385],[12.90211,42.56385],[12.90203,42.56386],[12.90193,42.56389],[12.90167,42.56396],[12.90157,42.56398],[12.90148,42.56398],[12.90141,42.56397],[12.90129,42.56395],[12.9012,42.56392],[12.90115,42.56391],[12.90107,42.56388],[12.90098,42.56384],[12.90085,42.56378],[12.9006,42.56362],[12.90045,42.56354],[12.90037,42.56349],[12.9,42.56331],[12.89991,42.56326],[12.89985,42.56323],[12.8998,42.5632],[12.89974,42.56318],[12.89969,42.56315],[12.89963,42.56314],[12.89955,42.56314],[12.8994,42.56316],[12.89931,42.56319],[12.89924,42.56322],[12.89913,42.56326],[12.89895,42.5633],[12.89889,42.56331],[12.89885,42.56332],[12.89874,42.56332],[12.89859,42.56329],[12.89838,42.56324],[12.89817,42.56319],[12.89794,42.56312],[12.89774,42.56304],[12.8976,42.56298],[12.89758,42.56297],[12.89753,42.56295],[12.89744,42.56291],[12.89738,42.56287],[12.8973,42.56281],[12.89721,42.56274],[12.89715,42.56269],[12.897,42.56258],[12.897,42.56257],[12.89692,42.56252],[12.89686,42.56249],[12.89683,42.56247],[12.89681,42.56247],[12.89673,42.56244],[12.89657,42.56243],[12.89641,42.56242],[12.89609,42.56243],[12.8958,42.56247],[12.89561,42.56249],[12.89543,42.56248],[12.89525,42.56246],[12.89512,42.56244],[12.89503,42.56243],[12.89494,42.56241],[12.89488,42.56241],[12.89484,42.5624],[12.89473,42.56241],[12.89463,42.56243],[12.89455,42.56246],[12.89448,42.5625],[12.89437,42.56254],[12.89427,42.56257],[12.8942,42.56258],[12.89404,42.56261],[12.89379,42.56264],[12.89357,42.56267],[12.89338,42.56269],[12.89329,42.56269],[12.89327,42.56268],[12.89326,42.56268],[12.89323,42.56267],[12.8932,42.56265],[12.89317,42.56264],[12.89315,42.56262],[12.89314,42.56261],[12.89312,42.56258],[12.89312,42.56255],[12.89308,42.56246],[12.89305,42.56238],[12.893,42.56226],[12.89297,42.56221],[12.89292,42.56213],[12.89291,42.56212],[12.89289,42.5621],[12.89285,42.56207],[12.89284,42.56206],[12.89279,42.56205],[12.89275,42.56203],[12.89269,42.56203],[12.89258,42.56203],[12.89248,42.56206],[12.89239,42.56211],[12.89227,42.56223],[12.89223,42.56225],[12.89219,42.56228],[12.89212,42.56231],[12.89202,42.56233],[12.89188,42.56232],[12.89166,42.56231],[12.89154,42.56229],[12.89146,42.56228],[12.89131,42.56225],[12.8913,42.56224],[12.89115,42.56219],[12.891,42.56211],[12.8909,42.56204],[12.89078,42.56195],[12.89064,42.56185],[12.89054,42.5618],[12.89042,42.56177],[12.89029,42.56175],[12.89007,42.56172],[12.88959,42.56165],[12.88852,42.5615],[12.88812,42.56144],[12.88788,42.56141],[12.88743,42.56134],[12.8874,42.56134],[12.88728,42.56132],[12.88719,42.5613],[12.88717,42.56129],[12.88706,42.56127],[12.88696,42.56124],[12.88693,42.56124],[12.88686,42.56122],[12.88675,42.56118],[12.88674,42.56117],[12.88671,42.56116],[12.88663,42.56112],[12.88651,42.56106],[12.88635,42.56097],[12.88634,42.56096],[12.88632,42.56095],[12.88628,42.56093],[12.88614,42.56086],[12.88612,42.56084],[12.88609,42.56083],[12.88581,42.56065],[12.88573,42.56058],[12.88565,42.56051],[12.88561,42.56046],[12.88549,42.56032],[12.88537,42.56022],[12.88534,42.56019],[12.88517,42.56006],[12.88515,42.56004],[12.885,42.55993],[12.88498,42.55991],[12.88483,42.5598],[12.88481,42.55978],[12.88467,42.55966],[12.88462,42.55962],[12.88456,42.55958],[12.88448,42.55953],[12.88447,42.55952],[12.8844,42.5595],[12.88433,42.55948],[12.88425,42.55948],[12.88424,42.55948],[12.88415,42.55949],[12.88404,42.55953],[12.88402,42.55954],[12.88396,42.55957],[12.88392,42.55959],[12.88388,42.55962],[12.88383,42.55966],[12.8838,42.55968],[12.88376,42.55972],[12.88368,42.55975],[12.88367,42.55976],[12.88364,42.55977],[12.8836,42.55978],[12.88352,42.5598],[12.88343,42.55981],[12.88342,42.55981],[12.88341,42.55981],[12.88333,42.55981],[12.88324,42.55981],[12.88319,42.55979],[12.88317,42.55979],[12.88316,42.55978],[12.88271,42.55965],[12.88263,42.55963],[12.88248,42.55959],[12.88225,42.55954],[12.88221,42.55953],[12.88191,42.55947],[12.88185,42.55946],[12.88175,42.55945],[12.88154,42.55941],[12.8813,42.55938],[12.88112,42.55935],[12.88108,42.55935],[12.88089,42.55934],[12.88084,42.55934],[12.88081,42.55934],[12.88072,42.55935],[12.88057,42.55935],[12.88052,42.55936],[12.88033,42.55936],[12.88015,42.55937],[12.88008,42.55937],[12.87986,42.55938],[12.87984,42.55938],[12.87983,42.55938],[12.87962,42.55937],[12.87959,42.55937],[12.87958,42.55936],[12.87936,42.55932],[12.87931,42.55931],[12.87911,42.55926],[12.87889,42.55921],[12.87843,42.5591],[12.87822,42.55906],[12.87819,42.55905],[12.87802,42.55901],[12.8778,42.55895],[12.87755,42.55885],[12.87754,42.55885],[12.87752,42.55884],[12.87741,42.55882],[12.87731,42.5588],[12.87729,42.55879],[12.87705,42.55875],[12.87696,42.55873],[12.87681,42.55868],[12.87668,42.55861],[12.87663,42.55857],[12.87661,42.55855],[12.87654,42.55848],[12.87652,42.55844],[12.8765,42.55839],[12.87648,42.5583],[12.87648,42.55824],[12.87648,42.55823],[12.8765,42.55808],[12.87651,42.55806],[12.8766,42.55745],[12.87662,42.55735],[12.87665,42.55717],[12.87669,42.55699],[12.87675,42.55669],[12.87676,42.55663],[12.87676,42.55655],[12.87678,42.55647],[12.87679,42.55646],[12.87679,42.55644],[12.87682,42.55636],[12.87686,42.5563],[12.87687,42.55629],[12.87689,42.55626],[12.87693,42.55619],[12.87696,42.55614],[12.87696,42.55613],[12.87696,42.55612],[12.87699,42.55603],[12.87699,42.55595],[12.87699,42.55594],[12.87698,42.55588],[12.87696,42.55583],[12.87691,42.55578],[12.87681,42.55571],[12.87675,42.55569],[12.87673,42.55569],[12.87668,42.55567],[12.87661,42.55567],[12.87655,42.55567],[12.87649,42.55568],[12.87647,42.55568],[12.87645,42.55569],[12.87637,42.55571],[12.87625,42.55576],[12.87623,42.55577],[12.87608,42.55586],[12.87606,42.55587],[12.87606,42.55588],[12.87592,42.556],[12.8759,42.55601],[12.87576,42.55614],[12.87559,42.55629],[12.87558,42.55629],[12.87544,42.55643],[12.87539,42.55649],[12.8753,42.55658],[12.87525,42.55663],[12.87514,42.55671],[12.8751,42.55675],[12.875,42.55685],[12.87499,42.55686],[12.87493,42.55694],[12.87477,42.55714],[12.87464,42.55727],[12.87451,42.55738],[12.87444,42.55745],[12.87443,42.55747],[12.87435,42.55756],[12.87433,42.55761],[12.87428,42.55769],[12.87422,42.55782],[12.87414,42.55805],[12.87411,42.55812],[12.87408,42.55818],[12.87404,42.55822],[12.874,42.55825],[12.87397,42.55826],[12.87387,42.5583],[12.87375,42.55834],[12.87362,42.55838],[12.87353,42.55842],[12.87337,42.55848],[12.87334,42.55849],[12.87331,42.5585],[12.87326,42.55851],[12.8731,42.55855],[12.87308,42.55855],[12.87289,42.55858],[12.87284,42.55859],[12.87254,42.55865],[12.87238,42.55871],[12.87216,42.55878],[12.87211,42.5588],[12.87196,42.55884],[12.87193,42.55884],[12.87186,42.55885],[12.87179,42.55883],[12.87173,42.55881],[12.87171,42.5588],[12.87161,42.55873],[12.87156,42.55868],[12.87155,42.55866],[12.87148,42.55857],[12.87143,42.55852],[12.87142,42.55851],[12.87126,42.55837],[12.87123,42.55834],[12.87107,42.55826],[12.87094,42.55819],[12.87089,42.55817],[12.87087,42.55816],[12.87065,42.55808],[12.87051,42.55802],[12.87044,42.558],[12.87029,42.55794],[12.87022,42.55792],[12.87,42.55784],[12.86985,42.55779],[12.86975,42.55775],[12.86966,42.55769],[12.8696,42.55764],[12.86954,42.55758],[12.86947,42.55748],[12.86937,42.55735],[12.86937,42.55734],[12.86935,42.55733],[12.86932,42.5573],[12.86927,42.55727],[12.86921,42.55724],[12.86915,42.55723],[12.86908,42.55723],[12.86894,42.55723],[12.86891,42.55723],[12.86888,42.55723],[12.86882,42.55724],[12.86851,42.55728],[12.86845,42.55728],[12.86843,42.55728],[12.86838,42.55727],[12.86831,42.55725],[12.86826,42.55724],[12.8682,42.55721],[12.86814,42.55716],[12.8681,42.5571],[12.86807,42.55706],[12.86806,42.55704],[12.86803,42.55699],[12.86801,42.55696],[12.86799,42.55692],[12.86798,42.55689],[12.86792,42.55677],[12.86791,42.55675],[12.86789,42.55673],[12.86788,42.5567],[12.86787,42.5567],[12.86786,42.55669],[12.8678,42.55664],[12.86772,42.5566],[12.86769,42.55659],[12.86751,42.55651],[12.86734,42.55642],[12.86732,42.5564],[12.86729,42.55638],[12.86726,42.55634],[12.86723,42.55626],[12.86722,42.55624],[12.86721,42.55621],[12.86722,42.55613],[12.86724,42.55606],[12.86725,42.55602],[12.86729,42.55589],[12.8673,42.55587],[12.86733,42.55578],[12.86735,42.55571],[12.86737,42.55564],[12.86737,42.5555],[12.86737,42.55535],[12.86736,42.55525],[12.86736,42.55518],[12.86736,42.55513],[12.86737,42.55506],[12.86738,42.555],[12.86739,42.55497],[12.8674,42.55491],[12.86739,42.55488],[12.86737,42.55484],[12.86736,42.55482],[12.86734,42.5548],[12.86732,42.55479],[12.8673,42.55477],[12.86726,42.55475],[12.86723,42.55475],[12.8672,42.55474],[12.86716,42.55475],[12.86715,42.55475],[12.86708,42.55476],[12.86693,42.5548],[12.86693,42.55481],[12.86663,42.55493],[12.86656,42.55496],[12.8665,42.55497],[12.86648,42.55497],[12.86641,42.55498],[12.86632,42.55499],[12.86625,42.55498],[12.86619,42.55497],[12.86613,42.55495],[12.86608,42.55492],[12.86606,42.55489],[12.86604,42.55487],[12.86603,42.55484],[12.86601,42.55479],[12.86603,42.55472],[12.86603,42.55469],[12.86606,42.55444],[12.86604,42.55427],[12.86603,42.55418],[12.86601,42.55407],[12.86599,42.554],[12.86594,42.55382],[12.8659,42.55365],[12.86589,42.55364],[12.86584,42.55355],[12.8658,42.55351],[12.86578,42.55349],[12.86575,42.55348],[12.86569,42.55345],[12.86561,42.55345],[12.86555,42.55345],[12.86552,42.55346],[12.86543,42.55348],[12.86532,42.55351],[12.86529,42.55352],[12.86526,42.55353],[12.86509,42.55358],[12.86507,42.55358],[12.86506,42.55359],[12.86503,42.5536],[12.86486,42.55364],[12.86482,42.55365],[12.86478,42.55365],[12.86474,42.55365],[12.86469,42.55364],[12.86464,42.55362],[12.86463,42.55362],[12.86459,42.55359],[12.86446,42.55351],[12.86445,42.5535],[12.86427,42.55337],[12.86412,42.55323],[12.86398,42.55309],[12.86383,42.55294],[12.86381,42.55292],[12.86369,42.5528],[12.86362,42.55271],[12.86354,42.55265],[12.86352,42.55264],[12.86349,42.55262],[12.86342,42.55258],[12.86335,42.55254],[12.86329,42.55252],[12.86317,42.55245],[12.86294,42.55235],[12.86294,42.55234],[12.86272,42.55227],[12.86264,42.55224],[12.86232,42.55217],[12.86226,42.55215],[12.86223,42.55214],[12.86216,42.55209],[12.86213,42.55204],[12.86212,42.55201],[12.8621,42.55198],[12.86209,42.55195],[12.86209,42.55189],[12.8621,42.55185],[12.86211,42.55184],[12.86212,42.55179],[12.86218,42.55171],[12.8622,42.55167],[12.86223,42.55163],[12.86236,42.55147],[12.86248,42.55128],[12.86252,42.55121],[12.86253,42.55119],[12.86256,42.55111],[12.86258,42.55102],[12.86258,42.55099],[12.86258,42.55097],[12.86258,42.55096],[12.86257,42.55091],[12.86256,42.5509],[12.86254,42.55088],[12.86252,42.55085],[12.86249,42.55084],[12.86246,42.55083],[12.86243,42.55083],[12.86241,42.55083],[12.86228,42.55084],[12.8622,42.55085],[12.86204,42.55087],[12.86203,42.55088],[12.86185,42.55091],[12.8618,42.55092],[12.86172,42.55094],[12.86156,42.55095],[12.86153,42.55096],[12.8615,42.55096],[12.86148,42.55096],[12.86124,42.55102],[12.86109,42.55105],[12.86104,42.55106],[12.86085,42.55107],[12.86084,42.55107],[12.86067,42.55104],[12.86061,42.55102],[12.86056,42.55101],[12.86045,42.55096],[12.8604,42.55094],[12.86029,42.55088],[12.86011,42.55077],[12.86003,42.55071],[12.8599,42.55062],[12.85975,42.55048],[12.8597,42.55044],[12.85962,42.55036],[12.85954,42.55026],[12.85949,42.55019],[12.85947,42.55014],[12.85946,42.55013],[12.85944,42.55006],[12.85943,42.54996],[12.85943,42.54995],[12.85942,42.54992],[12.85942,42.5499],[12.85942,42.54984],[12.85941,42.54977],[12.85941,42.54974],[12.85941,42.54972],[12.85941,42.54967],[12.85942,42.54959],[12.85943,42.54947],[12.85943,42.54941],[12.85943,42.54938],[12.85942,42.54913],[12.85941,42.54905],[12.8594,42.54888],[12.8594,42.54887],[12.8594,42.54885],[12.8594,42.54882],[12.85939,42.54877],[12.85938,42.5487],[12.85937,42.54869],[12.85936,42.54867],[12.85933,42.54864],[12.85929,42.5486],[12.85925,42.54857],[12.8592,42.54855],[12.85916,42.54853],[12.85909,42.54852],[12.85903,42.54852],[12.85899,42.54852],[12.85884,42.54854],[12.85875,42.54856],[12.8586,42.54859],[12.85852,42.54861],[12.85837,42.54865],[12.85817,42.5487],[12.85807,42.54873],[12.85806,42.54873],[12.85796,42.54872],[12.85788,42.54871],[12.85782,42.54869],[12.85781,42.54868],[12.85779,42.54867],[12.85777,42.54866],[12.85774,42.54864],[12.85768,42.5486],[12.85765,42.54857],[12.85752,42.54844],[12.8575,42.54842],[12.85735,42.54828],[12.85733,42.54827],[12.85719,42.54815],[12.85718,42.54814],[12.85708,42.54808],[12.85699,42.54805],[12.85698,42.54805],[12.85692,42.54803],[12.85689,42.54802],[12.85675,42.54801],[12.85671,42.548],[12.85668,42.548],[12.85664,42.548],[12.85656,42.54798],[12.85652,42.54796],[12.85647,42.54794],[12.85639,42.54791],[12.8563,42.54786],[12.85619,42.54779],[12.85613,42.54775],[12.8561,42.54773],[12.85607,42.54772],[12.85597,42.54765],[12.85595,42.54763],[12.8559,42.54759],[12.85589,42.54757],[12.85585,42.54751],[12.85584,42.54749],[12.85584,42.54747],[12.85584,42.54746],[12.85585,42.5474],[12.85589,42.54731],[12.85589,42.54729],[12.85595,42.54716],[12.85596,42.54712],[12.85599,42.54705],[12.856,42.54699],[12.856,42.54695],[12.856,42.54691],[12.856,42.54688],[12.85598,42.54684],[12.85594,42.54677],[12.85587,42.54665],[12.85584,42.54661],[12.85577,42.54652],[12.8557,42.54646],[12.85559,42.54637],[12.85553,42.54633],[12.85551,42.54631],[12.85548,42.5463],[12.85538,42.54622],[12.85536,42.5462],[12.85533,42.54619],[12.85515,42.54605],[12.85499,42.54595],[12.8548,42.54587],[12.8546,42.54579],[12.85458,42.54578],[12.85446,42.54573],[12.85435,42.54565],[12.85423,42.54556],[12.85413,42.54548],[12.85405,42.54542],[12.85388,42.54529],[12.85371,42.54516],[12.85371,42.54515],[12.85364,42.54507],[12.85361,42.54499],[12.8536,42.54498],[12.85354,42.54482],[12.85354,42.54481],[12.85348,42.54464],[12.85347,42.5446],[12.85342,42.54447],[12.85342,42.54444],[12.85341,42.54442],[12.85337,42.5443],[12.85335,42.54424],[12.85331,42.54412],[12.8533,42.54409],[12.8533,42.54407],[12.85326,42.54394],[12.85322,42.54381],[12.85321,42.54376],[12.8532,42.54372],[12.85316,42.54359],[12.85316,42.54358],[12.85312,42.54347],[12.8531,42.54342],[12.85307,42.54334],[12.853,42.54325],[12.85293,42.54318],[12.85285,42.54312],[12.85254,42.54288],[12.85233,42.54274],[12.85227,42.5427],[12.85193,42.54252],[12.85174,42.54242],[12.85154,42.54232],[12.85128,42.54218],[12.85115,42.5421],[12.85107,42.54205],[12.85093,42.54194],[12.85092,42.54193],[12.85077,42.54181],[12.85076,42.5418],[12.85066,42.5417],[12.85065,42.54169],[12.85054,42.54154],[12.85054,42.54153],[12.85045,42.54138],[12.85036,42.54121],[12.85034,42.54117],[12.85027,42.54104],[12.85024,42.541],[12.85017,42.54088],[12.85017,42.54086],[12.85015,42.54083],[12.85008,42.54073],[12.85007,42.54071],[12.84999,42.54063],[12.84992,42.54057],[12.84989,42.54054],[12.84976,42.54043],[12.84975,42.54042],[12.84961,42.54029],[12.84959,42.54028],[12.8495,42.54018],[12.84948,42.54014],[12.84945,42.54008],[12.84942,42.53997],[12.84939,42.53982],[12.8494,42.53979],[12.8494,42.53974],[12.8494,42.53968],[12.84943,42.53958],[12.8495,42.53948],[12.84953,42.53945],[12.84957,42.53942],[12.84963,42.53937],[12.84971,42.53933],[12.84975,42.53931],[12.84989,42.53925],[12.85011,42.53919],[12.85015,42.53919],[12.85039,42.53914],[12.8504,42.53913],[12.85061,42.53908],[12.85062,42.53908],[12.8508,42.53903],[12.85096,42.53898],[12.85113,42.53892],[12.85124,42.53888],[12.85135,42.53884],[12.8515,42.53878],[12.8517,42.5387],[12.85172,42.53869],[12.85198,42.5386],[12.85216,42.53854],[12.85222,42.53853],[12.85223,42.53853],[12.85239,42.53849],[12.85249,42.53847],[12.85263,42.53844],[12.85293,42.53838],[12.8531,42.53835],[12.85317,42.53833],[12.85327,42.53831],[12.85343,42.53828],[12.85352,42.53826],[12.85356,42.53824],[12.85361,42.53821],[12.85368,42.53815],[12.85373,42.53811],[12.85376,42.53807],[12.85377,42.53806],[12.85387,42.53796],[12.85392,42.53793],[12.85398,42.53788],[12.85405,42.53784],[12.8541,42.53781],[12.85425,42.53773],[12.85429,42.53771],[12.85445,42.53764],[12.85451,42.53761],[12.85463,42.53756],[12.85476,42.53754],[12.85491,42.53751],[12.85503,42.53748],[12.85512,42.53744],[12.85513,42.53744],[12.8552,42.5374],[12.85526,42.53733],[12.85534,42.53726],[12.85561,42.53709],[12.85597,42.53686],[12.85603,42.53684],[12.85609,42.53682],[12.85615,42.5368],[12.85626,42.53679],[12.8563,42.53678],[12.85633,42.53677],[12.8565,42.53674],[12.85651,42.53674],[12.8566,42.5367],[12.85678,42.53661],[12.85689,42.53653],[12.85696,42.53648],[12.85706,42.5364],[12.85709,42.53638],[12.8571,42.53636],[12.85719,42.5363],[12.85722,42.53626],[12.85723,42.53624],[12.85724,42.53622],[12.85726,42.53619],[12.85726,42.53609],[12.85726,42.53604],[12.85725,42.53597],[12.85723,42.53594],[12.85721,42.53592],[12.85721,42.53591],[12.85717,42.53588],[12.85714,42.53587],[12.85711,42.53585],[12.85708,42.53585],[12.85702,42.53585],[12.85701,42.53585],[12.85694,42.53587],[12.85693,42.53587],[12.85681,42.53592],[12.85679,42.53593],[12.8567,42.53596],[12.85656,42.53598],[12.85655,42.53598],[12.85649,42.53597],[12.85643,42.53597],[12.85632,42.53594],[12.85628,42.53593],[12.85625,42.53592],[12.85608,42.53588],[12.85606,42.53587],[12.85589,42.53584],[12.85585,42.53583],[12.85563,42.5358],[12.85561,42.53581],[12.85548,42.53581],[12.85537,42.53583],[12.85536,42.53583],[12.85508,42.53589],[12.85492,42.53592],[12.85472,42.53594],[12.85465,42.53594],[12.85451,42.53594],[12.85441,42.53594],[12.85421,42.53594],[12.85417,42.53594],[12.85399,42.53593],[12.85392,42.53593],[12.85377,42.53592],[12.85368,42.53593],[12.85346,42.53594],[12.85343,42.53594],[12.85337,42.53594],[12.85319,42.53594],[12.85314,42.53594],[12.85295,42.53593],[12.85276,42.53593],[12.85242,42.5359],[12.85222,42.5359],[12.85215,42.5359],[12.85197,42.53589],[12.85173,42.53589],[12.85161,42.53589],[12.85148,42.53589],[12.85145,42.53589],[12.85134,42.53587],[12.85126,42.53584],[12.85125,42.53584],[12.85102,42.53578],[12.851,42.53577],[12.85078,42.53574],[12.85074,42.53574],[12.85053,42.53572],[12.85038,42.53571],[12.8503,42.53571],[12.85023,42.53571],[12.85005,42.5357],[12.84999,42.5357],[12.84986,42.5357],[12.84981,42.53569],[12.84962,42.53569],[12.84957,42.53568],[12.84938,42.53567],[12.84932,42.53566],[12.84911,42.53563],[12.84908,42.53563],[12.84902,42.53562],[12.84884,42.53559],[12.84883,42.53559],[12.84878,42.53558],[12.8486,42.53556],[12.84854,42.53555],[12.84836,42.53553],[12.84835,42.53553],[12.84819,42.53551],[12.84812,42.53551],[12.84805,42.53551],[12.84804,42.53551],[12.84788,42.53552],[12.84783,42.53552],[12.84769,42.53554],[12.84764,42.53555],[12.8474,42.53557],[12.84721,42.53559],[12.84706,42.5356],[12.84691,42.53562],[12.84669,42.53565],[12.84667,42.53565],[12.8466,42.53565],[12.84649,42.53565],[12.84638,42.53562],[12.84624,42.5356],[12.84619,42.5356],[12.84614,42.53559],[12.84595,42.53559],[12.84589,42.53559],[12.84574,42.5356],[12.8457,42.5356],[12.84565,42.5356],[12.84556,42.5356],[12.84532,42.53561],[12.84522,42.53561],[12.84519,42.53562],[12.84516,42.53561],[12.84512,42.5356],[12.84508,42.53558],[12.84505,42.53556],[12.84502,42.53553],[12.84501,42.5355],[12.845,42.53545],[12.845,42.53533],[12.845,42.53521],[12.84501,42.53516],[12.84502,42.53503],[12.84503,42.53502],[12.84504,42.53495],[12.84505,42.53493],[12.84508,42.53487],[12.84509,42.53486],[12.84516,42.53474],[12.84519,42.53469],[12.84524,42.53463],[12.84529,42.53453],[12.84534,42.53445],[12.84539,42.53436],[12.84545,42.53421],[12.84546,42.53419],[12.84551,42.53406],[12.84553,42.53402],[12.84557,42.53393],[12.84558,42.53392],[12.84561,42.53384],[12.84565,42.53376],[12.84566,42.5337],[12.84566,42.53361],[12.84565,42.53357],[12.84563,42.53354],[12.84555,42.53344],[12.84548,42.53335],[12.84546,42.53333],[12.84542,42.53328],[12.84535,42.5332],[12.84529,42.53312],[12.84516,42.53296],[12.84509,42.53288],[12.84503,42.53283],[12.84497,42.53278],[12.84493,42.53276],[12.84484,42.5327],[12.84467,42.5326],[12.84456,42.53253],[12.84438,42.53241],[12.84434,42.53239],[12.84416,42.53228],[12.84403,42.5322],[12.84401,42.53219],[12.84394,42.53215],[12.84388,42.53213],[12.8438,42.5321],[12.84369,42.53207],[12.84356,42.53205],[12.84354,42.53205],[12.84351,42.53205],[12.84342,42.53204],[12.84335,42.53203],[12.84326,42.53201],[12.84317,42.53198],[12.84311,42.53195],[12.84309,42.53194],[12.84303,42.53191],[12.84295,42.53186],[12.8429,42.53182],[12.84288,42.5318],[12.84282,42.53176],[12.84277,42.53171],[12.84273,42.53166],[12.84269,42.53159],[12.84267,42.53152],[12.84265,42.53145],[12.84265,42.53131],[12.84265,42.53121],[12.84266,42.53116],[12.84268,42.53106],[12.84272,42.53097],[12.84285,42.53073],[12.8429,42.53061],[12.84293,42.53052],[12.84293,42.53044],[12.84292,42.53033],[12.84291,42.53029],[12.84288,42.53021],[12.84284,42.5301],[12.84283,42.53005],[12.84282,42.52999],[12.84282,42.52992],[12.84284,42.52988],[12.84285,42.52984],[12.84286,42.52981],[12.84289,42.52976],[12.84292,42.52971],[12.84301,42.5296],[12.84314,42.52944],[12.84319,42.52939],[12.84329,42.52933],[12.84349,42.52922],[12.8435,42.52922],[12.8436,42.52917],[12.84374,42.5291],[12.84385,42.52905],[12.8439,42.52901],[12.84392,42.52899],[12.84394,42.52896],[12.84394,42.52894],[12.84394,42.52891],[12.84392,42.52888],[12.84391,42.52886],[12.8439,42.52885],[12.84389,42.52883],[12.84386,42.52881],[12.84383,42.5288],[12.84378,42.52879],[12.84373,42.52879],[12.84366,42.5288],[12.84347,42.52883],[12.84315,42.52885],[12.84269,42.52887],[12.84258,42.52887],[12.84247,42.52887],[12.84231,42.52885],[12.84224,42.52883],[12.84218,42.52882],[12.84204,42.52878],[12.84182,42.5287],[12.84157,42.52859],[12.84147,42.52853],[12.84139,42.52848],[12.84134,42.52843],[12.84127,42.52838],[12.84123,42.52834],[12.84116,42.52828],[12.84106,42.52817],[12.84098,42.52808],[12.84092,42.52799],[12.84088,42.52792],[12.84087,42.52787],[12.84086,42.52783],[12.84086,42.52781],[12.84086,42.52778],[12.84088,42.52774],[12.84091,42.5277],[12.84092,42.5277],[12.84095,42.52767],[12.84098,42.52764],[12.84104,42.52761],[12.8411,42.52759],[12.84118,42.52756],[12.84125,42.52755],[12.84132,42.52754],[12.84138,42.52753],[12.84147,42.52752],[12.84158,42.52752],[12.84164,42.52752],[12.84181,42.52752],[12.84183,42.52752],[12.84193,42.52752],[12.84199,42.52751],[12.84205,42.52751],[12.84211,42.52749],[12.84216,42.52748],[12.84228,42.52743],[12.84229,42.52742],[12.84248,42.52733],[12.84253,42.5273],[12.8427,42.52721],[12.84283,42.52713],[12.84289,42.52709],[12.84296,42.52703],[12.84299,42.52699],[12.84302,42.52696],[12.84303,42.52695],[12.84306,42.52688],[12.8431,42.52679],[12.8431,42.52678],[12.84313,42.52669],[12.84314,42.52662],[12.84315,42.52661],[12.84315,42.5266],[12.84315,42.52656],[12.84314,42.52653],[12.84313,42.5265],[12.84311,42.52647],[12.8431,42.52645],[12.84308,42.52643],[12.84306,42.52641],[12.84304,42.52639],[12.84301,42.52637],[12.84297,42.52635],[12.84293,42.52633],[12.84289,42.52632],[12.84284,42.52631],[12.84278,42.5263],[12.84269,42.52629],[12.84268,42.52629],[12.84267,42.52629],[12.84256,42.52627],[12.84243,42.52623],[12.84234,42.52621],[12.84228,42.52618],[12.84219,42.52613],[12.84185,42.52594],[12.84184,42.52593],[12.84165,42.52583],[12.84164,42.52582],[12.84139,42.52568],[12.84126,42.52561],[12.84105,42.5255],[12.84099,42.52547],[12.84095,42.52544],[12.84092,42.52541],[12.84088,42.52537],[12.84085,42.52533],[12.84084,42.52529],[12.84083,42.52524],[12.84083,42.52521],[12.84083,42.5252],[12.84085,42.52509],[12.8409,42.52483],[12.84097,42.5245],[12.84097,42.52449],[12.84101,42.52432],[12.84102,42.52427],[12.8411,42.52397],[12.8411,42.52396],[12.84114,42.52379],[12.84114,42.52378],[12.84118,42.5236],[12.84119,42.52357],[12.84122,42.52345],[12.84123,42.52343],[12.84124,42.52334],[12.84125,42.52324],[12.84125,42.52318],[12.84124,42.52308],[12.84122,42.52299],[12.8412,42.52292],[12.84117,42.52282],[12.84114,42.52274],[12.84107,42.52258],[12.84104,42.52254],[12.84099,42.52249],[12.84094,42.52242],[12.84087,42.52235],[12.84081,42.5223],[12.84074,42.52224],[12.84066,42.52219],[12.84059,42.52215],[12.84046,42.52208],[12.84026,42.52198],[12.84013,42.52195],[12.84003,42.52192],[12.83993,42.52191],[12.83986,42.52191],[12.8398,42.52191],[12.83972,42.52191],[12.83964,42.52192],[12.83959,42.52193],[12.83955,42.52195],[12.83944,42.52199],[12.83935,42.52204],[12.83928,42.52209],[12.83916,42.52216],[12.83908,42.52223],[12.83897,42.5223],[12.83891,42.52233],[12.8389,42.52234],[12.83886,42.52235],[12.83884,42.52235],[12.83875,42.52237],[12.83869,42.52237],[12.83864,42.52237],[12.83863,42.52237],[12.8386,42.52237],[12.83846,42.52235],[12.83829,42.52234],[12.83814,42.52234],[12.83806,42.52235],[12.83799,42.52235],[12.83793,42.52236],[12.83781,42.52239],[12.83772,42.52241],[12.83768,42.52243],[12.83765,42.52244],[12.8376,42.52246],[12.83749,42.52252],[12.83742,42.52256],[12.83736,42.52262],[12.83734,42.52268],[12.83731,42.52274],[12.8373,42.52281],[12.83729,42.52289],[12.83729,42.52299],[12.83728,42.52306],[12.83728,42.52323],[12.83728,42.52324],[12.83727,42.52329],[12.83725,42.52338],[12.83722,42.52344],[12.83718,42.52349],[12.83713,42.52354],[12.83713,42.52355],[12.83707,42.52359],[12.837,42.52364],[12.83693,42.52368],[12.83685,42.52371],[12.83673,42.52376],[12.83672,42.52376],[12.83671,42.52377],[12.83661,42.52381],[12.83657,42.52383],[12.83654,42.52386],[12.83652,42.52388],[12.83649,42.52392],[12.83648,42.52395],[12.83648,42.524],[12.83649,42.52404],[12.83651,42.52408],[12.83654,42.52413],[12.83658,42.52418],[12.83662,42.52423],[12.83668,42.5243],[12.83671,42.52435],[12.83671,42.52437],[12.83672,42.52439],[12.83673,42.52443],[12.83674,42.52447],[12.83672,42.52452],[12.83671,42.52455],[12.8367,42.52455],[12.83658,42.52467],[12.83648,42.52477],[12.83638,42.52487],[12.83627,42.52497],[12.83617,42.52503],[12.83611,42.52505],[12.83594,42.5251],[12.83582,42.52513],[12.83559,42.52519],[12.8355,42.5252],[12.83539,42.52522],[12.83529,42.52523],[12.83504,42.52524],[12.83487,42.52524],[12.83464,42.52525],[12.83453,42.52525],[12.83441,42.52526],[12.83428,42.52529],[12.83419,42.52531],[12.83415,42.52532],[12.83413,42.52533],[12.83406,42.52536],[12.83402,42.52539],[12.83397,42.52542],[12.83392,42.52547],[12.83388,42.52552],[12.83385,42.52557],[12.83383,42.52559],[12.83373,42.52575],[12.83372,42.52576],[12.83363,42.52585],[12.83358,42.5259],[12.83351,42.52597],[12.83344,42.52604],[12.8333,42.52617],[12.83319,42.52626],[12.83306,42.52635],[12.83294,42.52643],[12.83281,42.5265],[12.83279,42.52652],[12.83276,42.52652],[12.83274,42.52653],[12.83271,42.52653],[12.83266,42.52653],[12.83259,42.52651],[12.83256,42.5265],[12.83254,42.52649],[12.8325,42.52646],[12.83245,42.52642],[12.83234,42.52632],[12.83232,42.5263],[12.83231,42.52629],[12.83228,42.52626],[12.83222,42.5262],[12.83215,42.52612],[12.83212,42.52604],[12.83211,42.52596],[12.8321,42.52592],[12.8321,42.52589],[12.83211,42.52585],[12.83213,42.5258],[12.83216,42.52577],[12.8322,42.52574],[12.83227,42.52569],[12.83245,42.52559],[12.8325,42.52556],[12.83255,42.52551],[12.8326,42.52545],[12.83265,42.52538],[12.83268,42.52533],[12.83273,42.52521],[12.83281,42.52499],[12.83291,42.52471],[12.83293,42.52466],[12.83293,42.5246],[12.83293,42.52457],[12.83292,42.52453],[12.8329,42.52447],[12.83285,42.52437],[12.83275,42.52426],[12.83272,42.52423],[12.83269,42.52419],[12.83266,42.52412],[12.83265,42.52408],[12.83266,42.52403],[12.83266,42.52398],[12.83268,42.52391],[12.83269,42.52387],[12.83271,42.5238],[12.83275,42.52373],[12.83277,42.5237],[12.83277,42.52369],[12.83284,42.52362],[12.83292,42.52355],[12.83303,42.52347],[12.83318,42.52336],[12.83338,42.52323],[12.83344,42.52319],[12.83346,42.52317],[12.83348,42.52315],[12.83349,42.52313],[12.8335,42.5231],[12.8335,42.52309],[12.8335,42.52307],[12.83346,42.52277],[12.83346,42.52274],[12.83346,42.52268],[12.83346,42.52262],[12.83345,42.52259],[12.83346,42.52256],[12.83346,42.5225],[12.83348,42.52244],[12.83348,42.52243],[12.8335,42.52238],[12.83351,42.52235],[12.83355,42.52225],[12.83362,42.5221],[12.83364,42.52206],[12.83368,42.52196],[12.8337,42.52188],[12.83371,42.52184],[12.8337,42.5218],[12.83369,42.52176],[12.83368,42.52173],[12.83366,42.52168],[12.83363,42.52163],[12.83359,42.52159],[12.83356,42.52156],[12.83353,42.52153],[12.83349,42.5215],[12.83345,42.52148],[12.83343,42.52146],[12.83341,42.52146],[12.83338,42.52144],[12.83335,42.52144],[12.83329,42.52143],[12.83324,42.52142],[12.83319,42.52142],[12.83317,42.52142],[12.8331,42.52143],[12.83287,42.52144],[12.83237,42.52146],[12.83224,42.52143],[12.83216,42.52141],[12.83209,42.52138],[12.83197,42.52133],[12.83174,42.52116],[12.83139,42.5209],[12.83119,42.52074],[12.8311,42.52067],[12.8307,42.52035],[12.83063,42.52028],[12.83062,42.52026],[12.83061,42.52024],[12.8306,42.52022],[12.8306,42.52016],[12.83014,42.52],[12.83011,42.51999],[12.83002,42.51998],[12.82997,42.51999],[12.82992,42.52002],[12.82989,42.52004],[12.82986,42.52007],[12.82984,42.52009],[12.82983,42.52012],[12.82982,42.52014],[12.82981,42.52018],[12.82982,42.52021],[12.82983,42.52023],[12.83048,42.52078],[12.83052,42.52082],[12.83055,42.52084],[12.83057,42.52087],[12.83059,42.52091],[12.83059,42.52096],[12.83058,42.52101],[12.83055,42.52104],[12.83053,42.52107],[12.83049,42.52109],[12.83043,42.52112],[12.83035,42.52114],[12.83023,42.52116],[12.83012,42.52117],[12.83011,42.52117],[12.82996,42.52119],[12.82984,42.5212],[12.82966,42.52121],[12.82951,42.52122],[12.82939,42.52122],[12.82938,42.52122],[12.82927,42.5212],[12.82915,42.52118],[12.82908,42.52116],[12.82874,42.5211],[12.82868,42.52109],[12.82852,42.52107],[12.82844,42.52106],[12.82839,42.52105],[12.82821,42.52103],[12.8282,42.52103],[12.82813,42.52102],[12.82796,42.52099],[12.82792,42.52098],[12.82784,42.52097],[12.82773,42.52094],[12.8277,42.52094],[12.82764,42.52092],[12.82761,42.5209],[12.82757,42.52088],[12.82756,42.52088],[12.82752,42.52085],[12.82751,42.52084],[12.82749,42.52081],[12.82738,42.52068],[12.82726,42.52052],[12.82718,42.52041],[12.82713,42.52037],[12.82709,42.52033],[12.82702,42.5203],[12.82694,42.52026],[12.82688,42.52024],[12.82681,42.52022],[12.82674,42.52022],[12.82672,42.52022],[12.82671,42.52022],[12.82668,42.52022],[12.82662,42.52022],[12.82658,42.52022],[12.82654,42.52023],[12.82649,42.52025],[12.82645,42.52028],[12.82643,42.52031],[12.82641,42.52033],[12.82638,42.52038],[12.82637,42.52042],[12.82636,42.52043],[12.82634,42.52053],[12.82632,42.52059],[12.82631,42.52064],[12.8263,42.52069],[12.82627,42.52074],[12.82626,42.52076],[12.82625,42.52077],[12.82623,42.52078],[12.8262,42.52081],[12.82615,42.52084],[12.82611,42.52086],[12.82607,42.52086],[12.82606,42.52086],[12.82602,42.52086],[12.82596,42.52085],[12.8259,42.52084],[12.82577,42.52081],[12.8256,42.52076],[12.82548,42.52072],[12.82539,42.52069],[12.82537,42.52068],[12.82532,42.52067],[12.8252,42.52064],[12.82513,42.52063],[12.82508,42.52063],[12.82496,42.52061],[12.8249,42.52061],[12.82489,42.52061],[12.82484,42.52061],[12.82477,42.52062],[12.82472,42.52063],[12.82468,42.52063],[12.82467,42.52063],[12.82465,42.52063],[12.82463,42.52063],[12.82458,42.52063],[12.82453,42.52062],[12.82448,42.52061],[12.82443,42.52058],[12.82438,42.52055],[12.82433,42.5205],[12.8241,42.52032],[12.82409,42.52032],[12.82394,42.52019],[12.82393,42.52018],[12.82376,42.52005],[12.82369,42.52],[12.8236,42.51994],[12.82359,42.51993],[12.82344,42.51978],[12.82332,42.51963],[12.8232,42.51949],[12.8232,42.51948],[12.82319,42.51948],[12.82311,42.5194],[12.82302,42.51934],[12.82292,42.51929],[12.82267,42.51923],[12.82257,42.51921],[12.82252,42.5192],[12.82223,42.51916],[12.82209,42.51915],[12.82206,42.51915],[12.82186,42.51914],[12.82173,42.51914],[12.82162,42.51915],[12.82151,42.51917],[12.8214,42.51921],[12.82129,42.51927],[12.82119,42.51933],[12.82102,42.51946],[12.82089,42.51955],[12.82086,42.51958],[12.82085,42.51959],[12.82078,42.51966],[12.82074,42.51971],[12.82073,42.51973],[12.82072,42.51974],[12.82071,42.51977],[12.82069,42.5198],[12.82068,42.51985],[12.82067,42.5199],[12.82067,42.51991],[12.82067,42.51992],[12.82067,42.51999],[12.82068,42.52007],[12.82069,42.52009],[12.8207,42.52015],[12.8207,42.52021],[12.8207,42.52026],[12.82069,42.52027],[12.82068,42.52029],[12.82065,42.52031],[12.82061,42.52033],[12.82058,42.52034],[12.82055,42.52035],[12.82052,42.52035],[12.82051,42.52034],[12.82049,42.52034],[12.82047,42.52034],[12.82042,42.52033],[12.82036,42.5203],[12.8203,42.52026],[12.82029,42.52025],[12.82018,42.52017],[12.82012,42.52013],[12.8201,42.52011],[12.81997,42.52002],[12.81995,42.52],[12.81994,42.51999],[12.81989,42.51994],[12.81981,42.51986],[12.8198,42.51984],[12.81973,42.51976],[12.81967,42.51965],[12.8196,42.51952],[12.81952,42.51938],[12.81946,42.51924],[12.81936,42.51906],[12.81929,42.51896],[12.81923,42.5189],[12.81915,42.51884],[12.81909,42.5188],[12.81903,42.51876],[12.81902,42.51876],[12.819,42.51876],[12.81891,42.51872],[12.81879,42.51868],[12.81878,42.51868],[12.81869,42.51866],[12.8186,42.51865],[12.81855,42.51864],[12.81849,42.51864],[12.81837,42.51863],[12.81823,42.51863],[12.81813,42.51863],[12.81797,42.51864],[12.81774,42.51866],[12.81759,42.51867],[12.81757,42.51867],[12.81748,42.51868],[12.81738,42.51869],[12.81726,42.51868],[12.81709,42.51867],[12.8169,42.51863],[12.81668,42.51858],[12.81631,42.51849],[12.81598,42.51842],[12.81595,42.51841],[12.81579,42.51839],[12.81571,42.51838],[12.81561,42.51837],[12.8155,42.51837],[12.81547,42.51837],[12.81546,42.51836],[12.81531,42.51836],[12.8151,42.51837],[12.81467,42.51839],[12.81453,42.5184],[12.81449,42.5184],[12.81425,42.51842],[12.81409,42.51843],[12.81361,42.51847],[12.81349,42.51848],[12.81339,42.51849],[12.81329,42.51851],[12.81323,42.51852],[12.81316,42.51854],[12.81308,42.51857],[12.81284,42.51867],[12.81277,42.51873],[12.8127,42.51878],[12.81268,42.5188],[12.81266,42.51881],[12.81261,42.51887],[12.81256,42.51892],[12.81254,42.51895],[12.81253,42.51895],[12.81252,42.51898],[12.81248,42.51904],[12.81245,42.51913],[12.81241,42.51926],[12.81238,42.51939],[12.81233,42.51952],[12.81229,42.51962],[12.81227,42.51966],[12.81223,42.51971],[12.81217,42.5198],[12.81215,42.51981],[12.81205,42.51993],[12.81203,42.51995],[12.81202,42.51996],[12.8118,42.52019],[12.81173,42.52025],[12.81168,42.52029],[12.81156,42.52037],[12.81154,42.52038],[12.81141,42.52046],[12.81135,42.52048],[12.8112,42.52055],[12.81114,42.52057],[12.81112,42.52058],[12.81107,42.52059],[12.81101,42.5206],[12.81096,42.5206],[12.8109,42.52059],[12.81083,42.52058],[12.81077,42.52056],[12.8106,42.52051],[12.81045,42.52048],[12.81044,42.52048],[12.81041,42.52047],[12.81038,42.52046],[12.81033,42.52046],[12.81028,42.52046],[12.81025,42.52046],[12.8102,42.52046],[12.81016,42.52047],[12.81011,42.52048],[12.81007,42.52049],[12.81002,42.52051],[12.80999,42.52052],[12.80998,42.52053],[12.80996,42.52054],[12.80994,42.52055],[12.80992,42.52057],[12.8099,42.52059],[12.80988,42.52062],[12.80987,42.52065],[12.80986,42.52067],[12.80986,42.52068],[12.80986,42.5207],[12.80986,42.52073],[12.80986,42.52078],[12.80987,42.52086],[12.80987,42.52088],[12.80989,42.52104],[12.80989,42.52106],[12.8099,42.52122],[12.8099,42.52124],[12.8099,42.52138],[12.8099,42.52162],[12.8099,42.52176],[12.80989,42.52178],[12.80989,42.52179],[12.80987,42.52188],[12.80985,42.52192],[12.80984,42.52193],[12.80983,42.52195],[12.8098,42.52197],[12.80977,42.522],[12.80973,42.52201],[12.8097,42.52202],[12.80966,42.52204],[12.80965,42.52204],[12.8096,42.52205],[12.80946,42.52207],[12.80941,42.52208],[12.80938,42.52208],[12.80935,42.52209],[12.80917,42.52211],[12.80905,42.52212],[12.80899,42.52212],[12.80893,42.52212],[12.80888,42.52212],[12.80883,42.52212],[12.80877,42.5221],[12.8087,42.52208],[12.80864,42.52206],[12.80859,42.52203],[12.80852,42.52198],[12.80845,42.52192],[12.80836,42.52183],[12.80834,42.52181],[12.80831,42.52178],[12.80825,42.52174],[12.80821,42.52172],[12.80818,42.5217],[12.80816,42.5217],[12.80812,42.52168],[12.80808,42.52167],[12.80803,42.52166],[12.80799,42.52166],[12.80795,42.52166],[12.80789,42.52167],[12.80782,42.52168],[12.80777,42.52169],[12.80772,42.52171],[12.8077,42.52171],[12.80765,42.52173],[12.80758,42.52176],[12.80754,42.52179],[12.80751,42.5218],[12.80749,42.52182],[12.80744,42.52185],[12.8074,42.52188],[12.80736,42.52192],[12.80729,42.52199],[12.80718,42.52214],[12.80702,42.52235],[12.80698,42.5224],[12.80697,42.52242],[12.80686,42.52255],[12.80686,42.52256],[12.80684,42.52258],[12.80673,42.5227],[12.80673,42.52271],[12.80671,42.52273],[12.80661,42.52283],[12.80646,42.52294],[12.80628,42.52306],[12.80609,42.5232],[12.80572,42.52349],[12.8057,42.5235],[12.80554,42.52362],[12.80553,42.52363],[12.80538,42.52374],[12.80536,42.52376],[12.80529,42.52381],[12.80526,42.52383],[12.80524,42.52384],[12.80521,42.52384],[12.80515,42.52385],[12.80514,42.524],[12.80514,42.52403],[12.80512,42.52411],[12.8051,42.52418],[12.80509,42.5242],[12.80505,42.52429],[12.80499,42.52438],[12.80494,42.52445],[12.80489,42.52451],[12.8048,42.52454],[12.80456,42.52461],[12.80434,42.52466],[12.80421,42.5247],[12.80398,42.52475],[12.80388,42.52478],[12.80374,42.52481],[12.8033,42.52492],[12.80328,42.52493],[12.80272,42.52506],[12.80259,42.52509],[12.80233,42.52515],[12.80208,42.52521],[12.80197,42.52524],[12.80174,42.5253],[12.80159,42.52534],[12.80152,42.52536],[12.80128,42.52543],[12.80125,42.52544],[12.80112,42.52548],[12.80105,42.52549],[12.8009,42.52551],[12.80105,42.52549],[12.80112,42.52548],[12.80125,42.52544],[12.80128,42.52543],[12.80152,42.52536],[12.80159,42.52534],[12.80174,42.5253],[12.80197,42.52524],[12.80208,42.52521],[12.80233,42.52515],[12.80259,42.52509],[12.80272,42.52506],[12.80328,42.52493],[12.8033,42.52492],[12.80374,42.52481],[12.80388,42.52478],[12.80398,42.52475],[12.80421,42.5247],[12.80434,42.52466],[12.80456,42.52461],[12.8048,42.52454],[12.80489,42.52451],[12.80494,42.52445],[12.80499,42.52438],[12.80505,42.52429],[12.80509,42.5242],[12.8051,42.52418],[12.80512,42.52411],[12.80514,42.52403],[12.80514,42.524],[12.80515,42.52385],[12.80521,42.52384],[12.80524,42.52384],[12.80526,42.52383],[12.80529,42.52381],[12.80536,42.52376],[12.80538,42.52374],[12.80553,42.52363],[12.80554,42.52362],[12.8057,42.5235],[12.80572,42.52349],[12.80609,42.5232],[12.80628,42.52306],[12.80646,42.52294],[12.80661,42.52283],[12.80671,42.52273],[12.80673,42.52271],[12.80673,42.5227],[12.80684,42.52258],[12.80686,42.52256],[12.80686,42.52255],[12.80697,42.52242],[12.80698,42.5224],[12.80702,42.52235],[12.80718,42.52214],[12.80729,42.52199],[12.80736,42.52192],[12.8074,42.52188],[12.80744,42.52185],[12.80749,42.52182],[12.80751,42.5218],[12.80754,42.52179],[12.80758,42.52176],[12.80765,42.52173],[12.8077,42.52171],[12.80772,42.52171],[12.80777,42.52169],[12.80782,42.52168],[12.80789,42.52167],[12.80795,42.52166],[12.80799,42.52166],[12.80803,42.52166],[12.80808,42.52167],[12.80812,42.52168],[12.80816,42.5217],[12.80818,42.5217],[12.80821,42.52172],[12.80825,42.52174],[12.80831,42.52178],[12.80834,42.52181],[12.80836,42.52183],[12.80845,42.52192],[12.80852,42.52198],[12.80859,42.52203],[12.80864,42.52206],[12.8087,42.52208],[12.80877,42.5221],[12.80883,42.52212],[12.80888,42.52212],[12.80893,42.52212],[12.80899,42.52212],[12.80905,42.52212],[12.80917,42.52211],[12.80935,42.52209],[12.80938,42.52208],[12.80941,42.52208],[12.80946,42.52207],[12.8096,42.52205],[12.80965,42.52204],[12.80966,42.52204],[12.8097,42.52202],[12.80973,42.52201],[12.80977,42.522],[12.8098,42.52197],[12.80983,42.52195],[12.80984,42.52193],[12.80985,42.52192],[12.80987,42.52188],[12.80989,42.52179],[12.80989,42.52178],[12.8099,42.52176],[12.8099,42.52162],[12.8099,42.52138],[12.8099,42.52124],[12.8099,42.52122],[12.80989,42.52106],[12.80989,42.52104],[12.80987,42.52088],[12.80987,42.52086],[12.80986,42.52078],[12.80986,42.52073],[12.80986,42.5207],[12.80986,42.52068],[12.80986,42.52067],[12.80987,42.52065],[12.80988,42.52062],[12.8099,42.52059],[12.80992,42.52057],[12.80994,42.52055],[12.80996,42.52054],[12.80998,42.52053],[12.80999,42.52052],[12.81002,42.52051],[12.81007,42.52049],[12.81011,42.52048],[12.81016,42.52047],[12.8102,42.52046],[12.81025,42.52046],[12.81028,42.52046],[12.81033,42.52046],[12.81038,42.52046],[12.81041,42.52047],[12.81044,42.52048],[12.81045,42.52048],[12.8106,42.52051],[12.81077,42.52056],[12.81083,42.52058],[12.8109,42.52059],[12.81096,42.5206],[12.81101,42.5206],[12.81107,42.52059],[12.81112,42.52058],[12.81114,42.52057],[12.8112,42.52055],[12.81135,42.52048],[12.81141,42.52046],[12.81154,42.52038],[12.81156,42.52037],[12.81168,42.52029],[12.81173,42.52025],[12.8118,42.52019],[12.81202,42.51996],[12.81203,42.51995],[12.81205,42.51993],[12.81215,42.51981],[12.81217,42.5198],[12.81223,42.51971],[12.81227,42.51966],[12.81229,42.51962],[12.81233,42.51952],[12.81238,42.51939],[12.81241,42.51926],[12.81245,42.51913],[12.81248,42.51904],[12.81252,42.51898],[12.81253,42.51895],[12.81254,42.51895],[12.81256,42.51892],[12.81261,42.51887],[12.81266,42.51881],[12.81268,42.5188],[12.8127,42.51878],[12.81277,42.51873],[12.81284,42.51867],[12.81308,42.51857],[12.81316,42.51854],[12.81323,42.51852],[12.81329,42.51851],[12.81339,42.51849],[12.81349,42.51848],[12.81361,42.51847],[12.81409,42.51843],[12.81425,42.51842],[12.81449,42.5184],[12.81453,42.5184],[12.81467,42.51839],[12.8151,42.51837],[12.81531,42.51836],[12.81546,42.51836],[12.81547,42.51837],[12.8155,42.51837],[12.81561,42.51837],[12.81571,42.51838],[12.81579,42.51839],[12.81595,42.51841],[12.81598,42.51842],[12.81631,42.51849],[12.81668,42.51858],[12.8169,42.51863],[12.81709,42.51867],[12.81726,42.51868],[12.81738,42.51869],[12.81748,42.51868],[12.81757,42.51867],[12.81759,42.51867],[12.81774,42.51866],[12.81797,42.51864],[12.81813,42.51863],[12.81823,42.51863],[12.81837,42.51863],[12.81849,42.51864],[12.81855,42.51864],[12.8186,42.51865],[12.81869,42.51866],[12.81878,42.51868],[12.81879,42.51868],[12.81891,42.51872],[12.819,42.51876],[12.81902,42.51876],[12.81903,42.51876],[12.81909,42.5188],[12.81915,42.51884],[12.81923,42.5189],[12.81929,42.51896],[12.81936,42.51906],[12.81946,42.51924],[12.81952,42.51938],[12.8196,42.51952],[12.81967,42.51965],[12.81973,42.51976],[12.8198,42.51984],[12.81981,42.51986],[12.81989,42.51994],[12.81994,42.51999],[12.81995,42.52],[12.81997,42.52002],[12.8201,42.52011],[12.82012,42.52013],[12.82018,42.52017],[12.82029,42.52025],[12.8203,42.52026],[12.82036,42.5203],[12.82042,42.52033],[12.82047,42.52034],[12.82049,42.52034],[12.82051,42.52034],[12.82052,42.52035],[12.82055,42.52035],[12.82058,42.52034],[12.82061,42.52033],[12.82065,42.52031],[12.82068,42.52029],[12.82069,42.52027],[12.8207,42.52026],[12.8207,42.52021],[12.8207,42.52015],[12.82069,42.52009],[12.82068,42.52007],[12.82067,42.51999],[12.82067,42.51992],[12.82067,42.51991],[12.82067,42.5199],[12.82068,42.51985],[12.82069,42.5198],[12.82071,42.51977],[12.82072,42.51974],[12.82073,42.51973],[12.82074,42.51971],[12.82078,42.51966],[12.82085,42.51959],[12.82086,42.51958],[12.82089,42.51955],[12.82102,42.51946],[12.82119,42.51933],[12.82129,42.51927],[12.8214,42.51921],[12.82151,42.51917],[12.82162,42.51915],[12.82173,42.51914],[12.82186,42.51914],[12.82206,42.51915],[12.82209,42.51915],[12.82223,42.51916],[12.82252,42.5192],[12.82257,42.51921],[12.82267,42.51923],[12.82292,42.51929],[12.82302,42.51934],[12.82311,42.5194],[12.82319,42.51948],[12.8232,42.51948],[12.8232,42.51949],[12.82332,42.51963],[12.82344,42.51978],[12.82359,42.51993],[12.8236,42.51994],[12.82369,42.52],[12.82376,42.52005],[12.82393,42.52018],[12.82394,42.52019],[12.82409,42.52032],[12.8241,42.52032],[12.82433,42.5205],[12.82438,42.52055],[12.82443,42.52058],[12.82448,42.52061],[12.82453,42.52062],[12.82458,42.52063],[12.82463,42.52063],[12.82465,42.52063],[12.82467,42.52063],[12.82468,42.52063],[12.82472,42.52063],[12.82477,42.52062],[12.82484,42.52061],[12.82489,42.52061],[12.8249,42.52061],[12.82496,42.52061],[12.82508,42.52063],[12.82513,42.52063],[12.8252,42.52064],[12.82532,42.52067],[12.82537,42.52068],[12.82539,42.52069],[12.82548,42.52072],[12.8256,42.52076],[12.82577,42.52081],[12.8259,42.52084],[12.82596,42.52085],[12.82602,42.52086],[12.82606,42.52086],[12.82607,42.52086],[12.82611,42.52086],[12.82615,42.52084],[12.8262,42.52081],[12.82623,42.52078],[12.82625,42.52077],[12.82626,42.52076],[12.82627,42.52074],[12.8263,42.52069],[12.82631,42.52064],[12.82632,42.52059],[12.82634,42.52053],[12.82636,42.52043],[12.82637,42.52042],[12.82638,42.52038],[12.82641,42.52033],[12.82643,42.52031],[12.82645,42.52028],[12.82649,42.52025],[12.82654,42.52023],[12.82658,42.52022],[12.82662,42.52022],[12.82668,42.52022],[12.82671,42.52022],[12.82672,42.52022],[12.82674,42.52022],[12.82681,42.52022],[12.82688,42.52024],[12.82694,42.52026],[12.82702,42.5203],[12.82709,42.52033],[12.82713,42.52037],[12.82718,42.52041],[12.82726,42.52052],[12.82738,42.52068],[12.82749,42.52081],[12.82751,42.52084],[12.82752,42.52085],[12.82756,42.52088],[12.82757,42.52088],[12.82761,42.5209],[12.82764,42.52092],[12.8277,42.52094],[12.82773,42.52094],[12.82784,42.52097],[12.82792,42.52098],[12.82796,42.52099],[12.82813,42.52102],[12.8282,42.52103],[12.82821,42.52103],[12.82839,42.52105],[12.82844,42.52106],[12.82852,42.52107],[12.82868,42.52109],[12.82874,42.5211],[12.82908,42.52116],[12.82915,42.52118],[12.82927,42.5212],[12.82938,42.52122],[12.82939,42.52122],[12.82951,42.52122],[12.82966,42.52121],[12.82984,42.5212],[12.82996,42.52119],[12.83011,42.52117],[12.83012,42.52117],[12.83023,42.52116],[12.83035,42.52114],[12.83043,42.52112],[12.83049,42.52109],[12.83053,42.52107],[12.83055,42.52104],[12.83058,42.52101],[12.83059,42.52096],[12.83059,42.52091],[12.83057,42.52087],[12.83055,42.52084],[12.83052,42.52082],[12.83048,42.52078],[12.82983,42.52023],[12.82982,42.52021],[12.82981,42.52018],[12.82982,42.52014],[12.82983,42.52012],[12.82984,42.52009],[12.82986,42.52007],[12.82989,42.52004],[12.82992,42.52002],[12.82997,42.51999],[12.83002,42.51998],[12.83011,42.51999],[12.83014,42.52],[12.8306,42.52016],[12.8306,42.52022],[12.83061,42.52024],[12.83062,42.52026],[12.83063,42.52028],[12.8307,42.52035],[12.8311,42.52067],[12.83119,42.52074],[12.83139,42.5209],[12.83174,42.52116],[12.83197,42.52133],[12.83209,42.52138],[12.83216,42.52141],[12.83224,42.52143],[12.83237,42.52146],[12.83287,42.52144],[12.8331,42.52143],[12.83317,42.52142],[12.83319,42.52142],[12.83324,42.52142],[12.83329,42.52143],[12.83335,42.52144],[12.83338,42.52144],[12.83341,42.52146],[12.83343,42.52146],[12.83345,42.52148],[12.83349,42.5215],[12.83353,42.52153],[12.83356,42.52156],[12.83359,42.52159],[12.83363,42.52163],[12.83366,42.52168],[12.83368,42.52173],[12.83369,42.52176],[12.8337,42.5218],[12.83371,42.52184],[12.8337,42.52188],[12.83368,42.52196],[12.83364,42.52206],[12.83362,42.5221],[12.83355,42.52225],[12.83351,42.52235],[12.8335,42.52238],[12.83348,42.52243],[12.83348,42.52244],[12.83346,42.5225],[12.83346,42.52256],[12.83345,42.52259],[12.83346,42.52262],[12.83346,42.52268],[12.83346,42.52274],[12.83346,42.52277],[12.8335,42.52307],[12.8335,42.52309],[12.8335,42.5231],[12.83349,42.52313],[12.83348,42.52315],[12.83346,42.52317],[12.83344,42.52319],[12.83338,42.52323],[12.83318,42.52336],[12.83303,42.52347],[12.83292,42.52355],[12.83284,42.52362],[12.83277,42.52369],[12.83277,42.5237],[12.83275,42.52373],[12.83271,42.5238],[12.83269,42.52387],[12.83268,42.52391],[12.83266,42.52398],[12.83266,42.52403],[12.83265,42.52408],[12.83266,42.52412],[12.83269,42.52419],[12.83272,42.52423],[12.83275,42.52426],[12.83285,42.52437],[12.8329,42.52447],[12.83292,42.52453],[12.83293,42.52457],[12.83293,42.5246],[12.83293,42.52466],[12.83291,42.52471],[12.83281,42.52499],[12.83273,42.52521],[12.83268,42.52533],[12.83265,42.52538],[12.8326,42.52545],[12.83255,42.52551],[12.8325,42.52556],[12.83245,42.52559],[12.83227,42.52569],[12.8322,42.52574],[12.83216,42.52577],[12.83213,42.5258],[12.83211,42.52585],[12.8321,42.52589],[12.8321,42.52592],[12.83211,42.52596],[12.83212,42.52604],[12.83215,42.52612],[12.83222,42.5262],[12.83228,42.52626],[12.83231,42.52629],[12.83232,42.5263],[12.83234,42.52632],[12.83245,42.52642],[12.8325,42.52646],[12.83254,42.52649],[12.83256,42.5265],[12.83259,42.52651],[12.83266,42.52653],[12.83271,42.52653],[12.83274,42.52653],[12.83276,42.52652],[12.83279,42.52652],[12.83281,42.5265],[12.83294,42.52643],[12.83306,42.52635],[12.83319,42.52626],[12.8333,42.52617],[12.83344,42.52604],[12.83351,42.52597],[12.83358,42.5259],[12.83363,42.52585],[12.83372,42.52576],[12.83373,42.52575],[12.83383,42.52559],[12.83385,42.52557],[12.83388,42.52552],[12.83392,42.52547],[12.83397,42.52542],[12.83402,42.52539],[12.83406,42.52536],[12.83413,42.52533],[12.83415,42.52532],[12.83419,42.52531],[12.83428,42.52529],[12.83441,42.52526],[12.83453,42.52525],[12.83464,42.52525],[12.83487,42.52524],[12.83504,42.52524],[12.83529,42.52523],[12.83539,42.52522],[12.8355,42.5252],[12.83559,42.52519],[12.83582,42.52513],[12.83594,42.5251],[12.83611,42.52505],[12.83617,42.52503],[12.83627,42.52497],[12.83638,42.52487],[12.83648,42.52477],[12.83658,42.52467],[12.8367,42.52455],[12.83671,42.52455],[12.83672,42.52452],[12.83674,42.52447],[12.83673,42.52443],[12.83672,42.52439],[12.83671,42.52437],[12.83671,42.52435],[12.83668,42.5243],[12.83662,42.52423],[12.83658,42.52418],[12.83654,42.52413],[12.83651,42.52408],[12.83649,42.52404],[12.83648,42.524],[12.83648,42.52395],[12.83649,42.52392],[12.83652,42.52388],[12.83654,42.52386],[12.83657,42.52383],[12.83661,42.52381],[12.83671,42.52377],[12.83672,42.52376],[12.83673,42.52376],[12.83685,42.52371],[12.83693,42.52368],[12.837,42.52364],[12.83707,42.52359],[12.83713,42.52355],[12.83713,42.52354],[12.83718,42.52349],[12.83722,42.52344],[12.83725,42.52338],[12.83727,42.52329],[12.83728,42.52324],[12.83728,42.52323],[12.83728,42.52306],[12.83729,42.52299],[12.83729,42.52289],[12.8373,42.52281],[12.83731,42.52274],[12.83734,42.52268],[12.83736,42.52262],[12.83742,42.52256],[12.83749,42.52252],[12.8376,42.52246],[12.83765,42.52244],[12.83768,42.52243],[12.83772,42.52241],[12.83781,42.52239],[12.83793,42.52236],[12.83799,42.52235],[12.83806,42.52235],[12.83814,42.52234],[12.83829,42.52234],[12.83846,42.52235],[12.8386,42.52237],[12.83863,42.52237],[12.83864,42.52237],[12.83869,42.52237],[12.83875,42.52237],[12.83884,42.52235],[12.83886,42.52235],[12.8389,42.52234],[12.83891,42.52233],[12.83897,42.5223],[12.83908,42.52223],[12.83916,42.52216],[12.83928,42.52209],[12.83935,42.52204],[12.83944,42.52199],[12.83955,42.52195],[12.83959,42.52193],[12.83964,42.52192],[12.83972,42.52191],[12.8398,42.52191],[12.83986,42.52191],[12.83993,42.52191],[12.84003,42.52192],[12.84013,42.52195],[12.84026,42.52198],[12.84025,42.52174],[12.84033,42.52158],[12.84035,42.52154],[12.84037,42.52149],[12.8404,42.52143],[12.8404,42.52138],[12.8404,42.52131],[12.84039,42.52125],[12.84037,42.52118],[12.84035,42.5211],[12.84032,42.52103],[12.8403,42.521],[12.84028,42.52094],[12.84025,42.52085],[12.84022,42.52076],[12.8402,42.52072],[12.84017,42.52061],[12.84013,42.52048],[12.84009,42.52042],[12.84002,42.52027],[12.83998,42.52015],[12.83996,42.5201],[12.83995,42.52006],[12.83996,42.51999],[12.83999,42.51992],[12.84003,42.51987],[12.8401,42.51983],[12.84016,42.51981],[12.84017,42.51981],[12.84024,42.5198],[12.84034,42.51981],[12.84043,42.51982],[12.84056,42.51985],[12.84064,42.51987],[12.84072,42.5199],[12.84078,42.51992],[12.84083,42.51994],[12.84092,42.51997],[12.84105,42.52001],[12.84124,42.52006],[12.84133,42.52007],[12.84139,42.52008],[12.84145,42.52007],[12.84151,42.52007],[12.84156,42.52006],[12.8416,42.52005],[12.84166,42.52003],[12.8417,42.52],[12.84178,42.51996],[12.84183,42.51993],[12.84186,42.5199],[12.84191,42.51985],[12.84196,42.51979],[12.84198,42.51975],[12.84201,42.51971],[12.84202,42.5197],[12.84202,42.51969],[12.84206,42.51964],[12.8421,42.51959],[12.84215,42.51955],[12.84219,42.51952],[12.84223,42.51949],[12.84227,42.51947],[12.8423,42.51946],[12.84235,42.51945],[12.84243,42.51943],[12.84252,42.51943],[12.84261,42.51943],[12.84269,42.51944],[12.8428,42.51948],[12.84292,42.51953],[12.84308,42.5196],[12.84322,42.51965],[12.84326,42.51966],[12.84336,42.5197],[12.84349,42.51972],[12.84373,42.51974],[12.84402,42.51975],[12.84428,42.51976],[12.84442,42.51977],[12.84443,42.51977],[12.84446,42.51977],[12.84456,42.51978],[12.84465,42.51977],[12.84511,42.51976],[12.84518,42.51976],[12.84524,42.51976],[12.84611,42.51974],[12.84613,42.51974],[12.84633,42.51973],[12.84635,42.51973],[12.84638,42.51973],[12.84654,42.51973],[12.84658,42.51973],[12.8466,42.51973],[12.84662,42.51973],[12.84682,42.51973],[12.84684,42.51973],[12.84687,42.51973],[12.84691,42.51973],[12.84711,42.51974],[12.84724,42.51973],[12.84744,42.51972],[12.84778,42.51969],[12.84779,42.51969],[12.84803,42.51966],[12.84804,42.51966],[12.84809,42.51966],[12.84828,42.51965],[12.84833,42.51965],[12.8484,42.51965],[12.84848,42.51965],[12.84856,42.51963],[12.84857,42.51962],[12.84862,42.5196],[12.84867,42.51955],[12.84869,42.5195],[12.84867,42.51945],[12.84865,42.5194],[12.84861,42.51937],[12.84859,42.51936],[12.84855,42.51934],[12.8485,42.51933],[12.84845,42.51932],[12.84834,42.51931],[12.84825,42.51931],[12.84817,42.5193],[12.84812,42.51928],[12.8481,42.51928],[12.84808,42.51927],[12.84802,42.51925],[12.84797,42.51923],[12.84791,42.51918],[12.84788,42.51914],[12.84786,42.51908],[12.84784,42.51903],[12.84785,42.51902],[12.84785,42.519],[12.84785,42.51898],[12.84786,42.5189],[12.84789,42.51858],[12.84793,42.51806],[12.84793,42.51801],[12.84793,42.51794],[12.84793,42.51791],[12.84792,42.51788],[12.84791,42.51785],[12.8479,42.51783],[12.84787,42.5178],[12.84784,42.51777],[12.84784,42.51776],[12.84782,42.51775],[12.84781,42.51775],[12.84778,42.51773],[12.84775,42.51772],[12.84772,42.51771],[12.84767,42.5177],[12.84758,42.51768],[12.84741,42.51768],[12.84715,42.51768],[12.84713,42.51768],[12.84711,42.51768],[12.84703,42.51768],[12.84697,42.51768],[12.84692,42.51767],[12.84691,42.51767],[12.84686,42.51765],[12.8468,42.51763],[12.84674,42.5176],[12.84669,42.51757],[12.84651,42.51745],[12.84628,42.51717],[12.84624,42.51711],[12.84622,42.51707],[12.8462,42.51703],[12.84619,42.51698],[12.84618,42.51696],[12.84617,42.51682],[12.84614,42.51664],[12.84611,42.51653],[12.8461,42.51647],[12.84607,42.5164],[12.84605,42.51635],[12.84602,42.51631],[12.84599,42.51628],[12.84595,42.51624],[12.84593,42.51621],[12.84586,42.51615],[12.84581,42.51611],[12.84577,42.51608],[12.84572,42.51605],[12.84567,42.51601],[12.8456,42.51598],[12.84551,42.51593],[12.84546,42.51592],[12.8454,42.5159],[12.84532,42.51588],[12.84524,42.51586],[12.84523,42.51586],[12.84513,42.51583],[12.84505,42.51581],[12.84494,42.51578],[12.84484,42.51575],[12.84478,42.51573],[12.84466,42.51566],[12.84459,42.51562],[12.84453,42.51557],[12.84449,42.51553],[12.84444,42.51547],[12.84441,42.51533],[12.8444,42.51532],[12.84437,42.51522],[12.8443,42.51511],[12.84422,42.51499],[12.84422,42.51498],[12.84412,42.51484],[12.84397,42.51468],[12.84418,42.51462],[12.84419,42.51461],[12.84424,42.5146],[12.84429,42.5146],[12.84433,42.5146],[12.84438,42.5146],[12.84442,42.5146],[12.84443,42.51461],[12.84447,42.51461],[12.84466,42.51467],[12.8447,42.51468],[12.84486,42.51474],[12.84488,42.51474],[12.84515,42.51483],[12.84533,42.51487],[12.84541,42.51489],[12.84565,42.51493],[12.84613,42.51502],[12.84631,42.51505],[12.8464,42.51507],[12.84647,42.51508],[12.84653,42.51511],[12.84658,42.51513],[12.84664,42.51517],[12.84672,42.51522],[12.84695,42.51539],[12.84726,42.51567],[12.84761,42.51597],[12.84772,42.51608],[12.84772,42.51609],[12.84788,42.51628],[12.84794,42.51633],[12.848,42.51637],[12.84802,42.51637],[12.84807,42.51639],[12.84812,42.5164],[12.84818,42.51639],[12.84824,42.51638],[12.84825,42.51638],[12.84832,42.51635],[12.84839,42.5163],[12.84843,42.51626],[12.84847,42.51623],[12.84859,42.51612],[12.84864,42.51608],[12.84874,42.51598],[12.84887,42.51585],[12.84898,42.51574],[12.84906,42.51565],[12.84912,42.5156],[12.84916,42.51558],[12.84919,42.51556],[12.8492,42.51555],[12.84924,42.51553],[12.8493,42.51551],[12.84936,42.51549],[12.8494,42.51547],[12.84946,42.51546],[12.84961,42.51542],[12.84979,42.51539],[12.84999,42.51536],[12.85011,42.51535],[12.85018,42.51535],[12.85036,42.51534],[12.85052,42.51533],[12.8506,42.51533],[12.85083,42.51533],[12.85084,42.51533],[12.85109,42.51534],[12.85116,42.51534],[12.85131,42.51534],[12.85141,42.51536],[12.85152,42.51538],[12.85157,42.5154],[12.8516,42.51541],[12.85166,42.51545],[12.85171,42.51549],[12.85174,42.51552],[12.85177,42.51555],[12.85182,42.51563],[12.85184,42.51568],[12.85186,42.5157],[12.85187,42.51578],[12.85188,42.51586],[12.85187,42.51594],[12.85185,42.51603],[12.85185,42.51605],[12.8518,42.51621],[12.85174,42.51643],[12.85169,42.51656],[12.85167,42.51661],[12.85164,42.5167],[12.85162,42.51673],[12.8516,42.51678],[12.85153,42.5169],[12.85147,42.51701],[12.85143,42.51706],[12.85138,42.51712],[12.85131,42.51722],[12.85128,42.51726],[12.85118,42.51737],[12.85115,42.51744],[12.85114,42.51749],[12.85114,42.51752],[12.85114,42.51755],[12.85114,42.51756],[12.85116,42.51759],[12.85118,42.51762],[12.85121,42.51764],[12.85124,42.51766],[12.85126,42.51767],[12.8513,42.51769],[12.85134,42.5177],[12.85139,42.5177],[12.85144,42.51771],[12.85153,42.5177],[12.85158,42.51769],[12.85175,42.51766],[12.85199,42.51761],[12.852,42.51761],[12.85227,42.51752],[12.85252,42.51742],[12.8526,42.51738],[12.85265,42.51737],[12.8527,42.51735],[12.85275,42.51734],[12.85281,42.51734],[12.85286,42.51733],[12.85289,42.51733],[12.85291,42.51733],[12.85295,42.51734],[12.853,42.51735],[12.85306,42.51737],[12.85312,42.51739],[12.85316,42.51741],[12.85332,42.51749],[12.85337,42.51752],[12.85351,42.5176],[12.8538,42.51778],[12.85389,42.51783],[12.85398,42.5179],[12.85407,42.51799],[12.85421,42.51815],[12.85432,42.51828],[12.85438,42.51839],[12.85442,42.51849],[12.85446,42.51863],[12.85454,42.51886],[12.85456,42.5189],[12.85458,42.51893],[12.8546,42.51895],[12.85462,42.51897],[12.85465,42.51899],[12.85469,42.519],[12.85472,42.51901],[12.85474,42.51901],[12.85476,42.51901],[12.85478,42.51901],[12.8548,42.51901],[12.85483,42.51901],[12.85486,42.519],[12.8549,42.51899],[12.85494,42.51897],[12.85497,42.51895],[12.855,42.51893],[12.85502,42.51891],[12.85504,42.51889],[12.85505,42.51887],[12.85507,42.51885],[12.85507,42.51884],[12.85507,42.51883],[12.85512,42.51863],[12.85514,42.51857],[12.8552,42.51846],[12.8553,42.5183],[12.85535,42.51822],[12.85544,42.51804],[12.85546,42.51797],[12.85546,42.5179],[12.85544,42.51783],[12.85542,42.51778],[12.85537,42.51771],[12.85527,42.51762],[12.8551,42.51749],[12.85501,42.51742],[12.85478,42.51725],[12.85456,42.51706],[12.85449,42.51699],[12.85444,42.51693],[12.85441,42.51689],[12.85439,42.51685],[12.85438,42.51684],[12.85437,42.5168],[12.85435,42.51676],[12.85434,42.51671],[12.85434,42.51668],[12.85435,42.51663],[12.85435,42.51655],[12.85437,42.51642],[12.85439,42.51627],[12.85442,42.51611],[12.85444,42.516],[12.85447,42.51593],[12.85452,42.51581],[12.85453,42.51579],[12.85458,42.51572],[12.85464,42.51563],[12.85466,42.5156],[12.85475,42.51548],[12.85475,42.51547],[12.85482,42.51537],[12.85488,42.51526],[12.8549,42.51521],[12.85493,42.51515],[12.85497,42.51509],[12.85503,42.51504],[12.85507,42.515],[12.85508,42.515],[12.8551,42.51498],[12.85518,42.51492],[12.85519,42.51492],[12.8552,42.51491],[12.85521,42.51489],[12.85521,42.51488],[12.85522,42.51486],[12.85522,42.51485],[12.85521,42.51482],[12.85521,42.51481],[12.85521,42.5148],[12.8552,42.51479],[12.85519,42.51479],[12.85519,42.51478],[12.85518,42.51478],[12.85514,42.51476],[12.85517,42.51473],[12.8552,42.51471],[12.85522,42.51469],[12.85525,42.51466],[12.85533,42.51463],[12.85537,42.51461],[12.85544,42.51459],[12.85545,42.51458],[12.85547,42.51458],[12.85548,42.51458],[12.8555,42.51458],[12.85551,42.51458],[12.85553,42.51459],[12.85555,42.5146],[12.85556,42.5146],[12.85557,42.51461],[12.85558,42.51463],[12.8556,42.51467],[12.85562,42.51474],[12.85562,42.51475],[12.85563,42.51479],[12.8557,42.51491],[12.85576,42.51503],[12.85578,42.51507],[12.85578,42.5151],[12.85577,42.51513],[12.85576,42.51516],[12.85573,42.51522],[12.85568,42.5153],[12.85566,42.51535],[12.85559,42.51546],[12.85557,42.51549],[12.85554,42.51555],[12.85553,42.51559],[12.85552,42.51562],[12.85551,42.51567],[12.8555,42.5157],[12.85549,42.51574],[12.85545,42.51579],[12.85543,42.51581],[12.85541,42.51583],[12.85535,42.51587],[12.85524,42.51593],[12.85521,42.51594],[12.85519,42.51595],[12.85518,42.51596],[12.85514,42.51599],[12.85513,42.51601],[12.85514,42.5161],[12.85514,42.51617],[12.85515,42.51623],[12.85516,42.51628],[12.85518,42.51632],[12.85521,42.51636],[12.85527,42.51639],[12.85531,42.51642],[12.85535,42.51644],[12.85541,42.5165],[12.85547,42.51656],[12.85551,42.5166],[12.85559,42.51666],[12.85562,42.51669],[12.85567,42.51674],[12.85578,42.51683],[12.85579,42.51684],[12.85584,42.51687],[12.85591,42.51692],[12.85597,42.51694],[12.85604,42.51697],[12.85618,42.51703],[12.85622,42.51705],[12.85631,42.5171],[12.85639,42.51713],[12.85642,42.51714],[12.85661,42.5172],[12.85662,42.5172],[12.85667,42.51722],[12.85674,42.51724],[12.85684,42.51725],[12.85685,42.51725],[12.85691,42.51725],[12.85698,42.51725],[12.85703,42.51725],[12.85706,42.51724],[12.85709,42.51723],[12.85712,42.51722],[12.85719,42.5172],[12.85724,42.51718],[12.85731,42.51716],[12.85736,42.51715],[12.85737,42.51715],[12.85745,42.51713],[12.85754,42.51712],[12.8576,42.51712],[12.85765,42.51711],[12.85774,42.51711],[12.85781,42.51711],[12.85785,42.51711],[12.85798,42.5171],[12.85804,42.5171],[12.85809,42.51711],[12.85832,42.51711],[12.85843,42.51712],[12.85855,42.51713],[12.85885,42.51717],[12.85897,42.51719],[12.85914,42.5172],[12.85919,42.5172],[12.85922,42.5172],[12.85927,42.5172],[12.8593,42.5172],[12.85932,42.5172],[12.85936,42.51719],[12.85939,42.51718],[12.85942,42.51717],[12.85943,42.51716],[12.85945,42.51715],[12.85947,42.51713],[12.85949,42.51709],[12.85952,42.51705],[12.85953,42.517],[12.85954,42.51696],[12.85953,42.51695],[12.85952,42.51693],[12.85949,42.5169],[12.85945,42.51686],[12.85943,42.51685],[12.85939,42.51682],[12.85934,42.51678],[12.85927,42.51674],[12.85925,42.51673],[12.85921,42.5167],[12.85914,42.51667],[12.85907,42.51664],[12.85905,42.51663],[12.85893,42.51659],[12.85883,42.51655],[12.85868,42.5165],[12.85861,42.51648],[12.85852,42.51645],[12.85843,42.51642],[12.85838,42.51641],[12.85834,42.51639],[12.85822,42.51636],[12.85815,42.51635],[12.85799,42.51631],[12.85788,42.51629],[12.85769,42.51626],[12.85768,42.51626],[12.85755,42.51624],[12.85748,42.51622],[12.85745,42.51621],[12.85742,42.5162],[12.85736,42.51617],[12.85734,42.51615],[12.85732,42.51613],[12.85732,42.5161],[12.85732,42.51608],[12.85732,42.51607],[12.85734,42.51602],[12.85743,42.51592],[12.8575,42.51583],[12.85759,42.51572],[12.85767,42.5156],[12.85768,42.51559],[12.85777,42.51548],[12.85779,42.51545],[12.85793,42.5153],[12.85806,42.51515],[12.85813,42.51506],[12.85818,42.51499],[12.85826,42.51488],[12.85828,42.51483],[12.8583,42.51477],[12.85831,42.51465],[12.85831,42.51447],[12.85829,42.51434],[12.85828,42.51429],[12.85825,42.51411],[12.85825,42.51407],[12.85823,42.51393],[12.85822,42.51392],[12.85822,42.5138],[12.85823,42.51375],[12.85825,42.51371],[12.85828,42.51366],[12.85832,42.51363],[12.85835,42.5136],[12.85838,42.51357],[12.85849,42.5135],[12.85853,42.51348],[12.85857,42.51346],[12.85865,42.51342],[12.85879,42.51337],[12.85892,42.51332],[12.85913,42.51323],[12.85934,42.51316],[12.85959,42.51307],[12.85961,42.51307],[12.85975,42.51302],[12.85983,42.51299],[12.85987,42.51298],[12.86006,42.51292],[12.86019,42.51289],[12.86032,42.51285],[12.86044,42.51283],[12.86055,42.5128],[12.86068,42.51277],[12.86084,42.51273],[12.86096,42.51266],[12.86098,42.51266],[12.8611,42.51259],[12.86116,42.51255],[12.86125,42.5125],[12.86134,42.51244],[12.8614,42.51239],[12.86161,42.51226],[12.86173,42.51217],[12.86193,42.51204],[12.86206,42.51195],[12.86208,42.51194],[12.86224,42.51183],[12.86235,42.51176],[12.86242,42.51171],[12.86251,42.51164],[12.8626,42.51158],[12.8627,42.51152],[12.86276,42.51149],[12.86284,42.51146],[12.86296,42.51142],[12.86313,42.51136],[12.86324,42.51132],[12.86325,42.51132],[12.86338,42.51127],[12.86346,42.51125],[12.86358,42.5112],[12.86367,42.51116],[12.8637,42.51115],[12.86382,42.51109],[12.86388,42.51107],[12.86392,42.51105],[12.86401,42.51101],[12.86409,42.51097],[12.86411,42.51097],[12.8642,42.51093],[12.86427,42.5109],[12.8643,42.51089],[12.86436,42.51087],[12.86444,42.51084],[12.86451,42.51083],[12.86453,42.51082],[12.86462,42.5108],[12.86476,42.51078],[12.86477,42.51078],[12.86493,42.51076],[12.86501,42.51075],[12.86511,42.51074],[12.8652,42.51073],[12.86525,42.51072],[12.86532,42.51072],[12.86543,42.51071],[12.86549,42.5107],[12.86555,42.5107],[12.86571,42.51068],[12.86573,42.51068],[12.86581,42.51067],[12.86589,42.51065],[12.86597,42.51063],[12.86605,42.5106],[12.86614,42.51057],[12.86619,42.51055],[12.86628,42.51052],[12.8664,42.51047],[12.86643,42.51045],[12.86661,42.51037],[12.86666,42.51035],[12.86681,42.51028],[12.86682,42.51027],[12.86695,42.51019],[12.86699,42.51015],[12.86708,42.51009],[12.86711,42.51006],[12.86714,42.51003],[12.86715,42.51002],[12.86716,42.51001],[12.86718,42.50996],[12.8672,42.5099],[12.86721,42.50984],[12.86722,42.50984],[12.86722,42.50979],[12.86721,42.50974],[12.86719,42.50969],[12.86717,42.50965],[12.86713,42.5096],[12.86704,42.50952],[12.86693,42.5094],[12.86688,42.50933],[12.86685,42.50926],[12.86685,42.5092],[12.86685,42.50919],[12.86685,42.50913],[12.86687,42.50907],[12.86691,42.50903],[12.86691,42.50902],[12.86695,42.50898],[12.86699,42.50895],[12.86702,42.50894],[12.86707,42.50891],[12.86708,42.50891],[12.86713,42.50889],[12.86721,42.50885],[12.8673,42.50882],[12.86739,42.50879],[12.86746,42.50876],[12.86751,42.50874],[12.86753,42.50873],[12.86764,42.50866],[12.8677,42.50862],[12.86775,42.50855],[12.86779,42.50851],[12.86783,42.50847],[12.86786,42.50841],[12.8679,42.50835],[12.86793,42.5083],[12.86794,42.50828],[12.86803,42.50816],[12.86804,42.50815],[12.8681,42.50808],[12.86818,42.50802],[12.8682,42.50801],[12.86829,42.50797],[12.8684,42.50793],[12.86841,42.50793],[12.86848,42.50791],[12.8686,42.50788],[12.86865,42.50787],[12.86874,42.50786],[12.86889,42.50783],[12.86891,42.50783],[12.86906,42.5078],[12.86912,42.50779],[12.86925,42.50776],[12.86936,42.50774],[12.86939,42.50773],[12.86952,42.5077],[12.86959,42.50768],[12.86964,42.50767],[12.86981,42.50761],[12.86988,42.50759],[12.86997,42.50754],[12.87004,42.50749],[12.87017,42.5074],[12.87019,42.50739],[12.87023,42.50736],[12.8703,42.50731],[12.87038,42.50726],[12.87045,42.50721],[12.87052,42.50716],[12.87054,42.50714],[12.87057,42.5071],[12.87062,42.50705],[12.87067,42.50699],[12.87072,42.50694],[12.87076,42.50689],[12.87082,42.50684],[12.87087,42.50682],[12.87091,42.50679],[12.87096,42.50677],[12.87101,42.50675],[12.87102,42.50674],[12.87107,42.50672],[12.87112,42.50671],[12.87116,42.5067],[12.87122,42.50668],[12.87129,42.50667],[12.87135,42.50666],[12.87142,42.50666],[12.87148,42.50666],[12.87149,42.50666],[12.87156,42.50666],[12.87163,42.50667],[12.8717,42.50669],[12.87173,42.50669],[12.87178,42.5067],[12.87185,42.50672],[12.87192,42.50675],[12.87195,42.50676],[12.87203,42.50679],[12.87212,42.50683],[12.87217,42.50684],[12.87219,42.50685],[12.87225,42.50687],[12.8723,42.50689],[12.87235,42.5069],[12.8724,42.50691],[12.87246,42.50693],[12.87252,42.50694],[12.87259,42.50695],[12.87264,42.50695],[12.87266,42.50695],[12.87274,42.50695],[12.8728,42.50694],[12.87288,42.50694],[12.87297,42.50692],[12.87306,42.50691],[12.87314,42.50689],[12.8732,42.50687],[12.8733,42.50683],[12.87333,42.50682],[12.87336,42.50681],[12.87341,42.50679],[12.87353,42.50671],[12.87362,42.50673],[12.8737,42.50673],[12.87376,42.50672],[12.87381,42.50671],[12.87387,42.50668],[12.87392,42.50664],[12.87395,42.50661],[12.87397,42.50658],[12.874,42.50652],[12.87401,42.50647],[12.87408,42.50635],[12.87415,42.50627],[12.87421,42.50622],[12.87423,42.50621],[12.8743,42.50617],[12.87432,42.50616],[12.8744,42.50613],[12.87444,42.50611],[12.87451,42.50609],[12.87467,42.50603],[12.87499,42.50593],[12.87533,42.50582],[12.87565,42.5057],[12.87586,42.50563],[12.87587,42.50563],[12.87596,42.5056],[12.87599,42.50559],[12.87603,42.50558],[12.87608,42.50558],[12.87615,42.50557],[12.87626,42.50557],[12.87639,42.50559],[12.87654,42.50561],[12.87663,42.50563],[12.87671,42.50565],[12.87672,42.50565],[12.87679,42.50566],[12.87682,42.50566],[12.87687,42.50566],[12.87695,42.50566],[12.87703,42.50566],[12.87711,42.50565],[12.87724,42.50563],[12.8773,42.50562],[12.87733,42.50561],[12.87743,42.50558],[12.8775,42.50556],[12.87752,42.50555],[12.87762,42.50549],[12.87768,42.50545],[12.87773,42.5054],[12.8778,42.50531],[12.87788,42.50521],[12.87795,42.50513],[12.87801,42.50507],[12.87804,42.50504],[12.87811,42.50498],[12.87823,42.50489],[12.87834,42.50485],[12.87842,42.50482],[12.8785,42.50479],[12.8786,42.50476],[12.87869,42.50471],[12.87874,42.50468],[12.87881,42.50464],[12.87885,42.5046],[12.87889,42.50456],[12.87891,42.50454],[12.87894,42.50452],[12.87899,42.50448],[12.87906,42.50441],[12.87914,42.50436],[12.87921,42.50432],[12.87934,42.50427],[12.87962,42.50415],[12.87985,42.50406],[12.88013,42.50393],[12.8803,42.50388],[12.88055,42.5038],[12.88069,42.50376],[12.88071,42.50375],[12.88086,42.50371],[12.88108,42.50366],[12.88113,42.50365],[12.88122,42.50364],[12.88128,42.50363],[12.88134,42.50362],[12.88136,42.50361],[12.88157,42.50358],[12.88192,42.5035],[12.88194,42.5035],[12.88215,42.50345],[12.88224,42.50342],[12.88239,42.50337],[12.88249,42.50332],[12.88258,42.50328],[12.88268,42.50323],[12.88309,42.50301],[12.88313,42.50302],[12.88317,42.50302],[12.88319,42.50304],[12.88321,42.50306],[12.88322,42.50307],[12.88322,42.50312],[12.88294,42.50329],[12.8826,42.50346],[12.88221,42.50367],[12.88214,42.5037],[12.8821,42.50373],[12.88206,42.50375],[12.88203,42.50379],[12.88202,42.50383],[12.88202,42.50384],[12.88203,42.50386],[12.88204,42.50387],[12.88205,42.50388],[12.88206,42.50388],[12.88208,42.50389],[12.88213,42.5039],[12.88217,42.5039],[12.88223,42.50389],[12.88226,42.50389],[12.88228,42.50388],[12.88282,42.50368],[12.88331,42.50348],[12.88348,42.50341],[12.88365,42.50331],[12.88371,42.50328],[12.88382,42.50321],[12.88389,42.50314],[12.88393,42.50309],[12.88396,42.50304],[12.88401,42.50296],[12.8841,42.50286],[12.88421,42.50273],[12.88422,42.50271],[12.88424,42.50269],[12.88436,42.5026],[12.88441,42.50256],[12.88444,42.50253],[12.88451,42.50249],[12.88458,42.50244],[12.88462,42.50241],[12.88464,42.5024],[12.88478,42.50234],[12.88483,42.50232],[12.88489,42.50229],[12.885,42.50227],[12.88505,42.50225],[12.88509,42.50224],[12.88524,42.50223],[12.88529,42.50222],[12.88533,42.50222],[12.88534,42.50221],[12.88548,42.50221],[12.88554,42.5022],[12.88555,42.5022],[12.88573,42.50218],[12.88578,42.50218],[12.88597,42.50217],[12.88602,42.50216],[12.88606,42.50216],[12.88607,42.50216],[12.88621,42.50215],[12.88626,42.50215],[12.8863,42.50215],[12.88645,42.50212],[12.8865,42.50211],[12.88665,42.50207],[12.88668,42.50207],[12.88672,42.50206],[12.88674,42.50206],[12.88676,42.50205],[12.8868,42.50205],[12.88685,42.50205],[12.88689,42.50206],[12.88692,42.50207],[12.88694,42.50208],[12.88696,42.5021],[12.88697,42.5021],[12.88698,42.50212],[12.88698,42.50213],[12.88699,42.50214],[12.88699,42.50216],[12.88698,42.50218],[12.88697,42.5022],[12.88696,42.50222],[12.88693,42.50226],[12.88689,42.50228],[12.88685,42.50228],[12.8868,42.50229],[12.88642,42.50231],[12.88638,42.50231],[12.88618,42.50233],[12.8861,42.50234],[12.88606,42.50235],[12.88594,42.50238],[12.88589,42.50239],[12.88583,42.5024],[12.8857,42.50244],[12.8855,42.50253],[12.88539,42.50258],[12.88521,42.50266],[12.88511,42.50272],[12.8851,42.50273],[12.88507,42.50275],[12.88504,42.50279],[12.88504,42.5028],[12.88501,42.50284],[12.88498,42.50291],[12.88492,42.50303],[12.88485,42.50327],[12.88478,42.50349],[12.88472,42.50367],[12.88469,42.50376],[12.88467,42.50381],[12.88466,42.50384],[12.88465,42.50385],[12.88463,42.50388],[12.8846,42.50391],[12.88456,42.50395],[12.88452,42.50399],[12.88446,42.50405],[12.88443,42.50409],[12.88437,42.50415],[12.88436,42.50416],[12.88428,42.50424],[12.88407,42.50441],[12.88387,42.50456],[12.88333,42.50495],[12.88318,42.50504],[12.88305,42.50513],[12.88302,42.50515],[12.88301,42.50516],[12.88298,42.50519],[12.88299,42.50527],[12.88299,42.50528],[12.88299,42.50529],[12.88299,42.5053],[12.883,42.50531],[12.88301,42.50532],[12.88301,42.50533],[12.88302,42.50533],[12.88303,42.50534],[12.88305,42.50535],[12.88307,42.50536],[12.8831,42.50537],[12.88312,42.50537],[12.88316,42.50537],[12.88319,42.50537],[12.88323,42.50536],[12.88325,42.50535],[12.88326,42.50534],[12.88329,42.50533],[12.88331,42.50531],[12.88333,42.50529],[12.88335,42.50527],[12.88338,42.50522],[12.88341,42.50518],[12.88345,42.50513],[12.88351,42.50509],[12.88355,42.50507],[12.88358,42.50504],[12.88363,42.50501],[12.88373,42.50496],[12.88383,42.50492],[12.88396,42.50485],[12.88405,42.50482],[12.88411,42.5048],[12.88422,42.50477],[12.88435,42.50474],[12.88448,42.50471],[12.88459,42.50467],[12.88462,42.50466],[12.88469,42.50464],[12.88474,42.50462],[12.88478,42.5046],[12.88481,42.50458],[12.88483,42.50457],[12.88486,42.50455],[12.88488,42.50453],[12.88491,42.5045],[12.88496,42.50442],[12.88507,42.50426],[12.88526,42.50397],[12.88529,42.50394],[12.88543,42.50379],[12.88558,42.50362],[12.8857,42.50349],[12.88578,42.50342],[12.88584,42.50338],[12.88591,42.50333],[12.88605,42.50327],[12.88618,42.50324],[12.88628,42.50323],[12.88642,42.50321],[12.88657,42.50321],[12.88667,42.50322],[12.88684,42.50321],[12.88694,42.5032],[12.88705,42.5032],[12.88727,42.50317],[12.88745,42.50314],[12.888,42.50303],[12.88838,42.50299],[12.88846,42.50299],[12.88859,42.50299],[12.88867,42.503],[12.88878,42.50303],[12.88887,42.50307],[12.88894,42.50309],[12.88901,42.50312],[12.8892,42.50319],[12.88922,42.5032],[12.88966,42.50337],[12.88968,42.50338],[12.88987,42.50345],[12.8903,42.50362],[12.89036,42.50365],[12.8908,42.50382],[12.89095,42.50388],[12.89099,42.5039],[12.89102,42.50391],[12.89112,42.50396],[12.89115,42.50398],[12.89121,42.50401],[12.89122,42.50401],[12.89129,42.50405],[12.89135,42.50408],[12.89139,42.50411],[12.89141,42.50412],[12.89147,42.50416],[12.89151,42.50418],[12.89153,42.5042],[12.89158,42.50425],[12.89172,42.50433],[12.89191,42.50445],[12.89208,42.50455],[12.8921,42.50456],[12.89218,42.5046],[12.89224,42.50463],[12.89227,42.50464],[12.89231,42.50465],[12.89234,42.50465],[12.89237,42.50465],[12.8924,42.50465],[12.89243,42.50465],[12.89247,42.50464],[12.89251,42.50463],[12.89255,42.50461],[12.89262,42.50459],[12.89267,42.50457],[12.89271,42.50456],[12.89274,42.50455],[12.89277,42.50455],[12.89279,42.50454],[12.89281,42.50455],[12.89282,42.50455],[12.89284,42.50455],[12.89287,42.50456],[12.89288,42.50457],[12.89287,42.50456],[12.89284,42.50455],[12.89282,42.50455],[12.89281,42.50455],[12.89279,42.50454],[12.89277,42.50455],[12.89274,42.50455],[12.89271,42.50456],[12.89267,42.50457],[12.89262,42.50459],[12.89255,42.50461],[12.89251,42.50463],[12.89247,42.50464],[12.89243,42.50465],[12.8924,42.50465],[12.89237,42.50465],[12.89234,42.50465],[12.89231,42.50465],[12.89227,42.50464],[12.89224,42.50463],[12.89218,42.5046],[12.8921,42.50456],[12.89208,42.50455],[12.89191,42.50445],[12.89172,42.50433],[12.89158,42.50425],[12.89153,42.5042],[12.89151,42.50418],[12.89147,42.50416],[12.89141,42.50412],[12.89139,42.50411],[12.89135,42.50408],[12.89129,42.50405],[12.89122,42.50401],[12.89121,42.50401],[12.89115,42.50398],[12.89112,42.50396],[12.89102,42.50391],[12.89099,42.5039],[12.89095,42.50388],[12.8908,42.50382],[12.89036,42.50365],[12.8903,42.50362],[12.88987,42.50345],[12.88968,42.50338],[12.88966,42.50337],[12.88922,42.5032],[12.8892,42.50319],[12.88901,42.50312],[12.88894,42.50309],[12.88887,42.50307],[12.88878,42.50303],[12.88867,42.503],[12.88859,42.50299],[12.88846,42.50299],[12.88838,42.50299],[12.888,42.50303],[12.88745,42.50314],[12.88727,42.50317],[12.88705,42.5032],[12.88694,42.5032],[12.88684,42.50321],[12.88667,42.50322],[12.88657,42.50321],[12.88642,42.50321],[12.88628,42.50323],[12.88618,42.50324],[12.88605,42.50327],[12.88591,42.50333],[12.88584,42.50338],[12.88578,42.50342],[12.8857,42.50349],[12.88558,42.50362],[12.88543,42.50379],[12.88529,42.50394],[12.88526,42.50397],[12.88507,42.50426],[12.88496,42.50442],[12.88491,42.5045],[12.88488,42.50453],[12.88486,42.50455],[12.88483,42.50457],[12.88481,42.50458],[12.88478,42.5046],[12.88474,42.50462],[12.88469,42.50464],[12.88462,42.50466],[12.88459,42.50467],[12.88448,42.50471],[12.88435,42.50474],[12.88422,42.50477],[12.88411,42.5048],[12.88405,42.50482],[12.88396,42.50485],[12.88383,42.50492],[12.88373,42.50496],[12.88363,42.50501],[12.88358,42.50504],[12.88355,42.50507],[12.88351,42.50509],[12.88345,42.50513],[12.88341,42.50518],[12.88338,42.50522],[12.88335,42.50527],[12.88333,42.50529],[12.88331,42.50531],[12.88329,42.50533],[12.88326,42.50534],[12.88325,42.50535],[12.88323,42.50536],[12.88319,42.50537],[12.88316,42.50537],[12.88312,42.50537],[12.8831,42.50537],[12.88307,42.50536],[12.88305,42.50535],[12.88303,42.50534],[12.88302,42.50533],[12.88301,42.50533],[12.88301,42.50532],[12.883,42.50531],[12.88299,42.5053],[12.88299,42.50529],[12.88299,42.50528],[12.88299,42.50527],[12.88298,42.50519],[12.88301,42.50516],[12.88302,42.50515],[12.88305,42.50513],[12.88318,42.50504],[12.88333,42.50495],[12.88387,42.50456],[12.88407,42.50441],[12.88428,42.50424],[12.88436,42.50416],[12.88437,42.50415],[12.88443,42.50409],[12.88446,42.50405],[12.88452,42.50399],[12.88456,42.50395],[12.8846,42.50391],[12.88463,42.50388],[12.88465,42.50385],[12.88466,42.50384],[12.88467,42.50381],[12.88469,42.50376],[12.88472,42.50367],[12.88478,42.50349],[12.88485,42.50327],[12.88492,42.50303],[12.88498,42.50291],[12.88501,42.50284],[12.88504,42.5028],[12.88504,42.50279],[12.88507,42.50275],[12.8851,42.50273],[12.88511,42.50272],[12.88521,42.50266],[12.88539,42.50258],[12.8855,42.50253],[12.8857,42.50244],[12.88583,42.5024],[12.88589,42.50239],[12.88594,42.50238],[12.88606,42.50235],[12.8861,42.50234],[12.88618,42.50233],[12.88638,42.50231],[12.88642,42.50231],[12.8868,42.50229],[12.88685,42.50228],[12.88689,42.50228],[12.88693,42.50226],[12.88696,42.50222],[12.88697,42.5022],[12.88698,42.50218],[12.88699,42.50216],[12.88699,42.50214],[12.88698,42.50213],[12.88698,42.50212],[12.88697,42.5021],[12.88696,42.5021],[12.88694,42.50208],[12.88692,42.50207],[12.88689,42.50206],[12.88685,42.50205],[12.8868,42.50205],[12.88676,42.50205],[12.88674,42.50206],[12.88672,42.50206],[12.88668,42.50207],[12.88665,42.50207],[12.8865,42.50211],[12.88645,42.50212],[12.8863,42.50215],[12.88626,42.50215],[12.88621,42.50215],[12.88607,42.50216],[12.88606,42.50216],[12.88602,42.50216],[12.88597,42.50217],[12.88578,42.50218],[12.88573,42.50218],[12.88555,42.5022],[12.88554,42.5022],[12.88548,42.50221],[12.88534,42.50221],[12.88533,42.50222],[12.88529,42.50222],[12.88524,42.50223],[12.88509,42.50224],[12.88505,42.50225],[12.885,42.50227],[12.88489,42.50229],[12.88483,42.50232],[12.88478,42.50234],[12.88464,42.5024],[12.88462,42.50241],[12.88458,42.50244],[12.88451,42.50249],[12.88444,42.50253],[12.88441,42.50256],[12.88436,42.5026],[12.88424,42.50269],[12.88422,42.50271],[12.88421,42.50273],[12.8841,42.50286],[12.88401,42.50296],[12.88396,42.50304],[12.88393,42.50309],[12.88389,42.50314],[12.88382,42.50321],[12.88371,42.50328],[12.88365,42.50331],[12.88348,42.50341],[12.88331,42.50348],[12.88282,42.50368],[12.88228,42.50388],[12.88226,42.50389],[12.88223,42.50389],[12.88217,42.5039],[12.88213,42.5039],[12.88208,42.50389],[12.88206,42.50388],[12.88205,42.50388],[12.88204,42.50387],[12.88203,42.50386],[12.88202,42.50384],[12.88202,42.50383],[12.88203,42.50379],[12.88206,42.50375],[12.8821,42.50373],[12.88214,42.5037],[12.88221,42.50367],[12.8826,42.50346],[12.88294,42.50329],[12.88322,42.50312],[12.88322,42.50307],[12.88321,42.50306],[12.88319,42.50304],[12.88317,42.50302],[12.88313,42.50302],[12.88309,42.50301],[12.88268,42.50323],[12.88258,42.50328],[12.88249,42.50332],[12.88239,42.50337],[12.88224,42.50342],[12.88215,42.50345],[12.88194,42.5035],[12.88192,42.5035],[12.88157,42.50358],[12.88136,42.50361],[12.88134,42.50362],[12.88128,42.50363],[12.88122,42.50364],[12.88113,42.50365],[12.88108,42.50366],[12.88086,42.50371],[12.88071,42.50375],[12.88069,42.50376],[12.88055,42.5038],[12.8803,42.50388],[12.88013,42.50393],[12.87985,42.50406],[12.87962,42.50415],[12.87934,42.50427],[12.87921,42.50432],[12.87914,42.50436],[12.87906,42.50441],[12.87899,42.50448],[12.87894,42.50452],[12.87891,42.50454],[12.87889,42.50456],[12.87885,42.5046],[12.87881,42.50464],[12.87874,42.50468],[12.87869,42.50471],[12.8786,42.50476],[12.8785,42.50479],[12.87842,42.50482],[12.87834,42.50485],[12.87823,42.50489],[12.87811,42.50498],[12.87804,42.50504],[12.87801,42.50507],[12.87795,42.50513],[12.87788,42.50521],[12.8778,42.50531],[12.87773,42.5054],[12.87768,42.50545],[12.87762,42.50549],[12.87752,42.50555],[12.8775,42.50556],[12.87743,42.50558],[12.87733,42.50561],[12.8773,42.50562],[12.87724,42.50563],[12.87711,42.50565],[12.87703,42.50566],[12.87695,42.50566],[12.87687,42.50566],[12.87682,42.50566],[12.87679,42.50566],[12.87672,42.50565],[12.87671,42.50565],[12.87663,42.50563],[12.87654,42.50561],[12.87639,42.50559],[12.87626,42.50557],[12.87615,42.50557],[12.87608,42.50558],[12.87603,42.50558],[12.87599,42.50559],[12.87596,42.5056],[12.87587,42.50563],[12.87586,42.50563],[12.87565,42.5057],[12.87533,42.50582],[12.87499,42.50593],[12.87467,42.50603],[12.87451,42.50609],[12.87444,42.50611],[12.8744,42.50613],[12.87432,42.50616],[12.8743,42.50617],[12.87423,42.50621],[12.87421,42.50622],[12.87415,42.50627],[12.87408,42.50635],[12.87401,42.50647],[12.874,42.50652],[12.87397,42.50658],[12.87395,42.50661],[12.87392,42.50664],[12.87387,42.50668],[12.87381,42.50671],[12.87376,42.50672],[12.8737,42.50673],[12.87362,42.50673],[12.87353,42.50671],[12.87352,42.50667],[12.87351,42.50664],[12.87349,42.50658],[12.87348,42.50649],[12.87352,42.50642],[12.87355,42.50637],[12.87355,42.50636],[12.87361,42.5063],[12.8737,42.50624],[12.87383,42.50613],[12.874,42.50601],[12.87418,42.50591],[12.87434,42.50581],[12.87449,42.50572],[12.87457,42.50567],[12.87463,42.50564],[12.87479,42.50557],[12.87484,42.50554],[12.87489,42.50552],[12.87498,42.50544],[12.87501,42.50542],[12.87503,42.50539],[12.87507,42.50534],[12.87515,42.50524],[12.87523,42.50514],[12.8753,42.50507],[12.87538,42.50502],[12.87545,42.50499],[12.87552,42.50498],[12.87576,42.50494],[12.87594,42.50489],[12.876,42.50487],[12.87607,42.50484],[12.87614,42.50479],[12.87618,42.50475],[12.87622,42.5047],[12.87623,42.50465],[12.87624,42.5046],[12.87624,42.50454],[12.87622,42.50448],[12.87618,42.50435],[12.87616,42.5043],[12.87614,42.50425],[12.8761,42.50413],[12.8761,42.50412],[12.87607,42.50395],[12.87608,42.5039],[12.87609,42.50387],[12.87611,42.50384],[12.87612,42.50382],[12.87615,42.50381],[12.87617,42.50379],[12.87618,42.50379],[12.8762,42.50378],[12.87624,42.50376],[12.87628,42.50375],[12.87633,42.50375],[12.87638,42.50374],[12.87644,42.50374],[12.87653,42.50374],[12.87665,42.50374],[12.8767,42.50374],[12.87682,42.50374],[12.87693,42.50374],[12.87701,42.50373],[12.87711,42.5037],[12.87716,42.50368],[12.87721,42.50365],[12.87726,42.50361],[12.87731,42.50356],[12.87735,42.50351],[12.87739,42.50345],[12.87746,42.5033],[12.87749,42.50324],[12.87753,42.50317],[12.87758,42.50307],[12.87761,42.503],[12.8777,42.50275],[12.87782,42.50244],[12.87786,42.50234],[12.8779,42.50226],[12.87794,42.50219],[12.87799,42.50213],[12.87799,42.50212],[12.87802,42.50208],[12.87806,42.50205],[12.87811,42.50202],[12.87815,42.50199],[12.87816,42.50198],[12.87822,42.50196],[12.87828,42.50194],[12.87837,42.50192],[12.87844,42.5019],[12.87858,42.50185],[12.8787,42.50182],[12.8788,42.50178],[12.8789,42.50175],[12.87897,42.50171],[12.87902,42.50168],[12.8791,42.50163],[12.87922,42.50153],[12.87934,42.50144],[12.87958,42.50124],[12.87972,42.50111],[12.8796,42.5011],[12.87954,42.50111],[12.87947,42.50111],[12.87945,42.50111],[12.87935,42.50112],[12.87924,42.50114],[12.87923,42.50114],[12.8791,42.50115],[12.87899,42.50116],[12.87898,42.50116],[12.87891,42.50118],[12.87886,42.50119],[12.87881,42.50121],[12.87876,42.50122],[12.87875,42.50123],[12.87864,42.50129],[12.87856,42.50133],[12.87852,42.50135],[12.87845,42.50138],[12.87838,42.50139],[12.87831,42.5014],[12.87825,42.50141],[12.87817,42.50141],[12.8781,42.50141],[12.87808,42.50141],[12.87799,42.5014],[12.87791,42.50139],[12.87784,42.50139],[12.87775,42.50137],[12.87766,42.50135],[12.87763,42.50134],[12.87752,42.50132],[12.87739,42.50132],[12.87734,42.50132],[12.87721,42.50132],[12.87712,42.50132],[12.87701,42.50131],[12.87691,42.50132],[12.8769,42.50132],[12.87676,42.50134],[12.87666,42.50136],[12.87656,42.50137],[12.87642,42.50138],[12.87625,42.50138],[12.87616,42.50139],[12.87607,42.5014],[12.87598,42.5014],[12.87593,42.5014],[12.87592,42.5014],[12.87584,42.50138],[12.87572,42.50134],[12.87558,42.50129],[12.87549,42.50125],[12.87546,42.50124],[12.87533,42.50119],[12.87525,42.50115],[12.87518,42.50111],[12.87512,42.50107],[12.87508,42.50106],[12.87504,42.50103],[12.87497,42.50101],[12.87492,42.50101],[12.87487,42.501],[12.87482,42.501],[12.87481,42.501],[12.87477,42.501],[12.87473,42.501],[12.8747,42.50098],[12.87467,42.50097],[12.87463,42.50094],[12.87461,42.50093],[12.87457,42.5009],[12.87452,42.50087],[12.8745,42.50084],[12.87446,42.50079],[12.87468,42.50063],[12.875,42.50043],[12.87549,42.50012],[12.87592,42.49983],[12.8765,42.49945],[12.87685,42.49911],[12.87691,42.49904],[12.87703,42.49891],[12.87704,42.49889],[12.87721,42.49868],[12.87737,42.49846],[12.8775,42.49825],[12.87787,42.49778],[12.87789,42.49775],[12.87797,42.49762],[12.87808,42.49744],[12.8782,42.49722],[12.8783,42.49694],[12.8783,42.49692],[12.87833,42.49676],[12.87837,42.49659],[12.87841,42.49637],[12.87846,42.4962],[12.8785,42.49608],[12.87844,42.49606],[12.87836,42.49602],[12.8783,42.49598],[12.87828,42.49597],[12.87823,42.49593],[12.87788,42.49565],[12.8777,42.49547],[12.87766,42.49544],[12.87762,42.4954],[12.87756,42.49535],[12.87751,42.49532],[12.87746,42.49529],[12.87733,42.49521],[12.87706,42.49509],[12.8768,42.495],[12.87652,42.49494],[12.87581,42.4948],[12.87534,42.4947],[12.87453,42.49453],[12.8733,42.49426],[12.87194,42.49396],[12.87182,42.49393],[12.87168,42.49389],[12.87155,42.49385],[12.87138,42.49377],[12.87133,42.49374],[12.86969,42.49236],[12.86953,42.49223],[12.86945,42.49216],[12.86944,42.49215],[12.86936,42.49211],[12.86827,42.49151],[12.8676,42.49114],[12.86691,42.49076],[12.86677,42.49068],[12.86672,42.49064],[12.86666,42.4906],[12.86659,42.49056],[12.86656,42.49053],[12.86654,42.49051],[12.86647,42.49045],[12.86629,42.49027],[12.86607,42.48995],[12.86562,42.48929],[12.86558,42.48926],[12.86532,42.48904],[12.86509,42.48885],[12.86477,42.48859],[12.86435,42.48824],[12.86396,42.48791],[12.86389,42.48785],[12.8638,42.48778],[12.86365,42.48764],[12.86347,42.48751],[12.86333,42.48742],[12.86319,42.48735],[12.86308,42.4873],[12.86291,42.48724],[12.86286,42.48722],[12.86266,42.48715],[12.86264,42.48715],[12.86241,42.48707],[12.86152,42.48678],[12.86107,42.48664],[12.86085,42.48656],[12.86063,42.48649],[12.8604,42.48642],[12.85996,42.48627],[12.85986,42.48624],[12.85973,42.48622],[12.85912,42.48612],[12.85905,42.48611],[12.8554,42.48549],[12.85513,42.48545],[12.85494,42.48544],[12.8548,42.48544],[12.85463,42.48544],[12.85447,42.48546],[12.85438,42.48547],[12.85408,42.48552],[12.85348,42.48561],[12.85337,42.48563],[12.85324,42.48565],[12.85284,42.48571],[12.85238,42.48578],[12.85215,42.48579],[12.85173,42.48577],[12.85168,42.48576],[12.85144,42.48574],[12.85121,42.48572],[12.85036,42.48559],[12.85035,42.48559],[12.85024,42.48557],[12.85011,42.48555],[12.85001,42.48553],[12.84865,42.48528],[12.84822,42.48521],[12.84798,42.48516],[12.84716,42.48502],[12.8471,42.48501],[12.84632,42.48487],[12.84628,42.48487],[12.84621,42.48485],[12.84589,42.48478],[12.84585,42.48477],[12.84572,42.48474],[12.84559,42.4847],[12.84554,42.48469],[12.84538,42.48463],[12.84523,42.48456],[12.84517,42.48452],[12.84509,42.48448],[12.84498,42.4844],[12.84489,42.48434],[12.84481,42.48428],[12.84468,42.48418],[12.84456,42.4841],[12.8445,42.48404],[12.84448,42.48401],[12.84444,42.48397],[12.84434,42.48386],[12.84413,42.48362],[12.84388,42.48334],[12.84344,42.48288],[12.84335,42.48278],[12.84293,42.48234],[12.84268,42.48206],[12.84239,42.48175],[12.84234,42.48169],[12.84185,42.48115],[12.84181,42.48111],[12.84179,42.48109],[12.84174,42.48103],[12.84167,42.48096],[12.84164,42.48094],[12.84161,42.48092],[12.84148,42.48084],[12.84119,42.48065],[12.84073,42.4804],[12.84039,42.48021],[12.84034,42.48018],[12.84031,42.48016],[12.8398,42.47988],[12.83939,42.47965],[12.83934,42.47963],[12.83914,42.47952],[12.83898,42.47943],[12.83864,42.47925],[12.83855,42.47919],[12.83842,42.47912],[12.83836,42.47908],[12.8383,42.47904],[12.83821,42.47897],[12.83813,42.4789],[12.83809,42.47887],[12.83805,42.47881],[12.83771,42.47835],[12.83756,42.47814],[12.83733,42.47784],[12.83725,42.47776],[12.83718,42.47769],[12.83709,42.47762],[12.83693,42.47752],[12.8367,42.47743],[12.83665,42.47741],[12.83659,42.47739],[12.8365,42.47736],[12.83628,42.4773],[12.83621,42.47728],[12.83622,42.47707],[12.83623,42.47675],[12.83624,42.4766],[12.83624,42.47652],[12.83626,42.47642],[12.83628,42.47543],[12.83628,42.4754],[12.83628,42.47536],[12.83629,42.47491],[12.83629,42.47462],[12.83628,42.47453],[12.83628,42.47447],[12.83627,42.4743],[12.83626,42.4741],[12.83624,42.4739],[12.83623,42.47381],[12.83623,42.47379],[12.83622,42.47367],[12.83619,42.47353],[12.83617,42.47342],[12.83604,42.47264],[12.83601,42.47254],[12.83597,42.47234],[12.83596,42.47227],[12.83593,42.4722],[12.8359,42.47213],[12.83588,42.47207],[12.83584,42.47202],[12.83576,42.47195],[12.83569,42.47189],[12.83563,42.47186],[12.83556,42.47181],[12.83549,42.47176],[12.83548,42.47175],[12.83486,42.47136],[12.83475,42.4713],[12.83472,42.47127],[12.83445,42.47111],[12.83412,42.47089],[12.83407,42.47086],[12.83367,42.4706],[12.83333,42.47037],[12.83318,42.47028],[12.83305,42.4702],[12.83296,42.47014],[12.83286,42.47007],[12.83276,42.47001],[12.83266,42.46994],[12.83257,42.46986],[12.83249,42.46978],[12.83246,42.46975],[12.83243,42.46971],[12.83235,42.46962],[12.83225,42.4695],[12.83216,42.46938],[12.83185,42.46892],[12.83184,42.4689],[12.83183,42.46889],[12.83136,42.46821],[12.83126,42.46805],[12.83117,42.4679],[12.8311,42.46776],[12.83104,42.46762],[12.83101,42.46751],[12.83097,42.46739],[12.83095,42.46729],[12.83094,42.46723],[12.83094,42.46712],[12.83094,42.46707],[12.83095,42.46701],[12.83098,42.4669],[12.831,42.46682],[12.83103,42.4667],[12.83113,42.46642],[12.83117,42.46629],[12.83124,42.46606],[12.83134,42.46577],[12.8314,42.4656],[12.83141,42.46555],[12.83143,42.46551],[12.83144,42.46548],[12.83152,42.46521],[12.83152,42.46515],[12.83153,42.46511],[12.83153,42.46506],[12.83152,42.46498],[12.83151,42.46493],[12.83146,42.46478],[12.83141,42.46459],[12.83137,42.46448],[12.83135,42.46442],[12.83132,42.46435],[12.83128,42.46428],[12.83124,42.46422],[12.83119,42.46415],[12.83114,42.46409],[12.83103,42.46396],[12.83089,42.46383],[12.83081,42.46376],[12.83075,42.46371],[12.83068,42.46366],[12.83059,42.4636],[12.8305,42.46356],[12.83014,42.4634],[12.83007,42.46335],[12.83001,42.4633],[12.82998,42.46326],[12.82993,42.46319],[12.82988,42.46311],[12.82979,42.46295],[12.82975,42.46283],[12.82973,42.46276],[12.82972,42.46269],[12.82969,42.46249],[12.82969,42.46238],[12.8297,42.46228],[12.82973,42.46216],[12.82976,42.46209],[12.82979,42.46202],[12.82988,42.46183],[12.82996,42.46167],[12.83005,42.46153],[12.83027,42.46121],[12.83033,42.46113],[12.83045,42.46096],[12.83055,42.46083],[12.83067,42.46066],[12.83079,42.46048],[12.83087,42.46035],[12.83095,42.4602],[12.83097,42.46017],[12.83107,42.45996],[12.83117,42.45976],[12.83129,42.4595],[12.83134,42.45935],[12.83135,42.45931],[12.83136,42.45926],[12.83135,42.45919],[12.83134,42.4591],[12.83132,42.459],[12.83125,42.45882],[12.83123,42.45874],[12.83121,42.45864],[12.8312,42.45854],[12.8312,42.45849],[12.83121,42.45844],[12.83121,42.45843],[12.83121,42.45839],[12.83123,42.45834],[12.83128,42.45824],[12.8313,42.45821],[12.83142,42.45803],[12.83154,42.45789],[12.83156,42.45786],[12.8321,42.45725],[12.83393,42.45518],[12.83417,42.45492],[12.83505,42.45394],[12.83539,42.45357],[12.83594,42.45296],[12.83632,42.45257],[12.83631,42.45249],[12.83631,42.45245],[12.83628,42.4524],[12.83626,42.45236],[12.83623,42.45233],[12.8362,42.4523],[12.83617,42.45228],[12.83613,42.45225],[12.8361,42.45223],[12.83593,42.45215],[12.83589,42.45213],[12.83575,42.45208],[12.83566,42.45203],[12.83552,42.45196],[12.83551,42.45196],[12.83544,42.45192],[12.83534,42.45186],[12.83532,42.45185],[12.83524,42.45179],[12.83511,42.45168],[12.83506,42.45163],[12.83504,42.45158],[12.83504,42.45157],[12.83503,42.45153],[12.83503,42.45146],[12.83503,42.4514],[12.83514,42.45116],[12.83527,42.45093],[12.83555,42.45042],[12.83594,42.44978],[12.83594,42.44977],[12.83605,42.44964],[12.83619,42.44948],[12.83632,42.44936],[12.83643,42.44928],[12.83652,42.44921],[12.83659,42.44915],[12.83661,42.44914],[12.83662,42.44911],[12.83664,42.44909],[12.83666,42.44903],[12.83671,42.44887],[12.83686,42.44836],[12.83701,42.44783],[12.83706,42.44765],[12.83712,42.44745],[12.83717,42.44731],[12.83717,42.4473],[12.83721,42.44723],[12.83727,42.44714],[12.8375,42.44682],[12.83753,42.44677],[12.83778,42.44638],[12.83785,42.44624],[12.83789,42.44616],[12.83792,42.44608],[12.83794,42.44599],[12.83795,42.44589],[12.83794,42.44583],[12.83793,42.44575],[12.83783,42.44546],[12.83779,42.44535],[12.83777,42.44528],[12.83744,42.44447],[12.83734,42.44425],[12.83729,42.44408],[12.83724,42.44395],[12.83722,42.44388],[12.83721,42.4438],[12.8372,42.44372],[12.8372,42.4437],[12.8372,42.44361],[12.83726,42.44293],[12.83738,42.44187],[12.83738,42.44182],[12.83738,42.44177],[12.83737,42.44172],[12.83736,42.44168],[12.83735,42.44165],[12.83734,42.44163],[12.8373,42.44157],[12.83694,42.44136],[12.83691,42.44134],[12.83685,42.4413],[12.83676,42.44123],[12.83666,42.44113],[12.83654,42.44101],[12.83641,42.44088],[12.83634,42.44077],[12.83629,42.44069],[12.83626,42.44061],[12.83623,42.44052],[12.83622,42.44044],[12.83618,42.44006],[12.83614,42.43962],[12.83614,42.43956],[12.83614,42.43948],[12.83616,42.43933],[12.83614,42.43916],[12.83613,42.43913],[12.83605,42.43826],[12.83604,42.43809],[12.83596,42.4377],[12.83593,42.43762],[12.8359,42.43757],[12.83589,42.43756],[12.83586,42.43751],[12.8358,42.43746],[12.83574,42.43743],[12.83566,42.43742],[12.83517,42.43742],[12.83503,42.43741],[12.83493,42.43739],[12.83487,42.43737],[12.83479,42.43732],[12.83469,42.43725],[12.83462,42.43719],[12.83461,42.43718],[12.83454,42.43709],[12.83449,42.437],[12.83442,42.4367],[12.83427,42.43612],[12.83414,42.4357],[12.83409,42.43557],[12.83403,42.43543],[12.83367,42.43469],[12.83355,42.4344],[12.83355,42.43439],[12.83353,42.43431],[12.83354,42.43423],[12.83357,42.43416],[12.8336,42.43411],[12.8338,42.43386],[12.8342,42.43326],[12.83442,42.43298],[12.83447,42.43289],[12.83451,42.43279],[12.83453,42.4327],[12.83454,42.43261],[12.83458,42.43229],[12.83461,42.43204],[12.83461,42.43203],[12.83464,42.43187],[12.83467,42.43168],[12.83467,42.43166],[12.83476,42.43103],[12.8347,42.43039],[12.83466,42.43011],[12.83466,42.43009],[12.83458,42.42993],[12.83456,42.42987],[12.83435,42.42944],[12.83416,42.42902],[12.83399,42.42876],[12.83385,42.42864],[12.8338,42.4286],[12.8339,42.42848],[12.83391,42.42847],[12.83398,42.4284],[12.83404,42.42835],[12.83416,42.42823],[12.83427,42.42813],[12.83452,42.42789],[12.83462,42.42782],[12.83504,42.42748],[12.83507,42.42746],[12.83513,42.4274],[12.83533,42.42718],[12.8355,42.427],[12.83556,42.42693],[12.83564,42.42685],[12.83573,42.42677],[12.83597,42.42659],[12.83615,42.42645],[12.83627,42.42636],[12.83637,42.42625],[12.83649,42.42611],[12.8367,42.42584],[12.83682,42.42567],[12.83684,42.42565],[12.837,42.42546],[12.83717,42.42528],[12.83735,42.42511],[12.83736,42.4251],[12.83768,42.4248],[12.83918,42.42368],[12.83958,42.42339],[12.83984,42.42319],[12.84045,42.42274],[12.8407,42.42256],[12.84103,42.42232],[12.84117,42.42223],[12.84125,42.42218],[12.84151,42.42202],[12.84211,42.42164],[12.84239,42.42148],[12.8434,42.42093],[12.84346,42.42088],[12.84376,42.42064],[12.84429,42.41999],[12.8443,42.41998],[12.84445,42.41984],[12.84487,42.41946],[12.84506,42.4193],[12.84539,42.41902],[12.84552,42.41892],[12.84565,42.41882],[12.84576,42.41874],[12.84582,42.4187],[12.84605,42.41856],[12.84623,42.41844],[12.84624,42.41844],[12.84627,42.41842],[12.84628,42.41841],[12.84633,42.41838],[12.84646,42.4183],[12.84694,42.41801],[12.84706,42.41794],[12.84712,42.4179],[12.84717,42.41786],[12.84724,42.41782],[12.84727,42.41781],[12.8473,42.41779],[12.84748,42.41768],[12.84748,42.41767],[12.84748,42.41766],[12.84747,42.41765],[12.84747,42.41764],[12.84747,42.41763],[12.84747,42.41762],[12.84747,42.41761],[12.84747,42.4176],[12.84748,42.41759],[12.84748,42.41758],[12.84748,42.41757],[12.84749,42.41756],[12.84749,42.41755],[12.8475,42.41755],[12.84751,42.41754],[12.84752,42.41753],[12.84752,42.41752],[12.84753,42.41752],[12.84754,42.41751],[12.84755,42.4175],[12.84756,42.4175],[12.84758,42.41749],[12.84759,42.41749],[12.8476,42.41748],[12.84761,42.41748],[12.84762,42.41748],[12.84765,42.41748],[12.84782,42.41729],[12.84787,42.41723],[12.84788,42.41721],[12.8479,42.41719],[12.84799,42.41707],[12.84829,42.41653],[12.84839,42.41638],[12.84845,42.4163],[12.84849,42.41624],[12.84852,42.41617],[12.84856,42.41608],[12.84857,42.41605],[12.84861,42.4159],[12.84862,42.41585],[12.84877,42.41497],[12.84881,42.41463],[12.84885,42.41399],[12.84885,42.41393],[12.84885,42.41391],[12.84886,42.41383],[12.84887,42.41373],[12.84888,42.41369],[12.8489,42.41363],[12.84891,42.41358],[12.84892,42.41352],[12.84893,42.41344],[12.849,42.41286],[12.84901,42.4124],[12.84899,42.41163],[12.849,42.41149],[12.84905,42.41133],[12.84911,42.41115],[12.84937,42.41029],[12.84951,42.40979],[12.84952,42.40974],[12.84961,42.40939],[12.84953,42.40933],[12.84945,42.40926],[12.84917,42.409],[12.84851,42.40838],[12.84831,42.40821],[12.84796,42.40791],[12.84787,42.40782],[12.84776,42.40768],[12.8477,42.40757],[12.84768,42.40751],[12.84769,42.40736],[12.8477,42.40726],[12.84773,42.40708],[12.84777,42.40681],[12.84779,42.40674],[12.84797,42.40604],[12.84804,42.40594],[12.84803,42.40594],[12.84802,42.40594],[12.84802,42.40593],[12.84801,42.40593],[12.848,42.40592],[12.84799,42.40592],[12.84799,42.40591],[12.84798,42.40591],[12.84798,42.4059],[12.84797,42.40589],[12.84797,42.40588],[12.84797,42.40587],[12.84796,42.40586],[12.84796,42.40585],[12.84797,42.40585],[12.84797,42.40584],[12.84797,42.40583],[12.84797,42.40582],[12.84798,42.40582],[12.84798,42.40581],[12.84799,42.40581],[12.84799,42.4058],[12.848,42.4058],[12.848,42.40579],[12.84801,42.40579],[12.84801,42.40578],[12.84802,42.40578],[12.84803,42.40578],[12.84804,42.40577],[12.84805,42.40577],[12.84806,42.40577],[12.84807,42.40576],[12.84808,42.40576],[12.84809,42.40576],[12.8481,42.40576],[12.84811,42.40576],[12.84812,42.40576],[12.84813,42.40576],[12.84814,42.40576],[12.84814,42.40577],[12.84826,42.40564],[12.84852,42.40543],[12.84893,42.40508],[12.84901,42.40501],[12.84912,42.40489],[12.8492,42.40478],[12.84924,42.40474],[12.84929,42.40468],[12.84934,42.40463],[12.84937,42.40459],[12.84942,42.40453],[12.8495,42.40444],[12.84955,42.40438],[12.84981,42.40408],[12.8498,42.4039],[12.8498,42.40366],[12.84979,42.40317],[12.84979,42.40308],[12.8498,42.4029],[12.8498,42.40289],[12.84988,42.40251],[12.84999,42.40219],[12.85001,42.40215],[12.85006,42.40193],[12.85009,42.40179],[12.85019,42.40108],[12.85021,42.40096],[12.85023,42.40087],[12.85028,42.40075],[12.85038,42.40061],[12.85048,42.40052],[12.85054,42.40045],[12.85068,42.40031],[12.85138,42.39951],[12.85148,42.39947],[12.8519,42.39939],[12.8526,42.39925],[12.85303,42.39917],[12.85515,42.39877],[12.85519,42.39876],[12.85552,42.3987],[12.85579,42.39865],[12.85588,42.39865],[12.85592,42.39867],[12.85595,42.39868],[12.85601,42.39872],[12.85603,42.39875],[12.85606,42.39877],[12.85608,42.39879],[12.85613,42.39883],[12.85616,42.39885],[12.85618,42.39887],[12.85621,42.39888],[12.85623,42.39888],[12.85643,42.39891],[12.85747,42.3981],[12.8577,42.39792],[12.85786,42.39778],[12.85795,42.39772],[12.85798,42.3977],[12.858,42.39768],[12.85813,42.39758],[12.8584,42.39737],[12.85847,42.39729],[12.85855,42.39721],[12.85865,42.39707],[12.85908,42.39646],[12.85944,42.39604],[12.85951,42.39597],[12.85957,42.39591],[12.85964,42.39587],[12.85964,42.39586],[12.85964,42.39585],[12.85965,42.39585],[12.85965,42.39584],[12.85966,42.39583],[12.85967,42.39582],[12.85968,42.39582],[12.85968,42.39581],[12.85969,42.39581],[12.85969,42.3958],[12.8597,42.3958],[12.85971,42.3958],[12.85972,42.3958],[12.85972,42.39579],[12.85973,42.39579],[12.85974,42.39579],[12.85975,42.39579],[12.85976,42.39579],[12.85977,42.39579],[12.85978,42.39579],[12.85979,42.39579],[12.8598,42.39579],[12.8598,42.3958],[12.85981,42.3958],[12.85982,42.3958],[12.85983,42.3958],[12.85983,42.39581],[12.85984,42.39581],[12.85985,42.39582],[12.85986,42.39582],[12.85986,42.39583],[12.85987,42.39583],[12.85987,42.39584],[12.85987,42.39585],[12.85988,42.39585],[12.85988,42.39586],[12.85988,42.39587],[12.85988,42.39588],[12.85988,42.39589],[12.85995,42.39591],[12.86,42.39594],[12.86005,42.39599],[12.86005,42.39601],[12.86006,42.39604],[12.86008,42.3961],[12.86017,42.39692],[12.86018,42.39696],[12.8602,42.39714],[12.86025,42.39723],[12.86026,42.3973],[12.86046,42.39756],[12.86071,42.39778],[12.86094,42.39806],[12.86101,42.39815],[12.86123,42.3984],[12.86126,42.39842],[12.86134,42.3985],[12.8614,42.39855],[12.86146,42.3986],[12.8616,42.39872],[12.86164,42.39874],[12.86169,42.39878],[12.86177,42.39884],[12.86187,42.39889],[12.86194,42.39894],[12.86199,42.39895],[12.86204,42.39897],[12.8621,42.39898],[12.86216,42.399],[12.86225,42.39901],[12.8624,42.39903],[12.86243,42.39903],[12.86241,42.39905],[12.8624,42.39905],[12.86239,42.39906],[12.86236,42.39907],[12.86229,42.39908],[12.86223,42.39909],[12.86209,42.39912],[12.86186,42.39916],[12.86195,42.39928],[12.86195,42.3993],[12.86194,42.39934],[12.8619,42.39936],[12.86189,42.39937],[12.86184,42.39939],[12.8618,42.3994]]}},{"type":"Feature","properties":{"name":"Start","sym":"Flag, Green"},"geometry":{"type":"Point","coordinates":[12.8618,42.3994]}},{"type":"Feature","properties":{"name":"End","sym":"Flag, Red"},"geometry":{"type":"Point","coordinates":[12.8618,42.3994]}}]}