{
  "type": "FeatureCollection",
  "features": [
    {
      "type": "Feature",
      "properties": {
        "_gpxType": "trk",
        "name": "Terracina",
        "coordinateProperties": {}
      },
      "geometry": {
        "type": "LineString",
        "coordinates": [
          [
            12.79308,
            41.48383
          ],
          [
            12.79315,
            41.48402
          ],
          [
            12.79327,
            41.48431
          ],
          [
            12.79333,
            41.48445
          ],
          [
            12.79361,
            41.48514
          ],
          [
            12.79363,
            41.48519
          ],
          [
            12.79382,
            41.48566
          ],
          [
            12.79396,
            41.486
          ],
          [
            12.79425,
            41.48672
          ],
          [
            12.79443,
            41.48717
          ],
          [
            12.79463,
            41.48765
          ],
          [
            12.79478,
            41.48801
          ],
          [
            12.79479,
            41.48803
          ],
          [
            12.79492,
            41.48834
          ],
          [
            12.79493,
            41.48837
          ],
          [
            12.79511,
            41.48881
          ],
          [
            12.7954,
            41.4895
          ],
          [
            12.79547,
            41.48967
          ],
          [
            12.7957,
            41.49022
          ],
          [
            12.79584,
            41.49057
          ],
          [
            12.79632,
            41.49172
          ],
          [
            12.79641,
            41.49194
          ],
          [
            12.7965,
            41.49215
          ],
          [
            12.79683,
            41.49296
          ],
          [
            12.79695,
            41.49325
          ],
          [
            12.79697,
            41.49329
          ],
          [
            12.79716,
            41.49377
          ],
          [
            12.79732,
            41.49415
          ],
          [
            12.79734,
            41.49421
          ],
          [
            12.79768,
            41.49504
          ],
          [
            12.79777,
            41.49524
          ],
          [
            12.79794,
            41.49563
          ],
          [
            12.79797,
            41.49572
          ],
          [
            12.79798,
            41.49576
          ],
          [
            12.798,
            41.49582
          ],
          [
            12.79968,
            41.49573
          ],
          [
            12.8005,
            41.49569
          ],
          [
            12.80106,
            41.49566
          ],
          [
            12.80154,
            41.49564
          ],
          [
            12.80455,
            41.49553
          ],
          [
            12.80544,
            41.49546
          ],
          [
            12.80573,
            41.49543
          ],
          [
            12.80924,
            41.49526
          ],
          [
            12.81088,
            41.4952
          ],
          [
            12.81269,
            41.49509
          ],
          [
            12.81407,
            41.49503
          ],
          [
            12.81479,
            41.495
          ],
          [
            12.81534,
            41.495
          ],
          [
            12.81572,
            41.495
          ],
          [
            12.81589,
            41.495
          ],
          [
            12.81646,
            41.495
          ],
          [
            12.81718,
            41.495
          ],
          [
            12.81815,
            41.49501
          ],
          [
            12.81839,
            41.49501
          ],
          [
            12.81911,
            41.49501
          ],
          [
            12.82055,
            41.49501
          ],
          [
            12.82065,
            41.49501
          ],
          [
            12.82143,
            41.49501
          ],
          [
            12.8217,
            41.49501
          ],
          [
            12.8226,
            41.49501
          ],
          [
            12.82423,
            41.49502
          ],
          [
            12.82537,
            41.49504
          ],
          [
            12.82556,
            41.49504
          ],
          [
            12.82593,
            41.49503
          ],
          [
            12.82615,
            41.49503
          ],
          [
            12.82634,
            41.49501
          ],
          [
            12.82648,
            41.49498
          ],
          [
            12.82658,
            41.49495
          ],
          [
            12.82669,
            41.4949
          ],
          [
            12.8268,
            41.49484
          ],
          [
            12.82695,
            41.49474
          ],
          [
            12.82698,
            41.49471
          ],
          [
            12.82703,
            41.49466
          ],
          [
            12.82706,
            41.49464
          ],
          [
            12.82712,
            41.4946
          ],
          [
            12.82715,
            41.49458
          ],
          [
            12.8272,
            41.49455
          ],
          [
            12.82729,
            41.49453
          ],
          [
            12.82738,
            41.49452
          ],
          [
            12.82746,
            41.49454
          ],
          [
            12.82756,
            41.49459
          ],
          [
            12.82762,
            41.49461
          ],
          [
            12.82768,
            41.49463
          ],
          [
            12.82772,
            41.49465
          ],
          [
            12.82778,
            41.49466
          ],
          [
            12.82782,
            41.49467
          ],
          [
            12.82787,
            41.49467
          ],
          [
            12.82797,
            41.49468
          ],
          [
            12.82836,
            41.49456
          ],
          [
            12.82837,
            41.49455
          ],
          [
            12.82845,
            41.49453
          ],
          [
            12.82904,
            41.49434
          ],
          [
            12.82994,
            41.49405
          ],
          [
            12.83022,
            41.49397
          ],
          [
            12.83044,
            41.4939
          ],
          [
            12.83058,
            41.49385
          ],
          [
            12.83079,
            41.49378
          ],
          [
            12.83082,
            41.49377
          ],
          [
            12.83163,
            41.49351
          ],
          [
            12.83172,
            41.49349
          ],
          [
            12.83182,
            41.49351
          ],
          [
            12.8322,
            41.49338
          ],
          [
            12.83302,
            41.49308
          ],
          [
            12.83312,
            41.49304
          ],
          [
            12.83364,
            41.49286
          ],
          [
            12.83396,
            41.49274
          ],
          [
            12.83447,
            41.49256
          ],
          [
            12.8345,
            41.49255
          ],
          [
            12.83453,
            41.49254
          ],
          [
            12.83514,
            41.49232
          ],
          [
            12.8356,
            41.49215
          ],
          [
            12.83563,
            41.49214
          ],
          [
            12.83577,
            41.49209
          ],
          [
            12.83581,
            41.49207
          ],
          [
            12.83603,
            41.49199
          ],
          [
            12.83722,
            41.49156
          ],
          [
            12.83754,
            41.49145
          ],
          [
            12.83777,
            41.49137
          ],
          [
            12.83815,
            41.49123
          ],
          [
            12.8384,
            41.49114
          ],
          [
            12.83907,
            41.4909
          ],
          [
            12.84036,
            41.49043
          ],
          [
            12.84056,
            41.49036
          ],
          [
            12.841,
            41.4902
          ],
          [
            12.84111,
            41.49016
          ],
          [
            12.8414,
            41.49006
          ],
          [
            12.84151,
            41.49001
          ],
          [
            12.84185,
            41.48989
          ],
          [
            12.84204,
            41.48982
          ],
          [
            12.84226,
            41.48974
          ],
          [
            12.8423,
            41.48973
          ],
          [
            12.84252,
            41.48965
          ],
          [
            12.84255,
            41.48964
          ],
          [
            12.84269,
            41.48959
          ],
          [
            12.84328,
            41.48937
          ],
          [
            12.84471,
            41.48886
          ],
          [
            12.84486,
            41.4888
          ],
          [
            12.8449,
            41.48879
          ],
          [
            12.84511,
            41.48871
          ],
          [
            12.84534,
            41.48863
          ],
          [
            12.84576,
            41.48848
          ],
          [
            12.84629,
            41.48829
          ],
          [
            12.84663,
            41.48816
          ],
          [
            12.84717,
            41.48797
          ],
          [
            12.84743,
            41.48787
          ],
          [
            12.84766,
            41.48779
          ],
          [
            12.84822,
            41.48759
          ],
          [
            12.84893,
            41.48733
          ],
          [
            12.85004,
            41.48693
          ],
          [
            12.8503,
            41.48683
          ],
          [
            12.85136,
            41.48645
          ],
          [
            12.85177,
            41.4863
          ],
          [
            12.85194,
            41.48624
          ],
          [
            12.852,
            41.48622
          ],
          [
            12.85205,
            41.4862
          ],
          [
            12.85212,
            41.48618
          ],
          [
            12.85423,
            41.48541
          ],
          [
            12.85494,
            41.48516
          ],
          [
            12.85524,
            41.48505
          ],
          [
            12.85543,
            41.48498
          ],
          [
            12.85556,
            41.48493
          ],
          [
            12.85638,
            41.48463
          ],
          [
            12.85644,
            41.48454
          ],
          [
            12.85671,
            41.48444
          ],
          [
            12.85715,
            41.48425
          ],
          [
            12.85744,
            41.48412
          ],
          [
            12.8576,
            41.48406
          ],
          [
            12.85797,
            41.4839
          ],
          [
            12.85825,
            41.48378
          ],
          [
            12.85846,
            41.48368
          ],
          [
            12.85849,
            41.48366
          ],
          [
            12.85854,
            41.48364
          ],
          [
            12.85906,
            41.48338
          ],
          [
            12.85953,
            41.48311
          ],
          [
            12.85985,
            41.4829
          ],
          [
            12.86004,
            41.48278
          ],
          [
            12.8603,
            41.4826
          ],
          [
            12.86052,
            41.48244
          ],
          [
            12.8608,
            41.48223
          ],
          [
            12.86116,
            41.48193
          ],
          [
            12.86122,
            41.48187
          ],
          [
            12.86134,
            41.48177
          ],
          [
            12.86161,
            41.48153
          ],
          [
            12.86182,
            41.48133
          ],
          [
            12.86201,
            41.48113
          ],
          [
            12.86233,
            41.4808
          ],
          [
            12.86248,
            41.48066
          ],
          [
            12.86262,
            41.48051
          ],
          [
            12.86273,
            41.48041
          ],
          [
            12.86296,
            41.48015
          ],
          [
            12.86304,
            41.48005
          ],
          [
            12.8632,
            41.47986
          ],
          [
            12.86344,
            41.47955
          ],
          [
            12.86348,
            41.4795
          ],
          [
            12.86373,
            41.47918
          ],
          [
            12.86381,
            41.47907
          ],
          [
            12.86398,
            41.47885
          ],
          [
            12.86406,
            41.47873
          ],
          [
            12.86423,
            41.4785
          ],
          [
            12.86428,
            41.47843
          ],
          [
            12.86438,
            41.47828
          ],
          [
            12.86446,
            41.47817
          ],
          [
            12.86448,
            41.47814
          ],
          [
            12.86455,
            41.47804
          ],
          [
            12.86459,
            41.47798
          ],
          [
            12.86474,
            41.47777
          ],
          [
            12.86478,
            41.47771
          ],
          [
            12.86493,
            41.47749
          ],
          [
            12.86505,
            41.47732
          ],
          [
            12.86519,
            41.47709
          ],
          [
            12.8654,
            41.47674
          ],
          [
            12.86565,
            41.47626
          ],
          [
            12.86566,
            41.47626
          ],
          [
            12.86571,
            41.47615
          ],
          [
            12.86586,
            41.47588
          ],
          [
            12.86592,
            41.47574
          ],
          [
            12.86611,
            41.47538
          ],
          [
            12.86614,
            41.47532
          ],
          [
            12.86629,
            41.47503
          ],
          [
            12.8663,
            41.475
          ],
          [
            12.86642,
            41.47478
          ],
          [
            12.86648,
            41.47466
          ],
          [
            12.86653,
            41.47456
          ],
          [
            12.86669,
            41.47426
          ],
          [
            12.86686,
            41.47393
          ],
          [
            12.86691,
            41.47384
          ],
          [
            12.86696,
            41.47375
          ],
          [
            12.86697,
            41.47371
          ],
          [
            12.86733,
            41.47301
          ],
          [
            12.86761,
            41.47244
          ],
          [
            12.86778,
            41.47211
          ],
          [
            12.86788,
            41.47191
          ],
          [
            12.86796,
            41.47176
          ],
          [
            12.86801,
            41.47164
          ],
          [
            12.8681,
            41.47148
          ],
          [
            12.8682,
            41.47128
          ],
          [
            12.86823,
            41.47121
          ],
          [
            12.86826,
            41.47114
          ],
          [
            12.86833,
            41.471
          ],
          [
            12.8685,
            41.47068
          ],
          [
            12.86866,
            41.47037
          ],
          [
            12.86871,
            41.47026
          ],
          [
            12.86884,
            41.47002
          ],
          [
            12.86898,
            41.46975
          ],
          [
            12.86901,
            41.46969
          ],
          [
            12.86903,
            41.46967
          ],
          [
            12.86905,
            41.46964
          ],
          [
            12.86917,
            41.46942
          ],
          [
            12.86933,
            41.46917
          ],
          [
            12.86949,
            41.46891
          ],
          [
            12.8696,
            41.46875
          ],
          [
            12.86969,
            41.46862
          ],
          [
            12.86978,
            41.46849
          ],
          [
            12.86994,
            41.46825
          ],
          [
            12.87005,
            41.4681
          ],
          [
            12.87012,
            41.46801
          ],
          [
            12.87028,
            41.4678
          ],
          [
            12.87045,
            41.46758
          ],
          [
            12.87049,
            41.46754
          ],
          [
            12.87051,
            41.46751
          ],
          [
            12.87064,
            41.46735
          ],
          [
            12.87084,
            41.46712
          ],
          [
            12.87096,
            41.46696
          ],
          [
            12.87108,
            41.46682
          ],
          [
            12.87133,
            41.46652
          ],
          [
            12.87145,
            41.46638
          ],
          [
            12.8716,
            41.4662
          ],
          [
            12.87182,
            41.46594
          ],
          [
            12.87192,
            41.46582
          ],
          [
            12.87199,
            41.46573
          ],
          [
            12.8722,
            41.46548
          ],
          [
            12.87304,
            41.46447
          ],
          [
            12.87313,
            41.46436
          ],
          [
            12.8735,
            41.46392
          ],
          [
            12.87359,
            41.4638
          ],
          [
            12.87363,
            41.46377
          ],
          [
            12.87369,
            41.46369
          ],
          [
            12.87375,
            41.46362
          ],
          [
            12.87377,
            41.46359
          ],
          [
            12.87385,
            41.46349
          ],
          [
            12.87395,
            41.46337
          ],
          [
            12.87417,
            41.4631
          ],
          [
            12.87432,
            41.4629
          ],
          [
            12.87455,
            41.46259
          ],
          [
            12.87461,
            41.46253
          ],
          [
            12.87485,
            41.4622
          ],
          [
            12.87501,
            41.46195
          ],
          [
            12.87517,
            41.4617
          ],
          [
            12.87525,
            41.46159
          ],
          [
            12.87546,
            41.46123
          ],
          [
            12.87548,
            41.46121
          ],
          [
            12.87587,
            41.46051
          ],
          [
            12.87633,
            41.45956
          ],
          [
            12.87636,
            41.45948
          ],
          [
            12.87643,
            41.45934
          ],
          [
            12.87652,
            41.45916
          ],
          [
            12.87681,
            41.45856
          ],
          [
            12.8769,
            41.45839
          ],
          [
            12.87693,
            41.45833
          ],
          [
            12.87704,
            41.45811
          ],
          [
            12.8775,
            41.45715
          ],
          [
            12.87757,
            41.45701
          ],
          [
            12.87767,
            41.4568
          ],
          [
            12.87771,
            41.45672
          ],
          [
            12.87786,
            41.45641
          ],
          [
            12.87802,
            41.4561
          ],
          [
            12.87814,
            41.45586
          ],
          [
            12.87819,
            41.45576
          ],
          [
            12.87823,
            41.45569
          ],
          [
            12.87827,
            41.45562
          ],
          [
            12.87832,
            41.45553
          ],
          [
            12.87844,
            41.45532
          ],
          [
            12.87846,
            41.45529
          ],
          [
            12.87847,
            41.45528
          ],
          [
            12.87864,
            41.45498
          ],
          [
            12.87876,
            41.45476
          ],
          [
            12.87882,
            41.45468
          ],
          [
            12.87886,
            41.45461
          ],
          [
            12.87897,
            41.45446
          ],
          [
            12.879,
            41.45441
          ],
          [
            12.87927,
            41.454
          ],
          [
            12.87929,
            41.45397
          ],
          [
            12.87954,
            41.45367
          ],
          [
            12.87966,
            41.45351
          ],
          [
            12.87993,
            41.4532
          ],
          [
            12.8802,
            41.45288
          ],
          [
            12.88032,
            41.45276
          ],
          [
            12.88046,
            41.45261
          ],
          [
            12.88102,
            41.45203
          ],
          [
            12.8813,
            41.45174
          ],
          [
            12.88145,
            41.4516
          ],
          [
            12.88173,
            41.45134
          ],
          [
            12.88213,
            41.451
          ],
          [
            12.88215,
            41.45099
          ],
          [
            12.88238,
            41.45079
          ],
          [
            12.88244,
            41.45074
          ],
          [
            12.88264,
            41.45057
          ],
          [
            12.8828,
            41.45044
          ],
          [
            12.88281,
            41.45044
          ],
          [
            12.88297,
            41.45031
          ],
          [
            12.88302,
            41.45027
          ],
          [
            12.88323,
            41.45012
          ],
          [
            12.88353,
            41.44991
          ],
          [
            12.88354,
            41.44991
          ],
          [
            12.88377,
            41.44977
          ],
          [
            12.88377,
            41.44976
          ],
          [
            12.88385,
            41.44974
          ],
          [
            12.88405,
            41.44962
          ],
          [
            12.88441,
            41.4494
          ],
          [
            12.88482,
            41.44916
          ],
          [
            12.88492,
            41.44911
          ],
          [
            12.88501,
            41.44906
          ],
          [
            12.8851,
            41.44901
          ],
          [
            12.88516,
            41.44898
          ],
          [
            12.88526,
            41.44893
          ],
          [
            12.88537,
            41.44887
          ],
          [
            12.88538,
            41.44887
          ],
          [
            12.88552,
            41.4488
          ],
          [
            12.88564,
            41.44874
          ],
          [
            12.88568,
            41.44872
          ],
          [
            12.88575,
            41.44869
          ],
          [
            12.88586,
            41.44864
          ],
          [
            12.88598,
            41.44859
          ],
          [
            12.88645,
            41.44841
          ],
          [
            12.88686,
            41.44825
          ],
          [
            12.88701,
            41.44819
          ],
          [
            12.88725,
            41.44811
          ],
          [
            12.88748,
            41.44803
          ],
          [
            12.88798,
            41.44785
          ],
          [
            12.8886,
            41.44764
          ],
          [
            12.88879,
            41.44758
          ],
          [
            12.88901,
            41.4475
          ],
          [
            12.88913,
            41.44746
          ],
          [
            12.88967,
            41.44728
          ],
          [
            12.89076,
            41.44691
          ],
          [
            12.89182,
            41.44655
          ],
          [
            12.89316,
            41.44608
          ],
          [
            12.89382,
            41.44586
          ],
          [
            12.89404,
            41.44578
          ],
          [
            12.89531,
            41.44534
          ],
          [
            12.89557,
            41.44526
          ],
          [
            12.89589,
            41.44514
          ],
          [
            12.8972,
            41.4447
          ],
          [
            12.89731,
            41.44466
          ],
          [
            12.89744,
            41.44461
          ],
          [
            12.89798,
            41.44443
          ],
          [
            12.89895,
            41.4441
          ],
          [
            12.89917,
            41.44402
          ],
          [
            12.89953,
            41.4439
          ],
          [
            12.89976,
            41.44382
          ],
          [
            12.90018,
            41.44368
          ],
          [
            12.90105,
            41.44338
          ],
          [
            12.90109,
            41.44337
          ],
          [
            12.90216,
            41.443
          ],
          [
            12.90236,
            41.44293
          ],
          [
            12.90392,
            41.44239
          ],
          [
            12.9041,
            41.44233
          ],
          [
            12.90411,
            41.44233
          ],
          [
            12.90476,
            41.4421
          ],
          [
            12.90512,
            41.44198
          ],
          [
            12.9052,
            41.44195
          ],
          [
            12.90542,
            41.44188
          ],
          [
            12.90564,
            41.4418
          ],
          [
            12.90607,
            41.44166
          ],
          [
            12.90673,
            41.44144
          ],
          [
            12.90759,
            41.44114
          ],
          [
            12.90868,
            41.44077
          ],
          [
            12.9089,
            41.4407
          ],
          [
            12.90909,
            41.44064
          ],
          [
            12.90935,
            41.44056
          ],
          [
            12.90943,
            41.44054
          ],
          [
            12.90988,
            41.4404
          ],
          [
            12.90998,
            41.44037
          ],
          [
            12.91032,
            41.44027
          ],
          [
            12.91058,
            41.4402
          ],
          [
            12.91086,
            41.44012
          ],
          [
            12.91109,
            41.44006
          ],
          [
            12.91154,
            41.43994
          ],
          [
            12.91267,
            41.43964
          ],
          [
            12.9129,
            41.43958
          ],
          [
            12.91307,
            41.43954
          ],
          [
            12.91314,
            41.43952
          ],
          [
            12.91335,
            41.43946
          ],
          [
            12.91337,
            41.43946
          ],
          [
            12.91403,
            41.43928
          ],
          [
            12.91488,
            41.43906
          ],
          [
            12.91494,
            41.43904
          ],
          [
            12.91573,
            41.43884
          ],
          [
            12.91609,
            41.43874
          ],
          [
            12.91627,
            41.43869
          ],
          [
            12.91672,
            41.43858
          ],
          [
            12.91716,
            41.43846
          ],
          [
            12.9177,
            41.43832
          ],
          [
            12.91786,
            41.43828
          ],
          [
            12.91802,
            41.4382
          ],
          [
            12.91837,
            41.43811
          ],
          [
            12.91885,
            41.43798
          ],
          [
            12.92008,
            41.43766
          ],
          [
            12.92019,
            41.43763
          ],
          [
            12.92021,
            41.43763
          ],
          [
            12.92024,
            41.43762
          ],
          [
            12.92038,
            41.43758
          ],
          [
            12.92113,
            41.43738
          ],
          [
            12.92201,
            41.43716
          ],
          [
            12.92231,
            41.43708
          ],
          [
            12.92338,
            41.43679
          ],
          [
            12.92389,
            41.43665
          ],
          [
            12.9247,
            41.43644
          ],
          [
            12.92496,
            41.43637
          ],
          [
            12.92539,
            41.43626
          ],
          [
            12.92575,
            41.43616
          ],
          [
            12.92589,
            41.43612
          ],
          [
            12.92644,
            41.43595
          ],
          [
            12.9272,
            41.43572
          ],
          [
            12.92828,
            41.43543
          ],
          [
            12.92871,
            41.43532
          ],
          [
            12.92904,
            41.43524
          ],
          [
            12.92906,
            41.43524
          ],
          [
            12.92942,
            41.43517
          ],
          [
            12.92968,
            41.43512
          ],
          [
            12.9297,
            41.43511
          ],
          [
            12.92997,
            41.43505
          ],
          [
            12.93038,
            41.43494
          ],
          [
            12.93063,
            41.43488
          ],
          [
            12.93064,
            41.43487
          ],
          [
            12.93075,
            41.43484
          ],
          [
            12.93083,
            41.43481
          ],
          [
            12.93101,
            41.43473
          ],
          [
            12.93102,
            41.43472
          ],
          [
            12.93102,
            41.43471
          ],
          [
            12.93103,
            41.4347
          ],
          [
            12.93103,
            41.43469
          ],
          [
            12.93104,
            41.43469
          ],
          [
            12.93104,
            41.43468
          ],
          [
            12.93105,
            41.43467
          ],
          [
            12.93106,
            41.43466
          ],
          [
            12.93107,
            41.43466
          ],
          [
            12.93108,
            41.43465
          ],
          [
            12.93109,
            41.43464
          ],
          [
            12.9311,
            41.43464
          ],
          [
            12.93111,
            41.43463
          ],
          [
            12.93112,
            41.43463
          ],
          [
            12.93113,
            41.43463
          ],
          [
            12.93114,
            41.43462
          ],
          [
            12.93116,
            41.43462
          ],
          [
            12.93117,
            41.43462
          ],
          [
            12.93118,
            41.43462
          ],
          [
            12.93119,
            41.43461
          ],
          [
            12.93121,
            41.43461
          ],
          [
            12.93122,
            41.43461
          ],
          [
            12.93123,
            41.43462
          ],
          [
            12.93125,
            41.43462
          ],
          [
            12.93126,
            41.43462
          ],
          [
            12.93127,
            41.43462
          ],
          [
            12.93128,
            41.43462
          ],
          [
            12.93129,
            41.43463
          ],
          [
            12.9313,
            41.43463
          ],
          [
            12.93131,
            41.43464
          ],
          [
            12.93132,
            41.43464
          ],
          [
            12.93168,
            41.4346
          ],
          [
            12.93186,
            41.43456
          ],
          [
            12.93207,
            41.4345
          ],
          [
            12.93265,
            41.43435
          ],
          [
            12.93376,
            41.43405
          ],
          [
            12.93384,
            41.43403
          ],
          [
            12.93395,
            41.434
          ],
          [
            12.93529,
            41.43364
          ],
          [
            12.93642,
            41.43334
          ],
          [
            12.93695,
            41.4332
          ],
          [
            12.93789,
            41.43295
          ],
          [
            12.93814,
            41.43289
          ],
          [
            12.93861,
            41.43276
          ],
          [
            12.93954,
            41.43252
          ],
          [
            12.9402,
            41.43234
          ],
          [
            12.94062,
            41.43223
          ],
          [
            12.94135,
            41.43204
          ],
          [
            12.94169,
            41.43194
          ],
          [
            12.94212,
            41.43183
          ],
          [
            12.94284,
            41.43164
          ],
          [
            12.94318,
            41.43155
          ],
          [
            12.944,
            41.43133
          ],
          [
            12.94414,
            41.43129
          ],
          [
            12.94446,
            41.43121
          ],
          [
            12.9464,
            41.4307
          ],
          [
            12.94746,
            41.43041
          ],
          [
            12.94826,
            41.4302
          ],
          [
            12.94842,
            41.43015
          ],
          [
            12.94851,
            41.43012
          ],
          [
            12.94852,
            41.43011
          ],
          [
            12.94862,
            41.43006
          ],
          [
            12.94872,
            41.43001
          ],
          [
            12.94881,
            41.42995
          ],
          [
            12.9489,
            41.42989
          ],
          [
            12.9489,
            41.42987
          ],
          [
            12.9489,
            41.42985
          ],
          [
            12.9489,
            41.42984
          ],
          [
            12.94891,
            41.42982
          ],
          [
            12.94891,
            41.4298
          ],
          [
            12.94892,
            41.42978
          ],
          [
            12.94892,
            41.42977
          ],
          [
            12.94893,
            41.42975
          ],
          [
            12.94895,
            41.42974
          ],
          [
            12.94896,
            41.42972
          ],
          [
            12.94897,
            41.42971
          ],
          [
            12.94899,
            41.4297
          ],
          [
            12.949,
            41.42968
          ],
          [
            12.94902,
            41.42967
          ],
          [
            12.94904,
            41.42966
          ],
          [
            12.94905,
            41.42966
          ],
          [
            12.94909,
            41.42964
          ],
          [
            12.94912,
            41.42963
          ],
          [
            12.94915,
            41.42963
          ],
          [
            12.94918,
            41.42962
          ],
          [
            12.94922,
            41.42962
          ],
          [
            12.94925,
            41.42962
          ],
          [
            12.94928,
            41.42962
          ],
          [
            12.94932,
            41.42963
          ],
          [
            12.94935,
            41.42964
          ],
          [
            12.94938,
            41.42965
          ],
          [
            12.94942,
            41.42967
          ],
          [
            12.9498,
            41.42954
          ],
          [
            12.94983,
            41.42953
          ],
          [
            12.95016,
            41.42939
          ],
          [
            12.95017,
            41.42938
          ],
          [
            12.95035,
            41.4293
          ],
          [
            12.95054,
            41.42919
          ],
          [
            12.95086,
            41.42899
          ],
          [
            12.95194,
            41.42831
          ],
          [
            12.95377,
            41.42717
          ],
          [
            12.95395,
            41.42705
          ],
          [
            12.95436,
            41.42679
          ],
          [
            12.95519,
            41.42626
          ],
          [
            12.95523,
            41.42624
          ],
          [
            12.95564,
            41.42598
          ],
          [
            12.95575,
            41.42591
          ],
          [
            12.95602,
            41.42574
          ],
          [
            12.9561,
            41.42569
          ],
          [
            12.95628,
            41.42558
          ],
          [
            12.95635,
            41.42553
          ],
          [
            12.95677,
            41.42527
          ],
          [
            12.95693,
            41.42517
          ],
          [
            12.95746,
            41.42483
          ],
          [
            12.95909,
            41.42381
          ],
          [
            12.95933,
            41.42366
          ],
          [
            12.96025,
            41.42309
          ],
          [
            12.96114,
            41.42254
          ],
          [
            12.96157,
            41.42226
          ],
          [
            12.96215,
            41.42184
          ],
          [
            12.96252,
            41.42159
          ],
          [
            12.96316,
            41.42118
          ],
          [
            12.96368,
            41.42085
          ],
          [
            12.96392,
            41.4207
          ],
          [
            12.9641,
            41.4206
          ],
          [
            12.96434,
            41.42046
          ],
          [
            12.96458,
            41.42034
          ],
          [
            12.96489,
            41.42018
          ],
          [
            12.9649,
            41.42017
          ],
          [
            12.96512,
            41.42003
          ],
          [
            12.96532,
            41.4199
          ],
          [
            12.96585,
            41.41958
          ],
          [
            12.96779,
            41.41836
          ],
          [
            12.9678,
            41.41836
          ],
          [
            12.96806,
            41.4182
          ],
          [
            12.9694,
            41.41736
          ],
          [
            12.96977,
            41.41713
          ],
          [
            12.97031,
            41.41678
          ],
          [
            12.97107,
            41.41631
          ],
          [
            12.97188,
            41.4158
          ],
          [
            12.97366,
            41.41468
          ],
          [
            12.97434,
            41.41426
          ],
          [
            12.97466,
            41.41405
          ],
          [
            12.97519,
            41.41372
          ],
          [
            12.97588,
            41.41329
          ],
          [
            12.97656,
            41.41287
          ],
          [
            12.97671,
            41.41277
          ],
          [
            12.97696,
            41.41261
          ],
          [
            12.97705,
            41.41255
          ],
          [
            12.97728,
            41.4124
          ],
          [
            12.97737,
            41.41235
          ],
          [
            12.97744,
            41.4123
          ],
          [
            12.9775,
            41.41225
          ],
          [
            12.97753,
            41.41222
          ],
          [
            12.97761,
            41.41213
          ],
          [
            12.9776,
            41.41211
          ],
          [
            12.9776,
            41.41207
          ],
          [
            12.97761,
            41.41203
          ],
          [
            12.97761,
            41.41202
          ],
          [
            12.97762,
            41.412
          ],
          [
            12.97765,
            41.41197
          ],
          [
            12.97768,
            41.41194
          ],
          [
            12.9777,
            41.41192
          ],
          [
            12.97772,
            41.41191
          ],
          [
            12.97773,
            41.41191
          ],
          [
            12.97776,
            41.41189
          ],
          [
            12.97781,
            41.41188
          ],
          [
            12.97785,
            41.41188
          ],
          [
            12.9779,
            41.41188
          ],
          [
            12.97795,
            41.41188
          ],
          [
            12.97798,
            41.41189
          ],
          [
            12.97811,
            41.41184
          ],
          [
            12.97819,
            41.41181
          ],
          [
            12.97827,
            41.41176
          ],
          [
            12.9784,
            41.41168
          ],
          [
            12.97858,
            41.41158
          ],
          [
            12.97859,
            41.41157
          ],
          [
            12.97877,
            41.41145
          ],
          [
            12.97886,
            41.4114
          ],
          [
            12.9789,
            41.41137
          ],
          [
            12.97902,
            41.41129
          ],
          [
            12.97936,
            41.41107
          ],
          [
            12.98126,
            41.4098
          ],
          [
            12.98138,
            41.40972
          ],
          [
            12.98227,
            41.40912
          ],
          [
            12.98281,
            41.40876
          ],
          [
            12.98299,
            41.40864
          ],
          [
            12.98301,
            41.40863
          ],
          [
            12.98335,
            41.4084
          ],
          [
            12.98395,
            41.40801
          ],
          [
            12.9844,
            41.4077
          ],
          [
            12.98478,
            41.40745
          ],
          [
            12.98488,
            41.40738
          ],
          [
            12.98509,
            41.40724
          ],
          [
            12.98538,
            41.40704
          ],
          [
            12.98543,
            41.40701
          ],
          [
            12.98578,
            41.40677
          ],
          [
            12.98591,
            41.40669
          ],
          [
            12.98613,
            41.40654
          ],
          [
            12.98647,
            41.40631
          ],
          [
            12.98664,
            41.4062
          ],
          [
            12.98728,
            41.40577
          ],
          [
            12.98766,
            41.40552
          ],
          [
            12.98817,
            41.40518
          ],
          [
            12.98842,
            41.40501
          ],
          [
            12.98865,
            41.40486
          ],
          [
            12.98883,
            41.40473
          ],
          [
            12.98944,
            41.40433
          ],
          [
            12.98972,
            41.40415
          ],
          [
            12.98978,
            41.40411
          ],
          [
            12.99033,
            41.40374
          ],
          [
            12.9905,
            41.40362
          ],
          [
            12.99056,
            41.40358
          ],
          [
            12.99067,
            41.4035
          ],
          [
            12.99077,
            41.4034
          ],
          [
            12.99076,
            41.40339
          ],
          [
            12.99076,
            41.40337
          ],
          [
            12.99076,
            41.40335
          ],
          [
            12.99076,
            41.40334
          ],
          [
            12.99076,
            41.40332
          ],
          [
            12.99077,
            41.4033
          ],
          [
            12.99077,
            41.40329
          ],
          [
            12.99078,
            41.40327
          ],
          [
            12.99079,
            41.40325
          ],
          [
            12.9908,
            41.40324
          ],
          [
            12.99082,
            41.40323
          ],
          [
            12.99083,
            41.40321
          ],
          [
            12.99085,
            41.4032
          ],
          [
            12.99087,
            41.40319
          ],
          [
            12.99089,
            41.40318
          ],
          [
            12.99091,
            41.40317
          ],
          [
            12.99093,
            41.40317
          ],
          [
            12.99095,
            41.40316
          ],
          [
            12.99097,
            41.40316
          ],
          [
            12.991,
            41.40316
          ],
          [
            12.99102,
            41.40315
          ],
          [
            12.99104,
            41.40315
          ],
          [
            12.99107,
            41.40316
          ],
          [
            12.99109,
            41.40316
          ],
          [
            12.99111,
            41.40317
          ],
          [
            12.99135,
            41.40305
          ],
          [
            12.99191,
            41.40268
          ],
          [
            12.99211,
            41.40255
          ],
          [
            12.99228,
            41.40243
          ],
          [
            12.993,
            41.40196
          ],
          [
            12.99339,
            41.40167
          ],
          [
            12.99391,
            41.40128
          ],
          [
            12.99425,
            41.40102
          ],
          [
            12.9947,
            41.40069
          ],
          [
            12.99503,
            41.40048
          ],
          [
            12.99517,
            41.40038
          ],
          [
            12.99581,
            41.40002
          ],
          [
            12.99607,
            41.39984
          ],
          [
            12.99746,
            41.39892
          ],
          [
            12.99758,
            41.39885
          ],
          [
            12.99773,
            41.39874
          ],
          [
            12.99791,
            41.39862
          ],
          [
            12.99809,
            41.3985
          ],
          [
            12.99851,
            41.39823
          ],
          [
            12.99857,
            41.39819
          ],
          [
            12.99987,
            41.39733
          ],
          [
            13.00057,
            41.39685
          ],
          [
            13.00076,
            41.39672
          ],
          [
            13.00127,
            41.39638
          ],
          [
            13.00165,
            41.39612
          ],
          [
            13.00212,
            41.39582
          ],
          [
            13.0024,
            41.39563
          ],
          [
            13.00313,
            41.39514
          ],
          [
            13.00318,
            41.39511
          ],
          [
            13.00352,
            41.39486
          ],
          [
            13.00361,
            41.3948
          ],
          [
            13.00386,
            41.39461
          ],
          [
            13.00395,
            41.39453
          ],
          [
            13.00405,
            41.39444
          ],
          [
            13.00405,
            41.39442
          ],
          [
            13.00405,
            41.3944
          ],
          [
            13.00405,
            41.39439
          ],
          [
            13.00405,
            41.39435
          ],
          [
            13.00405,
            41.39434
          ],
          [
            13.00406,
            41.39431
          ],
          [
            13.00408,
            41.39428
          ],
          [
            13.0041,
            41.39425
          ],
          [
            13.00412,
            41.39423
          ],
          [
            13.00413,
            41.39422
          ],
          [
            13.00415,
            41.39421
          ],
          [
            13.00417,
            41.3942
          ],
          [
            13.00418,
            41.39419
          ],
          [
            13.00424,
            41.39418
          ],
          [
            13.00429,
            41.39417
          ],
          [
            13.00432,
            41.39416
          ],
          [
            13.00433,
            41.39416
          ],
          [
            13.00437,
            41.39417
          ],
          [
            13.0044,
            41.39417
          ],
          [
            13.00441,
            41.39417
          ],
          [
            13.00442,
            41.39417
          ],
          [
            13.00457,
            41.39411
          ],
          [
            13.00465,
            41.39407
          ],
          [
            13.00468,
            41.39405
          ],
          [
            13.00488,
            41.39394
          ],
          [
            13.00514,
            41.39377
          ],
          [
            13.006,
            41.39321
          ],
          [
            13.00646,
            41.3929
          ],
          [
            13.00653,
            41.39285
          ],
          [
            13.00779,
            41.39202
          ],
          [
            13.00948,
            41.39089
          ],
          [
            13.00971,
            41.39073
          ],
          [
            13.00974,
            41.39071
          ],
          [
            13.0098,
            41.39068
          ],
          [
            13.00994,
            41.39058
          ],
          [
            13.01024,
            41.39036
          ],
          [
            13.01076,
            41.38997
          ],
          [
            13.01163,
            41.38936
          ],
          [
            13.01181,
            41.38923
          ],
          [
            13.01228,
            41.38891
          ],
          [
            13.01264,
            41.38868
          ],
          [
            13.01295,
            41.3885
          ],
          [
            13.01347,
            41.3882
          ],
          [
            13.01357,
            41.38813
          ],
          [
            13.01375,
            41.38801
          ],
          [
            13.01392,
            41.3879
          ],
          [
            13.01485,
            41.38728
          ],
          [
            13.01486,
            41.38728
          ],
          [
            13.01509,
            41.38712
          ],
          [
            13.01526,
            41.38701
          ],
          [
            13.01562,
            41.38677
          ],
          [
            13.01563,
            41.38676
          ],
          [
            13.01606,
            41.38647
          ],
          [
            13.01652,
            41.38617
          ],
          [
            13.01662,
            41.3861
          ],
          [
            13.01811,
            41.3851
          ],
          [
            13.01824,
            41.38501
          ],
          [
            13.01891,
            41.38456
          ],
          [
            13.01911,
            41.38443
          ],
          [
            13.01912,
            41.38443
          ],
          [
            13.0193,
            41.3843
          ],
          [
            13.02066,
            41.38338
          ],
          [
            13.02075,
            41.38333
          ],
          [
            13.02076,
            41.38333
          ],
          [
            13.02107,
            41.38311
          ],
          [
            13.02122,
            41.38302
          ],
          [
            13.02202,
            41.38248
          ],
          [
            13.02225,
            41.38233
          ],
          [
            13.02275,
            41.382
          ],
          [
            13.02309,
            41.38177
          ],
          [
            13.02353,
            41.38147
          ],
          [
            13.02377,
            41.38129
          ],
          [
            13.02419,
            41.38098
          ],
          [
            13.02505,
            41.38037
          ],
          [
            13.02553,
            41.38004
          ],
          [
            13.02648,
            41.37945
          ],
          [
            13.02671,
            41.3793
          ],
          [
            13.0269,
            41.3792
          ],
          [
            13.02712,
            41.37906
          ],
          [
            13.02835,
            41.37823
          ],
          [
            13.02957,
            41.37741
          ],
          [
            13.02993,
            41.37717
          ],
          [
            13.02996,
            41.37715
          ],
          [
            13.02999,
            41.37713
          ],
          [
            13.03026,
            41.37695
          ],
          [
            13.0304,
            41.37686
          ],
          [
            13.03046,
            41.3768
          ],
          [
            13.03052,
            41.37674
          ],
          [
            13.0306,
            41.37665
          ],
          [
            13.0306,
            41.37661
          ],
          [
            13.0306,
            41.37659
          ],
          [
            13.0306,
            41.37657
          ],
          [
            13.0306,
            41.37656
          ],
          [
            13.03061,
            41.37655
          ],
          [
            13.03063,
            41.37651
          ],
          [
            13.03067,
            41.37647
          ],
          [
            13.03068,
            41.37646
          ],
          [
            13.03069,
            41.37645
          ],
          [
            13.03071,
            41.37644
          ],
          [
            13.03072,
            41.37644
          ],
          [
            13.03074,
            41.37643
          ],
          [
            13.03076,
            41.37642
          ],
          [
            13.03078,
            41.37642
          ],
          [
            13.03081,
            41.37641
          ],
          [
            13.03083,
            41.37641
          ],
          [
            13.03085,
            41.37641
          ],
          [
            13.03087,
            41.37641
          ],
          [
            13.03089,
            41.37641
          ],
          [
            13.03092,
            41.37642
          ],
          [
            13.03099,
            41.37642
          ],
          [
            13.03101,
            41.37642
          ],
          [
            13.03108,
            41.3764
          ],
          [
            13.03113,
            41.37637
          ],
          [
            13.03119,
            41.37634
          ],
          [
            13.03124,
            41.37631
          ],
          [
            13.03144,
            41.37618
          ],
          [
            13.03183,
            41.37591
          ],
          [
            13.03186,
            41.37589
          ],
          [
            13.03203,
            41.37581
          ],
          [
            13.03239,
            41.37557
          ],
          [
            13.03343,
            41.37487
          ],
          [
            13.03508,
            41.37377
          ],
          [
            13.03539,
            41.37355
          ],
          [
            13.03573,
            41.37333
          ],
          [
            13.03589,
            41.37322
          ],
          [
            13.03626,
            41.37298
          ],
          [
            13.0366,
            41.37275
          ],
          [
            13.03665,
            41.37272
          ],
          [
            13.03678,
            41.37263
          ],
          [
            13.03753,
            41.37212
          ],
          [
            13.03756,
            41.37207
          ],
          [
            13.03757,
            41.37207
          ],
          [
            13.03758,
            41.37206
          ],
          [
            13.03802,
            41.37176
          ],
          [
            13.03853,
            41.37138
          ],
          [
            13.03906,
            41.37099
          ],
          [
            13.03924,
            41.37087
          ],
          [
            13.03941,
            41.37075
          ],
          [
            13.03994,
            41.37038
          ],
          [
            13.04031,
            41.37015
          ],
          [
            13.04064,
            41.36995
          ],
          [
            13.04104,
            41.36972
          ],
          [
            13.04125,
            41.36959
          ],
          [
            13.04127,
            41.36958
          ],
          [
            13.04135,
            41.36956
          ],
          [
            13.04194,
            41.36917
          ],
          [
            13.04281,
            41.36858
          ],
          [
            13.04328,
            41.36827
          ],
          [
            13.04357,
            41.36807
          ],
          [
            13.04452,
            41.36744
          ],
          [
            13.04597,
            41.36646
          ],
          [
            13.04727,
            41.36559
          ],
          [
            13.04826,
            41.36492
          ],
          [
            13.04913,
            41.36434
          ],
          [
            13.05096,
            41.36312
          ],
          [
            13.05146,
            41.36279
          ],
          [
            13.0524,
            41.36215
          ],
          [
            13.05265,
            41.36198
          ],
          [
            13.05319,
            41.36163
          ],
          [
            13.05392,
            41.36114
          ],
          [
            13.05429,
            41.3609
          ],
          [
            13.0554,
            41.36016
          ],
          [
            13.05547,
            41.36011
          ],
          [
            13.05551,
            41.36008
          ],
          [
            13.05586,
            41.35985
          ],
          [
            13.05593,
            41.35978
          ],
          [
            13.05598,
            41.35974
          ],
          [
            13.05598,
            41.35973
          ],
          [
            13.05656,
            41.35935
          ],
          [
            13.05722,
            41.35886
          ],
          [
            13.05733,
            41.35878
          ],
          [
            13.05747,
            41.35867
          ],
          [
            13.0584,
            41.35784
          ],
          [
            13.05866,
            41.35765
          ],
          [
            13.05905,
            41.35729
          ],
          [
            13.05909,
            41.35725
          ],
          [
            13.05913,
            41.35722
          ],
          [
            13.05949,
            41.35689
          ],
          [
            13.05982,
            41.35658
          ],
          [
            13.05995,
            41.35646
          ],
          [
            13.06037,
            41.35608
          ],
          [
            13.06136,
            41.35516
          ],
          [
            13.06182,
            41.35474
          ],
          [
            13.062,
            41.35457
          ],
          [
            13.06202,
            41.35456
          ],
          [
            13.06253,
            41.35407
          ],
          [
            13.06379,
            41.35293
          ],
          [
            13.06561,
            41.35124
          ],
          [
            13.06646,
            41.35047
          ],
          [
            13.06695,
            41.35001
          ],
          [
            13.06769,
            41.34932
          ],
          [
            13.06796,
            41.34908
          ],
          [
            13.06808,
            41.34896
          ],
          [
            13.0685,
            41.34857
          ],
          [
            13.06905,
            41.34806
          ],
          [
            13.06945,
            41.34769
          ],
          [
            13.0699,
            41.34728
          ],
          [
            13.07082,
            41.34643
          ],
          [
            13.07172,
            41.3456
          ],
          [
            13.07203,
            41.34532
          ],
          [
            13.07282,
            41.34459
          ],
          [
            13.07306,
            41.34436
          ],
          [
            13.07424,
            41.34328
          ],
          [
            13.07532,
            41.34229
          ],
          [
            13.0758,
            41.34184
          ],
          [
            13.07648,
            41.34121
          ],
          [
            13.07719,
            41.34055
          ],
          [
            13.07734,
            41.34041
          ],
          [
            13.07746,
            41.34031
          ],
          [
            13.07749,
            41.34028
          ],
          [
            13.07756,
            41.34018
          ],
          [
            13.07787,
            41.33986
          ],
          [
            13.07797,
            41.33975
          ],
          [
            13.07815,
            41.33955
          ],
          [
            13.07829,
            41.33936
          ],
          [
            13.07856,
            41.33902
          ],
          [
            13.07866,
            41.3389
          ],
          [
            13.0787,
            41.33886
          ],
          [
            13.07873,
            41.33882
          ],
          [
            13.07879,
            41.33875
          ],
          [
            13.07888,
            41.33866
          ],
          [
            13.07898,
            41.33856
          ],
          [
            13.07899,
            41.33856
          ],
          [
            13.0792,
            41.33836
          ],
          [
            13.07926,
            41.3383
          ],
          [
            13.07935,
            41.33821
          ],
          [
            13.07947,
            41.33809
          ],
          [
            13.07953,
            41.338
          ],
          [
            13.07961,
            41.33789
          ],
          [
            13.07963,
            41.33786
          ],
          [
            13.0797,
            41.33775
          ],
          [
            13.07979,
            41.33759
          ],
          [
            13.07981,
            41.33751
          ],
          [
            13.07985,
            41.33747
          ],
          [
            13.07988,
            41.33743
          ],
          [
            13.07991,
            41.33739
          ],
          [
            13.07995,
            41.33736
          ],
          [
            13.07999,
            41.33733
          ],
          [
            13.08003,
            41.3373
          ],
          [
            13.08007,
            41.33727
          ],
          [
            13.08012,
            41.33723
          ],
          [
            13.08027,
            41.3372
          ],
          [
            13.08046,
            41.33706
          ],
          [
            13.08084,
            41.33683
          ],
          [
            13.08099,
            41.33672
          ],
          [
            13.08116,
            41.3366
          ],
          [
            13.08133,
            41.33648
          ],
          [
            13.08145,
            41.3364
          ],
          [
            13.08159,
            41.33629
          ],
          [
            13.0819,
            41.33606
          ],
          [
            13.08242,
            41.33566
          ],
          [
            13.08258,
            41.33554
          ],
          [
            13.08272,
            41.33545
          ],
          [
            13.0828,
            41.33537
          ],
          [
            13.0831,
            41.33509
          ],
          [
            13.08314,
            41.33505
          ],
          [
            13.08323,
            41.33497
          ],
          [
            13.08339,
            41.33482
          ],
          [
            13.0834,
            41.33481
          ],
          [
            13.08357,
            41.33465
          ],
          [
            13.08369,
            41.33454
          ],
          [
            13.0841,
            41.33416
          ],
          [
            13.08417,
            41.3341
          ],
          [
            13.08483,
            41.33349
          ],
          [
            13.08505,
            41.3333
          ],
          [
            13.08524,
            41.33312
          ],
          [
            13.08547,
            41.33291
          ],
          [
            13.08589,
            41.33251
          ],
          [
            13.08617,
            41.33226
          ],
          [
            13.08632,
            41.33212
          ],
          [
            13.08764,
            41.3309
          ],
          [
            13.08793,
            41.33063
          ],
          [
            13.08901,
            41.32963
          ],
          [
            13.08907,
            41.32955
          ],
          [
            13.0896,
            41.32905
          ],
          [
            13.08974,
            41.32891
          ],
          [
            13.08988,
            41.32876
          ],
          [
            13.09001,
            41.32861
          ],
          [
            13.09028,
            41.32831
          ],
          [
            13.09031,
            41.32828
          ],
          [
            13.09042,
            41.32814
          ],
          [
            13.09044,
            41.3281
          ],
          [
            13.09046,
            41.32806
          ],
          [
            13.09049,
            41.32795
          ],
          [
            13.09047,
            41.32792
          ],
          [
            13.09047,
            41.3279
          ],
          [
            13.09046,
            41.32789
          ],
          [
            13.09046,
            41.32787
          ],
          [
            13.09046,
            41.32785
          ],
          [
            13.09046,
            41.32783
          ],
          [
            13.09046,
            41.32781
          ],
          [
            13.09047,
            41.3278
          ],
          [
            13.09048,
            41.32777
          ],
          [
            13.09049,
            41.32776
          ],
          [
            13.0905,
            41.32774
          ],
          [
            13.09052,
            41.32773
          ],
          [
            13.09053,
            41.32771
          ],
          [
            13.09055,
            41.3277
          ],
          [
            13.09057,
            41.32769
          ],
          [
            13.09059,
            41.32768
          ],
          [
            13.09061,
            41.32767
          ],
          [
            13.09063,
            41.32766
          ],
          [
            13.09064,
            41.32766
          ],
          [
            13.09066,
            41.32766
          ],
          [
            13.09068,
            41.32765
          ],
          [
            13.09069,
            41.32765
          ],
          [
            13.09071,
            41.32765
          ],
          [
            13.09073,
            41.32765
          ],
          [
            13.09088,
            41.32754
          ],
          [
            13.09091,
            41.32751
          ],
          [
            13.09093,
            41.32748
          ],
          [
            13.09099,
            41.32735
          ],
          [
            13.09114,
            41.32695
          ],
          [
            13.09125,
            41.32666
          ],
          [
            13.09135,
            41.32643
          ],
          [
            13.09139,
            41.32637
          ],
          [
            13.09154,
            41.32596
          ],
          [
            13.09179,
            41.32527
          ],
          [
            13.09184,
            41.32514
          ],
          [
            13.09205,
            41.32454
          ],
          [
            13.09254,
            41.32316
          ],
          [
            13.09307,
            41.32172
          ],
          [
            13.0936,
            41.32024
          ],
          [
            13.09361,
            41.32021
          ],
          [
            13.09363,
            41.32017
          ],
          [
            13.09364,
            41.32013
          ],
          [
            13.09415,
            41.31871
          ],
          [
            13.09433,
            41.31822
          ],
          [
            13.09442,
            41.31796
          ],
          [
            13.09454,
            41.31761
          ],
          [
            13.09479,
            41.31693
          ],
          [
            13.09537,
            41.31531
          ],
          [
            13.09556,
            41.31478
          ],
          [
            13.09563,
            41.31457
          ],
          [
            13.09603,
            41.31346
          ],
          [
            13.09618,
            41.31305
          ],
          [
            13.09618,
            41.31296
          ],
          [
            13.09631,
            41.31263
          ],
          [
            13.09656,
            41.31188
          ],
          [
            13.09663,
            41.31169
          ],
          [
            13.09667,
            41.31158
          ],
          [
            13.09678,
            41.31126
          ],
          [
            13.09687,
            41.31102
          ],
          [
            13.097,
            41.31071
          ],
          [
            13.09702,
            41.31065
          ],
          [
            13.09703,
            41.31064
          ],
          [
            13.09708,
            41.31058
          ],
          [
            13.09728,
            41.31002
          ],
          [
            13.09773,
            41.30875
          ],
          [
            13.0982,
            41.30741
          ],
          [
            13.09838,
            41.30692
          ],
          [
            13.09845,
            41.30675
          ],
          [
            13.09858,
            41.30642
          ],
          [
            13.09877,
            41.30601
          ],
          [
            13.09888,
            41.3058
          ],
          [
            13.099,
            41.30557
          ],
          [
            13.09906,
            41.30547
          ],
          [
            13.09916,
            41.30529
          ],
          [
            13.09926,
            41.30512
          ],
          [
            13.09955,
            41.30467
          ],
          [
            13.09969,
            41.30444
          ],
          [
            13.10023,
            41.30356
          ],
          [
            13.10067,
            41.30286
          ],
          [
            13.10099,
            41.30234
          ],
          [
            13.10136,
            41.30175
          ],
          [
            13.10156,
            41.30143
          ],
          [
            13.10163,
            41.30132
          ],
          [
            13.10167,
            41.30124
          ],
          [
            13.10182,
            41.30101
          ],
          [
            13.10188,
            41.30091
          ],
          [
            13.10196,
            41.30079
          ],
          [
            13.10198,
            41.30074
          ],
          [
            13.10209,
            41.30058
          ],
          [
            13.10219,
            41.30042
          ],
          [
            13.10236,
            41.30014
          ],
          [
            13.10233,
            41.30013
          ],
          [
            13.10231,
            41.30012
          ],
          [
            13.10229,
            41.3001
          ],
          [
            13.10228,
            41.30009
          ],
          [
            13.10226,
            41.30008
          ],
          [
            13.10225,
            41.30006
          ],
          [
            13.10224,
            41.30005
          ],
          [
            13.10223,
            41.30003
          ],
          [
            13.10222,
            41.30001
          ],
          [
            13.10222,
            41.3
          ],
          [
            13.10222,
            41.29998
          ],
          [
            13.10222,
            41.29996
          ],
          [
            13.10222,
            41.29995
          ],
          [
            13.10222,
            41.29993
          ],
          [
            13.10222,
            41.29991
          ],
          [
            13.10223,
            41.2999
          ],
          [
            13.10224,
            41.29988
          ],
          [
            13.10225,
            41.29987
          ],
          [
            13.10227,
            41.29985
          ],
          [
            13.10228,
            41.29984
          ],
          [
            13.1023,
            41.29983
          ],
          [
            13.10232,
            41.29982
          ],
          [
            13.10234,
            41.29981
          ],
          [
            13.10236,
            41.2998
          ],
          [
            13.10238,
            41.29979
          ],
          [
            13.1024,
            41.29979
          ],
          [
            13.10242,
            41.29978
          ],
          [
            13.10245,
            41.29978
          ],
          [
            13.10247,
            41.29978
          ],
          [
            13.1025,
            41.29978
          ],
          [
            13.10252,
            41.29978
          ],
          [
            13.10254,
            41.29978
          ],
          [
            13.10258,
            41.29979
          ],
          [
            13.10274,
            41.29951
          ],
          [
            13.10292,
            41.29921
          ],
          [
            13.10299,
            41.2991
          ],
          [
            13.10343,
            41.2984
          ],
          [
            13.10353,
            41.29824
          ],
          [
            13.10384,
            41.29775
          ],
          [
            13.10398,
            41.29752
          ],
          [
            13.10429,
            41.29701
          ],
          [
            13.10458,
            41.29655
          ],
          [
            13.10465,
            41.29645
          ],
          [
            13.10487,
            41.29608
          ],
          [
            13.10502,
            41.29584
          ],
          [
            13.10533,
            41.29535
          ],
          [
            13.1054,
            41.29524
          ],
          [
            13.10549,
            41.29509
          ],
          [
            13.10566,
            41.29482
          ],
          [
            13.10581,
            41.29459
          ],
          [
            13.10587,
            41.2945
          ],
          [
            13.10608,
            41.29418
          ],
          [
            13.10626,
            41.29395
          ],
          [
            13.10639,
            41.29378
          ],
          [
            13.10652,
            41.29361
          ],
          [
            13.10656,
            41.29356
          ],
          [
            13.10668,
            41.29342
          ],
          [
            13.1067,
            41.29339
          ],
          [
            13.10689,
            41.29321
          ],
          [
            13.1069,
            41.29318
          ],
          [
            13.10705,
            41.29304
          ],
          [
            13.10709,
            41.29297
          ],
          [
            13.10722,
            41.29284
          ],
          [
            13.10779,
            41.29232
          ],
          [
            13.10788,
            41.29224
          ],
          [
            13.10808,
            41.29208
          ],
          [
            13.10865,
            41.29166
          ],
          [
            13.10878,
            41.29158
          ],
          [
            13.10979,
            41.29099
          ],
          [
            13.11031,
            41.29073
          ],
          [
            13.11043,
            41.29066
          ],
          [
            13.11076,
            41.2905
          ],
          [
            13.11125,
            41.29026
          ],
          [
            13.11167,
            41.29005
          ],
          [
            13.11204,
            41.28987
          ],
          [
            13.11224,
            41.28977
          ],
          [
            13.11232,
            41.28972
          ],
          [
            13.11244,
            41.28967
          ],
          [
            13.11264,
            41.28957
          ],
          [
            13.11304,
            41.28937
          ],
          [
            13.11324,
            41.28927
          ],
          [
            13.11374,
            41.28902
          ],
          [
            13.11404,
            41.28888
          ],
          [
            13.11424,
            41.28878
          ],
          [
            13.11464,
            41.28858
          ],
          [
            13.11484,
            41.28848
          ],
          [
            13.11512,
            41.28834
          ],
          [
            13.11524,
            41.28829
          ],
          [
            13.11544,
            41.28819
          ],
          [
            13.11608,
            41.28788
          ],
          [
            13.11665,
            41.2876
          ],
          [
            13.11729,
            41.28733
          ],
          [
            13.11771,
            41.28715
          ],
          [
            13.11772,
            41.28715
          ],
          [
            13.11779,
            41.28715
          ],
          [
            13.11922,
            41.28663
          ],
          [
            13.11948,
            41.28655
          ],
          [
            13.11968,
            41.28649
          ],
          [
            13.11995,
            41.28642
          ],
          [
            13.12039,
            41.28632
          ],
          [
            13.12108,
            41.28617
          ],
          [
            13.1215,
            41.28609
          ],
          [
            13.12198,
            41.28602
          ],
          [
            13.12228,
            41.28599
          ],
          [
            13.12261,
            41.28595
          ],
          [
            13.12301,
            41.28592
          ],
          [
            13.12341,
            41.28589
          ],
          [
            13.12393,
            41.28587
          ],
          [
            13.12403,
            41.28586
          ],
          [
            13.1242,
            41.28586
          ],
          [
            13.12434,
            41.28585
          ],
          [
            13.12444,
            41.28585
          ],
          [
            13.12468,
            41.28586
          ],
          [
            13.12493,
            41.28587
          ],
          [
            13.12603,
            41.28593
          ],
          [
            13.12676,
            41.28597
          ],
          [
            13.12715,
            41.28599
          ],
          [
            13.12728,
            41.286
          ],
          [
            13.12745,
            41.286
          ],
          [
            13.12761,
            41.28601
          ],
          [
            13.12769,
            41.28601
          ],
          [
            13.12771,
            41.28601
          ],
          [
            13.12815,
            41.28604
          ],
          [
            13.12884,
            41.28607
          ],
          [
            13.1289,
            41.28608
          ],
          [
            13.13048,
            41.28616
          ],
          [
            13.13054,
            41.28616
          ],
          [
            13.13064,
            41.28617
          ],
          [
            13.13106,
            41.28619
          ],
          [
            13.13114,
            41.28617
          ],
          [
            13.13128,
            41.28617
          ],
          [
            13.13168,
            41.28617
          ],
          [
            13.13214,
            41.28616
          ],
          [
            13.13237,
            41.28616
          ],
          [
            13.13268,
            41.28615
          ],
          [
            13.13303,
            41.28613
          ],
          [
            13.13324,
            41.28611
          ],
          [
            13.1336,
            41.28607
          ],
          [
            13.13399,
            41.28603
          ],
          [
            13.13401,
            41.28603
          ],
          [
            13.13437,
            41.28598
          ],
          [
            13.13452,
            41.28596
          ],
          [
            13.13479,
            41.28592
          ],
          [
            13.13546,
            41.28581
          ],
          [
            13.13567,
            41.28577
          ],
          [
            13.13569,
            41.28577
          ],
          [
            13.13577,
            41.28578
          ],
          [
            13.1361,
            41.2857
          ],
          [
            13.13628,
            41.28565
          ],
          [
            13.13661,
            41.28556
          ],
          [
            13.13688,
            41.28548
          ],
          [
            13.13728,
            41.28537
          ],
          [
            13.1378,
            41.28522
          ],
          [
            13.13802,
            41.28515
          ],
          [
            13.13914,
            41.28483
          ],
          [
            13.13977,
            41.28464
          ],
          [
            13.14065,
            41.28439
          ],
          [
            13.14153,
            41.28413
          ],
          [
            13.14249,
            41.28385
          ],
          [
            13.14299,
            41.28371
          ],
          [
            13.14319,
            41.28365
          ],
          [
            13.14323,
            41.28364
          ],
          [
            13.14418,
            41.28336
          ],
          [
            13.14475,
            41.2832
          ],
          [
            13.1464,
            41.28272
          ],
          [
            13.14685,
            41.28259
          ],
          [
            13.1483,
            41.28217
          ],
          [
            13.14859,
            41.28209
          ],
          [
            13.14923,
            41.2819
          ],
          [
            13.1496,
            41.28181
          ],
          [
            13.15001,
            41.2817
          ],
          [
            13.15024,
            41.28165
          ],
          [
            13.15045,
            41.2816
          ],
          [
            13.15082,
            41.28151
          ],
          [
            13.15089,
            41.2815
          ],
          [
            13.15144,
            41.28139
          ],
          [
            13.15184,
            41.28132
          ],
          [
            13.15216,
            41.28126
          ],
          [
            13.15243,
            41.28121
          ],
          [
            13.1525,
            41.2812
          ],
          [
            13.15309,
            41.28112
          ],
          [
            13.15345,
            41.28107
          ],
          [
            13.15384,
            41.28102
          ],
          [
            13.15441,
            41.28096
          ],
          [
            13.15491,
            41.28091
          ],
          [
            13.15522,
            41.28088
          ],
          [
            13.15535,
            41.28087
          ],
          [
            13.15544,
            41.28086
          ],
          [
            13.15647,
            41.28077
          ],
          [
            13.15667,
            41.28075
          ],
          [
            13.15681,
            41.28072
          ],
          [
            13.15736,
            41.28067
          ],
          [
            13.15791,
            41.28062
          ],
          [
            13.1586,
            41.28056
          ],
          [
            13.16109,
            41.28034
          ],
          [
            13.16133,
            41.28032
          ],
          [
            13.16135,
            41.28032
          ],
          [
            13.16179,
            41.28027
          ],
          [
            13.16227,
            41.28023
          ],
          [
            13.16256,
            41.28021
          ],
          [
            13.16319,
            41.28016
          ],
          [
            13.16331,
            41.28015
          ],
          [
            13.1634,
            41.28015
          ],
          [
            13.16368,
            41.28013
          ],
          [
            13.16417,
            41.2801
          ],
          [
            13.1646,
            41.28009
          ],
          [
            13.16463,
            41.28009
          ],
          [
            13.16496,
            41.2801
          ],
          [
            13.16535,
            41.28012
          ],
          [
            13.1657,
            41.28016
          ],
          [
            13.16579,
            41.28018
          ],
          [
            13.16585,
            41.28018
          ],
          [
            13.16593,
            41.28017
          ],
          [
            13.16644,
            41.28028
          ],
          [
            13.16676,
            41.28036
          ],
          [
            13.16692,
            41.2804
          ],
          [
            13.16699,
            41.28046
          ],
          [
            13.1671,
            41.28049
          ],
          [
            13.16718,
            41.28051
          ],
          [
            13.16753,
            41.2806
          ],
          [
            13.16788,
            41.28068
          ],
          [
            13.16796,
            41.28068
          ],
          [
            13.16843,
            41.28079
          ],
          [
            13.16873,
            41.28086
          ],
          [
            13.16901,
            41.28094
          ],
          [
            13.16925,
            41.281
          ],
          [
            13.16934,
            41.28102
          ],
          [
            13.16989,
            41.28115
          ],
          [
            13.16994,
            41.28116
          ],
          [
            13.17031,
            41.28127
          ],
          [
            13.17048,
            41.28134
          ],
          [
            13.17075,
            41.28141
          ],
          [
            13.17162,
            41.28162
          ],
          [
            13.17197,
            41.28171
          ],
          [
            13.17227,
            41.28178
          ],
          [
            13.17231,
            41.28179
          ],
          [
            13.17239,
            41.28182
          ],
          [
            13.17249,
            41.28184
          ],
          [
            13.17271,
            41.28189
          ],
          [
            13.17327,
            41.28203
          ],
          [
            13.17356,
            41.28211
          ],
          [
            13.17373,
            41.28215
          ],
          [
            13.17404,
            41.28223
          ],
          [
            13.1745,
            41.28234
          ],
          [
            13.17512,
            41.2825
          ],
          [
            13.17517,
            41.28251
          ],
          [
            13.17555,
            41.2826
          ],
          [
            13.17579,
            41.28266
          ],
          [
            13.17609,
            41.28273
          ],
          [
            13.17617,
            41.28275
          ],
          [
            13.17645,
            41.28281
          ],
          [
            13.1767,
            41.28285
          ],
          [
            13.17684,
            41.28288
          ],
          [
            13.1772,
            41.28293
          ],
          [
            13.17741,
            41.28296
          ],
          [
            13.17746,
            41.28297
          ],
          [
            13.17776,
            41.283
          ],
          [
            13.17781,
            41.283
          ],
          [
            13.17782,
            41.283
          ],
          [
            13.17789,
            41.28301
          ],
          [
            13.17805,
            41.28302
          ],
          [
            13.17836,
            41.28304
          ],
          [
            13.17859,
            41.28304
          ],
          [
            13.17873,
            41.28304
          ],
          [
            13.17896,
            41.28303
          ],
          [
            13.17964,
            41.28302
          ],
          [
            13.17983,
            41.28302
          ],
          [
            13.18011,
            41.28302
          ],
          [
            13.18027,
            41.28302
          ],
          [
            13.18049,
            41.28302
          ],
          [
            13.1806,
            41.28303
          ],
          [
            13.18075,
            41.28303
          ],
          [
            13.18086,
            41.28304
          ],
          [
            13.18092,
            41.28304
          ],
          [
            13.18097,
            41.28305
          ],
          [
            13.18108,
            41.28305
          ],
          [
            13.18126,
            41.28307
          ],
          [
            13.18136,
            41.28308
          ],
          [
            13.18147,
            41.2831
          ],
          [
            13.18151,
            41.2831
          ],
          [
            13.18168,
            41.28312
          ],
          [
            13.18197,
            41.28317
          ],
          [
            13.18235,
            41.28323
          ],
          [
            13.18256,
            41.28327
          ],
          [
            13.1827,
            41.2833
          ],
          [
            13.18288,
            41.28334
          ],
          [
            13.18319,
            41.28341
          ],
          [
            13.18352,
            41.28348
          ],
          [
            13.1838,
            41.28354
          ],
          [
            13.18394,
            41.28357
          ],
          [
            13.18407,
            41.28359
          ],
          [
            13.1843,
            41.28365
          ],
          [
            13.18463,
            41.28372
          ],
          [
            13.18482,
            41.28376
          ],
          [
            13.18521,
            41.28384
          ],
          [
            13.18565,
            41.28393
          ],
          [
            13.18588,
            41.28398
          ],
          [
            13.18646,
            41.28411
          ],
          [
            13.18656,
            41.28413
          ],
          [
            13.18705,
            41.28424
          ],
          [
            13.18711,
            41.28425
          ],
          [
            13.1878,
            41.2844
          ],
          [
            13.18783,
            41.2844
          ],
          [
            13.18894,
            41.28464
          ],
          [
            13.18986,
            41.28484
          ],
          [
            13.19006,
            41.28489
          ],
          [
            13.19038,
            41.28495
          ],
          [
            13.19049,
            41.28498
          ],
          [
            13.19059,
            41.28497
          ],
          [
            13.19066,
            41.28498
          ],
          [
            13.19077,
            41.285
          ],
          [
            13.19082,
            41.285
          ],
          [
            13.19086,
            41.28501
          ],
          [
            13.19089,
            41.285
          ],
          [
            13.19092,
            41.285
          ],
          [
            13.19097,
            41.285
          ],
          [
            13.19104,
            41.285
          ],
          [
            13.19106,
            41.28499
          ],
          [
            13.19108,
            41.28498
          ],
          [
            13.19109,
            41.28497
          ],
          [
            13.19111,
            41.28496
          ],
          [
            13.19113,
            41.28495
          ],
          [
            13.19116,
            41.28495
          ],
          [
            13.19118,
            41.28495
          ],
          [
            13.1912,
            41.28494
          ],
          [
            13.19122,
            41.28494
          ],
          [
            13.19124,
            41.28494
          ],
          [
            13.19126,
            41.28494
          ],
          [
            13.19129,
            41.28495
          ],
          [
            13.19133,
            41.28496
          ],
          [
            13.19136,
            41.28497
          ],
          [
            13.19138,
            41.28498
          ],
          [
            13.1914,
            41.28499
          ],
          [
            13.19141,
            41.285
          ],
          [
            13.19143,
            41.28502
          ],
          [
            13.19144,
            41.28502
          ],
          [
            13.19144,
            41.28503
          ],
          [
            13.19145,
            41.28504
          ],
          [
            13.19146,
            41.28506
          ],
          [
            13.19147,
            41.28507
          ],
          [
            13.19148,
            41.28509
          ],
          [
            13.19157,
            41.28514
          ],
          [
            13.1916,
            41.28515
          ],
          [
            13.19162,
            41.28516
          ],
          [
            13.19165,
            41.28518
          ],
          [
            13.19168,
            41.28519
          ],
          [
            13.19171,
            41.2852
          ],
          [
            13.19174,
            41.28521
          ],
          [
            13.19178,
            41.28522
          ],
          [
            13.19182,
            41.28523
          ],
          [
            13.19185,
            41.28524
          ],
          [
            13.19188,
            41.28525
          ],
          [
            13.19194,
            41.28527
          ],
          [
            13.19197,
            41.2853
          ],
          [
            13.19214,
            41.28534
          ],
          [
            13.19241,
            41.2854
          ],
          [
            13.19262,
            41.28544
          ],
          [
            13.19299,
            41.28552
          ],
          [
            13.19361,
            41.28565
          ],
          [
            13.19401,
            41.28573
          ],
          [
            13.19452,
            41.28582
          ],
          [
            13.19461,
            41.28584
          ],
          [
            13.19518,
            41.28593
          ],
          [
            13.19552,
            41.28598
          ],
          [
            13.19586,
            41.28602
          ],
          [
            13.1962,
            41.28606
          ],
          [
            13.19636,
            41.28608
          ],
          [
            13.19655,
            41.2861
          ],
          [
            13.19747,
            41.28619
          ],
          [
            13.19763,
            41.28621
          ],
          [
            13.19765,
            41.28621
          ],
          [
            13.19783,
            41.28623
          ],
          [
            13.19877,
            41.28632
          ],
          [
            13.1994,
            41.2864
          ],
          [
            13.19947,
            41.2864
          ],
          [
            13.19949,
            41.28641
          ],
          [
            13.20012,
            41.28648
          ],
          [
            13.20071,
            41.28657
          ],
          [
            13.20093,
            41.2866
          ],
          [
            13.20108,
            41.28662
          ],
          [
            13.20139,
            41.28666
          ],
          [
            13.20188,
            41.28672
          ],
          [
            13.20228,
            41.28677
          ],
          [
            13.20277,
            41.28684
          ],
          [
            13.20355,
            41.28695
          ],
          [
            13.20436,
            41.28706
          ],
          [
            13.20455,
            41.28709
          ],
          [
            13.20479,
            41.28713
          ],
          [
            13.20497,
            41.28716
          ],
          [
            13.20528,
            41.28721
          ],
          [
            13.20555,
            41.28725
          ],
          [
            13.20558,
            41.28726
          ],
          [
            13.20587,
            41.28731
          ],
          [
            13.20611,
            41.28735
          ],
          [
            13.20638,
            41.2874
          ],
          [
            13.20717,
            41.28754
          ],
          [
            13.20762,
            41.28762
          ],
          [
            13.20786,
            41.28766
          ],
          [
            13.20819,
            41.28772
          ],
          [
            13.2082,
            41.28772
          ],
          [
            13.20873,
            41.28782
          ],
          [
            13.20888,
            41.28784
          ],
          [
            13.20904,
            41.28787
          ],
          [
            13.20941,
            41.28792
          ],
          [
            13.20959,
            41.28794
          ],
          [
            13.20994,
            41.28796
          ],
          [
            13.21013,
            41.28797
          ],
          [
            13.21036,
            41.28798
          ],
          [
            13.21085,
            41.28797
          ],
          [
            13.21113,
            41.28797
          ],
          [
            13.21147,
            41.28794
          ],
          [
            13.21161,
            41.28792
          ],
          [
            13.21176,
            41.2879
          ],
          [
            13.21193,
            41.28785
          ],
          [
            13.21198,
            41.28784
          ],
          [
            13.21211,
            41.28779
          ],
          [
            13.21217,
            41.28777
          ],
          [
            13.21256,
            41.28762
          ],
          [
            13.21257,
            41.28761
          ],
          [
            13.21273,
            41.28755
          ],
          [
            13.21278,
            41.28753
          ],
          [
            13.21284,
            41.28751
          ],
          [
            13.21291,
            41.28749
          ],
          [
            13.21297,
            41.28748
          ],
          [
            13.21309,
            41.28745
          ],
          [
            13.21325,
            41.28743
          ],
          [
            13.21349,
            41.28741
          ],
          [
            13.21349,
            41.28739
          ],
          [
            13.21349,
            41.28737
          ],
          [
            13.21349,
            41.28735
          ],
          [
            13.21349,
            41.28734
          ],
          [
            13.2135,
            41.28732
          ],
          [
            13.21351,
            41.2873
          ],
          [
            13.21352,
            41.28729
          ],
          [
            13.21353,
            41.28727
          ],
          [
            13.21354,
            41.28726
          ],
          [
            13.21355,
            41.28725
          ],
          [
            13.21357,
            41.28724
          ],
          [
            13.21359,
            41.28722
          ],
          [
            13.21361,
            41.28722
          ],
          [
            13.21363,
            41.28721
          ],
          [
            13.21365,
            41.2872
          ],
          [
            13.21367,
            41.28719
          ],
          [
            13.21369,
            41.28719
          ],
          [
            13.21371,
            41.28719
          ],
          [
            13.21373,
            41.28718
          ],
          [
            13.21375,
            41.28718
          ],
          [
            13.21378,
            41.28719
          ],
          [
            13.2138,
            41.28719
          ],
          [
            13.21382,
            41.28719
          ],
          [
            13.21384,
            41.2872
          ],
          [
            13.21386,
            41.28721
          ],
          [
            13.21388,
            41.28721
          ],
          [
            13.2139,
            41.28722
          ],
          [
            13.21392,
            41.28723
          ],
          [
            13.21393,
            41.28725
          ],
          [
            13.21395,
            41.28726
          ],
          [
            13.21396,
            41.28727
          ],
          [
            13.21397,
            41.28729
          ],
          [
            13.21398,
            41.2873
          ],
          [
            13.21399,
            41.28732
          ],
          [
            13.214,
            41.28733
          ],
          [
            13.214,
            41.28735
          ],
          [
            13.214,
            41.28737
          ],
          [
            13.214,
            41.28738
          ],
          [
            13.214,
            41.2874
          ],
          [
            13.21436,
            41.28744
          ],
          [
            13.21442,
            41.28745
          ],
          [
            13.21474,
            41.28748
          ],
          [
            13.21475,
            41.28748
          ],
          [
            13.21496,
            41.28751
          ],
          [
            13.21512,
            41.28753
          ],
          [
            13.21518,
            41.28754
          ],
          [
            13.21521,
            41.28754
          ],
          [
            13.21533,
            41.28756
          ],
          [
            13.21543,
            41.28758
          ],
          [
            13.21556,
            41.28761
          ],
          [
            13.21562,
            41.28762
          ],
          [
            13.21629,
            41.28776
          ],
          [
            13.2167,
            41.28785
          ],
          [
            13.21698,
            41.28792
          ],
          [
            13.21714,
            41.28795
          ],
          [
            13.21727,
            41.28799
          ],
          [
            13.2174,
            41.28803
          ],
          [
            13.2176,
            41.28808
          ],
          [
            13.21783,
            41.28813
          ],
          [
            13.21791,
            41.28816
          ],
          [
            13.21804,
            41.28819
          ],
          [
            13.21814,
            41.28822
          ],
          [
            13.21818,
            41.28823
          ],
          [
            13.21824,
            41.28825
          ],
          [
            13.21841,
            41.2883
          ],
          [
            13.21856,
            41.28836
          ],
          [
            13.21877,
            41.28843
          ],
          [
            13.21893,
            41.28849
          ],
          [
            13.21914,
            41.28856
          ],
          [
            13.21918,
            41.28858
          ],
          [
            13.21926,
            41.28861
          ],
          [
            13.21961,
            41.28875
          ],
          [
            13.2197,
            41.28878
          ],
          [
            13.2198,
            41.28882
          ],
          [
            13.21992,
            41.28887
          ],
          [
            13.22,
            41.2889
          ],
          [
            13.22011,
            41.28896
          ],
          [
            13.2203,
            41.28905
          ],
          [
            13.22066,
            41.28925
          ],
          [
            13.22089,
            41.28939
          ],
          [
            13.22117,
            41.28956
          ],
          [
            13.22128,
            41.28963
          ],
          [
            13.22129,
            41.28964
          ],
          [
            13.22138,
            41.2897
          ],
          [
            13.22149,
            41.28977
          ],
          [
            13.22159,
            41.28984
          ],
          [
            13.2217,
            41.28992
          ],
          [
            13.22182,
            41.29001
          ],
          [
            13.22192,
            41.29009
          ],
          [
            13.22197,
            41.29012
          ],
          [
            13.22211,
            41.29023
          ],
          [
            13.22231,
            41.29039
          ],
          [
            13.22249,
            41.29056
          ],
          [
            13.22284,
            41.29088
          ],
          [
            13.22309,
            41.29112
          ],
          [
            13.22333,
            41.29135
          ],
          [
            13.22338,
            41.2914
          ],
          [
            13.2235,
            41.29151
          ],
          [
            13.22372,
            41.29172
          ],
          [
            13.22443,
            41.2924
          ],
          [
            13.22472,
            41.29268
          ],
          [
            13.22528,
            41.29322
          ],
          [
            13.22541,
            41.29336
          ],
          [
            13.22546,
            41.2934
          ],
          [
            13.2256,
            41.29355
          ],
          [
            13.22571,
            41.29366
          ],
          [
            13.22573,
            41.29367
          ],
          [
            13.22589,
            41.29383
          ],
          [
            13.22625,
            41.29418
          ],
          [
            13.22634,
            41.29426
          ],
          [
            13.22639,
            41.2943
          ],
          [
            13.22643,
            41.29434
          ],
          [
            13.2265,
            41.29439
          ],
          [
            13.22656,
            41.29444
          ],
          [
            13.22664,
            41.2945
          ],
          [
            13.22708,
            41.29478
          ],
          [
            13.22714,
            41.29481
          ],
          [
            13.22721,
            41.29486
          ],
          [
            13.2274,
            41.29497
          ],
          [
            13.22765,
            41.29511
          ],
          [
            13.2277,
            41.29513
          ],
          [
            13.22778,
            41.29517
          ],
          [
            13.22785,
            41.29521
          ],
          [
            13.22791,
            41.29524
          ],
          [
            13.22817,
            41.29537
          ],
          [
            13.22827,
            41.2954
          ],
          [
            13.22843,
            41.29544
          ],
          [
            13.22847,
            41.29545
          ],
          [
            13.2285,
            41.29546
          ],
          [
            13.22854,
            41.29548
          ],
          [
            13.22859,
            41.2955
          ],
          [
            13.22865,
            41.29552
          ],
          [
            13.22874,
            41.29556
          ],
          [
            13.22892,
            41.29562
          ],
          [
            13.22901,
            41.29566
          ],
          [
            13.22908,
            41.29568
          ],
          [
            13.22912,
            41.2957
          ],
          [
            13.22916,
            41.29571
          ],
          [
            13.22952,
            41.29584
          ],
          [
            13.22962,
            41.29587
          ],
          [
            13.22964,
            41.29588
          ],
          [
            13.22973,
            41.29591
          ],
          [
            13.22984,
            41.29594
          ],
          [
            13.22985,
            41.29595
          ],
          [
            13.22987,
            41.29595
          ],
          [
            13.22998,
            41.29597
          ],
          [
            13.23013,
            41.29601
          ],
          [
            13.23016,
            41.29601
          ],
          [
            13.23019,
            41.29602
          ],
          [
            13.23025,
            41.29603
          ],
          [
            13.2303,
            41.29603
          ],
          [
            13.2304,
            41.29605
          ],
          [
            13.23047,
            41.29606
          ],
          [
            13.23052,
            41.29606
          ],
          [
            13.23058,
            41.29607
          ],
          [
            13.23066,
            41.29608
          ],
          [
            13.2307,
            41.29609
          ],
          [
            13.23073,
            41.29609
          ],
          [
            13.23076,
            41.29609
          ],
          [
            13.23087,
            41.29611
          ],
          [
            13.23091,
            41.29611
          ],
          [
            13.231,
            41.29612
          ],
          [
            13.23108,
            41.29613
          ],
          [
            13.23126,
            41.29615
          ],
          [
            13.23143,
            41.29617
          ],
          [
            13.23144,
            41.29617
          ],
          [
            13.23177,
            41.29621
          ],
          [
            13.23181,
            41.29622
          ],
          [
            13.23208,
            41.29626
          ],
          [
            13.23272,
            41.29636
          ],
          [
            13.23282,
            41.29638
          ],
          [
            13.23291,
            41.29639
          ],
          [
            13.23304,
            41.29639
          ],
          [
            13.23314,
            41.29638
          ],
          [
            13.2332,
            41.29638
          ],
          [
            13.2337,
            41.29619
          ],
          [
            13.23384,
            41.29612
          ],
          [
            13.23433,
            41.29592
          ],
          [
            13.23438,
            41.2959
          ],
          [
            13.23476,
            41.29574
          ],
          [
            13.23503,
            41.29564
          ],
          [
            13.23518,
            41.29559
          ],
          [
            13.23542,
            41.29549
          ],
          [
            13.23553,
            41.29547
          ],
          [
            13.23599,
            41.2953
          ],
          [
            13.23652,
            41.29511
          ],
          [
            13.23659,
            41.29506
          ],
          [
            13.23694,
            41.29493
          ],
          [
            13.23733,
            41.29478
          ],
          [
            13.23821,
            41.29443
          ],
          [
            13.23842,
            41.29435
          ],
          [
            13.23869,
            41.29425
          ],
          [
            13.23907,
            41.2941
          ],
          [
            13.23922,
            41.29404
          ],
          [
            13.23966,
            41.29387
          ],
          [
            13.24033,
            41.29361
          ],
          [
            13.24051,
            41.29354
          ],
          [
            13.24076,
            41.29344
          ],
          [
            13.24253,
            41.29276
          ],
          [
            13.2433,
            41.29247
          ],
          [
            13.24453,
            41.29199
          ],
          [
            13.24473,
            41.29191
          ],
          [
            13.24516,
            41.29174
          ],
          [
            13.2458,
            41.29149
          ],
          [
            13.24598,
            41.29142
          ],
          [
            13.24601,
            41.29141
          ],
          [
            13.24705,
            41.291
          ],
          [
            13.2471,
            41.29098
          ],
          [
            13.24752,
            41.29082
          ],
          [
            13.24769,
            41.29075
          ],
          [
            13.2477,
            41.29075
          ],
          [
            13.24823,
            41.29054
          ],
          [
            13.24882,
            41.29032
          ],
          [
            13.24885,
            41.29031
          ],
          [
            13.24914,
            41.2902
          ],
          [
            13.24928,
            41.29014
          ],
          [
            13.24979,
            41.28995
          ],
          [
            13.2501,
            41.28982
          ],
          [
            13.2507,
            41.2896
          ],
          [
            13.25143,
            41.2893
          ],
          [
            13.25187,
            41.28913
          ],
          [
            13.25233,
            41.28895
          ],
          [
            13.25261,
            41.28884
          ],
          [
            13.25356,
            41.28847
          ],
          [
            13.25381,
            41.28837
          ],
          [
            13.25493,
            41.28794
          ],
          [
            13.255,
            41.28791
          ],
          [
            13.25513,
            41.28785
          ],
          [
            13.25513,
            41.28784
          ],
          [
            13.25512,
            41.28783
          ],
          [
            13.25512,
            41.28782
          ],
          [
            13.25512,
            41.28781
          ],
          [
            13.25512,
            41.2878
          ],
          [
            13.25512,
            41.28779
          ],
          [
            13.25512,
            41.28778
          ],
          [
            13.25513,
            41.28778
          ],
          [
            13.25513,
            41.28777
          ],
          [
            13.25513,
            41.28776
          ],
          [
            13.25514,
            41.28776
          ],
          [
            13.25514,
            41.28775
          ],
          [
            13.25515,
            41.28775
          ],
          [
            13.25515,
            41.28774
          ],
          [
            13.25516,
            41.28774
          ],
          [
            13.25516,
            41.28773
          ],
          [
            13.25517,
            41.28773
          ],
          [
            13.25518,
            41.28772
          ],
          [
            13.25519,
            41.28772
          ],
          [
            13.2552,
            41.28772
          ],
          [
            13.2552,
            41.28771
          ],
          [
            13.25521,
            41.28771
          ],
          [
            13.25522,
            41.28771
          ],
          [
            13.25523,
            41.28771
          ],
          [
            13.25524,
            41.28771
          ],
          [
            13.25525,
            41.28771
          ],
          [
            13.25526,
            41.28771
          ],
          [
            13.25527,
            41.28771
          ],
          [
            13.25528,
            41.28771
          ],
          [
            13.25529,
            41.28771
          ],
          [
            13.2553,
            41.28771
          ],
          [
            13.25531,
            41.28771
          ],
          [
            13.25532,
            41.28771
          ],
          [
            13.25532,
            41.28772
          ],
          [
            13.25533,
            41.28772
          ],
          [
            13.25534,
            41.28772
          ],
          [
            13.25534,
            41.28773
          ],
          [
            13.25535,
            41.28773
          ],
          [
            13.25536,
            41.28774
          ],
          [
            13.25537,
            41.28774
          ],
          [
            13.25537,
            41.28775
          ],
          [
            13.25538,
            41.28776
          ],
          [
            13.25562,
            41.28767
          ],
          [
            13.25609,
            41.28749
          ],
          [
            13.25678,
            41.28722
          ],
          [
            13.25685,
            41.28719
          ],
          [
            13.25693,
            41.28716
          ],
          [
            13.25702,
            41.28713
          ],
          [
            13.25707,
            41.28711
          ],
          [
            13.25717,
            41.2871
          ],
          [
            13.25721,
            41.2871
          ],
          [
            13.25728,
            41.2871
          ],
          [
            13.2573,
            41.2871
          ],
          [
            13.25758,
            41.28717
          ],
          [
            13.25922,
            41.28768
          ],
          [
            13.25948,
            41.28777
          ],
          [
            13.25969,
            41.28783
          ],
          [
            13.25987,
            41.28788
          ],
          [
            13.25998,
            41.28792
          ],
          [
            13.26019,
            41.28798
          ],
          [
            13.26029,
            41.28801
          ],
          [
            13.26037,
            41.28802
          ],
          [
            13.2605,
            41.28805
          ],
          [
            13.26055,
            41.28805
          ],
          [
            13.26061,
            41.28806
          ],
          [
            13.26063,
            41.28806
          ],
          [
            13.26079,
            41.28809
          ],
          [
            13.26084,
            41.28809
          ],
          [
            13.26102,
            41.28812
          ],
          [
            13.26115,
            41.28814
          ],
          [
            13.26133,
            41.28817
          ],
          [
            13.26159,
            41.28823
          ],
          [
            13.26186,
            41.28829
          ],
          [
            13.26194,
            41.28831
          ],
          [
            13.262,
            41.28832
          ],
          [
            13.26216,
            41.28836
          ],
          [
            13.2623,
            41.2884
          ],
          [
            13.2624,
            41.28845
          ],
          [
            13.26244,
            41.28846
          ],
          [
            13.26247,
            41.28848
          ],
          [
            13.26254,
            41.28852
          ],
          [
            13.2626,
            41.28856
          ],
          [
            13.26262,
            41.28857
          ],
          [
            13.26267,
            41.28861
          ],
          [
            13.26269,
            41.28863
          ],
          [
            13.26276,
            41.28868
          ],
          [
            13.26279,
            41.28871
          ],
          [
            13.26282,
            41.28874
          ],
          [
            13.26293,
            41.28886
          ],
          [
            13.26307,
            41.28904
          ],
          [
            13.26314,
            41.28914
          ],
          [
            13.26317,
            41.28916
          ],
          [
            13.26318,
            41.28919
          ],
          [
            13.26326,
            41.28928
          ],
          [
            13.2633,
            41.28931
          ],
          [
            13.26333,
            41.28934
          ],
          [
            13.26339,
            41.2894
          ],
          [
            13.26346,
            41.28944
          ],
          [
            13.26375,
            41.28963
          ],
          [
            13.26399,
            41.28979
          ],
          [
            13.26403,
            41.28982
          ],
          [
            13.2641,
            41.28987
          ],
          [
            13.26417,
            41.28993
          ],
          [
            13.26419,
            41.28995
          ],
          [
            13.26426,
            41.29004
          ],
          [
            13.26436,
            41.29017
          ],
          [
            13.26439,
            41.29024
          ],
          [
            13.26441,
            41.29028
          ],
          [
            13.26446,
            41.29039
          ],
          [
            13.26449,
            41.29044
          ],
          [
            13.26454,
            41.29055
          ],
          [
            13.26455,
            41.29058
          ],
          [
            13.26463,
            41.29075
          ],
          [
            13.26463,
            41.29076
          ],
          [
            13.26472,
            41.29095
          ],
          [
            13.26472,
            41.29097
          ],
          [
            13.26477,
            41.2911
          ],
          [
            13.26478,
            41.29113
          ],
          [
            13.26481,
            41.29126
          ],
          [
            13.26482,
            41.29141
          ],
          [
            13.26483,
            41.29157
          ],
          [
            13.26485,
            41.29181
          ],
          [
            13.26485,
            41.29184
          ],
          [
            13.26485,
            41.29189
          ],
          [
            13.26487,
            41.29213
          ],
          [
            13.26487,
            41.29217
          ],
          [
            13.26487,
            41.29222
          ],
          [
            13.26489,
            41.29254
          ],
          [
            13.26492,
            41.2929
          ],
          [
            13.26493,
            41.29307
          ],
          [
            13.26494,
            41.29312
          ],
          [
            13.26494,
            41.29315
          ],
          [
            13.26495,
            41.29321
          ],
          [
            13.26496,
            41.29325
          ],
          [
            13.26497,
            41.29329
          ],
          [
            13.26498,
            41.29334
          ],
          [
            13.265,
            41.29339
          ],
          [
            13.26508,
            41.29359
          ],
          [
            13.2654,
            41.29435
          ],
          [
            13.26543,
            41.2944
          ],
          [
            13.26547,
            41.29448
          ],
          [
            13.2655,
            41.29454
          ],
          [
            13.26554,
            41.2946
          ],
          [
            13.2657,
            41.29481
          ],
          [
            13.2658,
            41.29492
          ],
          [
            13.26584,
            41.29496
          ],
          [
            13.26588,
            41.295
          ],
          [
            13.26591,
            41.29503
          ],
          [
            13.26607,
            41.29518
          ],
          [
            13.26619,
            41.29529
          ],
          [
            13.26635,
            41.2954
          ],
          [
            13.26638,
            41.29542
          ],
          [
            13.26658,
            41.29554
          ],
          [
            13.26695,
            41.29575
          ],
          [
            13.26711,
            41.29584
          ],
          [
            13.26727,
            41.29592
          ],
          [
            13.26729,
            41.29593
          ],
          [
            13.26731,
            41.29594
          ],
          [
            13.26747,
            41.29603
          ],
          [
            13.26763,
            41.29611
          ],
          [
            13.26771,
            41.29614
          ],
          [
            13.2678,
            41.29617
          ],
          [
            13.26806,
            41.29624
          ],
          [
            13.26814,
            41.29626
          ],
          [
            13.26826,
            41.29629
          ],
          [
            13.26845,
            41.29633
          ],
          [
            13.26855,
            41.29636
          ],
          [
            13.26868,
            41.2964
          ],
          [
            13.26882,
            41.29644
          ],
          [
            13.26911,
            41.29658
          ],
          [
            13.26931,
            41.29667
          ],
          [
            13.26939,
            41.29671
          ],
          [
            13.26954,
            41.29678
          ],
          [
            13.26966,
            41.29683
          ],
          [
            13.26983,
            41.29689
          ],
          [
            13.27002,
            41.29696
          ],
          [
            13.27009,
            41.29698
          ],
          [
            13.27016,
            41.297
          ],
          [
            13.27026,
            41.29702
          ],
          [
            13.27041,
            41.29706
          ],
          [
            13.27075,
            41.29713
          ],
          [
            13.27092,
            41.29716
          ],
          [
            13.27108,
            41.29719
          ],
          [
            13.27119,
            41.2972
          ],
          [
            13.27128,
            41.29721
          ],
          [
            13.27137,
            41.29721
          ],
          [
            13.27178,
            41.29724
          ],
          [
            13.27185,
            41.29724
          ],
          [
            13.27202,
            41.29724
          ],
          [
            13.27225,
            41.29726
          ],
          [
            13.27256,
            41.2973
          ],
          [
            13.27291,
            41.29734
          ],
          [
            13.27347,
            41.29741
          ],
          [
            13.27397,
            41.29747
          ],
          [
            13.27399,
            41.29747
          ],
          [
            13.27409,
            41.29749
          ],
          [
            13.27461,
            41.29756
          ],
          [
            13.27488,
            41.2976
          ],
          [
            13.27501,
            41.29759
          ],
          [
            13.27508,
            41.2976
          ],
          [
            13.27515,
            41.29761
          ],
          [
            13.27522,
            41.29763
          ],
          [
            13.27534,
            41.29767
          ],
          [
            13.27542,
            41.2977
          ],
          [
            13.27548,
            41.29773
          ],
          [
            13.27563,
            41.29779
          ],
          [
            13.27586,
            41.2979
          ],
          [
            13.2762,
            41.2981
          ],
          [
            13.27653,
            41.29827
          ],
          [
            13.27668,
            41.29831
          ],
          [
            13.27672,
            41.29832
          ],
          [
            13.2768,
            41.29835
          ],
          [
            13.27689,
            41.29837
          ],
          [
            13.27703,
            41.29841
          ],
          [
            13.27714,
            41.29843
          ],
          [
            13.27726,
            41.29845
          ],
          [
            13.27735,
            41.29846
          ],
          [
            13.27745,
            41.29847
          ],
          [
            13.27746,
            41.29847
          ],
          [
            13.2776,
            41.29849
          ],
          [
            13.27768,
            41.2985
          ],
          [
            13.27787,
            41.29853
          ],
          [
            13.27792,
            41.29853
          ],
          [
            13.27796,
            41.29854
          ],
          [
            13.27802,
            41.29855
          ],
          [
            13.2781,
            41.29857
          ],
          [
            13.27817,
            41.29859
          ],
          [
            13.27824,
            41.29862
          ],
          [
            13.2783,
            41.29865
          ],
          [
            13.27836,
            41.29867
          ],
          [
            13.27843,
            41.29871
          ],
          [
            13.27847,
            41.29873
          ],
          [
            13.27851,
            41.29876
          ],
          [
            13.27854,
            41.29878
          ],
          [
            13.27858,
            41.29881
          ],
          [
            13.27862,
            41.29884
          ],
          [
            13.27865,
            41.29888
          ],
          [
            13.27868,
            41.29891
          ],
          [
            13.27871,
            41.29894
          ],
          [
            13.27874,
            41.29897
          ],
          [
            13.27875,
            41.29899
          ],
          [
            13.27878,
            41.29904
          ],
          [
            13.27882,
            41.29913
          ],
          [
            13.27884,
            41.29916
          ],
          [
            13.27885,
            41.2992
          ],
          [
            13.2789,
            41.29933
          ],
          [
            13.27891,
            41.29936
          ],
          [
            13.27895,
            41.29943
          ],
          [
            13.27898,
            41.29951
          ],
          [
            13.27901,
            41.29957
          ],
          [
            13.27903,
            41.2996
          ],
          [
            13.27906,
            41.29967
          ],
          [
            13.2791,
            41.29973
          ],
          [
            13.27915,
            41.2998
          ],
          [
            13.2792,
            41.29985
          ],
          [
            13.27923,
            41.29987
          ],
          [
            13.27927,
            41.29989
          ],
          [
            13.2793,
            41.29991
          ],
          [
            13.27934,
            41.29993
          ],
          [
            13.27938,
            41.29995
          ],
          [
            13.27943,
            41.29996
          ],
          [
            13.27946,
            41.29997
          ],
          [
            13.27949,
            41.29998
          ],
          [
            13.27952,
            41.29999
          ],
          [
            13.27955,
            41.29999
          ],
          [
            13.2796,
            41.3
          ],
          [
            13.27976,
            41.30002
          ],
          [
            13.27978,
            41.30002
          ],
          [
            13.27983,
            41.30003
          ],
          [
            13.27989,
            41.30004
          ],
          [
            13.27995,
            41.30006
          ],
          [
            13.28,
            41.30007
          ],
          [
            13.28005,
            41.30009
          ],
          [
            13.28007,
            41.3001
          ],
          [
            13.2801,
            41.30012
          ],
          [
            13.28015,
            41.30015
          ],
          [
            13.2802,
            41.30018
          ],
          [
            13.28024,
            41.30022
          ],
          [
            13.28027,
            41.30026
          ],
          [
            13.28031,
            41.30032
          ],
          [
            13.28037,
            41.30043
          ],
          [
            13.28039,
            41.30051
          ],
          [
            13.28042,
            41.30063
          ],
          [
            13.28043,
            41.30068
          ],
          [
            13.28043,
            41.30069
          ],
          [
            13.28045,
            41.30073
          ],
          [
            13.28046,
            41.30075
          ],
          [
            13.2805,
            41.30084
          ],
          [
            13.28055,
            41.30094
          ],
          [
            13.28059,
            41.30101
          ],
          [
            13.28064,
            41.30106
          ],
          [
            13.28068,
            41.30111
          ],
          [
            13.28075,
            41.30119
          ],
          [
            13.28084,
            41.30128
          ],
          [
            13.28088,
            41.30131
          ],
          [
            13.28092,
            41.30135
          ],
          [
            13.28102,
            41.30142
          ],
          [
            13.28116,
            41.30154
          ],
          [
            13.28125,
            41.30162
          ],
          [
            13.28134,
            41.30171
          ],
          [
            13.28144,
            41.3018
          ],
          [
            13.28147,
            41.30183
          ],
          [
            13.28154,
            41.30189
          ],
          [
            13.28156,
            41.30191
          ],
          [
            13.28163,
            41.30198
          ],
          [
            13.28178,
            41.30212
          ],
          [
            13.28186,
            41.3022
          ],
          [
            13.28193,
            41.30229
          ],
          [
            13.28198,
            41.30236
          ],
          [
            13.28202,
            41.3024
          ],
          [
            13.28209,
            41.30248
          ],
          [
            13.28218,
            41.30259
          ],
          [
            13.28222,
            41.30265
          ],
          [
            13.28224,
            41.30268
          ],
          [
            13.28233,
            41.30282
          ],
          [
            13.28245,
            41.30298
          ],
          [
            13.28253,
            41.30308
          ],
          [
            13.28256,
            41.30313
          ],
          [
            13.28274,
            41.3034
          ],
          [
            13.28297,
            41.30373
          ],
          [
            13.28301,
            41.30378
          ],
          [
            13.28306,
            41.30385
          ],
          [
            13.28314,
            41.30396
          ],
          [
            13.28324,
            41.3041
          ],
          [
            13.28331,
            41.3042
          ],
          [
            13.28336,
            41.30425
          ],
          [
            13.2834,
            41.30431
          ],
          [
            13.28354,
            41.30447
          ],
          [
            13.2836,
            41.30454
          ],
          [
            13.28365,
            41.30458
          ],
          [
            13.28369,
            41.30463
          ],
          [
            13.28373,
            41.30466
          ],
          [
            13.28377,
            41.30469
          ],
          [
            13.28382,
            41.30473
          ],
          [
            13.28386,
            41.30476
          ],
          [
            13.28392,
            41.30481
          ],
          [
            13.284,
            41.30486
          ],
          [
            13.28408,
            41.3049
          ],
          [
            13.28416,
            41.30495
          ],
          [
            13.28428,
            41.30501
          ],
          [
            13.28438,
            41.30507
          ],
          [
            13.2845,
            41.30513
          ],
          [
            13.28457,
            41.30517
          ],
          [
            13.28462,
            41.30519
          ],
          [
            13.28474,
            41.30525
          ],
          [
            13.28487,
            41.30531
          ],
          [
            13.28498,
            41.30536
          ],
          [
            13.28514,
            41.30542
          ],
          [
            13.28536,
            41.30551
          ],
          [
            13.2856,
            41.30562
          ],
          [
            13.28578,
            41.30572
          ],
          [
            13.28592,
            41.3058
          ],
          [
            13.28617,
            41.30595
          ],
          [
            13.28627,
            41.30602
          ],
          [
            13.28669,
            41.30625
          ],
          [
            13.28685,
            41.30634
          ],
          [
            13.28701,
            41.30644
          ],
          [
            13.28709,
            41.30653
          ],
          [
            13.28715,
            41.30658
          ],
          [
            13.28742,
            41.30677
          ],
          [
            13.2876,
            41.30688
          ],
          [
            13.28778,
            41.307
          ],
          [
            13.28794,
            41.3071
          ],
          [
            13.28804,
            41.30715
          ],
          [
            13.28815,
            41.3072
          ],
          [
            13.28824,
            41.30725
          ],
          [
            13.28842,
            41.30732
          ],
          [
            13.28856,
            41.30737
          ],
          [
            13.28864,
            41.30739
          ],
          [
            13.28878,
            41.30744
          ],
          [
            13.28881,
            41.30745
          ],
          [
            13.28904,
            41.3075
          ],
          [
            13.28926,
            41.30754
          ],
          [
            13.28927,
            41.30754
          ],
          [
            13.28933,
            41.30755
          ],
          [
            13.28955,
            41.30758
          ],
          [
            13.28984,
            41.30762
          ],
          [
            13.29005,
            41.30765
          ],
          [
            13.29017,
            41.30767
          ],
          [
            13.29027,
            41.3077
          ],
          [
            13.2903,
            41.30771
          ],
          [
            13.29031,
            41.30771
          ],
          [
            13.29037,
            41.30773
          ],
          [
            13.2905,
            41.30779
          ],
          [
            13.29051,
            41.3078
          ],
          [
            13.29052,
            41.3078
          ],
          [
            13.2906,
            41.30786
          ],
          [
            13.29068,
            41.30792
          ],
          [
            13.29073,
            41.308
          ],
          [
            13.29079,
            41.30809
          ],
          [
            13.29082,
            41.30817
          ],
          [
            13.29084,
            41.30827
          ],
          [
            13.29085,
            41.30836
          ],
          [
            13.29083,
            41.30844
          ],
          [
            13.29083,
            41.30845
          ],
          [
            13.29081,
            41.30854
          ],
          [
            13.2908,
            41.30862
          ],
          [
            13.2908,
            41.30863
          ],
          [
            13.2908,
            41.30864
          ],
          [
            13.2908,
            41.30872
          ],
          [
            13.2908,
            41.30885
          ],
          [
            13.29083,
            41.309
          ],
          [
            13.29086,
            41.30909
          ],
          [
            13.2909,
            41.30918
          ],
          [
            13.29094,
            41.30927
          ],
          [
            13.291,
            41.30936
          ],
          [
            13.29105,
            41.30943
          ],
          [
            13.29115,
            41.30955
          ],
          [
            13.2913,
            41.30972
          ],
          [
            13.29162,
            41.30999
          ],
          [
            13.29184,
            41.31019
          ],
          [
            13.29191,
            41.31025
          ],
          [
            13.29198,
            41.31031
          ],
          [
            13.29202,
            41.31035
          ],
          [
            13.29212,
            41.31043
          ],
          [
            13.29216,
            41.31053
          ],
          [
            13.29239,
            41.3107
          ],
          [
            13.29244,
            41.31074
          ],
          [
            13.29266,
            41.31089
          ],
          [
            13.2927,
            41.31091
          ],
          [
            13.29303,
            41.31114
          ],
          [
            13.29329,
            41.31131
          ],
          [
            13.29346,
            41.31143
          ],
          [
            13.29382,
            41.31168
          ],
          [
            13.29398,
            41.31178
          ],
          [
            13.29431,
            41.312
          ],
          [
            13.29523,
            41.31257
          ],
          [
            13.29557,
            41.31278
          ],
          [
            13.29607,
            41.3131
          ],
          [
            13.2969,
            41.31361
          ],
          [
            13.29734,
            41.31389
          ],
          [
            13.29793,
            41.31426
          ],
          [
            13.29825,
            41.31447
          ],
          [
            13.29852,
            41.31463
          ],
          [
            13.29881,
            41.31481
          ],
          [
            13.29913,
            41.31502
          ],
          [
            13.29927,
            41.31512
          ],
          [
            13.29941,
            41.31522
          ],
          [
            13.29949,
            41.31529
          ],
          [
            13.2995,
            41.3153
          ],
          [
            13.29957,
            41.31536
          ],
          [
            13.29963,
            41.31543
          ],
          [
            13.29969,
            41.31549
          ],
          [
            13.29977,
            41.31561
          ],
          [
            13.29983,
            41.3157
          ],
          [
            13.29987,
            41.31578
          ],
          [
            13.29994,
            41.31594
          ],
          [
            13.29996,
            41.31599
          ],
          [
            13.29997,
            41.31602
          ],
          [
            13.30001,
            41.31614
          ],
          [
            13.30004,
            41.31627
          ],
          [
            13.30007,
            41.31644
          ],
          [
            13.30017,
            41.31705
          ],
          [
            13.30027,
            41.31759
          ],
          [
            13.30036,
            41.31816
          ],
          [
            13.30039,
            41.31831
          ],
          [
            13.3004,
            41.31837
          ],
          [
            13.30042,
            41.31843
          ],
          [
            13.30045,
            41.31852
          ],
          [
            13.3005,
            41.31861
          ],
          [
            13.30056,
            41.31868
          ],
          [
            13.3006,
            41.31873
          ],
          [
            13.3007,
            41.31883
          ],
          [
            13.30078,
            41.31891
          ],
          [
            13.30096,
            41.31905
          ],
          [
            13.30098,
            41.31907
          ],
          [
            13.30122,
            41.31925
          ],
          [
            13.30141,
            41.31939
          ],
          [
            13.30158,
            41.31951
          ],
          [
            13.30175,
            41.31964
          ],
          [
            13.30186,
            41.31971
          ],
          [
            13.3021,
            41.31988
          ],
          [
            13.30227,
            41.32001
          ],
          [
            13.30279,
            41.32038
          ],
          [
            13.30296,
            41.32051
          ],
          [
            13.30306,
            41.32059
          ],
          [
            13.30318,
            41.32068
          ],
          [
            13.30337,
            41.32079
          ],
          [
            13.30341,
            41.32082
          ],
          [
            13.30364,
            41.32096
          ],
          [
            13.30386,
            41.32111
          ],
          [
            13.30404,
            41.32122
          ],
          [
            13.3042,
            41.32132
          ],
          [
            13.30422,
            41.32134
          ],
          [
            13.30452,
            41.32155
          ],
          [
            13.30484,
            41.32179
          ],
          [
            13.30501,
            41.32193
          ],
          [
            13.30502,
            41.32194
          ],
          [
            13.3051,
            41.32201
          ],
          [
            13.30512,
            41.32202
          ],
          [
            13.30519,
            41.32209
          ],
          [
            13.30526,
            41.32218
          ],
          [
            13.3053,
            41.32223
          ],
          [
            13.30537,
            41.3223
          ],
          [
            13.30542,
            41.32235
          ],
          [
            13.30544,
            41.32238
          ],
          [
            13.30571,
            41.32266
          ],
          [
            13.30572,
            41.32267
          ],
          [
            13.30584,
            41.32281
          ],
          [
            13.30601,
            41.32299
          ],
          [
            13.3061,
            41.32311
          ],
          [
            13.30635,
            41.32342
          ],
          [
            13.30642,
            41.32351
          ],
          [
            13.30651,
            41.32362
          ],
          [
            13.30673,
            41.32388
          ],
          [
            13.3068,
            41.32397
          ],
          [
            13.30687,
            41.32407
          ],
          [
            13.3069,
            41.32411
          ],
          [
            13.30691,
            41.32412
          ],
          [
            13.30694,
            41.32419
          ],
          [
            13.30698,
            41.32428
          ],
          [
            13.30699,
            41.32432
          ],
          [
            13.30704,
            41.32445
          ],
          [
            13.3071,
            41.32463
          ],
          [
            13.30711,
            41.32466
          ],
          [
            13.30722,
            41.32499
          ],
          [
            13.30729,
            41.32526
          ],
          [
            13.30731,
            41.32535
          ],
          [
            13.30736,
            41.32553
          ],
          [
            13.30736,
            41.32554
          ],
          [
            13.30738,
            41.32577
          ],
          [
            13.3074,
            41.3259
          ],
          [
            13.30743,
            41.32604
          ],
          [
            13.30744,
            41.32607
          ],
          [
            13.30746,
            41.32615
          ],
          [
            13.30748,
            41.32622
          ],
          [
            13.30755,
            41.32637
          ],
          [
            13.30767,
            41.32665
          ],
          [
            13.30798,
            41.32734
          ],
          [
            13.30806,
            41.32751
          ],
          [
            13.30836,
            41.32818
          ],
          [
            13.30838,
            41.32822
          ],
          [
            13.3086,
            41.32873
          ],
          [
            13.30864,
            41.32881
          ],
          [
            13.30889,
            41.32937
          ],
          [
            13.30897,
            41.32952
          ],
          [
            13.30897,
            41.32953
          ],
          [
            13.30908,
            41.3297
          ],
          [
            13.30916,
            41.32981
          ],
          [
            13.30927,
            41.32993
          ],
          [
            13.30929,
            41.32997
          ],
          [
            13.30946,
            41.33015
          ],
          [
            13.30954,
            41.33024
          ],
          [
            13.30965,
            41.33034
          ],
          [
            13.30974,
            41.33042
          ],
          [
            13.30993,
            41.33056
          ],
          [
            13.31012,
            41.3307
          ],
          [
            13.31027,
            41.3308
          ],
          [
            13.31041,
            41.33089
          ],
          [
            13.31057,
            41.33098
          ],
          [
            13.31066,
            41.33102
          ],
          [
            13.31084,
            41.33111
          ],
          [
            13.3112,
            41.33127
          ],
          [
            13.31129,
            41.3313
          ],
          [
            13.31147,
            41.33136
          ],
          [
            13.31164,
            41.33141
          ],
          [
            13.31198,
            41.33152
          ],
          [
            13.31198,
            41.33153
          ],
          [
            13.31223,
            41.3316
          ],
          [
            13.31236,
            41.33164
          ],
          [
            13.31266,
            41.33174
          ],
          [
            13.31322,
            41.33191
          ],
          [
            13.31343,
            41.33197
          ],
          [
            13.31367,
            41.33205
          ],
          [
            13.315,
            41.33247
          ],
          [
            13.31544,
            41.33261
          ],
          [
            13.31589,
            41.33276
          ],
          [
            13.31622,
            41.33286
          ],
          [
            13.3165,
            41.33295
          ],
          [
            13.31737,
            41.33323
          ],
          [
            13.31782,
            41.33337
          ],
          [
            13.31804,
            41.33344
          ],
          [
            13.31811,
            41.33346
          ],
          [
            13.31826,
            41.33351
          ],
          [
            13.31936,
            41.33385
          ],
          [
            13.31952,
            41.3339
          ],
          [
            13.32084,
            41.33432
          ],
          [
            13.32106,
            41.33439
          ],
          [
            13.32175,
            41.33461
          ],
          [
            13.32253,
            41.33485
          ],
          [
            13.32276,
            41.33493
          ],
          [
            13.32332,
            41.33511
          ],
          [
            13.32359,
            41.33521
          ],
          [
            13.32369,
            41.33525
          ],
          [
            13.32375,
            41.33528
          ],
          [
            13.32385,
            41.33533
          ],
          [
            13.32394,
            41.33537
          ],
          [
            13.32395,
            41.33538
          ],
          [
            13.32401,
            41.33542
          ],
          [
            13.32413,
            41.3355
          ],
          [
            13.3243,
            41.33562
          ],
          [
            13.32439,
            41.33568
          ],
          [
            13.32466,
            41.33587
          ],
          [
            13.32473,
            41.33593
          ],
          [
            13.32483,
            41.33599
          ],
          [
            13.32485,
            41.33601
          ],
          [
            13.32491,
            41.33605
          ],
          [
            13.32495,
            41.33607
          ],
          [
            13.32504,
            41.33612
          ],
          [
            13.32511,
            41.33614
          ],
          [
            13.32521,
            41.33616
          ],
          [
            13.32529,
            41.33617
          ],
          [
            13.32535,
            41.33617
          ],
          [
            13.32553,
            41.33616
          ],
          [
            13.32587,
            41.33612
          ],
          [
            13.32613,
            41.33609
          ],
          [
            13.32625,
            41.33608
          ],
          [
            13.32634,
            41.33608
          ],
          [
            13.32643,
            41.33608
          ],
          [
            13.32666,
            41.33613
          ],
          [
            13.32672,
            41.33614
          ],
          [
            13.3269,
            41.33617
          ],
          [
            13.32712,
            41.33622
          ],
          [
            13.32713,
            41.33622
          ],
          [
            13.32715,
            41.33622
          ],
          [
            13.32732,
            41.33626
          ],
          [
            13.32736,
            41.33627
          ],
          [
            13.32744,
            41.33629
          ],
          [
            13.32759,
            41.33633
          ],
          [
            13.32762,
            41.33634
          ],
          [
            13.32768,
            41.33636
          ],
          [
            13.32771,
            41.33637
          ],
          [
            13.32797,
            41.33646
          ],
          [
            13.32814,
            41.33653
          ],
          [
            13.32844,
            41.33665
          ],
          [
            13.32853,
            41.33669
          ],
          [
            13.32863,
            41.33674
          ],
          [
            13.32873,
            41.33678
          ],
          [
            13.32887,
            41.33684
          ],
          [
            13.32902,
            41.33689
          ],
          [
            13.32936,
            41.337
          ],
          [
            13.3294,
            41.33701
          ],
          [
            13.32958,
            41.33707
          ],
          [
            13.3298,
            41.33714
          ],
          [
            13.33002,
            41.33721
          ],
          [
            13.33023,
            41.33728
          ],
          [
            13.33041,
            41.33735
          ],
          [
            13.33056,
            41.33741
          ],
          [
            13.33071,
            41.33748
          ],
          [
            13.33083,
            41.33754
          ],
          [
            13.33091,
            41.3376
          ],
          [
            13.33095,
            41.33763
          ],
          [
            13.33098,
            41.33765
          ],
          [
            13.33108,
            41.33771
          ],
          [
            13.33139,
            41.33794
          ],
          [
            13.33145,
            41.33798
          ],
          [
            13.33174,
            41.33819
          ],
          [
            13.33206,
            41.33843
          ],
          [
            13.3325,
            41.33876
          ],
          [
            13.33262,
            41.33885
          ],
          [
            13.33279,
            41.33898
          ],
          [
            13.33313,
            41.33923
          ],
          [
            13.33361,
            41.33958
          ],
          [
            13.33381,
            41.33973
          ],
          [
            13.33423,
            41.34004
          ],
          [
            13.33432,
            41.34011
          ],
          [
            13.33448,
            41.34024
          ],
          [
            13.3346,
            41.34034
          ],
          [
            13.33464,
            41.34038
          ],
          [
            13.33472,
            41.34045
          ],
          [
            13.33479,
            41.34052
          ],
          [
            13.3348,
            41.34053
          ],
          [
            13.33495,
            41.34069
          ],
          [
            13.33503,
            41.34077
          ],
          [
            13.33514,
            41.3409
          ],
          [
            13.33519,
            41.34097
          ],
          [
            13.33531,
            41.34113
          ],
          [
            13.33544,
            41.3413
          ],
          [
            13.33556,
            41.34151
          ],
          [
            13.33569,
            41.34172
          ],
          [
            13.33583,
            41.34194
          ],
          [
            13.33592,
            41.34209
          ],
          [
            13.33603,
            41.34226
          ],
          [
            13.33614,
            41.34242
          ],
          [
            13.33638,
            41.34273
          ],
          [
            13.33669,
            41.34308
          ],
          [
            13.33683,
            41.34324
          ],
          [
            13.33734,
            41.34385
          ],
          [
            13.33735,
            41.34386
          ],
          [
            13.33738,
            41.34389
          ],
          [
            13.33778,
            41.34429
          ],
          [
            13.3379,
            41.34438
          ],
          [
            13.33796,
            41.34442
          ],
          [
            13.33797,
            41.34442
          ],
          [
            13.33798,
            41.34443
          ],
          [
            13.33807,
            41.34449
          ],
          [
            13.33822,
            41.34458
          ],
          [
            13.33838,
            41.34467
          ],
          [
            13.33851,
            41.34473
          ],
          [
            13.33863,
            41.34479
          ],
          [
            13.3388,
            41.34485
          ],
          [
            13.33892,
            41.34489
          ],
          [
            13.33903,
            41.34493
          ],
          [
            13.33916,
            41.34496
          ],
          [
            13.33935,
            41.345
          ],
          [
            13.33963,
            41.34504
          ],
          [
            13.34072,
            41.34524
          ],
          [
            13.3409,
            41.34527
          ],
          [
            13.34178,
            41.34544
          ],
          [
            13.34183,
            41.34544
          ],
          [
            13.34213,
            41.3455
          ],
          [
            13.34231,
            41.34553
          ],
          [
            13.3425,
            41.34556
          ],
          [
            13.34319,
            41.34568
          ],
          [
            13.34412,
            41.34585
          ],
          [
            13.3444,
            41.34591
          ],
          [
            13.34489,
            41.34599
          ],
          [
            13.34575,
            41.34614
          ],
          [
            13.3461,
            41.34621
          ],
          [
            13.34689,
            41.34634
          ],
          [
            13.34779,
            41.3465
          ],
          [
            13.34797,
            41.34653
          ],
          [
            13.34854,
            41.34663
          ],
          [
            13.35004,
            41.3469
          ],
          [
            13.35038,
            41.34695
          ],
          [
            13.35089,
            41.34704
          ],
          [
            13.3512,
            41.3471
          ],
          [
            13.35126,
            41.34711
          ],
          [
            13.35132,
            41.34712
          ],
          [
            13.35247,
            41.34733
          ],
          [
            13.35273,
            41.34738
          ],
          [
            13.35279,
            41.34739
          ],
          [
            13.35345,
            41.34751
          ],
          [
            13.35369,
            41.34754
          ],
          [
            13.35404,
            41.3476
          ],
          [
            13.35428,
            41.34765
          ],
          [
            13.35461,
            41.3477
          ],
          [
            13.35551,
            41.34787
          ],
          [
            13.35618,
            41.34799
          ],
          [
            13.35639,
            41.34803
          ],
          [
            13.35704,
            41.34813
          ],
          [
            13.35735,
            41.34818
          ],
          [
            13.35743,
            41.3482
          ],
          [
            13.35763,
            41.34823
          ],
          [
            13.35828,
            41.34836
          ],
          [
            13.35852,
            41.3484
          ],
          [
            13.35875,
            41.34844
          ],
          [
            13.35877,
            41.34844
          ],
          [
            13.35894,
            41.34848
          ],
          [
            13.35987,
            41.34864
          ],
          [
            13.36127,
            41.34889
          ],
          [
            13.36228,
            41.34907
          ],
          [
            13.36248,
            41.3491
          ],
          [
            13.36335,
            41.34926
          ],
          [
            13.36395,
            41.34936
          ],
          [
            13.36454,
            41.34947
          ],
          [
            13.36556,
            41.34966
          ],
          [
            13.36641,
            41.3498
          ],
          [
            13.36671,
            41.34986
          ],
          [
            13.36705,
            41.34992
          ],
          [
            13.36752,
            41.35
          ],
          [
            13.36757,
            41.35001
          ],
          [
            13.36899,
            41.35026
          ],
          [
            13.36987,
            41.35041
          ],
          [
            13.37014,
            41.35045
          ],
          [
            13.37107,
            41.35062
          ],
          [
            13.3735,
            41.35105
          ],
          [
            13.37406,
            41.35115
          ],
          [
            13.37442,
            41.35121
          ],
          [
            13.37476,
            41.35127
          ],
          [
            13.37522,
            41.35135
          ],
          [
            13.37592,
            41.35148
          ],
          [
            13.37651,
            41.35157
          ],
          [
            13.3766,
            41.35159
          ],
          [
            13.37664,
            41.35159
          ],
          [
            13.37752,
            41.35174
          ],
          [
            13.37781,
            41.35179
          ],
          [
            13.37826,
            41.35188
          ],
          [
            13.3785,
            41.35192
          ],
          [
            13.37952,
            41.3521
          ],
          [
            13.38136,
            41.35242
          ],
          [
            13.38156,
            41.35246
          ],
          [
            13.38179,
            41.3525
          ],
          [
            13.38203,
            41.35254
          ],
          [
            13.38226,
            41.35258
          ],
          [
            13.38272,
            41.35267
          ],
          [
            13.38296,
            41.35271
          ],
          [
            13.38342,
            41.35279
          ],
          [
            13.38482,
            41.35304
          ],
          [
            13.38674,
            41.35338
          ],
          [
            13.38682,
            41.35339
          ],
          [
            13.38817,
            41.35363
          ],
          [
            13.38822,
            41.35364
          ],
          [
            13.38868,
            41.35372
          ],
          [
            13.38925,
            41.35382
          ],
          [
            13.3894,
            41.35384
          ],
          [
            13.3897,
            41.3539
          ],
          [
            13.38997,
            41.35395
          ],
          [
            13.38999,
            41.35395
          ],
          [
            13.3907,
            41.35408
          ],
          [
            13.3909,
            41.35412
          ],
          [
            13.39188,
            41.35429
          ],
          [
            13.39194,
            41.3543
          ],
          [
            13.3925,
            41.3544
          ],
          [
            13.39267,
            41.35443
          ],
          [
            13.39374,
            41.35462
          ],
          [
            13.39397,
            41.35466
          ],
          [
            13.39437,
            41.35473
          ],
          [
            13.39444,
            41.35474
          ],
          [
            13.3949,
            41.35483
          ],
          [
            13.39607,
            41.35503
          ],
          [
            13.39677,
            41.35516
          ],
          [
            13.39688,
            41.35518
          ],
          [
            13.39724,
            41.35524
          ],
          [
            13.39747,
            41.35528
          ],
          [
            13.39749,
            41.35528
          ],
          [
            13.39811,
            41.3554
          ],
          [
            13.39866,
            41.35549
          ],
          [
            13.39904,
            41.35556
          ],
          [
            13.39995,
            41.35572
          ],
          [
            13.4004,
            41.3558
          ],
          [
            13.40167,
            41.35603
          ],
          [
            13.40253,
            41.35618
          ],
          [
            13.40347,
            41.35635
          ],
          [
            13.4037,
            41.35639
          ],
          [
            13.40393,
            41.35643
          ],
          [
            13.40417,
            41.35647
          ],
          [
            13.4044,
            41.35651
          ],
          [
            13.40463,
            41.35656
          ],
          [
            13.40515,
            41.35665
          ],
          [
            13.406,
            41.35679
          ],
          [
            13.40619,
            41.35683
          ],
          [
            13.4065,
            41.35688
          ],
          [
            13.40672,
            41.35692
          ],
          [
            13.40729,
            41.35702
          ],
          [
            13.40781,
            41.35711
          ],
          [
            13.40843,
            41.35722
          ],
          [
            13.40871,
            41.35727
          ],
          [
            13.40882,
            41.35729
          ],
          [
            13.40893,
            41.35732
          ],
          [
            13.40954,
            41.35743
          ],
          [
            13.41025,
            41.35757
          ],
          [
            13.41038,
            41.3576
          ],
          [
            13.41082,
            41.3577
          ],
          [
            13.41108,
            41.35775
          ],
          [
            13.41157,
            41.35785
          ],
          [
            13.41182,
            41.3579
          ],
          [
            13.41195,
            41.35793
          ],
          [
            13.41208,
            41.35795
          ],
          [
            13.41227,
            41.35797
          ],
          [
            13.41288,
            41.35805
          ],
          [
            13.41302,
            41.35807
          ],
          [
            13.41308,
            41.35808
          ],
          [
            13.41322,
            41.3581
          ],
          [
            13.41339,
            41.35812
          ],
          [
            13.41399,
            41.35822
          ],
          [
            13.41436,
            41.35827
          ],
          [
            13.41444,
            41.35829
          ],
          [
            13.41453,
            41.35831
          ],
          [
            13.41467,
            41.35833
          ],
          [
            13.41489,
            41.35836
          ],
          [
            13.41502,
            41.35838
          ],
          [
            13.41515,
            41.3584
          ],
          [
            13.41558,
            41.35848
          ],
          [
            13.41568,
            41.3585
          ],
          [
            13.41587,
            41.35843
          ],
          [
            13.41595,
            41.3584
          ],
          [
            13.416,
            41.35838
          ],
          [
            13.41604,
            41.35836
          ],
          [
            13.41607,
            41.35833
          ],
          [
            13.41611,
            41.3583
          ],
          [
            13.41614,
            41.35826
          ],
          [
            13.41621,
            41.35816
          ],
          [
            13.41626,
            41.35795
          ],
          [
            13.4163,
            41.35788
          ],
          [
            13.41632,
            41.35786
          ],
          [
            13.4164,
            41.35774
          ],
          [
            13.41691,
            41.35803
          ],
          [
            13.41709,
            41.35812
          ],
          [
            13.41717,
            41.35816
          ],
          [
            13.41753,
            41.35836
          ],
          [
            13.41762,
            41.35841
          ],
          [
            13.41772,
            41.35846
          ],
          [
            13.41797,
            41.35859
          ],
          [
            13.4181,
            41.35864
          ],
          [
            13.4183,
            41.3587
          ],
          [
            13.41836,
            41.35877
          ],
          [
            13.41843,
            41.35883
          ],
          [
            13.41861,
            41.35895
          ],
          [
            13.41862,
            41.35896
          ],
          [
            13.41866,
            41.35903
          ],
          [
            13.41886,
            41.35909
          ],
          [
            13.41906,
            41.35915
          ],
          [
            13.41921,
            41.35918
          ],
          [
            13.41981,
            41.35931
          ],
          [
            13.42008,
            41.35937
          ],
          [
            13.42108,
            41.35959
          ],
          [
            13.42175,
            41.35973
          ],
          [
            13.42182,
            41.35975
          ],
          [
            13.42188,
            41.35969
          ],
          [
            13.42209,
            41.35957
          ],
          [
            13.42261,
            41.35928
          ],
          [
            13.42284,
            41.35915
          ],
          [
            13.42296,
            41.35908
          ],
          [
            13.42308,
            41.35902
          ],
          [
            13.42313,
            41.35899
          ],
          [
            13.42319,
            41.35896
          ],
          [
            13.42323,
            41.35893
          ],
          [
            13.42332,
            41.35886
          ],
          [
            13.42358,
            41.35865
          ],
          [
            13.42376,
            41.35849
          ],
          [
            13.42399,
            41.35829
          ],
          [
            13.42427,
            41.35807
          ],
          [
            13.42432,
            41.35804
          ],
          [
            13.42433,
            41.35803
          ],
          [
            13.42457,
            41.35788
          ],
          [
            13.42483,
            41.35775
          ],
          [
            13.4251,
            41.3576
          ],
          [
            13.42518,
            41.35756
          ],
          [
            13.42547,
            41.3574
          ],
          [
            13.42597,
            41.35714
          ],
          [
            13.42628,
            41.35698
          ],
          [
            13.42686,
            41.35667
          ],
          [
            13.427,
            41.3566
          ],
          [
            13.42731,
            41.35644
          ],
          [
            13.42737,
            41.35641
          ],
          [
            13.42742,
            41.35639
          ],
          [
            13.42753,
            41.35634
          ],
          [
            13.42764,
            41.3563
          ],
          [
            13.42836,
            41.35606
          ],
          [
            13.42927,
            41.35576
          ],
          [
            13.42932,
            41.35572
          ],
          [
            13.42937,
            41.35569
          ],
          [
            13.42954,
            41.35554
          ],
          [
            13.42967,
            41.35541
          ],
          [
            13.42994,
            41.35521
          ],
          [
            13.43033,
            41.35497
          ],
          [
            13.43054,
            41.35485
          ],
          [
            13.43101,
            41.35459
          ],
          [
            13.43133,
            41.35441
          ],
          [
            13.43185,
            41.35411
          ],
          [
            13.43164,
            41.35392
          ],
          [
            13.4314,
            41.35368
          ],
          [
            13.43131,
            41.35359
          ],
          [
            13.43113,
            41.35341
          ],
          [
            13.43089,
            41.35316
          ],
          [
            13.4308,
            41.35308
          ],
          [
            13.43072,
            41.35299
          ],
          [
            13.4305,
            41.35275
          ],
          [
            13.43008,
            41.35233
          ],
          [
            13.43004,
            41.35228
          ],
          [
            13.42969,
            41.35187
          ],
          [
            13.42963,
            41.35179
          ],
          [
            13.42964,
            41.35173
          ],
          [
            13.4297,
            41.35153
          ],
          [
            13.42974,
            41.35141
          ],
          [
            13.42978,
            41.35128
          ],
          [
            13.42978,
            41.35127
          ],
          [
            13.42979,
            41.35113
          ],
          [
            13.42978,
            41.35105
          ],
          [
            13.42973,
            41.35082
          ],
          [
            13.42961,
            41.35051
          ],
          [
            13.4295,
            41.35033
          ],
          [
            13.42942,
            41.35019
          ],
          [
            13.42918,
            41.34971
          ],
          [
            13.42902,
            41.34941
          ],
          [
            13.42884,
            41.34909
          ],
          [
            13.42876,
            41.34893
          ],
          [
            13.42862,
            41.34869
          ],
          [
            13.42858,
            41.34861
          ],
          [
            13.42853,
            41.34852
          ],
          [
            13.4285,
            41.34845
          ],
          [
            13.42847,
            41.34841
          ],
          [
            13.42834,
            41.34817
          ],
          [
            13.4281,
            41.34771
          ],
          [
            13.4278,
            41.34725
          ],
          [
            13.42765,
            41.34696
          ],
          [
            13.42755,
            41.3468
          ],
          [
            13.42753,
            41.34675
          ],
          [
            13.4275,
            41.34669
          ],
          [
            13.42745,
            41.34649
          ],
          [
            13.42745,
            41.34646
          ],
          [
            13.42745,
            41.34628
          ],
          [
            13.42748,
            41.34567
          ],
          [
            13.42748,
            41.34562
          ],
          [
            13.4275,
            41.34522
          ],
          [
            13.4275,
            41.34508
          ],
          [
            13.42751,
            41.34446
          ],
          [
            13.42752,
            41.34424
          ],
          [
            13.42753,
            41.34381
          ],
          [
            13.42753,
            41.34364
          ],
          [
            13.42754,
            41.34329
          ],
          [
            13.42754,
            41.34311
          ],
          [
            13.42754,
            41.34276
          ],
          [
            13.42755,
            41.34263
          ],
          [
            13.42756,
            41.34217
          ],
          [
            13.42756,
            41.34194
          ],
          [
            13.42757,
            41.34159
          ],
          [
            13.42757,
            41.34147
          ],
          [
            13.42761,
            41.34082
          ],
          [
            13.42762,
            41.34061
          ],
          [
            13.42763,
            41.3404
          ],
          [
            13.42763,
            41.34034
          ],
          [
            13.42764,
            41.34022
          ],
          [
            13.42764,
            41.34004
          ],
          [
            13.42764,
            41.34003
          ],
          [
            13.42764,
            41.33983
          ],
          [
            13.42766,
            41.33916
          ],
          [
            13.42767,
            41.33898
          ],
          [
            13.42767,
            41.3388
          ],
          [
            13.42768,
            41.33862
          ],
          [
            13.42769,
            41.33844
          ],
          [
            13.42772,
            41.33789
          ],
          [
            13.42772,
            41.33784
          ],
          [
            13.42773,
            41.33772
          ],
          [
            13.42774,
            41.33768
          ],
          [
            13.42774,
            41.33759
          ],
          [
            13.42774,
            41.33758
          ],
          [
            13.42774,
            41.33754
          ],
          [
            13.42774,
            41.33749
          ],
          [
            13.42772,
            41.33722
          ],
          [
            13.42769,
            41.3371
          ],
          [
            13.42766,
            41.33699
          ],
          [
            13.42764,
            41.33689
          ],
          [
            13.42763,
            41.33681
          ],
          [
            13.42761,
            41.33671
          ],
          [
            13.42762,
            41.33663
          ],
          [
            13.42762,
            41.33645
          ],
          [
            13.42762,
            41.33628
          ],
          [
            13.42762,
            41.33627
          ],
          [
            13.42765,
            41.33603
          ],
          [
            13.42768,
            41.33573
          ],
          [
            13.42769,
            41.33568
          ],
          [
            13.42769,
            41.33567
          ],
          [
            13.42769,
            41.33554
          ],
          [
            13.42771,
            41.33534
          ],
          [
            13.42772,
            41.33516
          ],
          [
            13.42773,
            41.33482
          ],
          [
            13.42773,
            41.33467
          ],
          [
            13.42774,
            41.33434
          ],
          [
            13.42774,
            41.33413
          ],
          [
            13.42774,
            41.33397
          ],
          [
            13.42775,
            41.33394
          ],
          [
            13.42774,
            41.33393
          ],
          [
            13.42774,
            41.33366
          ],
          [
            13.42774,
            41.3336
          ],
          [
            13.4277,
            41.33346
          ],
          [
            13.4277,
            41.33345
          ],
          [
            13.42766,
            41.33335
          ],
          [
            13.42762,
            41.33328
          ],
          [
            13.42758,
            41.33323
          ],
          [
            13.42741,
            41.33296
          ],
          [
            13.42718,
            41.3326
          ],
          [
            13.42682,
            41.33205
          ],
          [
            13.4268,
            41.33201
          ],
          [
            13.42675,
            41.33194
          ],
          [
            13.42647,
            41.3315
          ],
          [
            13.42634,
            41.33131
          ],
          [
            13.42605,
            41.3309
          ],
          [
            13.42584,
            41.3306
          ],
          [
            13.42569,
            41.33037
          ],
          [
            13.42539,
            41.32991
          ],
          [
            13.42518,
            41.32959
          ],
          [
            13.42501,
            41.32932
          ],
          [
            13.42492,
            41.32919
          ],
          [
            13.42466,
            41.3287
          ],
          [
            13.42419,
            41.32795
          ],
          [
            13.42395,
            41.32756
          ],
          [
            13.42394,
            41.32756
          ],
          [
            13.42392,
            41.32752
          ],
          [
            13.42368,
            41.32713
          ],
          [
            13.42346,
            41.32678
          ],
          [
            13.4233,
            41.32652
          ],
          [
            13.42313,
            41.32625
          ],
          [
            13.42303,
            41.32614
          ],
          [
            13.42299,
            41.32609
          ],
          [
            13.42293,
            41.32603
          ],
          [
            13.42287,
            41.32598
          ],
          [
            13.42283,
            41.32595
          ],
          [
            13.42281,
            41.32593
          ],
          [
            13.42259,
            41.32579
          ],
          [
            13.42255,
            41.32576
          ],
          [
            13.42243,
            41.32568
          ],
          [
            13.42165,
            41.32517
          ],
          [
            13.42126,
            41.32491
          ],
          [
            13.42086,
            41.32466
          ],
          [
            13.42048,
            41.32442
          ],
          [
            13.42035,
            41.32438
          ],
          [
            13.41989,
            41.32409
          ],
          [
            13.41959,
            41.3239
          ],
          [
            13.41894,
            41.32346
          ],
          [
            13.41887,
            41.32342
          ],
          [
            13.41881,
            41.32338
          ],
          [
            13.41827,
            41.32304
          ],
          [
            13.4182,
            41.32299
          ],
          [
            13.41815,
            41.32296
          ],
          [
            13.41721,
            41.32234
          ],
          [
            13.41718,
            41.32231
          ],
          [
            13.41713,
            41.32226
          ],
          [
            13.4171,
            41.32224
          ],
          [
            13.41584,
            41.32141
          ],
          [
            13.41569,
            41.32131
          ],
          [
            13.41551,
            41.32119
          ],
          [
            13.41533,
            41.32108
          ],
          [
            13.41515,
            41.32096
          ],
          [
            13.41443,
            41.32048
          ],
          [
            13.4128,
            41.31942
          ],
          [
            13.41276,
            41.31939
          ],
          [
            13.41231,
            41.31909
          ],
          [
            13.41194,
            41.31886
          ],
          [
            13.41179,
            41.31876
          ],
          [
            13.41174,
            41.31873
          ],
          [
            13.41139,
            41.31851
          ],
          [
            13.40939,
            41.31724
          ],
          [
            13.40935,
            41.31721
          ],
          [
            13.40886,
            41.3169
          ],
          [
            13.40862,
            41.31674
          ],
          [
            13.40773,
            41.31615
          ],
          [
            13.40755,
            41.31603
          ],
          [
            13.40736,
            41.3159
          ],
          [
            13.40727,
            41.31584
          ],
          [
            13.40719,
            41.31579
          ],
          [
            13.40718,
            41.31578
          ],
          [
            13.4071,
            41.31573
          ],
          [
            13.407,
            41.31566
          ],
          [
            13.40682,
            41.31554
          ],
          [
            13.40665,
            41.31543
          ],
          [
            13.40646,
            41.3153
          ],
          [
            13.4061,
            41.31506
          ],
          [
            13.40594,
            41.31495
          ],
          [
            13.40579,
            41.31486
          ],
          [
            13.40575,
            41.31483
          ],
          [
            13.40558,
            41.31471
          ],
          [
            13.4054,
            41.3146
          ],
          [
            13.4048,
            41.31421
          ],
          [
            13.40475,
            41.31418
          ],
          [
            13.40467,
            41.31412
          ],
          [
            13.40466,
            41.31412
          ],
          [
            13.40458,
            41.31406
          ],
          [
            13.40448,
            41.314
          ],
          [
            13.40341,
            41.3133
          ],
          [
            13.40339,
            41.31329
          ],
          [
            13.40322,
            41.31318
          ],
          [
            13.40304,
            41.31306
          ],
          [
            13.40267,
            41.31282
          ],
          [
            13.40207,
            41.31242
          ],
          [
            13.40201,
            41.31239
          ],
          [
            13.40196,
            41.31236
          ],
          [
            13.40143,
            41.31201
          ],
          [
            13.40138,
            41.31198
          ],
          [
            13.40116,
            41.31183
          ],
          [
            13.40087,
            41.31164
          ],
          [
            13.40062,
            41.31139
          ],
          [
            13.40061,
            41.3114
          ],
          [
            13.4006,
            41.3114
          ],
          [
            13.40059,
            41.31141
          ],
          [
            13.40058,
            41.31141
          ],
          [
            13.40057,
            41.31141
          ],
          [
            13.40056,
            41.31142
          ],
          [
            13.40055,
            41.31142
          ],
          [
            13.40054,
            41.31142
          ],
          [
            13.40053,
            41.31142
          ],
          [
            13.40052,
            41.31142
          ],
          [
            13.40051,
            41.31142
          ],
          [
            13.4005,
            41.31142
          ],
          [
            13.40049,
            41.31142
          ],
          [
            13.40048,
            41.31142
          ],
          [
            13.40047,
            41.31142
          ],
          [
            13.40047,
            41.31141
          ],
          [
            13.40046,
            41.31141
          ],
          [
            13.40045,
            41.31141
          ],
          [
            13.40044,
            41.3114
          ],
          [
            13.40043,
            41.3114
          ],
          [
            13.40042,
            41.3114
          ],
          [
            13.40041,
            41.31139
          ],
          [
            13.4004,
            41.31138
          ],
          [
            13.40039,
            41.31137
          ],
          [
            13.40038,
            41.31136
          ],
          [
            13.40038,
            41.31135
          ],
          [
            13.40037,
            41.31135
          ],
          [
            13.40037,
            41.31134
          ],
          [
            13.40037,
            41.31133
          ],
          [
            13.40036,
            41.31132
          ],
          [
            13.40036,
            41.31131
          ],
          [
            13.40036,
            41.3113
          ],
          [
            13.40036,
            41.31129
          ],
          [
            13.40037,
            41.31128
          ],
          [
            13.40037,
            41.31127
          ],
          [
            13.40037,
            41.31126
          ],
          [
            13.40038,
            41.31126
          ],
          [
            13.40038,
            41.31125
          ],
          [
            13.40038,
            41.31124
          ],
          [
            13.40039,
            41.31124
          ],
          [
            13.40039,
            41.31123
          ],
          [
            13.4004,
            41.31123
          ],
          [
            13.4004,
            41.31122
          ],
          [
            13.40041,
            41.31122
          ],
          [
            13.40042,
            41.31122
          ],
          [
            13.40042,
            41.31121
          ],
          [
            13.40043,
            41.31121
          ],
          [
            13.40044,
            41.3112
          ],
          [
            13.40045,
            41.3112
          ],
          [
            13.40046,
            41.3112
          ],
          [
            13.40046,
            41.31119
          ],
          [
            13.40047,
            41.31119
          ],
          [
            13.40048,
            41.31119
          ],
          [
            13.40049,
            41.31119
          ],
          [
            13.4005,
            41.31119
          ],
          [
            13.40051,
            41.31119
          ],
          [
            13.40052,
            41.31119
          ],
          [
            13.40053,
            41.31119
          ],
          [
            13.40054,
            41.31119
          ],
          [
            13.40055,
            41.31119
          ],
          [
            13.40056,
            41.31119
          ],
          [
            13.40057,
            41.31119
          ],
          [
            13.40058,
            41.3112
          ],
          [
            13.40061,
            41.31108
          ],
          [
            13.4006,
            41.31101
          ],
          [
            13.40056,
            41.31084
          ],
          [
            13.40037,
            41.31016
          ],
          [
            13.40034,
            41.31007
          ],
          [
            13.40029,
            41.30987
          ],
          [
            13.40008,
            41.30918
          ],
          [
            13.39999,
            41.30886
          ],
          [
            13.39985,
            41.30839
          ],
          [
            13.39981,
            41.30825
          ],
          [
            13.3996,
            41.30755
          ],
          [
            13.39955,
            41.30738
          ],
          [
            13.39944,
            41.30702
          ],
          [
            13.39939,
            41.30685
          ],
          [
            13.39927,
            41.30647
          ],
          [
            13.39924,
            41.30637
          ],
          [
            13.39918,
            41.30615
          ],
          [
            13.39911,
            41.30593
          ],
          [
            13.3991,
            41.30589
          ],
          [
            13.39904,
            41.30568
          ],
          [
            13.39898,
            41.3055
          ],
          [
            13.39892,
            41.30533
          ],
          [
            13.39887,
            41.30516
          ],
          [
            13.39887,
            41.30515
          ],
          [
            13.3988,
            41.30493
          ],
          [
            13.3987,
            41.30463
          ],
          [
            13.39863,
            41.30437
          ],
          [
            13.39861,
            41.30432
          ],
          [
            13.3986,
            41.30428
          ],
          [
            13.39848,
            41.30389
          ],
          [
            13.39833,
            41.30338
          ],
          [
            13.3983,
            41.30327
          ],
          [
            13.39802,
            41.3022
          ],
          [
            13.39771,
            41.30118
          ],
          [
            13.39761,
            41.30083
          ],
          [
            13.39756,
            41.30065
          ],
          [
            13.3973,
            41.29969
          ],
          [
            13.39719,
            41.29934
          ],
          [
            13.39709,
            41.29898
          ],
          [
            13.39689,
            41.29829
          ],
          [
            13.39663,
            41.29734
          ],
          [
            13.39657,
            41.29702
          ],
          [
            13.39656,
            41.29689
          ],
          [
            13.39656,
            41.29688
          ],
          [
            13.39656,
            41.29686
          ],
          [
            13.39656,
            41.29684
          ],
          [
            13.39656,
            41.29676
          ],
          [
            13.39658,
            41.2967
          ],
          [
            13.3966,
            41.29665
          ],
          [
            13.39674,
            41.29636
          ],
          [
            13.39678,
            41.29627
          ],
          [
            13.39681,
            41.2962
          ],
          [
            13.39682,
            41.29619
          ],
          [
            13.39699,
            41.29587
          ],
          [
            13.39714,
            41.29557
          ],
          [
            13.39734,
            41.29518
          ],
          [
            13.39751,
            41.29485
          ],
          [
            13.39757,
            41.29473
          ],
          [
            13.39759,
            41.29469
          ],
          [
            13.3976,
            41.29468
          ],
          [
            13.39799,
            41.29392
          ],
          [
            13.39807,
            41.29376
          ],
          [
            13.39826,
            41.29339
          ],
          [
            13.39845,
            41.29301
          ],
          [
            13.39853,
            41.29287
          ],
          [
            13.39863,
            41.29267
          ],
          [
            13.39886,
            41.29222
          ],
          [
            13.39897,
            41.29201
          ],
          [
            13.39915,
            41.29168
          ],
          [
            13.39918,
            41.29163
          ],
          [
            13.39924,
            41.29151
          ],
          [
            13.39929,
            41.29142
          ],
          [
            13.39934,
            41.29135
          ],
          [
            13.39945,
            41.2912
          ],
          [
            13.39985,
            41.2906
          ],
          [
            13.4,
            41.2904
          ],
          [
            13.40016,
            41.29017
          ],
          [
            13.40053,
            41.28965
          ],
          [
            13.40093,
            41.2891
          ],
          [
            13.4011,
            41.28888
          ],
          [
            13.40136,
            41.28849
          ],
          [
            13.40154,
            41.28822
          ],
          [
            13.4017,
            41.28799
          ],
          [
            13.40192,
            41.28767
          ],
          [
            13.40209,
            41.28742
          ],
          [
            13.40255,
            41.28676
          ],
          [
            13.40284,
            41.28598
          ],
          [
            13.40287,
            41.28591
          ],
          [
            13.40292,
            41.28579
          ],
          [
            13.40302,
            41.28556
          ],
          [
            13.40307,
            41.28543
          ],
          [
            13.40315,
            41.28522
          ],
          [
            13.40326,
            41.28495
          ],
          [
            13.4033,
            41.28483
          ],
          [
            13.40339,
            41.28461
          ],
          [
            13.4036,
            41.28409
          ],
          [
            13.40374,
            41.28374
          ],
          [
            13.40386,
            41.28342
          ],
          [
            13.40387,
            41.2834
          ],
          [
            13.40396,
            41.28323
          ],
          [
            13.40405,
            41.28306
          ],
          [
            13.4041,
            41.28297
          ],
          [
            13.40419,
            41.28281
          ],
          [
            13.40421,
            41.28277
          ],
          [
            13.40423,
            41.28273
          ],
          [
            13.40427,
            41.28262
          ],
          [
            13.40428,
            41.28259
          ],
          [
            13.4043,
            41.28256
          ],
          [
            13.40431,
            41.28253
          ],
          [
            13.40434,
            41.28245
          ],
          [
            13.40436,
            41.28239
          ],
          [
            13.40436,
            41.28233
          ],
          [
            13.40446,
            41.28232
          ],
          [
            13.40451,
            41.28231
          ],
          [
            13.4048,
            41.28225
          ],
          [
            13.40494,
            41.28222
          ],
          [
            13.40504,
            41.2822
          ],
          [
            13.4052,
            41.28216
          ],
          [
            13.40533,
            41.28212
          ],
          [
            13.40553,
            41.28207
          ],
          [
            13.40638,
            41.28178
          ],
          [
            13.40663,
            41.2817
          ],
          [
            13.40671,
            41.28169
          ],
          [
            13.40703,
            41.28157
          ],
          [
            13.40731,
            41.28146
          ],
          [
            13.40774,
            41.2813
          ],
          [
            13.40785,
            41.28125
          ],
          [
            13.4079,
            41.28123
          ],
          [
            13.408,
            41.28119
          ],
          [
            13.40805,
            41.28117
          ],
          [
            13.40807,
            41.28116
          ],
          [
            13.4081,
            41.28115
          ],
          [
            13.40834,
            41.28105
          ],
          [
            13.40845,
            41.281
          ],
          [
            13.40856,
            41.28095
          ],
          [
            13.40857,
            41.28095
          ],
          [
            13.40877,
            41.28085
          ],
          [
            13.40882,
            41.28083
          ],
          [
            13.40913,
            41.28068
          ],
          [
            13.40966,
            41.28037
          ],
          [
            13.40987,
            41.28024
          ],
          [
            13.4102,
            41.28002
          ],
          [
            13.41047,
            41.27983
          ],
          [
            13.41054,
            41.27979
          ],
          [
            13.41077,
            41.27962
          ],
          [
            13.41135,
            41.2792
          ],
          [
            13.4115,
            41.2791
          ],
          [
            13.41178,
            41.2789
          ],
          [
            13.41209,
            41.27867
          ],
          [
            13.41245,
            41.27842
          ],
          [
            13.41365,
            41.27754
          ],
          [
            13.41382,
            41.27742
          ],
          [
            13.41428,
            41.27708
          ],
          [
            13.41481,
            41.27668
          ],
          [
            13.41499,
            41.27653
          ],
          [
            13.41509,
            41.27643
          ],
          [
            13.41526,
            41.27626
          ],
          [
            13.41537,
            41.27615
          ],
          [
            13.41557,
            41.27592
          ],
          [
            13.41563,
            41.27584
          ],
          [
            13.41574,
            41.27571
          ],
          [
            13.41591,
            41.2755
          ],
          [
            13.41596,
            41.27542
          ],
          [
            13.41604,
            41.27531
          ],
          [
            13.41615,
            41.27516
          ],
          [
            13.41661,
            41.27456
          ],
          [
            13.41671,
            41.27443
          ],
          [
            13.41695,
            41.2741
          ],
          [
            13.41697,
            41.27404
          ],
          [
            13.41699,
            41.27401
          ],
          [
            13.41719,
            41.27374
          ],
          [
            13.41779,
            41.27294
          ],
          [
            13.41819,
            41.2724
          ],
          [
            13.4188,
            41.27167
          ],
          [
            13.4189,
            41.27161
          ],
          [
            13.41932,
            41.27109
          ],
          [
            13.41938,
            41.27102
          ],
          [
            13.41991,
            41.2704
          ],
          [
            13.42007,
            41.27021
          ],
          [
            13.42012,
            41.27015
          ],
          [
            13.42024,
            41.27
          ],
          [
            13.42035,
            41.26988
          ],
          [
            13.42052,
            41.26971
          ],
          [
            13.4206,
            41.26964
          ],
          [
            13.42071,
            41.26954
          ],
          [
            13.42076,
            41.2695
          ],
          [
            13.4208,
            41.26947
          ],
          [
            13.42099,
            41.26931
          ],
          [
            13.42111,
            41.26922
          ],
          [
            13.42119,
            41.26917
          ],
          [
            13.42122,
            41.26914
          ],
          [
            13.42126,
            41.26911
          ],
          [
            13.4213,
            41.26909
          ],
          [
            13.42141,
            41.26902
          ],
          [
            13.42155,
            41.26894
          ],
          [
            13.42189,
            41.26874
          ],
          [
            13.42214,
            41.26861
          ],
          [
            13.42252,
            41.26842
          ],
          [
            13.42258,
            41.26839
          ],
          [
            13.42259,
            41.26838
          ],
          [
            13.42261,
            41.26837
          ],
          [
            13.4227,
            41.26829
          ],
          [
            13.42313,
            41.26805
          ],
          [
            13.4233,
            41.26793
          ],
          [
            13.42335,
            41.2679
          ],
          [
            13.42341,
            41.26786
          ],
          [
            13.42356,
            41.26775
          ],
          [
            13.42401,
            41.26741
          ],
          [
            13.42439,
            41.26712
          ],
          [
            13.42514,
            41.26655
          ],
          [
            13.42524,
            41.26648
          ],
          [
            13.42534,
            41.26641
          ],
          [
            13.42535,
            41.2664
          ],
          [
            13.42546,
            41.26633
          ],
          [
            13.42554,
            41.26628
          ],
          [
            13.4256,
            41.26625
          ],
          [
            13.42597,
            41.26603
          ],
          [
            13.42604,
            41.26599
          ],
          [
            13.4262,
            41.26591
          ],
          [
            13.42631,
            41.26585
          ],
          [
            13.42636,
            41.26581
          ],
          [
            13.42645,
            41.26574
          ],
          [
            13.42645,
            41.26573
          ],
          [
            13.42645,
            41.26571
          ],
          [
            13.42645,
            41.2657
          ],
          [
            13.42645,
            41.26569
          ],
          [
            13.42645,
            41.26568
          ],
          [
            13.42645,
            41.26567
          ],
          [
            13.42646,
            41.26566
          ],
          [
            13.42646,
            41.26565
          ],
          [
            13.42647,
            41.26564
          ],
          [
            13.42647,
            41.26562
          ],
          [
            13.42648,
            41.26561
          ],
          [
            13.42649,
            41.26561
          ],
          [
            13.4265,
            41.2656
          ],
          [
            13.42651,
            41.26559
          ],
          [
            13.42653,
            41.26557
          ],
          [
            13.42666,
            41.2653
          ],
          [
            13.42679,
            41.26489
          ],
          [
            13.42688,
            41.26463
          ],
          [
            13.4269,
            41.26457
          ],
          [
            13.42731,
            41.26459
          ],
          [
            13.42737,
            41.26459
          ],
          [
            13.42791,
            41.26462
          ],
          [
            13.42849,
            41.26463
          ],
          [
            13.42859,
            41.26463
          ],
          [
            13.42866,
            41.26463
          ],
          [
            13.42879,
            41.2646
          ],
          [
            13.42886,
            41.26456
          ],
          [
            13.42904,
            41.26447
          ],
          [
            13.42919,
            41.26437
          ],
          [
            13.42947,
            41.26419
          ],
          [
            13.42948,
            41.26419
          ],
          [
            13.42953,
            41.26415
          ],
          [
            13.42968,
            41.26405
          ],
          [
            13.42973,
            41.26402
          ],
          [
            13.42975,
            41.26402
          ],
          [
            13.42977,
            41.26402
          ],
          [
            13.4298,
            41.26402
          ],
          [
            13.42982,
            41.26404
          ],
          [
            13.42984,
            41.26405
          ],
          [
            13.42986,
            41.26406
          ],
          [
            13.42988,
            41.26408
          ],
          [
            13.42991,
            41.26408
          ],
          [
            13.4306,
            41.26364
          ],
          [
            13.43097,
            41.26341
          ],
          [
            13.43121,
            41.26327
          ],
          [
            13.43124,
            41.26325
          ],
          [
            13.43154,
            41.26307
          ],
          [
            13.43154,
            41.26306
          ],
          [
            13.43127,
            41.26283
          ],
          [
            13.43126,
            41.26282
          ],
          [
            13.4311,
            41.26269
          ],
          [
            13.43099,
            41.2626
          ],
          [
            13.43096,
            41.26258
          ],
          [
            13.43091,
            41.26254
          ],
          [
            13.43079,
            41.26246
          ],
          [
            13.43056,
            41.26229
          ],
          [
            13.43049,
            41.26224
          ],
          [
            13.43025,
            41.26203
          ],
          [
            13.43001,
            41.26175
          ],
          [
            13.42997,
            41.26169
          ],
          [
            13.4298,
            41.2615
          ],
          [
            13.42959,
            41.26125
          ],
          [
            13.42951,
            41.26111
          ],
          [
            13.42948,
            41.26107
          ],
          [
            13.43004,
            41.26073
          ],
          [
            13.43023,
            41.2606
          ],
          [
            13.43042,
            41.26051
          ],
          [
            13.43066,
            41.26036
          ],
          [
            13.43096,
            41.26016
          ],
          [
            13.43126,
            41.25998
          ],
          [
            13.4316,
            41.25978
          ],
          [
            13.43126,
            41.25998
          ],
          [
            13.43096,
            41.26016
          ],
          [
            13.43066,
            41.26036
          ],
          [
            13.43042,
            41.26051
          ],
          [
            13.43023,
            41.2606
          ],
          [
            13.43004,
            41.26073
          ],
          [
            13.42948,
            41.26107
          ],
          [
            13.42935,
            41.26115
          ],
          [
            13.42904,
            41.26133
          ],
          [
            13.42883,
            41.26145
          ],
          [
            13.4285,
            41.26161
          ],
          [
            13.42848,
            41.26162
          ],
          [
            13.4284,
            41.26167
          ],
          [
            13.42839,
            41.26168
          ],
          [
            13.42832,
            41.26172
          ],
          [
            13.4283,
            41.26173
          ],
          [
            13.42824,
            41.26177
          ],
          [
            13.42816,
            41.26183
          ],
          [
            13.42799,
            41.26194
          ],
          [
            13.42786,
            41.26208
          ],
          [
            13.42758,
            41.26236
          ],
          [
            13.42752,
            41.26244
          ],
          [
            13.42746,
            41.26256
          ],
          [
            13.42742,
            41.26266
          ],
          [
            13.42722,
            41.26333
          ],
          [
            13.42719,
            41.26344
          ],
          [
            13.42719,
            41.26348
          ],
          [
            13.42714,
            41.26367
          ],
          [
            13.4269,
            41.26457
          ],
          [
            13.42688,
            41.26463
          ],
          [
            13.42679,
            41.26489
          ],
          [
            13.42666,
            41.2653
          ],
          [
            13.42671,
            41.26554
          ],
          [
            13.42674,
            41.26555
          ],
          [
            13.42676,
            41.26556
          ],
          [
            13.42677,
            41.26556
          ],
          [
            13.42678,
            41.26557
          ],
          [
            13.4268,
            41.26557
          ],
          [
            13.42681,
            41.26558
          ],
          [
            13.42682,
            41.26559
          ],
          [
            13.42683,
            41.2656
          ],
          [
            13.42684,
            41.26561
          ],
          [
            13.42685,
            41.26562
          ],
          [
            13.42685,
            41.26563
          ],
          [
            13.42686,
            41.26564
          ],
          [
            13.42687,
            41.26565
          ],
          [
            13.42687,
            41.26566
          ],
          [
            13.42688,
            41.26567
          ],
          [
            13.42699,
            41.26564
          ],
          [
            13.42794,
            41.26535
          ],
          [
            13.42808,
            41.26534
          ],
          [
            13.42809,
            41.26534
          ],
          [
            13.42893,
            41.26507
          ],
          [
            13.42922,
            41.26498
          ],
          [
            13.42945,
            41.26492
          ],
          [
            13.42949,
            41.26491
          ],
          [
            13.42972,
            41.26485
          ],
          [
            13.4299,
            41.2648
          ],
          [
            13.43001,
            41.26478
          ],
          [
            13.43013,
            41.26475
          ],
          [
            13.43036,
            41.2647
          ],
          [
            13.43059,
            41.26465
          ],
          [
            13.4306,
            41.26464
          ],
          [
            13.43106,
            41.26454
          ],
          [
            13.43108,
            41.26454
          ],
          [
            13.43165,
            41.26441
          ],
          [
            13.43181,
            41.26438
          ],
          [
            13.43218,
            41.2643
          ],
          [
            13.43228,
            41.26428
          ],
          [
            13.43243,
            41.26424
          ],
          [
            13.43327,
            41.26408
          ],
          [
            13.43356,
            41.26402
          ],
          [
            13.43415,
            41.26391
          ],
          [
            13.43444,
            41.26386
          ],
          [
            13.43449,
            41.26385
          ],
          [
            13.43468,
            41.26382
          ],
          [
            13.43478,
            41.26381
          ],
          [
            13.43486,
            41.26379
          ],
          [
            13.43499,
            41.26377
          ],
          [
            13.43515,
            41.26375
          ],
          [
            13.43539,
            41.26371
          ],
          [
            13.43566,
            41.26368
          ],
          [
            13.43595,
            41.26365
          ],
          [
            13.43623,
            41.26362
          ],
          [
            13.43674,
            41.26355
          ],
          [
            13.43695,
            41.26353
          ],
          [
            13.43711,
            41.2635
          ],
          [
            13.43713,
            41.2635
          ],
          [
            13.43725,
            41.26348
          ],
          [
            13.43729,
            41.26347
          ],
          [
            13.43735,
            41.26346
          ],
          [
            13.43744,
            41.26344
          ],
          [
            13.43748,
            41.26343
          ],
          [
            13.43752,
            41.26342
          ],
          [
            13.4376,
            41.2634
          ],
          [
            13.43767,
            41.26338
          ],
          [
            13.43772,
            41.26336
          ],
          [
            13.43779,
            41.26334
          ],
          [
            13.43788,
            41.26331
          ],
          [
            13.43795,
            41.26328
          ],
          [
            13.438,
            41.26326
          ],
          [
            13.43801,
            41.26325
          ],
          [
            13.43808,
            41.26322
          ],
          [
            13.43811,
            41.26321
          ],
          [
            13.43815,
            41.26319
          ],
          [
            13.43819,
            41.26316
          ],
          [
            13.43829,
            41.2631
          ],
          [
            13.43836,
            41.26306
          ],
          [
            13.43842,
            41.26301
          ],
          [
            13.4385,
            41.26295
          ],
          [
            13.43855,
            41.2629
          ],
          [
            13.43856,
            41.2629
          ],
          [
            13.43859,
            41.26287
          ],
          [
            13.43864,
            41.26282
          ],
          [
            13.43872,
            41.26273
          ],
          [
            13.43873,
            41.26272
          ],
          [
            13.43879,
            41.26264
          ],
          [
            13.43883,
            41.26259
          ],
          [
            13.43886,
            41.26255
          ],
          [
            13.43888,
            41.26252
          ],
          [
            13.4389,
            41.26249
          ],
          [
            13.43892,
            41.26247
          ],
          [
            13.43893,
            41.26244
          ],
          [
            13.43896,
            41.2624
          ],
          [
            13.43899,
            41.26234
          ],
          [
            13.439,
            41.26231
          ],
          [
            13.43902,
            41.26227
          ],
          [
            13.43905,
            41.2622
          ],
          [
            13.43907,
            41.26214
          ],
          [
            13.43908,
            41.26211
          ],
          [
            13.43909,
            41.26208
          ],
          [
            13.4391,
            41.26204
          ],
          [
            13.43911,
            41.262
          ],
          [
            13.43912,
            41.26196
          ],
          [
            13.43912,
            41.26191
          ],
          [
            13.43913,
            41.26188
          ],
          [
            13.43913,
            41.26186
          ],
          [
            13.43914,
            41.26176
          ],
          [
            13.43914,
            41.26169
          ],
          [
            13.43914,
            41.26162
          ],
          [
            13.43913,
            41.26157
          ],
          [
            13.43913,
            41.26153
          ],
          [
            13.43911,
            41.26142
          ],
          [
            13.43909,
            41.26136
          ],
          [
            13.43907,
            41.2613
          ],
          [
            13.43905,
            41.26125
          ],
          [
            13.43903,
            41.26121
          ],
          [
            13.439,
            41.26114
          ],
          [
            13.43897,
            41.26107
          ],
          [
            13.43896,
            41.26105
          ],
          [
            13.4389,
            41.26093
          ],
          [
            13.4388,
            41.26073
          ],
          [
            13.43877,
            41.26067
          ],
          [
            13.43874,
            41.2606
          ],
          [
            13.4387,
            41.26053
          ],
          [
            13.43867,
            41.26044
          ],
          [
            13.43865,
            41.2604
          ],
          [
            13.43865,
            41.26039
          ],
          [
            13.43863,
            41.26033
          ],
          [
            13.4386,
            41.26025
          ],
          [
            13.43856,
            41.26005
          ],
          [
            13.43855,
            41.26003
          ],
          [
            13.43855,
            41.25999
          ],
          [
            13.43854,
            41.25991
          ],
          [
            13.43853,
            41.25986
          ],
          [
            13.43853,
            41.25983
          ],
          [
            13.43853,
            41.25979
          ],
          [
            13.43854,
            41.25975
          ],
          [
            13.43854,
            41.25972
          ],
          [
            13.43855,
            41.25967
          ],
          [
            13.4386,
            41.25947
          ],
          [
            13.43862,
            41.25942
          ],
          [
            13.43864,
            41.25937
          ],
          [
            13.43865,
            41.25934
          ],
          [
            13.43871,
            41.25925
          ],
          [
            13.43881,
            41.25911
          ],
          [
            13.43888,
            41.25902
          ],
          [
            13.43896,
            41.25895
          ],
          [
            13.43903,
            41.25889
          ],
          [
            13.4391,
            41.25883
          ],
          [
            13.43918,
            41.25878
          ],
          [
            13.43923,
            41.25875
          ],
          [
            13.4393,
            41.2587
          ],
          [
            13.43936,
            41.25868
          ],
          [
            13.43943,
            41.25865
          ],
          [
            13.43948,
            41.25862
          ],
          [
            13.43954,
            41.2586
          ],
          [
            13.4396,
            41.25858
          ],
          [
            13.43966,
            41.25856
          ],
          [
            13.43972,
            41.25854
          ],
          [
            13.43978,
            41.25852
          ],
          [
            13.43986,
            41.2585
          ],
          [
            13.43991,
            41.25849
          ],
          [
            13.43998,
            41.25848
          ],
          [
            13.44008,
            41.25846
          ],
          [
            13.44014,
            41.25846
          ],
          [
            13.44021,
            41.25845
          ],
          [
            13.44042,
            41.25843
          ],
          [
            13.44057,
            41.25843
          ],
          [
            13.44071,
            41.25843
          ],
          [
            13.44085,
            41.25843
          ],
          [
            13.44114,
            41.25843
          ],
          [
            13.44124,
            41.25843
          ],
          [
            13.44139,
            41.25843
          ],
          [
            13.44149,
            41.25843
          ],
          [
            13.44162,
            41.25842
          ],
          [
            13.44175,
            41.25841
          ],
          [
            13.44177,
            41.25841
          ],
          [
            13.44196,
            41.25839
          ],
          [
            13.44199,
            41.25839
          ],
          [
            13.44208,
            41.25837
          ],
          [
            13.44224,
            41.25834
          ],
          [
            13.44229,
            41.25833
          ],
          [
            13.44235,
            41.25832
          ],
          [
            13.44243,
            41.2583
          ],
          [
            13.44251,
            41.25828
          ],
          [
            13.4427,
            41.25822
          ],
          [
            13.44286,
            41.25816
          ],
          [
            13.44297,
            41.25812
          ],
          [
            13.44304,
            41.25809
          ],
          [
            13.4431,
            41.25806
          ],
          [
            13.44316,
            41.25803
          ],
          [
            13.44321,
            41.258
          ],
          [
            13.44329,
            41.25796
          ],
          [
            13.44334,
            41.25793
          ],
          [
            13.44344,
            41.25787
          ],
          [
            13.44355,
            41.25779
          ],
          [
            13.44357,
            41.25775
          ],
          [
            13.44361,
            41.25771
          ],
          [
            13.44367,
            41.25767
          ],
          [
            13.44382,
            41.25754
          ],
          [
            13.44395,
            41.25742
          ],
          [
            13.44451,
            41.25691
          ],
          [
            13.4446,
            41.25682
          ],
          [
            13.44516,
            41.2563
          ],
          [
            13.44558,
            41.25591
          ],
          [
            13.44561,
            41.25587
          ],
          [
            13.44638,
            41.25515
          ],
          [
            13.44648,
            41.25506
          ],
          [
            13.44683,
            41.25475
          ],
          [
            13.44684,
            41.25474
          ],
          [
            13.44689,
            41.25472
          ],
          [
            13.44704,
            41.25458
          ],
          [
            13.4472,
            41.25445
          ],
          [
            13.44722,
            41.25443
          ],
          [
            13.44748,
            41.25422
          ],
          [
            13.44766,
            41.25409
          ],
          [
            13.44773,
            41.25404
          ],
          [
            13.449,
            41.25312
          ],
          [
            13.4492,
            41.25297
          ],
          [
            13.45012,
            41.25226
          ],
          [
            13.45021,
            41.2522
          ],
          [
            13.45023,
            41.25218
          ],
          [
            13.45029,
            41.25213
          ],
          [
            13.45043,
            41.25202
          ],
          [
            13.45051,
            41.25196
          ],
          [
            13.45061,
            41.25187
          ],
          [
            13.45078,
            41.25174
          ],
          [
            13.45086,
            41.25167
          ],
          [
            13.4509,
            41.25164
          ],
          [
            13.45094,
            41.2516
          ],
          [
            13.45098,
            41.25157
          ],
          [
            13.45149,
            41.25116
          ],
          [
            13.45199,
            41.25077
          ],
          [
            13.45215,
            41.25064
          ],
          [
            13.45217,
            41.25063
          ],
          [
            13.45232,
            41.25051
          ],
          [
            13.45249,
            41.25038
          ],
          [
            13.45314,
            41.24987
          ],
          [
            13.45315,
            41.24987
          ],
          [
            13.45346,
            41.24964
          ],
          [
            13.45377,
            41.24941
          ],
          [
            13.45403,
            41.24921
          ],
          [
            13.45418,
            41.2491
          ],
          [
            13.45439,
            41.24894
          ],
          [
            13.45456,
            41.24881
          ],
          [
            13.45472,
            41.24868
          ],
          [
            13.45473,
            41.24868
          ],
          [
            13.45489,
            41.24857
          ],
          [
            13.45491,
            41.24856
          ],
          [
            13.45507,
            41.24846
          ],
          [
            13.45508,
            41.24845
          ],
          [
            13.45509,
            41.24845
          ],
          [
            13.45515,
            41.24841
          ],
          [
            13.45528,
            41.24834
          ],
          [
            13.45549,
            41.24824
          ],
          [
            13.45551,
            41.24823
          ],
          [
            13.45564,
            41.24817
          ],
          [
            13.45568,
            41.24816
          ],
          [
            13.45571,
            41.24814
          ],
          [
            13.45579,
            41.24811
          ],
          [
            13.45587,
            41.24808
          ],
          [
            13.4559,
            41.24807
          ],
          [
            13.45598,
            41.24804
          ],
          [
            13.4561,
            41.248
          ],
          [
            13.45617,
            41.24798
          ],
          [
            13.45624,
            41.24795
          ],
          [
            13.45633,
            41.24792
          ],
          [
            13.45636,
            41.24792
          ],
          [
            13.45656,
            41.24785
          ],
          [
            13.45673,
            41.2478
          ],
          [
            13.45699,
            41.24772
          ],
          [
            13.457,
            41.24772
          ],
          [
            13.45704,
            41.24771
          ],
          [
            13.45722,
            41.24765
          ],
          [
            13.45732,
            41.24762
          ],
          [
            13.45745,
            41.24758
          ],
          [
            13.45748,
            41.24757
          ],
          [
            13.4576,
            41.24753
          ],
          [
            13.45766,
            41.2475
          ],
          [
            13.45771,
            41.24748
          ],
          [
            13.45785,
            41.24742
          ],
          [
            13.45786,
            41.24742
          ],
          [
            13.45803,
            41.24734
          ],
          [
            13.45816,
            41.24727
          ],
          [
            13.4583,
            41.2472
          ],
          [
            13.45846,
            41.2471
          ],
          [
            13.45861,
            41.247
          ],
          [
            13.45875,
            41.24689
          ],
          [
            13.4588,
            41.24685
          ],
          [
            13.45884,
            41.24682
          ],
          [
            13.45888,
            41.24679
          ],
          [
            13.459,
            41.24668
          ],
          [
            13.45917,
            41.24652
          ],
          [
            13.45923,
            41.24645
          ],
          [
            13.45929,
            41.24639
          ],
          [
            13.45938,
            41.24627
          ],
          [
            13.45945,
            41.24617
          ],
          [
            13.45956,
            41.24601
          ],
          [
            13.45969,
            41.24581
          ],
          [
            13.45979,
            41.24566
          ],
          [
            13.45984,
            41.24558
          ],
          [
            13.45988,
            41.24552
          ],
          [
            13.45992,
            41.24549
          ],
          [
            13.45993,
            41.24547
          ],
          [
            13.45997,
            41.24543
          ],
          [
            13.46002,
            41.24537
          ],
          [
            13.46015,
            41.24525
          ],
          [
            13.46022,
            41.24519
          ],
          [
            13.4603,
            41.24513
          ],
          [
            13.46037,
            41.24507
          ],
          [
            13.46078,
            41.24477
          ],
          [
            13.46083,
            41.24472
          ],
          [
            13.46088,
            41.24469
          ],
          [
            13.46094,
            41.24463
          ],
          [
            13.46097,
            41.2446
          ],
          [
            13.46102,
            41.24455
          ],
          [
            13.46105,
            41.24451
          ],
          [
            13.46109,
            41.24446
          ],
          [
            13.46114,
            41.24439
          ],
          [
            13.46118,
            41.24432
          ],
          [
            13.46122,
            41.24426
          ],
          [
            13.46129,
            41.24409
          ],
          [
            13.4613,
            41.24405
          ],
          [
            13.4613,
            41.24404
          ],
          [
            13.46131,
            41.24402
          ],
          [
            13.46131,
            41.24399
          ],
          [
            13.46132,
            41.24395
          ],
          [
            13.46132,
            41.2439
          ],
          [
            13.46132,
            41.24387
          ],
          [
            13.46132,
            41.24386
          ],
          [
            13.46133,
            41.24383
          ],
          [
            13.46133,
            41.24377
          ],
          [
            13.46132,
            41.24366
          ],
          [
            13.46131,
            41.24342
          ],
          [
            13.4613,
            41.24322
          ],
          [
            13.46129,
            41.24312
          ],
          [
            13.46129,
            41.24307
          ],
          [
            13.46127,
            41.24294
          ],
          [
            13.46126,
            41.24287
          ],
          [
            13.46125,
            41.24277
          ],
          [
            13.46125,
            41.24276
          ],
          [
            13.46124,
            41.24269
          ],
          [
            13.46124,
            41.24268
          ],
          [
            13.46123,
            41.2426
          ],
          [
            13.46123,
            41.24251
          ],
          [
            13.46123,
            41.24241
          ],
          [
            13.46124,
            41.24233
          ],
          [
            13.46124,
            41.2423
          ],
          [
            13.46125,
            41.24221
          ],
          [
            13.46126,
            41.24215
          ],
          [
            13.46126,
            41.24213
          ],
          [
            13.46128,
            41.24208
          ],
          [
            13.46128,
            41.24205
          ],
          [
            13.4613,
            41.24201
          ],
          [
            13.46131,
            41.24197
          ],
          [
            13.46131,
            41.24195
          ],
          [
            13.46133,
            41.2419
          ],
          [
            13.46135,
            41.24187
          ],
          [
            13.46136,
            41.24185
          ],
          [
            13.46138,
            41.24182
          ],
          [
            13.46138,
            41.2418
          ],
          [
            13.46139,
            41.24179
          ],
          [
            13.46143,
            41.24173
          ],
          [
            13.46144,
            41.24171
          ],
          [
            13.46146,
            41.24168
          ],
          [
            13.46149,
            41.24164
          ],
          [
            13.4615,
            41.24163
          ],
          [
            13.46152,
            41.2416
          ],
          [
            13.46156,
            41.24157
          ],
          [
            13.46159,
            41.24154
          ],
          [
            13.46163,
            41.2415
          ],
          [
            13.46164,
            41.2415
          ],
          [
            13.46173,
            41.24144
          ],
          [
            13.46174,
            41.24143
          ],
          [
            13.46182,
            41.24139
          ],
          [
            13.46194,
            41.24134
          ],
          [
            13.46213,
            41.24127
          ],
          [
            13.46216,
            41.24126
          ],
          [
            13.46238,
            41.2412
          ],
          [
            13.46293,
            41.24104
          ],
          [
            13.46327,
            41.24094
          ],
          [
            13.46356,
            41.24086
          ],
          [
            13.46362,
            41.24084
          ],
          [
            13.46378,
            41.2408
          ],
          [
            13.46393,
            41.24077
          ],
          [
            13.46397,
            41.24076
          ],
          [
            13.4641,
            41.24073
          ],
          [
            13.46423,
            41.24071
          ],
          [
            13.46436,
            41.24068
          ],
          [
            13.46442,
            41.24067
          ],
          [
            13.46449,
            41.24066
          ],
          [
            13.46456,
            41.24066
          ],
          [
            13.46465,
            41.24065
          ],
          [
            13.46472,
            41.24064
          ],
          [
            13.46477,
            41.24064
          ],
          [
            13.46483,
            41.24064
          ],
          [
            13.46495,
            41.24063
          ],
          [
            13.46502,
            41.24063
          ],
          [
            13.46511,
            41.24063
          ],
          [
            13.46521,
            41.24064
          ],
          [
            13.46529,
            41.24065
          ],
          [
            13.46536,
            41.24065
          ],
          [
            13.46546,
            41.24067
          ],
          [
            13.46554,
            41.24068
          ],
          [
            13.46563,
            41.24069
          ],
          [
            13.46585,
            41.24073
          ],
          [
            13.46598,
            41.24075
          ],
          [
            13.46615,
            41.24078
          ],
          [
            13.46644,
            41.24082
          ],
          [
            13.46659,
            41.24084
          ],
          [
            13.46674,
            41.24086
          ],
          [
            13.4669,
            41.24089
          ],
          [
            13.46708,
            41.24091
          ],
          [
            13.46713,
            41.24091
          ],
          [
            13.46716,
            41.24092
          ],
          [
            13.46726,
            41.24093
          ],
          [
            13.46737,
            41.24094
          ],
          [
            13.46738,
            41.24094
          ],
          [
            13.46745,
            41.24094
          ],
          [
            13.46779,
            41.24096
          ],
          [
            13.46784,
            41.24096
          ],
          [
            13.46912,
            41.24095
          ],
          [
            13.46989,
            41.24094
          ],
          [
            13.47037,
            41.24093
          ],
          [
            13.47065,
            41.24092
          ],
          [
            13.47066,
            41.24092
          ],
          [
            13.47073,
            41.24092
          ],
          [
            13.47084,
            41.24092
          ],
          [
            13.47108,
            41.24091
          ],
          [
            13.47173,
            41.2409
          ],
          [
            13.47182,
            41.24089
          ],
          [
            13.47204,
            41.24088
          ],
          [
            13.47228,
            41.24087
          ],
          [
            13.47252,
            41.24086
          ],
          [
            13.47276,
            41.24085
          ],
          [
            13.47371,
            41.24081
          ],
          [
            13.47395,
            41.2408
          ],
          [
            13.47434,
            41.24079
          ],
          [
            13.47467,
            41.24077
          ],
          [
            13.4749,
            41.24076
          ],
          [
            13.4751,
            41.24072
          ],
          [
            13.47518,
            41.2407
          ],
          [
            13.47524,
            41.24069
          ],
          [
            13.47532,
            41.24066
          ],
          [
            13.47536,
            41.24065
          ],
          [
            13.4754,
            41.24063
          ],
          [
            13.47549,
            41.24059
          ],
          [
            13.47557,
            41.24056
          ],
          [
            13.47566,
            41.24052
          ],
          [
            13.47577,
            41.24046
          ],
          [
            13.47588,
            41.24039
          ],
          [
            13.47599,
            41.24031
          ],
          [
            13.47607,
            41.24025
          ],
          [
            13.47616,
            41.24019
          ],
          [
            13.47625,
            41.24011
          ],
          [
            13.47629,
            41.24009
          ],
          [
            13.47643,
            41.24
          ],
          [
            13.47664,
            41.2399
          ],
          [
            13.47674,
            41.23987
          ],
          [
            13.4768,
            41.23985
          ],
          [
            13.4769,
            41.23983
          ],
          [
            13.47691,
            41.23983
          ],
          [
            13.47701,
            41.23981
          ],
          [
            13.47714,
            41.2398
          ],
          [
            13.47718,
            41.2398
          ],
          [
            13.47744,
            41.23977
          ],
          [
            13.47766,
            41.23975
          ],
          [
            13.4778,
            41.23974
          ],
          [
            13.47783,
            41.23974
          ],
          [
            13.47796,
            41.23971
          ],
          [
            13.47811,
            41.23967
          ],
          [
            13.47828,
            41.2396
          ],
          [
            13.47867,
            41.23939
          ],
          [
            13.47868,
            41.23939
          ],
          [
            13.47885,
            41.23928
          ],
          [
            13.47904,
            41.23916
          ],
          [
            13.47922,
            41.23905
          ],
          [
            13.47935,
            41.23897
          ],
          [
            13.47959,
            41.23882
          ],
          [
            13.47992,
            41.23863
          ],
          [
            13.48015,
            41.2385
          ],
          [
            13.48071,
            41.23826
          ],
          [
            13.48077,
            41.23823
          ],
          [
            13.48083,
            41.23821
          ],
          [
            13.48092,
            41.23818
          ],
          [
            13.48099,
            41.23816
          ],
          [
            13.48106,
            41.23814
          ],
          [
            13.48114,
            41.23811
          ],
          [
            13.48122,
            41.2381
          ],
          [
            13.48123,
            41.23809
          ],
          [
            13.48134,
            41.23807
          ],
          [
            13.48148,
            41.23804
          ],
          [
            13.48161,
            41.23803
          ],
          [
            13.48172,
            41.23801
          ],
          [
            13.48186,
            41.238
          ],
          [
            13.48204,
            41.23799
          ],
          [
            13.48215,
            41.23799
          ],
          [
            13.48226,
            41.238
          ],
          [
            13.48283,
            41.23804
          ],
          [
            13.48295,
            41.23805
          ],
          [
            13.4831,
            41.23807
          ],
          [
            13.48337,
            41.2381
          ],
          [
            13.4837,
            41.23813
          ],
          [
            13.48378,
            41.23814
          ],
          [
            13.48391,
            41.23814
          ],
          [
            13.48403,
            41.23815
          ],
          [
            13.48413,
            41.23815
          ],
          [
            13.48421,
            41.23815
          ],
          [
            13.48429,
            41.23816
          ],
          [
            13.48439,
            41.23816
          ],
          [
            13.48449,
            41.23816
          ],
          [
            13.48459,
            41.23815
          ],
          [
            13.48478,
            41.23814
          ],
          [
            13.48492,
            41.23813
          ],
          [
            13.48512,
            41.23812
          ],
          [
            13.48519,
            41.23811
          ],
          [
            13.48527,
            41.2381
          ],
          [
            13.48532,
            41.23809
          ],
          [
            13.48536,
            41.23809
          ],
          [
            13.48547,
            41.23807
          ],
          [
            13.48548,
            41.23807
          ],
          [
            13.48556,
            41.23806
          ],
          [
            13.48581,
            41.23802
          ],
          [
            13.48591,
            41.238
          ],
          [
            13.48604,
            41.23797
          ],
          [
            13.48614,
            41.23795
          ],
          [
            13.48627,
            41.23792
          ],
          [
            13.48648,
            41.23787
          ],
          [
            13.48665,
            41.23782
          ],
          [
            13.48671,
            41.2378
          ],
          [
            13.48686,
            41.23776
          ],
          [
            13.48693,
            41.23775
          ],
          [
            13.48709,
            41.2377
          ],
          [
            13.4871,
            41.2377
          ],
          [
            13.4874,
            41.23761
          ],
          [
            13.48756,
            41.23756
          ],
          [
            13.48766,
            41.23753
          ],
          [
            13.48781,
            41.23748
          ],
          [
            13.48797,
            41.23743
          ],
          [
            13.48806,
            41.23739
          ],
          [
            13.48814,
            41.23736
          ],
          [
            13.48832,
            41.23728
          ],
          [
            13.48844,
            41.23723
          ],
          [
            13.48857,
            41.23718
          ],
          [
            13.48871,
            41.23711
          ],
          [
            13.48877,
            41.23708
          ],
          [
            13.4888,
            41.23706
          ],
          [
            13.48911,
            41.23689
          ],
          [
            13.48919,
            41.23684
          ],
          [
            13.48933,
            41.23675
          ],
          [
            13.48938,
            41.23671
          ],
          [
            13.48945,
            41.23666
          ],
          [
            13.48949,
            41.23663
          ],
          [
            13.48951,
            41.23661
          ],
          [
            13.48958,
            41.23656
          ],
          [
            13.48965,
            41.2365
          ],
          [
            13.48975,
            41.23642
          ],
          [
            13.48991,
            41.23629
          ],
          [
            13.49002,
            41.23619
          ],
          [
            13.49014,
            41.2361
          ],
          [
            13.49032,
            41.23594
          ],
          [
            13.49039,
            41.23589
          ],
          [
            13.49071,
            41.23563
          ],
          [
            13.49105,
            41.23535
          ],
          [
            13.49122,
            41.2352
          ],
          [
            13.49141,
            41.23504
          ],
          [
            13.49177,
            41.23475
          ],
          [
            13.49214,
            41.23445
          ],
          [
            13.4924,
            41.23424
          ],
          [
            13.49247,
            41.23417
          ],
          [
            13.4925,
            41.23416
          ],
          [
            13.49255,
            41.23411
          ],
          [
            13.49288,
            41.23386
          ],
          [
            13.49296,
            41.2338
          ],
          [
            13.49328,
            41.23356
          ],
          [
            13.4938,
            41.2332
          ],
          [
            13.49406,
            41.23303
          ],
          [
            13.4943,
            41.23287
          ],
          [
            13.49432,
            41.23286
          ],
          [
            13.49459,
            41.23269
          ],
          [
            13.49477,
            41.23258
          ],
          [
            13.49519,
            41.23232
          ],
          [
            13.49541,
            41.23218
          ],
          [
            13.49546,
            41.23215
          ],
          [
            13.49562,
            41.23205
          ],
          [
            13.49597,
            41.23184
          ],
          [
            13.49641,
            41.23156
          ],
          [
            13.49643,
            41.23154
          ],
          [
            13.49662,
            41.23143
          ],
          [
            13.49677,
            41.23133
          ],
          [
            13.4968,
            41.23132
          ],
          [
            13.49706,
            41.23116
          ],
          [
            13.49729,
            41.23102
          ],
          [
            13.49755,
            41.23087
          ],
          [
            13.49758,
            41.23085
          ],
          [
            13.49774,
            41.23076
          ],
          [
            13.49793,
            41.23065
          ],
          [
            13.49812,
            41.23054
          ],
          [
            13.49823,
            41.23048
          ],
          [
            13.49852,
            41.23033
          ],
          [
            13.4988,
            41.23018
          ],
          [
            13.4993,
            41.22992
          ],
          [
            13.49937,
            41.22988
          ],
          [
            13.50088,
            41.22911
          ],
          [
            13.50117,
            41.22896
          ],
          [
            13.50147,
            41.2288
          ],
          [
            13.50167,
            41.2287
          ],
          [
            13.50175,
            41.22866
          ],
          [
            13.50196,
            41.22855
          ],
          [
            13.50215,
            41.22844
          ],
          [
            13.5023,
            41.22835
          ],
          [
            13.50254,
            41.22819
          ],
          [
            13.50285,
            41.22797
          ],
          [
            13.50289,
            41.22793
          ],
          [
            13.50302,
            41.22784
          ],
          [
            13.50326,
            41.22764
          ],
          [
            13.50346,
            41.22746
          ],
          [
            13.50364,
            41.22728
          ],
          [
            13.50368,
            41.22725
          ],
          [
            13.50375,
            41.22718
          ],
          [
            13.50427,
            41.22667
          ],
          [
            13.50458,
            41.22637
          ],
          [
            13.50474,
            41.22621
          ],
          [
            13.50508,
            41.22588
          ],
          [
            13.50525,
            41.22573
          ],
          [
            13.50529,
            41.2257
          ],
          [
            13.50532,
            41.22568
          ],
          [
            13.50537,
            41.22564
          ],
          [
            13.50543,
            41.22559
          ],
          [
            13.50549,
            41.22556
          ],
          [
            13.50555,
            41.22552
          ],
          [
            13.50559,
            41.2255
          ],
          [
            13.5056,
            41.22549
          ],
          [
            13.50563,
            41.22548
          ],
          [
            13.50571,
            41.22544
          ],
          [
            13.5058,
            41.22539
          ],
          [
            13.50585,
            41.22536
          ],
          [
            13.50591,
            41.22534
          ],
          [
            13.506,
            41.2253
          ],
          [
            13.50605,
            41.22528
          ],
          [
            13.50612,
            41.22524
          ],
          [
            13.50622,
            41.22521
          ],
          [
            13.50628,
            41.22519
          ],
          [
            13.50633,
            41.22518
          ],
          [
            13.50639,
            41.22516
          ],
          [
            13.50647,
            41.22514
          ],
          [
            13.50654,
            41.22513
          ],
          [
            13.50666,
            41.2251
          ],
          [
            13.50682,
            41.22507
          ],
          [
            13.50701,
            41.22505
          ],
          [
            13.50709,
            41.22504
          ],
          [
            13.50718,
            41.22504
          ],
          [
            13.50728,
            41.22503
          ],
          [
            13.50739,
            41.22503
          ],
          [
            13.50748,
            41.22503
          ],
          [
            13.50756,
            41.22503
          ],
          [
            13.50764,
            41.22503
          ],
          [
            13.50772,
            41.22504
          ],
          [
            13.50779,
            41.22504
          ],
          [
            13.50786,
            41.22505
          ],
          [
            13.5079,
            41.22505
          ],
          [
            13.50821,
            41.22509
          ],
          [
            13.50867,
            41.22515
          ],
          [
            13.50897,
            41.22518
          ],
          [
            13.50914,
            41.22521
          ],
          [
            13.50924,
            41.22522
          ],
          [
            13.50934,
            41.22524
          ],
          [
            13.50936,
            41.22524
          ],
          [
            13.50965,
            41.22529
          ],
          [
            13.50995,
            41.22536
          ],
          [
            13.51021,
            41.22543
          ],
          [
            13.51035,
            41.22546
          ],
          [
            13.51085,
            41.22558
          ],
          [
            13.51108,
            41.22564
          ],
          [
            13.5116,
            41.22577
          ],
          [
            13.51195,
            41.22586
          ],
          [
            13.51247,
            41.22598
          ],
          [
            13.51256,
            41.226
          ],
          [
            13.51284,
            41.22607
          ],
          [
            13.51292,
            41.22609
          ],
          [
            13.51315,
            41.22613
          ],
          [
            13.5132,
            41.22613
          ],
          [
            13.51337,
            41.22616
          ],
          [
            13.5134,
            41.22616
          ],
          [
            13.51344,
            41.22616
          ],
          [
            13.51355,
            41.22617
          ],
          [
            13.51363,
            41.22617
          ],
          [
            13.51371,
            41.22617
          ],
          [
            13.51377,
            41.22617
          ],
          [
            13.51384,
            41.22617
          ],
          [
            13.51391,
            41.22617
          ],
          [
            13.514,
            41.22616
          ],
          [
            13.51411,
            41.22616
          ],
          [
            13.51429,
            41.22614
          ],
          [
            13.51435,
            41.22614
          ],
          [
            13.51491,
            41.22609
          ],
          [
            13.51532,
            41.22605
          ],
          [
            13.51548,
            41.22603
          ],
          [
            13.51582,
            41.226
          ],
          [
            13.51677,
            41.22591
          ],
          [
            13.517,
            41.22588
          ],
          [
            13.51724,
            41.22586
          ],
          [
            13.51748,
            41.22584
          ],
          [
            13.51876,
            41.22571
          ],
          [
            13.51885,
            41.2257
          ],
          [
            13.51891,
            41.2257
          ],
          [
            13.51931,
            41.22566
          ],
          [
            13.51938,
            41.22566
          ],
          [
            13.51943,
            41.22565
          ],
          [
            13.51966,
            41.22563
          ],
          [
            13.5199,
            41.22561
          ],
          [
            13.52014,
            41.22558
          ],
          [
            13.52074,
            41.22552
          ],
          [
            13.521,
            41.2255
          ],
          [
            13.52115,
            41.22549
          ],
          [
            13.52122,
            41.22548
          ],
          [
            13.52136,
            41.22546
          ],
          [
            13.52147,
            41.22544
          ],
          [
            13.52159,
            41.22542
          ],
          [
            13.52165,
            41.2254
          ],
          [
            13.52171,
            41.22539
          ],
          [
            13.52182,
            41.22536
          ],
          [
            13.52192,
            41.22533
          ],
          [
            13.52193,
            41.22533
          ],
          [
            13.52199,
            41.22531
          ],
          [
            13.52206,
            41.22529
          ],
          [
            13.52212,
            41.22527
          ],
          [
            13.5222,
            41.22524
          ],
          [
            13.52228,
            41.22521
          ],
          [
            13.52231,
            41.2252
          ],
          [
            13.52239,
            41.22517
          ],
          [
            13.52251,
            41.22512
          ],
          [
            13.52258,
            41.22509
          ],
          [
            13.52268,
            41.22505
          ],
          [
            13.52272,
            41.22503
          ],
          [
            13.52274,
            41.22502
          ],
          [
            13.52277,
            41.225
          ],
          [
            13.5228,
            41.22499
          ],
          [
            13.52315,
            41.22482
          ],
          [
            13.52335,
            41.22473
          ],
          [
            13.52338,
            41.22472
          ],
          [
            13.52345,
            41.22468
          ],
          [
            13.52359,
            41.22461
          ],
          [
            13.52376,
            41.22454
          ],
          [
            13.5239,
            41.22447
          ],
          [
            13.52399,
            41.22443
          ],
          [
            13.52446,
            41.22421
          ],
          [
            13.52472,
            41.22408
          ],
          [
            13.52482,
            41.22403
          ],
          [
            13.52492,
            41.22398
          ],
          [
            13.52496,
            41.22396
          ],
          [
            13.525,
            41.22394
          ],
          [
            13.52508,
            41.22389
          ],
          [
            13.52515,
            41.22385
          ],
          [
            13.52518,
            41.22383
          ],
          [
            13.52519,
            41.22382
          ],
          [
            13.5252,
            41.22381
          ],
          [
            13.52529,
            41.22374
          ],
          [
            13.52536,
            41.22369
          ],
          [
            13.52549,
            41.22358
          ],
          [
            13.52556,
            41.22352
          ],
          [
            13.52567,
            41.22343
          ],
          [
            13.52583,
            41.22329
          ],
          [
            13.52623,
            41.22294
          ],
          [
            13.5263,
            41.22288
          ],
          [
            13.52643,
            41.22279
          ],
          [
            13.52646,
            41.22276
          ],
          [
            13.52647,
            41.22275
          ],
          [
            13.52659,
            41.22266
          ],
          [
            13.52662,
            41.22263
          ],
          [
            13.52678,
            41.22251
          ],
          [
            13.52686,
            41.22245
          ],
          [
            13.52694,
            41.22239
          ],
          [
            13.52708,
            41.22229
          ],
          [
            13.52722,
            41.2222
          ],
          [
            13.52727,
            41.22217
          ],
          [
            13.52728,
            41.22216
          ],
          [
            13.52733,
            41.22213
          ],
          [
            13.52734,
            41.22213
          ],
          [
            13.52738,
            41.2221
          ],
          [
            13.52745,
            41.22206
          ],
          [
            13.52754,
            41.22201
          ],
          [
            13.52761,
            41.22198
          ],
          [
            13.52769,
            41.22194
          ],
          [
            13.52775,
            41.22191
          ],
          [
            13.52784,
            41.22188
          ],
          [
            13.5279,
            41.22185
          ],
          [
            13.52792,
            41.22185
          ],
          [
            13.52794,
            41.22184
          ],
          [
            13.52803,
            41.22181
          ],
          [
            13.52815,
            41.22177
          ],
          [
            13.52834,
            41.22172
          ],
          [
            13.5284,
            41.2217
          ],
          [
            13.52856,
            41.22166
          ],
          [
            13.52859,
            41.22165
          ],
          [
            13.52862,
            41.22164
          ],
          [
            13.52871,
            41.22162
          ],
          [
            13.52878,
            41.2216
          ],
          [
            13.52885,
            41.22158
          ],
          [
            13.52901,
            41.22154
          ],
          [
            13.52918,
            41.22149
          ],
          [
            13.52923,
            41.22148
          ],
          [
            13.52936,
            41.22144
          ],
          [
            13.52946,
            41.22142
          ],
          [
            13.52955,
            41.22139
          ],
          [
            13.52968,
            41.22135
          ],
          [
            13.52969,
            41.22134
          ],
          [
            13.52974,
            41.22133
          ],
          [
            13.5298,
            41.22131
          ],
          [
            13.52989,
            41.22127
          ],
          [
            13.52996,
            41.22124
          ],
          [
            13.53002,
            41.22121
          ],
          [
            13.53005,
            41.2212
          ],
          [
            13.5301,
            41.22117
          ],
          [
            13.53016,
            41.22114
          ],
          [
            13.53023,
            41.22109
          ],
          [
            13.53029,
            41.22104
          ],
          [
            13.53033,
            41.22101
          ],
          [
            13.53043,
            41.22092
          ],
          [
            13.53053,
            41.22082
          ],
          [
            13.53058,
            41.22074
          ],
          [
            13.53067,
            41.22063
          ],
          [
            13.5307,
            41.22059
          ],
          [
            13.53074,
            41.22054
          ],
          [
            13.5308,
            41.22046
          ],
          [
            13.53081,
            41.22045
          ],
          [
            13.53082,
            41.22043
          ],
          [
            13.5309,
            41.22032
          ],
          [
            13.53092,
            41.2203
          ],
          [
            13.53096,
            41.22024
          ],
          [
            13.531,
            41.22019
          ],
          [
            13.53104,
            41.22014
          ],
          [
            13.53108,
            41.22009
          ],
          [
            13.53112,
            41.22005
          ],
          [
            13.53117,
            41.22
          ],
          [
            13.53128,
            41.21989
          ],
          [
            13.53135,
            41.21982
          ],
          [
            13.53144,
            41.21975
          ],
          [
            13.53149,
            41.2197
          ],
          [
            13.5315,
            41.2197
          ],
          [
            13.53154,
            41.21967
          ],
          [
            13.53162,
            41.21961
          ],
          [
            13.53167,
            41.21957
          ],
          [
            13.5317,
            41.21956
          ],
          [
            13.53183,
            41.21948
          ],
          [
            13.53184,
            41.21947
          ],
          [
            13.53185,
            41.21946
          ],
          [
            13.53186,
            41.21946
          ],
          [
            13.53198,
            41.21939
          ],
          [
            13.53202,
            41.21937
          ],
          [
            13.53205,
            41.21935
          ],
          [
            13.53213,
            41.21931
          ],
          [
            13.53221,
            41.21927
          ],
          [
            13.53229,
            41.21923
          ],
          [
            13.53243,
            41.21918
          ],
          [
            13.53258,
            41.21912
          ],
          [
            13.53266,
            41.21909
          ],
          [
            13.53267,
            41.21909
          ],
          [
            13.53278,
            41.21905
          ],
          [
            13.53299,
            41.21899
          ],
          [
            13.5334,
            41.21886
          ],
          [
            13.53352,
            41.21882
          ],
          [
            13.53353,
            41.21882
          ],
          [
            13.53355,
            41.21881
          ],
          [
            13.53372,
            41.21876
          ],
          [
            13.53376,
            41.21875
          ],
          [
            13.53378,
            41.21875
          ],
          [
            13.53382,
            41.21874
          ],
          [
            13.53412,
            41.21865
          ],
          [
            13.53434,
            41.21859
          ],
          [
            13.53445,
            41.21856
          ],
          [
            13.53467,
            41.21851
          ],
          [
            13.53468,
            41.21851
          ],
          [
            13.53472,
            41.2185
          ],
          [
            13.53491,
            41.21845
          ],
          [
            13.53494,
            41.21845
          ],
          [
            13.53513,
            41.21841
          ],
          [
            13.5356,
            41.21832
          ],
          [
            13.53573,
            41.21829
          ],
          [
            13.53611,
            41.21821
          ],
          [
            13.53619,
            41.2182
          ],
          [
            13.53629,
            41.21818
          ],
          [
            13.53665,
            41.21811
          ],
          [
            13.53696,
            41.21806
          ],
          [
            13.53713,
            41.21804
          ],
          [
            13.53727,
            41.21804
          ],
          [
            13.53736,
            41.21804
          ],
          [
            13.53755,
            41.21803
          ],
          [
            13.53759,
            41.21804
          ],
          [
            13.5376,
            41.21804
          ],
          [
            13.53783,
            41.21805
          ],
          [
            13.53802,
            41.21806
          ],
          [
            13.5382,
            41.21809
          ],
          [
            13.53829,
            41.21811
          ],
          [
            13.53836,
            41.21812
          ],
          [
            13.53845,
            41.21814
          ],
          [
            13.53854,
            41.21816
          ],
          [
            13.53869,
            41.21819
          ],
          [
            13.53884,
            41.21822
          ],
          [
            13.53897,
            41.21826
          ],
          [
            13.53909,
            41.21828
          ],
          [
            13.53923,
            41.21832
          ],
          [
            13.5394,
            41.21836
          ],
          [
            13.5395,
            41.21838
          ],
          [
            13.53966,
            41.21842
          ],
          [
            13.53968,
            41.21842
          ],
          [
            13.53975,
            41.21843
          ],
          [
            13.53985,
            41.21845
          ],
          [
            13.53992,
            41.21846
          ],
          [
            13.53998,
            41.21847
          ],
          [
            13.54001,
            41.21848
          ],
          [
            13.54007,
            41.21848
          ],
          [
            13.54013,
            41.21849
          ],
          [
            13.5402,
            41.21849
          ],
          [
            13.54026,
            41.2185
          ],
          [
            13.54036,
            41.2185
          ],
          [
            13.54047,
            41.2185
          ],
          [
            13.54058,
            41.21849
          ],
          [
            13.5407,
            41.21848
          ],
          [
            13.54078,
            41.21846
          ],
          [
            13.5409,
            41.21844
          ],
          [
            13.54091,
            41.21844
          ],
          [
            13.54097,
            41.21843
          ],
          [
            13.54098,
            41.21843
          ],
          [
            13.54107,
            41.2184
          ],
          [
            13.54108,
            41.2184
          ],
          [
            13.54108,
            41.21839
          ],
          [
            13.54113,
            41.21838
          ],
          [
            13.54119,
            41.21836
          ],
          [
            13.54129,
            41.21832
          ],
          [
            13.54143,
            41.21825
          ],
          [
            13.5415,
            41.21822
          ],
          [
            13.54151,
            41.21821
          ],
          [
            13.54158,
            41.21817
          ],
          [
            13.54163,
            41.21814
          ],
          [
            13.54167,
            41.21811
          ],
          [
            13.54168,
            41.2181
          ],
          [
            13.54171,
            41.21808
          ],
          [
            13.54177,
            41.21803
          ],
          [
            13.54184,
            41.21797
          ],
          [
            13.54188,
            41.21793
          ],
          [
            13.54197,
            41.21782
          ],
          [
            13.54207,
            41.21768
          ],
          [
            13.5421,
            41.21764
          ],
          [
            13.54214,
            41.21758
          ],
          [
            13.54216,
            41.21755
          ],
          [
            13.54218,
            41.21751
          ],
          [
            13.54218,
            41.2175
          ],
          [
            13.54222,
            41.21742
          ],
          [
            13.54232,
            41.21721
          ],
          [
            13.54236,
            41.2171
          ],
          [
            13.54241,
            41.21699
          ],
          [
            13.54241,
            41.21698
          ],
          [
            13.54246,
            41.21686
          ],
          [
            13.54248,
            41.21681
          ],
          [
            13.54249,
            41.21679
          ],
          [
            13.54254,
            41.21668
          ],
          [
            13.54256,
            41.21663
          ],
          [
            13.54257,
            41.21662
          ],
          [
            13.54259,
            41.21659
          ],
          [
            13.54261,
            41.21654
          ],
          [
            13.54265,
            41.21648
          ],
          [
            13.54268,
            41.21642
          ],
          [
            13.54271,
            41.21637
          ],
          [
            13.54274,
            41.21632
          ],
          [
            13.54277,
            41.21627
          ],
          [
            13.54281,
            41.21623
          ],
          [
            13.54285,
            41.21617
          ],
          [
            13.5429,
            41.2161
          ],
          [
            13.54298,
            41.216
          ],
          [
            13.54306,
            41.21589
          ],
          [
            13.54321,
            41.2157
          ],
          [
            13.54331,
            41.21556
          ],
          [
            13.54334,
            41.21553
          ],
          [
            13.54339,
            41.21545
          ],
          [
            13.54345,
            41.21538
          ],
          [
            13.54347,
            41.21535
          ],
          [
            13.54359,
            41.21519
          ],
          [
            13.54371,
            41.21504
          ],
          [
            13.5438,
            41.21493
          ],
          [
            13.54381,
            41.21492
          ],
          [
            13.54383,
            41.21489
          ],
          [
            13.54393,
            41.21476
          ],
          [
            13.54396,
            41.21473
          ],
          [
            13.54405,
            41.21461
          ],
          [
            13.54408,
            41.21458
          ],
          [
            13.54416,
            41.21446
          ],
          [
            13.5442,
            41.21442
          ],
          [
            13.54429,
            41.21429
          ],
          [
            13.54431,
            41.21426
          ],
          [
            13.54441,
            41.21414
          ],
          [
            13.54443,
            41.21411
          ],
          [
            13.54445,
            41.21409
          ],
          [
            13.54454,
            41.21395
          ],
          [
            13.54463,
            41.21382
          ],
          [
            13.54465,
            41.21379
          ],
          [
            13.54468,
            41.21375
          ],
          [
            13.54474,
            41.21362
          ],
          [
            13.54476,
            41.21358
          ],
          [
            13.5448,
            41.21348
          ],
          [
            13.54482,
            41.21342
          ],
          [
            13.54487,
            41.21328
          ],
          [
            13.54491,
            41.21307
          ],
          [
            13.54492,
            41.21303
          ],
          [
            13.54494,
            41.21288
          ],
          [
            13.54495,
            41.21286
          ],
          [
            13.545,
            41.21249
          ],
          [
            13.54501,
            41.21237
          ],
          [
            13.54508,
            41.21195
          ],
          [
            13.54508,
            41.21194
          ],
          [
            13.54515,
            41.21164
          ],
          [
            13.54517,
            41.2116
          ],
          [
            13.54518,
            41.21155
          ],
          [
            13.54523,
            41.21142
          ],
          [
            13.54524,
            41.21142
          ],
          [
            13.5453,
            41.21129
          ],
          [
            13.54532,
            41.21126
          ],
          [
            13.54534,
            41.21124
          ],
          [
            13.54537,
            41.21118
          ],
          [
            13.54543,
            41.2111
          ],
          [
            13.54549,
            41.21102
          ],
          [
            13.54565,
            41.21088
          ],
          [
            13.54583,
            41.21071
          ],
          [
            13.54589,
            41.21066
          ],
          [
            13.54596,
            41.21062
          ],
          [
            13.54597,
            41.21061
          ],
          [
            13.54602,
            41.21058
          ],
          [
            13.54606,
            41.21055
          ],
          [
            13.54607,
            41.21054
          ],
          [
            13.54615,
            41.21049
          ],
          [
            13.54617,
            41.21048
          ],
          [
            13.54646,
            41.21034
          ],
          [
            13.54666,
            41.21026
          ],
          [
            13.54677,
            41.21022
          ],
          [
            13.54679,
            41.21021
          ],
          [
            13.54692,
            41.21017
          ],
          [
            13.54698,
            41.21015
          ],
          [
            13.54704,
            41.21012
          ],
          [
            13.54733,
            41.21004
          ],
          [
            13.54756,
            41.20998
          ],
          [
            13.54761,
            41.20997
          ],
          [
            13.54776,
            41.20995
          ],
          [
            13.54787,
            41.20993
          ],
          [
            13.54801,
            41.20991
          ],
          [
            13.54808,
            41.20991
          ],
          [
            13.54814,
            41.2099
          ],
          [
            13.54815,
            41.2099
          ],
          [
            13.54821,
            41.2099
          ],
          [
            13.54838,
            41.20989
          ],
          [
            13.54854,
            41.20989
          ],
          [
            13.54867,
            41.20989
          ],
          [
            13.54888,
            41.2099
          ],
          [
            13.54904,
            41.20992
          ],
          [
            13.54928,
            41.20995
          ],
          [
            13.54933,
            41.20996
          ],
          [
            13.54962,
            41.21002
          ],
          [
            13.54979,
            41.21007
          ],
          [
            13.54982,
            41.21008
          ],
          [
            13.54992,
            41.21011
          ],
          [
            13.54999,
            41.21013
          ],
          [
            13.55037,
            41.21028
          ],
          [
            13.55038,
            41.21029
          ],
          [
            13.55043,
            41.21031
          ],
          [
            13.55058,
            41.21037
          ],
          [
            13.551,
            41.21055
          ],
          [
            13.55119,
            41.21063
          ],
          [
            13.55139,
            41.21072
          ],
          [
            13.55167,
            41.21081
          ],
          [
            13.55195,
            41.21089
          ],
          [
            13.55233,
            41.21099
          ],
          [
            13.55283,
            41.21113
          ],
          [
            13.55296,
            41.21116
          ],
          [
            13.55329,
            41.21127
          ],
          [
            13.55333,
            41.21128
          ],
          [
            13.5535,
            41.21134
          ],
          [
            13.55361,
            41.21138
          ],
          [
            13.55405,
            41.21156
          ],
          [
            13.55412,
            41.2116
          ],
          [
            13.55444,
            41.21177
          ],
          [
            13.55477,
            41.21196
          ],
          [
            13.55482,
            41.21199
          ],
          [
            13.55496,
            41.21208
          ],
          [
            13.55513,
            41.2122
          ],
          [
            13.55537,
            41.21238
          ],
          [
            13.55574,
            41.21269
          ],
          [
            13.55618,
            41.21307
          ],
          [
            13.55629,
            41.21317
          ],
          [
            13.55641,
            41.21319
          ],
          [
            13.55649,
            41.21321
          ],
          [
            13.55657,
            41.21322
          ],
          [
            13.55662,
            41.21324
          ],
          [
            13.55664,
            41.21324
          ],
          [
            13.55669,
            41.21327
          ],
          [
            13.55673,
            41.21329
          ],
          [
            13.5568,
            41.21334
          ],
          [
            13.55692,
            41.21345
          ],
          [
            13.55721,
            41.21369
          ],
          [
            13.55739,
            41.21382
          ],
          [
            13.55745,
            41.21386
          ],
          [
            13.5575,
            41.21389
          ],
          [
            13.55768,
            41.21404
          ],
          [
            13.55777,
            41.2141
          ],
          [
            13.55784,
            41.21416
          ],
          [
            13.55798,
            41.21423
          ],
          [
            13.55815,
            41.21431
          ],
          [
            13.55817,
            41.21432
          ],
          [
            13.55831,
            41.21439
          ],
          [
            13.55851,
            41.21451
          ],
          [
            13.55867,
            41.21459
          ],
          [
            13.55876,
            41.21463
          ],
          [
            13.55882,
            41.21466
          ],
          [
            13.55887,
            41.21468
          ],
          [
            13.5589,
            41.2147
          ],
          [
            13.55901,
            41.21473
          ],
          [
            13.55914,
            41.21479
          ],
          [
            13.55919,
            41.21482
          ],
          [
            13.55924,
            41.21484
          ],
          [
            13.55925,
            41.21485
          ],
          [
            13.55929,
            41.21487
          ],
          [
            13.55932,
            41.2149
          ],
          [
            13.55938,
            41.21496
          ],
          [
            13.55941,
            41.215
          ],
          [
            13.55975,
            41.21536
          ],
          [
            13.55989,
            41.21551
          ],
          [
            13.55995,
            41.21557
          ],
          [
            13.56018,
            41.2158
          ],
          [
            13.5602,
            41.21582
          ],
          [
            13.56027,
            41.21588
          ],
          [
            13.56032,
            41.21594
          ],
          [
            13.56036,
            41.216
          ],
          [
            13.56039,
            41.21602
          ],
          [
            13.56045,
            41.21607
          ],
          [
            13.56053,
            41.21607
          ],
          [
            13.56062,
            41.21607
          ],
          [
            13.56066,
            41.21607
          ],
          [
            13.56069,
            41.21607
          ],
          [
            13.56073,
            41.21607
          ],
          [
            13.56083,
            41.21605
          ],
          [
            13.56107,
            41.216
          ],
          [
            13.56117,
            41.21594
          ],
          [
            13.56123,
            41.21591
          ],
          [
            13.56133,
            41.21586
          ],
          [
            13.56142,
            41.21582
          ],
          [
            13.56167,
            41.2157
          ],
          [
            13.56187,
            41.21562
          ],
          [
            13.562,
            41.21558
          ],
          [
            13.56207,
            41.21555
          ],
          [
            13.56225,
            41.21549
          ],
          [
            13.56224,
            41.21547
          ],
          [
            13.56224,
            41.21546
          ],
          [
            13.56224,
            41.21545
          ],
          [
            13.56224,
            41.21544
          ],
          [
            13.56225,
            41.21544
          ],
          [
            13.56226,
            41.21543
          ],
          [
            13.56227,
            41.21542
          ],
          [
            13.56229,
            41.21541
          ],
          [
            13.5623,
            41.21541
          ],
          [
            13.56232,
            41.21541
          ],
          [
            13.56234,
            41.21542
          ],
          [
            13.56235,
            41.21543
          ],
          [
            13.56239,
            41.21543
          ],
          [
            13.56245,
            41.21542
          ],
          [
            13.56251,
            41.2154
          ],
          [
            13.56254,
            41.2154
          ],
          [
            13.56256,
            41.21539
          ],
          [
            13.56259,
            41.21538
          ],
          [
            13.56264,
            41.21536
          ],
          [
            13.56268,
            41.21533
          ],
          [
            13.56272,
            41.2153
          ],
          [
            13.56273,
            41.21529
          ],
          [
            13.56289,
            41.21514
          ],
          [
            13.56303,
            41.21501
          ],
          [
            13.56313,
            41.21491
          ],
          [
            13.56321,
            41.21484
          ],
          [
            13.56343,
            41.21463
          ],
          [
            13.56344,
            41.21462
          ],
          [
            13.56353,
            41.21454
          ],
          [
            13.56364,
            41.21443
          ],
          [
            13.56369,
            41.21439
          ],
          [
            13.56378,
            41.2143
          ],
          [
            13.56396,
            41.21413
          ],
          [
            13.56411,
            41.21399
          ],
          [
            13.56423,
            41.21388
          ],
          [
            13.56426,
            41.21384
          ],
          [
            13.56452,
            41.2136
          ],
          [
            13.56492,
            41.21326
          ],
          [
            13.56538,
            41.21299
          ],
          [
            13.5654,
            41.21298
          ],
          [
            13.56597,
            41.21266
          ],
          [
            13.56602,
            41.21264
          ],
          [
            13.56618,
            41.21255
          ],
          [
            13.56721,
            41.21188
          ],
          [
            13.5676,
            41.21163
          ],
          [
            13.56782,
            41.21151
          ],
          [
            13.56797,
            41.21143
          ],
          [
            13.56837,
            41.2113
          ],
          [
            13.56841,
            41.21145
          ],
          [
            13.56841,
            41.21147
          ],
          [
            13.56846,
            41.21159
          ],
          [
            13.56851,
            41.21173
          ],
          [
            13.56854,
            41.21179
          ],
          [
            13.56855,
            41.21182
          ],
          [
            13.56857,
            41.21185
          ],
          [
            13.56863,
            41.21192
          ],
          [
            13.56867,
            41.21196
          ],
          [
            13.56868,
            41.21197
          ],
          [
            13.56871,
            41.212
          ],
          [
            13.56877,
            41.21203
          ],
          [
            13.56896,
            41.21212
          ],
          [
            13.56917,
            41.21223
          ],
          [
            13.56931,
            41.21232
          ],
          [
            13.56935,
            41.21234
          ],
          [
            13.56951,
            41.21245
          ],
          [
            13.56953,
            41.21245
          ],
          [
            13.56966,
            41.21255
          ],
          [
            13.57036,
            41.212
          ],
          [
            13.57024,
            41.21192
          ],
          [
            13.57017,
            41.21188
          ],
          [
            13.57013,
            41.21184
          ],
          [
            13.5701,
            41.21179
          ],
          [
            13.57007,
            41.21175
          ],
          [
            13.57006,
            41.2117
          ],
          [
            13.57007,
            41.21161
          ],
          [
            13.57014,
            41.21145
          ],
          [
            13.57027,
            41.2111
          ],
          [
            13.57042,
            41.21068
          ],
          [
            13.57043,
            41.21064
          ],
          [
            13.57007,
            41.21076
          ],
          [
            13.56972,
            41.21087
          ],
          [
            13.56903,
            41.21109
          ],
          [
            13.56837,
            41.2113
          ],
          [
            13.56797,
            41.21143
          ],
          [
            13.56782,
            41.21151
          ],
          [
            13.5676,
            41.21163
          ],
          [
            13.56721,
            41.21188
          ],
          [
            13.56618,
            41.21255
          ],
          [
            13.56602,
            41.21264
          ],
          [
            13.56597,
            41.21266
          ],
          [
            13.5654,
            41.21298
          ],
          [
            13.56538,
            41.21299
          ],
          [
            13.56492,
            41.21326
          ],
          [
            13.56452,
            41.2136
          ],
          [
            13.56426,
            41.21384
          ],
          [
            13.56423,
            41.21388
          ],
          [
            13.56411,
            41.21399
          ],
          [
            13.56396,
            41.21413
          ],
          [
            13.56378,
            41.2143
          ],
          [
            13.56369,
            41.21439
          ],
          [
            13.56364,
            41.21443
          ],
          [
            13.56353,
            41.21454
          ],
          [
            13.56344,
            41.21462
          ],
          [
            13.56343,
            41.21463
          ],
          [
            13.56321,
            41.21484
          ],
          [
            13.56313,
            41.21491
          ],
          [
            13.56303,
            41.21501
          ],
          [
            13.56289,
            41.21514
          ],
          [
            13.56273,
            41.21529
          ],
          [
            13.56272,
            41.2153
          ],
          [
            13.56268,
            41.21533
          ],
          [
            13.56264,
            41.21536
          ],
          [
            13.56259,
            41.21538
          ],
          [
            13.56256,
            41.21539
          ],
          [
            13.56254,
            41.2154
          ],
          [
            13.56251,
            41.2154
          ],
          [
            13.56245,
            41.21542
          ],
          [
            13.56239,
            41.21543
          ],
          [
            13.56235,
            41.21543
          ],
          [
            13.56236,
            41.21544
          ],
          [
            13.56237,
            41.21545
          ],
          [
            13.56237,
            41.21546
          ],
          [
            13.56237,
            41.21547
          ],
          [
            13.56236,
            41.21549
          ],
          [
            13.56234,
            41.2155
          ],
          [
            13.56232,
            41.21551
          ],
          [
            13.5623,
            41.21551
          ],
          [
            13.56228,
            41.21551
          ],
          [
            13.56227,
            41.2155
          ],
          [
            13.56226,
            41.2155
          ],
          [
            13.56225,
            41.21549
          ],
          [
            13.56207,
            41.21555
          ],
          [
            13.562,
            41.21558
          ],
          [
            13.56187,
            41.21562
          ],
          [
            13.56167,
            41.2157
          ],
          [
            13.56142,
            41.21582
          ],
          [
            13.56133,
            41.21586
          ],
          [
            13.56123,
            41.21591
          ],
          [
            13.56117,
            41.21594
          ],
          [
            13.56107,
            41.216
          ],
          [
            13.56101,
            41.21603
          ],
          [
            13.5609,
            41.21609
          ],
          [
            13.5608,
            41.21614
          ],
          [
            13.56069,
            41.2162
          ],
          [
            13.56058,
            41.21626
          ],
          [
            13.56054,
            41.21628
          ],
          [
            13.56052,
            41.21629
          ],
          [
            13.56048,
            41.21631
          ],
          [
            13.56044,
            41.21634
          ],
          [
            13.56036,
            41.2164
          ],
          [
            13.56035,
            41.2164
          ],
          [
            13.56023,
            41.21649
          ],
          [
            13.55992,
            41.21672
          ],
          [
            13.55989,
            41.21674
          ],
          [
            13.55981,
            41.2168
          ],
          [
            13.55963,
            41.21693
          ],
          [
            13.55956,
            41.21698
          ],
          [
            13.55947,
            41.21705
          ],
          [
            13.55941,
            41.21709
          ],
          [
            13.55933,
            41.21713
          ],
          [
            13.55925,
            41.21716
          ],
          [
            13.55914,
            41.21709
          ],
          [
            13.55911,
            41.21707
          ],
          [
            13.5591,
            41.21705
          ],
          [
            13.55908,
            41.21703
          ],
          [
            13.55907,
            41.21701
          ],
          [
            13.55906,
            41.21698
          ],
          [
            13.55906,
            41.21697
          ],
          [
            13.55906,
            41.21695
          ],
          [
            13.55906,
            41.21693
          ],
          [
            13.55906,
            41.21692
          ],
          [
            13.55907,
            41.21691
          ],
          [
            13.55908,
            41.21689
          ],
          [
            13.55909,
            41.21688
          ],
          [
            13.55913,
            41.21684
          ],
          [
            13.5592,
            41.21679
          ],
          [
            13.55928,
            41.21674
          ],
          [
            13.55932,
            41.2167
          ],
          [
            13.55935,
            41.21667
          ],
          [
            13.55937,
            41.21665
          ],
          [
            13.55938,
            41.21661
          ],
          [
            13.55939,
            41.21657
          ],
          [
            13.55938,
            41.21651
          ],
          [
            13.55938,
            41.21642
          ],
          [
            13.55937,
            41.21633
          ],
          [
            13.5593,
            41.21624
          ],
          [
            13.55904,
            41.21594
          ],
          [
            13.55896,
            41.21584
          ],
          [
            13.5588,
            41.21565
          ],
          [
            13.55875,
            41.21559
          ],
          [
            13.55859,
            41.21541
          ],
          [
            13.55847,
            41.21525
          ],
          [
            13.55835,
            41.21512
          ],
          [
            13.55831,
            41.21506
          ],
          [
            13.5583,
            41.21506
          ],
          [
            13.55823,
            41.21498
          ],
          [
            13.55816,
            41.21491
          ],
          [
            13.55805,
            41.21479
          ],
          [
            13.55801,
            41.21475
          ],
          [
            13.55796,
            41.21471
          ],
          [
            13.55779,
            41.21454
          ],
          [
            13.55695,
            41.21376
          ],
          [
            13.55653,
            41.21338
          ],
          [
            13.55634,
            41.21321
          ],
          [
            13.5563,
            41.21318
          ],
          [
            13.55629,
            41.21317
          ],
          [
            13.55618,
            41.21307
          ],
          [
            13.55574,
            41.21269
          ],
          [
            13.55537,
            41.21238
          ],
          [
            13.55513,
            41.2122
          ],
          [
            13.55496,
            41.21208
          ],
          [
            13.55482,
            41.21199
          ],
          [
            13.55477,
            41.21196
          ],
          [
            13.55444,
            41.21177
          ],
          [
            13.55412,
            41.2116
          ],
          [
            13.55405,
            41.21156
          ],
          [
            13.55361,
            41.21138
          ],
          [
            13.5535,
            41.21134
          ],
          [
            13.55333,
            41.21128
          ],
          [
            13.55329,
            41.21127
          ],
          [
            13.55296,
            41.21116
          ],
          [
            13.55283,
            41.21113
          ],
          [
            13.55233,
            41.21099
          ],
          [
            13.55195,
            41.21089
          ],
          [
            13.55167,
            41.21081
          ],
          [
            13.55139,
            41.21072
          ],
          [
            13.55119,
            41.21063
          ],
          [
            13.551,
            41.21055
          ],
          [
            13.55058,
            41.21037
          ],
          [
            13.55043,
            41.21031
          ],
          [
            13.55038,
            41.21029
          ],
          [
            13.55037,
            41.21028
          ],
          [
            13.54999,
            41.21013
          ],
          [
            13.54992,
            41.21011
          ],
          [
            13.54982,
            41.21008
          ],
          [
            13.54979,
            41.21007
          ],
          [
            13.54962,
            41.21002
          ],
          [
            13.54933,
            41.20996
          ],
          [
            13.54928,
            41.20995
          ],
          [
            13.54904,
            41.20992
          ],
          [
            13.54888,
            41.2099
          ],
          [
            13.54867,
            41.20989
          ],
          [
            13.54854,
            41.20989
          ],
          [
            13.54838,
            41.20989
          ],
          [
            13.54821,
            41.2099
          ],
          [
            13.54815,
            41.2099
          ],
          [
            13.54814,
            41.2099
          ],
          [
            13.54808,
            41.20991
          ],
          [
            13.54801,
            41.20991
          ],
          [
            13.54787,
            41.20993
          ],
          [
            13.54776,
            41.20995
          ],
          [
            13.54761,
            41.20997
          ],
          [
            13.54756,
            41.20998
          ],
          [
            13.54733,
            41.21004
          ],
          [
            13.54704,
            41.21012
          ],
          [
            13.54698,
            41.21015
          ],
          [
            13.54692,
            41.21017
          ],
          [
            13.54679,
            41.21021
          ],
          [
            13.54677,
            41.21022
          ],
          [
            13.54666,
            41.21026
          ],
          [
            13.54646,
            41.21034
          ],
          [
            13.54617,
            41.21048
          ],
          [
            13.54615,
            41.21049
          ],
          [
            13.54607,
            41.21054
          ],
          [
            13.54606,
            41.21055
          ],
          [
            13.54602,
            41.21058
          ],
          [
            13.54597,
            41.21061
          ],
          [
            13.54596,
            41.21062
          ],
          [
            13.54589,
            41.21066
          ],
          [
            13.54583,
            41.21071
          ],
          [
            13.54565,
            41.21088
          ],
          [
            13.54549,
            41.21102
          ],
          [
            13.54543,
            41.2111
          ],
          [
            13.54537,
            41.21118
          ],
          [
            13.54534,
            41.21124
          ],
          [
            13.54532,
            41.21126
          ],
          [
            13.5453,
            41.21129
          ],
          [
            13.54524,
            41.21142
          ],
          [
            13.54523,
            41.21142
          ],
          [
            13.54518,
            41.21155
          ],
          [
            13.54517,
            41.2116
          ],
          [
            13.54515,
            41.21164
          ],
          [
            13.54508,
            41.21194
          ],
          [
            13.54508,
            41.21195
          ],
          [
            13.54501,
            41.21237
          ],
          [
            13.545,
            41.21249
          ],
          [
            13.54495,
            41.21286
          ],
          [
            13.54494,
            41.21288
          ],
          [
            13.54492,
            41.21303
          ],
          [
            13.54491,
            41.21307
          ],
          [
            13.54487,
            41.21328
          ],
          [
            13.54482,
            41.21342
          ],
          [
            13.5448,
            41.21348
          ],
          [
            13.54476,
            41.21358
          ],
          [
            13.54474,
            41.21362
          ],
          [
            13.54468,
            41.21375
          ],
          [
            13.54465,
            41.21379
          ],
          [
            13.54463,
            41.21382
          ],
          [
            13.54454,
            41.21395
          ],
          [
            13.54445,
            41.21409
          ],
          [
            13.54443,
            41.21411
          ],
          [
            13.54441,
            41.21414
          ],
          [
            13.54431,
            41.21426
          ],
          [
            13.54429,
            41.21429
          ],
          [
            13.5442,
            41.21442
          ],
          [
            13.54416,
            41.21446
          ],
          [
            13.54408,
            41.21458
          ],
          [
            13.54405,
            41.21461
          ],
          [
            13.54396,
            41.21473
          ],
          [
            13.54393,
            41.21476
          ],
          [
            13.54383,
            41.21489
          ],
          [
            13.54381,
            41.21492
          ],
          [
            13.5438,
            41.21493
          ],
          [
            13.54371,
            41.21504
          ],
          [
            13.54359,
            41.21519
          ],
          [
            13.54347,
            41.21535
          ],
          [
            13.54345,
            41.21538
          ],
          [
            13.54339,
            41.21545
          ],
          [
            13.54334,
            41.21553
          ],
          [
            13.54331,
            41.21556
          ],
          [
            13.54321,
            41.2157
          ],
          [
            13.54306,
            41.21589
          ],
          [
            13.54298,
            41.216
          ],
          [
            13.5429,
            41.2161
          ],
          [
            13.54285,
            41.21617
          ],
          [
            13.54281,
            41.21623
          ],
          [
            13.54277,
            41.21627
          ],
          [
            13.54274,
            41.21632
          ],
          [
            13.54271,
            41.21637
          ],
          [
            13.54268,
            41.21642
          ],
          [
            13.54265,
            41.21648
          ],
          [
            13.54261,
            41.21654
          ],
          [
            13.54259,
            41.21659
          ],
          [
            13.54257,
            41.21662
          ],
          [
            13.54256,
            41.21663
          ],
          [
            13.54254,
            41.21668
          ],
          [
            13.54249,
            41.21679
          ],
          [
            13.54248,
            41.21681
          ],
          [
            13.54246,
            41.21686
          ],
          [
            13.54241,
            41.21698
          ],
          [
            13.54241,
            41.21699
          ],
          [
            13.54236,
            41.2171
          ],
          [
            13.54232,
            41.21721
          ],
          [
            13.54222,
            41.21742
          ],
          [
            13.54218,
            41.2175
          ],
          [
            13.54218,
            41.21751
          ],
          [
            13.54216,
            41.21755
          ],
          [
            13.54214,
            41.21758
          ],
          [
            13.5421,
            41.21764
          ],
          [
            13.54207,
            41.21768
          ],
          [
            13.54197,
            41.21782
          ],
          [
            13.54188,
            41.21793
          ],
          [
            13.54184,
            41.21797
          ],
          [
            13.54177,
            41.21803
          ],
          [
            13.54171,
            41.21808
          ],
          [
            13.54168,
            41.2181
          ],
          [
            13.54167,
            41.21811
          ],
          [
            13.54163,
            41.21814
          ],
          [
            13.54158,
            41.21817
          ],
          [
            13.54151,
            41.21821
          ],
          [
            13.5415,
            41.21822
          ],
          [
            13.54143,
            41.21825
          ],
          [
            13.54129,
            41.21832
          ],
          [
            13.54119,
            41.21836
          ],
          [
            13.54113,
            41.21838
          ],
          [
            13.54108,
            41.21839
          ],
          [
            13.54108,
            41.2184
          ],
          [
            13.54107,
            41.2184
          ],
          [
            13.54098,
            41.21843
          ],
          [
            13.54097,
            41.21843
          ],
          [
            13.54091,
            41.21844
          ],
          [
            13.5409,
            41.21844
          ],
          [
            13.54078,
            41.21846
          ],
          [
            13.5407,
            41.21848
          ],
          [
            13.54058,
            41.21849
          ],
          [
            13.54047,
            41.2185
          ],
          [
            13.54036,
            41.2185
          ],
          [
            13.54026,
            41.2185
          ],
          [
            13.5402,
            41.21849
          ],
          [
            13.54013,
            41.21849
          ],
          [
            13.54007,
            41.21848
          ],
          [
            13.54001,
            41.21848
          ],
          [
            13.53998,
            41.21847
          ],
          [
            13.53992,
            41.21846
          ],
          [
            13.53985,
            41.21845
          ],
          [
            13.53975,
            41.21843
          ],
          [
            13.53968,
            41.21842
          ],
          [
            13.53966,
            41.21842
          ],
          [
            13.5395,
            41.21838
          ],
          [
            13.5394,
            41.21836
          ],
          [
            13.53923,
            41.21832
          ],
          [
            13.53909,
            41.21828
          ],
          [
            13.53897,
            41.21826
          ],
          [
            13.53884,
            41.21822
          ],
          [
            13.53869,
            41.21819
          ],
          [
            13.53854,
            41.21816
          ],
          [
            13.53845,
            41.21814
          ],
          [
            13.53836,
            41.21812
          ],
          [
            13.53829,
            41.21811
          ],
          [
            13.5382,
            41.21809
          ],
          [
            13.53802,
            41.21806
          ],
          [
            13.53783,
            41.21805
          ],
          [
            13.5376,
            41.21804
          ],
          [
            13.53759,
            41.21804
          ],
          [
            13.53755,
            41.21803
          ],
          [
            13.53736,
            41.21804
          ],
          [
            13.53727,
            41.21804
          ],
          [
            13.53713,
            41.21804
          ],
          [
            13.53696,
            41.21806
          ],
          [
            13.53665,
            41.21811
          ],
          [
            13.53629,
            41.21818
          ],
          [
            13.53619,
            41.2182
          ],
          [
            13.53611,
            41.21821
          ],
          [
            13.53573,
            41.21829
          ],
          [
            13.5356,
            41.21832
          ],
          [
            13.53513,
            41.21841
          ],
          [
            13.53494,
            41.21845
          ],
          [
            13.53491,
            41.21845
          ],
          [
            13.53472,
            41.2185
          ],
          [
            13.53468,
            41.21851
          ],
          [
            13.53467,
            41.21851
          ],
          [
            13.53445,
            41.21856
          ],
          [
            13.53434,
            41.21859
          ],
          [
            13.53412,
            41.21865
          ],
          [
            13.53382,
            41.21874
          ],
          [
            13.53378,
            41.21875
          ],
          [
            13.53376,
            41.21875
          ],
          [
            13.53372,
            41.21876
          ],
          [
            13.53355,
            41.21881
          ],
          [
            13.53353,
            41.21882
          ],
          [
            13.53352,
            41.21882
          ],
          [
            13.5334,
            41.21886
          ],
          [
            13.53299,
            41.21899
          ],
          [
            13.53278,
            41.21905
          ],
          [
            13.53267,
            41.21909
          ],
          [
            13.53266,
            41.21909
          ],
          [
            13.53258,
            41.21912
          ],
          [
            13.53243,
            41.21918
          ],
          [
            13.53229,
            41.21923
          ],
          [
            13.53221,
            41.21927
          ],
          [
            13.53213,
            41.21931
          ],
          [
            13.53205,
            41.21935
          ],
          [
            13.53202,
            41.21937
          ],
          [
            13.53198,
            41.21939
          ],
          [
            13.53186,
            41.21946
          ],
          [
            13.53185,
            41.21946
          ],
          [
            13.53184,
            41.21947
          ],
          [
            13.53183,
            41.21948
          ],
          [
            13.5317,
            41.21956
          ],
          [
            13.53167,
            41.21957
          ],
          [
            13.53162,
            41.21961
          ],
          [
            13.53154,
            41.21967
          ],
          [
            13.5315,
            41.2197
          ],
          [
            13.53149,
            41.2197
          ],
          [
            13.53144,
            41.21975
          ],
          [
            13.53135,
            41.21982
          ],
          [
            13.53128,
            41.21989
          ],
          [
            13.53117,
            41.22
          ],
          [
            13.53112,
            41.22005
          ],
          [
            13.53108,
            41.22009
          ],
          [
            13.53104,
            41.22014
          ],
          [
            13.531,
            41.22019
          ],
          [
            13.53096,
            41.22024
          ],
          [
            13.53092,
            41.2203
          ],
          [
            13.5309,
            41.22032
          ],
          [
            13.53082,
            41.22043
          ],
          [
            13.53081,
            41.22045
          ],
          [
            13.5308,
            41.22046
          ],
          [
            13.53074,
            41.22054
          ],
          [
            13.5307,
            41.22059
          ],
          [
            13.53067,
            41.22063
          ],
          [
            13.53058,
            41.22074
          ],
          [
            13.53053,
            41.22082
          ],
          [
            13.53043,
            41.22092
          ],
          [
            13.53033,
            41.22101
          ],
          [
            13.53029,
            41.22104
          ],
          [
            13.53023,
            41.22109
          ],
          [
            13.53016,
            41.22114
          ],
          [
            13.5301,
            41.22117
          ],
          [
            13.53005,
            41.2212
          ],
          [
            13.53002,
            41.22121
          ],
          [
            13.52996,
            41.22124
          ],
          [
            13.52989,
            41.22127
          ],
          [
            13.5298,
            41.22131
          ],
          [
            13.52974,
            41.22133
          ],
          [
            13.52969,
            41.22134
          ],
          [
            13.52968,
            41.22135
          ],
          [
            13.52955,
            41.22139
          ],
          [
            13.52946,
            41.22142
          ],
          [
            13.52936,
            41.22144
          ],
          [
            13.52923,
            41.22148
          ],
          [
            13.52918,
            41.22149
          ],
          [
            13.52901,
            41.22154
          ],
          [
            13.52885,
            41.22158
          ],
          [
            13.52878,
            41.2216
          ],
          [
            13.52871,
            41.22162
          ],
          [
            13.52862,
            41.22164
          ],
          [
            13.52859,
            41.22165
          ],
          [
            13.52856,
            41.22166
          ],
          [
            13.5284,
            41.2217
          ],
          [
            13.52834,
            41.22172
          ],
          [
            13.52815,
            41.22177
          ],
          [
            13.52803,
            41.22181
          ],
          [
            13.52794,
            41.22184
          ],
          [
            13.52792,
            41.22185
          ],
          [
            13.5279,
            41.22185
          ],
          [
            13.52784,
            41.22188
          ],
          [
            13.52775,
            41.22191
          ],
          [
            13.52769,
            41.22194
          ],
          [
            13.52761,
            41.22198
          ],
          [
            13.52754,
            41.22201
          ],
          [
            13.52745,
            41.22206
          ],
          [
            13.52738,
            41.2221
          ],
          [
            13.52734,
            41.22213
          ],
          [
            13.52733,
            41.22213
          ],
          [
            13.52728,
            41.22216
          ],
          [
            13.52727,
            41.22217
          ],
          [
            13.52722,
            41.2222
          ],
          [
            13.52708,
            41.22229
          ],
          [
            13.52694,
            41.22239
          ],
          [
            13.52686,
            41.22245
          ],
          [
            13.52678,
            41.22251
          ],
          [
            13.52662,
            41.22263
          ],
          [
            13.52659,
            41.22266
          ],
          [
            13.52647,
            41.22275
          ],
          [
            13.52646,
            41.22276
          ],
          [
            13.52643,
            41.22279
          ],
          [
            13.5263,
            41.22288
          ],
          [
            13.52623,
            41.22294
          ],
          [
            13.52583,
            41.22329
          ],
          [
            13.52567,
            41.22343
          ],
          [
            13.52556,
            41.22352
          ],
          [
            13.52549,
            41.22358
          ],
          [
            13.52536,
            41.22369
          ],
          [
            13.52529,
            41.22374
          ],
          [
            13.5252,
            41.22381
          ],
          [
            13.52519,
            41.22382
          ],
          [
            13.52518,
            41.22383
          ],
          [
            13.52515,
            41.22385
          ],
          [
            13.52508,
            41.22389
          ],
          [
            13.525,
            41.22394
          ],
          [
            13.52496,
            41.22396
          ],
          [
            13.52492,
            41.22398
          ],
          [
            13.52482,
            41.22403
          ],
          [
            13.52472,
            41.22408
          ],
          [
            13.52446,
            41.22421
          ],
          [
            13.52399,
            41.22443
          ],
          [
            13.5239,
            41.22447
          ],
          [
            13.52376,
            41.22454
          ],
          [
            13.52359,
            41.22461
          ],
          [
            13.52345,
            41.22468
          ],
          [
            13.52338,
            41.22472
          ],
          [
            13.52335,
            41.22473
          ],
          [
            13.52315,
            41.22482
          ],
          [
            13.5228,
            41.22499
          ],
          [
            13.52277,
            41.225
          ],
          [
            13.52274,
            41.22502
          ],
          [
            13.52272,
            41.22503
          ],
          [
            13.52268,
            41.22505
          ],
          [
            13.52258,
            41.22509
          ],
          [
            13.52251,
            41.22512
          ],
          [
            13.52239,
            41.22517
          ],
          [
            13.52231,
            41.2252
          ],
          [
            13.52228,
            41.22521
          ],
          [
            13.5222,
            41.22524
          ],
          [
            13.52212,
            41.22527
          ],
          [
            13.52206,
            41.22529
          ],
          [
            13.52199,
            41.22531
          ],
          [
            13.52193,
            41.22533
          ],
          [
            13.52192,
            41.22533
          ],
          [
            13.52182,
            41.22536
          ],
          [
            13.52171,
            41.22539
          ],
          [
            13.52165,
            41.2254
          ],
          [
            13.52159,
            41.22542
          ],
          [
            13.52147,
            41.22544
          ],
          [
            13.52136,
            41.22546
          ],
          [
            13.52122,
            41.22548
          ],
          [
            13.52115,
            41.22549
          ],
          [
            13.521,
            41.2255
          ],
          [
            13.52074,
            41.22552
          ],
          [
            13.52014,
            41.22558
          ],
          [
            13.5199,
            41.22561
          ],
          [
            13.51966,
            41.22563
          ],
          [
            13.51943,
            41.22565
          ],
          [
            13.51938,
            41.22566
          ],
          [
            13.51931,
            41.22566
          ],
          [
            13.51891,
            41.2257
          ],
          [
            13.51885,
            41.2257
          ],
          [
            13.51876,
            41.22571
          ],
          [
            13.51748,
            41.22584
          ],
          [
            13.51724,
            41.22586
          ],
          [
            13.517,
            41.22588
          ],
          [
            13.51677,
            41.22591
          ],
          [
            13.51582,
            41.226
          ],
          [
            13.51548,
            41.22603
          ],
          [
            13.51532,
            41.22605
          ],
          [
            13.51491,
            41.22609
          ],
          [
            13.51435,
            41.22614
          ],
          [
            13.51429,
            41.22614
          ],
          [
            13.51411,
            41.22616
          ],
          [
            13.514,
            41.22616
          ],
          [
            13.51391,
            41.22617
          ],
          [
            13.51384,
            41.22617
          ],
          [
            13.51377,
            41.22617
          ],
          [
            13.51371,
            41.22617
          ],
          [
            13.51363,
            41.22617
          ],
          [
            13.51355,
            41.22617
          ],
          [
            13.51344,
            41.22616
          ],
          [
            13.5134,
            41.22616
          ],
          [
            13.51337,
            41.22616
          ],
          [
            13.5132,
            41.22613
          ],
          [
            13.51315,
            41.22613
          ],
          [
            13.51292,
            41.22609
          ],
          [
            13.51284,
            41.22607
          ],
          [
            13.51256,
            41.226
          ],
          [
            13.51247,
            41.22598
          ],
          [
            13.51195,
            41.22586
          ],
          [
            13.5116,
            41.22577
          ],
          [
            13.51108,
            41.22564
          ],
          [
            13.51085,
            41.22558
          ],
          [
            13.51035,
            41.22546
          ],
          [
            13.51021,
            41.22543
          ],
          [
            13.50995,
            41.22536
          ],
          [
            13.50965,
            41.22529
          ],
          [
            13.50936,
            41.22524
          ],
          [
            13.50934,
            41.22524
          ],
          [
            13.50924,
            41.22522
          ],
          [
            13.50914,
            41.22521
          ],
          [
            13.50897,
            41.22518
          ],
          [
            13.50867,
            41.22515
          ],
          [
            13.50821,
            41.22509
          ],
          [
            13.5079,
            41.22505
          ],
          [
            13.50786,
            41.22505
          ],
          [
            13.50779,
            41.22504
          ],
          [
            13.50772,
            41.22504
          ],
          [
            13.50764,
            41.22503
          ],
          [
            13.50756,
            41.22503
          ],
          [
            13.50748,
            41.22503
          ],
          [
            13.50739,
            41.22503
          ],
          [
            13.50728,
            41.22503
          ],
          [
            13.50718,
            41.22504
          ],
          [
            13.50709,
            41.22504
          ],
          [
            13.50701,
            41.22505
          ],
          [
            13.50682,
            41.22507
          ],
          [
            13.50666,
            41.2251
          ],
          [
            13.50654,
            41.22513
          ],
          [
            13.50647,
            41.22514
          ],
          [
            13.50639,
            41.22516
          ],
          [
            13.50633,
            41.22518
          ],
          [
            13.50628,
            41.22519
          ],
          [
            13.50622,
            41.22521
          ],
          [
            13.50612,
            41.22524
          ],
          [
            13.50605,
            41.22528
          ],
          [
            13.506,
            41.2253
          ],
          [
            13.50591,
            41.22534
          ],
          [
            13.50585,
            41.22536
          ],
          [
            13.5058,
            41.22539
          ],
          [
            13.50571,
            41.22544
          ],
          [
            13.50563,
            41.22548
          ],
          [
            13.5056,
            41.22549
          ],
          [
            13.50559,
            41.2255
          ],
          [
            13.50555,
            41.22552
          ],
          [
            13.50549,
            41.22556
          ],
          [
            13.50543,
            41.22559
          ],
          [
            13.50537,
            41.22564
          ],
          [
            13.50532,
            41.22568
          ],
          [
            13.50529,
            41.2257
          ],
          [
            13.50525,
            41.22573
          ],
          [
            13.50508,
            41.22588
          ],
          [
            13.50474,
            41.22621
          ],
          [
            13.50458,
            41.22637
          ],
          [
            13.50427,
            41.22667
          ],
          [
            13.50375,
            41.22718
          ],
          [
            13.50368,
            41.22725
          ],
          [
            13.50364,
            41.22728
          ],
          [
            13.50346,
            41.22746
          ],
          [
            13.50326,
            41.22764
          ],
          [
            13.50302,
            41.22784
          ],
          [
            13.50289,
            41.22793
          ],
          [
            13.50285,
            41.22797
          ],
          [
            13.50254,
            41.22819
          ],
          [
            13.5023,
            41.22835
          ],
          [
            13.50215,
            41.22844
          ],
          [
            13.50196,
            41.22855
          ],
          [
            13.50175,
            41.22866
          ],
          [
            13.50167,
            41.2287
          ],
          [
            13.50147,
            41.2288
          ],
          [
            13.50117,
            41.22896
          ],
          [
            13.50088,
            41.22911
          ],
          [
            13.49937,
            41.22988
          ],
          [
            13.4993,
            41.22992
          ],
          [
            13.4988,
            41.23018
          ],
          [
            13.49852,
            41.23033
          ],
          [
            13.49823,
            41.23048
          ],
          [
            13.49812,
            41.23054
          ],
          [
            13.49793,
            41.23065
          ],
          [
            13.49774,
            41.23076
          ],
          [
            13.49758,
            41.23085
          ],
          [
            13.49755,
            41.23087
          ],
          [
            13.49729,
            41.23102
          ],
          [
            13.49706,
            41.23116
          ],
          [
            13.4968,
            41.23132
          ],
          [
            13.49677,
            41.23133
          ],
          [
            13.49662,
            41.23143
          ],
          [
            13.49643,
            41.23154
          ],
          [
            13.49641,
            41.23156
          ],
          [
            13.49597,
            41.23184
          ],
          [
            13.49562,
            41.23205
          ],
          [
            13.49546,
            41.23215
          ],
          [
            13.49541,
            41.23218
          ],
          [
            13.49519,
            41.23232
          ],
          [
            13.49477,
            41.23258
          ],
          [
            13.49459,
            41.23269
          ],
          [
            13.49432,
            41.23286
          ],
          [
            13.4943,
            41.23287
          ],
          [
            13.49406,
            41.23303
          ],
          [
            13.4938,
            41.2332
          ],
          [
            13.49328,
            41.23356
          ],
          [
            13.49296,
            41.2338
          ],
          [
            13.49288,
            41.23386
          ],
          [
            13.49255,
            41.23411
          ],
          [
            13.4925,
            41.23416
          ],
          [
            13.49247,
            41.23417
          ],
          [
            13.4924,
            41.23424
          ],
          [
            13.49214,
            41.23445
          ],
          [
            13.49177,
            41.23475
          ],
          [
            13.49141,
            41.23504
          ],
          [
            13.49122,
            41.2352
          ],
          [
            13.49105,
            41.23535
          ],
          [
            13.49071,
            41.23563
          ],
          [
            13.49039,
            41.23589
          ],
          [
            13.49032,
            41.23594
          ],
          [
            13.49014,
            41.2361
          ],
          [
            13.49002,
            41.23619
          ],
          [
            13.48991,
            41.23629
          ],
          [
            13.48975,
            41.23642
          ],
          [
            13.48965,
            41.2365
          ],
          [
            13.48958,
            41.23656
          ],
          [
            13.48951,
            41.23661
          ],
          [
            13.48949,
            41.23663
          ],
          [
            13.48945,
            41.23666
          ],
          [
            13.48938,
            41.23671
          ],
          [
            13.48933,
            41.23675
          ],
          [
            13.48919,
            41.23684
          ],
          [
            13.48911,
            41.23689
          ],
          [
            13.4888,
            41.23706
          ],
          [
            13.48877,
            41.23708
          ],
          [
            13.48871,
            41.23711
          ],
          [
            13.48857,
            41.23718
          ],
          [
            13.48844,
            41.23723
          ],
          [
            13.48832,
            41.23728
          ],
          [
            13.48814,
            41.23736
          ],
          [
            13.48806,
            41.23739
          ],
          [
            13.48797,
            41.23743
          ],
          [
            13.48781,
            41.23748
          ],
          [
            13.48766,
            41.23753
          ],
          [
            13.48756,
            41.23756
          ],
          [
            13.4874,
            41.23761
          ],
          [
            13.4871,
            41.2377
          ],
          [
            13.48709,
            41.2377
          ],
          [
            13.48693,
            41.23775
          ],
          [
            13.48686,
            41.23776
          ],
          [
            13.48671,
            41.2378
          ],
          [
            13.48665,
            41.23782
          ],
          [
            13.48648,
            41.23787
          ],
          [
            13.48627,
            41.23792
          ],
          [
            13.48614,
            41.23795
          ],
          [
            13.48604,
            41.23797
          ],
          [
            13.48591,
            41.238
          ],
          [
            13.48581,
            41.23802
          ],
          [
            13.48556,
            41.23806
          ],
          [
            13.48548,
            41.23807
          ],
          [
            13.48547,
            41.23807
          ],
          [
            13.48536,
            41.23809
          ],
          [
            13.48532,
            41.23809
          ],
          [
            13.48527,
            41.2381
          ],
          [
            13.48519,
            41.23811
          ],
          [
            13.48512,
            41.23812
          ],
          [
            13.48492,
            41.23813
          ],
          [
            13.48478,
            41.23814
          ],
          [
            13.48459,
            41.23815
          ],
          [
            13.48449,
            41.23816
          ],
          [
            13.48439,
            41.23816
          ],
          [
            13.48429,
            41.23816
          ],
          [
            13.48421,
            41.23815
          ],
          [
            13.48413,
            41.23815
          ],
          [
            13.48403,
            41.23815
          ],
          [
            13.48391,
            41.23814
          ],
          [
            13.48378,
            41.23814
          ],
          [
            13.4837,
            41.23813
          ],
          [
            13.48337,
            41.2381
          ],
          [
            13.4831,
            41.23807
          ],
          [
            13.48295,
            41.23805
          ],
          [
            13.48283,
            41.23804
          ],
          [
            13.48226,
            41.238
          ],
          [
            13.48215,
            41.23799
          ],
          [
            13.48204,
            41.23799
          ],
          [
            13.48186,
            41.238
          ],
          [
            13.48172,
            41.23801
          ],
          [
            13.48161,
            41.23803
          ],
          [
            13.48148,
            41.23804
          ],
          [
            13.48134,
            41.23807
          ],
          [
            13.48123,
            41.23809
          ],
          [
            13.48122,
            41.2381
          ],
          [
            13.48114,
            41.23811
          ],
          [
            13.48106,
            41.23814
          ],
          [
            13.48099,
            41.23816
          ],
          [
            13.48092,
            41.23818
          ],
          [
            13.48083,
            41.23821
          ],
          [
            13.48077,
            41.23823
          ],
          [
            13.48071,
            41.23826
          ],
          [
            13.48015,
            41.2385
          ],
          [
            13.47992,
            41.23863
          ],
          [
            13.47959,
            41.23882
          ],
          [
            13.47935,
            41.23897
          ],
          [
            13.47922,
            41.23905
          ],
          [
            13.47904,
            41.23916
          ],
          [
            13.47885,
            41.23928
          ],
          [
            13.47868,
            41.23939
          ],
          [
            13.47867,
            41.23939
          ],
          [
            13.47828,
            41.2396
          ],
          [
            13.47811,
            41.23967
          ],
          [
            13.47796,
            41.23971
          ],
          [
            13.47783,
            41.23974
          ],
          [
            13.4778,
            41.23974
          ],
          [
            13.47766,
            41.23975
          ],
          [
            13.47744,
            41.23977
          ],
          [
            13.47718,
            41.2398
          ],
          [
            13.47714,
            41.2398
          ],
          [
            13.47701,
            41.23981
          ],
          [
            13.47691,
            41.23983
          ],
          [
            13.4769,
            41.23983
          ],
          [
            13.4768,
            41.23985
          ],
          [
            13.47674,
            41.23987
          ],
          [
            13.47664,
            41.2399
          ],
          [
            13.47643,
            41.24
          ],
          [
            13.47629,
            41.24009
          ],
          [
            13.47625,
            41.24011
          ],
          [
            13.47616,
            41.24019
          ],
          [
            13.47607,
            41.24025
          ],
          [
            13.47599,
            41.24031
          ],
          [
            13.47588,
            41.24039
          ],
          [
            13.47577,
            41.24046
          ],
          [
            13.47566,
            41.24052
          ],
          [
            13.47557,
            41.24056
          ],
          [
            13.47549,
            41.24059
          ],
          [
            13.4754,
            41.24063
          ],
          [
            13.47536,
            41.24065
          ],
          [
            13.47532,
            41.24066
          ],
          [
            13.47524,
            41.24069
          ],
          [
            13.47518,
            41.2407
          ],
          [
            13.4751,
            41.24072
          ],
          [
            13.4749,
            41.24076
          ],
          [
            13.47467,
            41.24077
          ],
          [
            13.47434,
            41.24079
          ],
          [
            13.47395,
            41.2408
          ],
          [
            13.47371,
            41.24081
          ],
          [
            13.47276,
            41.24085
          ],
          [
            13.47252,
            41.24086
          ],
          [
            13.47228,
            41.24087
          ],
          [
            13.47204,
            41.24088
          ],
          [
            13.47182,
            41.24089
          ],
          [
            13.47173,
            41.2409
          ],
          [
            13.47108,
            41.24091
          ],
          [
            13.47084,
            41.24092
          ],
          [
            13.47073,
            41.24092
          ],
          [
            13.47066,
            41.24092
          ],
          [
            13.47065,
            41.24092
          ],
          [
            13.47037,
            41.24093
          ],
          [
            13.46989,
            41.24094
          ],
          [
            13.46912,
            41.24095
          ],
          [
            13.46784,
            41.24096
          ],
          [
            13.46779,
            41.24096
          ],
          [
            13.46745,
            41.24094
          ],
          [
            13.46738,
            41.24094
          ],
          [
            13.46737,
            41.24094
          ],
          [
            13.46726,
            41.24093
          ],
          [
            13.46716,
            41.24092
          ],
          [
            13.46713,
            41.24091
          ],
          [
            13.46708,
            41.24091
          ],
          [
            13.4669,
            41.24089
          ],
          [
            13.46674,
            41.24086
          ],
          [
            13.46659,
            41.24084
          ],
          [
            13.46644,
            41.24082
          ],
          [
            13.46615,
            41.24078
          ],
          [
            13.46598,
            41.24075
          ],
          [
            13.46585,
            41.24073
          ],
          [
            13.46563,
            41.24069
          ],
          [
            13.46554,
            41.24068
          ],
          [
            13.46546,
            41.24067
          ],
          [
            13.46536,
            41.24065
          ],
          [
            13.46529,
            41.24065
          ],
          [
            13.46521,
            41.24064
          ],
          [
            13.46511,
            41.24063
          ],
          [
            13.46502,
            41.24063
          ],
          [
            13.46495,
            41.24063
          ],
          [
            13.46483,
            41.24064
          ],
          [
            13.46477,
            41.24064
          ],
          [
            13.46472,
            41.24064
          ],
          [
            13.46465,
            41.24065
          ],
          [
            13.46456,
            41.24066
          ],
          [
            13.46449,
            41.24066
          ],
          [
            13.46442,
            41.24067
          ],
          [
            13.46436,
            41.24068
          ],
          [
            13.46423,
            41.24071
          ],
          [
            13.4641,
            41.24073
          ],
          [
            13.46397,
            41.24076
          ],
          [
            13.46393,
            41.24077
          ],
          [
            13.46378,
            41.2408
          ],
          [
            13.46362,
            41.24084
          ],
          [
            13.46356,
            41.24086
          ],
          [
            13.46327,
            41.24094
          ],
          [
            13.46293,
            41.24104
          ],
          [
            13.46238,
            41.2412
          ],
          [
            13.46216,
            41.24126
          ],
          [
            13.46213,
            41.24127
          ],
          [
            13.46194,
            41.24134
          ],
          [
            13.46182,
            41.24139
          ],
          [
            13.46174,
            41.24143
          ],
          [
            13.46173,
            41.24144
          ],
          [
            13.46164,
            41.2415
          ],
          [
            13.46163,
            41.2415
          ],
          [
            13.46159,
            41.24154
          ],
          [
            13.46156,
            41.24157
          ],
          [
            13.46152,
            41.2416
          ],
          [
            13.4615,
            41.24163
          ],
          [
            13.46149,
            41.24164
          ],
          [
            13.46146,
            41.24168
          ],
          [
            13.46144,
            41.24171
          ],
          [
            13.46143,
            41.24173
          ],
          [
            13.46139,
            41.24179
          ],
          [
            13.46138,
            41.2418
          ],
          [
            13.46138,
            41.24182
          ],
          [
            13.46136,
            41.24185
          ],
          [
            13.46135,
            41.24187
          ],
          [
            13.46133,
            41.2419
          ],
          [
            13.46131,
            41.24195
          ],
          [
            13.46131,
            41.24197
          ],
          [
            13.4613,
            41.24201
          ],
          [
            13.46128,
            41.24205
          ],
          [
            13.46128,
            41.24208
          ],
          [
            13.46126,
            41.24213
          ],
          [
            13.46126,
            41.24215
          ],
          [
            13.46125,
            41.24221
          ],
          [
            13.46124,
            41.2423
          ],
          [
            13.46124,
            41.24233
          ],
          [
            13.46123,
            41.24241
          ],
          [
            13.46123,
            41.24251
          ],
          [
            13.46123,
            41.2426
          ],
          [
            13.46124,
            41.24268
          ],
          [
            13.46124,
            41.24269
          ],
          [
            13.46125,
            41.24276
          ],
          [
            13.46125,
            41.24277
          ],
          [
            13.46126,
            41.24287
          ],
          [
            13.46127,
            41.24294
          ],
          [
            13.46129,
            41.24307
          ],
          [
            13.46129,
            41.24312
          ],
          [
            13.4613,
            41.24322
          ],
          [
            13.46131,
            41.24342
          ],
          [
            13.46132,
            41.24366
          ],
          [
            13.46133,
            41.24377
          ],
          [
            13.46133,
            41.24383
          ],
          [
            13.46132,
            41.24386
          ],
          [
            13.46132,
            41.24387
          ],
          [
            13.46132,
            41.2439
          ],
          [
            13.46132,
            41.24395
          ],
          [
            13.46131,
            41.24399
          ],
          [
            13.46131,
            41.24402
          ],
          [
            13.4613,
            41.24404
          ],
          [
            13.4613,
            41.24405
          ],
          [
            13.46129,
            41.24409
          ],
          [
            13.46122,
            41.24426
          ],
          [
            13.46118,
            41.24432
          ],
          [
            13.46114,
            41.24439
          ],
          [
            13.46109,
            41.24446
          ],
          [
            13.46105,
            41.24451
          ],
          [
            13.46102,
            41.24455
          ],
          [
            13.46097,
            41.2446
          ],
          [
            13.46094,
            41.24463
          ],
          [
            13.46088,
            41.24469
          ],
          [
            13.46083,
            41.24472
          ],
          [
            13.46078,
            41.24477
          ],
          [
            13.46037,
            41.24507
          ],
          [
            13.4603,
            41.24513
          ],
          [
            13.46022,
            41.24519
          ],
          [
            13.46015,
            41.24525
          ],
          [
            13.46002,
            41.24537
          ],
          [
            13.45997,
            41.24543
          ],
          [
            13.45993,
            41.24547
          ],
          [
            13.45992,
            41.24549
          ],
          [
            13.45988,
            41.24552
          ],
          [
            13.45984,
            41.24558
          ],
          [
            13.45979,
            41.24566
          ],
          [
            13.45969,
            41.24581
          ],
          [
            13.45956,
            41.24601
          ],
          [
            13.45945,
            41.24617
          ],
          [
            13.45938,
            41.24627
          ],
          [
            13.45929,
            41.24639
          ],
          [
            13.45923,
            41.24645
          ],
          [
            13.45917,
            41.24652
          ],
          [
            13.459,
            41.24668
          ],
          [
            13.45888,
            41.24679
          ],
          [
            13.45884,
            41.24682
          ],
          [
            13.4588,
            41.24685
          ],
          [
            13.45875,
            41.24689
          ],
          [
            13.45861,
            41.247
          ],
          [
            13.45846,
            41.2471
          ],
          [
            13.4583,
            41.2472
          ],
          [
            13.45816,
            41.24727
          ],
          [
            13.45803,
            41.24734
          ],
          [
            13.45786,
            41.24742
          ],
          [
            13.45785,
            41.24742
          ],
          [
            13.45771,
            41.24748
          ],
          [
            13.45766,
            41.2475
          ],
          [
            13.4576,
            41.24753
          ],
          [
            13.45748,
            41.24757
          ],
          [
            13.45745,
            41.24758
          ],
          [
            13.45732,
            41.24762
          ],
          [
            13.45722,
            41.24765
          ],
          [
            13.45704,
            41.24771
          ],
          [
            13.457,
            41.24772
          ],
          [
            13.45699,
            41.24772
          ],
          [
            13.45673,
            41.2478
          ],
          [
            13.45656,
            41.24785
          ],
          [
            13.45636,
            41.24792
          ],
          [
            13.45633,
            41.24792
          ],
          [
            13.45624,
            41.24795
          ],
          [
            13.45617,
            41.24798
          ],
          [
            13.4561,
            41.248
          ],
          [
            13.45598,
            41.24804
          ],
          [
            13.4559,
            41.24807
          ],
          [
            13.45587,
            41.24808
          ],
          [
            13.45579,
            41.24811
          ],
          [
            13.45571,
            41.24814
          ],
          [
            13.45568,
            41.24816
          ],
          [
            13.45564,
            41.24817
          ],
          [
            13.45551,
            41.24823
          ],
          [
            13.45549,
            41.24824
          ],
          [
            13.45528,
            41.24834
          ],
          [
            13.45515,
            41.24841
          ],
          [
            13.45509,
            41.24845
          ],
          [
            13.45508,
            41.24845
          ],
          [
            13.45507,
            41.24846
          ],
          [
            13.45491,
            41.24856
          ],
          [
            13.45489,
            41.24857
          ],
          [
            13.45473,
            41.24868
          ],
          [
            13.45472,
            41.24868
          ],
          [
            13.45456,
            41.24881
          ],
          [
            13.45439,
            41.24894
          ],
          [
            13.45418,
            41.2491
          ],
          [
            13.45403,
            41.24921
          ],
          [
            13.45377,
            41.24941
          ],
          [
            13.45346,
            41.24964
          ],
          [
            13.45315,
            41.24987
          ],
          [
            13.45314,
            41.24987
          ],
          [
            13.45249,
            41.25038
          ],
          [
            13.45232,
            41.25051
          ],
          [
            13.45217,
            41.25063
          ],
          [
            13.45215,
            41.25064
          ],
          [
            13.45199,
            41.25077
          ],
          [
            13.45149,
            41.25116
          ],
          [
            13.45098,
            41.25157
          ],
          [
            13.45094,
            41.2516
          ],
          [
            13.4509,
            41.25164
          ],
          [
            13.45086,
            41.25167
          ],
          [
            13.45078,
            41.25174
          ],
          [
            13.45061,
            41.25187
          ],
          [
            13.45051,
            41.25196
          ],
          [
            13.45043,
            41.25202
          ],
          [
            13.45029,
            41.25213
          ],
          [
            13.45023,
            41.25218
          ],
          [
            13.45021,
            41.2522
          ],
          [
            13.45012,
            41.25226
          ],
          [
            13.4492,
            41.25297
          ],
          [
            13.449,
            41.25312
          ],
          [
            13.44773,
            41.25404
          ],
          [
            13.44766,
            41.25409
          ],
          [
            13.44748,
            41.25422
          ],
          [
            13.44722,
            41.25443
          ],
          [
            13.4472,
            41.25445
          ],
          [
            13.44704,
            41.25458
          ],
          [
            13.44689,
            41.25472
          ],
          [
            13.44687,
            41.25476
          ],
          [
            13.44686,
            41.25478
          ],
          [
            13.44644,
            41.25518
          ],
          [
            13.44629,
            41.25532
          ],
          [
            13.44599,
            41.2556
          ],
          [
            13.44524,
            41.25631
          ],
          [
            13.44522,
            41.25633
          ],
          [
            13.4449,
            41.25663
          ],
          [
            13.44475,
            41.25677
          ],
          [
            13.44466,
            41.25685
          ],
          [
            13.44458,
            41.25693
          ],
          [
            13.44448,
            41.25702
          ],
          [
            13.44431,
            41.25718
          ],
          [
            13.44402,
            41.25743
          ],
          [
            13.44387,
            41.25756
          ],
          [
            13.44371,
            41.2577
          ],
          [
            13.44365,
            41.25775
          ],
          [
            13.44363,
            41.25776
          ],
          [
            13.44361,
            41.25777
          ],
          [
            13.44355,
            41.25779
          ],
          [
            13.44344,
            41.25787
          ],
          [
            13.44334,
            41.25793
          ],
          [
            13.44329,
            41.25796
          ],
          [
            13.44321,
            41.258
          ],
          [
            13.44316,
            41.25803
          ],
          [
            13.4431,
            41.25806
          ],
          [
            13.44304,
            41.25809
          ],
          [
            13.44297,
            41.25812
          ],
          [
            13.44286,
            41.25816
          ],
          [
            13.4427,
            41.25822
          ],
          [
            13.44251,
            41.25828
          ],
          [
            13.44243,
            41.2583
          ],
          [
            13.44235,
            41.25832
          ],
          [
            13.44229,
            41.25833
          ],
          [
            13.44224,
            41.25834
          ],
          [
            13.44208,
            41.25837
          ],
          [
            13.44199,
            41.25839
          ],
          [
            13.44196,
            41.25839
          ],
          [
            13.44177,
            41.25841
          ],
          [
            13.44175,
            41.25841
          ],
          [
            13.44162,
            41.25842
          ],
          [
            13.44149,
            41.25843
          ],
          [
            13.44139,
            41.25843
          ],
          [
            13.44124,
            41.25843
          ],
          [
            13.44114,
            41.25843
          ],
          [
            13.44085,
            41.25843
          ],
          [
            13.44071,
            41.25843
          ],
          [
            13.44057,
            41.25843
          ],
          [
            13.44042,
            41.25843
          ],
          [
            13.44021,
            41.25845
          ],
          [
            13.44014,
            41.25846
          ],
          [
            13.44008,
            41.25846
          ],
          [
            13.43998,
            41.25848
          ],
          [
            13.43991,
            41.25849
          ],
          [
            13.43986,
            41.2585
          ],
          [
            13.43978,
            41.25852
          ],
          [
            13.43972,
            41.25854
          ],
          [
            13.43966,
            41.25856
          ],
          [
            13.4396,
            41.25858
          ],
          [
            13.43954,
            41.2586
          ],
          [
            13.43948,
            41.25862
          ],
          [
            13.43943,
            41.25865
          ],
          [
            13.43936,
            41.25868
          ],
          [
            13.4393,
            41.2587
          ],
          [
            13.43923,
            41.25875
          ],
          [
            13.43918,
            41.25878
          ],
          [
            13.4391,
            41.25883
          ],
          [
            13.43903,
            41.25889
          ],
          [
            13.43896,
            41.25895
          ],
          [
            13.43888,
            41.25902
          ],
          [
            13.43881,
            41.25911
          ],
          [
            13.43871,
            41.25925
          ],
          [
            13.43865,
            41.25934
          ],
          [
            13.43864,
            41.25937
          ],
          [
            13.43862,
            41.25942
          ],
          [
            13.4386,
            41.25947
          ],
          [
            13.43855,
            41.25967
          ],
          [
            13.43854,
            41.25972
          ],
          [
            13.43854,
            41.25975
          ],
          [
            13.43853,
            41.25979
          ],
          [
            13.43853,
            41.25983
          ],
          [
            13.43853,
            41.25986
          ],
          [
            13.43854,
            41.25991
          ],
          [
            13.43855,
            41.25999
          ],
          [
            13.43855,
            41.26003
          ],
          [
            13.43856,
            41.26005
          ],
          [
            13.4386,
            41.26025
          ],
          [
            13.43863,
            41.26033
          ],
          [
            13.43865,
            41.26039
          ],
          [
            13.43865,
            41.2604
          ],
          [
            13.43867,
            41.26044
          ],
          [
            13.4387,
            41.26053
          ],
          [
            13.43874,
            41.2606
          ],
          [
            13.43877,
            41.26067
          ],
          [
            13.4388,
            41.26073
          ],
          [
            13.4389,
            41.26093
          ],
          [
            13.43896,
            41.26105
          ],
          [
            13.43897,
            41.26107
          ],
          [
            13.439,
            41.26114
          ],
          [
            13.43903,
            41.26121
          ],
          [
            13.43905,
            41.26125
          ],
          [
            13.43907,
            41.2613
          ],
          [
            13.43909,
            41.26136
          ],
          [
            13.43911,
            41.26142
          ],
          [
            13.43913,
            41.26153
          ],
          [
            13.43913,
            41.26157
          ],
          [
            13.43914,
            41.26162
          ],
          [
            13.43914,
            41.26169
          ],
          [
            13.43914,
            41.26176
          ],
          [
            13.43913,
            41.26186
          ],
          [
            13.43913,
            41.26188
          ],
          [
            13.43912,
            41.26191
          ],
          [
            13.43912,
            41.26196
          ],
          [
            13.43911,
            41.262
          ],
          [
            13.4391,
            41.26204
          ],
          [
            13.43909,
            41.26208
          ],
          [
            13.43908,
            41.26211
          ],
          [
            13.43907,
            41.26214
          ],
          [
            13.43905,
            41.2622
          ],
          [
            13.43902,
            41.26227
          ],
          [
            13.439,
            41.26231
          ],
          [
            13.43899,
            41.26234
          ],
          [
            13.43896,
            41.2624
          ],
          [
            13.43893,
            41.26244
          ],
          [
            13.43892,
            41.26247
          ],
          [
            13.4389,
            41.26249
          ],
          [
            13.43888,
            41.26252
          ],
          [
            13.43886,
            41.26255
          ],
          [
            13.43883,
            41.26259
          ],
          [
            13.43879,
            41.26264
          ],
          [
            13.43873,
            41.26272
          ],
          [
            13.43872,
            41.26273
          ],
          [
            13.43864,
            41.26282
          ],
          [
            13.43859,
            41.26287
          ],
          [
            13.43856,
            41.2629
          ],
          [
            13.43855,
            41.2629
          ],
          [
            13.4385,
            41.26295
          ],
          [
            13.43842,
            41.26301
          ],
          [
            13.43836,
            41.26306
          ],
          [
            13.43829,
            41.2631
          ],
          [
            13.43819,
            41.26316
          ],
          [
            13.43815,
            41.26319
          ],
          [
            13.43811,
            41.26321
          ],
          [
            13.43808,
            41.26322
          ],
          [
            13.43801,
            41.26325
          ],
          [
            13.438,
            41.26326
          ],
          [
            13.43795,
            41.26328
          ],
          [
            13.43788,
            41.26331
          ],
          [
            13.43779,
            41.26334
          ],
          [
            13.43772,
            41.26336
          ],
          [
            13.43767,
            41.26338
          ],
          [
            13.4376,
            41.2634
          ],
          [
            13.43752,
            41.26342
          ],
          [
            13.43748,
            41.26343
          ],
          [
            13.43744,
            41.26344
          ],
          [
            13.43735,
            41.26346
          ],
          [
            13.43729,
            41.26347
          ],
          [
            13.43725,
            41.26348
          ],
          [
            13.43713,
            41.2635
          ],
          [
            13.43711,
            41.2635
          ],
          [
            13.43695,
            41.26353
          ],
          [
            13.43674,
            41.26355
          ],
          [
            13.43623,
            41.26362
          ],
          [
            13.43595,
            41.26365
          ],
          [
            13.43566,
            41.26368
          ],
          [
            13.43539,
            41.26371
          ],
          [
            13.43515,
            41.26375
          ],
          [
            13.43499,
            41.26377
          ],
          [
            13.43486,
            41.26379
          ],
          [
            13.43478,
            41.26381
          ],
          [
            13.43468,
            41.26382
          ],
          [
            13.43449,
            41.26385
          ],
          [
            13.43444,
            41.26386
          ],
          [
            13.43415,
            41.26391
          ],
          [
            13.43356,
            41.26402
          ],
          [
            13.43327,
            41.26408
          ],
          [
            13.43243,
            41.26424
          ],
          [
            13.43228,
            41.26428
          ],
          [
            13.43218,
            41.2643
          ],
          [
            13.43181,
            41.26438
          ],
          [
            13.43165,
            41.26441
          ],
          [
            13.43108,
            41.26454
          ],
          [
            13.43106,
            41.26454
          ],
          [
            13.4306,
            41.26464
          ],
          [
            13.43059,
            41.26465
          ],
          [
            13.43036,
            41.2647
          ],
          [
            13.43013,
            41.26475
          ],
          [
            13.43001,
            41.26478
          ],
          [
            13.4299,
            41.2648
          ],
          [
            13.42972,
            41.26485
          ],
          [
            13.42949,
            41.26491
          ],
          [
            13.42945,
            41.26492
          ],
          [
            13.42922,
            41.26498
          ],
          [
            13.42893,
            41.26507
          ],
          [
            13.42809,
            41.26534
          ],
          [
            13.42808,
            41.26534
          ],
          [
            13.42797,
            41.26539
          ],
          [
            13.42766,
            41.2655
          ],
          [
            13.42705,
            41.26571
          ],
          [
            13.42685,
            41.26578
          ],
          [
            13.42684,
            41.26579
          ],
          [
            13.42683,
            41.2658
          ],
          [
            13.42682,
            41.26581
          ],
          [
            13.42681,
            41.26582
          ],
          [
            13.4268,
            41.26583
          ],
          [
            13.42679,
            41.26583
          ],
          [
            13.42678,
            41.26584
          ],
          [
            13.42676,
            41.26584
          ],
          [
            13.42675,
            41.26585
          ],
          [
            13.42673,
            41.26585
          ],
          [
            13.42672,
            41.26586
          ],
          [
            13.4267,
            41.26586
          ],
          [
            13.42669,
            41.26586
          ],
          [
            13.42667,
            41.26586
          ],
          [
            13.42666,
            41.26586
          ],
          [
            13.42664,
            41.26586
          ],
          [
            13.42663,
            41.26586
          ],
          [
            13.4266,
            41.26586
          ],
          [
            13.42629,
            41.266
          ],
          [
            13.42614,
            41.26608
          ],
          [
            13.42573,
            41.26631
          ],
          [
            13.42532,
            41.26655
          ],
          [
            13.42512,
            41.26667
          ],
          [
            13.42445,
            41.26715
          ],
          [
            13.42373,
            41.2677
          ],
          [
            13.42361,
            41.2678
          ],
          [
            13.42345,
            41.26791
          ],
          [
            13.4234,
            41.26794
          ],
          [
            13.42317,
            41.26808
          ],
          [
            13.42275,
            41.26832
          ],
          [
            13.42259,
            41.26838
          ],
          [
            13.42258,
            41.26839
          ],
          [
            13.42252,
            41.26842
          ],
          [
            13.42214,
            41.26861
          ],
          [
            13.42189,
            41.26874
          ],
          [
            13.42155,
            41.26894
          ],
          [
            13.42141,
            41.26902
          ],
          [
            13.4213,
            41.26909
          ],
          [
            13.42126,
            41.26911
          ],
          [
            13.42122,
            41.26914
          ],
          [
            13.42119,
            41.26917
          ],
          [
            13.42111,
            41.26922
          ],
          [
            13.42099,
            41.26931
          ],
          [
            13.4208,
            41.26947
          ],
          [
            13.42076,
            41.2695
          ],
          [
            13.42071,
            41.26954
          ],
          [
            13.4206,
            41.26964
          ],
          [
            13.42052,
            41.26971
          ],
          [
            13.42035,
            41.26988
          ],
          [
            13.42024,
            41.27
          ],
          [
            13.42012,
            41.27015
          ],
          [
            13.42007,
            41.27021
          ],
          [
            13.41991,
            41.2704
          ],
          [
            13.41938,
            41.27102
          ],
          [
            13.41932,
            41.27109
          ],
          [
            13.4189,
            41.27161
          ],
          [
            13.41884,
            41.27169
          ],
          [
            13.41842,
            41.27223
          ],
          [
            13.41829,
            41.2724
          ],
          [
            13.41806,
            41.2727
          ],
          [
            13.41785,
            41.27296
          ],
          [
            13.41703,
            41.27404
          ],
          [
            13.41701,
            41.27407
          ],
          [
            13.41695,
            41.2741
          ],
          [
            13.41671,
            41.27443
          ],
          [
            13.41661,
            41.27456
          ],
          [
            13.41615,
            41.27516
          ],
          [
            13.41604,
            41.27531
          ],
          [
            13.41596,
            41.27542
          ],
          [
            13.41591,
            41.2755
          ],
          [
            13.41574,
            41.27571
          ],
          [
            13.41563,
            41.27584
          ],
          [
            13.41557,
            41.27592
          ],
          [
            13.41537,
            41.27615
          ],
          [
            13.41526,
            41.27626
          ],
          [
            13.41509,
            41.27643
          ],
          [
            13.41499,
            41.27653
          ],
          [
            13.41481,
            41.27668
          ],
          [
            13.41428,
            41.27708
          ],
          [
            13.41382,
            41.27742
          ],
          [
            13.41365,
            41.27754
          ],
          [
            13.41245,
            41.27842
          ],
          [
            13.41209,
            41.27867
          ],
          [
            13.41178,
            41.2789
          ],
          [
            13.4115,
            41.2791
          ],
          [
            13.41135,
            41.2792
          ],
          [
            13.41077,
            41.27962
          ],
          [
            13.41054,
            41.27979
          ],
          [
            13.41047,
            41.27983
          ],
          [
            13.4102,
            41.28002
          ],
          [
            13.40987,
            41.28024
          ],
          [
            13.40966,
            41.28037
          ],
          [
            13.40913,
            41.28068
          ],
          [
            13.40882,
            41.28083
          ],
          [
            13.40877,
            41.28085
          ],
          [
            13.40857,
            41.28095
          ],
          [
            13.40856,
            41.28095
          ],
          [
            13.40845,
            41.281
          ],
          [
            13.40834,
            41.28105
          ],
          [
            13.4081,
            41.28115
          ],
          [
            13.40807,
            41.28116
          ],
          [
            13.40805,
            41.28117
          ],
          [
            13.408,
            41.28119
          ],
          [
            13.4079,
            41.28123
          ],
          [
            13.40785,
            41.28125
          ],
          [
            13.40774,
            41.2813
          ],
          [
            13.40731,
            41.28146
          ],
          [
            13.40703,
            41.28157
          ],
          [
            13.40671,
            41.28169
          ],
          [
            13.40666,
            41.28174
          ],
          [
            13.40601,
            41.28197
          ],
          [
            13.40552,
            41.28215
          ],
          [
            13.40528,
            41.2822
          ],
          [
            13.40491,
            41.28228
          ],
          [
            13.40463,
            41.28234
          ],
          [
            13.40447,
            41.28237
          ],
          [
            13.40436,
            41.28239
          ],
          [
            13.40423,
            41.2824
          ],
          [
            13.40413,
            41.28241
          ],
          [
            13.40402,
            41.28243
          ],
          [
            13.40375,
            41.28246
          ],
          [
            13.40361,
            41.28247
          ],
          [
            13.40334,
            41.28248
          ],
          [
            13.40221,
            41.28249
          ],
          [
            13.40192,
            41.2825
          ],
          [
            13.40173,
            41.28248
          ],
          [
            13.40149,
            41.28249
          ],
          [
            13.4013,
            41.2825
          ],
          [
            13.40099,
            41.28251
          ],
          [
            13.40097,
            41.28251
          ],
          [
            13.40073,
            41.28252
          ],
          [
            13.40047,
            41.28254
          ],
          [
            13.40016,
            41.28257
          ],
          [
            13.39991,
            41.2826
          ],
          [
            13.39975,
            41.28262
          ],
          [
            13.39932,
            41.28267
          ],
          [
            13.39931,
            41.28267
          ],
          [
            13.39901,
            41.28273
          ],
          [
            13.39883,
            41.28276
          ],
          [
            13.39868,
            41.28279
          ],
          [
            13.39838,
            41.28285
          ],
          [
            13.39825,
            41.28288
          ],
          [
            13.39796,
            41.28295
          ],
          [
            13.39786,
            41.28297
          ],
          [
            13.39671,
            41.28325
          ],
          [
            13.39664,
            41.28327
          ],
          [
            13.39648,
            41.28331
          ],
          [
            13.39642,
            41.28333
          ],
          [
            13.39505,
            41.28366
          ],
          [
            13.39466,
            41.28376
          ],
          [
            13.39359,
            41.28402
          ],
          [
            13.39282,
            41.28421
          ],
          [
            13.39181,
            41.28446
          ],
          [
            13.39045,
            41.28479
          ],
          [
            13.39037,
            41.28482
          ],
          [
            13.38979,
            41.28497
          ],
          [
            13.38927,
            41.28511
          ],
          [
            13.38897,
            41.28518
          ],
          [
            13.38833,
            41.28533
          ],
          [
            13.38794,
            41.28541
          ],
          [
            13.3878,
            41.28543
          ],
          [
            13.38761,
            41.28545
          ],
          [
            13.38685,
            41.28561
          ],
          [
            13.38679,
            41.28562
          ],
          [
            13.38676,
            41.28562
          ],
          [
            13.38671,
            41.28563
          ],
          [
            13.38637,
            41.2857
          ],
          [
            13.38569,
            41.28584
          ],
          [
            13.38408,
            41.28618
          ],
          [
            13.38322,
            41.28635
          ],
          [
            13.38317,
            41.28636
          ],
          [
            13.38222,
            41.28656
          ],
          [
            13.38175,
            41.28665
          ],
          [
            13.38106,
            41.2868
          ],
          [
            13.38015,
            41.28699
          ],
          [
            13.37983,
            41.28706
          ],
          [
            13.37951,
            41.28712
          ],
          [
            13.37934,
            41.28716
          ],
          [
            13.37911,
            41.2872
          ],
          [
            13.37878,
            41.28727
          ],
          [
            13.37839,
            41.28735
          ],
          [
            13.37695,
            41.28765
          ],
          [
            13.3766,
            41.28772
          ],
          [
            13.37648,
            41.28776
          ],
          [
            13.3761,
            41.28784
          ],
          [
            13.37559,
            41.28794
          ],
          [
            13.3754,
            41.28798
          ],
          [
            13.37524,
            41.28801
          ],
          [
            13.37503,
            41.28806
          ],
          [
            13.37488,
            41.28809
          ],
          [
            13.37365,
            41.28834
          ],
          [
            13.37244,
            41.28859
          ],
          [
            13.37091,
            41.28891
          ],
          [
            13.37079,
            41.28897
          ],
          [
            13.37074,
            41.28898
          ],
          [
            13.37046,
            41.28903
          ],
          [
            13.3704,
            41.28904
          ],
          [
            13.37028,
            41.28906
          ],
          [
            13.36985,
            41.28915
          ],
          [
            13.36927,
            41.28926
          ],
          [
            13.36898,
            41.28933
          ],
          [
            13.3687,
            41.28939
          ],
          [
            13.36788,
            41.28956
          ],
          [
            13.36774,
            41.28956
          ],
          [
            13.36744,
            41.28962
          ],
          [
            13.3674,
            41.28963
          ],
          [
            13.36734,
            41.28964
          ],
          [
            13.36728,
            41.28965
          ],
          [
            13.36721,
            41.28967
          ],
          [
            13.36517,
            41.2901
          ],
          [
            13.36423,
            41.29029
          ],
          [
            13.36396,
            41.29034
          ],
          [
            13.36344,
            41.29045
          ],
          [
            13.36269,
            41.29061
          ],
          [
            13.362,
            41.29076
          ],
          [
            13.36068,
            41.29104
          ],
          [
            13.36021,
            41.29114
          ],
          [
            13.35919,
            41.29136
          ],
          [
            13.35896,
            41.29141
          ],
          [
            13.35882,
            41.29144
          ],
          [
            13.35848,
            41.29151
          ],
          [
            13.3583,
            41.29155
          ],
          [
            13.35809,
            41.29159
          ],
          [
            13.35804,
            41.29162
          ],
          [
            13.3579,
            41.29165
          ],
          [
            13.35773,
            41.29169
          ],
          [
            13.35763,
            41.29172
          ],
          [
            13.35751,
            41.29175
          ],
          [
            13.35734,
            41.29179
          ],
          [
            13.35698,
            41.29186
          ],
          [
            13.35601,
            41.29207
          ],
          [
            13.35598,
            41.29207
          ],
          [
            13.35576,
            41.29211
          ],
          [
            13.35557,
            41.29214
          ],
          [
            13.35555,
            41.29215
          ],
          [
            13.35547,
            41.29215
          ],
          [
            13.35477,
            41.2923
          ],
          [
            13.35385,
            41.2925
          ],
          [
            13.35376,
            41.29252
          ],
          [
            13.35177,
            41.29295
          ],
          [
            13.34965,
            41.2934
          ],
          [
            13.34889,
            41.29356
          ],
          [
            13.34842,
            41.29365
          ],
          [
            13.34779,
            41.29375
          ],
          [
            13.34696,
            41.29386
          ],
          [
            13.34695,
            41.29387
          ],
          [
            13.34683,
            41.29388
          ],
          [
            13.34598,
            41.29401
          ],
          [
            13.34562,
            41.29407
          ],
          [
            13.34562,
            41.29408
          ],
          [
            13.34562,
            41.29409
          ],
          [
            13.34562,
            41.2941
          ],
          [
            13.34562,
            41.29411
          ],
          [
            13.34561,
            41.29412
          ],
          [
            13.34561,
            41.29413
          ],
          [
            13.34561,
            41.29414
          ],
          [
            13.3456,
            41.29415
          ],
          [
            13.3456,
            41.29416
          ],
          [
            13.34559,
            41.29417
          ],
          [
            13.34558,
            41.29418
          ],
          [
            13.34557,
            41.29419
          ],
          [
            13.34556,
            41.2942
          ],
          [
            13.34555,
            41.2942
          ],
          [
            13.34554,
            41.29421
          ],
          [
            13.34553,
            41.29422
          ],
          [
            13.34552,
            41.29422
          ],
          [
            13.34551,
            41.29423
          ],
          [
            13.34549,
            41.29423
          ],
          [
            13.34548,
            41.29423
          ],
          [
            13.34547,
            41.29423
          ],
          [
            13.34546,
            41.29424
          ],
          [
            13.34544,
            41.29424
          ],
          [
            13.34543,
            41.29424
          ],
          [
            13.34542,
            41.29424
          ],
          [
            13.34541,
            41.29424
          ],
          [
            13.34539,
            41.29424
          ],
          [
            13.34538,
            41.29424
          ],
          [
            13.34537,
            41.29423
          ],
          [
            13.34536,
            41.29423
          ],
          [
            13.34534,
            41.29423
          ],
          [
            13.34533,
            41.29422
          ],
          [
            13.34532,
            41.29422
          ],
          [
            13.34531,
            41.29421
          ],
          [
            13.3453,
            41.29421
          ],
          [
            13.34529,
            41.2942
          ],
          [
            13.34528,
            41.29419
          ],
          [
            13.34527,
            41.29419
          ],
          [
            13.34526,
            41.29418
          ],
          [
            13.34526,
            41.29417
          ],
          [
            13.34525,
            41.29416
          ],
          [
            13.34524,
            41.29415
          ],
          [
            13.34524,
            41.29414
          ],
          [
            13.34523,
            41.29412
          ],
          [
            13.34484,
            41.29417
          ],
          [
            13.34445,
            41.29422
          ],
          [
            13.34426,
            41.29425
          ],
          [
            13.34356,
            41.29434
          ],
          [
            13.34341,
            41.29437
          ],
          [
            13.34335,
            41.29437
          ],
          [
            13.34329,
            41.29438
          ],
          [
            13.34312,
            41.29441
          ],
          [
            13.34241,
            41.29451
          ],
          [
            13.34218,
            41.29454
          ],
          [
            13.34166,
            41.29461
          ],
          [
            13.34093,
            41.29471
          ],
          [
            13.3407,
            41.29475
          ],
          [
            13.33989,
            41.29486
          ],
          [
            13.33983,
            41.29487
          ],
          [
            13.33977,
            41.29488
          ],
          [
            13.33936,
            41.29493
          ],
          [
            13.33834,
            41.29508
          ],
          [
            13.33822,
            41.29509
          ],
          [
            13.33816,
            41.2951
          ],
          [
            13.33812,
            41.29511
          ],
          [
            13.33811,
            41.29511
          ],
          [
            13.33795,
            41.29513
          ],
          [
            13.33741,
            41.29524
          ],
          [
            13.33718,
            41.29534
          ],
          [
            13.33707,
            41.29539
          ],
          [
            13.33694,
            41.29543
          ],
          [
            13.33695,
            41.29544
          ],
          [
            13.33695,
            41.29545
          ],
          [
            13.33695,
            41.29547
          ],
          [
            13.33695,
            41.29548
          ],
          [
            13.33695,
            41.29549
          ],
          [
            13.33695,
            41.2955
          ],
          [
            13.33695,
            41.29551
          ],
          [
            13.33695,
            41.29552
          ],
          [
            13.33695,
            41.29554
          ],
          [
            13.33694,
            41.29555
          ],
          [
            13.33693,
            41.29556
          ],
          [
            13.33693,
            41.29557
          ],
          [
            13.33692,
            41.29558
          ],
          [
            13.33691,
            41.29559
          ],
          [
            13.3369,
            41.2956
          ],
          [
            13.33689,
            41.29561
          ],
          [
            13.33688,
            41.29561
          ],
          [
            13.33686,
            41.29562
          ],
          [
            13.33685,
            41.29563
          ],
          [
            13.33684,
            41.29563
          ],
          [
            13.33682,
            41.29564
          ],
          [
            13.33681,
            41.29564
          ],
          [
            13.33678,
            41.29565
          ],
          [
            13.33676,
            41.29565
          ],
          [
            13.33675,
            41.29565
          ],
          [
            13.33673,
            41.29565
          ],
          [
            13.33671,
            41.29565
          ],
          [
            13.3367,
            41.29565
          ],
          [
            13.33668,
            41.29565
          ],
          [
            13.33667,
            41.29564
          ],
          [
            13.33665,
            41.29564
          ],
          [
            13.33664,
            41.29563
          ],
          [
            13.33662,
            41.29563
          ],
          [
            13.33661,
            41.29562
          ],
          [
            13.3366,
            41.29561
          ],
          [
            13.33659,
            41.29561
          ],
          [
            13.33658,
            41.2956
          ],
          [
            13.33657,
            41.29559
          ],
          [
            13.33656,
            41.29558
          ],
          [
            13.33655,
            41.29557
          ],
          [
            13.33654,
            41.29556
          ],
          [
            13.33653,
            41.29555
          ],
          [
            13.33653,
            41.29554
          ],
          [
            13.33653,
            41.29553
          ],
          [
            13.33652,
            41.29551
          ],
          [
            13.33652,
            41.2955
          ],
          [
            13.33652,
            41.29549
          ],
          [
            13.33652,
            41.29548
          ],
          [
            13.33652,
            41.29547
          ],
          [
            13.33652,
            41.29545
          ],
          [
            13.33646,
            41.29544
          ],
          [
            13.3364,
            41.29543
          ],
          [
            13.33634,
            41.29542
          ],
          [
            13.33627,
            41.29542
          ],
          [
            13.33621,
            41.29542
          ],
          [
            13.33614,
            41.29542
          ],
          [
            13.33604,
            41.29542
          ],
          [
            13.33568,
            41.29545
          ],
          [
            13.33531,
            41.29549
          ],
          [
            13.33494,
            41.29551
          ],
          [
            13.33473,
            41.29552
          ],
          [
            13.33456,
            41.29553
          ],
          [
            13.3345,
            41.29553
          ],
          [
            13.3344,
            41.29554
          ],
          [
            13.33425,
            41.29554
          ],
          [
            13.3341,
            41.29553
          ],
          [
            13.33397,
            41.29553
          ],
          [
            13.33386,
            41.29553
          ],
          [
            13.33369,
            41.29552
          ],
          [
            13.33351,
            41.29551
          ],
          [
            13.3334,
            41.2955
          ],
          [
            13.33329,
            41.29549
          ],
          [
            13.33315,
            41.29547
          ],
          [
            13.33289,
            41.29542
          ],
          [
            13.33283,
            41.29541
          ],
          [
            13.33281,
            41.29541
          ],
          [
            13.33276,
            41.29539
          ],
          [
            13.33225,
            41.2953
          ],
          [
            13.33214,
            41.29527
          ],
          [
            13.33202,
            41.29524
          ],
          [
            13.33178,
            41.29518
          ],
          [
            13.33071,
            41.29486
          ],
          [
            13.33058,
            41.29482
          ],
          [
            13.3305,
            41.2948
          ],
          [
            13.33033,
            41.29475
          ],
          [
            13.3302,
            41.29471
          ],
          [
            13.33016,
            41.2947
          ],
          [
            13.33015,
            41.29469
          ],
          [
            13.32995,
            41.29464
          ],
          [
            13.32975,
            41.29459
          ],
          [
            13.32939,
            41.29451
          ],
          [
            13.32924,
            41.29447
          ],
          [
            13.32904,
            41.29443
          ],
          [
            13.3289,
            41.2944
          ],
          [
            13.32875,
            41.29438
          ],
          [
            13.32852,
            41.29435
          ],
          [
            13.32831,
            41.29433
          ],
          [
            13.32825,
            41.29432
          ],
          [
            13.32816,
            41.29432
          ],
          [
            13.32803,
            41.29431
          ],
          [
            13.3279,
            41.2943
          ],
          [
            13.32765,
            41.29429
          ],
          [
            13.32741,
            41.2943
          ],
          [
            13.32718,
            41.29431
          ],
          [
            13.32695,
            41.29433
          ],
          [
            13.3267,
            41.29436
          ],
          [
            13.32638,
            41.29439
          ],
          [
            13.32551,
            41.29453
          ],
          [
            13.32531,
            41.29456
          ],
          [
            13.32512,
            41.2946
          ],
          [
            13.3249,
            41.29464
          ],
          [
            13.32427,
            41.29476
          ],
          [
            13.32409,
            41.29479
          ],
          [
            13.32384,
            41.29484
          ],
          [
            13.32301,
            41.29499
          ],
          [
            13.32272,
            41.29505
          ],
          [
            13.32254,
            41.29508
          ],
          [
            13.32211,
            41.29515
          ],
          [
            13.32187,
            41.29519
          ],
          [
            13.32158,
            41.29523
          ],
          [
            13.3211,
            41.29529
          ],
          [
            13.32078,
            41.29533
          ],
          [
            13.32077,
            41.29533
          ],
          [
            13.32071,
            41.29534
          ],
          [
            13.32017,
            41.29539
          ],
          [
            13.3198,
            41.29542
          ],
          [
            13.31964,
            41.29544
          ],
          [
            13.31899,
            41.29548
          ],
          [
            13.31826,
            41.29551
          ],
          [
            13.31797,
            41.29553
          ],
          [
            13.31792,
            41.29553
          ],
          [
            13.31773,
            41.29554
          ],
          [
            13.31768,
            41.29554
          ],
          [
            13.31758,
            41.29554
          ],
          [
            13.31697,
            41.29557
          ],
          [
            13.31646,
            41.29559
          ],
          [
            13.31573,
            41.29564
          ],
          [
            13.31568,
            41.29565
          ],
          [
            13.31554,
            41.29566
          ],
          [
            13.3145,
            41.29577
          ],
          [
            13.31417,
            41.29581
          ],
          [
            13.31368,
            41.29587
          ],
          [
            13.31358,
            41.29589
          ],
          [
            13.31334,
            41.29592
          ],
          [
            13.31289,
            41.29599
          ],
          [
            13.31238,
            41.29607
          ],
          [
            13.31208,
            41.29612
          ],
          [
            13.31143,
            41.29621
          ],
          [
            13.31045,
            41.29636
          ],
          [
            13.31014,
            41.29641
          ],
          [
            13.31002,
            41.29642
          ],
          [
            13.30972,
            41.29647
          ],
          [
            13.3096,
            41.29649
          ],
          [
            13.30933,
            41.29653
          ],
          [
            13.30894,
            41.29659
          ],
          [
            13.30824,
            41.2967
          ],
          [
            13.30809,
            41.29672
          ],
          [
            13.30783,
            41.29676
          ],
          [
            13.30766,
            41.29679
          ],
          [
            13.30738,
            41.29683
          ],
          [
            13.30684,
            41.29691
          ],
          [
            13.30675,
            41.29693
          ],
          [
            13.30638,
            41.29698
          ],
          [
            13.30594,
            41.29705
          ],
          [
            13.30555,
            41.2971
          ],
          [
            13.30526,
            41.29715
          ],
          [
            13.30514,
            41.29717
          ],
          [
            13.30498,
            41.29719
          ],
          [
            13.30475,
            41.29722
          ],
          [
            13.30455,
            41.29726
          ],
          [
            13.30417,
            41.29733
          ],
          [
            13.30406,
            41.29736
          ],
          [
            13.30389,
            41.2974
          ],
          [
            13.30377,
            41.29743
          ],
          [
            13.30348,
            41.29751
          ],
          [
            13.30332,
            41.29756
          ],
          [
            13.30324,
            41.29758
          ],
          [
            13.30314,
            41.29762
          ],
          [
            13.30289,
            41.29771
          ],
          [
            13.30273,
            41.29776
          ],
          [
            13.30264,
            41.2978
          ],
          [
            13.30246,
            41.29786
          ],
          [
            13.30218,
            41.29797
          ],
          [
            13.30211,
            41.29799
          ],
          [
            13.30204,
            41.29802
          ],
          [
            13.30189,
            41.29807
          ],
          [
            13.30153,
            41.2982
          ],
          [
            13.30139,
            41.29824
          ],
          [
            13.30128,
            41.29827
          ],
          [
            13.30111,
            41.29832
          ],
          [
            13.30083,
            41.2984
          ],
          [
            13.3005,
            41.29849
          ],
          [
            13.30048,
            41.29849
          ],
          [
            13.30036,
            41.29852
          ],
          [
            13.29996,
            41.29861
          ],
          [
            13.29978,
            41.29866
          ],
          [
            13.29908,
            41.29882
          ],
          [
            13.29897,
            41.29885
          ],
          [
            13.29896,
            41.29885
          ],
          [
            13.29877,
            41.2989
          ],
          [
            13.29864,
            41.29893
          ],
          [
            13.29835,
            41.29899
          ],
          [
            13.29758,
            41.29917
          ],
          [
            13.29749,
            41.29919
          ],
          [
            13.29748,
            41.2992
          ],
          [
            13.29745,
            41.2992
          ],
          [
            13.29744,
            41.29921
          ],
          [
            13.29701,
            41.2993
          ],
          [
            13.29641,
            41.29944
          ],
          [
            13.29593,
            41.29955
          ],
          [
            13.29557,
            41.29964
          ],
          [
            13.29535,
            41.29968
          ],
          [
            13.29503,
            41.29976
          ],
          [
            13.29472,
            41.29982
          ],
          [
            13.29449,
            41.29987
          ],
          [
            13.29396,
            41.29996
          ],
          [
            13.29356,
            41.30002
          ],
          [
            13.29316,
            41.30006
          ],
          [
            13.29233,
            41.30012
          ],
          [
            13.29227,
            41.30012
          ],
          [
            13.29184,
            41.30016
          ],
          [
            13.29118,
            41.3002
          ],
          [
            13.29058,
            41.30024
          ],
          [
            13.29034,
            41.30025
          ],
          [
            13.29008,
            41.30027
          ],
          [
            13.28997,
            41.30027
          ],
          [
            13.28947,
            41.30031
          ],
          [
            13.28927,
            41.30032
          ],
          [
            13.28844,
            41.30038
          ],
          [
            13.28838,
            41.30038
          ],
          [
            13.28831,
            41.30039
          ],
          [
            13.28818,
            41.30042
          ],
          [
            13.28795,
            41.30045
          ],
          [
            13.28779,
            41.30047
          ],
          [
            13.28764,
            41.3005
          ],
          [
            13.28761,
            41.30051
          ],
          [
            13.28748,
            41.30054
          ],
          [
            13.28735,
            41.30058
          ],
          [
            13.28723,
            41.30062
          ],
          [
            13.28713,
            41.30065
          ],
          [
            13.28692,
            41.30073
          ],
          [
            13.28657,
            41.30089
          ],
          [
            13.2864,
            41.30096
          ],
          [
            13.28627,
            41.30102
          ],
          [
            13.28616,
            41.30107
          ],
          [
            13.28604,
            41.30113
          ],
          [
            13.28593,
            41.30117
          ],
          [
            13.28587,
            41.30119
          ],
          [
            13.28576,
            41.30123
          ],
          [
            13.28572,
            41.30124
          ],
          [
            13.28567,
            41.30126
          ],
          [
            13.2856,
            41.30127
          ],
          [
            13.2856,
            41.30128
          ],
          [
            13.28551,
            41.3013
          ],
          [
            13.28543,
            41.30131
          ],
          [
            13.28531,
            41.30134
          ],
          [
            13.28518,
            41.30136
          ],
          [
            13.28506,
            41.30137
          ],
          [
            13.28496,
            41.30137
          ],
          [
            13.28488,
            41.30138
          ],
          [
            13.28475,
            41.30138
          ],
          [
            13.28459,
            41.30137
          ],
          [
            13.28453,
            41.30137
          ],
          [
            13.28437,
            41.30136
          ],
          [
            13.28428,
            41.30134
          ],
          [
            13.28424,
            41.30134
          ],
          [
            13.2842,
            41.30133
          ],
          [
            13.28416,
            41.30132
          ],
          [
            13.28406,
            41.3013
          ],
          [
            13.28397,
            41.30128
          ],
          [
            13.2839,
            41.30127
          ],
          [
            13.28386,
            41.30125
          ],
          [
            13.28376,
            41.30122
          ],
          [
            13.28374,
            41.30122
          ],
          [
            13.28367,
            41.30119
          ],
          [
            13.2836,
            41.30117
          ],
          [
            13.2834,
            41.30109
          ],
          [
            13.28334,
            41.30106
          ],
          [
            13.28323,
            41.30102
          ],
          [
            13.28302,
            41.30096
          ],
          [
            13.283,
            41.30095
          ],
          [
            13.28299,
            41.30095
          ],
          [
            13.28285,
            41.30091
          ],
          [
            13.2828,
            41.30089
          ],
          [
            13.28277,
            41.30088
          ],
          [
            13.28257,
            41.30085
          ],
          [
            13.28253,
            41.30084
          ],
          [
            13.28238,
            41.30082
          ],
          [
            13.28217,
            41.30079
          ],
          [
            13.28212,
            41.30078
          ],
          [
            13.2821,
            41.30078
          ],
          [
            13.28206,
            41.30077
          ],
          [
            13.28187,
            41.30073
          ],
          [
            13.2816,
            41.3007
          ],
          [
            13.28064,
            41.3006
          ],
          [
            13.28061,
            41.30059
          ],
          [
            13.28039,
            41.30057
          ],
          [
            13.28037,
            41.30057
          ],
          [
            13.28031,
            41.30056
          ],
          [
            13.28017,
            41.30055
          ],
          [
            13.27944,
            41.30048
          ],
          [
            13.2794,
            41.30047
          ],
          [
            13.27935,
            41.30047
          ],
          [
            13.27916,
            41.30044
          ],
          [
            13.27897,
            41.30042
          ],
          [
            13.27872,
            41.3004
          ],
          [
            13.27849,
            41.30038
          ],
          [
            13.27826,
            41.30035
          ],
          [
            13.27794,
            41.30032
          ],
          [
            13.27775,
            41.3003
          ],
          [
            13.27759,
            41.30028
          ],
          [
            13.27726,
            41.30025
          ],
          [
            13.27706,
            41.30023
          ],
          [
            13.27683,
            41.30021
          ],
          [
            13.27658,
            41.30019
          ],
          [
            13.27644,
            41.30017
          ],
          [
            13.27629,
            41.30016
          ],
          [
            13.2761,
            41.30014
          ],
          [
            13.27597,
            41.30013
          ],
          [
            13.27593,
            41.30012
          ],
          [
            13.27573,
            41.3001
          ],
          [
            13.27555,
            41.30009
          ],
          [
            13.27537,
            41.30007
          ],
          [
            13.27522,
            41.30005
          ],
          [
            13.27495,
            41.30003
          ],
          [
            13.2746,
            41.29999
          ],
          [
            13.27439,
            41.29997
          ],
          [
            13.27412,
            41.29995
          ],
          [
            13.27406,
            41.29994
          ],
          [
            13.27401,
            41.29994
          ],
          [
            13.27351,
            41.29989
          ],
          [
            13.27305,
            41.29984
          ],
          [
            13.27268,
            41.29981
          ],
          [
            13.27241,
            41.29978
          ],
          [
            13.27219,
            41.29976
          ],
          [
            13.27206,
            41.29975
          ],
          [
            13.27194,
            41.29973
          ],
          [
            13.27171,
            41.29971
          ],
          [
            13.27141,
            41.29968
          ],
          [
            13.27099,
            41.29963
          ],
          [
            13.27048,
            41.29958
          ],
          [
            13.27012,
            41.29955
          ],
          [
            13.26986,
            41.29952
          ],
          [
            13.26966,
            41.2995
          ],
          [
            13.26952,
            41.29949
          ],
          [
            13.26913,
            41.29945
          ],
          [
            13.26855,
            41.29939
          ],
          [
            13.26819,
            41.29935
          ],
          [
            13.2681,
            41.29935
          ],
          [
            13.26788,
            41.29932
          ],
          [
            13.26767,
            41.2993
          ],
          [
            13.26745,
            41.29929
          ],
          [
            13.26724,
            41.29927
          ],
          [
            13.26702,
            41.29924
          ],
          [
            13.26685,
            41.29923
          ],
          [
            13.26648,
            41.29919
          ],
          [
            13.26622,
            41.29916
          ],
          [
            13.26604,
            41.29914
          ],
          [
            13.26589,
            41.29913
          ],
          [
            13.26568,
            41.29911
          ],
          [
            13.26544,
            41.29909
          ],
          [
            13.26521,
            41.29906
          ],
          [
            13.26508,
            41.29905
          ],
          [
            13.2649,
            41.29903
          ],
          [
            13.26473,
            41.29901
          ],
          [
            13.2646,
            41.299
          ],
          [
            13.26443,
            41.29898
          ],
          [
            13.26426,
            41.29897
          ],
          [
            13.26416,
            41.29895
          ],
          [
            13.26398,
            41.29894
          ],
          [
            13.26372,
            41.29891
          ],
          [
            13.26341,
            41.29888
          ],
          [
            13.26312,
            41.29885
          ],
          [
            13.26283,
            41.29882
          ],
          [
            13.26246,
            41.29878
          ],
          [
            13.26093,
            41.29863
          ],
          [
            13.25959,
            41.29849
          ],
          [
            13.25932,
            41.29846
          ],
          [
            13.25899,
            41.29843
          ],
          [
            13.25863,
            41.29839
          ],
          [
            13.25837,
            41.29837
          ],
          [
            13.25804,
            41.29834
          ],
          [
            13.2578,
            41.29833
          ],
          [
            13.25756,
            41.29832
          ],
          [
            13.25741,
            41.29831
          ],
          [
            13.25721,
            41.2983
          ],
          [
            13.25706,
            41.2983
          ],
          [
            13.25688,
            41.2983
          ],
          [
            13.25666,
            41.29829
          ],
          [
            13.25617,
            41.29829
          ],
          [
            13.25605,
            41.2983
          ],
          [
            13.2557,
            41.2983
          ],
          [
            13.2555,
            41.29831
          ],
          [
            13.25529,
            41.29832
          ],
          [
            13.25504,
            41.29833
          ],
          [
            13.2548,
            41.29835
          ],
          [
            13.25459,
            41.29836
          ],
          [
            13.25436,
            41.29838
          ],
          [
            13.25398,
            41.29841
          ],
          [
            13.25377,
            41.29844
          ],
          [
            13.25334,
            41.29848
          ],
          [
            13.25314,
            41.29851
          ],
          [
            13.25295,
            41.29854
          ],
          [
            13.25286,
            41.29855
          ],
          [
            13.25269,
            41.29857
          ],
          [
            13.25246,
            41.29861
          ],
          [
            13.25207,
            41.29868
          ],
          [
            13.25163,
            41.29876
          ],
          [
            13.25139,
            41.29881
          ],
          [
            13.25108,
            41.29888
          ],
          [
            13.25075,
            41.29896
          ],
          [
            13.25046,
            41.29903
          ],
          [
            13.2501,
            41.29912
          ],
          [
            13.24985,
            41.29919
          ],
          [
            13.24941,
            41.29932
          ],
          [
            13.24824,
            41.29969
          ],
          [
            13.24816,
            41.29972
          ],
          [
            13.24806,
            41.29975
          ],
          [
            13.24719,
            41.30003
          ],
          [
            13.24621,
            41.30035
          ],
          [
            13.24546,
            41.30059
          ],
          [
            13.24513,
            41.30067
          ],
          [
            13.24507,
            41.30069
          ],
          [
            13.24485,
            41.30075
          ],
          [
            13.24468,
            41.3008
          ],
          [
            13.24446,
            41.30086
          ],
          [
            13.24418,
            41.30095
          ],
          [
            13.24406,
            41.30098
          ],
          [
            13.2439,
            41.30104
          ],
          [
            13.24377,
            41.30108
          ],
          [
            13.24373,
            41.30109
          ],
          [
            13.24362,
            41.30113
          ],
          [
            13.24351,
            41.30116
          ],
          [
            13.24308,
            41.3013
          ],
          [
            13.24236,
            41.30154
          ],
          [
            13.24231,
            41.30155
          ],
          [
            13.24163,
            41.30177
          ],
          [
            13.24141,
            41.30185
          ],
          [
            13.24117,
            41.30193
          ],
          [
            13.24106,
            41.30196
          ],
          [
            13.2404,
            41.30217
          ],
          [
            13.24023,
            41.30222
          ],
          [
            13.23991,
            41.30231
          ],
          [
            13.23966,
            41.30237
          ],
          [
            13.23933,
            41.30244
          ],
          [
            13.23909,
            41.30248
          ],
          [
            13.23899,
            41.3025
          ],
          [
            13.23897,
            41.3025
          ],
          [
            13.23882,
            41.30253
          ],
          [
            13.23864,
            41.30256
          ],
          [
            13.2383,
            41.3026
          ],
          [
            13.23802,
            41.30263
          ],
          [
            13.23779,
            41.30264
          ],
          [
            13.23761,
            41.30266
          ],
          [
            13.2374,
            41.30267
          ],
          [
            13.23704,
            41.30268
          ],
          [
            13.23688,
            41.30268
          ],
          [
            13.23668,
            41.30268
          ],
          [
            13.23637,
            41.30267
          ],
          [
            13.23635,
            41.30267
          ],
          [
            13.23603,
            41.30265
          ],
          [
            13.2357,
            41.30263
          ],
          [
            13.23547,
            41.3026
          ],
          [
            13.23506,
            41.30255
          ],
          [
            13.2349,
            41.30252
          ],
          [
            13.23469,
            41.30249
          ],
          [
            13.23418,
            41.3024
          ],
          [
            13.23351,
            41.30227
          ],
          [
            13.23328,
            41.30223
          ],
          [
            13.23303,
            41.30219
          ],
          [
            13.23188,
            41.30198
          ],
          [
            13.23173,
            41.30195
          ],
          [
            13.23156,
            41.30192
          ],
          [
            13.23132,
            41.30188
          ],
          [
            13.23128,
            41.30187
          ],
          [
            13.2312,
            41.30186
          ],
          [
            13.2308,
            41.30179
          ],
          [
            13.23055,
            41.30174
          ],
          [
            13.23026,
            41.30169
          ],
          [
            13.22964,
            41.30158
          ],
          [
            13.22913,
            41.30149
          ],
          [
            13.22861,
            41.3014
          ],
          [
            13.22849,
            41.30142
          ],
          [
            13.22848,
            41.30142
          ],
          [
            13.22835,
            41.30141
          ],
          [
            13.22819,
            41.3014
          ],
          [
            13.22803,
            41.3014
          ],
          [
            13.22788,
            41.3014
          ],
          [
            13.22781,
            41.3014
          ],
          [
            13.22772,
            41.30142
          ],
          [
            13.22766,
            41.30144
          ],
          [
            13.22757,
            41.30148
          ],
          [
            13.22754,
            41.3015
          ],
          [
            13.2275,
            41.30152
          ],
          [
            13.22745,
            41.30156
          ],
          [
            13.22741,
            41.3016
          ],
          [
            13.22736,
            41.30166
          ],
          [
            13.22734,
            41.30171
          ],
          [
            13.22731,
            41.30175
          ],
          [
            13.2273,
            41.3018
          ],
          [
            13.22729,
            41.30184
          ],
          [
            13.22728,
            41.30189
          ],
          [
            13.22728,
            41.30195
          ],
          [
            13.22729,
            41.302
          ],
          [
            13.22731,
            41.30205
          ],
          [
            13.22733,
            41.30208
          ],
          [
            13.22734,
            41.30211
          ],
          [
            13.22737,
            41.30215
          ],
          [
            13.22742,
            41.30219
          ],
          [
            13.22746,
            41.30223
          ],
          [
            13.22751,
            41.30227
          ],
          [
            13.22752,
            41.30227
          ],
          [
            13.22754,
            41.30233
          ],
          [
            13.22772,
            41.30239
          ],
          [
            13.22779,
            41.30241
          ],
          [
            13.2279,
            41.30243
          ],
          [
            13.228,
            41.30244
          ],
          [
            13.22805,
            41.30245
          ],
          [
            13.22812,
            41.30245
          ],
          [
            13.2282,
            41.30245
          ],
          [
            13.22829,
            41.30244
          ],
          [
            13.22838,
            41.30243
          ],
          [
            13.22846,
            41.30241
          ],
          [
            13.22856,
            41.30238
          ],
          [
            13.22858,
            41.30237
          ],
          [
            13.22861,
            41.30236
          ],
          [
            13.22866,
            41.30234
          ],
          [
            13.2287,
            41.30232
          ],
          [
            13.22873,
            41.3023
          ],
          [
            13.22878,
            41.30227
          ],
          [
            13.22881,
            41.30225
          ],
          [
            13.22886,
            41.30221
          ],
          [
            13.22892,
            41.30215
          ],
          [
            13.22893,
            41.30215
          ],
          [
            13.22894,
            41.30214
          ],
          [
            13.22896,
            41.30211
          ],
          [
            13.22902,
            41.30202
          ],
          [
            13.22905,
            41.30197
          ],
          [
            13.22908,
            41.3019
          ],
          [
            13.22909,
            41.30188
          ],
          [
            13.2291,
            41.30182
          ],
          [
            13.22912,
            41.30176
          ],
          [
            13.22915,
            41.30165
          ],
          [
            13.22916,
            41.30163
          ],
          [
            13.2292,
            41.30147
          ],
          [
            13.22931,
            41.30109
          ],
          [
            13.22932,
            41.30105
          ],
          [
            13.22934,
            41.301
          ],
          [
            13.22937,
            41.3009
          ],
          [
            13.22942,
            41.30072
          ],
          [
            13.22943,
            41.30066
          ],
          [
            13.22946,
            41.30057
          ],
          [
            13.22947,
            41.30053
          ],
          [
            13.22954,
            41.3003
          ],
          [
            13.22959,
            41.3001
          ],
          [
            13.22967,
            41.29985
          ],
          [
            13.22976,
            41.29952
          ],
          [
            13.22986,
            41.29918
          ],
          [
            13.2299,
            41.29902
          ],
          [
            13.23001,
            41.29863
          ],
          [
            13.23003,
            41.29846
          ],
          [
            13.23005,
            41.29838
          ],
          [
            13.23007,
            41.29829
          ],
          [
            13.23008,
            41.29821
          ],
          [
            13.23008,
            41.29816
          ],
          [
            13.23008,
            41.29806
          ],
          [
            13.23009,
            41.29795
          ],
          [
            13.23008,
            41.29782
          ],
          [
            13.23007,
            41.29777
          ],
          [
            13.23006,
            41.29771
          ],
          [
            13.23005,
            41.29763
          ],
          [
            13.23004,
            41.29758
          ],
          [
            13.23004,
            41.29757
          ],
          [
            13.23002,
            41.29749
          ],
          [
            13.22997,
            41.29728
          ],
          [
            13.22995,
            41.29722
          ],
          [
            13.22992,
            41.29714
          ],
          [
            13.22988,
            41.29705
          ],
          [
            13.22988,
            41.29704
          ],
          [
            13.2298,
            41.29689
          ],
          [
            13.22978,
            41.29685
          ],
          [
            13.22976,
            41.29681
          ],
          [
            13.22968,
            41.29669
          ],
          [
            13.22966,
            41.29666
          ],
          [
            13.22964,
            41.29662
          ],
          [
            13.22961,
            41.29658
          ],
          [
            13.22957,
            41.29652
          ],
          [
            13.22948,
            41.2964
          ],
          [
            13.22943,
            41.29634
          ],
          [
            13.22939,
            41.29629
          ],
          [
            13.22932,
            41.29622
          ],
          [
            13.22922,
            41.29611
          ],
          [
            13.22916,
            41.29605
          ],
          [
            13.22915,
            41.29604
          ],
          [
            13.22913,
            41.29602
          ],
          [
            13.22904,
            41.29594
          ],
          [
            13.22897,
            41.29589
          ],
          [
            13.22892,
            41.29585
          ],
          [
            13.22889,
            41.29582
          ],
          [
            13.22879,
            41.29574
          ],
          [
            13.22874,
            41.29571
          ],
          [
            13.22855,
            41.29559
          ],
          [
            13.22843,
            41.29552
          ],
          [
            13.22817,
            41.29537
          ],
          [
            13.22791,
            41.29524
          ],
          [
            13.22785,
            41.29521
          ],
          [
            13.22778,
            41.29517
          ],
          [
            13.2277,
            41.29513
          ],
          [
            13.22765,
            41.29511
          ],
          [
            13.2274,
            41.29497
          ],
          [
            13.22721,
            41.29486
          ],
          [
            13.22714,
            41.29481
          ],
          [
            13.22708,
            41.29478
          ],
          [
            13.22664,
            41.2945
          ],
          [
            13.22656,
            41.29444
          ],
          [
            13.2265,
            41.29439
          ],
          [
            13.22643,
            41.29434
          ],
          [
            13.22639,
            41.2943
          ],
          [
            13.22634,
            41.29426
          ],
          [
            13.22625,
            41.29418
          ],
          [
            13.22589,
            41.29383
          ],
          [
            13.22573,
            41.29367
          ],
          [
            13.22571,
            41.29366
          ],
          [
            13.2256,
            41.29355
          ],
          [
            13.22546,
            41.2934
          ],
          [
            13.22541,
            41.29336
          ],
          [
            13.22528,
            41.29322
          ],
          [
            13.22472,
            41.29268
          ],
          [
            13.22443,
            41.2924
          ],
          [
            13.22372,
            41.29172
          ],
          [
            13.2235,
            41.29151
          ],
          [
            13.22338,
            41.2914
          ],
          [
            13.22333,
            41.29135
          ],
          [
            13.22309,
            41.29112
          ],
          [
            13.22284,
            41.29088
          ],
          [
            13.22249,
            41.29056
          ],
          [
            13.22231,
            41.29039
          ],
          [
            13.22211,
            41.29023
          ],
          [
            13.22197,
            41.29012
          ],
          [
            13.22192,
            41.29009
          ],
          [
            13.22182,
            41.29001
          ],
          [
            13.2217,
            41.28992
          ],
          [
            13.22159,
            41.28984
          ],
          [
            13.22149,
            41.28977
          ],
          [
            13.22138,
            41.2897
          ],
          [
            13.22129,
            41.28964
          ],
          [
            13.22128,
            41.28963
          ],
          [
            13.22117,
            41.28956
          ],
          [
            13.22089,
            41.28939
          ],
          [
            13.22066,
            41.28925
          ],
          [
            13.2203,
            41.28905
          ],
          [
            13.22011,
            41.28896
          ],
          [
            13.22,
            41.2889
          ],
          [
            13.21992,
            41.28887
          ],
          [
            13.2198,
            41.28882
          ],
          [
            13.2197,
            41.28878
          ],
          [
            13.21961,
            41.28875
          ],
          [
            13.21926,
            41.28861
          ],
          [
            13.21918,
            41.28858
          ],
          [
            13.21914,
            41.28856
          ],
          [
            13.21893,
            41.28849
          ],
          [
            13.21877,
            41.28843
          ],
          [
            13.21856,
            41.28836
          ],
          [
            13.21841,
            41.2883
          ],
          [
            13.21824,
            41.28825
          ],
          [
            13.21818,
            41.28823
          ],
          [
            13.21814,
            41.28822
          ],
          [
            13.21804,
            41.28819
          ],
          [
            13.21791,
            41.28816
          ],
          [
            13.21783,
            41.28813
          ],
          [
            13.2176,
            41.28808
          ],
          [
            13.2174,
            41.28803
          ],
          [
            13.21727,
            41.28799
          ],
          [
            13.21714,
            41.28795
          ],
          [
            13.21698,
            41.28792
          ],
          [
            13.2167,
            41.28785
          ],
          [
            13.21629,
            41.28776
          ],
          [
            13.21562,
            41.28762
          ],
          [
            13.21556,
            41.28761
          ],
          [
            13.21543,
            41.28758
          ],
          [
            13.21533,
            41.28756
          ],
          [
            13.21521,
            41.28754
          ],
          [
            13.21518,
            41.28754
          ],
          [
            13.21512,
            41.28753
          ],
          [
            13.21496,
            41.28751
          ],
          [
            13.21475,
            41.28748
          ],
          [
            13.21474,
            41.28748
          ],
          [
            13.21442,
            41.28745
          ],
          [
            13.21436,
            41.28744
          ],
          [
            13.214,
            41.2874
          ],
          [
            13.214,
            41.28743
          ],
          [
            13.21399,
            41.28744
          ],
          [
            13.21398,
            41.28746
          ],
          [
            13.21397,
            41.28747
          ],
          [
            13.21396,
            41.28749
          ],
          [
            13.21395,
            41.2875
          ],
          [
            13.21393,
            41.28751
          ],
          [
            13.21392,
            41.28753
          ],
          [
            13.2139,
            41.28754
          ],
          [
            13.21388,
            41.28755
          ],
          [
            13.21386,
            41.28755
          ],
          [
            13.21384,
            41.28756
          ],
          [
            13.21382,
            41.28757
          ],
          [
            13.2138,
            41.28757
          ],
          [
            13.21377,
            41.28757
          ],
          [
            13.21375,
            41.28757
          ],
          [
            13.21373,
            41.28757
          ],
          [
            13.21369,
            41.28757
          ],
          [
            13.21367,
            41.28756
          ],
          [
            13.21365,
            41.28756
          ],
          [
            13.21362,
            41.28755
          ],
          [
            13.21361,
            41.28754
          ],
          [
            13.21359,
            41.28753
          ],
          [
            13.21357,
            41.28752
          ],
          [
            13.21355,
            41.28751
          ],
          [
            13.21354,
            41.2875
          ],
          [
            13.21353,
            41.28748
          ],
          [
            13.21352,
            41.28747
          ],
          [
            13.21351,
            41.28745
          ],
          [
            13.2135,
            41.28744
          ],
          [
            13.21349,
            41.28742
          ],
          [
            13.21349,
            41.28741
          ],
          [
            13.21325,
            41.28743
          ],
          [
            13.21309,
            41.28745
          ],
          [
            13.21297,
            41.28748
          ],
          [
            13.21291,
            41.28749
          ],
          [
            13.21284,
            41.28751
          ],
          [
            13.21278,
            41.28753
          ],
          [
            13.21273,
            41.28755
          ],
          [
            13.21257,
            41.28761
          ],
          [
            13.21256,
            41.28762
          ],
          [
            13.21217,
            41.28777
          ],
          [
            13.21211,
            41.28779
          ],
          [
            13.21198,
            41.28784
          ],
          [
            13.21193,
            41.28785
          ],
          [
            13.21176,
            41.2879
          ],
          [
            13.21161,
            41.28792
          ],
          [
            13.21147,
            41.28794
          ],
          [
            13.21113,
            41.28797
          ],
          [
            13.21085,
            41.28797
          ],
          [
            13.21036,
            41.28798
          ],
          [
            13.21013,
            41.28797
          ],
          [
            13.20994,
            41.28796
          ],
          [
            13.20959,
            41.28794
          ],
          [
            13.20941,
            41.28792
          ],
          [
            13.20904,
            41.28787
          ],
          [
            13.20888,
            41.28784
          ],
          [
            13.20873,
            41.28782
          ],
          [
            13.2082,
            41.28772
          ],
          [
            13.20819,
            41.28772
          ],
          [
            13.20786,
            41.28766
          ],
          [
            13.20762,
            41.28762
          ],
          [
            13.20717,
            41.28754
          ],
          [
            13.20638,
            41.2874
          ],
          [
            13.20611,
            41.28735
          ],
          [
            13.20587,
            41.28731
          ],
          [
            13.20558,
            41.28726
          ],
          [
            13.20555,
            41.28725
          ],
          [
            13.20528,
            41.28721
          ],
          [
            13.20497,
            41.28716
          ],
          [
            13.20479,
            41.28713
          ],
          [
            13.20455,
            41.28709
          ],
          [
            13.20436,
            41.28706
          ],
          [
            13.20355,
            41.28695
          ],
          [
            13.20277,
            41.28684
          ],
          [
            13.20228,
            41.28677
          ],
          [
            13.20188,
            41.28672
          ],
          [
            13.20139,
            41.28666
          ],
          [
            13.20108,
            41.28662
          ],
          [
            13.20093,
            41.2866
          ],
          [
            13.20071,
            41.28657
          ],
          [
            13.20012,
            41.28648
          ],
          [
            13.19949,
            41.28641
          ],
          [
            13.19947,
            41.2864
          ],
          [
            13.1994,
            41.2864
          ],
          [
            13.19877,
            41.28632
          ],
          [
            13.19783,
            41.28623
          ],
          [
            13.19765,
            41.28621
          ],
          [
            13.19763,
            41.28621
          ],
          [
            13.19747,
            41.28619
          ],
          [
            13.19655,
            41.2861
          ],
          [
            13.19636,
            41.28608
          ],
          [
            13.1962,
            41.28606
          ],
          [
            13.19586,
            41.28602
          ],
          [
            13.19552,
            41.28598
          ],
          [
            13.19518,
            41.28593
          ],
          [
            13.19461,
            41.28584
          ],
          [
            13.19452,
            41.28582
          ],
          [
            13.19401,
            41.28573
          ],
          [
            13.19361,
            41.28565
          ],
          [
            13.19299,
            41.28552
          ],
          [
            13.19262,
            41.28544
          ],
          [
            13.19241,
            41.2854
          ],
          [
            13.19214,
            41.28534
          ],
          [
            13.19197,
            41.2853
          ],
          [
            13.19192,
            41.2853
          ],
          [
            13.19191,
            41.2853
          ],
          [
            13.19187,
            41.28529
          ],
          [
            13.19182,
            41.28529
          ],
          [
            13.19177,
            41.28528
          ],
          [
            13.19172,
            41.28527
          ],
          [
            13.19168,
            41.28527
          ],
          [
            13.19163,
            41.28527
          ],
          [
            13.19159,
            41.28527
          ],
          [
            13.19154,
            41.28527
          ],
          [
            13.1915,
            41.28527
          ],
          [
            13.19141,
            41.28527
          ],
          [
            13.1914,
            41.28528
          ],
          [
            13.19139,
            41.28529
          ],
          [
            13.19138,
            41.28529
          ],
          [
            13.19137,
            41.2853
          ],
          [
            13.19135,
            41.28531
          ],
          [
            13.19133,
            41.28531
          ],
          [
            13.19131,
            41.28532
          ],
          [
            13.19128,
            41.28532
          ],
          [
            13.19126,
            41.28533
          ],
          [
            13.19124,
            41.28533
          ],
          [
            13.19122,
            41.28533
          ],
          [
            13.19119,
            41.28533
          ],
          [
            13.19117,
            41.28532
          ],
          [
            13.19115,
            41.28532
          ],
          [
            13.19113,
            41.28531
          ],
          [
            13.19111,
            41.28531
          ],
          [
            13.19109,
            41.2853
          ],
          [
            13.19107,
            41.28529
          ],
          [
            13.19106,
            41.28528
          ],
          [
            13.19104,
            41.28527
          ],
          [
            13.19103,
            41.28526
          ],
          [
            13.19101,
            41.28525
          ],
          [
            13.191,
            41.28523
          ],
          [
            13.19099,
            41.28521
          ],
          [
            13.19098,
            41.2852
          ],
          [
            13.19098,
            41.28518
          ],
          [
            13.19097,
            41.28517
          ],
          [
            13.19097,
            41.28516
          ],
          [
            13.1909,
            41.28514
          ],
          [
            13.19085,
            41.28512
          ],
          [
            13.19083,
            41.28511
          ],
          [
            13.1908,
            41.28509
          ],
          [
            13.19077,
            41.28508
          ],
          [
            13.19074,
            41.28507
          ],
          [
            13.19062,
            41.28504
          ],
          [
            13.19057,
            41.28502
          ],
          [
            13.19049,
            41.28498
          ],
          [
            13.19038,
            41.28495
          ],
          [
            13.19006,
            41.28489
          ],
          [
            13.18986,
            41.28484
          ],
          [
            13.18894,
            41.28464
          ],
          [
            13.18783,
            41.2844
          ],
          [
            13.1878,
            41.2844
          ],
          [
            13.18711,
            41.28425
          ],
          [
            13.18705,
            41.28424
          ],
          [
            13.18656,
            41.28413
          ],
          [
            13.18646,
            41.28411
          ],
          [
            13.18588,
            41.28398
          ],
          [
            13.18565,
            41.28393
          ],
          [
            13.18521,
            41.28384
          ],
          [
            13.18482,
            41.28376
          ],
          [
            13.18463,
            41.28372
          ],
          [
            13.1843,
            41.28365
          ],
          [
            13.18407,
            41.28359
          ],
          [
            13.18394,
            41.28357
          ],
          [
            13.1838,
            41.28354
          ],
          [
            13.18352,
            41.28348
          ],
          [
            13.18319,
            41.28341
          ],
          [
            13.18288,
            41.28334
          ],
          [
            13.1827,
            41.2833
          ],
          [
            13.18256,
            41.28327
          ],
          [
            13.18235,
            41.28323
          ],
          [
            13.18197,
            41.28317
          ],
          [
            13.18168,
            41.28312
          ],
          [
            13.18151,
            41.2831
          ],
          [
            13.18147,
            41.2831
          ],
          [
            13.18136,
            41.28308
          ],
          [
            13.18126,
            41.28307
          ],
          [
            13.18108,
            41.28305
          ],
          [
            13.18097,
            41.28305
          ],
          [
            13.18092,
            41.28304
          ],
          [
            13.18086,
            41.28304
          ],
          [
            13.18075,
            41.28303
          ],
          [
            13.1806,
            41.28303
          ],
          [
            13.18049,
            41.28302
          ],
          [
            13.18027,
            41.28302
          ],
          [
            13.18011,
            41.28302
          ],
          [
            13.17983,
            41.28302
          ],
          [
            13.17964,
            41.28302
          ],
          [
            13.17896,
            41.28303
          ],
          [
            13.17873,
            41.28304
          ],
          [
            13.17859,
            41.28304
          ],
          [
            13.17836,
            41.28304
          ],
          [
            13.17805,
            41.28302
          ],
          [
            13.17789,
            41.28301
          ],
          [
            13.17782,
            41.283
          ],
          [
            13.17781,
            41.283
          ],
          [
            13.17776,
            41.283
          ],
          [
            13.17746,
            41.28297
          ],
          [
            13.17741,
            41.28296
          ],
          [
            13.1772,
            41.28293
          ],
          [
            13.17684,
            41.28288
          ],
          [
            13.1767,
            41.28285
          ],
          [
            13.17645,
            41.28281
          ],
          [
            13.17617,
            41.28275
          ],
          [
            13.17609,
            41.28273
          ],
          [
            13.17579,
            41.28266
          ],
          [
            13.17555,
            41.2826
          ],
          [
            13.17517,
            41.28251
          ],
          [
            13.17512,
            41.2825
          ],
          [
            13.1745,
            41.28234
          ],
          [
            13.17404,
            41.28223
          ],
          [
            13.17373,
            41.28215
          ],
          [
            13.17356,
            41.28211
          ],
          [
            13.17327,
            41.28203
          ],
          [
            13.17271,
            41.28189
          ],
          [
            13.17249,
            41.28184
          ],
          [
            13.17239,
            41.28182
          ],
          [
            13.17231,
            41.28179
          ],
          [
            13.17227,
            41.28178
          ],
          [
            13.17197,
            41.28171
          ],
          [
            13.17162,
            41.28162
          ],
          [
            13.17075,
            41.28141
          ],
          [
            13.17048,
            41.28134
          ],
          [
            13.17029,
            41.28132
          ],
          [
            13.16986,
            41.28121
          ],
          [
            13.16963,
            41.28116
          ],
          [
            13.16932,
            41.28108
          ],
          [
            13.16858,
            41.2809
          ],
          [
            13.1684,
            41.28085
          ],
          [
            13.16796,
            41.28073
          ],
          [
            13.16788,
            41.28068
          ],
          [
            13.16753,
            41.2806
          ],
          [
            13.16718,
            41.28051
          ],
          [
            13.1671,
            41.28049
          ],
          [
            13.16699,
            41.28046
          ],
          [
            13.1669,
            41.28046
          ],
          [
            13.16642,
            41.28034
          ],
          [
            13.16617,
            41.2803
          ],
          [
            13.16589,
            41.28026
          ],
          [
            13.16556,
            41.28022
          ],
          [
            13.16536,
            41.28021
          ],
          [
            13.16515,
            41.28021
          ],
          [
            13.16487,
            41.28021
          ],
          [
            13.16459,
            41.28022
          ],
          [
            13.16437,
            41.28023
          ],
          [
            13.16412,
            41.28026
          ],
          [
            13.16386,
            41.2803
          ],
          [
            13.1636,
            41.28034
          ],
          [
            13.16337,
            41.2804
          ],
          [
            13.16304,
            41.28047
          ],
          [
            13.1626,
            41.28057
          ],
          [
            13.16218,
            41.28068
          ],
          [
            13.16183,
            41.28077
          ],
          [
            13.16171,
            41.28079
          ],
          [
            13.16161,
            41.28081
          ],
          [
            13.16142,
            41.28084
          ],
          [
            13.16116,
            41.28088
          ],
          [
            13.161,
            41.28089
          ],
          [
            13.16077,
            41.2809
          ],
          [
            13.16053,
            41.28091
          ],
          [
            13.16042,
            41.28091
          ],
          [
            13.16029,
            41.2809
          ],
          [
            13.16019,
            41.2809
          ],
          [
            13.1599,
            41.28089
          ],
          [
            13.15982,
            41.28088
          ],
          [
            13.15958,
            41.28085
          ],
          [
            13.15955,
            41.28085
          ],
          [
            13.15934,
            41.28082
          ],
          [
            13.15904,
            41.28079
          ],
          [
            13.1587,
            41.28076
          ],
          [
            13.15826,
            41.28072
          ],
          [
            13.15816,
            41.28072
          ],
          [
            13.15799,
            41.28072
          ],
          [
            13.15792,
            41.28071
          ],
          [
            13.15776,
            41.28071
          ],
          [
            13.15768,
            41.28071
          ],
          [
            13.15748,
            41.28072
          ],
          [
            13.15744,
            41.28072
          ],
          [
            13.15718,
            41.28073
          ],
          [
            13.15682,
            41.28076
          ],
          [
            13.15672,
            41.28075
          ],
          [
            13.15667,
            41.28075
          ],
          [
            13.15647,
            41.28077
          ],
          [
            13.15544,
            41.28086
          ],
          [
            13.15535,
            41.28087
          ],
          [
            13.15522,
            41.28088
          ],
          [
            13.15491,
            41.28091
          ],
          [
            13.15441,
            41.28096
          ],
          [
            13.15384,
            41.28102
          ],
          [
            13.15345,
            41.28107
          ],
          [
            13.15309,
            41.28112
          ],
          [
            13.1525,
            41.2812
          ],
          [
            13.15243,
            41.28121
          ],
          [
            13.15216,
            41.28126
          ],
          [
            13.15184,
            41.28132
          ],
          [
            13.15144,
            41.28139
          ],
          [
            13.15089,
            41.2815
          ],
          [
            13.15082,
            41.28151
          ],
          [
            13.15045,
            41.2816
          ],
          [
            13.15024,
            41.28165
          ],
          [
            13.15001,
            41.2817
          ],
          [
            13.1496,
            41.28181
          ],
          [
            13.14923,
            41.2819
          ],
          [
            13.14859,
            41.28209
          ],
          [
            13.1483,
            41.28217
          ],
          [
            13.14685,
            41.28259
          ],
          [
            13.1464,
            41.28272
          ],
          [
            13.14475,
            41.2832
          ],
          [
            13.14418,
            41.28336
          ],
          [
            13.14323,
            41.28364
          ],
          [
            13.14319,
            41.28365
          ],
          [
            13.14299,
            41.28371
          ],
          [
            13.14249,
            41.28385
          ],
          [
            13.14153,
            41.28413
          ],
          [
            13.14065,
            41.28439
          ],
          [
            13.13977,
            41.28464
          ],
          [
            13.13914,
            41.28483
          ],
          [
            13.13802,
            41.28515
          ],
          [
            13.1378,
            41.28522
          ],
          [
            13.13728,
            41.28537
          ],
          [
            13.13688,
            41.28548
          ],
          [
            13.13661,
            41.28556
          ],
          [
            13.13628,
            41.28565
          ],
          [
            13.1361,
            41.2857
          ],
          [
            13.13577,
            41.28578
          ],
          [
            13.13568,
            41.28582
          ],
          [
            13.13519,
            41.28592
          ],
          [
            13.1348,
            41.28599
          ],
          [
            13.13409,
            41.28609
          ],
          [
            13.13407,
            41.28609
          ],
          [
            13.1336,
            41.28614
          ],
          [
            13.13301,
            41.2862
          ],
          [
            13.13238,
            41.28623
          ],
          [
            13.13222,
            41.28624
          ],
          [
            13.13213,
            41.28624
          ],
          [
            13.13175,
            41.28624
          ],
          [
            13.1317,
            41.28624
          ],
          [
            13.13128,
            41.28622
          ],
          [
            13.13113,
            41.28621
          ],
          [
            13.13106,
            41.28619
          ],
          [
            13.13064,
            41.28617
          ],
          [
            13.13054,
            41.28616
          ],
          [
            13.13048,
            41.28616
          ],
          [
            13.1289,
            41.28608
          ],
          [
            13.12884,
            41.28607
          ],
          [
            13.12815,
            41.28604
          ],
          [
            13.12771,
            41.28601
          ],
          [
            13.12769,
            41.28601
          ],
          [
            13.12761,
            41.28601
          ],
          [
            13.12745,
            41.286
          ],
          [
            13.12728,
            41.286
          ],
          [
            13.12715,
            41.28599
          ],
          [
            13.12676,
            41.28597
          ],
          [
            13.12603,
            41.28593
          ],
          [
            13.12493,
            41.28587
          ],
          [
            13.12468,
            41.28586
          ],
          [
            13.12444,
            41.28585
          ],
          [
            13.12434,
            41.28585
          ],
          [
            13.1242,
            41.28586
          ],
          [
            13.12403,
            41.28586
          ],
          [
            13.12393,
            41.28587
          ],
          [
            13.12341,
            41.28589
          ],
          [
            13.12301,
            41.28592
          ],
          [
            13.12261,
            41.28595
          ],
          [
            13.12228,
            41.28599
          ],
          [
            13.12198,
            41.28602
          ],
          [
            13.1215,
            41.28609
          ],
          [
            13.12108,
            41.28617
          ],
          [
            13.12039,
            41.28632
          ],
          [
            13.11995,
            41.28642
          ],
          [
            13.11968,
            41.28649
          ],
          [
            13.11948,
            41.28655
          ],
          [
            13.11922,
            41.28663
          ],
          [
            13.11779,
            41.28715
          ],
          [
            13.11774,
            41.28719
          ],
          [
            13.11765,
            41.28723
          ],
          [
            13.11735,
            41.28738
          ],
          [
            13.11725,
            41.28743
          ],
          [
            13.11689,
            41.28761
          ],
          [
            13.11643,
            41.28786
          ],
          [
            13.11615,
            41.28803
          ],
          [
            13.11538,
            41.28851
          ],
          [
            13.11466,
            41.28896
          ],
          [
            13.11411,
            41.2893
          ],
          [
            13.11356,
            41.28964
          ],
          [
            13.11282,
            41.2901
          ],
          [
            13.11263,
            41.29022
          ],
          [
            13.11226,
            41.29044
          ],
          [
            13.11208,
            41.29056
          ],
          [
            13.11188,
            41.29065
          ],
          [
            13.11171,
            41.29073
          ],
          [
            13.11147,
            41.29084
          ],
          [
            13.11146,
            41.29085
          ],
          [
            13.11133,
            41.2909
          ],
          [
            13.11126,
            41.29093
          ],
          [
            13.11115,
            41.29098
          ],
          [
            13.11105,
            41.29102
          ],
          [
            13.11084,
            41.29111
          ],
          [
            13.11082,
            41.29112
          ],
          [
            13.11063,
            41.29119
          ],
          [
            13.11051,
            41.29124
          ],
          [
            13.11042,
            41.29127
          ],
          [
            13.1102,
            41.29135
          ],
          [
            13.10999,
            41.29143
          ],
          [
            13.1097,
            41.29153
          ],
          [
            13.10933,
            41.29167
          ],
          [
            13.10926,
            41.2917
          ],
          [
            13.10911,
            41.29175
          ],
          [
            13.10894,
            41.29182
          ],
          [
            13.10869,
            41.29191
          ],
          [
            13.10867,
            41.29192
          ],
          [
            13.10844,
            41.29203
          ],
          [
            13.10825,
            41.29214
          ],
          [
            13.10806,
            41.29225
          ],
          [
            13.10786,
            41.2924
          ],
          [
            13.10761,
            41.29258
          ],
          [
            13.10728,
            41.29288
          ],
          [
            13.10714,
            41.29299
          ],
          [
            13.10705,
            41.29304
          ],
          [
            13.1069,
            41.29318
          ],
          [
            13.10689,
            41.29321
          ],
          [
            13.1067,
            41.29339
          ],
          [
            13.10668,
            41.29342
          ],
          [
            13.10656,
            41.29356
          ],
          [
            13.10652,
            41.29361
          ],
          [
            13.10639,
            41.29378
          ],
          [
            13.10626,
            41.29395
          ],
          [
            13.10608,
            41.29418
          ],
          [
            13.10587,
            41.2945
          ],
          [
            13.10581,
            41.29459
          ],
          [
            13.10566,
            41.29482
          ],
          [
            13.10549,
            41.29509
          ],
          [
            13.1054,
            41.29524
          ],
          [
            13.10533,
            41.29535
          ],
          [
            13.10502,
            41.29584
          ],
          [
            13.10487,
            41.29608
          ],
          [
            13.10465,
            41.29645
          ],
          [
            13.10458,
            41.29655
          ],
          [
            13.10429,
            41.29701
          ],
          [
            13.10398,
            41.29752
          ],
          [
            13.10384,
            41.29775
          ],
          [
            13.10353,
            41.29824
          ],
          [
            13.10343,
            41.2984
          ],
          [
            13.10299,
            41.2991
          ],
          [
            13.10292,
            41.29921
          ],
          [
            13.10274,
            41.29951
          ],
          [
            13.10258,
            41.29979
          ],
          [
            13.1026,
            41.2998
          ],
          [
            13.10262,
            41.29981
          ],
          [
            13.10264,
            41.29982
          ],
          [
            13.10265,
            41.29983
          ],
          [
            13.10267,
            41.29984
          ],
          [
            13.10268,
            41.29986
          ],
          [
            13.1027,
            41.29987
          ],
          [
            13.10271,
            41.29988
          ],
          [
            13.10271,
            41.2999
          ],
          [
            13.10272,
            41.29992
          ],
          [
            13.10273,
            41.29993
          ],
          [
            13.10273,
            41.29995
          ],
          [
            13.10273,
            41.29997
          ],
          [
            13.10273,
            41.29998
          ],
          [
            13.10273,
            41.3
          ],
          [
            13.10272,
            41.30002
          ],
          [
            13.10271,
            41.30003
          ],
          [
            13.10271,
            41.30005
          ],
          [
            13.1027,
            41.30006
          ],
          [
            13.10268,
            41.30008
          ],
          [
            13.10265,
            41.30011
          ],
          [
            13.10264,
            41.30012
          ],
          [
            13.10262,
            41.30013
          ],
          [
            13.1026,
            41.30014
          ],
          [
            13.10258,
            41.30014
          ],
          [
            13.10256,
            41.30015
          ],
          [
            13.10254,
            41.30016
          ],
          [
            13.10251,
            41.30016
          ],
          [
            13.10249,
            41.30016
          ],
          [
            13.10247,
            41.30016
          ],
          [
            13.10245,
            41.30016
          ],
          [
            13.10243,
            41.30016
          ],
          [
            13.1024,
            41.30016
          ],
          [
            13.10238,
            41.30015
          ],
          [
            13.10236,
            41.30014
          ],
          [
            13.10219,
            41.30042
          ],
          [
            13.10209,
            41.30058
          ],
          [
            13.10198,
            41.30074
          ],
          [
            13.10196,
            41.30079
          ],
          [
            13.10188,
            41.30091
          ],
          [
            13.10182,
            41.30101
          ],
          [
            13.10167,
            41.30124
          ],
          [
            13.10163,
            41.30132
          ],
          [
            13.10156,
            41.30143
          ],
          [
            13.10136,
            41.30175
          ],
          [
            13.10099,
            41.30234
          ],
          [
            13.10067,
            41.30286
          ],
          [
            13.10023,
            41.30356
          ],
          [
            13.09969,
            41.30444
          ],
          [
            13.09955,
            41.30467
          ],
          [
            13.09926,
            41.30512
          ],
          [
            13.09916,
            41.30529
          ],
          [
            13.09906,
            41.30547
          ],
          [
            13.099,
            41.30557
          ],
          [
            13.09888,
            41.3058
          ],
          [
            13.09877,
            41.30601
          ],
          [
            13.09858,
            41.30642
          ],
          [
            13.09845,
            41.30675
          ],
          [
            13.09838,
            41.30692
          ],
          [
            13.0982,
            41.30741
          ],
          [
            13.09773,
            41.30875
          ],
          [
            13.09728,
            41.31002
          ],
          [
            13.09708,
            41.31058
          ],
          [
            13.09708,
            41.31065
          ],
          [
            13.09707,
            41.31069
          ],
          [
            13.09695,
            41.31104
          ],
          [
            13.09679,
            41.31143
          ],
          [
            13.09674,
            41.31159
          ],
          [
            13.09669,
            41.3117
          ],
          [
            13.09665,
            41.31184
          ],
          [
            13.09659,
            41.31207
          ],
          [
            13.09636,
            41.31263
          ],
          [
            13.09624,
            41.31298
          ],
          [
            13.09618,
            41.31305
          ],
          [
            13.09603,
            41.31346
          ],
          [
            13.09563,
            41.31457
          ],
          [
            13.09556,
            41.31478
          ],
          [
            13.09537,
            41.31531
          ],
          [
            13.09479,
            41.31693
          ],
          [
            13.09454,
            41.31761
          ],
          [
            13.09442,
            41.31796
          ],
          [
            13.09433,
            41.31822
          ],
          [
            13.09415,
            41.31871
          ],
          [
            13.09364,
            41.32013
          ],
          [
            13.09363,
            41.32017
          ],
          [
            13.09361,
            41.32021
          ],
          [
            13.0936,
            41.32024
          ],
          [
            13.09307,
            41.32172
          ],
          [
            13.09254,
            41.32316
          ],
          [
            13.09205,
            41.32454
          ],
          [
            13.09184,
            41.32514
          ],
          [
            13.09179,
            41.32527
          ],
          [
            13.09154,
            41.32596
          ],
          [
            13.09139,
            41.32637
          ],
          [
            13.0914,
            41.32642
          ],
          [
            13.09136,
            41.32655
          ],
          [
            13.09115,
            41.32707
          ],
          [
            13.09109,
            41.32722
          ],
          [
            13.09104,
            41.32738
          ],
          [
            13.09099,
            41.32758
          ],
          [
            13.09099,
            41.32759
          ],
          [
            13.09096,
            41.32778
          ],
          [
            13.09097,
            41.3278
          ],
          [
            13.09097,
            41.32781
          ],
          [
            13.09098,
            41.32783
          ],
          [
            13.09098,
            41.32784
          ],
          [
            13.09098,
            41.32786
          ],
          [
            13.09097,
            41.32788
          ],
          [
            13.09097,
            41.32789
          ],
          [
            13.09096,
            41.32791
          ],
          [
            13.09095,
            41.32792
          ],
          [
            13.09094,
            41.32794
          ],
          [
            13.09093,
            41.32795
          ],
          [
            13.09092,
            41.32797
          ],
          [
            13.09091,
            41.32798
          ],
          [
            13.09089,
            41.32799
          ],
          [
            13.09087,
            41.328
          ],
          [
            13.09086,
            41.32801
          ],
          [
            13.09084,
            41.32802
          ],
          [
            13.09081,
            41.32803
          ],
          [
            13.0908,
            41.32803
          ],
          [
            13.09078,
            41.32804
          ],
          [
            13.09077,
            41.32804
          ],
          [
            13.09076,
            41.32804
          ],
          [
            13.09075,
            41.32804
          ],
          [
            13.09073,
            41.32804
          ],
          [
            13.09072,
            41.32804
          ],
          [
            13.09071,
            41.32804
          ],
          [
            13.09062,
            41.32809
          ],
          [
            13.09057,
            41.32812
          ],
          [
            13.09054,
            41.32815
          ],
          [
            13.0905,
            41.32818
          ],
          [
            13.09046,
            41.32821
          ],
          [
            13.09037,
            41.3283
          ],
          [
            13.09006,
            41.32864
          ],
          [
            13.08976,
            41.32896
          ],
          [
            13.08964,
            41.32908
          ],
          [
            13.08964,
            41.32909
          ],
          [
            13.08913,
            41.32958
          ],
          [
            13.08901,
            41.32963
          ],
          [
            13.08793,
            41.33063
          ],
          [
            13.08764,
            41.3309
          ],
          [
            13.08632,
            41.33212
          ],
          [
            13.08617,
            41.33226
          ],
          [
            13.08589,
            41.33251
          ],
          [
            13.08547,
            41.33291
          ],
          [
            13.08524,
            41.33312
          ],
          [
            13.08505,
            41.3333
          ],
          [
            13.08483,
            41.33349
          ],
          [
            13.08417,
            41.3341
          ],
          [
            13.0841,
            41.33416
          ],
          [
            13.08369,
            41.33454
          ],
          [
            13.08357,
            41.33465
          ],
          [
            13.0834,
            41.33481
          ],
          [
            13.08339,
            41.33482
          ],
          [
            13.08323,
            41.33497
          ],
          [
            13.08314,
            41.33505
          ],
          [
            13.0831,
            41.33509
          ],
          [
            13.0828,
            41.33537
          ],
          [
            13.08272,
            41.33545
          ],
          [
            13.08266,
            41.33555
          ],
          [
            13.08261,
            41.3356
          ],
          [
            13.0824,
            41.33581
          ],
          [
            13.08215,
            41.33604
          ],
          [
            13.08192,
            41.33622
          ],
          [
            13.08185,
            41.3363
          ],
          [
            13.08178,
            41.33635
          ],
          [
            13.08159,
            41.33649
          ],
          [
            13.08146,
            41.33657
          ],
          [
            13.08141,
            41.33661
          ],
          [
            13.08137,
            41.33663
          ],
          [
            13.08126,
            41.33671
          ],
          [
            13.08123,
            41.33673
          ],
          [
            13.08112,
            41.33682
          ],
          [
            13.08102,
            41.33691
          ],
          [
            13.08091,
            41.33702
          ],
          [
            13.08087,
            41.33708
          ],
          [
            13.08081,
            41.33716
          ],
          [
            13.08079,
            41.33719
          ],
          [
            13.08073,
            41.33732
          ],
          [
            13.08067,
            41.33743
          ],
          [
            13.08067,
            41.33745
          ],
          [
            13.08067,
            41.33746
          ],
          [
            13.08067,
            41.33748
          ],
          [
            13.08066,
            41.33749
          ],
          [
            13.08065,
            41.33751
          ],
          [
            13.08064,
            41.33752
          ],
          [
            13.08063,
            41.33754
          ],
          [
            13.08062,
            41.33755
          ],
          [
            13.08053,
            41.33765
          ],
          [
            13.08051,
            41.33768
          ],
          [
            13.08048,
            41.3377
          ],
          [
            13.08046,
            41.33772
          ],
          [
            13.08043,
            41.33774
          ],
          [
            13.0804,
            41.33777
          ],
          [
            13.08037,
            41.33779
          ],
          [
            13.08034,
            41.33781
          ],
          [
            13.08026,
            41.33784
          ],
          [
            13.08019,
            41.33785
          ],
          [
            13.08004,
            41.33795
          ],
          [
            13.07986,
            41.33806
          ],
          [
            13.07977,
            41.33812
          ],
          [
            13.07973,
            41.33814
          ],
          [
            13.07965,
            41.3382
          ],
          [
            13.07949,
            41.33832
          ],
          [
            13.07936,
            41.33843
          ],
          [
            13.07933,
            41.33846
          ],
          [
            13.07925,
            41.33854
          ],
          [
            13.07889,
            41.33892
          ],
          [
            13.07887,
            41.33893
          ],
          [
            13.07864,
            41.33918
          ],
          [
            13.07824,
            41.33959
          ],
          [
            13.07816,
            41.33968
          ],
          [
            13.07803,
            41.33981
          ],
          [
            13.07798,
            41.33986
          ],
          [
            13.07761,
            41.3402
          ],
          [
            13.07749,
            41.34028
          ],
          [
            13.07746,
            41.34031
          ],
          [
            13.07734,
            41.34041
          ],
          [
            13.07719,
            41.34055
          ],
          [
            13.07648,
            41.34121
          ],
          [
            13.0758,
            41.34184
          ],
          [
            13.07532,
            41.34229
          ],
          [
            13.07424,
            41.34328
          ],
          [
            13.07306,
            41.34436
          ],
          [
            13.07282,
            41.34459
          ],
          [
            13.07203,
            41.34532
          ],
          [
            13.07172,
            41.3456
          ],
          [
            13.07082,
            41.34643
          ],
          [
            13.0699,
            41.34728
          ],
          [
            13.06945,
            41.34769
          ],
          [
            13.06905,
            41.34806
          ],
          [
            13.0685,
            41.34857
          ],
          [
            13.06808,
            41.34896
          ],
          [
            13.06796,
            41.34908
          ],
          [
            13.06769,
            41.34932
          ],
          [
            13.06695,
            41.35001
          ],
          [
            13.06646,
            41.35047
          ],
          [
            13.06561,
            41.35124
          ],
          [
            13.06379,
            41.35293
          ],
          [
            13.06253,
            41.35407
          ],
          [
            13.06202,
            41.35456
          ],
          [
            13.062,
            41.35457
          ],
          [
            13.06182,
            41.35474
          ],
          [
            13.06136,
            41.35516
          ],
          [
            13.06037,
            41.35608
          ],
          [
            13.05995,
            41.35646
          ],
          [
            13.05982,
            41.35658
          ],
          [
            13.05949,
            41.35689
          ],
          [
            13.05913,
            41.35722
          ],
          [
            13.05909,
            41.35725
          ],
          [
            13.05905,
            41.35729
          ],
          [
            13.05866,
            41.35765
          ],
          [
            13.05846,
            41.35789
          ],
          [
            13.05808,
            41.35823
          ],
          [
            13.05754,
            41.35871
          ],
          [
            13.05739,
            41.35883
          ],
          [
            13.05729,
            41.35891
          ],
          [
            13.057,
            41.35913
          ],
          [
            13.05608,
            41.35974
          ],
          [
            13.05603,
            41.35978
          ],
          [
            13.05586,
            41.35985
          ],
          [
            13.05551,
            41.36008
          ],
          [
            13.05547,
            41.36011
          ],
          [
            13.0554,
            41.36016
          ],
          [
            13.05429,
            41.3609
          ],
          [
            13.05392,
            41.36114
          ],
          [
            13.05319,
            41.36163
          ],
          [
            13.05265,
            41.36198
          ],
          [
            13.0524,
            41.36215
          ],
          [
            13.05146,
            41.36279
          ],
          [
            13.05096,
            41.36312
          ],
          [
            13.04913,
            41.36434
          ],
          [
            13.04826,
            41.36492
          ],
          [
            13.04727,
            41.36559
          ],
          [
            13.04597,
            41.36646
          ],
          [
            13.04452,
            41.36744
          ],
          [
            13.04357,
            41.36807
          ],
          [
            13.04328,
            41.36827
          ],
          [
            13.04281,
            41.36858
          ],
          [
            13.04194,
            41.36917
          ],
          [
            13.04135,
            41.36956
          ],
          [
            13.04131,
            41.36963
          ],
          [
            13.0411,
            41.36978
          ],
          [
            13.04025,
            41.37041
          ],
          [
            13.03957,
            41.37088
          ],
          [
            13.0394,
            41.371
          ],
          [
            13.03919,
            41.37115
          ],
          [
            13.03846,
            41.37161
          ],
          [
            13.03771,
            41.37203
          ],
          [
            13.03762,
            41.3721
          ],
          [
            13.03753,
            41.37212
          ],
          [
            13.03678,
            41.37263
          ],
          [
            13.03665,
            41.37272
          ],
          [
            13.0366,
            41.37275
          ],
          [
            13.03626,
            41.37298
          ],
          [
            13.03589,
            41.37322
          ],
          [
            13.03573,
            41.37333
          ],
          [
            13.03539,
            41.37355
          ],
          [
            13.03508,
            41.37377
          ],
          [
            13.03343,
            41.37487
          ],
          [
            13.03239,
            41.37557
          ],
          [
            13.03203,
            41.37581
          ],
          [
            13.03189,
            41.37593
          ],
          [
            13.03187,
            41.37595
          ],
          [
            13.03175,
            41.37602
          ],
          [
            13.0313,
            41.37633
          ],
          [
            13.03119,
            41.37642
          ],
          [
            13.03116,
            41.37644
          ],
          [
            13.03114,
            41.37647
          ],
          [
            13.0311,
            41.37656
          ],
          [
            13.0311,
            41.37657
          ],
          [
            13.03111,
            41.37659
          ],
          [
            13.03111,
            41.37661
          ],
          [
            13.03111,
            41.37662
          ],
          [
            13.0311,
            41.37664
          ],
          [
            13.0311,
            41.37666
          ],
          [
            13.03109,
            41.37667
          ],
          [
            13.03108,
            41.37669
          ],
          [
            13.03107,
            41.3767
          ],
          [
            13.03106,
            41.37671
          ],
          [
            13.03105,
            41.37672
          ],
          [
            13.03104,
            41.37674
          ],
          [
            13.03103,
            41.37675
          ],
          [
            13.03101,
            41.37676
          ],
          [
            13.031,
            41.37676
          ],
          [
            13.03098,
            41.37677
          ],
          [
            13.03094,
            41.37679
          ],
          [
            13.03092,
            41.37679
          ],
          [
            13.0309,
            41.3768
          ],
          [
            13.03088,
            41.3768
          ],
          [
            13.03086,
            41.3768
          ],
          [
            13.03083,
            41.3768
          ],
          [
            13.03081,
            41.3768
          ],
          [
            13.03079,
            41.37679
          ],
          [
            13.03077,
            41.37679
          ],
          [
            13.03074,
            41.37678
          ],
          [
            13.03054,
            41.37687
          ],
          [
            13.03044,
            41.37693
          ],
          [
            13.03027,
            41.37703
          ],
          [
            13.03014,
            41.37712
          ],
          [
            13.02998,
            41.37723
          ],
          [
            13.02981,
            41.37734
          ],
          [
            13.02835,
            41.37832
          ],
          [
            13.02807,
            41.37851
          ],
          [
            13.02803,
            41.37854
          ],
          [
            13.02735,
            41.37899
          ],
          [
            13.02714,
            41.37913
          ],
          [
            13.0266,
            41.37951
          ],
          [
            13.0263,
            41.37972
          ],
          [
            13.02561,
            41.38023
          ],
          [
            13.02503,
            41.38063
          ],
          [
            13.02428,
            41.38112
          ],
          [
            13.0238,
            41.3814
          ],
          [
            13.02347,
            41.38159
          ],
          [
            13.02335,
            41.38167
          ],
          [
            13.02291,
            41.38197
          ],
          [
            13.02208,
            41.38252
          ],
          [
            13.02118,
            41.38312
          ],
          [
            13.02097,
            41.38327
          ],
          [
            13.0208,
            41.38338
          ],
          [
            13.02071,
            41.38344
          ],
          [
            13.0207,
            41.38344
          ],
          [
            13.0204,
            41.38366
          ],
          [
            13.01973,
            41.38411
          ],
          [
            13.01937,
            41.38434
          ],
          [
            13.01936,
            41.38435
          ],
          [
            13.01917,
            41.38448
          ],
          [
            13.01897,
            41.38462
          ],
          [
            13.01831,
            41.38506
          ],
          [
            13.01818,
            41.38513
          ],
          [
            13.01667,
            41.38615
          ],
          [
            13.01656,
            41.38622
          ],
          [
            13.01612,
            41.38652
          ],
          [
            13.01568,
            41.38681
          ],
          [
            13.01532,
            41.38705
          ],
          [
            13.01531,
            41.38706
          ],
          [
            13.01514,
            41.38717
          ],
          [
            13.01491,
            41.38733
          ],
          [
            13.01382,
            41.38806
          ],
          [
            13.01363,
            41.38818
          ],
          [
            13.01353,
            41.38825
          ],
          [
            13.01327,
            41.38843
          ],
          [
            13.01274,
            41.38882
          ],
          [
            13.01273,
            41.38883
          ],
          [
            13.01231,
            41.38913
          ],
          [
            13.01222,
            41.3892
          ],
          [
            13.0116,
            41.38962
          ],
          [
            13.01125,
            41.38986
          ],
          [
            13.01115,
            41.38992
          ],
          [
            13.01089,
            41.39009
          ],
          [
            13.01063,
            41.39025
          ],
          [
            13.01034,
            41.39042
          ],
          [
            13.01018,
            41.39051
          ],
          [
            13.00985,
            41.39072
          ],
          [
            13.00985,
            41.39073
          ],
          [
            13.0098,
            41.39076
          ],
          [
            13.00977,
            41.39078
          ],
          [
            13.00953,
            41.39094
          ],
          [
            13.00784,
            41.39206
          ],
          [
            13.00659,
            41.3929
          ],
          [
            13.00651,
            41.39295
          ],
          [
            13.00605,
            41.39326
          ],
          [
            13.00569,
            41.3935
          ],
          [
            13.00539,
            41.3937
          ],
          [
            13.0052,
            41.39383
          ],
          [
            13.00507,
            41.39392
          ],
          [
            13.00493,
            41.39402
          ],
          [
            13.00482,
            41.3941
          ],
          [
            13.00472,
            41.39419
          ],
          [
            13.00469,
            41.39422
          ],
          [
            13.00467,
            41.39425
          ],
          [
            13.00463,
            41.3943
          ],
          [
            13.00459,
            41.39436
          ],
          [
            13.0046,
            41.39438
          ],
          [
            13.0046,
            41.39439
          ],
          [
            13.0046,
            41.3944
          ],
          [
            13.0046,
            41.39442
          ],
          [
            13.00459,
            41.39443
          ],
          [
            13.00459,
            41.39444
          ],
          [
            13.00459,
            41.39445
          ],
          [
            13.00458,
            41.39446
          ],
          [
            13.00458,
            41.39447
          ],
          [
            13.00457,
            41.39448
          ],
          [
            13.00456,
            41.39449
          ],
          [
            13.00455,
            41.39451
          ],
          [
            13.00453,
            41.39452
          ],
          [
            13.00452,
            41.39453
          ],
          [
            13.0045,
            41.39454
          ],
          [
            13.00449,
            41.39455
          ],
          [
            13.00447,
            41.39456
          ],
          [
            13.00445,
            41.39456
          ],
          [
            13.00444,
            41.39457
          ],
          [
            13.00442,
            41.39457
          ],
          [
            13.0044,
            41.39458
          ],
          [
            13.00438,
            41.39458
          ],
          [
            13.00436,
            41.39458
          ],
          [
            13.00434,
            41.39459
          ],
          [
            13.00432,
            41.39459
          ],
          [
            13.0043,
            41.39459
          ],
          [
            13.00429,
            41.39458
          ],
          [
            13.00427,
            41.39458
          ],
          [
            13.00425,
            41.39458
          ],
          [
            13.00422,
            41.39457
          ],
          [
            13.00405,
            41.39465
          ],
          [
            13.0039,
            41.39473
          ],
          [
            13.00369,
            41.39486
          ],
          [
            13.00359,
            41.39492
          ],
          [
            13.00217,
            41.39587
          ],
          [
            13.00191,
            41.39604
          ],
          [
            13.00154,
            41.39628
          ],
          [
            13.00074,
            41.39683
          ],
          [
            13.00036,
            41.39708
          ],
          [
            12.99959,
            41.3976
          ],
          [
            12.99879,
            41.39812
          ],
          [
            12.99859,
            41.39826
          ],
          [
            12.99856,
            41.39828
          ],
          [
            12.99821,
            41.39851
          ],
          [
            12.99789,
            41.39872
          ],
          [
            12.99774,
            41.39883
          ],
          [
            12.99773,
            41.39883
          ],
          [
            12.9972,
            41.39918
          ],
          [
            12.99692,
            41.39937
          ],
          [
            12.99633,
            41.39975
          ],
          [
            12.99563,
            41.40025
          ],
          [
            12.99558,
            41.40028
          ],
          [
            12.99517,
            41.40061
          ],
          [
            12.99459,
            41.40103
          ],
          [
            12.99434,
            41.4012
          ],
          [
            12.99395,
            41.40146
          ],
          [
            12.9932,
            41.4019
          ],
          [
            12.99292,
            41.40208
          ],
          [
            12.99234,
            41.40248
          ],
          [
            12.99226,
            41.40253
          ],
          [
            12.99197,
            41.40272
          ],
          [
            12.99177,
            41.40286
          ],
          [
            12.99166,
            41.40294
          ],
          [
            12.99159,
            41.40299
          ],
          [
            12.99149,
            41.40307
          ],
          [
            12.9914,
            41.40314
          ],
          [
            12.99127,
            41.40328
          ],
          [
            12.99128,
            41.4033
          ],
          [
            12.99128,
            41.40331
          ],
          [
            12.99128,
            41.40333
          ],
          [
            12.99129,
            41.40335
          ],
          [
            12.99128,
            41.40337
          ],
          [
            12.99128,
            41.40338
          ],
          [
            12.99128,
            41.4034
          ],
          [
            12.99127,
            41.40342
          ],
          [
            12.99126,
            41.40343
          ],
          [
            12.99125,
            41.40345
          ],
          [
            12.99124,
            41.40346
          ],
          [
            12.99123,
            41.40347
          ],
          [
            12.99122,
            41.40348
          ],
          [
            12.99121,
            41.40349
          ],
          [
            12.9912,
            41.4035
          ],
          [
            12.99119,
            41.4035
          ],
          [
            12.99118,
            41.40351
          ],
          [
            12.99114,
            41.40353
          ],
          [
            12.99108,
            41.40354
          ],
          [
            12.99105,
            41.40354
          ],
          [
            12.99103,
            41.40355
          ],
          [
            12.99101,
            41.40355
          ],
          [
            12.99099,
            41.40354
          ],
          [
            12.99096,
            41.40354
          ],
          [
            12.99094,
            41.40354
          ],
          [
            12.99061,
            41.40369
          ],
          [
            12.99051,
            41.40374
          ],
          [
            12.99047,
            41.40376
          ],
          [
            12.99038,
            41.4038
          ],
          [
            12.99018,
            41.40391
          ],
          [
            12.98983,
            41.40414
          ],
          [
            12.98964,
            41.40428
          ],
          [
            12.98942,
            41.40442
          ],
          [
            12.98924,
            41.40454
          ],
          [
            12.98904,
            41.40467
          ],
          [
            12.98899,
            41.4047
          ],
          [
            12.98786,
            41.40546
          ],
          [
            12.98759,
            41.40564
          ],
          [
            12.98717,
            41.40592
          ],
          [
            12.987,
            41.40604
          ],
          [
            12.98696,
            41.40607
          ],
          [
            12.98691,
            41.4061
          ],
          [
            12.98499,
            41.40739
          ],
          [
            12.98407,
            41.408
          ],
          [
            12.98319,
            41.40859
          ],
          [
            12.98313,
            41.40863
          ],
          [
            12.98296,
            41.40875
          ],
          [
            12.98199,
            41.4094
          ],
          [
            12.98162,
            41.40964
          ],
          [
            12.98141,
            41.40978
          ],
          [
            12.98083,
            41.41017
          ],
          [
            12.98065,
            41.41029
          ],
          [
            12.98062,
            41.41031
          ],
          [
            12.98032,
            41.4105
          ],
          [
            12.98002,
            41.4107
          ],
          [
            12.9799,
            41.41078
          ],
          [
            12.97931,
            41.41118
          ],
          [
            12.97909,
            41.41133
          ],
          [
            12.97872,
            41.41157
          ],
          [
            12.97866,
            41.41161
          ],
          [
            12.97843,
            41.41176
          ],
          [
            12.97828,
            41.41187
          ],
          [
            12.97825,
            41.41189
          ],
          [
            12.97822,
            41.41192
          ],
          [
            12.9782,
            41.41195
          ],
          [
            12.97817,
            41.41198
          ],
          [
            12.97813,
            41.41204
          ],
          [
            12.97814,
            41.41206
          ],
          [
            12.97814,
            41.41209
          ],
          [
            12.97814,
            41.41212
          ],
          [
            12.97812,
            41.41216
          ],
          [
            12.97811,
            41.41218
          ],
          [
            12.97807,
            41.41221
          ],
          [
            12.97804,
            41.41224
          ],
          [
            12.978,
            41.41226
          ],
          [
            12.97797,
            41.41227
          ],
          [
            12.97796,
            41.41227
          ],
          [
            12.97792,
            41.41228
          ],
          [
            12.97788,
            41.41228
          ],
          [
            12.97784,
            41.41228
          ],
          [
            12.97779,
            41.41227
          ],
          [
            12.97768,
            41.4123
          ],
          [
            12.97761,
            41.41232
          ],
          [
            12.97758,
            41.41234
          ],
          [
            12.97729,
            41.41249
          ],
          [
            12.97645,
            41.41302
          ],
          [
            12.97642,
            41.41303
          ],
          [
            12.97439,
            41.41431
          ],
          [
            12.97224,
            41.41566
          ],
          [
            12.972,
            41.41581
          ],
          [
            12.97182,
            41.41592
          ],
          [
            12.96995,
            41.41709
          ],
          [
            12.96912,
            41.41761
          ],
          [
            12.96821,
            41.41819
          ],
          [
            12.96813,
            41.41824
          ],
          [
            12.96784,
            41.41842
          ],
          [
            12.96663,
            41.41918
          ],
          [
            12.96583,
            41.41967
          ],
          [
            12.96556,
            41.41984
          ],
          [
            12.96528,
            41.42002
          ],
          [
            12.96506,
            41.42016
          ],
          [
            12.96504,
            41.42017
          ],
          [
            12.96462,
            41.42046
          ],
          [
            12.96433,
            41.42066
          ],
          [
            12.96396,
            41.42092
          ],
          [
            12.96377,
            41.42105
          ],
          [
            12.96343,
            41.42127
          ],
          [
            12.96304,
            41.42152
          ],
          [
            12.96255,
            41.42183
          ],
          [
            12.96231,
            41.42196
          ],
          [
            12.96216,
            41.42204
          ],
          [
            12.96188,
            41.42219
          ],
          [
            12.96168,
            41.4223
          ],
          [
            12.96147,
            41.42242
          ],
          [
            12.96131,
            41.42251
          ],
          [
            12.96031,
            41.42314
          ],
          [
            12.95916,
            41.42386
          ],
          [
            12.95753,
            41.42489
          ],
          [
            12.95658,
            41.42549
          ],
          [
            12.9563,
            41.42566
          ],
          [
            12.95616,
            41.42575
          ],
          [
            12.95593,
            41.42589
          ],
          [
            12.95476,
            41.42662
          ],
          [
            12.95401,
            41.4271
          ],
          [
            12.95382,
            41.42721
          ],
          [
            12.95382,
            41.42722
          ],
          [
            12.952,
            41.42836
          ],
          [
            12.95067,
            41.42919
          ],
          [
            12.95062,
            41.42923
          ],
          [
            12.95034,
            41.42938
          ],
          [
            12.95004,
            41.42953
          ],
          [
            12.94989,
            41.4296
          ],
          [
            12.94982,
            41.42964
          ],
          [
            12.94968,
            41.42971
          ],
          [
            12.94953,
            41.4298
          ],
          [
            12.94953,
            41.42982
          ],
          [
            12.94954,
            41.42985
          ],
          [
            12.94954,
            41.42987
          ],
          [
            12.94953,
            41.42989
          ],
          [
            12.94953,
            41.42991
          ],
          [
            12.94952,
            41.42993
          ],
          [
            12.9495,
            41.42995
          ],
          [
            12.94949,
            41.42997
          ],
          [
            12.94948,
            41.42998
          ],
          [
            12.94947,
            41.43
          ],
          [
            12.94946,
            41.43001
          ],
          [
            12.94945,
            41.43002
          ],
          [
            12.94943,
            41.43003
          ],
          [
            12.94942,
            41.43004
          ],
          [
            12.94939,
            41.43006
          ],
          [
            12.94937,
            41.43007
          ],
          [
            12.94934,
            41.43008
          ],
          [
            12.94931,
            41.43009
          ],
          [
            12.94928,
            41.4301
          ],
          [
            12.94924,
            41.4301
          ],
          [
            12.94921,
            41.4301
          ],
          [
            12.94918,
            41.4301
          ],
          [
            12.94915,
            41.4301
          ],
          [
            12.94912,
            41.43009
          ],
          [
            12.94909,
            41.43008
          ],
          [
            12.94906,
            41.43007
          ],
          [
            12.94903,
            41.43006
          ],
          [
            12.949,
            41.43003
          ],
          [
            12.94863,
            41.43014
          ],
          [
            12.94852,
            41.43017
          ],
          [
            12.94809,
            41.43031
          ],
          [
            12.94643,
            41.43077
          ],
          [
            12.94449,
            41.43128
          ],
          [
            12.94329,
            41.4316
          ],
          [
            12.94081,
            41.43224
          ],
          [
            12.93989,
            41.43249
          ],
          [
            12.93981,
            41.43251
          ],
          [
            12.93904,
            41.43272
          ],
          [
            12.93877,
            41.43279
          ],
          [
            12.93872,
            41.43281
          ],
          [
            12.93818,
            41.43295
          ],
          [
            12.93583,
            41.43357
          ],
          [
            12.93565,
            41.43362
          ],
          [
            12.93519,
            41.43374
          ],
          [
            12.93481,
            41.43384
          ],
          [
            12.93398,
            41.43406
          ],
          [
            12.93387,
            41.43409
          ],
          [
            12.93267,
            41.43441
          ],
          [
            12.93259,
            41.43443
          ],
          [
            12.93186,
            41.43462
          ],
          [
            12.93171,
            41.43466
          ],
          [
            12.9314,
            41.4348
          ],
          [
            12.93139,
            41.43481
          ],
          [
            12.93139,
            41.43482
          ],
          [
            12.93138,
            41.43483
          ],
          [
            12.93137,
            41.43484
          ],
          [
            12.93137,
            41.43485
          ],
          [
            12.93136,
            41.43485
          ],
          [
            12.93135,
            41.43486
          ],
          [
            12.93135,
            41.43487
          ],
          [
            12.93134,
            41.43487
          ],
          [
            12.93133,
            41.43488
          ],
          [
            12.93132,
            41.43488
          ],
          [
            12.93131,
            41.43489
          ],
          [
            12.93129,
            41.43489
          ],
          [
            12.93128,
            41.4349
          ],
          [
            12.93127,
            41.4349
          ],
          [
            12.93126,
            41.4349
          ],
          [
            12.93125,
            41.43491
          ],
          [
            12.93123,
            41.43491
          ],
          [
            12.93122,
            41.43491
          ],
          [
            12.93121,
            41.43491
          ],
          [
            12.93119,
            41.43491
          ],
          [
            12.93118,
            41.43491
          ],
          [
            12.93117,
            41.43491
          ],
          [
            12.93115,
            41.4349
          ],
          [
            12.93114,
            41.4349
          ],
          [
            12.93113,
            41.4349
          ],
          [
            12.93112,
            41.4349
          ],
          [
            12.93111,
            41.43489
          ],
          [
            12.9311,
            41.43489
          ],
          [
            12.9311,
            41.43488
          ],
          [
            12.93109,
            41.43488
          ],
          [
            12.93108,
            41.43487
          ],
          [
            12.93085,
            41.4349
          ],
          [
            12.93077,
            41.43491
          ],
          [
            12.93068,
            41.43493
          ],
          [
            12.93066,
            41.43493
          ],
          [
            12.93047,
            41.43499
          ],
          [
            12.93033,
            41.43502
          ],
          [
            12.92977,
            41.43518
          ],
          [
            12.92973,
            41.43519
          ],
          [
            12.92939,
            41.43529
          ],
          [
            12.92901,
            41.43541
          ],
          [
            12.92834,
            41.43561
          ],
          [
            12.92693,
            41.43599
          ],
          [
            12.92658,
            41.43608
          ],
          [
            12.9264,
            41.43611
          ],
          [
            12.92617,
            41.43616
          ],
          [
            12.92591,
            41.43621
          ],
          [
            12.92542,
            41.43633
          ],
          [
            12.925,
            41.43644
          ],
          [
            12.92477,
            41.43651
          ],
          [
            12.92394,
            41.43672
          ],
          [
            12.92353,
            41.43682
          ],
          [
            12.92232,
            41.43714
          ],
          [
            12.9221,
            41.4372
          ],
          [
            12.92105,
            41.43748
          ],
          [
            12.92044,
            41.43764
          ],
          [
            12.92031,
            41.43767
          ],
          [
            12.92028,
            41.43768
          ],
          [
            12.92023,
            41.43769
          ],
          [
            12.91932,
            41.43793
          ],
          [
            12.91878,
            41.43808
          ],
          [
            12.91837,
            41.43818
          ],
          [
            12.91805,
            41.43827
          ],
          [
            12.91786,
            41.43828
          ],
          [
            12.9177,
            41.43832
          ],
          [
            12.91716,
            41.43846
          ],
          [
            12.91672,
            41.43858
          ],
          [
            12.91627,
            41.43869
          ],
          [
            12.91609,
            41.43874
          ],
          [
            12.91573,
            41.43884
          ],
          [
            12.91494,
            41.43904
          ],
          [
            12.91488,
            41.43906
          ],
          [
            12.91403,
            41.43928
          ],
          [
            12.91337,
            41.43946
          ],
          [
            12.91335,
            41.43946
          ],
          [
            12.91314,
            41.43952
          ],
          [
            12.91307,
            41.43954
          ],
          [
            12.9129,
            41.43958
          ],
          [
            12.91267,
            41.43964
          ],
          [
            12.91154,
            41.43994
          ],
          [
            12.91109,
            41.44006
          ],
          [
            12.91086,
            41.44012
          ],
          [
            12.91058,
            41.4402
          ],
          [
            12.91032,
            41.44027
          ],
          [
            12.90998,
            41.44037
          ],
          [
            12.90988,
            41.4404
          ],
          [
            12.90943,
            41.44054
          ],
          [
            12.90935,
            41.44056
          ],
          [
            12.90909,
            41.44064
          ],
          [
            12.9089,
            41.4407
          ],
          [
            12.90868,
            41.44077
          ],
          [
            12.90759,
            41.44114
          ],
          [
            12.90673,
            41.44144
          ],
          [
            12.90607,
            41.44166
          ],
          [
            12.90564,
            41.4418
          ],
          [
            12.90542,
            41.44188
          ],
          [
            12.9052,
            41.44195
          ],
          [
            12.90512,
            41.44198
          ],
          [
            12.90476,
            41.4421
          ],
          [
            12.90411,
            41.44233
          ],
          [
            12.9041,
            41.44233
          ],
          [
            12.90392,
            41.44239
          ],
          [
            12.90236,
            41.44293
          ],
          [
            12.90216,
            41.443
          ],
          [
            12.90109,
            41.44337
          ],
          [
            12.90105,
            41.44338
          ],
          [
            12.90018,
            41.44368
          ],
          [
            12.89976,
            41.44382
          ],
          [
            12.89953,
            41.4439
          ],
          [
            12.89917,
            41.44402
          ],
          [
            12.89895,
            41.4441
          ],
          [
            12.89798,
            41.44443
          ],
          [
            12.89744,
            41.44461
          ],
          [
            12.89731,
            41.44466
          ],
          [
            12.8972,
            41.4447
          ],
          [
            12.89589,
            41.44514
          ],
          [
            12.89557,
            41.44526
          ],
          [
            12.89531,
            41.44534
          ],
          [
            12.89404,
            41.44578
          ],
          [
            12.89382,
            41.44586
          ],
          [
            12.89316,
            41.44608
          ],
          [
            12.89182,
            41.44655
          ],
          [
            12.89076,
            41.44691
          ],
          [
            12.88967,
            41.44728
          ],
          [
            12.88913,
            41.44746
          ],
          [
            12.88901,
            41.4475
          ],
          [
            12.88879,
            41.44758
          ],
          [
            12.8886,
            41.44764
          ],
          [
            12.88798,
            41.44785
          ],
          [
            12.88748,
            41.44803
          ],
          [
            12.88725,
            41.44811
          ],
          [
            12.88701,
            41.44819
          ],
          [
            12.88686,
            41.44825
          ],
          [
            12.88645,
            41.44841
          ],
          [
            12.88598,
            41.44859
          ],
          [
            12.88586,
            41.44864
          ],
          [
            12.88575,
            41.44869
          ],
          [
            12.88568,
            41.44872
          ],
          [
            12.88564,
            41.44874
          ],
          [
            12.88552,
            41.4488
          ],
          [
            12.88538,
            41.44887
          ],
          [
            12.88537,
            41.44887
          ],
          [
            12.88526,
            41.44893
          ],
          [
            12.88516,
            41.44898
          ],
          [
            12.8851,
            41.44901
          ],
          [
            12.88501,
            41.44906
          ],
          [
            12.88492,
            41.44911
          ],
          [
            12.88482,
            41.44916
          ],
          [
            12.88441,
            41.4494
          ],
          [
            12.88405,
            41.44962
          ],
          [
            12.88385,
            41.44974
          ],
          [
            12.88383,
            41.44978
          ],
          [
            12.88382,
            41.44979
          ],
          [
            12.88365,
            41.4499
          ],
          [
            12.88346,
            41.45003
          ],
          [
            12.88344,
            41.45004
          ],
          [
            12.88334,
            41.45012
          ],
          [
            12.88308,
            41.45031
          ],
          [
            12.88276,
            41.45057
          ],
          [
            12.88267,
            41.45063
          ],
          [
            12.88265,
            41.45065
          ],
          [
            12.88262,
            41.45067
          ],
          [
            12.88252,
            41.45075
          ],
          [
            12.88218,
            41.45104
          ],
          [
            12.88182,
            41.45135
          ],
          [
            12.88162,
            41.45154
          ],
          [
            12.88151,
            41.45163
          ],
          [
            12.88135,
            41.45177
          ],
          [
            12.88109,
            41.45203
          ],
          [
            12.88107,
            41.45206
          ],
          [
            12.88095,
            41.45217
          ],
          [
            12.88087,
            41.45226
          ],
          [
            12.88068,
            41.45245
          ],
          [
            12.88026,
            41.45291
          ],
          [
            12.88024,
            41.45293
          ],
          [
            12.87999,
            41.45322
          ],
          [
            12.87971,
            41.45353
          ],
          [
            12.87955,
            41.45373
          ],
          [
            12.87939,
            41.45395
          ],
          [
            12.87917,
            41.45427
          ],
          [
            12.87905,
            41.45444
          ],
          [
            12.87889,
            41.4547
          ],
          [
            12.87882,
            41.45481
          ],
          [
            12.87871,
            41.45499
          ],
          [
            12.87864,
            41.45511
          ],
          [
            12.87857,
            41.45524
          ],
          [
            12.87844,
            41.45545
          ],
          [
            12.87835,
            41.45562
          ],
          [
            12.87827,
            41.45577
          ],
          [
            12.87824,
            41.45582
          ],
          [
            12.87821,
            41.45587
          ],
          [
            12.87817,
            41.45594
          ],
          [
            12.87814,
            41.456
          ],
          [
            12.87812,
            41.45604
          ],
          [
            12.87802,
            41.4562
          ],
          [
            12.87789,
            41.45647
          ],
          [
            12.87776,
            41.45673
          ],
          [
            12.87766,
            41.45693
          ],
          [
            12.87757,
            41.45713
          ],
          [
            12.87737,
            41.45754
          ],
          [
            12.87692,
            41.45846
          ],
          [
            12.87663,
            41.45908
          ],
          [
            12.87639,
            41.45957
          ],
          [
            12.87625,
            41.45986
          ],
          [
            12.87602,
            41.46033
          ],
          [
            12.87574,
            41.46088
          ],
          [
            12.87546,
            41.46135
          ],
          [
            12.87523,
            41.46172
          ],
          [
            12.87493,
            41.46217
          ],
          [
            12.8749,
            41.46221
          ],
          [
            12.87487,
            41.46225
          ],
          [
            12.87479,
            41.46237
          ],
          [
            12.87477,
            41.4624
          ],
          [
            12.87471,
            41.46248
          ],
          [
            12.87466,
            41.46255
          ],
          [
            12.87461,
            41.46264
          ],
          [
            12.8745,
            41.46278
          ],
          [
            12.87442,
            41.46288
          ],
          [
            12.87438,
            41.46294
          ],
          [
            12.87423,
            41.46312
          ],
          [
            12.874,
            41.46341
          ],
          [
            12.87386,
            41.46357
          ],
          [
            12.87384,
            41.46361
          ],
          [
            12.87363,
            41.46385
          ],
          [
            12.87355,
            41.46394
          ],
          [
            12.87309,
            41.4645
          ],
          [
            12.87264,
            41.46504
          ],
          [
            12.87149,
            41.46642
          ],
          [
            12.8714,
            41.46654
          ],
          [
            12.87095,
            41.46709
          ],
          [
            12.87055,
            41.46756
          ],
          [
            12.87054,
            41.46758
          ],
          [
            12.8705,
            41.46763
          ],
          [
            12.87011,
            41.46813
          ],
          [
            12.86977,
            41.46862
          ],
          [
            12.86961,
            41.46887
          ],
          [
            12.86953,
            41.46898
          ],
          [
            12.86939,
            41.4692
          ],
          [
            12.8693,
            41.46935
          ],
          [
            12.86925,
            41.46943
          ],
          [
            12.8691,
            41.46968
          ],
          [
            12.86907,
            41.46973
          ],
          [
            12.86906,
            41.46977
          ],
          [
            12.86903,
            41.46982
          ],
          [
            12.86891,
            41.47004
          ],
          [
            12.86878,
            41.47029
          ],
          [
            12.86856,
            41.47069
          ],
          [
            12.86833,
            41.47115
          ],
          [
            12.86826,
            41.47129
          ],
          [
            12.8682,
            41.47141
          ],
          [
            12.86813,
            41.47155
          ],
          [
            12.86805,
            41.47169
          ],
          [
            12.86794,
            41.47191
          ],
          [
            12.86766,
            41.47247
          ],
          [
            12.86737,
            41.47304
          ],
          [
            12.86722,
            41.47335
          ],
          [
            12.86692,
            41.47393
          ],
          [
            12.86646,
            41.47483
          ],
          [
            12.86636,
            41.47501
          ],
          [
            12.8663,
            41.47512
          ],
          [
            12.86621,
            41.4753
          ],
          [
            12.86618,
            41.47539
          ],
          [
            12.866,
            41.47573
          ],
          [
            12.8659,
            41.4759
          ],
          [
            12.86576,
            41.47617
          ],
          [
            12.86553,
            41.47661
          ],
          [
            12.86545,
            41.47678
          ],
          [
            12.86539,
            41.47688
          ],
          [
            12.86527,
            41.47707
          ],
          [
            12.86518,
            41.47723
          ],
          [
            12.86506,
            41.47741
          ],
          [
            12.86497,
            41.47755
          ],
          [
            12.86485,
            41.47774
          ],
          [
            12.86475,
            41.47788
          ],
          [
            12.86462,
            41.47808
          ],
          [
            12.86456,
            41.47816
          ],
          [
            12.86451,
            41.47823
          ],
          [
            12.86438,
            41.47842
          ],
          [
            12.86432,
            41.4785
          ],
          [
            12.86426,
            41.47858
          ],
          [
            12.86412,
            41.47877
          ],
          [
            12.86403,
            41.4789
          ],
          [
            12.86398,
            41.47898
          ],
          [
            12.86393,
            41.47903
          ],
          [
            12.86389,
            41.4791
          ],
          [
            12.86376,
            41.47929
          ],
          [
            12.8637,
            41.47938
          ],
          [
            12.86362,
            41.47948
          ],
          [
            12.86356,
            41.47956
          ],
          [
            12.86353,
            41.47961
          ],
          [
            12.86347,
            41.47964
          ],
          [
            12.86346,
            41.47965
          ],
          [
            12.86344,
            41.47966
          ],
          [
            12.86323,
            41.47995
          ],
          [
            12.86322,
            41.47996
          ],
          [
            12.86298,
            41.48024
          ],
          [
            12.8629,
            41.48033
          ],
          [
            12.8627,
            41.48055
          ],
          [
            12.8626,
            41.48065
          ],
          [
            12.86249,
            41.48078
          ],
          [
            12.86222,
            41.48106
          ],
          [
            12.8622,
            41.48107
          ],
          [
            12.86206,
            41.48122
          ],
          [
            12.86191,
            41.48137
          ],
          [
            12.86187,
            41.48142
          ],
          [
            12.86171,
            41.48158
          ],
          [
            12.86158,
            41.48171
          ],
          [
            12.86098,
            41.4823
          ],
          [
            12.86085,
            41.48242
          ],
          [
            12.8607,
            41.48256
          ],
          [
            12.8604,
            41.48284
          ],
          [
            12.86009,
            41.48312
          ],
          [
            12.85982,
            41.48336
          ],
          [
            12.85954,
            41.4836
          ],
          [
            12.85912,
            41.48396
          ],
          [
            12.85873,
            41.48426
          ],
          [
            12.85864,
            41.48432
          ],
          [
            12.85861,
            41.48434
          ],
          [
            12.85836,
            41.48453
          ],
          [
            12.8581,
            41.48471
          ],
          [
            12.85796,
            41.4848
          ],
          [
            12.85766,
            41.48499
          ],
          [
            12.85746,
            41.4851
          ],
          [
            12.85735,
            41.48517
          ],
          [
            12.85715,
            41.48528
          ],
          [
            12.85701,
            41.48536
          ],
          [
            12.85688,
            41.48543
          ],
          [
            12.85686,
            41.48544
          ],
          [
            12.85668,
            41.48552
          ],
          [
            12.85662,
            41.48555
          ],
          [
            12.85648,
            41.48562
          ],
          [
            12.85632,
            41.48569
          ],
          [
            12.8559,
            41.48587
          ],
          [
            12.85568,
            41.48596
          ],
          [
            12.85544,
            41.48605
          ],
          [
            12.85519,
            41.48614
          ],
          [
            12.85492,
            41.48623
          ],
          [
            12.85469,
            41.4863
          ],
          [
            12.85446,
            41.48637
          ],
          [
            12.85425,
            41.48643
          ],
          [
            12.85423,
            41.48643
          ],
          [
            12.85396,
            41.4865
          ],
          [
            12.85369,
            41.48657
          ],
          [
            12.85332,
            41.48665
          ],
          [
            12.85307,
            41.4867
          ],
          [
            12.85293,
            41.48672
          ],
          [
            12.85257,
            41.48678
          ],
          [
            12.85236,
            41.48681
          ],
          [
            12.85198,
            41.48686
          ],
          [
            12.85132,
            41.48694
          ],
          [
            12.85105,
            41.48698
          ],
          [
            12.8508,
            41.48702
          ],
          [
            12.85057,
            41.48706
          ],
          [
            12.85034,
            41.4871
          ],
          [
            12.85031,
            41.4871
          ],
          [
            12.85011,
            41.48715
          ],
          [
            12.85001,
            41.48717
          ],
          [
            12.84983,
            41.48721
          ],
          [
            12.8495,
            41.48729
          ],
          [
            12.84938,
            41.48733
          ],
          [
            12.84922,
            41.48737
          ],
          [
            12.84909,
            41.48741
          ],
          [
            12.84907,
            41.48742
          ],
          [
            12.84906,
            41.48742
          ],
          [
            12.84897,
            41.48741
          ],
          [
            12.84849,
            41.48759
          ],
          [
            12.84844,
            41.48761
          ],
          [
            12.84818,
            41.4877
          ],
          [
            12.84763,
            41.4879
          ],
          [
            12.84754,
            41.48793
          ],
          [
            12.84725,
            41.48804
          ],
          [
            12.84638,
            41.48836
          ],
          [
            12.84633,
            41.48838
          ],
          [
            12.84553,
            41.48866
          ],
          [
            12.84444,
            41.48906
          ],
          [
            12.84422,
            41.48914
          ],
          [
            12.84356,
            41.48938
          ],
          [
            12.84323,
            41.4895
          ],
          [
            12.84283,
            41.48964
          ],
          [
            12.84147,
            41.49013
          ],
          [
            12.84083,
            41.49036
          ],
          [
            12.8401,
            41.49062
          ],
          [
            12.83999,
            41.49066
          ],
          [
            12.83937,
            41.49088
          ],
          [
            12.83787,
            41.49143
          ],
          [
            12.83659,
            41.49189
          ],
          [
            12.8361,
            41.49207
          ],
          [
            12.8355,
            41.49228
          ],
          [
            12.83543,
            41.49231
          ],
          [
            12.83537,
            41.49233
          ],
          [
            12.83364,
            41.49296
          ],
          [
            12.83331,
            41.49308
          ],
          [
            12.83327,
            41.49309
          ],
          [
            12.83292,
            41.49322
          ],
          [
            12.83289,
            41.49323
          ],
          [
            12.83195,
            41.49358
          ],
          [
            12.83184,
            41.49361
          ],
          [
            12.83162,
            41.49369
          ],
          [
            12.83151,
            41.49373
          ],
          [
            12.83114,
            41.49386
          ],
          [
            12.83072,
            41.49401
          ],
          [
            12.83062,
            41.49405
          ],
          [
            12.83014,
            41.49422
          ],
          [
            12.82989,
            41.49431
          ],
          [
            12.82943,
            41.49448
          ],
          [
            12.82937,
            41.49451
          ],
          [
            12.82899,
            41.49464
          ],
          [
            12.82877,
            41.49472
          ],
          [
            12.82874,
            41.49473
          ],
          [
            12.82862,
            41.49477
          ],
          [
            12.82856,
            41.49479
          ],
          [
            12.82834,
            41.49487
          ],
          [
            12.82812,
            41.49495
          ],
          [
            12.8279,
            41.49502
          ],
          [
            12.82783,
            41.49505
          ],
          [
            12.82768,
            41.4951
          ],
          [
            12.82755,
            41.49515
          ],
          [
            12.82733,
            41.49523
          ],
          [
            12.82714,
            41.4953
          ],
          [
            12.82628,
            41.49561
          ],
          [
            12.82592,
            41.49574
          ],
          [
            12.82546,
            41.4959
          ],
          [
            12.82541,
            41.49592
          ],
          [
            12.82512,
            41.49604
          ],
          [
            12.82494,
            41.49611
          ],
          [
            12.82475,
            41.49619
          ],
          [
            12.82455,
            41.49627
          ],
          [
            12.82407,
            41.49649
          ],
          [
            12.82395,
            41.49654
          ],
          [
            12.82363,
            41.49669
          ],
          [
            12.82321,
            41.4969
          ],
          [
            12.82286,
            41.49707
          ],
          [
            12.82281,
            41.4971
          ],
          [
            12.82276,
            41.49712
          ],
          [
            12.82209,
            41.49744
          ],
          [
            12.82082,
            41.49806
          ],
          [
            12.82037,
            41.49828
          ],
          [
            12.81937,
            41.49876
          ],
          [
            12.81852,
            41.49917
          ],
          [
            12.81814,
            41.49936
          ],
          [
            12.81785,
            41.4995
          ],
          [
            12.8176,
            41.49962
          ],
          [
            12.81737,
            41.49973
          ],
          [
            12.81711,
            41.49985
          ],
          [
            12.81687,
            41.49997
          ],
          [
            12.81625,
            41.50027
          ],
          [
            12.81535,
            41.50071
          ],
          [
            12.8145,
            41.50112
          ],
          [
            12.81438,
            41.50117
          ],
          [
            12.81434,
            41.50119
          ],
          [
            12.81418,
            41.50127
          ],
          [
            12.81414,
            41.50129
          ],
          [
            12.81338,
            41.50165
          ],
          [
            12.81334,
            41.50167
          ],
          [
            12.81295,
            41.50186
          ],
          [
            12.81264,
            41.50201
          ],
          [
            12.81138,
            41.50262
          ],
          [
            12.81087,
            41.50287
          ],
          [
            12.81082,
            41.50289
          ],
          [
            12.81067,
            41.50296
          ],
          [
            12.80893,
            41.50381
          ],
          [
            12.80869,
            41.50392
          ],
          [
            12.80815,
            41.50418
          ],
          [
            12.80782,
            41.50434
          ],
          [
            12.80748,
            41.5045
          ],
          [
            12.80713,
            41.50467
          ],
          [
            12.80652,
            41.50496
          ],
          [
            12.80563,
            41.50539
          ],
          [
            12.80521,
            41.5056
          ],
          [
            12.80506,
            41.50567
          ],
          [
            12.80491,
            41.50575
          ],
          [
            12.80461,
            41.50589
          ],
          [
            12.80408,
            41.50615
          ],
          [
            12.80356,
            41.50639
          ],
          [
            12.80335,
            41.5065
          ],
          [
            12.80333,
            41.5065
          ],
          [
            12.80313,
            41.5066
          ],
          [
            12.80284,
            41.50674
          ],
          [
            12.80261,
            41.50685
          ],
          [
            12.80216,
            41.50707
          ],
          [
            12.80185,
            41.50722
          ],
          [
            12.80171,
            41.50728
          ],
          [
            12.8014,
            41.50745
          ],
          [
            12.80117,
            41.50756
          ],
          [
            12.8008,
            41.50774
          ],
          [
            12.80065,
            41.50781
          ],
          [
            12.8005,
            41.50788
          ],
          [
            12.80036,
            41.50795
          ],
          [
            12.79998,
            41.50813
          ],
          [
            12.79986,
            41.50819
          ],
          [
            12.79951,
            41.50835
          ],
          [
            12.79941,
            41.5084
          ],
          [
            12.79909,
            41.50855
          ],
          [
            12.79881,
            41.50869
          ],
          [
            12.79858,
            41.5088
          ],
          [
            12.79852,
            41.50882
          ],
          [
            12.7984,
            41.50896
          ],
          [
            12.79838,
            41.50897
          ],
          [
            12.79833,
            41.50899
          ],
          [
            12.79831,
            41.509
          ],
          [
            12.79813,
            41.50909
          ],
          [
            12.7981,
            41.50911
          ],
          [
            12.79775,
            41.50928
          ],
          [
            12.79767,
            41.50932
          ],
          [
            12.79759,
            41.50936
          ],
          [
            12.79755,
            41.50938
          ],
          [
            12.79751,
            41.50941
          ],
          [
            12.79746,
            41.50945
          ],
          [
            12.7974,
            41.5095
          ],
          [
            12.79737,
            41.50953
          ],
          [
            12.79733,
            41.50958
          ],
          [
            12.79733,
            41.5096
          ],
          [
            12.79731,
            41.50963
          ],
          [
            12.79731,
            41.50967
          ],
          [
            12.79731,
            41.50972
          ],
          [
            12.79731,
            41.50975
          ],
          [
            12.79731,
            41.50977
          ],
          [
            12.79732,
            41.50978
          ],
          [
            12.79732,
            41.50981
          ],
          [
            12.79733,
            41.50983
          ],
          [
            12.79734,
            41.50985
          ],
          [
            12.79737,
            41.50988
          ],
          [
            12.7974,
            41.50991
          ],
          [
            12.79742,
            41.50994
          ],
          [
            12.79745,
            41.50996
          ],
          [
            12.79748,
            41.50998
          ],
          [
            12.79751,
            41.51
          ],
          [
            12.79754,
            41.51002
          ],
          [
            12.79767,
            41.51008
          ],
          [
            12.79847,
            41.51009
          ],
          [
            12.79858,
            41.51004
          ],
          [
            12.79866,
            41.51
          ],
          [
            12.79868,
            41.50999
          ],
          [
            12.79874,
            41.50994
          ],
          [
            12.79883,
            41.50987
          ],
          [
            12.79884,
            41.50982
          ],
          [
            12.79885,
            41.50978
          ],
          [
            12.79886,
            41.50969
          ],
          [
            12.79888,
            41.5096
          ],
          [
            12.79861,
            41.5093
          ],
          [
            12.79858,
            41.50927
          ],
          [
            12.79847,
            41.50915
          ],
          [
            12.79838,
            41.50907
          ],
          [
            12.79833,
            41.509
          ],
          [
            12.79829,
            41.50894
          ],
          [
            12.79826,
            41.5089
          ],
          [
            12.79821,
            41.50883
          ],
          [
            12.79818,
            41.50879
          ],
          [
            12.79814,
            41.50874
          ],
          [
            12.79808,
            41.50863
          ],
          [
            12.79798,
            41.50848
          ],
          [
            12.79797,
            41.50847
          ],
          [
            12.79774,
            41.5081
          ],
          [
            12.7977,
            41.50804
          ],
          [
            12.79769,
            41.50799
          ],
          [
            12.79766,
            41.50789
          ],
          [
            12.79765,
            41.50779
          ],
          [
            12.79764,
            41.50739
          ],
          [
            12.79764,
            41.50722
          ],
          [
            12.79764,
            41.50704
          ],
          [
            12.79763,
            41.50703
          ],
          [
            12.79763,
            41.50702
          ],
          [
            12.79763,
            41.50686
          ],
          [
            12.79763,
            41.50676
          ],
          [
            12.79763,
            41.50658
          ],
          [
            12.79763,
            41.5064
          ],
          [
            12.79764,
            41.50632
          ],
          [
            12.79764,
            41.50622
          ],
          [
            12.79765,
            41.50614
          ],
          [
            12.79766,
            41.50586
          ],
          [
            12.79766,
            41.50578
          ],
          [
            12.79767,
            41.5056
          ],
          [
            12.79771,
            41.5047
          ],
          [
            12.79772,
            41.50452
          ],
          [
            12.79773,
            41.50429
          ],
          [
            12.79774,
            41.50404
          ],
          [
            12.79775,
            41.5037
          ],
          [
            12.79776,
            41.50359
          ],
          [
            12.79784,
            41.50163
          ],
          [
            12.79784,
            41.50148
          ],
          [
            12.79785,
            41.50119
          ],
          [
            12.79786,
            41.50064
          ],
          [
            12.79786,
            41.50046
          ],
          [
            12.79787,
            41.50006
          ],
          [
            12.79787,
            41.49988
          ],
          [
            12.79788,
            41.49974
          ],
          [
            12.79788,
            41.4995
          ],
          [
            12.7979,
            41.49896
          ],
          [
            12.79791,
            41.49885
          ],
          [
            12.79792,
            41.49861
          ],
          [
            12.79792,
            41.49842
          ],
          [
            12.79796,
            41.49752
          ],
          [
            12.79799,
            41.49674
          ],
          [
            12.79799,
            41.49658
          ],
          [
            12.798,
            41.49636
          ],
          [
            12.798,
            41.49635
          ],
          [
            12.79801,
            41.49605
          ],
          [
            12.798,
            41.49582
          ],
          [
            12.79798,
            41.49576
          ],
          [
            12.79797,
            41.49572
          ],
          [
            12.79794,
            41.49563
          ],
          [
            12.79777,
            41.49524
          ],
          [
            12.79768,
            41.49504
          ],
          [
            12.79734,
            41.49421
          ],
          [
            12.79732,
            41.49415
          ],
          [
            12.79716,
            41.49377
          ],
          [
            12.79697,
            41.49329
          ],
          [
            12.79695,
            41.49325
          ],
          [
            12.79683,
            41.49296
          ],
          [
            12.7965,
            41.49215
          ],
          [
            12.79641,
            41.49194
          ],
          [
            12.79632,
            41.49172
          ],
          [
            12.79584,
            41.49057
          ],
          [
            12.7957,
            41.49022
          ],
          [
            12.79547,
            41.48967
          ],
          [
            12.7954,
            41.4895
          ],
          [
            12.79511,
            41.48881
          ],
          [
            12.79493,
            41.48837
          ],
          [
            12.79492,
            41.48834
          ],
          [
            12.79479,
            41.48803
          ],
          [
            12.79478,
            41.48801
          ],
          [
            12.79463,
            41.48765
          ],
          [
            12.79443,
            41.48717
          ],
          [
            12.79425,
            41.48672
          ],
          [
            12.79396,
            41.486
          ],
          [
            12.79382,
            41.48566
          ],
          [
            12.79363,
            41.48519
          ],
          [
            12.79361,
            41.48514
          ],
          [
            12.79333,
            41.48445
          ],
          [
            12.79327,
            41.48431
          ],
          [
            12.79315,
            41.48402
          ],
          [
            12.79308,
            41.48383
          ]
        ]
      }
    },
    {
      "type": "Feature",
      "properties": {
        "name": "Start",
        "sym": "Flag, Green"
      },
      "geometry": {
        "type": "Point",
        "coordinates": [
          12.79308,
          41.48383
        ]
      }
    },
    {
      "type": "Feature",
      "properties": {
        "name": "End",
        "sym": "Flag, Red"
      },
      "geometry": {
        "type": "Point",
        "coordinates": [
          12.79308,
          41.48383
        ]
      }
    }
  ]
}