{"type":"FeatureCollection","features":[{"type":"Feature","properties":{"_gpxType":"trk","name":"Trasferimento","coordinateProperties":{}},"geometry":{"type":"LineString","coordinates":[[12.8618,42.3994],[12.86131,42.39944],[12.86129,42.39944],[12.86097,42.39946],[12.86077,42.39947],[12.86078,42.39935],[12.8612,42.39926],[12.8614,42.39923],[12.86167,42.39919],[12.86176,42.39917],[12.86186,42.39916],[12.86209,42.39912],[12.86223,42.39909],[12.86229,42.39908],[12.86236,42.39907],[12.86239,42.39906],[12.8624,42.39905],[12.86241,42.39905],[12.86243,42.39903],[12.8624,42.39903],[12.86225,42.39901],[12.86216,42.399],[12.8621,42.39898],[12.86204,42.39897],[12.86199,42.39895],[12.86194,42.39894],[12.86187,42.39889],[12.86177,42.39884],[12.86169,42.39878],[12.86164,42.39874],[12.8616,42.39872],[12.86146,42.3986],[12.8614,42.39855],[12.86134,42.3985],[12.86126,42.39842],[12.86123,42.3984],[12.86101,42.39815],[12.86094,42.39806],[12.86071,42.39778],[12.86046,42.39756],[12.86026,42.3973],[12.86017,42.39727],[12.8601,42.39716],[12.86002,42.3967],[12.86002,42.39632],[12.86002,42.39628],[12.86,42.3962],[12.85997,42.39614],[12.85994,42.39609],[12.8599,42.39605],[12.85983,42.39601],[12.85978,42.39597],[12.85977,42.39597],[12.85976,42.39597],[12.85975,42.39597],[12.85974,42.39597],[12.85973,42.39597],[12.85972,42.39596],[12.85971,42.39596],[12.8597,42.39596],[12.85969,42.39595],[12.85968,42.39595],[12.85968,42.39594],[12.85967,42.39594],[12.85966,42.39593],[12.85966,42.39592],[12.85965,42.39592],[12.85965,42.39591],[12.85964,42.3959],[12.85964,42.39589],[12.85964,42.39588],[12.85964,42.39587],[12.85964,42.39586],[12.85964,42.39585],[12.85965,42.39585],[12.85965,42.39584],[12.85966,42.39583],[12.85958,42.39573],[12.85955,42.39566],[12.85955,42.39564],[12.85949,42.39544],[12.85947,42.39534],[12.85946,42.39495],[12.85948,42.39483],[12.85949,42.39478],[12.85953,42.39463],[12.85954,42.39448],[12.85956,42.3944],[12.85958,42.39426],[12.85958,42.39424],[12.85956,42.39406],[12.85954,42.39374],[12.85953,42.3937],[12.8595,42.39353],[12.85949,42.39348],[12.85946,42.39333],[12.85946,42.3933],[12.85943,42.39317],[12.85943,42.39316],[12.8594,42.39302],[12.85937,42.39284],[12.85935,42.39274],[12.85934,42.39266],[12.85931,42.39243],[12.85928,42.39231],[12.85924,42.39216],[12.85921,42.39197],[12.8592,42.39178],[12.8592,42.39177],[12.85922,42.39156],[12.85925,42.39141],[12.85932,42.39116],[12.85931,42.39115],[12.85931,42.39114],[12.8593,42.39113],[12.85929,42.39112],[12.85929,42.39111],[12.85929,42.3911],[12.85928,42.39109],[12.85928,42.39108],[12.85928,42.39107],[12.85928,42.39106],[12.85928,42.39105],[12.85928,42.39104],[12.85928,42.39103],[12.85928,42.39102],[12.85929,42.39102],[12.85917,42.39065],[12.85908,42.39008],[12.85904,42.38987],[12.85904,42.38983],[12.85893,42.38917],[12.85875,42.38803],[12.85871,42.3878],[12.85854,42.38678],[12.85846,42.38624],[12.85841,42.38592],[12.85832,42.38535],[12.8583,42.38525],[12.85828,42.38515],[12.85827,42.38505],[12.85824,42.38488],[12.85817,42.38441],[12.85817,42.38426],[12.85816,42.38413],[12.85818,42.38398],[12.85822,42.3838],[12.85827,42.38366],[12.85845,42.38334],[12.85849,42.38326],[12.85868,42.38289],[12.8589,42.38248],[12.85905,42.38221],[12.85915,42.38199],[12.8592,42.38179],[12.85926,42.38141],[12.85928,42.38118],[12.85925,42.38088],[12.85921,42.38075],[12.85912,42.38054],[12.85894,42.38017],[12.8589,42.38007],[12.85886,42.37997],[12.85884,42.37989],[12.85882,42.37981],[12.85881,42.37972],[12.85879,42.37955],[12.85879,42.37954],[12.85876,42.37918],[12.85875,42.37828],[12.85874,42.37809],[12.85877,42.37774],[12.85878,42.37756],[12.85882,42.37702],[12.85897,42.37621],[12.85905,42.37587],[12.85921,42.37539],[12.85924,42.37532],[12.85924,42.3753],[12.85929,42.37515],[12.85939,42.37481],[12.85941,42.37475],[12.85945,42.37463],[12.85957,42.37428],[12.8596,42.37421],[12.85971,42.37375],[12.85974,42.37358],[12.85976,42.37321],[12.85982,42.37272],[12.85986,42.37249],[12.85996,42.37206],[12.86002,42.37185],[12.86008,42.37154],[12.86025,42.3706],[12.86031,42.37034],[12.86037,42.37017],[12.86049,42.36992],[12.86064,42.36965],[12.86084,42.36924],[12.86088,42.36917],[12.86096,42.36899],[12.86097,42.36889],[12.86097,42.36844],[12.86096,42.36807],[12.86096,42.36805],[12.86095,42.36768],[12.86093,42.36735],[12.86093,42.3673],[12.86092,42.36718],[12.86092,42.36714],[12.86091,42.36704],[12.86089,42.36682],[12.86086,42.36668],[12.86083,42.36654],[12.86078,42.36633],[12.86077,42.3663],[12.86077,42.36629],[12.86068,42.36593],[12.86066,42.36585],[12.86062,42.3657],[12.86059,42.36562],[12.86056,42.36555],[12.86054,42.36551],[12.86049,42.36542],[12.86042,42.3653],[12.86033,42.36518],[12.85968,42.36449],[12.85963,42.36444],[12.85958,42.36439],[12.85949,42.36428],[12.85935,42.36412],[12.85929,42.36405],[12.85925,42.36398],[12.85922,42.36392],[12.8592,42.36386],[12.85918,42.36377],[12.85916,42.36368],[12.85915,42.36356],[12.85914,42.36347],[12.85915,42.36342],[12.85916,42.36332],[12.85919,42.36315],[12.85925,42.36285],[12.85926,42.36281],[12.85927,42.36275],[12.85928,42.3627],[12.8593,42.36252],[12.85931,42.36237],[12.85931,42.36225],[12.8593,42.36214],[12.85928,42.36204],[12.85928,42.36203],[12.85927,42.36194],[12.85923,42.3618],[12.8592,42.3617],[12.85915,42.36161],[12.85912,42.36154],[12.85911,42.36152],[12.85909,42.3615],[12.85909,42.36149],[12.85904,42.36142],[12.85901,42.36138],[12.85894,42.36128],[12.85883,42.36115],[12.85853,42.36081],[12.85824,42.36057],[12.85799,42.36031],[12.85795,42.36026],[12.85787,42.36014],[12.85777,42.36],[12.85774,42.35993],[12.85772,42.3599],[12.85767,42.35981],[12.85766,42.35976],[12.85762,42.35967],[12.8576,42.35959],[12.85755,42.35941],[12.85749,42.35924],[12.85744,42.35906],[12.85739,42.35891],[12.85734,42.35871],[12.85724,42.35833],[12.85716,42.35804],[12.85714,42.358],[12.85713,42.35795],[12.8571,42.35786],[12.85702,42.35747],[12.85701,42.35743],[12.85699,42.3573],[12.85698,42.35723],[12.85698,42.35706],[12.85698,42.35705],[12.85698,42.35698],[12.85698,42.35694],[12.85698,42.35676],[12.85698,42.3567],[12.85698,42.35658],[12.85697,42.35642],[12.85695,42.35632],[12.85693,42.35625],[12.85693,42.35624],[12.85691,42.35616],[12.85687,42.35607],[12.85683,42.35597],[12.85681,42.3559],[12.85679,42.35581],[12.85679,42.35572],[12.85679,42.35564],[12.85679,42.35561],[12.85678,42.35556],[12.85678,42.35546],[12.85678,42.35545],[12.85678,42.35537],[12.85676,42.35531],[12.85674,42.35525],[12.85669,42.35511],[12.85667,42.35508],[12.85656,42.3548],[12.85645,42.35457],[12.85633,42.35436],[12.85627,42.35426],[12.85626,42.35425],[12.85626,42.35424],[12.85625,42.35423],[12.85619,42.35414],[12.85614,42.35408],[12.85613,42.35407],[12.85611,42.35405],[12.85594,42.35386],[12.85576,42.35367],[12.85575,42.35365],[12.85572,42.35362],[12.85568,42.35358],[12.85564,42.35353],[12.85554,42.3534],[12.85543,42.35323],[12.85532,42.35304],[12.85525,42.35291],[12.85511,42.35278],[12.85497,42.35264],[12.85495,42.35263],[12.85489,42.35258],[12.85482,42.35253],[12.85472,42.35247],[12.85452,42.35234],[12.85441,42.35228],[12.85434,42.35224],[12.85432,42.35222],[12.85428,42.3522],[12.85425,42.35218],[12.85423,42.35217],[12.85398,42.352],[12.85397,42.35199],[12.85381,42.35189],[12.8538,42.35188],[12.85372,42.35183],[12.85369,42.35181],[12.85369,42.3518],[12.85362,42.35176],[12.85361,42.35175],[12.85355,42.3517],[12.85354,42.35169],[12.85352,42.35167],[12.85348,42.35163],[12.85347,42.35162],[12.85343,42.35156],[12.85336,42.35148],[12.85335,42.35146],[12.85333,42.35142],[12.85332,42.35138],[12.85331,42.35136],[12.8533,42.35135],[12.85329,42.35129],[12.85326,42.3512],[12.85326,42.35111],[12.85325,42.35106],[12.85326,42.35098],[12.85326,42.35093],[12.85327,42.35085],[12.85328,42.35082],[12.8533,42.35075],[12.85338,42.35038],[12.85346,42.35004],[12.85347,42.35002],[12.85354,42.34974],[12.85356,42.34969],[12.85358,42.34961],[12.85359,42.34958],[12.85361,42.34951],[12.85366,42.34935],[12.85375,42.34908],[12.85378,42.34899],[12.85379,42.34895],[12.85381,42.34891],[12.85389,42.34868],[12.8539,42.34864],[12.85399,42.34839],[12.85401,42.34833],[12.85411,42.34818],[12.85416,42.34812],[12.85422,42.34806],[12.85425,42.34799],[12.85426,42.34797],[12.85437,42.34774],[12.85439,42.34769],[12.8544,42.34766],[12.85455,42.34733],[12.85458,42.34726],[12.8546,42.34722],[12.85462,42.34721],[12.85467,42.34716],[12.85474,42.34699],[12.85479,42.34688],[12.85486,42.34671],[12.85488,42.34667],[12.85497,42.34644],[12.85503,42.34627],[12.8551,42.34609],[12.85517,42.3459],[12.85518,42.34587],[12.85519,42.34584],[12.85522,42.34572],[12.85523,42.34569],[12.85523,42.34567],[12.85526,42.34555],[12.85527,42.34549],[12.85529,42.34538],[12.85534,42.34509],[12.85536,42.34496],[12.85539,42.34465],[12.85542,42.34446],[12.85544,42.34429],[12.85548,42.34398],[12.8555,42.3438],[12.85551,42.34372],[12.85556,42.34344],[12.85556,42.3434],[12.8556,42.34308],[12.85563,42.3429],[12.85566,42.34261],[12.85569,42.34244],[12.85572,42.34237],[12.85574,42.34226],[12.85576,42.34206],[12.85588,42.34123],[12.85588,42.34117],[12.85589,42.34116],[12.85591,42.34099],[12.85622,42.33869],[12.85623,42.3386],[12.85627,42.33816],[12.85628,42.33802],[12.85632,42.33777],[12.85637,42.33751],[12.85641,42.33736],[12.85644,42.33726],[12.85647,42.3372],[12.85653,42.33705],[12.85666,42.33678],[12.85691,42.3363],[12.85694,42.33624],[12.85703,42.33608],[12.8572,42.33573],[12.8573,42.33555],[12.85739,42.33537],[12.85743,42.33526],[12.85749,42.33508],[12.85755,42.33485],[12.85762,42.33451],[12.85775,42.33385],[12.85785,42.33332],[12.85788,42.33313],[12.85793,42.33288],[12.85798,42.33269],[12.858,42.33253],[12.85809,42.33205],[12.8581,42.33198],[12.85816,42.33167],[12.85826,42.3312],[12.85825,42.33117],[12.85825,42.33116],[12.85827,42.33099],[12.85835,42.33057],[12.85838,42.33046],[12.8584,42.33033],[12.85844,42.33012],[12.85851,42.3298],[12.85853,42.32969],[12.85859,42.32943],[12.85867,42.32906],[12.85867,42.32905],[12.85875,42.32861],[12.85878,42.32849],[12.85881,42.32839],[12.8589,42.32799],[12.85895,42.32774],[12.85899,42.32768],[12.85904,42.32735],[12.85905,42.32722],[12.85908,42.32705],[12.85908,42.32694],[12.85909,42.32686],[12.85909,42.32677],[12.85909,42.3267],[12.85909,42.32663],[12.85908,42.32656],[12.85906,42.32647],[12.85902,42.32634],[12.85898,42.32621],[12.85894,42.32612],[12.85892,42.32608],[12.85889,42.32601],[12.85883,42.32591],[12.85876,42.32578],[12.8584,42.32529],[12.85791,42.32462],[12.85766,42.32428],[12.85736,42.32387],[12.85716,42.32359],[12.85713,42.32355],[12.85589,42.3219],[12.85521,42.32096],[12.85477,42.32037],[12.85396,42.31923],[12.85364,42.31878],[12.8535,42.31858],[12.85345,42.3185],[12.85336,42.31835],[12.85331,42.31826],[12.85324,42.31811],[12.85317,42.31797],[12.85308,42.31778],[12.85302,42.31763],[12.85297,42.31741],[12.85292,42.31727],[12.85288,42.31699],[12.85284,42.3167],[12.85277,42.31621],[12.85267,42.3155],[12.85262,42.31513],[12.8526,42.31496],[12.8526,42.31486],[12.8526,42.31477],[12.8526,42.31458],[12.85264,42.31421],[12.85265,42.31403],[12.85281,42.31271],[12.85288,42.31185],[12.85292,42.31127],[12.85294,42.31108],[12.85298,42.3105],[12.85299,42.31032],[12.85302,42.30997],[12.85304,42.30971],[12.85307,42.30948],[12.85311,42.30929],[12.85317,42.30909],[12.85318,42.30907],[12.85323,42.30889],[12.85334,42.30861],[12.85341,42.30847],[12.8536,42.30807],[12.85362,42.30805],[12.8537,42.30788],[12.85375,42.30777],[12.85387,42.30751],[12.85398,42.30725],[12.85404,42.3071],[12.85412,42.30685],[12.85415,42.30672],[12.85416,42.30666],[12.85417,42.30662],[12.85417,42.30661],[12.85419,42.30652],[12.85421,42.30625],[12.85423,42.30582],[12.85425,42.30523],[12.85425,42.30487],[12.85425,42.30475],[12.85426,42.30468],[12.85426,42.30464],[12.85427,42.30461],[12.85429,42.30444],[12.85433,42.30426],[12.8544,42.30405],[12.85446,42.30389],[12.85454,42.30372],[12.85463,42.3036],[12.85479,42.30336],[12.85497,42.30314],[12.8551,42.30302],[12.85528,42.30285],[12.8554,42.30275],[12.85568,42.3025],[12.85587,42.30233],[12.85607,42.30215],[12.85642,42.30186],[12.85649,42.30179],[12.85653,42.30175],[12.85657,42.30171],[12.85663,42.30164],[12.85664,42.30163],[12.85667,42.3016],[12.85679,42.30147],[12.85689,42.30132],[12.85697,42.30121],[12.85704,42.3011],[12.85712,42.30096],[12.85723,42.30069],[12.85733,42.30045],[12.85737,42.30036],[12.8574,42.30028],[12.85749,42.30007],[12.85798,42.29885],[12.85816,42.29849],[12.85856,42.29778],[12.85898,42.29703],[12.85917,42.29669],[12.85919,42.29664],[12.85926,42.29652],[12.85935,42.29635],[12.85936,42.29634],[12.85945,42.29615],[12.85951,42.29601],[12.85955,42.29591],[12.85961,42.29573],[12.85966,42.29556],[12.85968,42.2955],[12.85971,42.29533],[12.85973,42.29517],[12.85975,42.295],[12.85976,42.29481],[12.85976,42.29479],[12.85976,42.29466],[12.85975,42.29447],[12.85974,42.29439],[12.85972,42.29427],[12.85969,42.29415],[12.85965,42.29402],[12.85965,42.294],[12.85958,42.29381],[12.85955,42.29376],[12.85955,42.29375],[12.85952,42.2937],[12.8595,42.29366],[12.85943,42.29355],[12.85935,42.29341],[12.85935,42.2934],[12.85932,42.29335],[12.85929,42.29331],[12.85927,42.29328],[12.85924,42.29323],[12.85923,42.29323],[12.85919,42.29317],[12.85917,42.29312],[12.85916,42.29311],[12.85915,42.2931],[12.85911,42.29304],[12.85907,42.29299],[12.85899,42.29288],[12.85891,42.29277],[12.85881,42.29271],[12.85861,42.29254],[12.85856,42.29248],[12.85838,42.29234],[12.85804,42.29207],[12.85797,42.29203],[12.8575,42.29175],[12.85704,42.29149],[12.85686,42.29136],[12.8568,42.29129],[12.85665,42.29121],[12.85661,42.29119],[12.85584,42.29075],[12.85563,42.29063],[12.85549,42.29055],[12.85469,42.29009],[12.8546,42.29004],[12.85412,42.28977],[12.85402,42.28972],[12.85396,42.28969],[12.85389,42.28966],[12.85383,42.28963],[12.85378,42.28961],[12.85366,42.28957],[12.85357,42.28954],[12.85345,42.2895],[12.8533,42.28945],[12.85322,42.28943],[12.85319,42.28943],[12.853,42.28938],[12.85299,42.28938],[12.85284,42.28935],[12.8528,42.28935],[12.85275,42.28934],[12.85266,42.28933],[12.85262,42.28933],[12.85251,42.28932],[12.85245,42.28932],[12.85226,42.28931],[12.85206,42.28931],[12.85192,42.28931],[12.85182,42.28931],[12.85165,42.28931],[12.85158,42.28931],[12.85157,42.28931],[12.85141,42.28931],[12.85137,42.28931],[12.85133,42.28931],[12.85131,42.28931],[12.85129,42.28931],[12.85125,42.28931],[12.85101,42.28931],[12.85085,42.28931],[12.85077,42.28931],[12.85068,42.28931],[12.85061,42.28931],[12.85051,42.28931],[12.85044,42.28931],[12.85028,42.28931],[12.8502,42.28931],[12.85019,42.28932],[12.85012,42.28931],[12.85004,42.28931],[12.84988,42.28931],[12.8498,42.28931],[12.84973,42.28931],[12.84964,42.2893],[12.8494,42.28929],[12.84903,42.28924],[12.84892,42.28921],[12.84877,42.28918],[12.84869,42.28916],[12.84849,42.2891],[12.84847,42.28909],[12.84824,42.28901],[12.84803,42.28892],[12.84796,42.28888],[12.84782,42.28882],[12.84769,42.28875],[12.84744,42.2886],[12.84722,42.28844],[12.84706,42.2883],[12.84693,42.28817],[12.84681,42.28805],[12.84669,42.28789],[12.8466,42.28775],[12.84655,42.28766],[12.84647,42.2875],[12.84642,42.28739],[12.84638,42.28727],[12.84634,42.28716],[12.84628,42.28692],[12.84624,42.28668],[12.84619,42.28641],[12.84614,42.28617],[12.8461,42.28596],[12.84607,42.28583],[12.84606,42.28579],[12.84602,42.28562],[12.84598,42.28543],[12.84588,42.28508],[12.84584,42.2849],[12.84581,42.28478],[12.8458,42.28476],[12.84575,42.2847],[12.84569,42.28436],[12.84566,42.28415],[12.84565,42.28394],[12.84566,42.28373],[12.84567,42.28368],[12.84566,42.28353],[12.84567,42.28345],[12.84567,42.28329],[12.84568,42.28324],[12.84573,42.283],[12.84574,42.28296],[12.84585,42.28258],[12.8459,42.28241],[12.84605,42.28186],[12.84613,42.28159],[12.84623,42.28125],[12.84625,42.28116],[12.84633,42.28085],[12.84635,42.28079],[12.84637,42.2807],[12.84647,42.28036],[12.84652,42.28019],[12.84655,42.28008],[12.84658,42.27993],[12.8466,42.27976],[12.84661,42.2795],[12.84662,42.27943],[12.84661,42.27932],[12.8466,42.27929],[12.84659,42.27922],[12.84659,42.27918],[12.84658,42.27912],[12.84659,42.27902],[12.84656,42.27891],[12.8465,42.27876],[12.84643,42.27861],[12.84635,42.27841],[12.84626,42.27823],[12.84605,42.27784],[12.84556,42.27701],[12.84546,42.27684],[12.84539,42.27672],[12.84503,42.27607],[12.84499,42.27599],[12.84497,42.27593],[12.84494,42.27582],[12.84491,42.27568],[12.84489,42.27552],[12.84486,42.27538],[12.8448,42.275],[12.84471,42.27448],[12.84466,42.27417],[12.84461,42.27394],[12.84459,42.27388],[12.84455,42.27372],[12.84446,42.27341],[12.84441,42.27329],[12.84431,42.27307],[12.84415,42.27276],[12.84414,42.27274],[12.84403,42.27253],[12.84377,42.2721],[12.84376,42.27208],[12.84374,42.27205],[12.84369,42.27196],[12.84367,42.27194],[12.84366,42.27192],[12.84364,42.27189],[12.84361,42.27184],[12.84337,42.27144],[12.8433,42.27131],[12.84329,42.27129],[12.84326,42.27125],[12.84323,42.2712],[12.84317,42.27106],[12.84317,42.27105],[12.84307,42.27077],[12.84304,42.2706],[12.84301,42.2704],[12.84296,42.27008],[12.8429,42.2698],[12.84285,42.26964],[12.84281,42.26952],[12.8428,42.2695],[12.8428,42.26949],[12.84279,42.26947],[12.84271,42.26925],[12.8426,42.269],[12.8426,42.26899],[12.84242,42.26859],[12.84225,42.26823],[12.84215,42.268],[12.84208,42.26783],[12.84201,42.26761],[12.84193,42.26719],[12.84187,42.26692],[12.84187,42.26689],[12.84186,42.26687],[12.84184,42.26674],[12.84183,42.26672],[12.84182,42.26664],[12.84176,42.26633],[12.8417,42.26601],[12.84167,42.26586],[12.84163,42.26577],[12.84158,42.26563],[12.84155,42.26554],[12.84155,42.26553],[12.84151,42.26545],[12.8415,42.26543],[12.84145,42.26533],[12.84144,42.26532],[12.84141,42.26526],[12.84124,42.26496],[12.84112,42.26475],[12.84102,42.26453],[12.84098,42.26444],[12.84096,42.26435],[12.84095,42.26431],[12.84091,42.2642],[12.84089,42.26407],[12.84083,42.26388],[12.84081,42.26379],[12.8408,42.26378],[12.84079,42.26373],[12.84075,42.26364],[12.8407,42.26354],[12.84065,42.26344],[12.84057,42.26332],[12.84049,42.26322],[12.84041,42.26313],[12.84028,42.26301],[12.84016,42.26291],[12.84003,42.26282],[12.83993,42.26276],[12.83986,42.26272],[12.83971,42.26264],[12.83944,42.26253],[12.83925,42.26245],[12.83909,42.26237],[12.83897,42.26231],[12.83891,42.26228],[12.83889,42.26227],[12.83882,42.26223],[12.83871,42.26215],[12.8387,42.26214],[12.83854,42.26201],[12.83845,42.26192],[12.8383,42.26177],[12.83825,42.2617],[12.8382,42.26164],[12.83816,42.26156],[12.83812,42.26148],[12.83807,42.26136],[12.83804,42.26126],[12.83801,42.26113],[12.83799,42.26101],[12.83798,42.26093],[12.83798,42.2608],[12.83799,42.26071],[12.838,42.26066],[12.838,42.26061],[12.83801,42.26055],[12.83801,42.26052],[12.83802,42.2605],[12.83802,42.26049],[12.83805,42.2603],[12.83812,42.2599],[12.83818,42.25959],[12.83823,42.25929],[12.83829,42.25853],[12.83831,42.2584],[12.83833,42.25809],[12.83836,42.25783],[12.83837,42.25764],[12.83838,42.25759],[12.8384,42.25747],[12.83841,42.25736],[12.83848,42.25699],[12.83849,42.25692],[12.8385,42.25686],[12.83851,42.25683],[12.83852,42.25679],[12.83852,42.25678],[12.83878,42.2558],[12.83888,42.25545],[12.83889,42.25537],[12.83893,42.25524],[12.83898,42.25505],[12.83906,42.25481],[12.83912,42.25461],[12.83915,42.25444],[12.83916,42.25441],[12.83916,42.25425],[12.83913,42.25402],[12.83909,42.25385],[12.83902,42.25367],[12.83898,42.25356],[12.83892,42.25339],[12.83887,42.25329],[12.83881,42.25318],[12.83876,42.25312],[12.83871,42.25304],[12.8386,42.25288],[12.83855,42.25282],[12.8385,42.25275],[12.83836,42.2526],[12.83822,42.25248],[12.83806,42.25236],[12.8379,42.25226],[12.83772,42.25217],[12.83761,42.25212],[12.83751,42.25208],[12.83712,42.25197],[12.83676,42.25187],[12.83663,42.25183],[12.83653,42.2518],[12.83648,42.25179],[12.8364,42.25177],[12.83639,42.25176],[12.83633,42.25175],[12.83594,42.25164],[12.83557,42.25154],[12.83542,42.2515],[12.83506,42.2514],[12.83462,42.25128],[12.83432,42.25119],[12.83417,42.25115],[12.83388,42.25107],[12.83348,42.25095],[12.83334,42.25091],[12.83326,42.25088],[12.83319,42.25086],[12.83317,42.25085],[12.83306,42.25081],[12.83296,42.25076],[12.83295,42.25076],[12.83292,42.25074],[12.83287,42.25072],[12.83272,42.25065],[12.83258,42.25058],[12.83249,42.25053],[12.8323,42.2504],[12.83215,42.25029],[12.83192,42.25009],[12.83171,42.24986],[12.83147,42.24958],[12.83136,42.24944],[12.83099,42.24899],[12.83062,42.24856],[12.83048,42.24836],[12.83039,42.24824],[12.82989,42.24736],[12.82981,42.24721],[12.82919,42.24611],[12.82906,42.24588],[12.82886,42.24554],[12.82853,42.24494],[12.8284,42.24471],[12.82826,42.24445],[12.82763,42.24333],[12.82745,42.24305],[12.82719,42.24276],[12.82705,42.24261],[12.82692,42.24246],[12.82685,42.24239],[12.82657,42.24208],[12.82645,42.24193],[12.82637,42.24181],[12.82624,42.2416],[12.82613,42.24137],[12.82602,42.24109],[12.82597,42.24091],[12.82595,42.24083],[12.82592,42.24073],[12.82591,42.24067],[12.82566,42.23968],[12.82556,42.23927],[12.82548,42.23902],[12.82537,42.23882],[12.82528,42.23866],[12.82526,42.23864],[12.82521,42.23856],[12.82516,42.2385],[12.82508,42.23839],[12.82475,42.23802],[12.82467,42.23793],[12.82418,42.2374],[12.82408,42.23728],[12.824,42.23718],[12.8239,42.23703],[12.82384,42.23696],[12.82378,42.23687],[12.82367,42.2367],[12.82363,42.23664],[12.82351,42.23643],[12.82341,42.2362],[12.8234,42.23618],[12.82338,42.23613],[12.82336,42.23606],[12.82335,42.23603],[12.82332,42.23596],[12.8233,42.23588],[12.82329,42.23584],[12.82328,42.23582],[12.82327,42.23578],[12.82323,42.23562],[12.82323,42.2356],[12.82317,42.23542],[12.82308,42.23516],[12.82291,42.23457],[12.82291,42.23456],[12.82284,42.2343],[12.8228,42.23415],[12.8227,42.23378],[12.82266,42.23366],[12.82261,42.23348],[12.82256,42.23333],[12.82251,42.2332],[12.82251,42.23316],[12.8225,42.23313],[12.82248,42.23303],[12.82248,42.23293],[12.82249,42.2329],[12.8225,42.23279],[12.82251,42.2327],[12.82251,42.23266],[12.82253,42.23255],[12.82256,42.23242],[12.82256,42.23237],[12.82259,42.23227],[12.82262,42.23217],[12.82268,42.23201],[12.82272,42.23192],[12.82277,42.23181],[12.82283,42.23171],[12.82286,42.23167],[12.82287,42.23167],[12.82294,42.23156],[12.82296,42.23153],[12.82304,42.23145],[12.82305,42.23144],[12.82315,42.23132],[12.82317,42.2313],[12.82323,42.23123],[12.82343,42.23104],[12.82369,42.23085],[12.82375,42.23081],[12.82382,42.23076],[12.82389,42.23071],[12.82403,42.23061],[12.82406,42.23058],[12.82424,42.23046],[12.82427,42.23043],[12.82441,42.23033],[12.82446,42.2303],[12.82459,42.23021],[12.82459,42.2302],[12.82472,42.23012],[12.82477,42.23009],[12.82487,42.23002],[12.82494,42.22996],[12.82503,42.2299],[12.82511,42.22984],[12.82512,42.22984],[12.82523,42.22975],[12.82528,42.2297],[12.82538,42.22962],[12.82543,42.22956],[12.82547,42.22953],[12.82554,42.22945],[12.82561,42.22938],[12.82565,42.22933],[12.82573,42.22923],[12.82582,42.22909],[12.82589,42.22896],[12.8259,42.22894],[12.82596,42.22881],[12.82598,42.22877],[12.82601,42.22868],[12.82602,42.22859],[12.82603,42.22857],[12.82605,42.22834],[12.82605,42.22823],[12.82605,42.22808],[12.82605,42.22805],[12.82604,42.22784],[12.82604,42.22772],[12.82604,42.22754],[12.82604,42.22736],[12.82605,42.22712],[12.82605,42.22691],[12.82605,42.22683],[12.82607,42.22646],[12.82608,42.22618],[12.82612,42.22598],[12.82613,42.22594],[12.82614,42.22584],[12.82615,42.22579],[12.82623,42.2254],[12.82627,42.22519],[12.82632,42.22498],[12.82635,42.22487],[12.82645,42.22445],[12.82645,42.22444],[12.82647,42.22438],[12.8265,42.22426],[12.82651,42.2242],[12.82655,42.22405],[12.82658,42.2239],[12.82659,42.22385],[12.82663,42.22365],[12.82666,42.22349],[12.82669,42.22329],[12.82672,42.22313],[12.82676,42.22271],[12.82676,42.22263],[12.82678,42.22223],[12.82678,42.22178],[12.8268,42.22152],[12.82682,42.22134],[12.82683,42.22119],[12.82684,42.22116],[12.82685,42.22098],[12.82686,42.22083],[12.82686,42.22069],[12.82686,42.22065],[12.82687,42.22047],[12.82688,42.22041],[12.82692,42.2202],[12.82694,42.22011],[12.82694,42.2201],[12.82697,42.21993],[12.82697,42.21992],[12.82699,42.21981],[12.827,42.21976],[12.82701,42.21968],[12.82703,42.21958],[12.82705,42.2195],[12.82708,42.21939],[12.82714,42.21925],[12.82715,42.21923],[12.82722,42.21906],[12.82723,42.21902],[12.82731,42.21886],[12.82735,42.21877],[12.82747,42.21852],[12.82751,42.21843],[12.82754,42.21838],[12.82759,42.21829],[12.82762,42.21824],[12.82773,42.21805],[12.82793,42.21769],[12.82801,42.21755],[12.82804,42.21751],[12.82811,42.21739],[12.82813,42.21736],[12.82822,42.21722],[12.82832,42.21706],[12.82855,42.21674],[12.8287,42.21654],[12.82878,42.21643],[12.82906,42.21603],[12.82956,42.21538],[12.82962,42.2153],[12.82971,42.21517],[12.82973,42.21514],[12.82984,42.215],[12.82992,42.21489],[12.82995,42.21485],[12.82998,42.21481],[12.83,42.21477],[12.8301,42.21464],[12.83029,42.21436],[12.83037,42.21423],[12.83044,42.21409],[12.83052,42.21386],[12.83055,42.21374],[12.83056,42.21373],[12.8306,42.21357],[12.83062,42.21343],[12.83063,42.21339],[12.83063,42.21322],[12.83062,42.21303],[12.83062,42.213],[12.83059,42.21285],[12.83056,42.21273],[12.83054,42.21268],[12.83049,42.2125],[12.83043,42.21244],[12.83039,42.21237],[12.83034,42.21227],[12.83028,42.21217],[12.83023,42.21208],[12.83017,42.21201],[12.83012,42.21194],[12.83005,42.21184],[12.82988,42.21167],[12.8298,42.21159],[12.82977,42.21156],[12.82963,42.21144],[12.82956,42.21137],[12.82943,42.21127],[12.82925,42.21114],[12.82911,42.21106],[12.82904,42.21102],[12.82888,42.21094],[12.82881,42.21091],[12.82876,42.21089],[12.82863,42.21084],[12.8284,42.21075],[12.82837,42.21075],[12.82814,42.21067],[12.82767,42.21058],[12.82734,42.21051],[12.82717,42.21047],[12.82705,42.21044],[12.82696,42.21041],[12.82672,42.21037],[12.82649,42.21032],[12.82625,42.21027],[12.82618,42.21026],[12.82602,42.21022],[12.82578,42.21018],[12.82571,42.21016],[12.8257,42.21016],[12.82555,42.21013],[12.82544,42.21011],[12.82525,42.21007],[12.8251,42.21002],[12.82504,42.21],[12.82488,42.20994],[12.82479,42.20997],[12.82475,42.20998],[12.82472,42.20999],[12.8247,42.20999],[12.82468,42.21],[12.82466,42.21001],[12.82465,42.21002],[12.82462,42.21003],[12.82461,42.21004],[12.82459,42.21005],[12.82457,42.21007],[12.82449,42.21014],[12.8245,42.21015],[12.82452,42.2102],[12.82459,42.21042],[12.82465,42.21059],[12.82476,42.21052],[12.82482,42.21048],[12.82486,42.21044],[12.8249,42.21041],[12.82494,42.21036],[12.82498,42.2103],[12.82502,42.21022],[12.82507,42.21009],[12.82509,42.21004],[12.82512,42.20996],[12.82521,42.20976],[12.82493,42.20958],[12.8249,42.20956],[12.82402,42.20898],[12.82399,42.20896],[12.82356,42.20867],[12.82348,42.20862],[12.82322,42.20845],[12.82261,42.20805],[12.82236,42.20785],[12.82225,42.20785],[12.82199,42.20785],[12.82199,42.20786],[12.82198,42.20786],[12.82197,42.20787],[12.82196,42.20788],[12.82195,42.20788],[12.82194,42.20788],[12.82193,42.20789],[12.82192,42.20789],[12.82191,42.20789],[12.8219,42.20789],[12.82189,42.20789],[12.82188,42.20789],[12.82187,42.20789],[12.82186,42.20789],[12.82185,42.20789],[12.82184,42.20789],[12.82183,42.20789],[12.82182,42.20789],[12.82181,42.20788],[12.8218,42.20788],[12.82179,42.20788],[12.82178,42.20787],[12.82177,42.20786],[12.82176,42.20786],[12.82175,42.20785],[12.82174,42.20784],[12.82173,42.20783],[12.82173,42.20782],[12.82172,42.20781],[12.82172,42.2078],[12.82172,42.20779],[12.82172,42.20778],[12.82172,42.20777],[12.82172,42.20776],[12.82172,42.20775],[12.82172,42.20774],[12.82173,42.20773],[12.82173,42.20772],[12.82174,42.20772],[12.82174,42.20771],[12.82175,42.2077],[12.82175,42.20761],[12.82174,42.20757],[12.82173,42.20753],[12.82172,42.2075],[12.82172,42.20748],[12.82171,42.20744],[12.82024,42.20651],[12.81987,42.20627],[12.81891,42.20563],[12.81844,42.20532],[12.81837,42.20527],[12.81826,42.2052],[12.8179,42.20495],[12.8174,42.20465],[12.81677,42.20424],[12.81659,42.20412],[12.8165,42.20406],[12.81531,42.20329],[12.81476,42.20294],[12.81461,42.20284],[12.81449,42.2029],[12.81423,42.20303],[12.81419,42.20304],[12.81397,42.20313],[12.81286,42.20363],[12.81283,42.20364],[12.81276,42.20368],[12.81133,42.20435],[12.81122,42.20439],[12.81117,42.20441],[12.81094,42.20441],[12.81001,42.20445],[12.80913,42.20448],[12.80816,42.20451],[12.80793,42.20452],[12.80683,42.20456],[12.80617,42.20458],[12.80603,42.20459],[12.80585,42.2046],[12.80532,42.20464],[12.80526,42.20465],[12.80513,42.2047],[12.80504,42.20475],[12.80496,42.20482],[12.80456,42.20519],[12.80441,42.20534],[12.80413,42.2056],[12.80411,42.20562],[12.80381,42.2059],[12.80376,42.20595],[12.80349,42.20613],[12.80344,42.20616],[12.80339,42.20618],[12.80331,42.2062],[12.80323,42.20622],[12.80308,42.20623],[12.80296,42.20623],[12.80281,42.20623],[12.80265,42.20624],[12.80246,42.20624],[12.80234,42.20624],[12.80123,42.20622],[12.80084,42.20619],[12.80074,42.20618],[12.80007,42.20612],[12.79988,42.20611],[12.79923,42.20605],[12.79796,42.20594],[12.79775,42.20592],[12.7976,42.2059],[12.79736,42.20587],[12.797,42.20584],[12.79682,42.20583],[12.79629,42.20578],[12.79585,42.20574],[12.79562,42.20572],[12.79561,42.20572],[12.79538,42.2057],[12.79536,42.2057],[12.79522,42.20569],[12.79466,42.20564],[12.79449,42.20568],[12.79439,42.20573],[12.79431,42.20577],[12.79425,42.20582],[12.79419,42.20588],[12.79374,42.2065],[12.79361,42.20661],[12.79356,42.20664],[12.7935,42.20666],[12.79317,42.20674],[12.79263,42.20686],[12.79257,42.20687],[12.7923,42.20693],[12.79228,42.20694],[12.79224,42.20696],[12.79223,42.20697],[12.79219,42.20699],[12.79218,42.20699],[12.79205,42.2071],[12.79198,42.20716],[12.7917,42.20734],[12.79168,42.20736],[12.79166,42.20736],[12.79149,42.20744],[12.79144,42.20746],[12.79134,42.20747],[12.79115,42.20747],[12.79096,42.20741],[12.79081,42.20738],[12.7907,42.20736],[12.79027,42.20728],[12.79013,42.20725],[12.78986,42.20722],[12.78975,42.20721],[12.78972,42.2072],[12.78963,42.20721],[12.7889,42.20727],[12.7888,42.20728],[12.78864,42.20729],[12.78841,42.2073],[12.78789,42.20726],[12.78784,42.20726],[12.78723,42.20723],[12.78698,42.20719],[12.78676,42.20716],[12.78653,42.20707],[12.78649,42.20706],[12.78629,42.20696],[12.78589,42.20676],[12.78511,42.20658],[12.78487,42.20653],[12.78394,42.20633],[12.78359,42.20625],[12.78347,42.20624],[12.7831,42.20621],[12.78295,42.20621],[12.78279,42.20625],[12.7826,42.20634],[12.78254,42.20639],[12.78249,42.20646],[12.78242,42.20657],[12.78235,42.20672],[12.78235,42.20673],[12.78228,42.20691],[12.78223,42.20708],[12.78221,42.20711],[12.78211,42.20727],[12.78209,42.20731],[12.78205,42.20736],[12.78201,42.20739],[12.78194,42.20744],[12.78187,42.20748],[12.78179,42.20751],[12.78174,42.20753],[12.78158,42.20761],[12.78145,42.20765],[12.78108,42.20781],[12.78084,42.20788],[12.78079,42.2079],[12.78074,42.2079],[12.78049,42.2079],[12.7804,42.2079],[12.78022,42.20789],[12.77965,42.20786],[12.77949,42.20785],[12.77939,42.20785],[12.7793,42.20784],[12.7786,42.20779],[12.77854,42.20779],[12.77838,42.2078],[12.77831,42.20781],[12.77825,42.20782],[12.77819,42.20784],[12.77818,42.20784],[12.77797,42.20792],[12.77792,42.20794],[12.77786,42.20797],[12.7776,42.20835],[12.77758,42.20837],[12.77738,42.20851],[12.77733,42.20853],[12.7773,42.20854],[12.77728,42.20854],[12.77687,42.20861],[12.7768,42.20862],[12.77661,42.20868],[12.7766,42.20868],[12.77646,42.20873],[12.77642,42.20875],[12.77639,42.20877],[12.77636,42.20881],[12.77629,42.20888],[12.77622,42.20898],[12.77597,42.20942],[12.77596,42.20944],[12.77592,42.20949],[12.77591,42.20949],[12.7759,42.2095],[12.77585,42.20954],[12.77577,42.20959],[12.77571,42.20961],[12.77564,42.20964],[12.77513,42.20977],[12.77495,42.20981],[12.77468,42.20987],[12.77449,42.20991],[12.77422,42.21005],[12.77393,42.2102],[12.77373,42.21031],[12.77355,42.21039],[12.77337,42.21044],[12.7733,42.21046],[12.77322,42.21047],[12.77313,42.21047],[12.77302,42.21046],[12.77292,42.21045],[12.77253,42.21043],[12.77228,42.21042],[12.77218,42.21042],[12.77191,42.21038],[12.77185,42.21036],[12.7718,42.21034],[12.77175,42.21031],[12.7717,42.21026],[12.77163,42.21016],[12.77155,42.21004],[12.77143,42.20992],[12.77139,42.20989],[12.77135,42.20987],[12.77132,42.20987],[12.7713,42.20987],[12.77126,42.20987],[12.77122,42.20988],[12.77119,42.2099],[12.77117,42.20992],[12.77114,42.20994],[12.77112,42.20997],[12.77112,42.21001],[12.77111,42.21012],[12.77109,42.2103],[12.77103,42.21094],[12.77102,42.21101],[12.77102,42.21103],[12.771,42.21111],[12.77099,42.21115],[12.77097,42.21118],[12.77096,42.21119],[12.77092,42.21122],[12.77084,42.21128],[12.77078,42.21131],[12.77071,42.21134],[12.77056,42.21137],[12.77038,42.21142],[12.76992,42.21151],[12.76985,42.21151],[12.76955,42.21154],[12.76937,42.21156],[12.76897,42.21159],[12.76889,42.21161],[12.76887,42.21162],[12.7688,42.21165],[12.76869,42.2117],[12.76867,42.21171],[12.76856,42.21177],[12.76847,42.21183],[12.76841,42.21188],[12.76833,42.21192],[12.76826,42.21194],[12.76807,42.21195],[12.76784,42.21195],[12.76756,42.21196],[12.76726,42.21197],[12.76703,42.212],[12.76681,42.21205],[12.76653,42.21212],[12.76641,42.21216],[12.76616,42.21222],[12.76551,42.21242],[12.76495,42.21257],[12.76491,42.21258],[12.76487,42.21258],[12.76479,42.21257],[12.76451,42.21252],[12.76423,42.21246],[12.764,42.2124],[12.7633,42.21224],[12.76316,42.2122],[12.76199,42.21206],[12.76187,42.21206],[12.76156,42.21208],[12.76125,42.21211],[12.76112,42.21212],[12.76105,42.21212],[12.76095,42.21211],[12.76036,42.21186],[12.76025,42.21181],[12.76023,42.2118],[12.76005,42.21174],[12.76001,42.21172],[12.76,42.21172],[12.75993,42.21171],[12.75977,42.21172],[12.75943,42.21173],[12.75936,42.21173],[12.75913,42.21173],[12.75898,42.21174],[12.75896,42.21174],[12.75879,42.21174],[12.75857,42.21172],[12.75851,42.21172],[12.75837,42.21172],[12.75826,42.21172],[12.75814,42.21172],[12.7579,42.21175],[12.75772,42.21179],[12.75759,42.21181],[12.75748,42.21184],[12.75739,42.21187],[12.75731,42.21192],[12.75728,42.21193],[12.75718,42.21201],[12.75702,42.21213],[12.75694,42.21218],[12.75691,42.21219],[12.7568,42.21223],[12.75672,42.21225],[12.75666,42.21227],[12.75658,42.21228],[12.75648,42.21229],[12.75597,42.21231],[12.75526,42.21234],[12.7551,42.21235],[12.75504,42.21235],[12.75498,42.21235],[12.7549,42.21236],[12.75478,42.21237],[12.75456,42.21238],[12.75453,42.21238],[12.75407,42.21241],[12.75405,42.21241],[12.7539,42.21242],[12.75374,42.21242],[12.75372,42.21242],[12.75368,42.21242],[12.75364,42.21241],[12.75362,42.21241],[12.7536,42.2124],[12.75359,42.21239],[12.75357,42.21236],[12.75355,42.21233],[12.75356,42.21225],[12.75357,42.21212],[12.75362,42.21202],[12.75365,42.21199],[12.75369,42.21195],[12.75374,42.21193],[12.75379,42.2119],[12.75401,42.21182],[12.75415,42.21176],[12.75416,42.21175],[12.75418,42.21174],[12.75421,42.21172],[12.75422,42.2117],[12.75424,42.21168],[12.75425,42.21166],[12.75427,42.21162],[12.75429,42.2116],[12.75431,42.21156],[12.75439,42.21125],[12.75447,42.21108],[12.75468,42.21071],[12.75473,42.21053],[12.75472,42.21046],[12.75467,42.21017],[12.75455,42.20975],[12.75448,42.20947],[12.75448,42.20942],[12.75455,42.20921],[12.75456,42.20918],[12.75458,42.20916],[12.75466,42.20908],[12.75477,42.20898],[12.75482,42.20892],[12.75491,42.20879],[12.75482,42.20867],[12.7548,42.20865],[12.75478,42.20862],[12.75476,42.20861],[12.75472,42.20859],[12.75467,42.20858],[12.75461,42.20858],[12.75458,42.20857],[12.75455,42.20858],[12.75451,42.20858],[12.75448,42.20859],[12.75446,42.2086],[12.75442,42.20861],[12.75438,42.20862],[12.75435,42.20865],[12.75429,42.20869],[12.75427,42.2087],[12.75415,42.20879],[12.75408,42.20885],[12.75394,42.20899],[12.75382,42.20916],[12.75373,42.2093],[12.75367,42.20958],[12.75359,42.20983],[12.75354,42.20992],[12.75353,42.20994],[12.75348,42.21002],[12.75345,42.21007],[12.75342,42.21011],[12.7534,42.21013],[12.75335,42.21018],[12.7533,42.21021],[12.75321,42.21028],[12.75316,42.21032],[12.75309,42.21035],[12.75275,42.21052],[12.75247,42.21065],[12.75212,42.21082],[12.75187,42.2109],[12.75171,42.21094],[12.75166,42.21094],[12.7516,42.21095],[12.75146,42.21095],[12.75135,42.21094],[12.75119,42.2109],[12.75105,42.21085],[12.751,42.21082],[12.75089,42.21075],[12.7508,42.21069],[12.75078,42.21068],[12.75065,42.21057],[12.75063,42.21056],[12.75048,42.21042],[12.75032,42.21028],[12.75026,42.21023],[12.75017,42.21014],[12.75001,42.21001],[12.74992,42.20992],[12.74987,42.20986],[12.74985,42.20983],[12.74976,42.20969],[12.74965,42.20951],[12.74958,42.20942],[12.74955,42.20939],[12.74954,42.20938],[12.74951,42.20936],[12.74946,42.20933],[12.7494,42.2093],[12.74936,42.20929],[12.74934,42.20928],[12.7493,42.20928],[12.74919,42.20927],[12.749,42.20928],[12.74883,42.2093],[12.74873,42.20932],[12.74865,42.20933],[12.74862,42.20934],[12.74858,42.20934],[12.74849,42.20934],[12.74838,42.20933],[12.74828,42.2093],[12.74797,42.20919],[12.74794,42.20918],[12.74777,42.20912],[12.74772,42.20911],[12.74761,42.20908],[12.74748,42.20906],[12.74732,42.20905],[12.74724,42.20904],[12.74719,42.20903],[12.74678,42.209],[12.74643,42.20898],[12.74621,42.20898],[12.74606,42.20901],[12.74603,42.20902],[12.74584,42.20905],[12.74579,42.20906],[12.74566,42.20909],[12.74552,42.20915],[12.74537,42.20921],[12.74536,42.20922],[12.74518,42.20931],[12.74493,42.20947],[12.74478,42.20954],[12.74467,42.20959],[12.74456,42.20963],[12.74443,42.20967],[12.74434,42.2097],[12.74431,42.2097],[12.74418,42.20974],[12.74411,42.20975],[12.7441,42.20975],[12.744,42.20978],[12.74386,42.20984],[12.74375,42.2099],[12.7437,42.20993],[12.74367,42.20995],[12.74362,42.21],[12.74358,42.21004],[12.74354,42.21007],[12.74334,42.21026],[12.74321,42.21037],[12.74306,42.21051],[12.743,42.21057],[12.7429,42.21064],[12.74276,42.21075],[12.74273,42.21077],[12.74271,42.21078],[12.74267,42.2108],[12.74257,42.21084],[12.74252,42.21086],[12.74247,42.21087],[12.7423,42.21088],[12.74228,42.21088],[12.74216,42.21088],[12.74188,42.21087],[12.74165,42.21083],[12.74164,42.21083],[12.74147,42.21081],[12.7414,42.2108],[12.74112,42.21078],[12.74092,42.21076],[12.74068,42.21075],[12.74052,42.21074],[12.74043,42.21073],[12.7402,42.2107],[12.74006,42.21067],[12.73996,42.21063],[12.73979,42.21056],[12.73968,42.21049],[12.7396,42.21044],[12.73958,42.21042],[12.73954,42.21038],[12.73949,42.21031],[12.73945,42.21021],[12.73942,42.21015],[12.73939,42.2101],[12.73934,42.21001],[12.7393,42.20994],[12.73929,42.20993],[12.73925,42.20988],[12.7392,42.20983],[12.73914,42.2098],[12.73911,42.20978],[12.73898,42.2097],[12.7388,42.20963],[12.73873,42.2096],[12.73856,42.20952],[12.73836,42.20939],[12.73827,42.20932],[12.73823,42.20929],[12.73818,42.20925],[12.73798,42.20909],[12.7379,42.20903],[12.73785,42.20899],[12.73776,42.20892],[12.73767,42.20887],[12.73763,42.20885],[12.73757,42.20882],[12.73753,42.2088],[12.73751,42.2088],[12.7374,42.20877],[12.73728,42.20876],[12.73718,42.20875],[12.737,42.20874],[12.73698,42.20874],[12.73686,42.20872],[12.7368,42.20871],[12.73674,42.20869],[12.73661,42.20866],[12.73647,42.20861],[12.73633,42.20855],[12.73631,42.20854],[12.73612,42.20843],[12.73611,42.20843],[12.73595,42.20835],[12.73581,42.20828],[12.73564,42.20821],[12.73555,42.20819],[12.73553,42.20819],[12.73547,42.20819],[12.73543,42.20818],[12.73542,42.20818],[12.7354,42.20818],[12.73538,42.20819],[12.73531,42.20821],[12.73529,42.20821],[12.73524,42.20823],[12.73522,42.20824],[12.73513,42.20829],[12.73512,42.2083],[12.73508,42.20836],[12.73505,42.2084],[12.73496,42.20858],[12.7349,42.20869],[12.73488,42.20872],[12.73483,42.20888],[12.73478,42.20903],[12.73478,42.20904],[12.73477,42.20919],[12.73478,42.20939],[12.73478,42.2094],[12.73479,42.20956],[12.7348,42.20979],[12.7348,42.20984],[12.7348,42.20988],[12.7348,42.21001],[12.73479,42.21023],[12.73478,42.2103],[12.73477,42.21033],[12.73474,42.21046],[12.73471,42.21054],[12.73469,42.21062],[12.73464,42.2108],[12.73464,42.21083],[12.73461,42.211],[12.73458,42.21118],[12.73457,42.2113],[12.73451,42.21148],[12.73447,42.21164],[12.73444,42.21171],[12.7344,42.21183],[12.73437,42.21193],[12.73434,42.21198],[12.73429,42.21203],[12.73426,42.21206],[12.7342,42.2121],[12.7341,42.21215],[12.73409,42.21215],[12.73398,42.2122],[12.73386,42.21222],[12.73363,42.21228],[12.7334,42.21233],[12.73334,42.21244],[12.73334,42.21245],[12.73331,42.21249],[12.7332,42.21256],[12.73318,42.21258],[12.73312,42.21262],[12.73305,42.21266],[12.733,42.2127],[12.73295,42.21275],[12.73291,42.21281],[12.73289,42.21286],[12.73289,42.21287],[12.73288,42.21291],[12.73287,42.21294],[12.73287,42.213],[12.73288,42.21303],[12.73289,42.21304],[12.73291,42.21309],[12.73298,42.2132],[12.73304,42.21328],[12.73317,42.21353],[12.73318,42.21354],[12.73319,42.21359],[12.73323,42.2137],[12.73329,42.21388],[12.7333,42.21391],[12.73334,42.21405],[12.73339,42.2143],[12.7334,42.21441],[12.73341,42.21459],[12.73341,42.2147],[12.73341,42.21477],[12.73341,42.21494],[12.7334,42.21501],[12.73336,42.21524],[12.7333,42.21543],[12.7332,42.21559],[12.73309,42.21567],[12.73307,42.21569],[12.73296,42.21574],[12.73294,42.21575],[12.73279,42.21579],[12.73273,42.2158],[12.73266,42.21581],[12.73223,42.21587],[12.73198,42.21594],[12.73195,42.21596],[12.7316,42.21611],[12.73143,42.21618],[12.73089,42.21645],[12.73079,42.2165],[12.73058,42.21659],[12.73051,42.21662],[12.73047,42.21664],[12.73037,42.21667],[12.73029,42.21669],[12.7302,42.21672],[12.73014,42.21673],[12.73006,42.21673],[12.73004,42.21673],[12.7299,42.21672],[12.72989,42.21672],[12.72982,42.2167],[12.72971,42.21667],[12.72967,42.21665],[12.72959,42.21663],[12.72946,42.21659],[12.72945,42.21658],[12.72941,42.21654],[12.7294,42.21653],[12.72929,42.21644],[12.72921,42.21636],[12.72914,42.2163],[12.72906,42.21628],[12.72897,42.21628],[12.7289,42.21629],[12.72886,42.21632],[12.72884,42.21633],[12.72879,42.21638],[12.72875,42.21643],[12.72872,42.21648],[12.72868,42.21653],[12.72865,42.21659],[12.72862,42.21665],[12.72856,42.21676],[12.72853,42.21681],[12.72852,42.21683],[12.72846,42.21692],[12.72838,42.21704],[12.72833,42.21708],[12.72821,42.21716],[12.72797,42.21727],[12.72794,42.21728],[12.72787,42.21731],[12.72773,42.21738],[12.7275,42.21743],[12.72727,42.21749],[12.7266,42.21765],[12.72658,42.21766],[12.72635,42.21772],[12.7262,42.21777],[12.72613,42.2178],[12.72606,42.21783],[12.72603,42.21784],[12.72592,42.21788],[12.72589,42.2179],[12.72524,42.21808],[12.72517,42.2181],[12.72456,42.21828],[12.72434,42.21834],[12.72388,42.21847],[12.72343,42.2186],[12.72297,42.21873],[12.7229,42.21876],[12.72276,42.21881],[12.72261,42.21886],[12.72254,42.21889],[12.72242,42.21896],[12.72237,42.21901],[12.72231,42.21909],[12.72228,42.21918],[12.72221,42.21935],[12.7222,42.21938],[12.72213,42.21952],[12.72206,42.21969],[12.72212,42.21973],[12.72217,42.21976],[12.7222,42.21979],[12.72221,42.21982],[12.72222,42.21983],[12.72223,42.21985],[12.72224,42.21987],[12.72224,42.21991],[12.72224,42.21995],[12.72223,42.21999],[12.72222,42.22],[12.72221,42.22003],[12.7222,42.22005],[12.72218,42.22007],[12.72213,42.22013],[12.72211,42.22015],[12.72209,42.22016],[12.72205,42.22018],[12.72196,42.22021],[12.72188,42.22023],[12.72183,42.22025],[12.72165,42.22029],[12.72157,42.22032],[12.72143,42.22036],[12.72137,42.22037],[12.72133,42.22038],[12.72119,42.22041],[12.72111,42.22042],[12.72095,42.22044],[12.7209,42.22044],[12.72083,42.22045],[12.72065,42.22046],[12.72047,42.22047],[12.72041,42.22048],[12.72023,42.22049],[12.72017,42.22049],[12.71999,42.2205],[12.71993,42.22051],[12.71969,42.22053],[12.71962,42.22054],[12.71945,42.22055],[12.71941,42.22056],[12.71925,42.22058],[12.71921,42.22059],[12.71915,42.22061],[12.71904,42.22066],[12.719,42.22068],[12.71894,42.22072],[12.71888,42.22076],[12.71882,42.2208],[12.71898,42.22088],[12.71878,42.22103],[12.71861,42.22116],[12.71845,42.22129],[12.71844,42.22129],[12.71834,42.22137],[12.71844,42.22129],[12.71845,42.22129],[12.71861,42.22116],[12.71878,42.22103],[12.71898,42.22088],[12.71882,42.2208],[12.71873,42.22086],[12.71864,42.22093],[12.71847,42.22106],[12.7183,42.22118],[12.71809,42.22134],[12.71804,42.22138],[12.71782,42.22161],[12.7178,42.22162],[12.71766,42.22177],[12.7176,42.22184],[12.71752,42.22192],[12.7175,42.22194],[12.71739,42.22207],[12.71734,42.22213],[12.71727,42.22218],[12.71724,42.22221],[12.7172,42.22223],[12.71707,42.22231],[12.71705,42.22232],[12.71692,42.2224],[12.71686,42.22243],[12.71679,42.22248],[12.71672,42.22251],[12.71669,42.22252],[12.71666,42.22253],[12.71658,42.22255],[12.71653,42.22257],[12.7165,42.22258],[12.71643,42.22259],[12.71639,42.2226],[12.71635,42.22261],[12.7163,42.22262],[12.71624,42.22262],[12.71614,42.22263],[12.71611,42.22263],[12.7161,42.22263],[12.71609,42.22263],[12.71598,42.22261],[12.71587,42.22258],[12.71576,42.22266],[12.71563,42.22276],[12.71559,42.22279],[12.71559,42.2228],[12.71551,42.22287],[12.71546,42.22293],[12.71545,42.22293],[12.71545,42.22294],[12.71541,42.22299],[12.71537,42.22305],[12.71526,42.22322],[12.71526,42.22323],[12.71524,42.22326],[12.71523,42.22328],[12.71514,42.22339],[12.7151,42.22344],[12.71505,42.22349],[12.715,42.22352],[12.71499,42.22353],[12.71495,42.22355],[12.7148,42.22364],[12.71461,42.22374],[12.71402,42.22407],[12.71373,42.22423],[12.7136,42.2243],[12.71348,42.22435],[12.71343,42.22437],[12.71332,42.2244],[12.71318,42.22445],[12.71301,42.22451],[12.71277,42.22458],[12.71275,42.22459],[12.71257,42.22465],[12.71223,42.2248],[12.71143,42.22514],[12.71127,42.22521],[12.71096,42.22536],[12.71072,42.22545],[12.71064,42.22547],[12.71041,42.22553],[12.7104,42.22553],[12.71019,42.22555],[12.71008,42.22557],[12.70992,42.22558],[12.70969,42.22563],[12.70964,42.22564],[12.70944,42.22569],[12.70904,42.22579],[12.709,42.22579],[12.70887,42.2258],[12.70876,42.22579],[12.70862,42.22579],[12.70845,42.22576],[12.70825,42.22572],[12.70794,42.22565],[12.70767,42.22559],[12.70735,42.22552],[12.70712,42.22546],[12.70703,42.22544],[12.70666,42.22534],[12.70643,42.22528],[12.70639,42.22527],[12.7062,42.22523],[12.70614,42.22521],[12.70591,42.22518],[12.70572,42.22517],[12.70571,42.22517],[12.70548,42.22517],[12.70512,42.22521],[12.70501,42.22524],[12.70499,42.22525],[12.70485,42.22526],[12.70477,42.22526],[12.70468,42.22526],[12.70453,42.22524],[12.70452,42.22524],[12.70433,42.22519],[12.70417,42.22515],[12.70406,42.22514],[12.70405,42.22513],[12.70395,42.22514],[12.70385,42.22517],[12.70383,42.22518],[12.70381,42.2252],[12.70377,42.22523],[12.70375,42.22526],[12.70373,42.2253],[12.70372,42.22533],[12.70371,42.22536],[12.7037,42.22545],[12.7037,42.22551],[12.70368,42.22561],[12.70367,42.22569],[12.70366,42.22575],[12.70363,42.22583],[12.70357,42.22594],[12.7035,42.22602],[12.70346,42.22606],[12.70333,42.22618],[12.70321,42.22626],[12.70314,42.2263],[12.70307,42.22634],[12.70297,42.22639],[12.70265,42.22655],[12.7024,42.22667],[12.70237,42.2267],[12.70236,42.22672],[12.70234,42.22676],[12.70234,42.2268],[12.70236,42.22687],[12.7024,42.22689],[12.70245,42.2269],[12.70251,42.2269],[12.70256,42.22689],[12.70265,42.22686],[12.70276,42.22682],[12.70287,42.22678],[12.70301,42.22674],[12.70314,42.22672],[12.70323,42.22672],[12.70331,42.22674],[12.70339,42.22675],[12.7035,42.22679],[12.70351,42.22679],[12.70362,42.22682],[12.70375,42.22684],[12.70387,42.22685],[12.70398,42.22684],[12.704,42.22684],[12.70411,42.22682],[12.70421,42.2268],[12.70423,42.2268],[12.70436,42.22674],[12.70446,42.22674],[12.70455,42.22676],[12.70462,42.22679],[12.70484,42.22696],[12.705,42.2271],[12.70516,42.22724],[12.70536,42.22743],[12.70546,42.22752],[12.70599,42.22795],[12.70615,42.22809],[12.70631,42.22822],[12.70648,42.22835],[12.7068,42.22862],[12.70705,42.22884],[12.70711,42.2289],[12.70718,42.22895],[12.70756,42.22931],[12.70761,42.22938],[12.70766,42.22946],[12.70768,42.2295],[12.70769,42.22954],[12.70771,42.22959],[12.70775,42.22979],[12.7078,42.23026],[12.70781,42.23036],[12.70783,42.23054],[12.70784,42.23072],[12.70785,42.23076],[12.70787,42.23084],[12.7079,42.23092],[12.70791,42.23094],[12.70798,42.23109],[12.70786,42.23119],[12.70747,42.23152],[12.70711,42.23182],[12.70688,42.23201],[12.70672,42.23214],[12.70662,42.23222],[12.70656,42.23228],[12.70642,42.23239],[12.7064,42.23241],[12.70624,42.23255],[12.70618,42.23262],[12.70612,42.23269],[12.70608,42.23278],[12.70605,42.23287],[12.70604,42.23294],[12.70602,42.23304],[12.70602,42.23308],[12.70601,42.23314],[12.70599,42.23318],[12.70598,42.23323],[12.70596,42.23328],[12.70589,42.23337],[12.70577,42.23351],[12.70559,42.23369],[12.7053,42.23397],[12.70522,42.23405],[12.70515,42.23412],[12.7051,42.23416],[12.70498,42.2343],[12.70465,42.23463],[12.70452,42.23475],[12.70451,42.23476],[12.70408,42.23519],[12.70394,42.23534],[12.70365,42.23563],[12.7035,42.23577],[12.70336,42.23592],[12.70322,42.23606],[12.70307,42.23621],[12.70282,42.23647],[12.70266,42.23664],[12.70305,42.23686],[12.70324,42.23697],[12.7038,42.23728],[12.70436,42.2376],[12.70458,42.23774],[12.70486,42.23794],[12.70512,42.23817],[12.70527,42.23831],[12.70555,42.23854],[12.70566,42.23866],[12.7057,42.23874],[12.70575,42.23882],[12.70588,42.23911],[12.706,42.23943],[12.70612,42.23982],[12.70621,42.24031],[12.7063,42.24071],[12.70631,42.24096],[12.70629,42.24133],[12.70625,42.24194],[12.70625,42.24205],[12.70625,42.24206],[12.70623,42.24256],[12.70621,42.2431],[12.70621,42.24326],[12.70621,42.24339],[12.70616,42.24358],[12.70613,42.24363],[12.70604,42.24379],[12.70599,42.24388],[12.7058,42.2441],[12.7058,42.24411],[12.7057,42.24422],[12.70568,42.24426],[12.70564,42.24432],[12.7056,42.24442],[12.70557,42.24464],[12.70556,42.24478],[12.70556,42.24479],[12.70555,42.24492],[12.70554,42.24496],[12.70553,42.24497],[12.70549,42.24513],[12.70549,42.24514],[12.70548,42.24515],[12.70542,42.24531],[12.70542,42.24532],[12.70541,42.24532],[12.70529,42.24558],[12.70524,42.2457],[12.70523,42.24577],[12.70523,42.24583],[12.70524,42.24585],[12.70524,42.24586],[12.70527,42.2459],[12.7053,42.24595],[12.70533,42.24598],[12.70535,42.24603],[12.70537,42.24609],[12.70537,42.24612],[12.70536,42.24618],[12.70536,42.2462],[12.70534,42.24624],[12.70517,42.24644],[12.70516,42.24644],[12.70504,42.2466],[12.7043,42.24743],[12.70401,42.24783],[12.70392,42.24799],[12.70387,42.24807],[12.70385,42.24816],[12.70373,42.24869],[12.70349,42.24884],[12.70348,42.24885],[12.70325,42.24907],[12.70299,42.24945],[12.70288,42.24961],[12.70278,42.24976],[12.70252,42.25008],[12.7024,42.25023],[12.70239,42.25024],[12.70173,42.25099],[12.70147,42.25129],[12.70131,42.25147],[12.70125,42.25154],[12.7012,42.25163],[12.70118,42.25171],[12.70118,42.25182],[12.70129,42.25211],[12.70141,42.25227],[12.70142,42.25229],[12.70152,42.25243],[12.70166,42.25265],[12.70172,42.25272],[12.70178,42.25279],[12.7021,42.25301],[12.70223,42.25309],[12.7023,42.25314],[12.70233,42.25317],[12.70234,42.25321],[12.70235,42.25328],[12.70234,42.25332],[12.70233,42.25336],[12.70232,42.25346],[12.70232,42.25359],[12.70234,42.25366],[12.70235,42.2537],[12.70241,42.25384],[12.70255,42.254],[12.7029,42.25429],[12.70297,42.25435],[12.70314,42.25448],[12.70338,42.25468],[12.7038,42.25502],[12.70383,42.25504],[12.70392,42.25512],[12.70394,42.25514],[12.70395,42.25515],[12.70395,42.25517],[12.70395,42.25521],[12.70393,42.25523],[12.70389,42.25525],[12.70384,42.25525],[12.70381,42.25524],[12.7036,42.25515],[12.70356,42.25513],[12.70339,42.25506],[12.70255,42.2547],[12.70251,42.25468],[12.70222,42.25455],[12.70182,42.25433],[12.70172,42.25426],[12.70157,42.25417],[12.70154,42.25414],[12.70136,42.25403],[12.70132,42.25401],[12.70127,42.25401],[12.70122,42.25401],[12.70113,42.25404],[12.70108,42.2541],[12.70106,42.25413],[12.70106,42.25416],[12.70106,42.2542],[12.70107,42.25424],[12.70112,42.25434],[12.70138,42.25484],[12.70158,42.25522],[12.70162,42.25531],[12.70157,42.25537],[12.70153,42.25544],[12.70143,42.25558],[12.70142,42.25559],[12.7014,42.25563],[12.70134,42.25573],[12.70132,42.25576],[12.7013,42.2558],[12.70123,42.25593],[12.70123,42.25594],[12.70118,42.25607],[12.70115,42.25625],[12.70113,42.25643],[12.70113,42.2565],[12.70109,42.25685],[12.70108,42.25696],[12.70101,42.25751],[12.70101,42.25755],[12.70097,42.25783],[12.70088,42.25803],[12.70086,42.25808],[12.70077,42.25821],[12.70071,42.25829],[12.70066,42.25832],[12.70062,42.25833],[12.70056,42.25834],[12.70015,42.25832],[12.70003,42.25828],[12.69995,42.25824],[12.6999,42.25819],[12.69987,42.25812],[12.69985,42.25807],[12.69985,42.25798],[12.69986,42.25793],[12.69987,42.2579],[12.69988,42.25788],[12.69994,42.25781],[12.69996,42.25777],[12.69997,42.25776],[12.69997,42.25773],[12.69999,42.25763],[12.69996,42.2575],[12.69994,42.25746],[12.69991,42.25741],[12.69989,42.2574],[12.69985,42.25734],[12.69981,42.25732],[12.69977,42.25729],[12.69966,42.25725],[12.6996,42.25723],[12.69954,42.25722],[12.69952,42.25722],[12.69926,42.2572],[12.69804,42.2572],[12.69801,42.25719],[12.69797,42.25718],[12.69793,42.25715],[12.69791,42.25714],[12.6979,42.25712],[12.69788,42.25707],[12.69785,42.25695],[12.69782,42.25678],[12.69782,42.25663],[12.69781,42.25652],[12.69781,42.25638],[12.6978,42.2563],[12.69777,42.25622],[12.69774,42.25614],[12.69772,42.25608],[12.69768,42.25603],[12.69762,42.25599],[12.69755,42.25595],[12.69741,42.25591],[12.6972,42.25589],[12.69692,42.25589],[12.69671,42.25591],[12.6967,42.25591],[12.69651,42.25594],[12.69648,42.25595],[12.6964,42.25598],[12.69634,42.256],[12.69626,42.25605],[12.69617,42.25612],[12.69614,42.25616],[12.6961,42.2562],[12.69601,42.25634],[12.69591,42.25651],[12.69574,42.25677],[12.6957,42.25683],[12.69547,42.25712],[12.69534,42.25727],[12.69532,42.2573],[12.69523,42.25743],[12.69512,42.25758],[12.69487,42.25778],[12.69448,42.25804],[12.69423,42.25821],[12.69371,42.25849],[12.69365,42.25851],[12.69357,42.25851],[12.69346,42.25851],[12.6934,42.25851],[12.69339,42.2585],[12.69335,42.25849],[12.69329,42.25847],[12.69323,42.25843],[12.6932,42.2584],[12.69317,42.25838],[12.69314,42.25831],[12.69313,42.25825],[12.69313,42.25823],[12.69312,42.25813],[12.69312,42.25805],[12.69312,42.25795],[12.69312,42.25787],[12.6931,42.2578],[12.69305,42.2577],[12.69303,42.25767],[12.69294,42.25751],[12.69284,42.25738],[12.69277,42.2573],[12.69267,42.25718],[12.69263,42.25715],[12.69258,42.25712],[12.69254,42.25711],[12.69252,42.2571],[12.69229,42.25705],[12.69203,42.25701],[12.69198,42.25701],[12.69132,42.25694],[12.69124,42.25694],[12.69116,42.25695],[12.69105,42.25699],[12.69095,42.25703],[12.69089,42.25708],[12.69087,42.2571],[12.69086,42.25712],[12.69073,42.25728],[12.69064,42.25738],[12.69058,42.25744],[12.69054,42.25748],[12.6905,42.25751],[12.69042,42.25758],[12.69021,42.25772],[12.69002,42.25788],[12.68999,42.25793],[12.68998,42.25797],[12.68999,42.25802],[12.69012,42.25837],[12.69019,42.25854],[12.69024,42.25864],[12.69024,42.25865],[12.69031,42.25886],[12.69031,42.25889],[12.69031,42.25891],[12.69029,42.25894],[12.69027,42.25898],[12.69022,42.25901],[12.69018,42.25902],[12.69009,42.25904],[12.68994,42.25905],[12.68899,42.25911],[12.68836,42.25911],[12.68812,42.25911],[12.68788,42.25911],[12.68782,42.2591],[12.6878,42.2591],[12.68778,42.25909],[12.68776,42.25909],[12.68774,42.25907],[12.68771,42.25905],[12.68768,42.25902],[12.68752,42.25889],[12.68731,42.25871],[12.6872,42.25861],[12.6871,42.25852],[12.68705,42.25847],[12.687,42.25843],[12.68694,42.2584],[12.6869,42.25839],[12.68685,42.25838],[12.68683,42.25838],[12.68676,42.25837],[12.68672,42.25838],[12.68662,42.25841],[12.68655,42.25845],[12.68632,42.25861],[12.68641,42.25868],[12.68647,42.25874],[12.6865,42.25877],[12.68651,42.25877],[12.68655,42.25881],[12.68664,42.25888],[12.68665,42.2589],[12.68681,42.25904],[12.68688,42.25912],[12.68695,42.2592],[12.68696,42.25921],[12.68701,42.25929],[12.68737,42.2598],[12.68739,42.25985],[12.68748,42.26003],[12.68755,42.26016],[12.68757,42.26024],[12.68756,42.26037],[12.68756,42.26043],[12.68754,42.26049],[12.68751,42.26056],[12.68747,42.26065],[12.68743,42.26069],[12.68742,42.2607],[12.6874,42.26071],[12.68735,42.26075],[12.68729,42.26078],[12.68709,42.26085],[12.68692,42.26092],[12.68677,42.26098],[12.68673,42.26099],[12.68672,42.261],[12.68661,42.26106],[12.68646,42.26113],[12.68639,42.26117],[12.68634,42.26119],[12.68633,42.2612],[12.68622,42.26128],[12.68617,42.26138],[12.68613,42.26148],[12.6861,42.26158],[12.68611,42.26165],[12.68612,42.26173],[12.68613,42.26176],[12.6862,42.26204],[12.68627,42.26228],[12.68631,42.26234],[12.68633,42.26237],[12.68645,42.26248],[12.68646,42.2625],[12.68667,42.26261],[12.68685,42.26269],[12.68706,42.26277],[12.68715,42.26281],[12.68727,42.26286],[12.68751,42.26296],[12.68773,42.26307],[12.6879,42.26317],[12.68795,42.26323],[12.68804,42.26332],[12.6881,42.26339],[12.68823,42.26354],[12.68836,42.2637],[12.68848,42.26385],[12.68861,42.264],[12.68874,42.26416],[12.68879,42.26421],[12.68889,42.2643],[12.68896,42.26436],[12.68906,42.26443],[12.68912,42.26447],[12.68944,42.26466],[12.68955,42.26473],[12.68963,42.26477],[12.68968,42.26483],[12.68971,42.26486],[12.68974,42.26492],[12.68961,42.26521],[12.68955,42.26528],[12.68949,42.26534],[12.68945,42.26538],[12.68938,42.26544],[12.68927,42.26552],[12.6891,42.26559],[12.68897,42.26562],[12.68885,42.26562],[12.68866,42.26562],[12.68851,42.2656],[12.68736,42.26541],[12.68733,42.2654],[12.68597,42.26517],[12.68591,42.26524],[12.68585,42.2653],[12.68582,42.26526],[12.68585,42.2653],[12.68591,42.26524],[12.68597,42.26517],[12.68599,42.26514],[12.686,42.26513],[12.68601,42.26512],[12.68602,42.26512],[12.68603,42.26511],[12.68605,42.26511],[12.68606,42.2651],[12.68618,42.26508],[12.68619,42.26507],[12.6862,42.26507],[12.68632,42.26506],[12.68643,42.26505],[12.68667,42.26502],[12.68672,42.26501],[12.68697,42.26496],[12.68723,42.26492],[12.68745,42.26487],[12.68774,42.2648],[12.68798,42.26472],[12.68806,42.26465],[12.68808,42.26462],[12.68812,42.26456],[12.68813,42.2645],[12.68815,42.2644],[12.68814,42.26428],[12.68811,42.26422],[12.68811,42.26421],[12.68807,42.26405],[12.68806,42.26402],[12.68795,42.26382],[12.68791,42.26374],[12.6879,42.26374],[12.6879,42.26371],[12.68786,42.26367],[12.6878,42.26365],[12.68773,42.26363],[12.68769,42.26363],[12.68754,42.26363],[12.68746,42.26362],[12.68745,42.26362],[12.68739,42.26362],[12.68732,42.26362],[12.68723,42.26359],[12.68717,42.26355],[12.68712,42.26349],[12.68696,42.2631],[12.68692,42.263],[12.6869,42.26295],[12.68687,42.26293],[12.68684,42.26291],[12.68682,42.2629],[12.68664,42.2628],[12.68658,42.26277],[12.68646,42.26269],[12.68643,42.26267],[12.6863,42.26255],[12.68629,42.26254],[12.68616,42.26241],[12.68609,42.26234],[12.68607,42.26231],[12.68606,42.26225],[12.68605,42.26221],[12.68604,42.26213],[12.68603,42.26207],[12.68601,42.26189],[12.68596,42.26179],[12.68593,42.26173],[12.68592,42.26172],[12.6859,42.26167],[12.68589,42.26161],[12.6859,42.26157],[12.68592,42.26155],[12.68601,42.26145],[12.68603,42.26142],[12.68606,42.26139],[12.68616,42.26132],[12.68621,42.26129],[12.68622,42.26128],[12.68633,42.2612],[12.68634,42.26119],[12.68639,42.26117],[12.68646,42.26113],[12.68661,42.26106],[12.68672,42.261],[12.68673,42.26099],[12.68677,42.26098],[12.68692,42.26092],[12.68709,42.26085],[12.68729,42.26078],[12.68735,42.26075],[12.6874,42.26071],[12.68742,42.2607],[12.68743,42.26069],[12.68747,42.26065],[12.68751,42.26056],[12.68754,42.26049],[12.68756,42.26043],[12.68756,42.26037],[12.68757,42.26024],[12.68755,42.26016],[12.68748,42.26003],[12.68739,42.25985],[12.68737,42.2598],[12.68701,42.25929],[12.68696,42.25921],[12.68695,42.2592],[12.68688,42.25912],[12.68681,42.25904],[12.68665,42.2589],[12.68664,42.25888],[12.68655,42.25881],[12.68651,42.25877],[12.6865,42.25877],[12.68647,42.25874],[12.68641,42.25868],[12.68632,42.25861],[12.68589,42.25845],[12.68586,42.25844],[12.68564,42.25836],[12.68545,42.2583],[12.68518,42.2582],[12.68497,42.2581],[12.68484,42.25803],[12.68478,42.258],[12.6847,42.25794],[12.68465,42.25791],[12.68458,42.25784],[12.68456,42.25782],[12.68448,42.25772],[12.68445,42.25769],[12.68444,42.25768],[12.68435,42.25758],[12.68422,42.2574],[12.68421,42.25738],[12.68412,42.25726],[12.68406,42.25717],[12.68399,42.25706],[12.68396,42.25701],[12.68395,42.25699],[12.68391,42.25691],[12.68382,42.25674],[12.68382,42.25673],[12.6838,42.25669],[12.68377,42.25659],[12.68373,42.25644],[12.68371,42.25636],[12.6837,42.25631],[12.68361,42.25588],[12.68357,42.2558],[12.68355,42.25577],[12.68354,42.25577],[12.68356,42.25574],[12.68358,42.25565],[12.68359,42.2555],[12.68365,42.25514],[12.68366,42.25489],[12.68366,42.25479],[12.68367,42.25464],[12.6837,42.25457],[12.68371,42.25455],[12.68373,42.25452],[12.68373,42.25451],[12.68375,42.2545],[12.68377,42.25447],[12.68379,42.25446],[12.6838,42.25445],[12.68382,42.25444],[12.68384,42.25443],[12.68385,42.25443],[12.68386,42.25442],[12.68388,42.25442],[12.6839,42.25441],[12.68392,42.25441],[12.68395,42.25441],[12.68397,42.25441],[12.68399,42.25441],[12.68401,42.25441],[12.68402,42.25442],[12.68403,42.25442],[12.68404,42.25442],[12.68423,42.25449],[12.68441,42.25455],[12.68457,42.25462],[12.68465,42.25464],[12.68474,42.25465],[12.68486,42.25466],[12.68496,42.25466],[12.685,42.25466],[12.6851,42.25464],[12.68513,42.25463],[12.68515,42.25461],[12.68516,42.25461],[12.68518,42.25459],[12.6852,42.25456],[12.68522,42.25453],[12.68527,42.25432],[12.6853,42.25414],[12.68531,42.2541],[12.68537,42.2539],[12.68547,42.25375],[12.68549,42.25372],[12.68556,42.25355],[12.68567,42.25333],[12.68591,42.25291],[12.68596,42.25284],[12.68609,42.25267],[12.68622,42.25254],[12.68623,42.25254],[12.68631,42.25247],[12.68639,42.25244],[12.68642,42.25243],[12.68649,42.2524],[12.68657,42.25238],[12.6867,42.25237],[12.68687,42.25236],[12.68711,42.25237],[12.68722,42.25236],[12.68731,42.25235],[12.68737,42.25234],[12.68742,42.25233],[12.68749,42.25231],[12.68756,42.25229],[12.68759,42.25226],[12.68761,42.25225],[12.68765,42.2522],[12.68767,42.25216],[12.68769,42.25211],[12.68771,42.25199],[12.68771,42.25185],[12.6877,42.2517],[12.6877,42.25167],[12.68771,42.25149],[12.68771,42.25148],[12.68772,42.25133],[12.68769,42.25125],[12.68769,42.25124],[12.68771,42.25109],[12.68771,42.25107],[12.68772,42.25094],[12.68772,42.25089],[12.68773,42.25075],[12.68773,42.25071],[12.68767,42.25064],[12.68759,42.25059],[12.68751,42.25056],[12.68742,42.25053],[12.68735,42.25051],[12.6873,42.25049],[12.68721,42.25046],[12.68695,42.25038],[12.68691,42.25037],[12.68672,42.25031],[12.68667,42.2503],[12.68643,42.25025],[12.68625,42.25022],[12.68621,42.25021],[12.68601,42.2502],[12.68598,42.2502],[12.68577,42.25017],[12.68526,42.25005],[12.68517,42.25002],[12.68506,42.24999],[12.68499,42.24997],[12.6849,42.24993],[12.68489,42.24992],[12.68489,42.24991],[12.68489,42.24989],[12.68489,42.24988],[12.6849,42.24986],[12.68491,42.24985],[12.68493,42.24983],[12.68497,42.2498],[12.685,42.24978],[12.68509,42.24975],[12.68509,42.24971],[12.68509,42.24968],[12.68507,42.24964],[12.68505,42.24957],[12.68497,42.24946],[12.68492,42.2494],[12.6849,42.24937],[12.68485,42.24932],[12.68476,42.24924],[12.68473,42.2492],[12.68461,42.24908],[12.68452,42.249],[12.68447,42.24895],[12.68446,42.24894],[12.68443,42.24891],[12.68401,42.24851],[12.68397,42.24847],[12.68391,42.24844],[12.68384,42.24842],[12.68383,42.24842],[12.68381,42.24842],[12.6838,42.24841],[12.68376,42.2484],[12.68364,42.24839],[12.68358,42.24838],[12.68335,42.24836],[12.68334,42.24836],[12.68326,42.24835],[12.68296,42.24835],[12.68289,42.24833],[12.68288,42.24833],[12.68286,42.24832],[12.68283,42.2483],[12.68262,42.24802],[12.68261,42.24801],[12.6825,42.24787],[12.68249,42.24786],[12.68246,42.24781],[12.68242,42.24778],[12.68238,42.24775],[12.68233,42.24772],[12.68213,42.24761],[12.68195,42.2475],[12.68194,42.2475],[12.68178,42.2474],[12.68178,42.24738],[12.68174,42.24721],[12.68159,42.24669],[12.68163,42.24652],[12.68165,42.24645],[12.68166,42.24641],[12.68165,42.24638],[12.68163,42.24635],[12.68162,42.24634],[12.68157,42.24629],[12.68142,42.2462],[12.68126,42.24612],[12.68111,42.24607],[12.68091,42.24601],[12.68081,42.24599],[12.68075,42.24597],[12.68058,42.24593],[12.68035,42.24587],[12.68012,42.24581],[12.67969,42.24565],[12.6792,42.24547],[12.67912,42.24542],[12.67906,42.24541],[12.67901,42.24541],[12.67897,42.24543],[12.67894,42.24547],[12.67889,42.24559],[12.67882,42.24576],[12.67876,42.24591],[12.67875,42.24593],[12.67873,42.24596],[12.67871,42.246],[12.67865,42.24605],[12.67861,42.24608],[12.67845,42.24621],[12.67829,42.24635],[12.67812,42.24648],[12.67809,42.24651],[12.67797,42.24662],[12.67783,42.24676],[12.67778,42.24681],[12.67773,42.24685],[12.67766,42.24688],[12.67761,42.24691],[12.67743,42.24696],[12.67721,42.24703],[12.6772,42.24703],[12.67713,42.24705],[12.67708,42.24708],[12.677,42.24712],[12.67697,42.24713],[12.67682,42.24724],[12.67667,42.24735],[12.67664,42.24736],[12.67661,42.24738],[12.67657,42.24742],[12.67651,42.24751],[12.67641,42.24768],[12.6763,42.24784],[12.6762,42.248],[12.67618,42.24803],[12.67614,42.24807],[12.67609,42.2481],[12.676,42.24813],[12.67566,42.24816],[12.67502,42.24803],[12.6748,42.24799],[12.67478,42.24798],[12.67474,42.24797],[12.67469,42.24795],[12.6746,42.2479],[12.67441,42.2478],[12.67421,42.24769],[12.67382,42.24748],[12.6737,42.24743],[12.67348,42.24735],[12.67326,42.24729],[12.67303,42.24723],[12.6728,42.24717],[12.67257,42.24711],[12.67227,42.24704],[12.67188,42.24686],[12.67184,42.24683],[12.67183,42.24683],[12.6718,42.2468],[12.67171,42.24667],[12.67167,42.24658],[12.67165,42.24654],[12.67164,42.24651],[12.67164,42.2465],[12.67163,42.24629],[12.67163,42.24615],[12.67163,42.24579],[12.6715,42.24563],[12.67138,42.24548],[12.67125,42.24533],[12.67108,42.24512],[12.67104,42.24509],[12.671,42.24506],[12.67097,42.24504],[12.67079,42.24495],[12.67053,42.24488],[12.6703,42.24483],[12.67017,42.24479],[12.66943,42.24456],[12.6694,42.24456],[12.6692,42.24449],[12.66916,42.24448],[12.6691,42.24446],[12.66904,42.24442],[12.66898,42.24438],[12.66894,42.24435],[12.66888,42.24431],[12.66868,42.24413],[12.66866,42.24411],[12.6685,42.24398],[12.6684,42.24388],[12.66836,42.24386],[12.66817,42.24375],[12.66815,42.24373],[12.66798,42.24363],[12.66779,42.24352],[12.66758,42.2434],[12.66741,42.2433],[12.66739,42.24329],[12.66733,42.24325],[12.66722,42.24318],[12.6672,42.24317],[12.66708,42.24309],[12.66706,42.24306],[12.66706,42.24304],[12.66705,42.24301],[12.66705,42.243],[12.66705,42.24298],[12.66706,42.24291],[12.66706,42.2429],[12.66712,42.24273],[12.66716,42.24261],[12.66718,42.24255],[12.66721,42.24247],[12.66724,42.24238],[12.66726,42.24231],[12.66728,42.2422],[12.66728,42.24219],[12.66728,42.24218],[12.66728,42.24216],[12.66728,42.24215],[12.66728,42.24214],[12.66724,42.24209],[12.6672,42.24204],[12.66717,42.24202],[12.66714,42.24201],[12.66709,42.24199],[12.66688,42.2419],[12.66676,42.24186],[12.66661,42.24182],[12.66654,42.2418],[12.66631,42.24174],[12.66615,42.2417],[12.66608,42.24169],[12.66558,42.24161],[12.66536,42.24158],[12.66512,42.24154],[12.66489,42.2415],[12.66465,42.24147],[12.66417,42.24139],[12.66413,42.24139],[12.66393,42.24136],[12.66368,42.24132],[12.66345,42.24131],[12.66321,42.24133],[12.66319,42.24134],[12.66306,42.24134],[12.66298,42.24134],[12.66297,42.24134],[12.66292,42.24133],[12.66286,42.24132],[12.66281,42.2413],[12.66275,42.24127],[12.66272,42.24125],[12.66267,42.24121],[12.66262,42.24117],[12.66259,42.24114],[12.66246,42.24098],[12.66241,42.24093],[12.66224,42.24076],[12.66212,42.2406],[12.662,42.24044],[12.66195,42.24039],[12.66188,42.24029],[12.66176,42.24015],[12.66169,42.24008],[12.66165,42.24004],[12.66159,42.24001],[12.66158,42.24],[12.6615,42.23997],[12.66138,42.23991],[12.6612,42.23984],[12.66089,42.23972],[12.66053,42.23959],[12.66051,42.23958],[12.66028,42.23953],[12.66018,42.23952],[12.66007,42.23949],[12.66002,42.23948],[12.65993,42.23944],[12.6598,42.2394],[12.65971,42.23937],[12.65961,42.23934],[12.65958,42.23933],[12.65951,42.23931],[12.65936,42.23928],[12.65935,42.23928],[12.65926,42.23926],[12.65918,42.23926],[12.65912,42.23926],[12.65911,42.23926],[12.65895,42.23927],[12.65884,42.23928],[12.65872,42.2393],[12.65863,42.23931],[12.65852,42.23933],[12.6584,42.23936],[12.65839,42.23936],[12.65829,42.23939],[12.65821,42.23944],[12.65819,42.23946],[12.65811,42.23953],[12.65807,42.23957],[12.65802,42.23961],[12.65797,42.23964],[12.65794,42.23966],[12.65789,42.23968],[12.65788,42.23968],[12.65784,42.2397],[12.65782,42.2397],[12.6578,42.23971],[12.65778,42.23971],[12.65776,42.23971],[12.65774,42.2397],[12.65772,42.2397],[12.65742,42.23963],[12.6573,42.2396],[12.65719,42.23956],[12.65705,42.23951],[12.65676,42.2394],[12.65671,42.23937],[12.65661,42.23934],[12.65643,42.23927],[12.65628,42.2392],[12.65624,42.23918],[12.65623,42.23918],[12.65606,42.23909],[12.65589,42.23899],[12.65585,42.23896],[12.65579,42.23892],[12.65551,42.23871],[12.65539,42.2386],[12.65535,42.23857],[12.65523,42.23846],[12.65513,42.23837],[12.65508,42.23832],[12.65505,42.23828],[12.65495,42.23817],[12.65494,42.23816],[12.65483,42.23801],[12.6548,42.23798],[12.6547,42.23786],[12.65467,42.23782],[12.65464,42.23777],[12.65455,42.23769],[12.65451,42.23765],[12.65445,42.23756],[12.65441,42.2375],[12.65439,42.23745],[12.65435,42.23731],[12.65435,42.23722],[12.65434,42.23713],[12.65434,42.23712],[12.6543,42.23695],[12.65429,42.23693],[12.65425,42.23678],[12.6542,42.2366],[12.65415,42.23643],[12.65409,42.23625],[12.65404,42.23608],[12.65403,42.23604],[12.65399,42.2359],[12.65393,42.23573],[12.65387,42.23555],[12.65387,42.23554],[12.65383,42.23543],[12.65382,42.23535],[12.65383,42.23522],[12.65385,42.23501],[12.65389,42.23484],[12.65398,42.2344],[12.65408,42.23411],[12.65414,42.23387],[12.65419,42.2337],[12.65422,42.23352],[12.65426,42.23334],[12.65428,42.23322],[12.65429,42.23316],[12.65431,42.23298],[12.65432,42.23286],[12.65433,42.2328],[12.65434,42.23262],[12.65435,42.23244],[12.65438,42.23208],[12.6544,42.23202],[12.65442,42.23193],[12.65448,42.2317],[12.6545,42.2316],[12.65452,42.23153],[12.65456,42.23135],[12.65458,42.23125],[12.6546,42.23117],[12.65464,42.23099],[12.65467,42.2309],[12.65469,42.23082],[12.65473,42.23064],[12.65473,42.23054],[12.65473,42.23046],[12.65473,42.2301],[12.65473,42.23],[12.65473,42.22992],[12.65473,42.22982],[12.65473,42.22978],[12.65473,42.22974],[12.65476,42.22932],[12.65478,42.2292],[12.65479,42.22915],[12.65481,42.22902],[12.65482,42.22901],[12.65486,42.22893],[12.65491,42.22886],[12.65519,42.2284],[12.65524,42.22828],[12.65526,42.22819],[12.65527,42.22814],[12.65528,42.22809],[12.65528,42.22804],[12.65528,42.22801],[12.65526,42.22793],[12.65526,42.22792],[12.65524,42.22784],[12.65523,42.22778],[12.65522,42.22774],[12.6552,42.22766],[12.65517,42.22756],[12.65517,42.22755],[12.65515,42.22748],[12.65513,42.22739],[12.65513,42.22738],[12.65511,42.2273],[12.65509,42.22718],[12.65509,42.22713],[12.65509,42.22684],[12.65509,42.22677],[12.65511,42.22659],[12.65511,42.22655],[12.65512,42.22649],[12.65515,42.22631],[12.65516,42.22623],[12.65516,42.2262],[12.65521,42.22605],[12.65526,42.22591],[12.6553,42.22578],[12.65533,42.2257],[12.65535,42.22564],[12.65536,42.22561],[12.6554,42.22553],[12.65544,42.22544],[12.65554,42.22524],[12.65557,42.2252],[12.65562,42.2251],[12.65566,42.22503],[12.65576,42.22487],[12.65577,42.22485],[12.65585,42.2247],[12.65586,42.22468],[12.65589,42.2246],[12.65591,42.22455],[12.65592,42.22453],[12.65596,42.22435],[12.65598,42.22425],[12.65599,42.22417],[12.656,42.22413],[12.65602,42.22407],[12.65605,42.224],[12.65608,42.2239],[12.6561,42.22382],[12.65611,42.22379],[12.65614,42.22372],[12.65617,42.22365],[12.65619,42.22358],[12.65619,42.22355],[12.65621,42.22347],[12.65622,42.22338],[12.65622,42.22337],[12.65622,42.22329],[12.65622,42.22319],[12.65622,42.22311],[12.65623,42.22293],[12.65623,42.22285],[12.65624,42.22275],[12.65629,42.22263],[12.65639,42.22242],[12.65645,42.22229],[12.65646,42.22224],[12.65648,42.22221],[12.65648,42.22214],[12.65648,42.22213],[12.65644,42.22208],[12.65643,42.22207],[12.65639,42.22205],[12.65633,42.22203],[12.65631,42.22203],[12.65621,42.22203],[12.6562,42.22203],[12.65606,42.22203],[12.65605,42.22203],[12.65596,42.22203],[12.65592,42.22203],[12.65569,42.22201],[12.65558,42.222],[12.65553,42.22199],[12.65547,42.22199],[12.65531,42.22195],[12.6552,42.22192],[12.65496,42.22186],[12.65489,42.22186],[12.65476,42.22185],[12.6546,42.22185],[12.65458,42.22187],[12.65457,42.22188],[12.65456,42.22189],[12.65454,42.22189],[12.65452,42.2219],[12.65451,42.22191],[12.65449,42.22191],[12.65447,42.22191],[12.65445,42.22192],[12.6544,42.22192],[12.65436,42.22191],[12.65434,42.22191],[12.65433,42.22191],[12.65431,42.2219],[12.65429,42.22189],[12.65428,42.22189],[12.65426,42.22188],[12.65425,42.22187],[12.65424,42.22186],[12.65422,42.22185],[12.65421,42.22184],[12.6542,42.22182],[12.6542,42.22181],[12.65419,42.2218],[12.65419,42.22179],[12.65418,42.22178],[12.65417,42.22174],[12.65409,42.22168],[12.65402,42.22164],[12.65397,42.22158],[12.65377,42.22149],[12.65342,42.22133],[12.65335,42.2213],[12.6531,42.2212],[12.65303,42.22117],[12.65296,42.22112],[12.65289,42.22104],[12.65284,42.22097],[12.65283,42.22096],[12.65279,42.22089],[12.65277,42.22084],[12.65275,42.22079],[12.6527,42.22068],[12.65262,42.22046],[12.65257,42.22028],[12.65256,42.22024],[12.65253,42.22014],[12.6525,42.22005],[12.65245,42.21986],[12.65244,42.21982],[12.65241,42.21973],[12.6524,42.21967],[12.6524,42.2196],[12.65241,42.21952],[12.65245,42.21943],[12.65253,42.21926],[12.65257,42.21918],[12.6526,42.21907],[12.65262,42.21899],[12.65263,42.21891],[12.65263,42.21879],[12.65263,42.21873],[12.65262,42.21855],[12.65262,42.21837],[12.65261,42.21825],[12.65263,42.21786],[12.65265,42.21774],[12.65268,42.21766],[12.65271,42.21758],[12.65276,42.21746],[12.65285,42.21731],[12.65295,42.21712],[12.65299,42.217],[12.65299,42.21698],[12.653,42.21688],[12.653,42.2168],[12.653,42.21673],[12.65298,42.21659],[12.65293,42.21631],[12.65292,42.21626],[12.6529,42.21617],[12.65287,42.2161],[12.65286,42.21609],[12.65282,42.21604],[12.65272,42.21594],[12.65263,42.21589],[12.65254,42.21585],[12.65252,42.21584],[12.65238,42.21578],[12.65202,42.21565],[12.65187,42.21558],[12.65178,42.21553],[12.65169,42.21546],[12.65156,42.21535],[12.65155,42.21533],[12.65147,42.21523],[12.65143,42.21517],[12.65131,42.21501],[12.65092,42.21436],[12.65062,42.21387],[12.65052,42.21375],[12.65043,42.21366],[12.6503,42.21355],[12.65016,42.21346],[12.65001,42.21337],[12.64997,42.21334],[12.6499,42.2133],[12.64978,42.21325],[12.64976,42.21325],[12.64955,42.21316],[12.64932,42.21309],[12.64929,42.21308],[12.64841,42.21285],[12.64808,42.21277],[12.64795,42.21273],[12.64787,42.21271],[12.64772,42.21266],[12.64769,42.21265],[12.64751,42.21258],[12.6475,42.21257],[12.64731,42.21248],[12.64731,42.21247],[12.64699,42.21231],[12.64694,42.21228],[12.64693,42.21227],[12.64687,42.21224],[12.64682,42.21221],[12.64655,42.21203],[12.64636,42.21191],[12.64618,42.21179],[12.64605,42.2117],[12.64601,42.21166],[12.64595,42.21161],[12.6459,42.21153],[12.64589,42.21151],[12.64584,42.21141],[12.64582,42.21134],[12.64581,42.21126],[12.6458,42.21116],[12.64579,42.21104],[12.64579,42.21098],[12.64578,42.21094],[12.64581,42.21084],[12.64583,42.2108],[12.64586,42.21075],[12.64593,42.21064],[12.64604,42.21053],[12.64624,42.21037],[12.64652,42.21024],[12.64666,42.21017],[12.64672,42.21014],[12.64686,42.21006],[12.6469,42.21003],[12.64726,42.20978],[12.64739,42.20969],[12.64745,42.20965],[12.64755,42.20958],[12.64757,42.20957],[12.64767,42.20953],[12.64793,42.20943],[12.648,42.2094],[12.64821,42.20931],[12.64842,42.20922],[12.64855,42.20917],[12.64863,42.20913],[12.64884,42.20904],[12.64894,42.20899],[12.64899,42.20896],[12.64901,42.20894],[12.64903,42.20893],[12.64904,42.20892],[12.64909,42.20886],[12.64913,42.20881],[12.64917,42.20873],[12.64919,42.20868],[12.64921,42.20863],[12.6492,42.20861],[12.64918,42.20843],[12.64918,42.20842],[12.6491,42.2082],[12.64906,42.20809],[12.64906,42.20808],[12.64899,42.2079],[12.64898,42.20784],[12.64897,42.2078],[12.64897,42.20775],[12.64898,42.20772],[12.64899,42.2077],[12.64903,42.20756],[12.64908,42.20743],[12.64912,42.20733],[12.64914,42.20728],[12.64915,42.20725],[12.64915,42.20721],[12.64915,42.2072],[12.64915,42.20718],[12.64914,42.20716],[12.64913,42.20714],[12.64905,42.20705],[12.64886,42.20684],[12.64882,42.2068],[12.6488,42.20677],[12.64879,42.20674],[12.64878,42.20671],[12.64877,42.20667],[12.64877,42.20664],[12.64877,42.20658],[12.64878,42.20652],[12.64881,42.20643],[12.64883,42.20641],[12.64884,42.20639],[12.64885,42.20637],[12.64888,42.20632],[12.64891,42.20628],[12.64895,42.20623],[12.64908,42.20607],[12.64914,42.20597],[12.64917,42.20591],[12.64921,42.2058],[12.64923,42.20574],[12.64923,42.20573],[12.64927,42.2056],[12.64928,42.20556],[12.64948,42.20448],[12.64949,42.20442],[12.64951,42.20435],[12.64957,42.20417],[12.64967,42.20397],[12.64984,42.2038],[12.64994,42.20374],[12.65002,42.20369],[12.65007,42.20366],[12.65018,42.20361],[12.65022,42.2036],[12.65023,42.20359],[12.65032,42.20357],[12.65034,42.20356],[12.65045,42.20353],[12.65046,42.20353],[12.65048,42.20353],[12.65064,42.20349],[12.65069,42.20349],[12.65079,42.20348],[12.65094,42.20346],[12.65107,42.20344],[12.65117,42.20343],[12.65125,42.20342],[12.6514,42.2034],[12.65144,42.20339],[12.65161,42.20336],[12.65176,42.20331],[12.65189,42.20326],[12.6522,42.20315],[12.65231,42.2031],[12.65235,42.20305],[12.65238,42.20302],[12.65243,42.20297],[12.65249,42.20291],[12.65253,42.20284],[12.65251,42.20282],[12.65251,42.20281],[12.6525,42.20279],[12.65249,42.20278],[12.65249,42.20276],[12.65249,42.20274],[12.65249,42.20273],[12.6525,42.20271],[12.6525,42.20269],[12.65251,42.20268],[12.65252,42.20266],[12.65253,42.20265],[12.65254,42.20263],[12.65255,42.20262],[12.65257,42.20261],[12.65259,42.2026],[12.6526,42.20259],[12.65262,42.20258],[12.65264,42.20257],[12.65266,42.20256],[12.65267,42.20251],[12.65268,42.20242],[12.65268,42.20239],[12.65273,42.20229],[12.65271,42.20225],[12.65265,42.20206],[12.65264,42.20206],[12.65263,42.20201],[12.6526,42.20194],[12.65258,42.20189],[12.6525,42.20171],[12.65245,42.20159],[12.65243,42.20155],[12.65241,42.20149],[12.65238,42.20142],[12.65227,42.20119],[12.65214,42.20093],[12.65209,42.20081],[12.65208,42.2008],[12.65204,42.20071],[12.65202,42.20068],[12.652,42.20064],[12.65194,42.20051],[12.65192,42.20047],[12.65184,42.2003],[12.65182,42.20027],[12.65178,42.20017],[12.65176,42.20015],[12.65176,42.20013],[12.65172,42.20005],[12.6517,42.20001],[12.65168,42.19997],[12.65167,42.19994],[12.65164,42.19988],[12.65163,42.19983],[12.65163,42.19982],[12.65163,42.19977],[12.65181,42.19912],[12.65185,42.19892],[12.65186,42.19887],[12.65186,42.19881],[12.65186,42.19876],[12.65184,42.19872],[12.65173,42.19837],[12.65163,42.19801],[12.65161,42.19796],[12.65161,42.19795],[12.65151,42.19765],[12.65141,42.19727],[12.65131,42.19697],[12.6512,42.19673],[12.65118,42.1967],[12.65099,42.19637],[12.65093,42.19629],[12.65063,42.1959],[12.65052,42.19575],[12.65021,42.19546],[12.65003,42.19534],[12.64997,42.1953],[12.64976,42.19519],[12.64957,42.19511],[12.6492,42.19496],[12.64885,42.19481],[12.64868,42.19474],[12.64856,42.19469],[12.64826,42.19457],[12.64814,42.19452],[12.64804,42.19448],[12.64783,42.1944],[12.64778,42.19438],[12.64771,42.19436],[12.6472,42.1942],[12.64673,42.19408],[12.64605,42.19391],[12.64604,42.19391],[12.64582,42.19385],[12.64559,42.19379],[12.6455,42.19376],[12.64538,42.1937],[12.64532,42.19367],[12.64524,42.19362],[12.64519,42.19358],[12.64517,42.19356],[12.64506,42.19349],[12.64499,42.19341],[12.64481,42.19323],[12.64471,42.19312],[12.64463,42.19302],[12.6445,42.19286],[12.64438,42.19271],[12.64394,42.19224],[12.64363,42.19194],[12.64342,42.19173],[12.64332,42.19163],[12.6431,42.19141],[12.64253,42.19083],[12.64249,42.19079],[12.64218,42.19043],[12.6421,42.19035],[12.64202,42.19025],[12.64197,42.19017],[12.64194,42.19011],[12.64192,42.19007],[12.64184,42.1899],[12.64177,42.18972],[12.64164,42.18941],[12.64163,42.18938],[12.64154,42.18921],[12.6415,42.18913],[12.6414,42.189],[12.64129,42.18891],[12.64123,42.18885],[12.64112,42.18877],[12.64079,42.18854],[12.64076,42.18853],[12.64075,42.18851],[12.64061,42.18843],[12.64043,42.18832],[12.64042,42.18832],[12.64027,42.18823],[12.64024,42.18822],[12.64023,42.1882],[12.64013,42.18813],[12.64008,42.18806],[12.64006,42.18805],[12.63982,42.18776],[12.6397,42.1876],[12.63965,42.18755],[12.63962,42.18752],[12.63947,42.18729],[12.63918,42.18673],[12.63915,42.18666],[12.63899,42.18624],[12.6388,42.18592],[12.63868,42.1858],[12.63859,42.18572],[12.6385,42.18565],[12.63831,42.18553],[12.63826,42.18549],[12.63791,42.18525],[12.63756,42.185],[12.63754,42.18498],[12.63729,42.18472],[12.63725,42.18468],[12.6372,42.18461],[12.63702,42.18442],[12.63693,42.18432],[12.63689,42.18427],[12.6368,42.18414],[12.63678,42.18411],[12.6367,42.18397],[12.63663,42.18381],[12.63661,42.18372],[12.6366,42.1837],[12.63656,42.18343],[12.63655,42.18336],[12.63643,42.18272],[12.63637,42.18213],[12.63619,42.18162],[12.63616,42.18153],[12.63613,42.18145],[12.63599,42.18103],[12.63598,42.18101],[12.63595,42.18091],[12.63591,42.18077],[12.63591,42.18075],[12.63589,42.18066],[12.63587,42.18057],[12.63587,42.18055],[12.63585,42.18039],[12.63584,42.18028],[12.63584,42.18021],[12.63584,42.18019],[12.63584,42.18012],[12.63584,42.18004],[12.63585,42.17977],[12.63592,42.17928],[12.63603,42.17891],[12.63604,42.17888],[12.63607,42.17884],[12.63611,42.1788],[12.63614,42.17877],[12.63623,42.17871],[12.63667,42.17847],[12.63681,42.17841],[12.63699,42.17834],[12.637,42.17833],[12.63728,42.17819],[12.63737,42.17811],[12.63742,42.17807],[12.63749,42.17799],[12.6375,42.17796],[12.63754,42.17789],[12.63757,42.1778],[12.63757,42.17779],[12.63759,42.17768],[12.63759,42.17756],[12.63755,42.17742],[12.63745,42.17727],[12.63729,42.17704],[12.63708,42.17669],[12.63692,42.17646],[12.63679,42.17626],[12.63669,42.1761],[12.63664,42.176],[12.63662,42.17597],[12.63657,42.17581],[12.63653,42.17566],[12.63645,42.17539],[12.63641,42.17523],[12.63637,42.17509],[12.63624,42.17456],[12.6362,42.17438],[12.63612,42.17406],[12.63604,42.17367],[12.636,42.17349],[12.63591,42.17305],[12.63586,42.17284],[12.63585,42.17278],[12.63584,42.17275],[12.6358,42.1726],[12.6358,42.17259],[12.63572,42.17243],[12.63565,42.17226],[12.63558,42.17213],[12.63549,42.17192],[12.63546,42.17187],[12.63541,42.17175],[12.63538,42.1717],[12.63538,42.17165],[12.63537,42.17159],[12.63537,42.17153],[12.63538,42.17146],[12.63539,42.1714],[12.63542,42.17134],[12.63551,42.17121],[12.63557,42.17114],[12.63562,42.17108],[12.63594,42.17073],[12.63597,42.17071],[12.63635,42.17036],[12.63663,42.17008],[12.63669,42.17002],[12.63705,42.16966],[12.63711,42.16959],[12.6373,42.16942],[12.63746,42.16923],[12.63771,42.16897],[12.63774,42.16895],[12.6379,42.16881],[12.63799,42.16874],[12.63801,42.16872],[12.63803,42.16871],[12.63863,42.16834],[12.63899,42.1681],[12.63919,42.16797],[12.63925,42.16794],[12.63935,42.16787],[12.63936,42.16786],[12.63974,42.16762],[12.63976,42.1676],[12.64036,42.16726],[12.6411,42.16682],[12.64127,42.16672],[12.64127,42.16671],[12.64127,42.1667],[12.64141,42.16662],[12.64156,42.16655],[12.64167,42.16649],[12.64172,42.16646],[12.64173,42.16645],[12.64173,42.16644],[12.64174,42.16643],[12.64175,42.16642],[12.64176,42.16641],[12.64177,42.1664],[12.64178,42.1664],[12.64179,42.1664],[12.6418,42.16639],[12.64181,42.16639],[12.64182,42.16638],[12.64183,42.16638],[12.64184,42.16638],[12.64185,42.16638],[12.64186,42.16638],[12.64193,42.16632],[12.64207,42.16619],[12.64214,42.16614],[12.64215,42.16613],[12.64216,42.16613],[12.64241,42.1659],[12.64262,42.16571],[12.64277,42.16557],[12.64303,42.16533],[12.64325,42.16513],[12.64338,42.16501],[12.6435,42.16491],[12.64386,42.16464],[12.64411,42.16446],[12.64415,42.16443],[12.64419,42.1644],[12.64419,42.16439],[12.64452,42.16417],[12.64456,42.16414],[12.6447,42.16406],[12.64489,42.16395],[12.64528,42.16373],[12.64558,42.16355],[12.64582,42.16345],[12.64587,42.16343],[12.64654,42.16312],[12.64657,42.16307],[12.64658,42.16306],[12.64659,42.16305],[12.64677,42.16297],[12.6468,42.16295],[12.6468,42.16289],[12.64682,42.16284],[12.64685,42.16278],[12.64686,42.16277],[12.6469,42.16272],[12.64699,42.16265],[12.64705,42.1626],[12.6471,42.16255],[12.64714,42.1625],[12.64718,42.16244],[12.64719,42.16238],[12.64715,42.16227],[12.64698,42.16214],[12.64696,42.16212],[12.64681,42.16201],[12.64676,42.16198],[12.64656,42.16188],[12.64642,42.16181],[12.6464,42.1618],[12.64637,42.16179],[12.64635,42.16179],[12.64598,42.16167],[12.64597,42.16167],[12.64544,42.16154],[12.64538,42.16152],[12.64522,42.16147],[12.64512,42.16144],[12.64507,42.16142],[12.64504,42.16141],[12.64501,42.1614],[12.645,42.1614],[12.64473,42.16131],[12.64463,42.16126],[12.6446,42.16125],[12.64456,42.16124],[12.64446,42.16119],[12.64443,42.16117],[12.64438,42.16114],[12.64427,42.16109],[12.64423,42.16106],[12.64417,42.16102],[12.6441,42.16098],[12.644,42.1609],[12.64398,42.16088],[12.64389,42.1608],[12.64386,42.16077],[12.64377,42.16068],[12.6436,42.16048],[12.64345,42.16019],[12.64338,42.16],[12.64332,42.15982],[12.64326,42.15961],[12.64322,42.15947],[12.64313,42.15912],[12.64312,42.15906],[12.6431,42.15898],[12.6431,42.15897],[12.64302,42.1587],[12.643,42.15859],[12.64297,42.15845],[12.64295,42.15837],[12.64281,42.15787],[12.64269,42.15739],[12.64266,42.15726],[12.64256,42.15692],[12.64253,42.15675],[12.64248,42.15658],[12.64236,42.15606],[12.64231,42.1559],[12.64228,42.15579],[12.6422,42.15554],[12.64219,42.15548],[12.64216,42.15532],[12.64216,42.15531],[12.64208,42.15509],[12.64203,42.15491],[12.64199,42.15476],[12.64197,42.15468],[12.64195,42.1546],[12.64195,42.15457],[12.64192,42.15443],[12.64189,42.1543],[12.64185,42.15417],[12.64178,42.15398],[12.64177,42.15396],[12.64164,42.15366],[12.64163,42.15366],[12.64162,42.15362],[12.64161,42.15362],[12.64152,42.15351],[12.64143,42.15341],[12.64138,42.15336],[12.64137,42.15336],[12.64127,42.15327],[12.64122,42.15324],[12.64104,42.15313],[12.64087,42.15303],[12.64045,42.15281],[12.64037,42.15279],[12.64004,42.15267],[12.63951,42.1525],[12.63912,42.15237],[12.63887,42.15229],[12.63874,42.15224],[12.63848,42.15216],[12.63823,42.15207],[12.63803,42.152],[12.63798,42.15198],[12.63764,42.15185],[12.63752,42.15181],[12.63741,42.15177],[12.636,42.15131],[12.63591,42.15128],[12.63569,42.15122],[12.6356,42.15119],[12.63529,42.15109],[12.63458,42.15086],[12.63436,42.15078],[12.63427,42.15076],[12.63413,42.15071],[12.63391,42.15064],[12.63386,42.15062],[12.63305,42.15035],[12.63287,42.1503],[12.63273,42.15026],[12.63252,42.1502],[12.63241,42.15018],[12.63234,42.15016],[12.63218,42.15013],[12.63205,42.15011],[12.6319,42.15009],[12.63175,42.15007],[12.63165,42.15006],[12.63149,42.15004],[12.63134,42.15003],[12.63085,42.15],[12.63042,42.14998],[12.63032,42.14997],[12.62985,42.14995],[12.62915,42.14991],[12.6287,42.14988],[12.62827,42.14986],[12.628,42.14984],[12.62776,42.14983],[12.62775,42.14983],[12.62727,42.1498],[12.62703,42.14979],[12.62687,42.14978],[12.62679,42.14977],[12.62612,42.14974],[12.62556,42.1497],[12.62512,42.14968],[12.6251,42.14968],[12.62496,42.14967],[12.62486,42.14966],[12.62469,42.14965],[12.62436,42.14963],[12.62411,42.1496],[12.62398,42.14958],[12.62383,42.14955],[12.62343,42.14946],[12.62321,42.1494],[12.623,42.14934],[12.62271,42.14925],[12.62257,42.14921],[12.62243,42.14917],[12.62228,42.14912],[12.62215,42.14907],[12.62209,42.14905],[12.62201,42.14902],[12.62188,42.14897],[12.62176,42.14892],[12.62165,42.14888],[12.62144,42.14877],[12.62128,42.14869],[12.62106,42.14857],[12.62095,42.1485],[12.62075,42.14838],[12.62056,42.14824],[12.61966,42.14757],[12.61958,42.14751],[12.61921,42.14724],[12.6187,42.14685],[12.61822,42.14651],[12.61818,42.14648],[12.61771,42.14613],[12.61701,42.14561],[12.61561,42.14456],[12.61548,42.14447],[12.6141,42.14344],[12.61378,42.1432],[12.6136,42.14307],[12.61256,42.1423],[12.61235,42.14213],[12.61214,42.14196],[12.61207,42.1419],[12.61198,42.14182],[12.61181,42.14165],[12.61164,42.14146],[12.61151,42.1413],[12.61129,42.141],[12.61119,42.14083],[12.61114,42.14074],[12.61112,42.14071],[12.61109,42.14066],[12.61098,42.14044],[12.61081,42.14005],[12.61048,42.1393],[12.61046,42.13925],[12.61046,42.13924],[12.61043,42.13919],[12.61,42.1382],[12.60991,42.138],[12.60982,42.13781],[12.60974,42.13764],[12.60971,42.1376],[12.60964,42.13749],[12.60947,42.13724],[12.60938,42.13711],[12.60932,42.13703],[12.60897,42.13665],[12.6088,42.13645],[12.6086,42.13623],[12.60858,42.13621],[12.60848,42.13609],[12.60847,42.13608],[12.60842,42.13602],[12.60831,42.13589],[12.60816,42.13572],[12.60802,42.13556],[12.60746,42.13493],[12.6071,42.13455],[12.60689,42.13432],[12.60684,42.13423],[12.60637,42.1337],[12.60627,42.13357],[12.6062,42.13348],[12.60608,42.13332],[12.60597,42.13314],[12.60589,42.13301],[12.6058,42.13285],[12.60566,42.13261],[12.60526,42.13191],[12.60503,42.13153],[12.60498,42.13145],[12.60495,42.13141],[12.60487,42.13132],[12.60486,42.1313],[12.60472,42.13115],[12.60461,42.13104],[12.60457,42.13101],[12.60446,42.1309],[12.60442,42.13087],[12.60433,42.1308],[12.60425,42.13074],[12.60417,42.13069],[12.60407,42.13062],[12.60405,42.13061],[12.60387,42.13051],[12.6036,42.13036],[12.60348,42.1303],[12.60329,42.13019],[12.60309,42.13008],[12.6029,42.12997],[12.60271,42.12987],[12.60251,42.12976],[12.6024,42.1297],[12.60224,42.12961],[12.60199,42.12948],[12.60194,42.12946],[12.60181,42.1294],[12.60164,42.12934],[12.60143,42.12925],[12.60137,42.12922],[12.60122,42.12917],[12.60121,42.12917],[12.60099,42.12911],[12.60078,42.12907],[12.60074,42.12907],[12.60067,42.12905],[12.60059,42.12904],[12.60046,42.12904],[12.60039,42.12904],[12.60031,42.12904],[12.60026,42.12905],[12.6002,42.12905],[12.60007,42.12907],[12.60002,42.12907],[12.59986,42.12909],[12.59978,42.1291],[12.59953,42.12913],[12.59929,42.12916],[12.59909,42.12918],[12.59905,42.12918],[12.59888,42.1292],[12.5988,42.12922],[12.59872,42.12924],[12.59864,42.1293],[12.5986,42.12934],[12.59857,42.12938],[12.59855,42.1294],[12.59852,42.12943],[12.59847,42.1299],[12.59843,42.13033],[12.59842,42.13043],[12.59841,42.13051],[12.5984,42.13061],[12.59839,42.13068],[12.59835,42.13104],[12.59833,42.13122],[12.59832,42.13139],[12.59832,42.1314],[12.59828,42.13158],[12.59824,42.13176],[12.59823,42.13181],[12.59823,42.13183],[12.59822,42.13185],[12.59821,42.1319],[12.59812,42.13236],[12.59806,42.13265],[12.59803,42.13281],[12.59801,42.1329],[12.5979,42.1334],[12.59784,42.13367],[12.59785,42.13373],[12.59785,42.13376],[12.59786,42.13385],[12.59801,42.13427],[12.59805,42.13439],[12.59806,42.13444],[12.59807,42.13449],[12.59806,42.13453],[12.59805,42.1346],[12.59802,42.13471],[12.59798,42.13483],[12.59788,42.13512],[12.59777,42.13544],[12.59773,42.13555],[12.59768,42.13571],[12.59762,42.13595],[12.59764,42.13599],[12.59765,42.13611],[12.5977,42.13636],[12.59772,42.13636],[12.59773,42.13637],[12.59774,42.13638],[12.59775,42.13638],[12.59776,42.13639],[12.59777,42.1364],[12.59778,42.13641],[12.59778,42.13642],[12.59779,42.13642],[12.59779,42.13643],[12.5978,42.13644],[12.5978,42.13645],[12.5978,42.13646],[12.5978,42.13647],[12.59781,42.13647],[12.59781,42.13648],[12.5978,42.13649],[12.5978,42.1365],[12.5978,42.13651],[12.5978,42.13652],[12.59779,42.13653],[12.59788,42.13664],[12.59796,42.13678],[12.59799,42.13681],[12.59823,42.13707],[12.5983,42.13716],[12.59836,42.13723],[12.5985,42.13738],[12.59854,42.13743],[12.59955,42.13857],[12.59958,42.13861],[12.59988,42.13895],[12.59991,42.13899],[12.60003,42.13906],[12.60008,42.1391],[12.60014,42.13912],[12.60018,42.13914],[12.60024,42.13917],[12.6003,42.1392],[12.60051,42.13928],[12.60063,42.13929],[12.6008,42.13927],[12.60086,42.13925],[12.60098,42.13922],[12.60109,42.13917],[12.60118,42.13912],[12.60126,42.13906],[12.60166,42.13879],[12.60181,42.13869],[12.60205,42.13853],[12.60273,42.13806],[12.60284,42.13797],[12.6029,42.13792],[12.60296,42.13785],[12.60299,42.1378],[12.60301,42.13777],[12.60302,42.13774],[12.60305,42.13768],[12.60307,42.1376],[12.60307,42.13752],[12.60307,42.13744],[12.60306,42.13738],[12.60305,42.13731],[12.603,42.13722],[12.60297,42.13716],[12.60293,42.13712],[12.60288,42.13706],[12.60283,42.13701],[12.60275,42.13696],[12.60267,42.13691],[12.60208,42.13658],[12.60196,42.13651],[12.60185,42.13643],[12.60174,42.13635],[12.60164,42.13627],[12.60156,42.13619],[12.60152,42.13614],[12.60147,42.13608],[12.60146,42.13608],[12.6014,42.13599],[12.60139,42.13598],[12.60135,42.13591],[12.6013,42.13583],[12.6013,42.13582],[12.60126,42.13573],[12.60123,42.13564],[12.60122,42.13563],[12.60121,42.13558],[12.60119,42.1355],[12.60119,42.13547],[12.60118,42.1354],[12.60117,42.13529],[12.60119,42.1352],[12.6012,42.13516],[12.60122,42.13512],[12.60129,42.13503],[12.60142,42.13491],[12.60164,42.13482],[12.60221,42.13464],[12.60252,42.13453],[12.60287,42.13442],[12.60314,42.13433],[12.60332,42.13429],[12.60356,42.13428],[12.60366,42.13428],[12.60375,42.1343],[12.6038,42.13431],[12.60384,42.13432],[12.60395,42.13435],[12.60403,42.13438],[12.60412,42.13443],[12.60418,42.13447],[12.60421,42.13449],[12.60429,42.13455],[12.60437,42.13463],[12.60443,42.13473],[12.60446,42.1348],[12.60448,42.13484],[12.60449,42.13487],[12.60453,42.13503],[12.60455,42.13515],[12.60458,42.13526],[12.60459,42.13528],[12.60463,42.13531],[12.60468,42.13558],[12.60469,42.13581],[12.60467,42.13621],[12.60465,42.13632],[12.60457,42.13679],[12.60455,42.13713],[12.60456,42.13727],[12.60459,42.13741],[12.60463,42.13756],[12.60466,42.13766],[12.60467,42.13769],[12.60472,42.1378],[12.60476,42.13788],[12.60482,42.138],[12.60489,42.13811],[12.60497,42.13821],[12.6051,42.13838],[12.60551,42.13877],[12.60552,42.13879],[12.60586,42.13906],[12.60603,42.13919],[12.60619,42.1393],[12.6064,42.13944],[12.60661,42.13959],[12.60676,42.1397],[12.60693,42.13982],[12.60707,42.13991],[12.60712,42.13994],[12.60713,42.13995],[12.60726,42.14004],[12.60751,42.14026],[12.60786,42.14064],[12.60792,42.14076],[12.60804,42.14088],[12.6081,42.14098],[12.60812,42.14102],[12.60814,42.14106],[12.60817,42.14113],[12.6082,42.14122],[12.6082,42.14126],[12.60821,42.14131],[12.60822,42.14137],[12.60822,42.14138],[12.60821,42.14151],[12.60819,42.14161],[12.60816,42.1417],[12.60813,42.14178],[12.60809,42.14186],[12.60803,42.14196],[12.60796,42.14204],[12.60792,42.14208],[12.60786,42.14214],[12.60779,42.14219],[12.60771,42.14226],[12.60769,42.14227],[12.60765,42.1423],[12.60758,42.14233],[12.60752,42.14236],[12.60742,42.14239],[12.60736,42.1424],[12.60734,42.1424],[12.60728,42.14241],[12.60714,42.14241],[12.60695,42.14241],[12.6067,42.14238],[12.60661,42.14235],[12.60652,42.14233],[12.60639,42.14227],[12.6063,42.14222],[12.6062,42.14215],[12.60608,42.14206],[12.60598,42.14197],[12.60591,42.1419],[12.60579,42.14175],[12.60571,42.1416],[12.6057,42.14159],[12.60566,42.14151],[12.60563,42.14146],[12.60559,42.14134],[12.60559,42.14133],[12.60558,42.14132],[12.60554,42.14116],[12.60553,42.14115],[12.60551,42.14109],[12.60538,42.14064],[12.60527,42.14027],[12.60521,42.1401],[12.6052,42.14005],[12.6052,42.14002],[12.60522,42.13999],[12.60526,42.13993],[12.60515,42.13973],[12.60496,42.13936],[12.60472,42.139],[12.60459,42.1388],[12.60452,42.13868],[12.60433,42.13835],[12.6043,42.1383],[12.60409,42.13794],[12.60391,42.13764],[12.60386,42.13755],[12.60362,42.13715],[12.60353,42.13699],[12.60351,42.13696],[12.60327,42.13655],[12.60256,42.13533],[12.6024,42.13505],[12.60221,42.13473],[12.60217,42.13466],[12.60216,42.13465],[12.60212,42.13456],[12.60162,42.13363],[12.60159,42.13359],[12.60079,42.1321],[12.60032,42.13123],[12.6003,42.13118],[12.60029,42.13117],[12.60026,42.13114],[12.60026,42.13113],[12.60023,42.13107],[12.60019,42.13101],[12.60016,42.13094],[12.60004,42.13074],[12.59995,42.1306],[12.59984,42.13043],[12.59964,42.13007],[12.59942,42.12971],[12.59929,42.1295],[12.59912,42.12923],[12.59908,42.12917],[12.59888,42.12885],[12.59875,42.12864],[12.59866,42.12851],[12.59863,42.12846],[12.59851,42.12828],[12.59848,42.12824],[12.59838,42.12808],[12.59831,42.12798],[12.59825,42.12788],[12.59824,42.12787],[12.59817,42.12776],[12.59816,42.12774],[12.59814,42.12771],[12.59808,42.12762],[12.59805,42.12757],[12.598,42.1275],[12.59797,42.12744],[12.59751,42.12672],[12.59718,42.12617],[12.59696,42.12579],[12.59692,42.12572],[12.59691,42.1257],[12.59688,42.12564],[12.59668,42.12531],[12.59652,42.12505],[12.59631,42.12468],[12.59613,42.12436],[12.59588,42.12394],[12.59486,42.12219],[12.59485,42.12218],[12.59467,42.12186],[12.59452,42.12161],[12.59433,42.12129],[12.59432,42.12127],[12.5942,42.12106],[12.59415,42.12099],[12.5941,42.12091],[12.59404,42.1208],[12.59394,42.12062],[12.59391,42.12057],[12.59376,42.12031],[12.59362,42.12008],[12.5936,42.12004],[12.59353,42.11991],[12.59344,42.11975],[12.5933,42.11952],[12.59261,42.11833],[12.59197,42.11723],[12.5914,42.11626],[12.59086,42.11534],[12.5907,42.11508],[12.59041,42.11457],[12.59006,42.11398],[12.5892,42.1125],[12.5891,42.11236],[12.58908,42.11229],[12.58903,42.11221],[12.58898,42.11213],[12.58895,42.11209],[12.58894,42.11205],[12.58889,42.11198],[12.58885,42.11191],[12.58831,42.11099],[12.5883,42.11096],[12.58809,42.1106],[12.58798,42.11039],[12.58783,42.11014],[12.58772,42.10996],[12.58763,42.10981],[12.58761,42.10977],[12.58753,42.10963],[12.58739,42.10941],[12.58722,42.1091],[12.58698,42.10869],[12.58686,42.10849],[12.58667,42.10817],[12.58652,42.10791],[12.58587,42.1068],[12.58558,42.1063],[12.58541,42.10601],[12.58514,42.10555],[12.58474,42.10486],[12.58472,42.10482],[12.58468,42.10474],[12.58434,42.10418],[12.58422,42.10397],[12.58394,42.1035],[12.58382,42.10328],[12.58365,42.103],[12.58358,42.10288],[12.58353,42.10279],[12.58348,42.10271],[12.58335,42.1025],[12.58324,42.1023],[12.58313,42.10212],[12.58309,42.10205],[12.58307,42.10201],[12.58299,42.10189],[12.58294,42.10182],[12.58285,42.10167],[12.58267,42.10142],[12.58226,42.10089],[12.58213,42.10074],[12.58204,42.10064],[12.582,42.10059],[12.58188,42.10046],[12.58187,42.10045],[12.58161,42.10018],[12.58135,42.09993],[12.58128,42.09987],[12.58122,42.09982],[12.58121,42.09981],[12.58116,42.09976],[12.58104,42.09966],[12.58098,42.09961],[12.58096,42.09959],[12.58092,42.09955],[12.58085,42.0995],[12.58056,42.09927],[12.58033,42.09908],[12.58014,42.09894],[12.57992,42.09877],[12.5796,42.09853],[12.57857,42.09774],[12.57857,42.09773],[12.57853,42.09771],[12.57819,42.09746],[12.57805,42.09735],[12.57802,42.09733],[12.57799,42.0973],[12.57789,42.09722],[12.57768,42.09706],[12.57642,42.09611],[12.57608,42.09585],[12.57579,42.09562],[12.5757,42.09556],[12.57566,42.09552],[12.57545,42.09536],[12.57465,42.09475],[12.57451,42.09464],[12.5745,42.09463],[12.57447,42.09461],[12.57407,42.09429],[12.57344,42.09381],[12.57316,42.0936],[12.57266,42.09322],[12.57252,42.09311],[12.57245,42.09306],[12.57163,42.09244],[12.57142,42.09228],[12.57133,42.09221],[12.57127,42.09216],[12.57125,42.09215],[12.5711,42.09204],[12.57092,42.09191],[12.57059,42.09165],[12.5701,42.09127],[12.56914,42.09054],[12.56864,42.09015],[12.56819,42.08981],[12.56746,42.08925],[12.5671,42.08898],[12.5666,42.08859],[12.56613,42.08822],[12.56588,42.08804],[12.56554,42.08778],[12.56513,42.08746],[12.56503,42.08738],[12.56471,42.08714],[12.56446,42.08694],[12.5644,42.0869],[12.56261,42.08552],[12.56255,42.08547],[12.56244,42.08539],[12.56238,42.08534],[12.56203,42.08507],[12.56175,42.08486],[12.56167,42.08481],[12.56129,42.08453],[12.56093,42.08428],[12.56066,42.08409],[12.56038,42.08392],[12.56009,42.08374],[12.55971,42.08353],[12.55916,42.08326],[12.5586,42.08299],[12.55783,42.08265],[12.55724,42.08239],[12.55697,42.08227],[12.55626,42.08195],[12.55548,42.0816],[12.5546,42.08121],[12.55401,42.08095],[12.55375,42.08083],[12.55359,42.08076],[12.55336,42.08065],[12.55277,42.08039],[12.55275,42.08038],[12.55273,42.08038],[12.55259,42.08031],[12.55214,42.08011],[12.55198,42.08004],[12.55175,42.07994],[12.55174,42.07993],[12.55144,42.0798],[12.5511,42.07965],[12.55089,42.07955],[12.55039,42.07932],[12.54999,42.07915],[12.54865,42.07855],[12.5482,42.07835],[12.54674,42.0777],[12.54531,42.07706],[12.5453,42.07705],[12.54479,42.07683],[12.54426,42.07659],[12.54358,42.07628],[12.54322,42.07611],[12.5431,42.07605],[12.54283,42.0759],[12.54263,42.0758],[12.54224,42.07559],[12.54171,42.07528],[12.54149,42.07514],[12.54099,42.07481],[12.54057,42.07452],[12.54041,42.07441],[12.54024,42.07428],[12.54022,42.07426],[12.53991,42.07401],[12.53972,42.07386],[12.5394,42.07359],[12.53879,42.07304],[12.53818,42.07241],[12.53772,42.07187],[12.53735,42.07141],[12.53691,42.07079],[12.53674,42.07051],[12.53658,42.07025],[12.53641,42.06996],[12.53629,42.06974],[12.53615,42.06946],[12.536,42.06917],[12.53588,42.06889],[12.53576,42.0686],[12.53565,42.06828],[12.53553,42.06792],[12.53552,42.06789],[12.53546,42.06772],[12.53545,42.06769],[12.53541,42.06754],[12.53539,42.06745],[12.53534,42.0673],[12.53527,42.06697],[12.53524,42.06683],[12.53521,42.06666],[12.5352,42.06663],[12.53516,42.06635],[12.5351,42.06593],[12.53503,42.0654],[12.53491,42.06433],[12.53478,42.06326],[12.53465,42.06207],[12.53463,42.06194],[12.53463,42.06191],[12.53462,42.06181],[12.53461,42.06172],[12.53458,42.06132],[12.53452,42.06071],[12.53449,42.06056],[12.53448,42.06048],[12.53448,42.06047],[12.5343,42.05879],[12.53426,42.0585],[12.53426,42.05849],[12.53426,42.05841],[12.53425,42.05833],[12.53424,42.05823],[12.53423,42.05814],[12.53417,42.05755],[12.53408,42.05681],[12.53401,42.05626],[12.53401,42.05624],[12.534,42.05618],[12.53399,42.05608],[12.53399,42.05606],[12.53398,42.056],[12.53396,42.05572],[12.53396,42.05571],[12.53395,42.05564],[12.53394,42.05554],[12.53391,42.05528],[12.53386,42.05474],[12.53368,42.05313],[12.53367,42.05302],[12.53363,42.05266],[12.53361,42.05249],[12.53361,42.05248],[12.53358,42.05221],[12.53352,42.0517],[12.5335,42.05148],[12.53349,42.05142],[12.53349,42.0514],[12.53343,42.05089],[12.53334,42.05009],[12.5333,42.04967],[12.53327,42.04945],[12.53307,42.04753],[12.53301,42.04696],[12.53293,42.04634],[12.5329,42.04621],[12.53286,42.04591],[12.53281,42.04542],[12.53283,42.04534],[12.5328,42.04502],[12.53261,42.0433],[12.53254,42.04264],[12.5325,42.04234],[12.53243,42.04159],[12.53239,42.04127],[12.53235,42.04098],[12.53226,42.04037],[12.53226,42.04029],[12.53225,42.04021],[12.53222,42.0398],[12.5322,42.03975],[12.53221,42.03966],[12.53219,42.03948],[12.53216,42.03924],[12.53216,42.03922],[12.53211,42.03872],[12.53203,42.038],[12.53192,42.03707],[12.5319,42.0368],[12.53187,42.03661],[12.53182,42.03623],[12.53175,42.03555],[12.53173,42.03533],[12.5317,42.03503],[12.53167,42.03476],[12.53163,42.03451],[12.5316,42.03423],[12.53153,42.03357],[12.5315,42.03335],[12.53148,42.03313],[12.53137,42.03213],[12.53135,42.03198],[12.53134,42.03184],[12.53129,42.03139],[12.53115,42.03011],[12.5311,42.02962],[12.53105,42.02917],[12.53093,42.02819],[12.53082,42.02716],[12.53081,42.02707],[12.53081,42.02705],[12.5308,42.02695],[12.53068,42.02588],[12.53056,42.02476],[12.5305,42.02421],[12.53045,42.02373],[12.5304,42.02325],[12.53029,42.02229],[12.53016,42.02105],[12.53016,42.02104],[12.53013,42.02073],[12.53012,42.02068],[12.53012,42.02063],[12.53012,42.0204],[12.5301,42.02029],[12.53009,42.02021],[12.53009,42.02014],[12.53008,42.02005],[12.53006,42.01996],[12.53005,42.01987],[12.53004,42.01975],[12.53002,42.01967],[12.53002,42.01963],[12.52999,42.01945],[12.52997,42.01934],[12.52996,42.01924],[12.52995,42.01912],[12.52994,42.01903],[12.52992,42.01892],[12.52992,42.01888],[12.5299,42.01866],[12.52989,42.01856],[12.52988,42.01847],[12.52986,42.0183],[12.52985,42.0182],[12.52984,42.01813],[12.5298,42.01781],[12.52975,42.01728],[12.52967,42.01638],[12.52965,42.01625],[12.52964,42.01607],[12.52959,42.01562],[12.52949,42.01474],[12.52949,42.01469],[12.52948,42.01464],[12.52947,42.01455],[12.52946,42.01431],[12.52946,42.01423],[12.52945,42.01412],[12.52943,42.01394],[12.52942,42.01385],[12.52939,42.01349],[12.52936,42.01324],[12.52935,42.0131],[12.52933,42.01296],[12.52932,42.01285],[12.52932,42.01276],[12.52931,42.01268],[12.52927,42.01232],[12.52925,42.01215],[12.52924,42.01204],[12.52922,42.01183],[12.52921,42.01178],[12.52919,42.01159],[12.52919,42.01156],[12.52917,42.0114],[12.52915,42.01124],[12.52913,42.011],[12.5291,42.01076],[12.52908,42.01056],[12.52906,42.01037],[12.52903,42.01013],[12.52899,42.0098],[12.52896,42.00953],[12.52895,42.00945],[12.52895,42.00937],[12.52894,42.0093],[12.52892,42.00913],[12.52891,42.00898],[12.52889,42.0088],[12.52887,42.00869],[12.52886,42.00854],[12.52885,42.00844],[12.52881,42.00805],[12.52878,42.00785],[12.52878,42.0078],[12.52875,42.00759],[12.52873,42.00748],[12.52872,42.00731],[12.5287,42.00716],[12.52864,42.00662],[12.5286,42.00619],[12.52859,42.00613],[12.52855,42.00579],[12.52854,42.00572],[12.52851,42.00547],[12.52849,42.00524],[12.52846,42.005],[12.52844,42.00458],[12.52838,42.00422],[12.52836,42.00396],[12.52833,42.00382],[12.5283,42.00363],[12.52827,42.0034],[12.52825,42.00318],[12.52822,42.00298],[12.52822,42.00297],[12.52821,42.00286],[12.52821,42.0028],[12.52821,42.00276],[12.5282,42.00266],[12.52819,42.00256],[12.52818,42.00245],[12.52815,42.00231],[12.52812,42.00202],[12.52812,42.00197],[12.52808,42.00152],[12.528,42.00077],[12.528,42.00076],[12.52799,42.00064],[12.52795,42.00026],[12.52786,41.99947],[12.52778,41.99874],[12.52772,41.99814],[12.52771,41.99813],[12.52771,41.9981],[12.52765,41.9975],[12.52757,41.9968],[12.52755,41.99662],[12.52754,41.99657],[12.52747,41.99594],[12.52745,41.99576],[12.52741,41.99537],[12.52739,41.99519],[12.52737,41.99501],[12.52735,41.99481],[12.52734,41.9947],[12.52733,41.99465],[12.52731,41.99447],[12.52729,41.99429],[12.52728,41.99415],[12.52727,41.99408],[12.52727,41.99407],[12.52721,41.99351],[12.52716,41.99307],[12.52713,41.99281],[12.52713,41.99274],[12.52709,41.99243],[12.52703,41.99188],[12.52703,41.99182],[12.52702,41.99177],[12.52702,41.99174],[12.527,41.99159],[12.52697,41.99134],[12.52694,41.99101],[12.52691,41.9908],[12.5269,41.99066],[12.52689,41.99058],[12.52688,41.99051],[12.52686,41.99037],[12.52686,41.99033],[12.52685,41.99025],[12.5268,41.98995],[12.52678,41.9898],[12.52674,41.98961],[12.52672,41.98949],[12.52666,41.98917],[12.52661,41.98892],[12.52654,41.98855],[12.52652,41.98843],[12.52651,41.98837],[12.5265,41.98832],[12.52648,41.9882],[12.52648,41.98819],[12.52644,41.98802],[12.52644,41.98799],[12.5264,41.98777],[12.52637,41.98766],[12.52634,41.98753],[12.5263,41.98734],[12.52623,41.98707],[12.52621,41.987],[12.52617,41.98689],[12.52616,41.98686],[12.52615,41.98683],[12.52609,41.98668],[12.52607,41.98662],[12.52601,41.98649],[12.52599,41.98644],[12.52598,41.98643],[12.52586,41.98622],[12.5258,41.98613],[12.52573,41.98604],[12.5257,41.986],[12.52559,41.98587],[12.52551,41.98583],[12.52538,41.98571],[12.52527,41.98561],[12.52527,41.9856],[12.52515,41.9855],[12.52513,41.98549],[12.52511,41.98547],[12.52499,41.98538],[12.52498,41.98538],[12.52489,41.98532],[12.52478,41.98525],[12.52473,41.98521],[12.52467,41.98516],[12.5246,41.98511],[12.52453,41.98507],[12.52445,41.98503],[12.52437,41.98499],[12.52429,41.98496],[12.52421,41.98493],[12.52413,41.9849],[12.52404,41.98488],[12.52395,41.98486],[12.52386,41.98484],[12.52383,41.98484],[12.52377,41.98483],[12.52368,41.98482],[12.52359,41.98481],[12.5235,41.98481],[12.52341,41.98481],[12.52331,41.98481],[12.52322,41.98482],[12.52313,41.98483],[12.52304,41.98484],[12.523,41.98485],[12.52299,41.98485],[12.52293,41.98487],[12.52282,41.98489],[12.52273,41.98492],[12.52267,41.98494],[12.5225,41.98501],[12.52243,41.98504],[12.52203,41.98522],[12.52183,41.98531],[12.5216,41.98541],[12.52134,41.98553],[12.52126,41.98556],[12.52112,41.98561],[12.52096,41.98567],[12.52079,41.98572],[12.52065,41.98578],[12.52023,41.98597],[12.52003,41.98606],[12.51918,41.98644],[12.51896,41.98654],[12.51886,41.98659],[12.51877,41.98662],[12.51871,41.98665],[12.51862,41.9867],[12.51861,41.98671],[12.5181,41.98693],[12.51782,41.98705],[12.51774,41.98709],[12.51767,41.98712],[12.51761,41.98715],[12.51756,41.98717],[12.5165,41.98765],[12.51617,41.9878],[12.51608,41.98784],[12.51534,41.98817],[12.51496,41.98834],[12.51479,41.98842],[12.5146,41.9885],[12.514,41.98877],[12.51388,41.98883],[12.51378,41.98887],[12.51355,41.98898],[12.51339,41.98905],[12.51326,41.98911],[12.51309,41.98918],[12.51273,41.98935],[12.5126,41.98941],[12.51255,41.98943],[12.5125,41.98945],[12.51236,41.98952],[12.51229,41.98955],[12.5122,41.9896],[12.51214,41.98962],[12.51207,41.98965],[12.51186,41.98975],[12.51119,41.99002],[12.5106,41.99024],[12.51035,41.99034],[12.50988,41.99055],[12.50969,41.9906],[12.50968,41.9906],[12.50947,41.99059],[12.50917,41.99067],[12.50891,41.99074],[12.50872,41.99078],[12.50857,41.99081],[12.50837,41.99085],[12.50805,41.9909],[12.50788,41.99092],[12.50757,41.99095],[12.50715,41.99098],[12.5069,41.99099],[12.50646,41.99098],[12.5057,41.99096],[12.50565,41.99096],[12.50479,41.99094],[12.50435,41.99094],[12.50433,41.99093],[12.50431,41.99093],[12.50425,41.99093],[12.50422,41.99093],[12.50419,41.99093],[12.50418,41.99093],[12.5039,41.99093],[12.5035,41.99092],[12.50331,41.99091],[12.50307,41.9909],[12.50292,41.99088],[12.50257,41.99083],[12.5023,41.99077],[12.50209,41.99071],[12.50192,41.99066],[12.50186,41.99064],[12.50152,41.9905],[12.50126,41.99038],[12.50121,41.99036],[12.5007,41.99008],[12.50059,41.99],[12.50036,41.98984],[12.50016,41.98969],[12.49999,41.98954],[12.49976,41.98935],[12.49947,41.98912],[12.49922,41.98892],[12.49913,41.98886],[12.49896,41.98874],[12.49888,41.98868],[12.49852,41.98844],[12.49809,41.98817],[12.49791,41.98806],[12.49772,41.98794],[12.49764,41.98789],[12.49754,41.98782],[12.49738,41.98773],[12.49699,41.98748],[12.49677,41.98734],[12.49636,41.98709],[12.49595,41.98685],[12.49586,41.98679],[12.49567,41.9867],[12.4955,41.98661],[12.49535,41.98654],[12.49518,41.98646],[12.49502,41.98639],[12.49491,41.98635],[12.4949,41.98635],[12.49468,41.98628],[12.49446,41.98621],[12.49439,41.98619],[12.49408,41.98612],[12.4939,41.98609],[12.49383,41.98608],[12.49367,41.98605],[12.49355,41.98603],[12.49348,41.98602],[12.4934,41.98601],[12.49307,41.98598],[12.49291,41.98596],[12.49266,41.98594],[12.49259,41.98594],[12.49243,41.98593],[12.49205,41.98591],[12.492,41.98591],[12.49189,41.9859],[12.49188,41.9859],[12.49145,41.98587],[12.49121,41.98586],[12.49075,41.98584],[12.4907,41.98583],[12.49065,41.98583],[12.4906,41.98583],[12.49056,41.98583],[12.4902,41.9858],[12.48995,41.98579],[12.48975,41.98578],[12.48959,41.98578],[12.48941,41.98577],[12.48892,41.98575],[12.48882,41.98576],[12.48868,41.98576],[12.48863,41.98576],[12.48839,41.98577],[12.48817,41.98578],[12.48798,41.9858],[12.48772,41.98583],[12.48755,41.98585],[12.48714,41.9859],[12.4856,41.9861],[12.48552,41.98611],[12.48541,41.98613],[12.48387,41.9863],[12.48371,41.98632],[12.48276,41.9864],[12.48274,41.9864],[12.48195,41.98645],[12.4813,41.98647],[12.48109,41.98647],[12.48097,41.98648],[12.48092,41.98648],[12.48075,41.98648],[12.48036,41.98648],[12.47989,41.98648],[12.47941,41.98648],[12.47892,41.98647],[12.47874,41.98646],[12.47854,41.98646],[12.4783,41.98644],[12.47793,41.98642],[12.47744,41.98639],[12.47659,41.98632],[12.47592,41.98625],[12.47575,41.98623],[12.47558,41.98621],[12.47552,41.9862],[12.47507,41.98614],[12.47471,41.98609],[12.47428,41.98603],[12.47271,41.98576],[12.47162,41.98558],[12.47071,41.98542],[12.47005,41.98529],[12.46987,41.98525],[12.46939,41.98514],[12.46929,41.98513],[12.46918,41.98511],[12.46914,41.9851],[12.46905,41.98507],[12.46849,41.98494],[12.46809,41.98483],[12.46772,41.98473],[12.46765,41.98471],[12.46747,41.98466],[12.46716,41.98456],[12.46683,41.98447],[12.46675,41.98444],[12.46641,41.98433],[12.46634,41.9843],[12.46618,41.98425],[12.46612,41.98423],[12.4658,41.98412],[12.46537,41.98396],[12.46517,41.98389],[12.46508,41.98385],[12.46477,41.98372],[12.4646,41.98366],[12.46411,41.98346],[12.46357,41.98323],[12.46333,41.98313],[12.46254,41.98278],[12.46189,41.98249],[12.46187,41.98248],[12.46166,41.9824],[12.46144,41.98232],[12.46107,41.98219],[12.46092,41.98214],[12.46081,41.9821],[12.46048,41.982],[12.46035,41.98196],[12.4602,41.98192],[12.46006,41.98188],[12.45997,41.98186],[12.45978,41.98181],[12.45965,41.98178],[12.4595,41.98175],[12.45938,41.98172],[12.45899,41.98165],[12.45887,41.98163],[12.45861,41.9816],[12.4584,41.98157],[12.45812,41.98154],[12.45794,41.98152],[12.45775,41.9815],[12.45733,41.98146],[12.45695,41.98144],[12.45682,41.98144],[12.4565,41.98142],[12.45612,41.9814],[12.45574,41.98139],[12.45543,41.98138],[12.45523,41.98137],[12.45497,41.98136],[12.4548,41.98135],[12.45464,41.98135],[12.45456,41.98135],[12.45442,41.98134],[12.45409,41.98134],[12.45392,41.98134],[12.45379,41.98134],[12.45367,41.98134],[12.45355,41.98135],[12.4534,41.98135],[12.45327,41.98136],[12.45314,41.98137],[12.45301,41.98137],[12.45289,41.98138],[12.45262,41.98141],[12.45234,41.98143],[12.45222,41.98145],[12.45201,41.98147],[12.45182,41.98149],[12.45164,41.98152],[12.45147,41.98154],[12.45082,41.98162],[12.45006,41.98172],[12.44988,41.98175],[12.44965,41.98178],[12.44958,41.98179],[12.44945,41.9818],[12.44918,41.98184],[12.449,41.98186],[12.44882,41.98189],[12.4483,41.98196],[12.44806,41.98199],[12.44787,41.98202],[12.44774,41.98203],[12.44761,41.98205],[12.44747,41.98207],[12.44704,41.98213],[12.44692,41.98215],[12.44689,41.98215],[12.44675,41.98217],[12.44668,41.98218],[12.44629,41.98222],[12.44607,41.98223],[12.44601,41.98224],[12.44592,41.98224],[12.44582,41.98225],[12.44544,41.98227],[12.44497,41.98228],[12.44462,41.98227],[12.44426,41.98225],[12.44417,41.98224],[12.44372,41.98221],[12.44344,41.98218],[12.44308,41.98213],[12.44306,41.98213],[12.44236,41.98203],[12.44213,41.982],[12.44133,41.98186],[12.44044,41.9817],[12.44034,41.98168],[12.4402,41.98166],[12.43989,41.98161],[12.43936,41.98151],[12.43834,41.98133],[12.43803,41.98127],[12.43763,41.98118],[12.43755,41.98116],[12.43733,41.98112],[12.4371,41.98109],[12.43687,41.98104],[12.43666,41.98101],[12.43649,41.98097],[12.43648,41.98097],[12.43631,41.98094],[12.43605,41.9809],[12.43576,41.98084],[12.43556,41.98081],[12.4353,41.98076],[12.43512,41.98072],[12.43484,41.98066],[12.43464,41.98062],[12.43445,41.98057],[12.43426,41.98052],[12.434,41.98046],[12.43399,41.98046],[12.4338,41.98041],[12.43346,41.98032],[12.43316,41.98023],[12.43303,41.98018],[12.43292,41.98015],[12.43286,41.98013],[12.43257,41.98005],[12.43256,41.98004],[12.43204,41.97988],[12.43162,41.97975],[12.43156,41.97973],[12.43145,41.97969],[12.43117,41.9796],[12.43094,41.97953],[12.43074,41.97946],[12.43061,41.97942],[12.43039,41.97935],[12.43015,41.97927],[12.42999,41.97922],[12.42981,41.97916],[12.42956,41.97907],[12.42941,41.97902],[12.42929,41.97898],[12.42916,41.97893],[12.42896,41.97886],[12.42877,41.97878],[12.42855,41.9787],[12.4283,41.97858],[12.42756,41.97819],[12.42722,41.97793],[12.42716,41.97789],[12.42705,41.9778],[12.42671,41.97755],[12.42641,41.97733],[12.4248,41.97626],[12.42475,41.97623],[12.42464,41.97616],[12.42457,41.97611],[12.42456,41.97611],[12.42307,41.97519],[12.4221,41.97468],[12.42204,41.97465],[12.42167,41.97442],[12.42133,41.97423],[12.42119,41.97415],[12.42065,41.97387],[12.42027,41.9737],[12.42024,41.97368],[12.41988,41.97353],[12.41971,41.97346],[12.41957,41.9734],[12.41856,41.97299],[12.41834,41.97291],[12.41806,41.97279],[12.41776,41.97267],[12.4172,41.97245],[12.41703,41.97238],[12.41679,41.97228],[12.41665,41.97222],[12.41641,41.97213],[12.41605,41.97198],[12.41595,41.97195],[12.41566,41.97184],[12.41556,41.9718],[12.41536,41.97173],[12.41534,41.97173],[12.41513,41.97166],[12.4151,41.97165],[12.41486,41.97158],[12.41477,41.97156],[12.41467,41.97153],[12.41449,41.97149],[12.41425,41.97143],[12.41405,41.97139],[12.41393,41.97137],[12.41383,41.97135],[12.41327,41.97126],[12.41183,41.97108],[12.41166,41.97106],[12.4116,41.97105],[12.41109,41.97099],[12.41074,41.97095],[12.41066,41.97094],[12.41064,41.97094],[12.4105,41.97092],[12.41041,41.97091],[12.41011,41.97087],[12.40979,41.97083],[12.40978,41.97083],[12.40967,41.97081],[12.40936,41.97076],[12.40922,41.97074],[12.4085,41.97062],[12.40837,41.97059],[12.40824,41.97056],[12.40791,41.97047],[12.40722,41.97027],[12.40707,41.97023],[12.4068,41.97015],[12.40659,41.97008],[12.40638,41.97001],[12.40615,41.96993],[12.40572,41.96976],[12.40566,41.96974],[12.40543,41.96965],[12.40535,41.96961],[12.40501,41.96947],[12.40488,41.96941],[12.40471,41.96933],[12.40438,41.96916],[12.40421,41.96907],[12.40399,41.96896],[12.40372,41.96881],[12.40356,41.9687],[12.4034,41.9686],[12.40314,41.96843],[12.40242,41.96795],[12.40169,41.96746],[12.40102,41.96702],[12.4009,41.96694],[12.40076,41.96686],[12.40076,41.96685],[12.40071,41.96682],[12.40031,41.96657],[12.40025,41.96653],[12.3996,41.96613],[12.3995,41.96606],[12.39947,41.96604],[12.39946,41.96604],[12.39894,41.96572],[12.39876,41.96561],[12.39873,41.96559],[12.39848,41.96544],[12.39835,41.96536],[12.39834,41.96535],[12.3983,41.96532],[12.39803,41.96516],[12.39745,41.96481],[12.39722,41.96467],[12.39577,41.96378],[12.39479,41.96318],[12.39412,41.96278],[12.39365,41.96248],[12.39315,41.96218],[12.39298,41.96207],[12.39275,41.96193],[12.39257,41.96182],[12.39226,41.96162],[12.39205,41.96149],[12.39178,41.96133],[12.39139,41.96109],[12.38965,41.96002],[12.38933,41.95982],[12.38922,41.95975],[12.38908,41.95966],[12.38871,41.95943],[12.38836,41.95922],[12.38829,41.95918],[12.38796,41.95897],[12.3877,41.95882],[12.38738,41.95864],[12.38721,41.95853],[12.38714,41.95848],[12.38683,41.95829],[12.38671,41.95821],[12.38653,41.9581],[12.38637,41.958],[12.38632,41.95796],[12.38626,41.95792],[12.38617,41.95786],[12.38608,41.9578],[12.38598,41.95773],[12.38593,41.95769],[12.38588,41.95765],[12.38573,41.95753],[12.38562,41.95746],[12.38556,41.9574],[12.38546,41.95733],[12.38528,41.95717],[12.3852,41.95709],[12.38513,41.95704],[12.38498,41.95689],[12.38483,41.95673],[12.38465,41.95654],[12.38445,41.9563],[12.38435,41.95616],[12.3843,41.9561],[12.38411,41.95584],[12.38393,41.95552],[12.38392,41.95551],[12.38389,41.95546],[12.38386,41.95541],[12.38384,41.95535],[12.3838,41.95528],[12.38374,41.95516],[12.38365,41.95497],[12.38357,41.95477],[12.38346,41.95441],[12.38341,41.95423],[12.38335,41.95399],[12.38332,41.95381],[12.38329,41.95363],[12.38327,41.95356],[12.38323,41.95327],[12.38323,41.95323],[12.38322,41.95317],[12.38321,41.95309],[12.38319,41.95291],[12.38315,41.95256],[12.38312,41.95238],[12.38309,41.95206],[12.38306,41.95184],[12.38305,41.9518],[12.38304,41.95166],[12.383,41.95136],[12.38297,41.95112],[12.38295,41.95094],[12.38294,41.95091],[12.38293,41.95076],[12.38287,41.95029],[12.38282,41.94987],[12.38278,41.94951],[12.38276,41.94933],[12.38275,41.94929],[12.38274,41.94918],[12.38274,41.94915],[12.38267,41.94862],[12.38266,41.94851],[12.38265,41.94844],[12.38265,41.94843],[12.38264,41.9484],[12.38263,41.94826],[12.3825,41.94717],[12.38241,41.94649],[12.38235,41.94595],[12.38232,41.94573],[12.38221,41.94483],[12.38209,41.94395],[12.38209,41.94394],[12.38208,41.94387],[12.38205,41.94358],[12.38203,41.9434],[12.38199,41.94304],[12.38191,41.94237],[12.38189,41.94222],[12.38188,41.94215],[12.38186,41.94199],[12.38164,41.94005],[12.38161,41.93985],[12.38161,41.93982],[12.38159,41.93968],[12.38149,41.93878],[12.38149,41.93877],[12.38142,41.93822],[12.3814,41.93805],[12.38138,41.93788],[12.38135,41.93767],[12.38133,41.93749],[12.38125,41.93679],[12.3812,41.93639],[12.38112,41.93575],[12.38111,41.93567],[12.38111,41.93566],[12.38111,41.93564],[12.3811,41.93556],[12.38105,41.93518],[12.381,41.93472],[12.38098,41.93459],[12.38097,41.93447],[12.3809,41.93388],[12.38089,41.9338],[12.38082,41.93322],[12.38081,41.93311],[12.3808,41.93297],[12.38078,41.93281],[12.38077,41.93273],[12.38076,41.93263],[12.38076,41.93258],[12.38074,41.93236],[12.38073,41.9322],[12.38073,41.93206],[12.38072,41.93192],[12.38072,41.93177],[12.38072,41.93159],[12.38072,41.93153],[12.38072,41.93137],[12.38073,41.93119],[12.38074,41.93102],[12.38075,41.93083],[12.38078,41.93046],[12.38081,41.93008],[12.38084,41.92977],[12.38086,41.92958],[12.38088,41.92931],[12.38089,41.92919],[12.38092,41.92885],[12.38094,41.92868],[12.38095,41.92854],[12.38096,41.92838],[12.38097,41.92827],[12.38098,41.9282],[12.38098,41.92817],[12.38099,41.92806],[12.38104,41.92747],[12.38108,41.92698],[12.38108,41.92695],[12.38109,41.92683],[12.3811,41.92672],[12.38111,41.92658],[12.38112,41.92642],[12.38113,41.92632],[12.38115,41.92608],[12.38117,41.92585],[12.3812,41.92557],[12.3812,41.92552],[12.38121,41.9254],[12.38122,41.92532],[12.38126,41.92485],[12.38131,41.92437],[12.38134,41.92418],[12.38139,41.92384],[12.38142,41.92372],[12.38146,41.92357],[12.38158,41.92309],[12.3817,41.92272],[12.38176,41.92257],[12.38182,41.92242],[12.38189,41.92227],[12.38199,41.92203],[12.38204,41.92193],[12.38212,41.92176],[12.38233,41.92139],[12.38236,41.92133],[12.38242,41.92124],[12.38258,41.92097],[12.38259,41.92094],[12.3826,41.92093],[12.38267,41.9208],[12.38285,41.92052],[12.38302,41.92024],[12.38323,41.91987],[12.38325,41.91981],[12.38349,41.91936],[12.38353,41.91926],[12.38358,41.91917],[12.38369,41.9189],[12.38373,41.9188],[12.38381,41.9186],[12.38383,41.91854],[12.38383,41.91853],[12.38392,41.91826],[12.38396,41.91814],[12.38398,41.91808],[12.38409,41.91768],[12.38413,41.9175],[12.38417,41.91735],[12.38422,41.91714],[12.3843,41.91688],[12.38432,41.91679],[12.3844,41.91647],[12.38447,41.91623],[12.38448,41.91616],[12.38462,41.91561],[12.38475,41.91509],[12.38479,41.91495],[12.3848,41.91492],[12.38482,41.91485],[12.38484,41.91478],[12.38494,41.91438],[12.38502,41.91409],[12.38506,41.91393],[12.38508,41.91384],[12.38521,41.91334],[12.38528,41.91303],[12.38531,41.91282],[12.38532,41.91272],[12.38533,41.91266],[12.38535,41.91228],[12.38535,41.91219],[12.38535,41.91192],[12.38532,41.91164],[12.38526,41.91124],[12.38523,41.91109],[12.38515,41.91065],[12.38509,41.9103],[12.38497,41.90972],[12.38488,41.90922],[12.38485,41.90911],[12.38484,41.90904],[12.3847,41.90832],[12.3847,41.90827],[12.38448,41.90711],[12.38447,41.90702],[12.38446,41.90696],[12.38444,41.90688],[12.38442,41.90677],[12.38432,41.90625],[12.38429,41.90606],[12.38425,41.90583],[12.38413,41.90522],[12.38411,41.90513],[12.38411,41.90508],[12.3841,41.90503],[12.38409,41.90498],[12.38408,41.90492],[12.38407,41.90487],[12.38406,41.90486],[12.38404,41.90477],[12.38399,41.90449],[12.38392,41.90411],[12.38387,41.90387],[12.38384,41.90373],[12.38382,41.90361],[12.3838,41.90349],[12.38378,41.90336],[12.38375,41.90327],[12.38373,41.90312],[12.38364,41.90266],[12.38355,41.90226],[12.38351,41.90213],[12.38348,41.90198],[12.38344,41.90185],[12.38343,41.90179],[12.38342,41.90178],[12.3834,41.90169],[12.38335,41.90154],[12.38327,41.90129],[12.38322,41.90114],[12.38313,41.90088],[12.38307,41.90069],[12.38291,41.90027],[12.38249,41.89911],[12.38218,41.89822],[12.38208,41.89794],[12.38201,41.89773],[12.38187,41.89734],[12.38169,41.8968],[12.38167,41.89672],[12.38159,41.89643],[12.38151,41.89606],[12.3815,41.89595],[12.38144,41.89558],[12.3814,41.89523],[12.38138,41.89501],[12.38136,41.89471],[12.38135,41.89458],[12.38135,41.89448],[12.38128,41.89363],[12.38121,41.89248],[12.3812,41.8924],[12.38119,41.89225],[12.38116,41.8918],[12.38115,41.89153],[12.38113,41.89135],[12.38111,41.89106],[12.38111,41.89093],[12.3811,41.8908],[12.3811,41.89075],[12.38109,41.89067],[12.38108,41.89044],[12.38106,41.89021],[12.38102,41.88971],[12.38098,41.88902],[12.38094,41.88811],[12.38093,41.88796],[12.38092,41.88756],[12.38089,41.88667],[12.38088,41.8863],[12.38087,41.88599],[12.38086,41.88582],[12.38086,41.88572],[12.38086,41.88563],[12.38082,41.88477],[12.3808,41.88413],[12.38079,41.88383],[12.38079,41.88366],[12.38077,41.88318],[12.38076,41.88283],[12.38074,41.8826],[12.38074,41.88249],[12.38074,41.88239],[12.38073,41.88229],[12.38072,41.88219],[12.38071,41.88209],[12.38064,41.88144],[12.38063,41.88134],[12.38062,41.88128],[12.38061,41.88122],[12.38059,41.88115],[12.38058,41.88104],[12.38056,41.88094],[12.38054,41.88083],[12.3805,41.88066],[12.38049,41.88061],[12.38044,41.8804],[12.38041,41.8803],[12.38036,41.88011],[12.38035,41.88007],[12.38031,41.87991],[12.38027,41.8798],[12.38021,41.87961],[12.3802,41.87959],[12.38014,41.87939],[12.38008,41.87924],[12.38001,41.87905],[12.37998,41.87896],[12.37994,41.87887],[12.37989,41.87875],[12.37989,41.87874],[12.37985,41.87867],[12.37971,41.87835],[12.37967,41.87828],[12.37965,41.87822],[12.37956,41.87804],[12.37949,41.8779],[12.37934,41.87763],[12.37933,41.87761],[12.3792,41.87736],[12.37915,41.87726],[12.37879,41.87662],[12.37869,41.87644],[12.37858,41.87623],[12.37856,41.87621],[12.37855,41.87619],[12.37846,41.87602],[12.37842,41.87595],[12.37837,41.87585],[12.37828,41.87568],[12.37819,41.87552],[12.37819,41.87551],[12.37813,41.8754],[12.3781,41.87535],[12.3781,41.87534],[12.37801,41.87518],[12.37799,41.87513],[12.37794,41.87504],[12.37766,41.87451],[12.3776,41.8744],[12.37757,41.87435],[12.37749,41.87418],[12.3774,41.87401],[12.37733,41.87389],[12.37732,41.87387],[12.37731,41.87385],[12.37709,41.87343],[12.37705,41.87334],[12.37695,41.87317],[12.37679,41.87286],[12.37678,41.87285],[12.37674,41.87278],[12.37669,41.87269],[12.37656,41.87245],[12.37639,41.87214],[12.37631,41.87201],[12.37617,41.87177],[12.376,41.87146],[12.37595,41.87135],[12.37587,41.87121],[12.37582,41.87112],[12.37578,41.87104],[12.37568,41.87088],[12.3755,41.87055],[12.37537,41.87032],[12.3751,41.86985],[12.37491,41.86951],[12.37482,41.86934],[12.37473,41.86918],[12.37465,41.86903],[12.37456,41.86886],[12.37455,41.86884],[12.37448,41.8687],[12.37437,41.86848],[12.37429,41.86831],[12.37421,41.86814],[12.37421,41.86813],[12.37414,41.86797],[12.37408,41.86781],[12.37404,41.86769],[12.37396,41.86745],[12.37389,41.86722],[12.37382,41.86693],[12.37378,41.86671],[12.37377,41.86664],[12.37375,41.86657],[12.37372,41.86639],[12.3737,41.86619],[12.37368,41.86607],[12.37368,41.86599],[12.37367,41.86584],[12.37367,41.86583],[12.37366,41.8656],[12.37365,41.86558],[12.37365,41.86525],[12.37366,41.86506],[12.37366,41.865],[12.37367,41.86488],[12.37369,41.8647],[12.3737,41.8646],[12.3737,41.86455],[12.37379,41.86404],[12.37394,41.86351],[12.374,41.86331],[12.37409,41.86303],[12.37415,41.86285],[12.37423,41.86264],[12.37426,41.86256],[12.37428,41.86251],[12.37432,41.86242],[12.37437,41.86231],[12.37449,41.86203],[12.37451,41.86199],[12.37464,41.86169],[12.3749,41.86107],[12.37491,41.86105],[12.37505,41.86075],[12.37525,41.86027],[12.3755,41.85968],[12.37563,41.85935],[12.37568,41.85925],[12.37583,41.8589],[12.37593,41.85868],[12.37597,41.85857],[12.37606,41.85837],[12.37617,41.85811],[12.37628,41.85785],[12.37642,41.85754],[12.37652,41.85731],[12.37659,41.85714],[12.37663,41.85705],[12.37664,41.85702],[12.37667,41.85696],[12.3767,41.85689],[12.37674,41.8568],[12.37675,41.85677],[12.37679,41.85669],[12.37682,41.85661],[12.37687,41.8565],[12.37693,41.85636],[12.37698,41.85625],[12.37704,41.85611],[12.37708,41.85601],[12.37717,41.85582],[12.37724,41.85566],[12.37728,41.85555],[12.37733,41.85543],[12.37733,41.85542],[12.37736,41.85536],[12.37746,41.85512],[12.37756,41.85488],[12.37768,41.85458],[12.37776,41.85437],[12.37786,41.85413],[12.37788,41.85405],[12.37789,41.85404],[12.37795,41.85388],[12.37802,41.8537],[12.3781,41.85349],[12.37817,41.85332],[12.37824,41.85315],[12.37838,41.85282],[12.37843,41.8527],[12.37852,41.85248],[12.37863,41.85222],[12.37875,41.85195],[12.37879,41.85186],[12.37881,41.85181],[12.37896,41.85147],[12.37898,41.85141],[12.37899,41.8514],[12.37905,41.85127],[12.37912,41.8511],[12.37914,41.85106],[12.37926,41.85081],[12.37936,41.8506],[12.37948,41.85036],[12.3795,41.85031],[12.3797,41.84988],[12.37971,41.84987],[12.37977,41.84972],[12.37983,41.8496],[12.3799,41.84944],[12.37992,41.84939],[12.37994,41.84936],[12.38012,41.84894],[12.38014,41.8489],[12.3802,41.84875],[12.38044,41.8482],[12.38053,41.84801],[12.38058,41.84787],[12.38065,41.84771],[12.38066,41.8477],[12.38072,41.84756],[12.38073,41.84753],[12.38079,41.84739],[12.38088,41.84719],[12.38094,41.84705],[12.38098,41.84695],[12.38107,41.84676],[12.38118,41.8465],[12.38123,41.84639],[12.38127,41.84629],[12.38141,41.84597],[12.38152,41.8457],[12.38156,41.8456],[12.3817,41.84531],[12.3817,41.84529],[12.38176,41.84515],[12.38184,41.84498],[12.38185,41.84494],[12.38221,41.84411],[12.38223,41.84407],[12.38234,41.84379],[12.38237,41.84373],[12.38244,41.84356],[12.38257,41.84325],[12.38265,41.84306],[12.3827,41.84294],[12.38279,41.84271],[12.38285,41.84256],[12.38293,41.84237],[12.38311,41.84191],[12.3832,41.84167],[12.38325,41.84153],[12.38328,41.84145],[12.38329,41.84143],[12.38336,41.84126],[12.38339,41.84115],[12.38347,41.84095],[12.3836,41.8406],[12.38364,41.84048],[12.3837,41.84031],[12.38379,41.84007],[12.38389,41.83979],[12.38402,41.83945],[12.38421,41.8389],[12.3844,41.83833],[12.38455,41.83785],[12.3846,41.8377],[12.38463,41.83761],[12.38483,41.837],[12.38486,41.83689],[12.38505,41.8363],[12.38507,41.83621],[12.38557,41.83464],[12.38562,41.83446],[12.3857,41.83421],[12.38573,41.83412],[12.38585,41.83374],[12.38601,41.83323],[12.38611,41.83289],[12.38626,41.83237],[12.38633,41.83212],[12.38641,41.83187],[12.38663,41.83102],[12.38669,41.83076],[12.38678,41.83046],[12.38686,41.83014],[12.38692,41.82993],[12.38696,41.82978],[12.38699,41.82971],[12.38703,41.82958],[12.38737,41.82847],[12.38745,41.82822],[12.38752,41.82796],[12.38754,41.82792],[12.38763,41.82762],[12.38768,41.82743],[12.38777,41.82716],[12.38781,41.82702],[12.38786,41.82686],[12.38792,41.8267],[12.38798,41.82651],[12.388,41.82645],[12.38814,41.82601],[12.38822,41.82575],[12.38827,41.8256],[12.3884,41.82516],[12.38843,41.82506],[12.38869,41.82425],[12.3888,41.8239],[12.38907,41.82302],[12.38914,41.8228],[12.38929,41.82232],[12.38945,41.82184],[12.38952,41.82158],[12.38954,41.82151],[12.38956,41.82147],[12.38961,41.82132],[12.38968,41.8211],[12.38974,41.82091],[12.38981,41.82073],[12.38983,41.82067],[12.38985,41.82061],[12.38992,41.82041],[12.39,41.82019],[12.39007,41.82],[12.39007,41.81999],[12.39017,41.81975],[12.39019,41.8197],[12.39022,41.81962],[12.39045,41.81909],[12.39049,41.81899],[12.39053,41.81891],[12.39056,41.81885],[12.39058,41.81881],[12.39062,41.81872],[12.39069,41.8186],[12.39095,41.81812],[12.39122,41.81765],[12.39124,41.81761],[12.39128,41.81756],[12.39134,41.81746],[12.39153,41.81718],[12.39173,41.8169],[12.3918,41.81681],[12.39197,41.81659],[12.39214,41.81638],[12.3924,41.81607],[12.39264,41.81579],[12.3928,41.81563],[12.39295,41.81547],[12.39306,41.81535],[12.39324,41.81518],[12.39351,41.81492],[12.39364,41.8148],[12.39375,41.8147],[12.39379,41.81467],[12.39385,41.81461],[12.39394,41.81453],[12.39404,41.81445],[12.39419,41.81432],[12.39434,41.8142],[12.39445,41.81412],[12.39464,41.81397],[12.39482,41.81383],[12.39493,41.81375],[12.39527,41.81351],[12.39551,41.81334],[12.39571,41.81321],[12.39586,41.81311],[12.39595,41.81306],[12.39615,41.81293],[12.39631,41.81284],[12.39666,41.81263],[12.39686,41.81252],[12.39724,41.81232],[12.39745,41.81221],[12.3978,41.81204],[12.39818,41.81186],[12.39842,41.81175],[12.39855,41.8117],[12.39883,41.81158],[12.39892,41.81154],[12.39918,41.81143],[12.39942,41.81134],[12.39964,41.81126],[12.3998,41.8112],[12.39992,41.81116],[12.40028,41.81103],[12.40049,41.81096],[12.40063,41.81092],[12.40071,41.81089],[12.40098,41.81081],[12.40141,41.81068],[12.40177,41.81058],[12.40194,41.81054],[12.40216,41.81048],[12.40237,41.81043],[12.40287,41.81031],[12.40318,41.81024],[12.40406,41.81003],[12.40416,41.81001],[12.40482,41.80987],[12.4052,41.80978],[12.40568,41.80968],[12.40592,41.80963],[12.40602,41.80961],[12.40634,41.80955],[12.40648,41.80952],[12.40663,41.80948],[12.40672,41.80946],[12.40731,41.80934],[12.40754,41.80929],[12.40796,41.8092],[12.40824,41.80915],[12.40852,41.80909],[12.40885,41.80903],[12.40915,41.80897],[12.40928,41.80895],[12.40932,41.80894],[12.40935,41.80893],[12.40937,41.80893],[12.40939,41.80893],[12.40989,41.80884],[12.41003,41.80882],[12.41031,41.80877],[12.41047,41.80874],[12.41072,41.8087],[12.411,41.80866],[12.41198,41.80852],[12.41251,41.80845],[12.41328,41.80834],[12.41392,41.80824],[12.41424,41.8082],[12.41452,41.80816],[12.41479,41.80812],[12.41504,41.80809],[12.41515,41.80808],[12.41516,41.80807],[12.41522,41.80807],[12.41527,41.80806],[12.41531,41.80805],[12.4174,41.80778],[12.41762,41.80775],[12.41764,41.80775],[12.41771,41.80774],[12.418,41.80769],[12.41842,41.80763],[12.41858,41.8076],[12.41863,41.80755],[12.41864,41.80754],[12.41882,41.80751],[12.41893,41.80749],[12.41898,41.80748],[12.41906,41.80746],[12.41911,41.80745],[12.41913,41.80744],[12.41926,41.8074],[12.41934,41.80736],[12.41948,41.80728],[12.41952,41.80725],[12.41953,41.80723],[12.41954,41.80722],[12.41956,41.80719],[12.41958,41.80715],[12.41958,41.80712],[12.41959,41.80711],[12.41959,41.80708],[12.4196,41.80705],[12.41959,41.80695],[12.41957,41.80688],[12.41956,41.80684],[12.41954,41.80679],[12.41954,41.80677],[12.41952,41.80673],[12.41951,41.80671],[12.41951,41.8067],[12.41947,41.8066],[12.41945,41.80655],[12.41944,41.80653],[12.4194,41.80644],[12.41938,41.8064],[12.41935,41.80634],[12.41929,41.8062],[12.41928,41.80617],[12.41926,41.80614],[12.41927,41.80607],[12.41922,41.806],[12.41922,41.80599],[12.41888,41.80539],[12.41856,41.80483],[12.41826,41.8043],[12.41823,41.80425],[12.41822,41.80423],[12.41821,41.8042],[12.41819,41.80417],[12.41813,41.80412],[12.41809,41.80405],[12.41805,41.80395],[12.41803,41.80388],[12.41802,41.8038],[12.41801,41.80375],[12.41801,41.80371],[12.41802,41.80364],[12.41804,41.80354],[12.41805,41.80352],[12.41806,41.80347],[12.41809,41.80341],[12.41811,41.80334],[12.41812,41.80334],[12.41814,41.80328],[12.41815,41.80323],[12.41817,41.80318],[12.41819,41.80312],[12.41819,41.80305],[12.41819,41.803],[12.41818,41.80296],[12.41818,41.80292],[12.41816,41.80288],[12.41815,41.80284],[12.41807,41.80268],[12.41797,41.80248],[12.4179,41.80232],[12.41789,41.80231],[12.41785,41.80222],[12.4178,41.80214],[12.41775,41.80204],[12.41773,41.80201],[12.41771,41.80196],[12.4177,41.80194],[12.41765,41.80184],[12.41756,41.80167],[12.41751,41.80157],[12.41748,41.8015],[12.41746,41.80146],[12.41745,41.80144],[12.41739,41.80133],[12.41731,41.80116],[12.41727,41.8011],[12.41722,41.801],[12.4172,41.80095],[12.41714,41.80083],[12.41713,41.80081],[12.41712,41.80078],[12.41709,41.8007],[12.41708,41.80061],[12.41708,41.80054],[12.41708,41.80047],[12.41709,41.80029],[12.4171,41.80027],[12.4171,41.80022],[12.41711,41.80016],[12.41714,41.80002],[12.41715,41.79997],[12.41718,41.79981],[12.41718,41.7998],[12.41721,41.79963],[12.41722,41.79955],[12.41725,41.79947],[12.41728,41.79932],[12.4173,41.79929],[12.41731,41.79926],[12.41733,41.79919],[12.41743,41.79882],[12.41752,41.79845],[12.4176,41.79816],[12.41761,41.79812],[12.41763,41.79805],[12.41764,41.798],[12.41767,41.79789],[12.4177,41.7978],[12.4177,41.79778],[12.41772,41.79772],[12.41773,41.7977],[12.41774,41.79766],[12.41776,41.79763],[12.41778,41.79759],[12.41784,41.79744],[12.41787,41.79739],[12.4179,41.79734],[12.41793,41.7973],[12.41799,41.79721],[12.41799,41.7972],[12.41805,41.79713],[12.41823,41.79693],[12.41845,41.79668],[12.41849,41.79664],[12.41857,41.79656],[12.41864,41.79647],[12.41871,41.79638],[12.41881,41.79627],[12.41902,41.79601],[12.41911,41.79591],[12.41933,41.79565],[12.41935,41.79562],[12.41946,41.79548],[12.41956,41.79533],[12.4196,41.79528],[12.41967,41.79514],[12.41973,41.79504],[12.41979,41.79491],[12.41998,41.7945],[12.42022,41.79399],[12.42031,41.7938],[12.42041,41.79359],[12.42046,41.79349],[12.42049,41.79342],[12.42053,41.79334],[12.42071,41.79294],[12.4209,41.79251],[12.42096,41.79237],[12.42099,41.79231],[12.42104,41.7922],[12.42106,41.79217],[12.42109,41.7921],[12.42122,41.79186],[12.42135,41.7917],[12.42157,41.79139],[12.4217,41.79123],[12.42174,41.79117],[12.42195,41.79092],[12.42207,41.79078],[12.42218,41.79065],[12.42218,41.79064],[12.42232,41.79048],[12.42232,41.79047],[12.42233,41.79046],[12.42235,41.79043],[12.42239,41.7904],[12.42245,41.79032],[12.42258,41.79016],[12.4227,41.79],[12.42274,41.78996],[12.42278,41.78991],[12.42281,41.78987],[12.42289,41.78979],[12.42294,41.78975],[12.42295,41.78974],[12.42299,41.78969],[12.42305,41.78964],[12.42309,41.78961],[12.42312,41.78959],[12.42315,41.78956],[12.42319,41.78954],[12.42324,41.7895],[12.42329,41.78946],[12.42333,41.78943],[12.42338,41.7894],[12.4234,41.78938],[12.42346,41.78934],[12.42354,41.78928],[12.42368,41.78918],[12.42374,41.78914],[12.42379,41.7891],[12.42386,41.78906],[12.42394,41.789],[12.42402,41.78894],[12.42409,41.7889],[12.42413,41.78887],[12.42417,41.78884],[12.42419,41.78882],[12.42422,41.78881],[12.42427,41.78878],[12.42434,41.78873],[12.42443,41.78866],[12.42457,41.78856],[12.42478,41.78841],[12.425,41.78827],[12.42505,41.78823],[12.42527,41.7881],[12.42552,41.78795],[12.42588,41.78775],[12.4262,41.78757],[12.4263,41.78752],[12.42667,41.78732],[12.42693,41.78718],[12.427,41.78714],[12.42766,41.78682],[12.42771,41.78679],[12.42775,41.78678],[12.42781,41.78675],[12.42815,41.78657],[12.42859,41.78636],[12.42882,41.78624],[12.42895,41.78617],[12.42902,41.78613],[12.42906,41.7861],[12.42914,41.78605],[12.4296,41.78572],[12.42973,41.78563],[12.43018,41.78531],[12.43022,41.78528],[12.43025,41.78527],[12.43027,41.78526],[12.43031,41.78524],[12.43033,41.78523],[12.43036,41.78523],[12.4305,41.78523],[12.43062,41.78523],[12.43075,41.78524],[12.43089,41.78525],[12.43096,41.78526],[12.43103,41.78527],[12.4311,41.78528],[12.43115,41.78529],[12.4312,41.78531],[12.43131,41.78534],[12.43147,41.7854],[12.43152,41.78542],[12.43155,41.78543],[12.43172,41.78551],[12.43205,41.78565],[12.43289,41.78603],[12.43307,41.78602],[12.43317,41.78602],[12.43325,41.78601],[12.43336,41.78599],[12.43339,41.78598],[12.43346,41.78599],[12.43374,41.78585],[12.43389,41.78577],[12.434,41.78569],[12.43411,41.7856],[12.43414,41.78558],[12.43501,41.7849],[12.43509,41.78485],[12.43518,41.78476],[12.43525,41.78468],[12.43532,41.78459],[12.43534,41.78455],[12.43539,41.78446],[12.43545,41.78431],[12.43553,41.78405],[12.43562,41.78369],[12.43574,41.78322],[12.43593,41.78258],[12.43596,41.7825],[12.43599,41.78238],[12.436,41.78234],[12.43602,41.78232],[12.43604,41.78226],[12.43605,41.78225],[12.43608,41.78218],[12.43613,41.78209],[12.4362,41.78199],[12.43625,41.78192],[12.43632,41.78185],[12.43671,41.7815],[12.43677,41.78144],[12.43703,41.78125],[12.43723,41.7811],[12.4375,41.7809],[12.43782,41.78066],[12.43798,41.78053],[12.43799,41.78053],[12.43823,41.78034],[12.43842,41.7802],[12.43858,41.78008],[12.43865,41.78002],[12.4392,41.78041],[12.43923,41.78042],[12.43924,41.78043],[12.43926,41.78043],[12.43927,41.78043],[12.43928,41.78043],[12.43928,41.78042],[12.43929,41.78042],[12.4393,41.78041],[12.43936,41.78037],[12.44,41.77988],[12.44006,41.77983],[12.44022,41.77971],[12.4404,41.77957],[12.44062,41.7794],[12.44064,41.77938],[12.44075,41.77929],[12.44079,41.77925],[12.44081,41.77923],[12.44081,41.77922],[12.44082,41.77922],[12.44082,41.77921],[12.44083,41.7792],[12.44083,41.77919],[12.44083,41.77918],[12.44083,41.77917],[12.44082,41.77916],[12.44082,41.77915],[12.44081,41.77914],[12.4408,41.77913],[12.44076,41.77911],[12.44045,41.77888],[12.44041,41.77885],[12.44039,41.77883],[12.44038,41.77882],[12.44037,41.77881],[12.44036,41.7788],[12.44036,41.77879],[12.44035,41.77877],[12.44035,41.77876],[12.44035,41.77874],[12.44036,41.77873],[12.44037,41.77872],[12.44037,41.77871],[12.44038,41.7787],[12.44042,41.77868],[12.44059,41.77854],[12.44083,41.77834],[12.44122,41.77805],[12.4414,41.77791],[12.44185,41.77756],[12.44205,41.77741],[12.44256,41.77701],[12.44299,41.77667],[12.44307,41.77661],[12.4431,41.77659],[12.44311,41.77657],[12.44312,41.77657],[12.44314,41.77655],[12.44324,41.77648],[12.44331,41.77643],[12.4434,41.77634],[12.44341,41.77634],[12.44354,41.77621],[12.44371,41.77602],[12.44377,41.77596],[12.44384,41.77588],[12.4439,41.77581],[12.44389,41.77576],[12.44389,41.77575],[12.44395,41.77554],[12.44396,41.77549],[12.44397,41.77545],[12.44397,41.77543],[12.44398,41.7754],[12.44399,41.77537],[12.44406,41.77511],[12.44411,41.77492],[12.44412,41.77487],[12.44415,41.77475],[12.44416,41.77469],[12.44417,41.77466],[12.44418,41.77464],[12.44421,41.77452],[12.44421,41.77448],[12.44423,41.77442],[12.44424,41.77435],[12.44425,41.77423],[12.44425,41.77408],[12.44425,41.77391],[12.44424,41.77376],[12.44419,41.77334],[12.44422,41.77325],[12.44421,41.7732],[12.4442,41.77315],[12.44417,41.77304],[12.44415,41.77296],[12.44413,41.77291],[12.4441,41.77284],[12.44408,41.77278],[12.44405,41.77269],[12.444,41.77259],[12.44396,41.7725],[12.4439,41.77238],[12.44381,41.7722],[12.44374,41.77208],[12.44368,41.77199],[12.4436,41.77189],[12.44352,41.77177],[12.44347,41.7717],[12.44337,41.77158],[12.44336,41.77157],[12.44328,41.77147],[12.44318,41.77137],[12.44313,41.77132],[12.44308,41.77126],[12.44303,41.77122],[12.44297,41.77116],[12.44291,41.77111],[12.44285,41.77105],[12.44281,41.77102],[12.44268,41.77091],[12.44258,41.77083],[12.44248,41.77075],[12.44231,41.77063],[12.44222,41.77056],[12.44196,41.77036],[12.4417,41.77016],[12.44156,41.77005],[12.44133,41.76988],[12.44091,41.76955],[12.44072,41.76941],[12.4406,41.76931],[12.44059,41.76931],[12.44049,41.76923],[12.44043,41.76918],[12.44042,41.76918],[12.44027,41.76906],[12.44017,41.76899],[12.44009,41.76892],[12.43996,41.76882],[12.43983,41.76872],[12.43976,41.76867],[12.4397,41.76862],[12.43964,41.76857],[12.43959,41.76853],[12.43959,41.76852],[12.43953,41.76848],[12.43951,41.76846],[12.43944,41.7684],[12.43942,41.76837],[12.43939,41.76835],[12.43936,41.76832],[12.43931,41.76827],[12.43928,41.76823],[12.4392,41.76815],[12.43915,41.7681],[12.43905,41.76799],[12.43892,41.76782],[12.43883,41.7677],[12.43874,41.76757],[12.43867,41.76748],[12.43864,41.76743],[12.43859,41.76734],[12.43846,41.76709],[12.43841,41.76698],[12.43837,41.76689],[12.43831,41.76674],[12.43827,41.76661],[12.4382,41.76636],[12.43819,41.76628],[12.43817,41.76618],[12.43815,41.76608],[12.43812,41.76584],[12.43812,41.76574],[12.43811,41.76563],[12.43811,41.76544],[12.43811,41.76538],[12.43812,41.76525],[12.43815,41.76503],[12.43816,41.76497],[12.43818,41.76489],[12.43818,41.76485],[12.43819,41.76481],[12.43826,41.76448],[12.43827,41.76443],[12.43832,41.76417],[12.43839,41.76386],[12.43848,41.76342],[12.43848,41.76341],[12.43859,41.76291],[12.43866,41.76252],[12.43867,41.76244],[12.43868,41.76238],[12.43869,41.76231],[12.43869,41.76229],[12.43869,41.76221],[12.4387,41.76209],[12.43871,41.76202],[12.43871,41.76182],[12.43871,41.76172],[12.43871,41.76162],[12.43869,41.76149],[12.43869,41.76136],[12.43867,41.76122],[12.43866,41.76117],[12.43866,41.76114],[12.43865,41.7611],[12.43861,41.76085],[12.4386,41.76078],[12.43858,41.76069],[12.43855,41.76058],[12.4385,41.76041],[12.43844,41.76021],[12.43838,41.76004],[12.4383,41.75985],[12.43829,41.75982],[12.43818,41.75961],[12.43809,41.75943],[12.43801,41.75929],[12.43796,41.75921],[12.43788,41.75909],[12.43784,41.75903],[12.43771,41.75886],[12.43761,41.75873],[12.43754,41.75864],[12.43746,41.75853],[12.43737,41.75843],[12.43727,41.75831],[12.43716,41.7582],[12.43707,41.7581],[12.43699,41.75801],[12.43677,41.7578],[12.43657,41.75761],[12.43653,41.75756],[12.43622,41.75724],[12.43606,41.75707],[12.43601,41.75701],[12.43595,41.75696],[12.43593,41.75693],[12.43586,41.75686],[12.43574,41.75673],[12.43563,41.75662],[12.43554,41.75653],[12.43542,41.75642],[12.43524,41.75624],[12.43508,41.75607],[12.43498,41.75594],[12.43496,41.75592],[12.43491,41.75585],[12.43484,41.75576],[12.43475,41.7556],[12.43467,41.75544],[12.4346,41.75526],[12.43456,41.75512],[12.43451,41.75491],[12.4345,41.75478],[12.43449,41.75465],[12.43449,41.75456],[12.4345,41.75438],[12.4345,41.75436],[12.43451,41.75431],[12.43452,41.75421],[12.43454,41.75411],[12.43458,41.75398],[12.43459,41.75394],[12.4346,41.75392],[12.43463,41.75383],[12.43466,41.75375],[12.43468,41.7537],[12.43471,41.75363],[12.43474,41.75358],[12.4348,41.75347],[12.43482,41.75343],[12.43483,41.75342],[12.43491,41.7533],[12.43493,41.75327],[12.43494,41.75326],[12.43508,41.75308],[12.43513,41.75303],[12.43516,41.75298],[12.43524,41.75289],[12.43525,41.75287],[12.43537,41.75272],[12.43544,41.75264],[12.43551,41.75255],[12.43557,41.75249],[12.43573,41.75229],[12.4358,41.7522],[12.43581,41.75219],[12.43595,41.75202],[12.43608,41.75187],[12.43626,41.75164],[12.43631,41.75159],[12.43643,41.75145],[12.43646,41.75142],[12.43657,41.75129],[12.43675,41.75109],[12.43691,41.75088],[12.43699,41.75078],[12.43703,41.75072],[12.43706,41.75067],[12.43707,41.75065],[12.4371,41.7506],[12.43714,41.75053],[12.4372,41.75042],[12.43722,41.75038],[12.43725,41.7503],[12.43727,41.75025],[12.43731,41.75017],[12.43734,41.75008],[12.4374,41.74977],[12.43744,41.7495],[12.43746,41.74944],[12.43747,41.74933],[12.43747,41.74926],[12.43746,41.74924],[12.43746,41.74918],[12.43746,41.74904],[12.43746,41.74899],[12.43745,41.74894],[12.43744,41.74885],[12.43741,41.74869],[12.43739,41.74862],[12.43736,41.74849],[12.43733,41.74842],[12.43733,41.74841],[12.4373,41.74831],[12.43724,41.74817],[12.43721,41.74809],[12.43717,41.74802],[12.43713,41.74794],[12.43706,41.74783],[12.43704,41.74781],[12.43692,41.74765],[12.43676,41.74745],[12.43666,41.74735],[12.43639,41.74708],[12.43627,41.74696],[12.43608,41.74677],[12.43571,41.7464],[12.43564,41.74633],[12.4356,41.74629],[12.43516,41.74585],[12.43506,41.74576],[12.43503,41.74573],[12.4349,41.7456],[12.43477,41.74547],[12.43464,41.74535],[12.43446,41.74517],[12.4342,41.74489],[12.43414,41.74482],[12.43407,41.74475],[12.434,41.74467],[12.43371,41.74437],[12.43346,41.74411],[12.43325,41.74388],[12.43301,41.74362],[12.43272,41.7433],[12.43258,41.74312],[12.43256,41.74309],[12.43251,41.74304],[12.43244,41.74294],[12.43241,41.7429],[12.43233,41.74278],[12.43223,41.74263],[12.43215,41.74249],[12.43205,41.74231],[12.43202,41.74226],[12.43198,41.74217],[12.43195,41.74212],[12.43185,41.74184],[12.43174,41.74155],[12.43171,41.74146],[12.43165,41.74122],[12.43163,41.74112],[12.4316,41.74097],[12.43158,41.74087],[12.43157,41.74076],[12.43154,41.74055],[12.43153,41.74026],[12.43153,41.74013],[12.43153,41.74008],[12.43153,41.74005],[12.43153,41.73992],[12.43154,41.73978],[12.43155,41.73966],[12.43157,41.73945],[12.43158,41.73933],[12.43159,41.73919],[12.4316,41.73913],[12.43161,41.73899],[12.43163,41.73872],[12.43166,41.73833],[12.43167,41.73826],[12.43169,41.73799],[12.43169,41.73797],[12.43171,41.73781],[12.43171,41.73777],[12.43172,41.73772],[12.43172,41.73764],[12.43173,41.73761],[12.43173,41.73752],[12.43174,41.73742],[12.43175,41.73736],[12.43178,41.73702],[12.43181,41.73666],[12.43183,41.73642],[12.43184,41.73633],[12.43187,41.73596],[12.43188,41.73574],[12.43193,41.73518],[12.43195,41.73493],[12.43197,41.73461],[12.43198,41.73453],[12.43199,41.7344],[12.43199,41.73439],[12.432,41.73427],[12.43203,41.73395],[12.43207,41.73343],[12.43209,41.73324],[12.4321,41.73314],[12.43211,41.73294],[12.43212,41.73287],[12.43215,41.73258],[12.43215,41.73251],[12.43216,41.73246],[12.43217,41.73238],[12.43218,41.73232],[12.43218,41.73228],[12.43219,41.73224],[12.4322,41.73219],[12.43221,41.73211],[12.43223,41.73204],[12.43225,41.73198],[12.43226,41.73192],[12.43228,41.73188],[12.43229,41.73183],[12.43232,41.73174],[12.43235,41.73167],[12.43238,41.73159],[12.4324,41.73152],[12.43243,41.73146],[12.43253,41.73123],[12.43259,41.73112],[12.43265,41.73101],[12.4328,41.73078],[12.43283,41.73074],[12.43287,41.73068],[12.43301,41.7305],[12.43319,41.73029],[12.43329,41.7302],[12.4334,41.73008],[12.43363,41.72987],[12.43368,41.72983],[12.43377,41.72976],[12.43407,41.72951],[12.43448,41.72918],[12.43495,41.7288],[12.4352,41.72861],[12.43528,41.72854],[12.43555,41.72833],[12.4358,41.72812],[12.43599,41.72797],[12.43601,41.72795],[12.43623,41.72778],[12.43642,41.72764],[12.43656,41.72754],[12.43676,41.72741],[12.43691,41.72732],[12.43704,41.72724],[12.43724,41.72713],[12.43741,41.72703],[12.43762,41.72692],[12.43784,41.7268],[12.43805,41.72668],[12.4384,41.72649],[12.43878,41.72628],[12.4389,41.72621],[12.43908,41.72611],[12.43968,41.72579],[12.44011,41.72555],[12.44042,41.72539],[12.44082,41.72517],[12.44102,41.72506],[12.44112,41.725],[12.44125,41.72493],[12.44237,41.72431],[12.4424,41.72429],[12.44245,41.72427],[12.44288,41.72403],[12.44289,41.72403],[12.44328,41.72381],[12.44449,41.72315],[12.4451,41.72282],[12.44555,41.72257],[12.44582,41.72242],[12.44637,41.72212],[12.44646,41.72207],[12.44647,41.72206],[12.44667,41.72195],[12.44681,41.72187],[12.44785,41.72131],[12.44806,41.72119],[12.44831,41.72105],[12.44848,41.72093],[12.44867,41.72081],[12.4487,41.72078],[12.44885,41.72067],[12.44893,41.72061],[12.44903,41.72054],[12.44924,41.72036],[12.44941,41.72021],[12.44948,41.72014],[12.44952,41.7201],[12.44973,41.7199],[12.44986,41.71977],[12.45,41.71962],[12.45009,41.71952],[12.45016,41.71944],[12.45025,41.71933],[12.45031,41.71926],[12.45038,41.71916],[12.45044,41.71908],[12.45052,41.71897],[12.45056,41.71891],[12.45064,41.7188],[12.4507,41.7187],[12.45074,41.71864],[12.45082,41.71851],[12.45092,41.71836],[12.45099,41.71824],[12.45107,41.7181],[12.45118,41.71792],[12.45125,41.7178],[12.45128,41.71775],[12.45132,41.71769],[12.45132,41.71768],[12.45139,41.71756],[12.45183,41.71683],[12.45186,41.71678],[12.45201,41.71653],[12.45222,41.71618],[12.4524,41.71588],[12.45262,41.71552],[12.45267,41.71543],[12.45276,41.71528],[12.45302,41.71485],[12.45321,41.71453],[12.45354,41.71399],[12.45367,41.71377],[12.45383,41.71351],[12.45395,41.71331],[12.45407,41.7131],[12.45424,41.71283],[12.45434,41.71266],[12.45444,41.71249],[12.45447,41.71244],[12.45449,41.71241],[12.45453,41.71235],[12.45463,41.71216],[12.45472,41.71202],[12.45474,41.71198],[12.45477,41.71194],[12.45485,41.71181],[12.45488,41.71177],[12.45499,41.71158],[12.4552,41.71123],[12.45531,41.71105],[12.45556,41.71064],[12.45563,41.71052],[12.45568,41.71044],[12.45584,41.71017],[12.45594,41.71],[12.4561,41.70974],[12.45614,41.70966],[12.45621,41.70954],[12.45629,41.70941],[12.45634,41.70933],[12.45645,41.70915],[12.45649,41.70908],[12.45655,41.70898],[12.45665,41.70881],[12.45674,41.70867],[12.4569,41.7084],[12.45695,41.70833],[12.45712,41.70807],[12.45718,41.70799],[12.4572,41.70796],[12.45726,41.70789],[12.45733,41.70779],[12.45742,41.70769],[12.45749,41.70761],[12.45758,41.70752],[12.45769,41.7074],[12.45794,41.70716],[12.45809,41.70701],[12.45827,41.70686],[12.45838,41.70677],[12.45858,41.70662],[12.45861,41.7066],[12.45864,41.70658],[12.45875,41.7065],[12.45896,41.70635],[12.45914,41.70623],[12.45935,41.70611],[12.45941,41.70607],[12.45951,41.70602],[12.45973,41.7059],[12.46002,41.70576],[12.46009,41.70572],[12.46013,41.7057],[12.46019,41.70568],[12.46042,41.70558],[12.46056,41.70552],[12.46079,41.70543],[12.46088,41.7054],[12.461,41.70536],[12.46113,41.70531],[12.46133,41.70525],[12.46157,41.70518],[12.46176,41.70513],[12.46229,41.705],[12.46236,41.70499],[12.46245,41.70496],[12.46263,41.70492],[12.46272,41.7049],[12.46279,41.70488],[12.4628,41.70488],[12.46287,41.70486],[12.46293,41.70485],[12.46302,41.70483],[12.46308,41.70481],[12.46317,41.70479],[12.46324,41.70477],[12.46332,41.70474],[12.46341,41.70472],[12.46349,41.70469],[12.46359,41.70466],[12.46367,41.70463],[12.46375,41.7046],[12.46388,41.70456],[12.46391,41.70454],[12.46398,41.70451],[12.46408,41.70447],[12.46423,41.70441],[12.46427,41.70439],[12.46441,41.70432],[12.46447,41.7043],[12.46454,41.70426],[12.46462,41.70422],[12.46469,41.70418],[12.46478,41.70413],[12.46491,41.70405],[12.46504,41.70398],[12.46528,41.70382],[12.46554,41.70363],[12.46566,41.70354],[12.46582,41.7034],[12.46589,41.70334],[12.46608,41.70317],[12.46609,41.70316],[12.4662,41.70303],[12.46622,41.70301],[12.46634,41.70288],[12.46653,41.70265],[12.46673,41.70234],[12.46714,41.70166],[12.4672,41.70157],[12.46737,41.70128],[12.46739,41.70124],[12.46759,41.70091],[12.46766,41.70079],[12.46779,41.70058],[12.46785,41.70047],[12.46788,41.70042],[12.46789,41.70041],[12.468,41.70022],[12.46812,41.70001],[12.46827,41.69977],[12.46836,41.69964],[12.46854,41.69939],[12.46862,41.69929],[12.46868,41.69922],[12.46875,41.69914],[12.46887,41.69901],[12.46889,41.69899],[12.46905,41.69882],[12.46922,41.69865],[12.46949,41.69843],[12.46955,41.69838],[12.46961,41.69833],[12.46972,41.69825],[12.4699,41.69812],[12.46997,41.69808],[12.47003,41.69804],[12.4701,41.698],[12.47014,41.69797],[12.47023,41.69791],[12.47036,41.69784],[12.47051,41.69775],[12.4706,41.69771],[12.47065,41.69768],[12.47072,41.69764],[12.47083,41.69759],[12.4711,41.69747],[12.47169,41.6972],[12.47174,41.69718],[12.47223,41.69696],[12.47254,41.69682],[12.47292,41.69665],[12.47318,41.69653],[12.47323,41.6965],[12.47334,41.69645],[12.47337,41.69644],[12.47339,41.69643],[12.47343,41.69641],[12.47354,41.69636],[12.47388,41.69621],[12.47394,41.69618],[12.47401,41.69615],[12.47424,41.69605],[12.47452,41.69592],[12.47524,41.69559],[12.47563,41.69541],[12.47597,41.69526],[12.47631,41.69511],[12.47703,41.69478],[12.47725,41.69468],[12.47738,41.69462],[12.4774,41.69461],[12.47763,41.69451],[12.47809,41.6943],[12.47817,41.69426],[12.47833,41.69419],[12.4785,41.6941],[12.47861,41.69405],[12.47874,41.69399],[12.47884,41.69393],[12.47895,41.69387],[12.47911,41.69378],[12.47932,41.69366],[12.47943,41.69359],[12.4796,41.69348],[12.47967,41.69343],[12.47975,41.69338],[12.47981,41.69334],[12.47993,41.69325],[12.48006,41.69316],[12.48035,41.69295],[12.48054,41.69281],[12.48083,41.69261],[12.48092,41.69254],[12.48114,41.69238],[12.48126,41.69229],[12.4816,41.69205],[12.48165,41.69201],[12.4819,41.69183],[12.48205,41.69172],[12.48206,41.69171],[12.48208,41.6917],[12.48223,41.69159],[12.48242,41.69145],[12.48269,41.69124],[12.48327,41.69082],[12.48352,41.69064],[12.48373,41.69049],[12.48385,41.69039],[12.48514,41.68944],[12.48518,41.68941],[12.48626,41.68863],[12.48654,41.68842],[12.48708,41.68803],[12.48717,41.68796],[12.48723,41.68791],[12.48772,41.68755],[12.48806,41.68729],[12.48948,41.68625],[12.48953,41.68621],[12.48959,41.68616],[12.48999,41.68587],[12.49013,41.68577],[12.49051,41.68549],[12.49082,41.68526],[12.49102,41.68509],[12.49117,41.68497],[12.49126,41.68489],[12.49133,41.68482],[12.49148,41.68468],[12.49152,41.68463],[12.49165,41.68449],[12.49183,41.68429],[12.49207,41.68401],[12.49246,41.68356],[12.49257,41.68344],[12.49274,41.68323],[12.4928,41.68317],[12.49307,41.68285],[12.49317,41.68273],[12.49332,41.68255],[12.49339,41.68247],[12.49343,41.68243],[12.49353,41.68231],[12.49374,41.68207],[12.49379,41.682],[12.49385,41.68193],[12.49421,41.68152],[12.49439,41.68131],[12.49442,41.68127],[12.49448,41.68121],[12.49453,41.68115],[12.49458,41.68109],[12.49468,41.68098],[12.49476,41.68088],[12.49517,41.6804],[12.49534,41.68021],[12.49537,41.68018],[12.49558,41.67993],[12.49564,41.67987],[12.49579,41.6797],[12.49625,41.67917],[12.4964,41.67899],[12.49655,41.67882],[12.49677,41.6786],[12.49684,41.67852],[12.49693,41.67844],[12.49706,41.67832],[12.4972,41.6782],[12.49737,41.67806],[12.49749,41.67796],[12.49757,41.67791],[12.49762,41.67787],[12.49773,41.67778],[12.49792,41.67764],[12.49811,41.6775],[12.49835,41.67732],[12.49855,41.67718],[12.49874,41.67704],[12.49911,41.67677],[12.49935,41.6766],[12.49978,41.67627],[12.50004,41.67608],[12.50011,41.67602],[12.50051,41.67572],[12.5007,41.67558],[12.50075,41.67554],[12.50086,41.67546],[12.50098,41.67538],[12.5011,41.67528],[12.50122,41.6752],[12.50139,41.67507],[12.50256,41.67418],[12.50339,41.67355],[12.50359,41.6734],[12.50373,41.67329],[12.50378,41.67325],[12.50425,41.67289],[12.50462,41.6726],[12.50482,41.67245],[12.50601,41.67149],[12.50632,41.67123],[12.50666,41.67095],[12.50669,41.67094],[12.5067,41.67092],[12.50685,41.6708],[12.50741,41.67036],[12.50803,41.66985],[12.50884,41.66922],[12.50894,41.66915],[12.50904,41.66908],[12.50904,41.66907],[12.50915,41.669],[12.50925,41.66893],[12.50928,41.6689],[12.50929,41.66888],[12.50998,41.66841],[12.51037,41.66814],[12.51072,41.6679],[12.51109,41.66768],[12.51122,41.6676],[12.51142,41.66747],[12.51147,41.66744],[12.51151,41.66741],[12.51168,41.66731],[12.5118,41.66723],[12.51205,41.66708],[12.51207,41.66706],[12.51232,41.66689],[12.51299,41.66647],[12.51332,41.66626],[12.51345,41.66619],[12.5138,41.66597],[12.5142,41.66571],[12.51506,41.66517],[12.51541,41.66496],[12.51547,41.66492],[12.51573,41.66475],[12.51603,41.66456],[12.51686,41.66405],[12.51698,41.66397],[12.51728,41.66378],[12.51759,41.66359],[12.51764,41.66356],[12.51766,41.66354],[12.51771,41.66351],[12.51777,41.66347],[12.51813,41.66324],[12.51848,41.66302],[12.5186,41.66294],[12.51894,41.66272],[12.52009,41.662],[12.52117,41.66132],[12.52128,41.66125],[12.5213,41.66124],[12.52138,41.66119],[12.52176,41.66095],[12.52184,41.6609],[12.52191,41.66085],[12.52203,41.66078],[12.52216,41.66068],[12.52234,41.66055],[12.52238,41.66051],[12.52254,41.66038],[12.52262,41.66031],[12.52276,41.66019],[12.52286,41.66011],[12.52314,41.65984],[12.52334,41.65964],[12.52345,41.65952],[12.52349,41.65948],[12.5235,41.65947],[12.52365,41.65929],[12.52385,41.65905],[12.524,41.65883],[12.5241,41.65871],[12.52418,41.65859],[12.52435,41.65833],[12.52444,41.65821],[12.52455,41.65805],[12.52463,41.65792],[12.52468,41.65784],[12.52487,41.65756],[12.52493,41.65748],[12.52514,41.65718],[12.52542,41.65676],[12.52586,41.65613],[12.52608,41.65582],[12.52631,41.65549],[12.52645,41.65528],[12.52657,41.65512],[12.52668,41.65495],[12.52695,41.65457],[12.52716,41.65427],[12.52745,41.65385],[12.52768,41.65354],[12.52784,41.65329],[12.5279,41.65321],[12.52791,41.6532],[12.52797,41.65311],[12.52843,41.65244],[12.52846,41.65239],[12.52866,41.65211],[12.52901,41.65161],[12.52919,41.65136],[12.52923,41.65131],[12.52955,41.65087],[12.52967,41.65074],[12.52978,41.65059],[12.52985,41.6505],[12.52998,41.65036],[12.53008,41.65025],[12.53022,41.65012],[12.53034,41.65],[12.5304,41.64995],[12.53048,41.64987],[12.53058,41.64979],[12.53066,41.64972],[12.53076,41.64964],[12.5309,41.64954],[12.53101,41.64946],[12.53102,41.64946],[12.53125,41.64929],[12.53135,41.64922],[12.53149,41.64913],[12.53169,41.649],[12.53181,41.64892],[12.53193,41.64885],[12.53215,41.64873],[12.53226,41.64867],[12.53237,41.64861],[12.53255,41.64853],[12.53282,41.6484],[12.53316,41.64825],[12.53346,41.64813],[12.53394,41.64794],[12.53435,41.64779],[12.53524,41.64745],[12.53568,41.64727],[12.53616,41.64709],[12.53629,41.64704],[12.53643,41.64698],[12.53713,41.64671],[12.53807,41.64634],[12.53891,41.64602],[12.53923,41.64589],[12.53971,41.64571],[12.54109,41.64518],[12.5419,41.64486],[12.54192,41.64486],[12.54251,41.64462],[12.54282,41.6445],[12.54338,41.64429],[12.54385,41.6441],[12.54411,41.64399],[12.54417,41.64396],[12.54441,41.64387],[12.54463,41.64376],[12.54509,41.64356],[12.5454,41.64341],[12.54548,41.64338],[12.54606,41.6431],[12.54613,41.64307],[12.54649,41.64289],[12.54689,41.6427],[12.5473,41.64251],[12.5475,41.64241],[12.54771,41.64231],[12.54791,41.64222],[12.54811,41.64212],[12.5486,41.64189],[12.54881,41.64179],[12.54903,41.64169],[12.54974,41.64135],[12.54982,41.64131],[12.55014,41.64116],[12.55043,41.64102],[12.55125,41.64063],[12.55126,41.64063],[12.55143,41.64055],[12.55197,41.64029],[12.55276,41.63991],[12.55285,41.63987],[12.55366,41.63949],[12.55398,41.63934],[12.55418,41.63924],[12.55429,41.63919],[12.5545,41.63909],[12.55506,41.63882],[12.55544,41.63864],[12.55562,41.63855],[12.55604,41.63836],[12.55636,41.63821],[12.55652,41.63813],[12.5568,41.638],[12.55737,41.63773],[12.55747,41.63768],[12.55752,41.63766],[12.55777,41.63754],[12.55811,41.63737],[12.5586,41.63714],[12.55873,41.63708],[12.55893,41.63699],[12.55898,41.63697],[12.55962,41.63666],[12.55999,41.63649],[12.56007,41.63645],[12.56016,41.63642],[12.56023,41.63639],[12.56042,41.6363],[12.56071,41.63616],[12.5609,41.63607],[12.56114,41.63595],[12.56118,41.63593],[12.56124,41.6359],[12.56143,41.63581],[12.56188,41.63559],[12.56195,41.63555],[12.56231,41.63538],[12.56235,41.63536],[12.56251,41.63529],[12.56272,41.63519],[12.56281,41.63515],[12.56292,41.63509],[12.56315,41.63499],[12.56334,41.6349],[12.56373,41.63471],[12.56375,41.6347],[12.5642,41.63449],[12.56454,41.63433],[12.56455,41.63433],[12.56461,41.6343],[12.56473,41.63423],[12.56518,41.63402],[12.56576,41.63375],[12.56577,41.63374],[12.56583,41.63372],[12.56589,41.63369],[12.56596,41.63365],[12.56599,41.63364],[12.56621,41.63353],[12.5666,41.63334],[12.56677,41.63325],[12.56691,41.63318],[12.56721,41.63302],[12.56752,41.63284],[12.56758,41.6328],[12.56773,41.6327],[12.56792,41.63258],[12.56815,41.63241],[12.56831,41.6323],[12.56842,41.63222],[12.56857,41.6321],[12.56876,41.63195],[12.56903,41.63172],[12.56917,41.6316],[12.56948,41.63135],[12.56976,41.63112],[12.56989,41.63101],[12.56998,41.63093],[12.57004,41.63088],[12.57049,41.6305],[12.57051,41.63048],[12.57067,41.63035],[12.57081,41.63023],[12.57099,41.63008],[12.57116,41.62995],[12.57133,41.62982],[12.57141,41.62976],[12.57149,41.6297],[12.57168,41.62956],[12.57193,41.62939],[12.57207,41.6293],[12.57232,41.62914],[12.5724,41.62909],[12.57256,41.62898],[12.57258,41.62897],[12.57292,41.62875],[12.57328,41.62852],[12.57331,41.6285],[12.57339,41.62846],[12.57349,41.6284],[12.57375,41.62823],[12.57399,41.62808],[12.57416,41.62797],[12.5749,41.6275],[12.57566,41.62701],[12.57566,41.627],[12.57621,41.62665],[12.57649,41.62647],[12.57679,41.62628],[12.57684,41.62625],[12.57734,41.62593],[12.57762,41.62575],[12.57773,41.62567],[12.57787,41.62558],[12.57801,41.62548],[12.57814,41.6254],[12.5782,41.62536],[12.57832,41.62528],[12.57846,41.62519],[12.57877,41.62496],[12.57893,41.62484],[12.57903,41.62476],[12.57926,41.62458],[12.57947,41.62441],[12.57948,41.6244],[12.57975,41.62417],[12.57997,41.62398],[12.58021,41.62377],[12.58025,41.62373],[12.58044,41.62356],[12.58065,41.62336],[12.58078,41.62323],[12.58091,41.62309],[12.58108,41.62291],[12.58124,41.62274],[12.58128,41.6227],[12.5815,41.62247],[12.58152,41.62245],[12.58155,41.62241],[12.58164,41.62231],[12.58222,41.62167],[12.58224,41.62164],[12.5823,41.62158],[12.58234,41.62153],[12.58247,41.62137],[12.5825,41.62134],[12.58269,41.62112],[12.58296,41.62082],[12.58302,41.62075],[12.58304,41.62073],[12.5832,41.62056],[12.58324,41.62052],[12.58329,41.62047],[12.58367,41.62013],[12.58384,41.62002],[12.58397,41.61992],[12.58404,41.61987],[12.58412,41.61982],[12.58423,41.61976],[12.58432,41.6197],[12.58434,41.61968],[12.58443,41.61963],[12.58456,41.61956],[12.58472,41.61948],[12.58483,41.61942],[12.58497,41.61936],[12.58515,41.61928],[12.58537,41.6192],[12.58543,41.61918],[12.5856,41.61912],[12.58632,41.6189],[12.58664,41.6188],[12.58701,41.61869],[12.58759,41.6185],[12.58808,41.61835],[12.58834,41.61826],[12.58875,41.61814],[12.5888,41.61812],[12.58928,41.61796],[12.58945,41.6179],[12.58948,41.61789],[12.5895,41.61788],[12.58969,41.6178],[12.58993,41.6177],[12.59008,41.61763],[12.59027,41.61753],[12.5905,41.61739],[12.5906,41.61733],[12.59083,41.61719],[12.59104,41.61704],[12.59118,41.61693],[12.59119,41.61693],[12.59124,41.61688],[12.59128,41.61686],[12.59136,41.61678],[12.59141,41.61675],[12.59157,41.61659],[12.59171,41.61645],[12.59188,41.61626],[12.59215,41.61593],[12.59222,41.61584],[12.59225,41.6158],[12.59243,41.61555],[12.59251,41.61545],[12.5928,41.61507],[12.59298,41.61484],[12.59305,41.61476],[12.5931,41.61469],[12.59327,41.61445],[12.59335,41.61435],[12.59337,41.61432],[12.59353,41.61411],[12.59372,41.61389],[12.59375,41.61386],[12.59391,41.61369],[12.59409,41.61351],[12.59422,41.6134],[12.59442,41.61323],[12.5946,41.6131],[12.59465,41.61306],[12.59469,41.61304],[12.59482,41.61295],[12.59495,41.61286],[12.59506,41.6128],[12.59515,41.61274],[12.59521,41.6127],[12.59525,41.61268],[12.59552,41.61254],[12.59577,41.61242],[12.59583,41.61239],[12.59594,41.61235],[12.59603,41.61231],[12.5961,41.61228],[12.59639,41.61217],[12.59646,41.61215],[12.59665,41.61208],[12.59681,41.61203],[12.59694,41.61199],[12.59713,41.61194],[12.59734,41.6119],[12.59751,41.61186],[12.59756,41.61185],[12.5977,41.61183],[12.59774,41.61182],[12.59809,41.61175],[12.59846,41.61169],[12.59863,41.61166],[12.59868,41.61165],[12.59885,41.61162],[12.59896,41.6116],[12.59919,41.61155],[12.59939,41.6115],[12.59941,41.6115],[12.59958,41.61146],[12.5997,41.61142],[12.59987,41.61137],[12.60015,41.61127],[12.60038,41.61119],[12.60043,41.61116],[12.60056,41.61111],[12.60071,41.61103],[12.60087,41.61096],[12.60102,41.61088],[12.60123,41.61077],[12.60133,41.6107],[12.60143,41.61064],[12.60147,41.61061],[12.60153,41.61058],[12.60164,41.6105],[12.60182,41.61037],[12.60192,41.61029],[12.602,41.61022],[12.60207,41.61016],[12.60224,41.61001],[12.60243,41.60983],[12.60252,41.60973],[12.60266,41.60957],[12.60286,41.60931],[12.60308,41.60904],[12.60311,41.609],[12.60323,41.60885],[12.60334,41.60871],[12.60356,41.60843],[12.6036,41.60838],[12.60387,41.60803],[12.60405,41.60781],[12.60409,41.60776],[12.60432,41.60747],[12.60444,41.60731],[12.60471,41.60697],[12.60474,41.60692],[12.60497,41.60663],[12.6051,41.60647],[12.60525,41.6063],[12.60538,41.60616],[12.60553,41.60601],[12.6056,41.60594],[12.60573,41.60582],[12.60582,41.60574],[12.60616,41.60547],[12.60641,41.60529],[12.6066,41.60517],[12.60671,41.6051],[12.60708,41.60489],[12.60743,41.60469],[12.60811,41.6043],[12.60844,41.60409],[12.60854,41.60403],[12.60869,41.60394],[12.6091,41.6037],[12.60923,41.60362],[12.60935,41.60355],[12.60971,41.60334],[12.61022,41.60304],[12.61038,41.60294],[12.61065,41.60278],[12.61093,41.60262],[12.61098,41.60259],[12.61112,41.60251],[12.61154,41.60226],[12.61226,41.60184],[12.61237,41.60178],[12.61283,41.60152],[12.6135,41.60112],[12.61362,41.60105],[12.61399,41.60084],[12.61452,41.60053],[12.61462,41.60048],[12.61488,41.60034],[12.61519,41.60019],[12.61544,41.60008],[12.61563,41.60001],[12.61604,41.59985],[12.61629,41.59976],[12.6165,41.59969],[12.61672,41.59963],[12.61678,41.59961],[12.61711,41.59952],[12.61746,41.59943],[12.61788,41.59932],[12.61799,41.59929],[12.6183,41.59921],[12.61837,41.5992],[12.61944,41.59893],[12.61959,41.59889],[12.61984,41.59881],[12.62001,41.59876],[12.62007,41.59874],[12.62025,41.59869],[12.6204,41.59863],[12.6207,41.59853],[12.62083,41.59847],[12.62101,41.5984],[12.62118,41.59832],[12.62129,41.59827],[12.6215,41.59817],[12.62174,41.59805],[12.62196,41.59794],[12.62219,41.59781],[12.62247,41.59764],[12.62353,41.59701],[12.6237,41.5969],[12.62394,41.59675],[12.62427,41.59654],[12.62431,41.59651],[12.62443,41.59645],[12.6247,41.5963],[12.62474,41.59628],[12.62511,41.59607],[12.62549,41.59586],[12.62603,41.5956],[12.62622,41.59552],[12.62652,41.59539],[12.62799,41.5948],[12.62837,41.59465],[12.62858,41.59456],[12.62931,41.59426],[12.63025,41.59388],[12.63124,41.59348],[12.63131,41.59346],[12.63143,41.59341],[12.63162,41.59333],[12.63176,41.59327],[12.63246,41.593],[12.63252,41.59297],[12.63379,41.59246],[12.63386,41.59243],[12.63438,41.59222],[12.6345,41.59217],[12.63454,41.59216],[12.63461,41.59213],[12.63475,41.59207],[12.63525,41.59187],[12.63557,41.59174],[12.63596,41.59158],[12.63597,41.59158],[12.63621,41.59146],[12.63632,41.59142],[12.63659,41.59128],[12.63685,41.59116],[12.63693,41.59111],[12.637,41.59108],[12.63704,41.59106],[12.63705,41.59105],[12.63764,41.59068],[12.63765,41.59067],[12.63817,41.59033],[12.63827,41.59025],[12.63829,41.59024],[12.63837,41.59018],[12.63845,41.59012],[12.63851,41.59008],[12.63855,41.59006],[12.63882,41.58989],[12.63896,41.5898],[12.63909,41.58971],[12.63919,41.58964],[12.63923,41.58962],[12.63938,41.5895],[12.6395,41.58945],[12.6396,41.58938],[12.63989,41.58919],[12.63998,41.58913],[12.64011,41.58904],[12.64079,41.58859],[12.64097,41.58847],[12.64133,41.58823],[12.64156,41.58808],[12.64169,41.58799],[12.64206,41.58774],[12.64248,41.58746],[12.64292,41.58716],[12.64316,41.58699],[12.64333,41.58687],[12.64342,41.58681],[12.64361,41.58669],[12.64379,41.58657],[12.6439,41.58649],[12.64404,41.58639],[12.64416,41.5863],[12.64435,41.58617],[12.6445,41.58605],[12.64457,41.58599],[12.64464,41.58594],[12.6447,41.58589],[12.64475,41.58584],[12.64482,41.58579],[12.64487,41.58574],[12.64488,41.58573],[12.64493,41.58569],[12.64498,41.58564],[12.64515,41.58549],[12.6455,41.58517],[12.64568,41.585],[12.64577,41.58492],[12.6459,41.5848],[12.64597,41.58474],[12.6463,41.58445],[12.64648,41.58428],[12.64681,41.58398],[12.64696,41.58384],[12.64751,41.58334],[12.64778,41.5831],[12.64796,41.58293],[12.64822,41.58269],[12.64839,41.58254],[12.64858,41.58236],[12.64875,41.58221],[12.6489,41.58206],[12.64905,41.58193],[12.64924,41.58175],[12.64938,41.58162],[12.64955,41.58147],[12.64965,41.58137],[12.64995,41.5811],[12.65044,41.58065],[12.65074,41.58038],[12.6509,41.58023],[12.65097,41.58016],[12.65106,41.58008],[12.65117,41.57999],[12.65133,41.57985],[12.65138,41.57981],[12.65158,41.57962],[12.65175,41.57946],[12.65183,41.57939],[12.65203,41.57918],[12.6523,41.57891],[12.65235,41.57886],[12.65239,41.57883],[12.65243,41.5788],[12.65248,41.57876],[12.65257,41.57869],[12.65273,41.57857],[12.65289,41.57844],[12.65303,41.57834],[12.65306,41.57831],[12.65309,41.57829],[12.65333,41.57812],[12.65342,41.57805],[12.6535,41.57799],[12.65356,41.57795],[12.65386,41.57776],[12.65393,41.57771],[12.65398,41.57768],[12.6542,41.57754],[12.65441,41.57742],[12.65451,41.57736],[12.65504,41.57704],[12.65529,41.57689],[12.65548,41.57678],[12.65572,41.57664],[12.65595,41.57649],[12.65612,41.57639],[12.65614,41.57638],[12.65647,41.57618],[12.65811,41.57525],[12.6591,41.57467],[12.65932,41.57454],[12.65945,41.57446],[12.65987,41.57423],[12.66005,41.57413],[12.66018,41.57406],[12.66139,41.57338],[12.66255,41.57272],[12.66411,41.57183],[12.66472,41.57148],[12.66504,41.5713],[12.66509,41.57127],[12.66606,41.57072],[12.66618,41.57065],[12.66625,41.5706],[12.6663,41.57057],[12.66655,41.57042],[12.66669,41.57033],[12.6667,41.57033],[12.66686,41.57024],[12.66795,41.56962],[12.66852,41.56931],[12.66858,41.56928],[12.6687,41.56921],[12.6687,41.5692],[12.66876,41.56917],[12.66999,41.56848],[12.67004,41.56845],[12.67023,41.56834],[12.67041,41.56824],[12.67267,41.56697],[12.67305,41.56674],[12.67386,41.56627],[12.6743,41.56602],[12.6747,41.5658],[12.67651,41.56476],[12.67691,41.56454],[12.67699,41.56449],[12.67718,41.56438],[12.67723,41.56435],[12.67759,41.56415],[12.67777,41.56406],[12.67899,41.56341],[12.67928,41.56325],[12.6797,41.56302],[12.6801,41.56279],[12.68041,41.56262],[12.68111,41.56222],[12.68189,41.56178],[12.68198,41.56173],[12.68206,41.56168],[12.68281,41.56126],[12.68316,41.56105],[12.68345,41.56089],[12.68355,41.56083],[12.68423,41.56045],[12.68478,41.56013],[12.68528,41.55984],[12.68565,41.55964],[12.686,41.55943],[12.6862,41.55931],[12.68634,41.55922],[12.68662,41.55906],[12.68683,41.55893],[12.68711,41.55876],[12.68747,41.55855],[12.68749,41.55854],[12.68768,41.55843],[12.68782,41.55834],[12.68784,41.55833],[12.68787,41.55831],[12.6881,41.55817],[12.68838,41.55801],[12.68866,41.55784],[12.68893,41.55768],[12.68922,41.55752],[12.68938,41.55743],[12.6895,41.55736],[12.68972,41.55723],[12.69,41.55707],[12.69021,41.55695],[12.69043,41.55682],[12.69079,41.55662],[12.69128,41.55634],[12.69217,41.55584],[12.69272,41.55552],[12.69319,41.55525],[12.69331,41.55518],[12.69337,41.55515],[12.69376,41.55493],[12.69412,41.55473],[12.69443,41.55456],[12.69458,41.55447],[12.69473,41.55439],[12.69683,41.55318],[12.69751,41.55279],[12.69779,41.55262],[12.69781,41.55262],[12.69798,41.55251],[12.69799,41.55251],[12.69804,41.55248],[12.69813,41.55243],[12.69824,41.55237],[12.69834,41.55231],[12.69838,41.55229],[12.69844,41.55225],[12.69866,41.55213],[12.69885,41.55203],[12.69903,41.55192],[12.69947,41.55167],[12.70013,41.55129],[12.70019,41.55126],[12.70023,41.55123],[12.70064,41.55101],[12.7008,41.55092],[12.70087,41.55088],[12.70133,41.55065],[12.70147,41.55058],[12.7019,41.55037],[12.70196,41.55035],[12.70304,41.54983],[12.70335,41.54968],[12.7039,41.5494],[12.70415,41.54928],[12.70457,41.54909],[12.70472,41.54901],[12.70507,41.54885],[12.7052,41.54878],[12.70536,41.54871],[12.70573,41.54853],[12.7058,41.54849],[12.70587,41.54846],[12.70614,41.54833],[12.70637,41.54821],[12.70738,41.54772],[12.70764,41.54759],[12.70801,41.54741],[12.70884,41.547],[12.70921,41.54682],[12.70964,41.54662],[12.71031,41.5463],[12.71074,41.54608],[12.71103,41.54594],[12.71114,41.54588],[12.71135,41.54579],[12.71256,41.5452],[12.71356,41.54471],[12.71372,41.54463],[12.71408,41.54446],[12.71447,41.54427],[12.71491,41.54405],[12.71525,41.54389],[12.71552,41.54376],[12.71574,41.54365],[12.71612,41.54347],[12.71634,41.54336],[12.71726,41.5429],[12.71727,41.5429],[12.71739,41.54284],[12.71755,41.54276],[12.71823,41.54243],[12.71853,41.54229],[12.71872,41.5422],[12.71874,41.5422],[12.71884,41.54214],[12.71896,41.54209],[12.71912,41.54202],[12.71931,41.54192],[12.71943,41.54186],[12.71963,41.54177],[12.71996,41.5416],[12.72,41.54158],[12.72037,41.5414],[12.72067,41.54126],[12.72073,41.54123],[12.72103,41.54109],[12.72104,41.54108],[12.72135,41.54094],[12.72169,41.54078],[12.72207,41.54061],[12.7225,41.54042],[12.72255,41.54039],[12.72268,41.54033],[12.72281,41.54027],[12.72294,41.54021],[12.72295,41.54021],[12.72313,41.54013],[12.72371,41.53986],[12.72394,41.53976],[12.72408,41.5397],[12.72429,41.5396],[12.72455,41.53949],[12.7246,41.53946],[12.72488,41.53933],[12.72503,41.53927],[12.7253,41.53915],[12.72532,41.53914],[12.72547,41.53906],[12.72564,41.53899],[12.72565,41.53898],[12.72596,41.53884],[12.72624,41.53872],[12.72653,41.53858],[12.72676,41.53847],[12.7271,41.53832],[12.72746,41.53816],[12.72772,41.53804],[12.72803,41.5379],[12.72812,41.53786],[12.72824,41.5378],[12.72853,41.53767],[12.72862,41.53764],[12.72876,41.53757],[12.72897,41.53749],[12.72913,41.53743],[12.72943,41.53733],[12.72968,41.53724],[12.72976,41.53722],[12.7299,41.53718],[12.73008,41.53713],[12.73024,41.53709],[12.7304,41.53705],[12.73055,41.53702],[12.73074,41.53698],[12.73092,41.53695],[12.7311,41.53692],[12.73129,41.53689],[12.73147,41.53687],[12.73162,41.53685],[12.73181,41.53683],[12.73206,41.53681],[12.73231,41.5368],[12.73256,41.53679],[12.73291,41.53678],[12.73326,41.53678],[12.73338,41.53678],[12.73358,41.53678],[12.73403,41.53678],[12.73441,41.53678],[12.73473,41.53678],[12.73488,41.53678],[12.73505,41.53678],[12.73507,41.53678],[12.73521,41.53678],[12.7354,41.53678],[12.73563,41.53677],[12.73582,41.53676],[12.73606,41.53674],[12.73626,41.53672],[12.73648,41.53669],[12.73651,41.53669],[12.73673,41.53666],[12.73689,41.53663],[12.73701,41.53661],[12.73714,41.53658],[12.73732,41.53654],[12.73749,41.5365],[12.73766,41.53645],[12.73781,41.53641],[12.73806,41.53634],[12.7383,41.53626],[12.73853,41.53617],[12.73882,41.53605],[12.73898,41.53598],[12.73915,41.5359],[12.7395,41.53574],[12.73982,41.53559],[12.74053,41.53527],[12.74105,41.53503],[12.74134,41.5349],[12.74143,41.53486],[12.74211,41.53455],[12.74217,41.53452],[12.74229,41.53447],[12.74249,41.53437],[12.7425,41.53437],[12.74353,41.5339],[12.74409,41.53364],[12.74482,41.53331],[12.74507,41.53319],[12.74566,41.53293],[12.74574,41.53289],[12.74584,41.53285],[12.74587,41.53283],[12.74595,41.5328],[12.74746,41.5321],[12.74765,41.53201],[12.74806,41.53183],[12.74813,41.53179],[12.74836,41.53168],[12.7493,41.53125],[12.74947,41.53118],[12.75011,41.53088],[12.75063,41.53064],[12.75105,41.53045],[12.75156,41.53022],[12.75218,41.52994],[12.75251,41.52979],[12.75272,41.5297],[12.75295,41.5296],[12.75295,41.52959],[12.75339,41.52939],[12.75449,41.52889],[12.75594,41.52823],[12.75684,41.52782],[12.7571,41.52771],[12.75726,41.52763],[12.75816,41.52721],[12.75833,41.52713],[12.75836,41.52712],[12.75857,41.52703],[12.75923,41.52673],[12.7596,41.52656],[12.76042,41.52619],[12.76148,41.52571],[12.7617,41.52561],[12.76216,41.5254],[12.76239,41.52529],[12.7629,41.52506],[12.76296,41.52503],[12.76357,41.52475],[12.76364,41.52472],[12.76369,41.5247],[12.76381,41.52464],[12.76398,41.52456],[12.76449,41.52432],[12.76465,41.52425],[12.76474,41.52422],[12.76475,41.52421],[12.76502,41.52409],[12.76512,41.52405],[12.76574,41.52376],[12.76599,41.52364],[12.76639,41.52346],[12.767,41.52317],[12.76725,41.52306],[12.76763,41.52289],[12.7678,41.52281],[12.76786,41.52279],[12.76816,41.52265],[12.7683,41.52259],[12.76874,41.52239],[12.76947,41.52205],[12.76989,41.52186],[12.77064,41.52151],[12.77176,41.521],[12.77177,41.52099],[12.77198,41.5209],[12.77207,41.52085],[12.7727,41.52057],[12.77323,41.52032],[12.77404,41.51995],[12.77464,41.51967],[12.775,41.51951],[12.77555,41.51926],[12.77614,41.51898],[12.77689,41.51864],[12.7778,41.51822],[12.77809,41.51809],[12.77821,41.51803],[12.77831,41.51799],[12.77839,41.51795],[12.77894,41.5177],[12.77905,41.51765],[12.77911,41.51762],[12.7795,41.51744],[12.77971,41.51734],[12.77989,41.51726],[12.78025,41.5171],[12.78057,41.51695],[12.78064,41.51692],[12.78069,41.51689],[12.78094,41.51678],[12.78107,41.51672],[12.78116,41.51668],[12.78124,41.51664],[12.78128,41.51662],[12.78137,41.51658],[12.7817,41.51642],[12.78208,41.51625],[12.78234,41.51613],[12.78239,41.51611],[12.7824,41.51611],[12.78248,41.51607],[12.78253,41.51605],[12.78259,41.51602],[12.7827,41.51597],[12.78293,41.51586],[12.78298,41.51584],[12.783,41.51583],[12.78309,41.51579],[12.78314,41.51577],[12.78316,41.51576],[12.78331,41.51569],[12.78362,41.51555],[12.78394,41.5154],[12.78408,41.51534],[12.78497,41.51493],[12.78536,41.51475],[12.78587,41.51452],[12.7862,41.51437],[12.78652,41.51423],[12.78678,41.51411],[12.78742,41.51381],[12.78804,41.51353],[12.78806,41.51352],[12.78844,41.51335],[12.78886,41.51316],[12.78913,41.51303],[12.79096,41.51219],[12.79168,41.51187],[12.79189,41.51177],[12.79216,41.51164],[12.79316,41.51119],[12.7935,41.51103],[12.79405,41.51078],[12.79426,41.51068],[12.79467,41.51049],[12.79488,41.5104],[12.79512,41.51029],[12.79527,41.51022],[12.79532,41.51013],[12.79533,41.51012],[12.79534,41.51011],[12.79547,41.51005],[12.79551,41.51002],[12.79554,41.51001],[12.79565,41.50996],[12.79574,41.50991],[12.79592,41.50983],[12.79611,41.50974],[12.79624,41.50968],[12.79642,41.50959],[12.79652,41.50952],[12.79655,41.5095],[12.79657,41.50948],[12.79662,41.50944],[12.79665,41.50941],[12.79665,41.5094],[12.79667,41.50938],[12.79669,41.50935],[12.7967,41.50932],[12.79672,41.50928],[12.79673,41.50926],[12.79673,41.50921],[12.79673,41.50918],[12.79673,41.50915],[12.79673,41.50912],[12.79672,41.5091],[12.79671,41.50908],[12.7967,41.50905],[12.79668,41.50901],[12.79665,41.50896],[12.79663,41.50894],[12.79661,41.50892],[12.79658,41.5089],[12.79656,41.50888],[12.79653,41.50886],[12.79649,41.50884],[12.79644,41.50882],[12.79639,41.50875],[12.79637,41.50872],[12.79636,41.5087],[12.79635,41.50868],[12.79636,41.50865],[12.79637,41.50857],[12.79641,41.50855],[12.79682,41.50837],[12.79712,41.50822],[12.79722,41.50818],[12.79726,41.50816],[12.79741,41.50809],[12.79743,41.50809],[12.79769,41.50799],[12.79766,41.50789],[12.79765,41.50779],[12.79764,41.50739],[12.79764,41.50722],[12.79764,41.50704],[12.79763,41.50703],[12.79763,41.50702],[12.79763,41.50686],[12.79763,41.50676],[12.79763,41.50658],[12.79763,41.5064],[12.79764,41.50632],[12.79764,41.50622],[12.79765,41.50614],[12.79766,41.50586],[12.79766,41.50578],[12.79767,41.5056],[12.79771,41.5047],[12.79772,41.50452],[12.79773,41.50429],[12.79774,41.50404],[12.79775,41.5037],[12.79776,41.50359],[12.79784,41.50163],[12.79784,41.50148],[12.79785,41.50119],[12.79786,41.50064],[12.79786,41.50046],[12.79787,41.50006],[12.79787,41.49988],[12.79788,41.49974],[12.79788,41.4995],[12.7979,41.49896],[12.79791,41.49885],[12.79792,41.49861],[12.79792,41.49842],[12.79796,41.49752],[12.79799,41.49674],[12.79799,41.49658],[12.798,41.49636],[12.798,41.49635],[12.79801,41.49605],[12.798,41.49582],[12.79798,41.49576],[12.79797,41.49572],[12.79794,41.49563],[12.79777,41.49524],[12.79768,41.49504],[12.79734,41.49421],[12.79732,41.49415],[12.79716,41.49377],[12.79697,41.49329],[12.79695,41.49325],[12.79683,41.49296],[12.7965,41.49215],[12.79641,41.49194],[12.79632,41.49172],[12.79584,41.49057],[12.7957,41.49022],[12.79547,41.48967],[12.7954,41.4895],[12.79511,41.48881],[12.79493,41.48837],[12.79492,41.48834],[12.79479,41.48803],[12.79478,41.48801],[12.79463,41.48765],[12.79443,41.48717],[12.79425,41.48672],[12.79396,41.486],[12.79382,41.48566],[12.79363,41.48519],[12.79361,41.48514],[12.79333,41.48445],[12.79327,41.48431],[12.79315,41.48402],[12.79304,41.48373],[12.79292,41.48362],[12.79288,41.48357],[12.79285,41.48353],[12.79284,41.48347],[12.79284,41.48346],[12.79283,41.48346],[12.79282,41.48346],[12.79282,41.48345],[12.79281,41.48345],[12.7928,41.48344],[12.79279,41.48343],[12.79279,41.48342],[12.79278,41.48342],[12.79278,41.48341],[12.79277,41.4834],[12.79277,41.48339],[12.79277,41.48338],[12.79277,41.48337],[12.79277,41.48336],[12.79277,41.48335],[12.79277,41.48334],[12.79278,41.48333],[12.79278,41.48332],[12.79279,41.48332],[12.79279,41.48331],[12.7928,41.4833],[12.79281,41.48329],[12.79282,41.48329],[12.79282,41.48328],[12.79283,41.48328],[12.79284,41.48328],[12.79284,41.48327],[12.79285,41.48327],[12.79286,41.48327],[12.79287,41.48326],[12.79288,41.48326],[12.79289,41.48326],[12.7929,41.48326],[12.79291,41.48326],[12.79292,41.48326],[12.79293,41.48326],[12.79294,41.48326],[12.79295,41.48326],[12.79296,41.48326],[12.79296,41.48327],[12.79297,41.48327],[12.79298,41.48327],[12.79299,41.48327],[12.79299,41.48328],[12.79305,41.48326],[12.79309,41.48325],[12.79314,41.48324],[12.79327,41.48323],[12.79343,41.48314],[12.79359,41.48305],[12.7936,41.48304],[12.79457,41.4825],[12.79475,41.48239]]}},{"type":"Feature","properties":{"name":"Start","sym":"Flag, Green"},"geometry":{"type":"Point","coordinates":[12.8618,42.3994]}},{"type":"Feature","properties":{"name":"End","sym":"Flag, Red"},"geometry":{"type":"Point","coordinates":[12.79475,41.48239]}},{"type":"Feature","properties":{"_gpxType":"trk","name":"Terminillo","coordinateProperties":{}},"geometry":{"type":"LineString","coordinates":[[12.8618,42.3994],[12.86131,42.39944],[12.86129,42.39944],[12.86097,42.39946],[12.86077,42.39947],[12.86078,42.39935],[12.8612,42.39926],[12.8614,42.39923],[12.86167,42.39919],[12.86176,42.39917],[12.86186,42.39916],[12.86209,42.39912],[12.86223,42.39909],[12.86229,42.39908],[12.86236,42.39907],[12.86239,42.39906],[12.8624,42.39905],[12.86241,42.39905],[12.86243,42.39903],[12.86254,42.39904],[12.86259,42.39905],[12.8632,42.39901],[12.86425,42.39895],[12.86473,42.39892],[12.86484,42.39891],[12.86494,42.39891],[12.86502,42.39891],[12.86509,42.39892],[12.86518,42.39893],[12.86523,42.39895],[12.86528,42.39897],[12.86532,42.39898],[12.86535,42.399],[12.86543,42.39904],[12.86543,42.39903],[12.86544,42.39902],[12.86545,42.39902],[12.86545,42.39901],[12.86546,42.39901],[12.86547,42.39901],[12.86548,42.39901],[12.86549,42.39901],[12.8655,42.39901],[12.86551,42.39902],[12.86552,42.39902],[12.86552,42.39903],[12.86553,42.39904],[12.86553,42.39905],[12.86552,42.39906],[12.86552,42.39907],[12.86551,42.39907],[12.86551,42.39908],[12.8655,42.39908],[12.86549,42.39908],[12.86554,42.39914],[12.86564,42.39926],[12.8657,42.39935],[12.8658,42.3995],[12.86585,42.39964],[12.86585,42.39976],[12.86584,42.39984],[12.86579,42.4001],[12.86577,42.40021],[12.86576,42.40026],[12.86575,42.40036],[12.86575,42.40041],[12.86576,42.40045],[12.86576,42.40048],[12.86577,42.4005],[12.86577,42.40051],[12.86578,42.40053],[12.86578,42.40054],[12.86579,42.40055],[12.86581,42.40058],[12.86583,42.40061],[12.86587,42.40065],[12.86597,42.40074],[12.86601,42.40078],[12.86606,42.40082],[12.86629,42.40102],[12.86656,42.40121],[12.86679,42.40135],[12.86708,42.4015],[12.86744,42.40168],[12.86798,42.40195],[12.86806,42.40199],[12.8681,42.40201],[12.86814,42.40203],[12.86818,42.40204],[12.86821,42.40205],[12.86826,42.40206],[12.86829,42.40206],[12.86833,42.40207],[12.86837,42.40207],[12.86841,42.40207],[12.86846,42.40207],[12.8685,42.40207],[12.86854,42.40206],[12.86863,42.40205],[12.86871,42.40204],[12.86879,42.40203],[12.86888,42.40201],[12.86901,42.40198],[12.86914,42.40195],[12.86921,42.40193],[12.86933,42.4019],[12.86945,42.40187],[12.86956,42.40184],[12.86959,42.40183],[12.86961,42.40182],[12.86965,42.4018],[12.86974,42.40175],[12.86985,42.4017],[12.86989,42.40169],[12.86992,42.40168],[12.86995,42.40167],[12.86999,42.40166],[12.87006,42.40165],[12.87031,42.4017],[12.87036,42.40172],[12.87047,42.40175],[12.87049,42.40176],[12.87082,42.40203],[12.87098,42.40217],[12.87126,42.40242],[12.87163,42.40275],[12.87169,42.4028],[12.87173,42.40284],[12.87176,42.40288],[12.87179,42.40292],[12.87184,42.40299],[12.87186,42.40308],[12.87187,42.40312],[12.87187,42.40314],[12.87187,42.40316],[12.87188,42.4032],[12.87187,42.40326],[12.87187,42.40331],[12.87176,42.40385],[12.87171,42.4041],[12.87169,42.40419],[12.87168,42.40425],[12.87165,42.40445],[12.87161,42.40477],[12.87161,42.4048],[12.87155,42.40496],[12.87175,42.40499],[12.87182,42.40499],[12.87225,42.40507],[12.87275,42.40515],[12.87355,42.40528],[12.87384,42.40532],[12.8741,42.40537],[12.87433,42.40541],[12.87493,42.4055],[12.87592,42.40567],[12.87639,42.40576],[12.8767,42.40581],[12.87675,42.40582],[12.87702,42.40583],[12.87724,42.40584],[12.87742,42.40584],[12.87816,42.40587],[12.87858,42.40587],[12.87867,42.40606],[12.87872,42.40614],[12.87896,42.40635],[12.87904,42.40642],[12.87965,42.40691],[12.87977,42.40699],[12.88005,42.40719],[12.8801,42.40723],[12.88018,42.40729],[12.88098,42.40794],[12.88218,42.4089],[12.88246,42.40913],[12.88304,42.40959],[12.88362,42.41004],[12.88401,42.4103],[12.88409,42.41037],[12.88416,42.41044],[12.8843,42.41057],[12.88463,42.41085],[12.88485,42.41102],[12.88509,42.41123],[12.88532,42.41142],[12.88595,42.41193],[12.88599,42.41197],[12.88614,42.41209],[12.88615,42.4121],[12.88618,42.41213],[12.88624,42.41218],[12.88628,42.41221],[12.88635,42.41226],[12.88674,42.41257],[12.88755,42.4132],[12.88771,42.41332],[12.88795,42.41353],[12.88814,42.41367],[12.88822,42.41374],[12.88842,42.4139],[12.8897,42.41492],[12.89054,42.41558],[12.89083,42.41581],[12.891,42.41594],[12.89107,42.416],[12.8914,42.41627],[12.89255,42.41721],[12.89355,42.418],[12.8945,42.41875],[12.8952,42.41931],[12.89526,42.41935],[12.89552,42.41955],[12.89581,42.41979],[12.89636,42.42023],[12.89663,42.42042],[12.89676,42.42053],[12.8968,42.42055],[12.89697,42.42069],[12.89743,42.42106],[12.89796,42.42149],[12.89878,42.42215],[12.89954,42.42272],[12.90013,42.42313],[12.90031,42.42326],[12.90084,42.42363],[12.9013,42.42394],[12.90166,42.42418],[12.90239,42.42466],[12.90257,42.42477],[12.90275,42.42489],[12.9033,42.42525],[12.90336,42.42529],[12.90344,42.42534],[12.90389,42.42565],[12.9039,42.42566],[12.90402,42.4258],[12.90412,42.42591],[12.90417,42.42597],[12.90478,42.42678],[12.90498,42.42704],[12.90518,42.42728],[12.90536,42.42754],[12.9055,42.42772],[12.90614,42.42854],[12.90621,42.42861],[12.90647,42.429],[12.90657,42.42914],[12.90674,42.42936],[12.90743,42.43024],[12.90768,42.43056],[12.90784,42.43076],[12.90786,42.43079],[12.90819,42.43121],[12.90849,42.43161],[12.90875,42.43196],[12.90902,42.43231],[12.90908,42.43238],[12.90925,42.43262],[12.90937,42.43278],[12.90983,42.43334],[12.91055,42.43432],[12.91075,42.43458],[12.91077,42.43462],[12.9108,42.43466],[12.91097,42.4349],[12.911,42.43494],[12.91111,42.4351],[12.91112,42.4351],[12.91113,42.4351],[12.91114,42.4351],[12.91115,42.4351],[12.91116,42.4351],[12.91117,42.4351],[12.91117,42.43511],[12.91118,42.43511],[12.91119,42.43511],[12.91119,42.43512],[12.9112,42.43512],[12.9112,42.43513],[12.91121,42.43513],[12.91121,42.43514],[12.91121,42.43515],[12.91121,42.43516],[12.91121,42.43517],[12.9112,42.43517],[12.9112,42.43518],[12.91119,42.43518],[12.91119,42.43519],[12.91118,42.43519],[12.91117,42.43519],[12.91127,42.43543],[12.9113,42.43548],[12.9114,42.43571],[12.91159,42.43604],[12.91168,42.43615],[12.91228,42.43687],[12.91252,42.43711],[12.91256,42.43715],[12.91263,42.43723],[12.9128,42.43742],[12.91303,42.43768],[12.91311,42.43777],[12.91331,42.43801],[12.9135,42.43824],[12.9137,42.43859],[12.9138,42.43893],[12.91382,42.43898],[12.91387,42.43925],[12.91391,42.4395],[12.91394,42.43968],[12.91395,42.43973],[12.91397,42.43991],[12.9141,42.44055],[12.91417,42.44117],[12.91418,42.44125],[12.91419,42.4413],[12.9142,42.44134],[12.91425,42.44161],[12.91427,42.44168],[12.91428,42.44174],[12.91448,42.44212],[12.9146,42.44228],[12.9148,42.44253],[12.91497,42.44276],[12.91506,42.44287],[12.91514,42.44296],[12.91518,42.443],[12.91525,42.44308],[12.91549,42.44333],[12.91575,42.4436],[12.91584,42.44374],[12.91586,42.44379],[12.91589,42.44388],[12.91593,42.44404],[12.91602,42.44434],[12.91619,42.44474],[12.9165,42.44517],[12.91698,42.44583],[12.91706,42.44595],[12.91722,42.4462],[12.91736,42.44641],[12.91745,42.44655],[12.91746,42.4466],[12.9175,42.44673],[12.91751,42.44678],[12.91755,42.44705],[12.91767,42.44766],[12.91776,42.4482],[12.9178,42.44838],[12.91783,42.4485],[12.91784,42.44851],[12.91786,42.44861],[12.91794,42.44885],[12.91796,42.44892],[12.91797,42.44898],[12.918,42.4491],[12.91807,42.44936],[12.91807,42.4494],[12.91807,42.44945],[12.91803,42.44955],[12.91799,42.44961],[12.91785,42.44975],[12.91747,42.45018],[12.91743,42.45023],[12.91718,42.45059],[12.91709,42.45076],[12.91706,42.45086],[12.91701,42.45099],[12.917,42.45101],[12.91689,42.45131],[12.91683,42.45151],[12.91682,42.45177],[12.91682,42.45187],[12.91683,42.45192],[12.91686,42.45205],[12.91703,42.45264],[12.91704,42.45275],[12.91703,42.45282],[12.917,42.45292],[12.91694,42.45304],[12.91693,42.45311],[12.91692,42.45315],[12.91693,42.45325],[12.91694,42.45329],[12.91695,42.45334],[12.91699,42.45349],[12.91703,42.45359],[12.91704,42.45363],[12.91704,42.45367],[12.91702,42.45372],[12.91698,42.45376],[12.91692,42.4538],[12.91685,42.45384],[12.91671,42.45392],[12.91666,42.45398],[12.91662,42.45405],[12.9166,42.45412],[12.91659,42.45422],[12.91659,42.45423],[12.9166,42.45441],[12.91663,42.4549],[12.91664,42.45495],[12.91668,42.45531],[12.9167,42.45546],[12.91678,42.45595],[12.91678,42.45607],[12.91678,42.45618],[12.91672,42.45633],[12.9167,42.45637],[12.91666,42.45645],[12.91663,42.45654],[12.91662,42.45662],[12.91663,42.45668],[12.91665,42.45672],[12.91667,42.45676],[12.91673,42.45683],[12.91677,42.45687],[12.91696,42.45704],[12.91703,42.45712],[12.91706,42.45717],[12.91708,42.45723],[12.91713,42.45739],[12.91717,42.45771],[12.91719,42.45792],[12.91721,42.45806],[12.91721,42.45812],[12.91721,42.45823],[12.9172,42.45823],[12.91712,42.45841],[12.91694,42.45896],[12.91691,42.45906],[12.9169,42.45918],[12.91692,42.45928],[12.91693,42.45931],[12.917,42.45942],[12.91702,42.45944],[12.91711,42.45956],[12.91754,42.46006],[12.91767,42.46021],[12.91769,42.46024],[12.91777,42.46034],[12.91781,42.46042],[12.91783,42.4605],[12.91784,42.46054],[12.91784,42.46058],[12.91785,42.46093],[12.91787,42.46125],[12.91791,42.46158],[12.91793,42.46162],[12.91797,42.46179],[12.91799,42.46187],[12.91803,42.46197],[12.91805,42.46204],[12.91811,42.46217],[12.91818,42.46227],[12.9182,42.4623],[12.91829,42.46239],[12.91835,42.46244],[12.91851,42.46258],[12.91861,42.46267],[12.919,42.46298],[12.91911,42.46307],[12.91947,42.46339],[12.9195,42.46342],[12.91961,42.46354],[12.91964,42.46357],[12.91974,42.46369],[12.91984,42.4638],[12.92023,42.46438],[12.92041,42.46466],[12.92089,42.46532],[12.92098,42.46544],[12.92102,42.4655],[12.92112,42.4656],[12.92126,42.46571],[12.92193,42.46611],[12.92204,42.46618],[12.92223,42.46629],[12.92224,42.4663],[12.92236,42.4664],[12.92239,42.46643],[12.92248,42.46654],[12.92251,42.46659],[12.92257,42.46669],[12.92266,42.46691],[12.92272,42.46714],[12.92274,42.46728],[12.92276,42.46743],[12.92277,42.46746],[12.9228,42.4676],[12.92283,42.46769],[12.92291,42.46783],[12.92299,42.46793],[12.92301,42.46796],[12.92306,42.46803],[12.92315,42.46811],[12.92319,42.46815],[12.92332,42.46823],[12.92346,42.46831],[12.92367,42.4684],[12.92389,42.46849],[12.92461,42.46874],[12.92468,42.46877],[12.92482,42.46884],[12.92491,42.46889],[12.92503,42.46899],[12.92509,42.46908],[12.92512,42.46916],[12.92515,42.4693],[12.92518,42.4694],[12.9252,42.46947],[12.92521,42.46951],[12.92527,42.46964],[12.92538,42.46977],[12.9254,42.46979],[12.9255,42.46987],[12.92556,42.46993],[12.92573,42.47006],[12.92589,42.4702],[12.92612,42.47038],[12.92622,42.47045],[12.9263,42.47049],[12.92638,42.4705],[12.92645,42.47049],[12.9265,42.47049],[12.92652,42.47048],[12.92658,42.47045],[12.92663,42.47042],[12.92664,42.47039],[12.92664,42.47034],[12.92663,42.47028],[12.92657,42.47022],[12.92647,42.47012],[12.92609,42.46978],[12.92607,42.46976],[12.92594,42.46961],[12.92588,42.46948],[12.92587,42.46944],[12.92585,42.46937],[12.92583,42.46927],[12.92583,42.46926],[12.92583,42.46911],[12.92589,42.46873],[12.92588,42.46863],[12.92584,42.46853],[12.92576,42.46838],[12.92572,42.46832],[12.92565,42.46824],[12.92556,42.46814],[12.92546,42.46806],[12.92525,42.46794],[12.9251,42.46786],[12.92497,42.46779],[12.92477,42.46768],[12.92466,42.46761],[12.92458,42.46751],[12.92451,42.4674],[12.92448,42.46734],[12.92445,42.46726],[12.92442,42.46716],[12.92438,42.46703],[12.92438,42.46693],[12.92445,42.46661],[12.9245,42.46639],[12.92452,42.46626],[12.92453,42.46611],[12.92453,42.4659],[12.92451,42.46562],[12.92449,42.46541],[12.9245,42.46523],[12.92453,42.46511],[12.92456,42.46502],[12.92461,42.46486],[12.92462,42.46485],[12.92469,42.46468],[12.92471,42.46461],[12.92473,42.46454],[12.92473,42.46446],[12.92472,42.46436],[12.92467,42.46427],[12.92455,42.46403],[12.92453,42.46398],[12.92441,42.46369],[12.92428,42.46336],[12.92417,42.46304],[12.92414,42.46292],[12.92414,42.46282],[12.92415,42.46271],[12.92421,42.46254],[12.92422,42.46244],[12.92422,42.46241],[12.92422,42.46233],[12.92421,42.46221],[12.92419,42.46215],[12.92414,42.46209],[12.92394,42.46194],[12.92392,42.46192],[12.92376,42.46182],[12.92357,42.4617],[12.92339,42.46159],[12.9232,42.46147],[12.92304,42.46137],[12.92301,42.46136],[12.92282,42.46125],[12.92272,42.4612],[12.92243,42.46106],[12.92241,42.46105],[12.92238,42.46102],[12.92236,42.461],[12.92236,42.46097],[12.92236,42.46093],[12.92238,42.46089],[12.9224,42.46086],[12.92243,42.46083],[12.92247,42.46082],[12.92252,42.46081],[12.92257,42.4608],[12.92259,42.4608],[12.92262,42.4608],[12.9227,42.46082],[12.92278,42.46087],[12.9228,42.46088],[12.92298,42.46101],[12.92316,42.46113],[12.92324,42.46119],[12.92334,42.46125],[12.92343,42.46131],[12.92352,42.46137],[12.92356,42.46139],[12.92372,42.46147],[12.92387,42.46153],[12.92394,42.46154],[12.92401,42.46156],[12.92416,42.46158],[12.92418,42.46158],[12.92436,42.4616],[12.92442,42.46161],[12.92449,42.46163],[12.9246,42.46167],[12.92468,42.46173],[12.92474,42.4618],[12.92476,42.46184],[12.92482,42.46195],[12.92485,42.46201],[12.92488,42.46209],[12.9249,42.46219],[12.92491,42.46224],[12.92495,42.46236],[12.925,42.46251],[12.92502,42.46254],[12.9251,42.46268],[12.92512,42.4627],[12.92522,42.46284],[12.92524,42.46286],[12.92537,42.46301],[12.92543,42.46307],[12.92552,42.46315],[12.9256,42.46322],[12.92569,42.46328],[12.9258,42.46335],[12.92609,42.46348],[12.92629,42.46359],[12.9264,42.46365],[12.92648,42.4637],[12.92654,42.46374],[12.92664,42.46383],[12.92673,42.46394],[12.92676,42.46399],[12.92678,42.46404],[12.92681,42.46416],[12.92683,42.4643],[12.92682,42.46434],[12.92682,42.4645],[12.92678,42.4647],[12.92678,42.46471],[12.92671,42.46488],[12.9267,42.46492],[12.92666,42.46505],[12.92665,42.46507],[12.92664,42.4652],[12.92664,42.46523],[12.92664,42.4653],[12.92667,42.46541],[12.92667,42.46544],[12.92672,42.46556],[12.92673,42.46558],[12.92679,42.46574],[12.92679,42.46575],[12.92685,42.46586],[12.92688,42.46592],[12.92691,42.46596],[12.92701,42.46608],[12.92705,42.46613],[12.92716,42.46622],[12.92718,42.46623],[12.92733,42.46634],[12.92734,42.46635],[12.92753,42.46645],[12.92757,42.46647],[12.92774,42.46654],[12.92784,42.46659],[12.92794,42.46664],[12.92815,42.46673],[12.92836,42.46683],[12.92856,42.46693],[12.92877,42.46702],[12.92918,42.46721],[12.92933,42.46728],[12.92939,42.46731],[12.92959,42.46741],[12.92962,42.46743],[12.92975,42.46752],[12.92976,42.46753],[12.92982,42.46762],[12.92985,42.4677],[12.9299,42.46782],[12.92992,42.46787],[12.92996,42.46802],[12.92997,42.46805],[12.93003,42.46817],[12.93006,42.46822],[12.93016,42.46838],[12.93025,42.46854],[12.93026,42.46855],[12.93037,42.46871],[12.9304,42.46875],[12.93049,42.46886],[12.9305,42.46887],[12.93063,42.46901],[12.93065,42.46902],[12.9308,42.46914],[12.93096,42.46927],[12.93107,42.46935],[12.93113,42.4694],[12.93148,42.46965],[12.93166,42.46978],[12.93201,42.47003],[12.9321,42.4701],[12.93219,42.47015],[12.93239,42.47025],[12.93246,42.47029],[12.93259,42.47035],[12.93278,42.47044],[12.9328,42.47044],[12.93312,42.47056],[12.93347,42.47067],[12.93368,42.47075],[12.93372,42.47077],[12.9339,42.47083],[12.93391,42.47083],[12.93413,42.4709],[12.93417,42.47091],[12.93449,42.47097],[12.9346,42.47099],[12.93499,42.47105],[12.93532,42.47108],[12.93556,42.47111],[12.93566,42.47112],[12.9358,42.47112],[12.93583,42.47112],[12.93594,42.4711],[12.93603,42.47107],[12.93606,42.47106],[12.93622,42.47098],[12.93624,42.47097],[12.93643,42.47086],[12.93658,42.47077],[12.93661,42.47074],[12.93679,42.47062],[12.93696,42.47049],[12.93712,42.47038],[12.93714,42.47037],[12.93744,42.47013],[12.93763,42.46997],[12.93785,42.46978],[12.93789,42.46972],[12.93792,42.46968],[12.93794,42.46963],[12.93797,42.46952],[12.93799,42.46942],[12.93798,42.4693],[12.93796,42.46915],[12.93795,42.46907],[12.93794,42.46903],[12.93763,42.46803],[12.93748,42.46761],[12.93736,42.46722],[12.93734,42.46714],[12.93731,42.46696],[12.93724,42.46656],[12.9372,42.46625],[12.93714,42.46571],[12.93714,42.4657],[12.93713,42.46553],[12.93712,42.46536],[12.9371,42.46477],[12.93707,42.46427],[12.93706,42.46409],[12.93703,42.46355],[12.93702,42.4634],[12.93699,42.46308],[12.93698,42.46297],[12.93702,42.46276],[12.93707,42.46247],[12.93708,42.46239],[12.93713,42.46216],[12.93723,42.46187],[12.93725,42.46177],[12.93731,42.46159],[12.93732,42.46158],[12.93738,42.46148],[12.93741,42.46143],[12.93747,42.46135],[12.93755,42.46127],[12.93757,42.46126],[12.93765,42.46119],[12.93771,42.46116],[12.93773,42.46115],[12.93775,42.46113],[12.93788,42.46107],[12.93797,42.46104],[12.93814,42.46099],[12.93816,42.46099],[12.93882,42.46081],[12.93904,42.46073],[12.93923,42.46061],[12.93934,42.46045],[12.93985,42.45974],[12.93989,42.45965],[12.9399,42.45964],[12.9399,42.45957],[12.93986,42.45949],[12.93984,42.45948],[12.93958,42.45918],[12.93955,42.45915],[12.93943,42.45898],[12.93931,42.4588],[12.93921,42.45858],[12.9392,42.45852],[12.93916,42.45834],[12.93917,42.45805],[12.93918,42.45795],[12.9392,42.45788],[12.93922,42.45781],[12.93926,42.4577],[12.93931,42.45753],[12.93947,42.45728],[12.93963,42.45704],[12.93968,42.45698],[12.93971,42.45693],[12.93982,42.45681],[12.93989,42.45676],[12.93991,42.45675],[12.93996,42.45673],[12.94004,42.45672],[12.94013,42.45672],[12.94014,42.45672],[12.94023,42.45675],[12.94028,42.45676],[12.9404,42.45682],[12.9405,42.4569],[12.94072,42.45716],[12.94092,42.45743],[12.94097,42.45757],[12.94099,42.45762],[12.94099,42.45764],[12.941,42.45775],[12.94103,42.45797],[12.94105,42.45814],[12.94109,42.45821],[12.94115,42.45826],[12.94117,42.45828],[12.94123,42.4583],[12.94125,42.45831],[12.94143,42.45836],[12.94159,42.4584],[12.94191,42.45837],[12.94255,42.45818],[12.94317,42.45794],[12.94338,42.45785],[12.94358,42.45775],[12.94384,42.45761],[12.94414,42.45751],[12.94439,42.45744],[12.94564,42.45721],[12.94588,42.45716],[12.946,42.45713],[12.94608,42.4571],[12.94609,42.4571],[12.94615,42.45706],[12.94619,42.45701],[12.94624,42.45696],[12.94636,42.4568],[12.94642,42.45673],[12.94648,42.45668],[12.94652,42.45666],[12.94654,42.45665],[12.94663,42.45663],[12.94673,42.45662],[12.94684,42.45663],[12.94693,42.45664],[12.94708,42.4567],[12.94719,42.45676],[12.94739,42.45686],[12.94767,42.457],[12.94791,42.45711],[12.9481,42.45717],[12.94828,42.45722],[12.94859,42.45729],[12.94894,42.45737],[12.94918,42.4574],[12.9492,42.45741],[12.94933,42.45742],[12.94941,42.45742],[12.94949,42.45741],[12.94956,42.45739],[12.94963,42.45735],[12.9497,42.45729],[12.94975,42.4572],[12.94984,42.45696],[12.94989,42.45685],[12.94997,42.45666],[12.95006,42.45642],[12.95015,42.45628],[12.95023,42.45618],[12.95024,42.45618],[12.9503,42.45612],[12.95038,42.45608],[12.95041,42.45606],[12.95047,42.45602],[12.95059,42.45598],[12.95073,42.45595],[12.95086,42.45593],[12.951,42.45592],[12.95136,42.45591],[12.95158,42.45591],[12.9516,42.45591],[12.95176,42.4559],[12.95184,42.45589],[12.95191,42.45588],[12.95205,42.45585],[12.95207,42.45584],[12.95217,42.4558],[12.95227,42.45574],[12.95228,42.45573],[12.95239,42.45568],[12.95249,42.45563],[12.95255,42.45561],[12.95262,42.4556],[12.95265,42.45561],[12.95268,42.45561],[12.95272,42.45561],[12.95278,42.45563],[12.95281,42.45565],[12.95284,42.45568],[12.95285,42.45569],[12.95287,42.45572],[12.95287,42.45576],[12.95286,42.4558],[12.95285,42.45583],[12.95283,42.45586],[12.95281,42.45587],[12.95279,42.45588],[12.95277,42.4559],[12.95268,42.45592],[12.95257,42.45593],[12.95232,42.45595],[12.95226,42.45596],[12.95208,42.45598],[12.95199,42.45599],[12.95184,42.45602],[12.95137,42.45611],[12.95132,42.45612],[12.95113,42.45616],[12.95108,42.45617],[12.95094,42.45621],[12.95084,42.45625],[12.95074,42.45631],[12.95067,42.45638],[12.95062,42.45646],[12.95058,42.45654],[12.95055,42.45662],[12.95055,42.45671],[12.95056,42.45699],[12.95061,42.45737],[12.95068,42.45765],[12.95074,42.45782],[12.95075,42.45791],[12.95075,42.45799],[12.95071,42.45806],[12.95066,42.45812],[12.95059,42.45817],[12.95052,42.4582],[12.95051,42.45821],[12.95043,42.45824],[12.95034,42.45827],[12.9503,42.45828],[12.95024,42.45829],[12.95007,42.45832],[12.94982,42.45835],[12.94948,42.45838],[12.94934,42.45838],[12.94868,42.45838],[12.94861,42.45839],[12.94857,42.45839],[12.94851,42.4584],[12.94842,42.45841],[12.94832,42.45844],[12.94826,42.45847],[12.94818,42.45852],[12.94806,42.45862],[12.9479,42.45879],[12.94788,42.45881],[12.9478,42.45889],[12.94775,42.45897],[12.94774,42.45898],[12.9477,42.45905],[12.94767,42.45912],[12.94764,42.45921],[12.94762,42.45929],[12.9476,42.45939],[12.94756,42.45948],[12.9475,42.45957],[12.94741,42.45968],[12.94725,42.45985],[12.94711,42.46006],[12.94693,42.46036],[12.94685,42.46055],[12.94682,42.46066],[12.94682,42.46079],[12.94682,42.4608],[12.94684,42.46086],[12.94686,42.46092],[12.94692,42.461],[12.94725,42.46144],[12.94737,42.46159],[12.94748,42.46174],[12.94748,42.46175],[12.94754,42.46188],[12.94756,42.46192],[12.9476,42.46205],[12.94763,42.46209],[12.94764,42.46211],[12.9477,42.46215],[12.94774,42.46217],[12.94779,42.46218],[12.94785,42.46218],[12.9479,42.46218],[12.94795,42.46217],[12.94798,42.46214],[12.94799,42.46212],[12.948,42.46209],[12.948,42.46206],[12.94799,42.46203],[12.94795,42.46195],[12.94771,42.4617],[12.9476,42.46158],[12.94758,42.46156],[12.94757,42.46155],[12.94752,42.46146],[12.94748,42.46136],[12.94744,42.46121],[12.94743,42.46111],[12.94744,42.46103],[12.94744,42.461],[12.94747,42.4609],[12.94747,42.46089],[12.94749,42.46085],[12.94752,42.4608],[12.94757,42.46071],[12.94766,42.46061],[12.94776,42.46053],[12.94807,42.46029],[12.94826,42.46017],[12.94837,42.4601],[12.94844,42.46005],[12.9486,42.45996],[12.94864,42.45994],[12.9487,42.45991],[12.94884,42.45983],[12.94895,42.45979],[12.94904,42.45975],[12.94913,42.45973],[12.94926,42.45971],[12.9494,42.4597],[12.94966,42.45969],[12.95075,42.45964],[12.95131,42.45958],[12.95152,42.45956],[12.95166,42.45955],[12.95171,42.45955],[12.95193,42.45954],[12.95223,42.45951],[12.9525,42.45948],[12.95269,42.45944],[12.95279,42.4594],[12.95287,42.45936],[12.95288,42.45935],[12.95294,42.45931],[12.95301,42.45926],[12.95302,42.45925],[12.95304,42.45922],[12.95306,42.45919],[12.95309,42.45914],[12.95314,42.45902],[12.95318,42.45891],[12.95321,42.45882],[12.95324,42.45877],[12.95329,42.45871],[12.95333,42.45867],[12.9534,42.45863],[12.95344,42.45862],[12.95351,42.4586],[12.95358,42.45859],[12.95369,42.45858],[12.95377,42.45858],[12.95393,42.45858],[12.9542,42.45861],[12.95442,42.45863],[12.95444,42.45863],[12.95466,42.45865],[12.95482,42.45865],[12.95496,42.45864],[12.95509,42.45862],[12.9552,42.4586],[12.95528,42.45856],[12.95537,42.45851],[12.95538,42.4585],[12.95545,42.45845],[12.95556,42.45833],[12.95562,42.45825],[12.95566,42.45822],[12.95571,42.45816],[12.95581,42.45809],[12.95582,42.45808],[12.9559,42.45803],[12.95597,42.45799],[12.95613,42.45791],[12.95668,42.45764],[12.95673,42.45762],[12.95678,42.45759],[12.95682,42.45757],[12.95701,42.45748],[12.95726,42.45737],[12.95737,42.45733],[12.95747,42.45731],[12.95762,42.45729],[12.95794,42.45726],[12.95814,42.45724],[12.95818,42.45724],[12.95819,42.45724],[12.95838,42.45723],[12.95906,42.45719],[12.95927,42.45718],[12.95968,42.45713],[12.95988,42.4571],[12.96007,42.45707],[12.96042,42.457],[12.96148,42.45671],[12.96173,42.45662],[12.96189,42.45655],[12.962,42.45648],[12.96201,42.45648],[12.96211,42.4564],[12.96216,42.45635],[12.96218,42.45633],[12.96225,42.45623],[12.96234,42.45608],[12.96244,42.45593],[12.96249,42.45587],[12.96254,42.4558],[12.96262,42.45571],[12.96269,42.45564],[12.9629,42.45545],[12.96308,42.4553],[12.96313,42.45526],[12.96325,42.45517],[12.96346,42.45501],[12.96369,42.45483],[12.96391,42.45468],[12.96406,42.4546],[12.96417,42.45454],[12.96428,42.45451],[12.9645,42.45445],[12.96472,42.45439],[12.96496,42.4543],[12.96536,42.45415],[12.96549,42.45411],[12.96564,42.45408],[12.96581,42.45408],[12.96595,42.45409],[12.96607,42.45411],[12.9662,42.45415],[12.96638,42.45423],[12.96674,42.45443],[12.96697,42.45458],[12.96713,42.45467],[12.96729,42.45475],[12.96756,42.45484],[12.96769,42.45489],[12.96783,42.45492],[12.96803,42.45496],[12.9686,42.45504],[12.96876,42.45508],[12.96885,42.4551],[12.96902,42.45515],[12.96913,42.45518],[12.9694,42.45521],[12.96967,42.45521],[12.96983,42.45521],[12.97009,42.4552],[12.97045,42.45519],[12.97078,42.45518],[12.9708,42.45518],[12.97096,42.45518],[12.97105,42.45517],[12.97111,42.45517],[12.97123,42.45514],[12.97134,42.4551],[12.97148,42.45502],[12.9716,42.45493],[12.97174,42.45482],[12.97197,42.45462],[12.97201,42.45458],[12.97211,42.45446],[12.97215,42.45441],[12.97217,42.45434],[12.97217,42.4543],[12.97217,42.45426],[12.97214,42.45417],[12.97212,42.45409],[12.97205,42.45392],[12.97202,42.4538],[12.97202,42.45372],[12.97202,42.45362],[12.97202,42.4536],[12.97205,42.45349],[12.97213,42.4533],[12.97233,42.45283],[12.97238,42.45274],[12.97241,42.45269],[12.97246,42.45261],[12.97249,42.45258],[12.9725,42.45256],[12.97255,42.45252],[12.97261,42.45248],[12.97269,42.45244],[12.97276,42.45242],[12.97287,42.45241],[12.97296,42.4524],[12.97305,42.45241],[12.97314,42.45243],[12.97352,42.45259],[12.97387,42.45272],[12.97417,42.4528],[12.97432,42.45287],[12.97442,42.45291],[12.97457,42.45301],[12.97476,42.45319],[12.97485,42.45326],[12.97492,42.45331],[12.97497,42.45334],[12.97501,42.45336],[12.97507,42.45339],[12.97509,42.4534],[12.97522,42.45344],[12.97539,42.45348],[12.97567,42.45354],[12.97585,42.4536],[12.9761,42.45369],[12.97636,42.45379],[12.9766,42.45392],[12.97665,42.45396],[12.97678,42.45405],[12.97697,42.45421],[12.97713,42.45435],[12.97734,42.45458],[12.97738,42.45462],[12.97741,42.45466],[12.97761,42.45489],[12.97776,42.45515],[12.9778,42.45524],[12.97784,42.45533],[12.97783,42.45534],[12.97792,42.45596],[12.97795,42.45614],[12.97795,42.45616],[12.978,42.4563],[12.978,42.45632],[12.97804,42.45641],[12.97809,42.45649],[12.97763,42.45677],[12.97809,42.45649],[12.97817,42.45657],[12.97827,42.45666],[12.97833,42.4567],[12.97841,42.45674],[12.97863,42.45684],[12.97891,42.45695],[12.97896,42.45697],[12.97949,42.45717],[12.97955,42.4572],[12.97963,42.45721],[12.97968,42.45722],[12.97975,42.45722],[12.9798,42.45722],[12.9799,42.45719],[12.97995,42.45717],[12.97998,42.45716],[12.98004,42.45713],[12.98014,42.45706],[12.9805,42.45683],[12.9806,42.45675],[12.98065,42.45669],[12.98066,42.45668],[12.98069,42.45663],[12.98077,42.45649],[12.98082,42.45642],[12.98089,42.45635],[12.98095,42.45631],[12.98107,42.45625],[12.98127,42.45615],[12.98132,42.45613],[12.98148,42.45603],[12.98158,42.45596],[12.98165,42.45588],[12.98167,42.45584],[12.98168,42.4558],[12.98167,42.45574],[12.98156,42.45539],[12.98156,42.4553],[12.98157,42.45525],[12.98159,42.4552],[12.98163,42.45516],[12.98168,42.45512],[12.98174,42.45511],[12.9818,42.4551],[12.98183,42.4551],[12.98192,42.45512],[12.98201,42.45513],[12.98204,42.45514],[12.98216,42.45515],[12.98219,42.45516],[12.98227,42.45516],[12.98235,42.45516],[12.9824,42.45515],[12.98243,42.45515],[12.98252,42.45513],[12.98253,42.45513],[12.98261,42.45511],[12.98264,42.4551],[12.98272,42.45508],[12.98275,42.45507],[12.98279,42.45505],[12.98287,42.45504],[12.98296,42.45502],[12.98309,42.455],[12.9831,42.455],[12.98318,42.455],[12.98319,42.455],[12.98323,42.455],[12.98329,42.455],[12.98335,42.455],[12.98337,42.455],[12.98346,42.45501],[12.98367,42.45503],[12.98378,42.45505],[12.98389,42.45508],[12.98406,42.45514],[12.98448,42.45532],[12.98464,42.45537],[12.98476,42.45539],[12.98482,42.45539],[12.98486,42.4554],[12.98498,42.45539],[12.98508,42.45538],[12.98517,42.45537],[12.98527,42.45535],[12.98543,42.45531],[12.9856,42.45525],[12.98574,42.45518],[12.98582,42.45513],[12.98589,42.45508],[12.98599,42.45499],[12.98604,42.45495],[12.98607,42.45492],[12.98618,42.45481],[12.98626,42.45472],[12.98644,42.45449],[12.98646,42.45447],[12.98651,42.45439],[12.98669,42.45413],[12.98689,42.4538],[12.98693,42.45374],[12.98696,42.4537],[12.98697,42.45368],[12.98699,42.45366],[12.98705,42.45357],[12.98727,42.45327],[12.98742,42.45309],[12.98751,42.45298],[12.98752,42.45278],[12.98751,42.45277],[12.9875,42.45276],[12.9875,42.45275],[12.98749,42.45275],[12.98748,42.45274],[12.98748,42.45273],[12.98748,42.45272],[12.98747,42.45271],[12.98747,42.4527],[12.98747,42.45269],[12.98746,42.45268],[12.98746,42.45267],[12.98747,42.45266],[12.98747,42.45265],[12.98747,42.45264],[12.98747,42.45263],[12.98748,42.45262],[12.98748,42.45261],[12.98749,42.4526],[12.9875,42.45259],[12.98751,42.45258],[12.98752,42.45257],[12.98753,42.45256],[12.98754,42.45255],[12.98755,42.45255],[12.98756,42.45254],[12.98758,42.45253],[12.98759,42.45253],[12.9876,42.45252],[12.98763,42.45252],[12.98765,42.45252],[12.98766,42.45252],[12.98768,42.45252],[12.98769,42.45252],[12.98771,42.45252],[12.98772,42.45252],[12.98774,42.45252],[12.98775,42.45252],[12.98776,42.45253],[12.98778,42.45253],[12.98779,42.45254],[12.9878,42.45255],[12.98781,42.45255],[12.98782,42.45256],[12.98783,42.45257],[12.98785,42.45258],[12.98785,42.45259],[12.98786,42.4526],[12.98787,42.45261],[12.98788,42.45262],[12.98788,42.45263],[12.98788,42.45264],[12.98789,42.45265],[12.98789,42.45266],[12.98789,42.45267],[12.98789,42.45268],[12.98789,42.45269],[12.98789,42.4527],[12.98788,42.45271],[12.98788,42.45272],[12.98787,42.45273],[12.98787,42.45274],[12.98812,42.45283],[12.98817,42.45285],[12.98821,42.45286],[12.98849,42.45297],[12.98889,42.45318],[12.98891,42.4532],[12.98895,42.45326],[12.98895,42.45333],[12.98894,42.45336],[12.98891,42.45345],[12.98884,42.45359],[12.98884,42.45362],[12.98883,42.45365],[12.98884,42.45369],[12.98884,42.45372],[12.98885,42.45376],[12.98888,42.45379],[12.98889,42.4538],[12.98909,42.45398],[12.98917,42.45407],[12.98933,42.45431],[12.98947,42.45456],[12.98947,42.45457],[12.98948,42.45459],[12.98949,42.45462],[12.9895,42.45467],[12.98949,42.45471],[12.98931,42.45514],[12.98928,42.45522],[12.98927,42.45526],[12.98928,42.45532],[12.98931,42.45536],[12.98936,42.45541],[12.9894,42.45544],[12.98947,42.45547],[12.98957,42.4555],[12.98972,42.45556],[12.9899,42.4556],[12.99004,42.45564],[12.99015,42.45565],[12.99017,42.45565],[12.99038,42.45565],[12.99068,42.45562],[12.99082,42.45561],[12.99095,42.45562],[12.99108,42.45564],[12.99118,42.45567],[12.99119,42.45567],[12.99125,42.45571],[12.99132,42.45576],[12.99138,42.45581],[12.99146,42.4559],[12.99147,42.45591],[12.99154,42.45602],[12.9915,42.45619],[12.9914,42.4566],[12.99138,42.45665],[12.99135,42.45672],[12.99134,42.45673],[12.9913,42.4568],[12.9913,42.45681],[12.99129,42.45682],[12.99125,42.45688],[12.99121,42.45695],[12.99119,42.45697],[12.99104,42.45715],[12.99099,42.45719],[12.99086,42.4573],[12.99083,42.45732],[12.99072,42.45738],[12.99063,42.45743],[12.99052,42.45749],[12.99044,42.45754],[12.99037,42.45759],[12.99036,42.4576],[12.99025,42.45775],[12.99018,42.45784],[12.9901,42.45797],[12.99008,42.45801],[12.99004,42.45811],[12.99002,42.45818],[12.99,42.45823],[12.98999,42.45835],[12.98998,42.45843],[12.98999,42.45851],[12.98999,42.45854],[12.99005,42.45881],[12.99006,42.45884],[12.99006,42.45889],[12.9901,42.45916],[12.99011,42.4595],[12.99011,42.45953],[12.9901,42.45961],[12.9901,42.4597],[12.99009,42.45978],[12.99009,42.45979],[12.99007,42.45989],[12.99005,42.46006],[12.99005,42.46007],[12.99004,42.46015],[12.99004,42.46016],[12.99005,42.46019],[12.99006,42.4602],[12.99007,42.46022],[12.99007,42.46023],[12.99008,42.46024],[12.99009,42.46024],[12.99011,42.46025],[12.99017,42.46028],[12.99018,42.46028],[12.99029,42.46032],[12.99042,42.46035],[12.99068,42.46041],[12.99091,42.46046],[12.99109,42.4605],[12.99127,42.46052],[12.99145,42.46054],[12.9917,42.46055],[12.99191,42.46058],[12.99207,42.4606],[12.99223,42.46063],[12.99241,42.46066],[12.99256,42.4607],[12.9927,42.46075],[12.99286,42.46082],[12.99325,42.46101],[12.99342,42.46109],[12.99346,42.4611],[12.99351,42.46111],[12.9936,42.46113],[12.9937,42.46115],[12.99388,42.46115],[12.9939,42.46116],[12.99396,42.46116],[12.99412,42.46116],[12.9944,42.46118],[12.9947,42.46118],[12.99485,42.46119],[12.99489,42.46119],[12.99493,42.4612],[12.99498,42.46121],[12.99503,42.46122],[12.99504,42.46122],[12.9951,42.46127],[12.99512,42.46129],[12.99514,42.46131],[12.99517,42.46137],[12.99518,42.4614],[12.99519,42.46146],[12.99521,42.46153],[12.99523,42.46164],[12.99525,42.46173],[12.99528,42.46183],[12.99538,42.4621],[12.99548,42.46233],[12.99553,42.46245],[12.99556,42.46251],[12.9956,42.46259],[12.99561,42.4626],[12.99563,42.46261],[12.99569,42.46264],[12.99568,42.46267],[12.99569,42.46268],[12.99569,42.4627],[12.9957,42.4627],[12.99581,42.46279],[12.99586,42.46284],[12.99598,42.46292],[12.99616,42.46305],[12.99618,42.46306],[12.99633,42.46317],[12.99644,42.46326],[12.99646,42.46327],[12.9965,42.4633],[12.99652,42.46333],[12.99659,42.4634],[12.99663,42.46346],[12.99667,42.46353],[12.99669,42.46361],[12.99669,42.46363],[12.9967,42.46371],[12.99671,42.46381],[12.99671,42.46387],[12.99672,42.46393],[12.99672,42.46398],[12.99673,42.46411],[12.99673,42.46414],[12.99674,42.46416],[12.99677,42.46432],[12.99681,42.46446],[12.99682,42.46447],[12.9969,42.46464],[12.99693,42.46468],[12.99701,42.46481],[12.99713,42.46496],[12.99731,42.46513],[12.99731,42.46514],[12.99767,42.46539],[12.99779,42.46547],[12.99785,42.46551],[12.99808,42.46566],[12.99835,42.46581],[12.99841,42.46585],[12.99861,42.46596],[12.99879,42.46605],[12.99903,42.46614],[12.99905,42.46615],[12.99918,42.46619],[12.99936,42.46624],[12.99942,42.46625],[12.99948,42.46626],[12.99954,42.46627],[12.99962,42.46629],[12.99988,42.46632],[12.99997,42.46634],[13.0001,42.46634],[13.00013,42.46634],[13.00033,42.46635],[13.00037,42.46635],[13.00061,42.46635],[13.00073,42.46635],[13.00086,42.46634],[13.0011,42.46633],[13.00111,42.46633],[13.0013,42.46634],[13.00134,42.46635],[13.00145,42.46636],[13.00158,42.46639],[13.0016,42.46639],[13.0018,42.46646],[13.00202,42.46654],[13.00207,42.46656],[13.00224,42.46662],[13.00246,42.4667],[13.00255,42.46673],[13.00268,42.46677],[13.00291,42.46684],[13.00306,42.46688],[13.0033,42.46692],[13.00334,42.46693],[13.00354,42.46694],[13.00366,42.46694],[13.00378,42.46695],[13.00385,42.46695],[13.00393,42.46697],[13.00402,42.46699],[13.00403,42.467],[13.00421,42.4671],[13.00425,42.46713],[13.00452,42.4673],[13.00458,42.46734],[13.0046,42.46735],[13.00474,42.46744],[13.00477,42.46745],[13.00492,42.46753],[13.00497,42.46755],[13.00519,42.46763],[13.00521,42.46763],[13.00542,42.46769],[13.00565,42.46775],[13.0058,42.46778],[13.00631,42.4679],[13.00669,42.468],[13.00681,42.46801],[13.00684,42.46802],[13.00705,42.46805],[13.00708,42.46805],[13.00738,42.46807],[13.00754,42.46808],[13.00777,42.46809],[13.00799,42.46811],[13.00802,42.46812],[13.00805,42.46813],[13.00822,42.46817],[13.00869,42.46831],[13.0087,42.46832],[13.00873,42.46832],[13.00886,42.46836],[13.00898,42.46841],[13.00905,42.46845],[13.00912,42.46848],[13.00917,42.46853],[13.00922,42.46857],[13.00926,42.46862],[13.00928,42.46866],[13.0093,42.46873],[13.00929,42.46882],[13.00928,42.46896],[13.00925,42.46917],[13.00924,42.46919],[13.00925,42.46927],[13.00926,42.46932],[13.00928,42.46935],[13.0093,42.46936],[13.00935,42.4694],[13.0094,42.46941],[13.00945,42.46941],[13.00952,42.4694],[13.00952,42.46939],[13.00957,42.46937],[13.00963,42.46933],[13.00968,42.46929],[13.0097,42.46927],[13.00992,42.46908],[13.01,42.46903],[13.01001,42.46902],[13.01004,42.46901],[13.01005,42.46901],[13.01013,42.469],[13.01014,42.469],[13.01023,42.46901],[13.01024,42.46902],[13.01025,42.46902],[13.01027,42.46902],[13.01046,42.4691],[13.01047,42.4691],[13.0106,42.46918],[13.01074,42.46928],[13.01081,42.46935],[13.01083,42.46936],[13.01086,42.46939],[13.01093,42.46944],[13.01097,42.46946],[13.011,42.46946],[13.01102,42.46947],[13.01103,42.46947],[13.01108,42.46947],[13.01111,42.46946],[13.01115,42.46945],[13.01128,42.46941],[13.01144,42.46934],[13.01149,42.46933],[13.01159,42.46929],[13.01161,42.46929],[13.01169,42.46929],[13.0118,42.4693],[13.0119,42.46933],[13.01192,42.46945],[13.01192,42.46951],[13.01191,42.46954],[13.01188,42.46962],[13.0118,42.46972],[13.01167,42.46982],[13.01163,42.46984],[13.01158,42.46987],[13.01148,42.46992],[13.01143,42.46994],[13.01127,42.47],[13.01112,42.47005],[13.01092,42.47016],[13.01086,42.47019],[13.01077,42.47026],[13.01062,42.47041],[13.01049,42.47053],[13.01035,42.47058],[13.01029,42.47059],[13.01015,42.47063],[13.01008,42.47065],[13.00987,42.4707],[13.00977,42.47074],[13.0097,42.47079],[13.00969,42.4708],[13.00968,42.47082],[13.00966,42.47086],[13.00965,42.47092],[13.00965,42.47095],[13.00966,42.47099],[13.00968,42.47104],[13.0097,42.47107],[13.00974,42.4711],[13.00981,42.47114],[13.00987,42.47116],[13.00992,42.47117],[13.01004,42.47117],[13.01021,42.47116],[13.01024,42.47116],[13.01029,42.47115],[13.01034,42.47115],[13.01048,42.47113],[13.01052,42.47113],[13.01059,42.47111],[13.01068,42.47109],[13.01077,42.47106],[13.01086,42.47101],[13.01095,42.47095],[13.01105,42.47087],[13.01106,42.47086],[13.01107,42.47084],[13.01118,42.47072],[13.01128,42.47063],[13.01134,42.47059],[13.01135,42.47059],[13.01138,42.47058],[13.01139,42.47058],[13.01142,42.47057],[13.01145,42.47056],[13.01149,42.47056],[13.01154,42.47056],[13.01158,42.47057],[13.01162,42.47059],[13.01165,42.4706],[13.01169,42.47062],[13.01173,42.47066],[13.01176,42.47069],[13.01176,42.47072],[13.01177,42.47075],[13.01177,42.4708],[13.01175,42.47084],[13.01172,42.47087],[13.01169,42.47089],[13.01164,42.47091],[13.01152,42.47096],[13.01133,42.47103],[13.0113,42.47104],[13.01117,42.4711],[13.01113,42.47112],[13.0111,42.47113],[13.01093,42.47123],[13.0109,42.47124],[13.01041,42.47151],[13.01,42.47176],[13.00997,42.47178],[13.00981,42.47185],[13.00976,42.47187],[13.0096,42.47192],[13.00941,42.47195],[13.00911,42.47195],[13.0091,42.47195],[13.00905,42.47195],[13.00886,42.47196],[13.00877,42.47197],[13.0083,42.47206],[13.00797,42.47214],[13.00775,42.4722],[13.00757,42.47227],[13.00751,42.47228],[13.0075,42.47229],[13.00746,42.47231],[13.00731,42.47238],[13.00711,42.47251],[13.00707,42.47254],[13.00706,42.47255],[13.00704,42.47257],[13.00702,42.4726],[13.00699,42.47265],[13.00697,42.47268],[13.00695,42.4727],[13.00694,42.47274],[13.00694,42.47275],[13.00694,42.47281],[13.00694,42.47282],[13.00695,42.47285],[13.00697,42.47288],[13.00699,42.47291],[13.00703,42.47294],[13.00707,42.47296],[13.00713,42.47298],[13.00716,42.47299],[13.00717,42.473],[13.00722,42.473],[13.00728,42.473],[13.00735,42.47299],[13.00742,42.47297],[13.00744,42.47296],[13.00747,42.47294],[13.00775,42.4727],[13.00786,42.47261],[13.00791,42.47256],[13.00796,42.47251],[13.00805,42.47246],[13.00808,42.47245],[13.00816,42.47243],[13.00818,42.47243],[13.0082,42.47243],[13.00822,42.47243],[13.00827,42.47244],[13.00829,42.47244],[13.00832,42.47245],[13.00833,42.47245],[13.00834,42.47245],[13.00837,42.47246],[13.0084,42.47247],[13.00843,42.47249],[13.00846,42.47252],[13.00847,42.47254],[13.00848,42.47256],[13.00849,42.47257],[13.00849,42.47258],[13.0085,42.4726],[13.0085,42.47264],[13.00851,42.47266],[13.0085,42.47269],[13.00849,42.47271],[13.00846,42.47275],[13.00842,42.47278],[13.00837,42.47281],[13.0073,42.47323],[13.00726,42.47325],[13.00719,42.47328],[13.00701,42.47335],[13.00697,42.47336],[13.00684,42.47342],[13.00676,42.47345],[13.0067,42.47347],[13.00656,42.47354],[13.0064,42.4736],[13.00634,42.47363],[13.00627,42.47368],[13.00623,42.47371],[13.0062,42.47374],[13.00617,42.47376],[13.00616,42.47377],[13.00613,42.47381],[13.00611,42.47387],[13.00611,42.47392],[13.00611,42.47393],[13.00612,42.47399],[13.00615,42.47404],[13.00616,42.47407],[13.00618,42.4741],[13.00626,42.4742],[13.0063,42.47426],[13.00641,42.47442],[13.00648,42.47452],[13.00653,42.47458],[13.00664,42.47474],[13.00676,42.47491],[13.0069,42.47521],[13.00697,42.47541],[13.00701,42.47552],[13.00703,42.47559],[13.00705,42.47565],[13.00706,42.4757],[13.00707,42.47574],[13.00709,42.47576],[13.0071,42.47578],[13.00713,42.47581],[13.00716,42.47583],[13.0072,42.47585],[13.00728,42.47588],[13.00739,42.47591],[13.00741,42.47592],[13.0075,42.47593],[13.00789,42.47599],[13.00813,42.47602],[13.00822,42.47603],[13.00826,42.47603],[13.00831,42.47605],[13.00836,42.47606],[13.00836,42.47607],[13.00841,42.47609],[13.00844,42.4761],[13.00845,42.47611],[13.00848,42.47613],[13.00851,42.47617],[13.00852,42.47619],[13.00853,42.4762],[13.00853,42.47624],[13.00852,42.4763],[13.00851,42.47632],[13.0085,42.47634],[13.00849,42.47635],[13.00847,42.47636],[13.00846,42.47637],[13.00843,42.47638],[13.0084,42.47639],[13.00839,42.47639],[13.00836,42.4764],[13.00833,42.4764],[13.00831,42.4764],[13.00828,42.4764],[13.00825,42.4764],[13.00824,42.4764],[13.00816,42.47638],[13.00815,42.47638],[13.00803,42.47634],[13.00786,42.4763],[13.00769,42.47626],[13.00733,42.47623],[13.0073,42.47622],[13.00721,42.47621],[13.00706,42.47619],[13.00695,42.47617],[13.00682,42.47615],[13.00672,42.47611],[13.00662,42.47605],[13.00655,42.47598],[13.00649,42.47592],[13.00646,42.47583],[13.00644,42.47577],[13.00643,42.47573],[13.00642,42.47569],[13.0064,42.47567],[13.0064,42.47566],[13.00639,42.47564],[13.00633,42.47559],[13.00631,42.47558],[13.00625,42.47556],[13.00624,42.47555],[13.00618,42.47554],[13.00616,42.47554],[13.00615,42.47555],[13.00613,42.47555],[13.00608,42.47557],[13.00606,42.47558],[13.00605,42.47558],[13.00602,42.4756],[13.00602,42.47561],[13.006,42.47563],[13.00598,42.47566],[13.00598,42.4757],[13.00598,42.4758],[13.006,42.47583],[13.00602,42.47589],[13.00605,42.47592],[13.00607,42.47595],[13.00614,42.47602],[13.00617,42.47605],[13.0063,42.47614],[13.00637,42.47619],[13.00655,42.47628],[13.00674,42.47637],[13.00681,42.47641],[13.00686,42.47643],[13.00706,42.47655],[13.00715,42.47659],[13.00733,42.47669],[13.00734,42.4767],[13.0074,42.47673],[13.00741,42.47674],[13.00748,42.47683],[13.00758,42.47697],[13.0076,42.47703],[13.00762,42.47709],[13.00762,42.47715],[13.00761,42.47722],[13.00761,42.47723],[13.00758,42.47732],[13.00757,42.47734],[13.00748,42.47751],[13.00742,42.47765],[13.0074,42.47768],[13.00739,42.47769],[13.00737,42.47774],[13.00731,42.47785],[13.00728,42.47791],[13.00726,42.47794],[13.00722,42.47799],[13.0072,42.47801],[13.00719,42.47802],[13.00716,42.47804],[13.00714,42.47805],[13.00709,42.47807],[13.00708,42.47807],[13.00702,42.47807],[13.00699,42.47806],[13.00696,42.47806],[13.00691,42.47803],[13.0069,42.47803],[13.00685,42.47799],[13.00684,42.47798],[13.00681,42.47792],[13.00681,42.47786],[13.00682,42.47778],[13.00682,42.47776],[13.00684,42.47771],[13.00687,42.47763],[13.00688,42.47759],[13.00688,42.47754],[13.00687,42.47753],[13.00687,42.47749],[13.00686,42.47746],[13.00684,42.47743],[13.00682,42.4774],[13.00679,42.47737],[13.00678,42.47737],[13.00675,42.47735],[13.00671,42.47734],[13.00667,42.47733],[13.00664,42.47733],[13.00663,42.47733],[13.00661,42.47733],[13.00659,42.47733],[13.00656,42.47734],[13.00655,42.47734],[13.00653,42.47735],[13.00649,42.47737],[13.00644,42.47742],[13.00643,42.47743],[13.0064,42.47747],[13.00639,42.47754],[13.00638,42.4776],[13.0064,42.47766],[13.00645,42.47777],[13.00647,42.47783],[13.00652,42.47794],[13.00653,42.47795],[13.00653,42.47796],[13.00655,42.47799],[13.00655,42.478],[13.00665,42.47816],[13.00667,42.47819],[13.00674,42.47826],[13.00689,42.4784],[13.0069,42.47841],[13.00694,42.47845],[13.00704,42.47854],[13.00711,42.4786],[13.00717,42.47869],[13.00725,42.47881],[13.00727,42.47886],[13.00727,42.47887],[13.0073,42.47892],[13.00733,42.47899],[13.00733,42.47903],[13.00736,42.47921],[13.00737,42.47927],[13.00739,42.4794],[13.00739,42.47945],[13.0074,42.47957],[13.0074,42.47958],[13.00741,42.47962],[13.00741,42.47963],[13.00741,42.47968],[13.00746,42.47982],[13.00752,42.47989],[13.00758,42.47996],[13.00761,42.47999],[13.00767,42.48006],[13.00768,42.48007],[13.0077,42.48008],[13.00772,42.4801],[13.00776,42.48013],[13.00777,42.48014],[13.00785,42.48017],[13.00791,42.48019],[13.00793,42.48019],[13.00816,42.48024],[13.00817,42.48024],[13.00832,42.48026],[13.00833,42.48026],[13.0084,42.48029],[13.00843,42.48029],[13.00852,42.48033],[13.0086,42.48038],[13.0086,42.48039],[13.00865,42.48045],[13.00868,42.48049],[13.00871,42.48055],[13.00876,42.48066],[13.00878,42.48069],[13.0088,42.48072],[13.00892,42.48087],[13.00896,42.48093],[13.009,42.48097],[13.00905,42.48101],[13.00916,42.48111],[13.00922,42.48116],[13.0093,42.48126],[13.00943,42.48141],[13.00956,42.48157],[13.0096,42.48161],[13.00964,42.48166],[13.0097,42.48172],[13.00974,42.48176],[13.00984,42.48185],[13.01018,42.48219],[13.01028,42.48228],[13.01029,42.48229],[13.01031,42.48231],[13.01033,42.48233],[13.01033,42.48234],[13.01041,42.48243],[13.01048,42.48251],[13.01065,42.48275],[13.01081,42.48298],[13.01103,42.48328],[13.01112,42.48342],[13.01122,42.48356],[13.01125,42.4836],[13.01128,42.48364],[13.01132,42.48371],[13.01134,42.48376],[13.0114,42.48388],[13.01143,42.48393],[13.0115,42.4841],[13.0115,42.48411],[13.01153,42.4842],[13.01154,42.48422],[13.01157,42.4843],[13.01157,42.48438],[13.01155,42.48447],[13.0115,42.48453],[13.01148,42.48456],[13.01147,42.48457],[13.01143,42.48461],[13.01131,42.48469],[13.0113,42.4847],[13.01128,42.48471],[13.01125,42.48473],[13.01125,42.48474],[13.01113,42.48481],[13.01112,42.48482],[13.01101,42.48491],[13.01091,42.485],[13.01081,42.48509],[13.0108,42.4851],[13.01075,42.48512],[13.01074,42.48512],[13.01067,42.48513],[13.01061,42.48512],[13.0106,42.48512],[13.01059,42.48512],[13.01057,42.48511],[13.01056,42.4851],[13.01055,42.4851],[13.01052,42.48507],[13.01051,42.48506],[13.01051,42.48505],[13.01049,42.485],[13.01049,42.48498],[13.0105,42.48492],[13.01051,42.48492],[13.01052,42.4849],[13.01059,42.48483],[13.01062,42.48482],[13.01072,42.48474],[13.01082,42.48463],[13.01086,42.48455],[13.01088,42.48446],[13.01088,42.48445],[13.01088,42.48434],[13.01087,42.48423],[13.01085,42.48409],[13.01084,42.484],[13.01082,42.48392],[13.0108,42.48387],[13.01077,42.4838],[13.01074,42.48375],[13.01074,42.48374],[13.01071,42.48371],[13.01068,42.48367],[13.01067,42.48366],[13.01064,42.48364],[13.01059,42.48363],[13.01058,42.48363],[13.01055,42.48362],[13.01051,42.48362],[13.01046,42.48363],[13.01042,42.48364],[13.01041,42.48365],[13.01038,42.48366],[13.01035,42.48368],[13.01032,42.48374],[13.01031,42.48378],[13.0103,42.48383],[13.01029,42.48385],[13.01029,42.48403],[13.01029,42.48421],[13.01028,42.48425],[13.01027,42.48433],[13.01025,42.48439],[13.01024,42.48441],[13.01018,42.48449],[13.01017,42.4845],[13.01013,42.48454],[13.01013,42.48455],[13.01011,42.48457],[13.01006,42.48465],[13.01006,42.48466],[13.01004,42.4847],[13.01004,42.48471],[13.00999,42.48485],[13.00999,42.48489],[13.00998,42.48497],[13.00997,42.48506],[13.00997,42.48507],[13.00996,42.48525],[13.00995,42.48536],[13.00995,42.48538],[13.00994,42.48542],[13.00994,42.48543],[13.00994,42.48544],[13.00993,42.48551],[13.00992,42.48554],[13.00992,42.48555],[13.00989,42.4856],[13.00988,42.48562],[13.00985,42.48566],[13.0098,42.4857],[13.00972,42.48579],[13.0096,42.48595],[13.00949,42.48615],[13.00948,42.48618],[13.00947,42.48619],[13.00945,42.48623],[13.00945,42.48624],[13.00939,42.48638],[13.00923,42.4866],[13.0092,42.48666],[13.00909,42.48679],[13.00907,42.48681],[13.00904,42.48685],[13.00903,42.48685],[13.00902,42.48686],[13.00898,42.48691],[13.00892,42.48697],[13.00883,42.48704],[13.0087,42.4871],[13.00867,42.48712],[13.00859,42.48717],[13.00856,42.48719],[13.00854,42.4872],[13.00851,42.48722],[13.0085,42.48723],[13.00847,42.48726],[13.00846,42.48726],[13.00842,42.48733],[13.00831,42.48757],[13.00828,42.48765],[13.00827,42.48767],[13.00826,42.48772],[13.00821,42.48785],[13.0082,42.48789],[13.00819,42.48791],[13.00815,42.48802],[13.00812,42.4881],[13.00808,42.48819],[13.00806,42.48825],[13.00802,42.48835],[13.00801,42.48837],[13.00799,42.4884],[13.00798,42.48841],[13.00796,42.48842],[13.00794,42.48843],[13.00789,42.48843],[13.00785,42.48843],[13.00784,42.48843],[13.00781,42.48842],[13.0078,42.48842],[13.00776,42.48839],[13.00775,42.48838],[13.00773,42.48836],[13.00772,42.48832],[13.00772,42.48829],[13.00771,42.48828],[13.00772,42.48827],[13.00772,42.48824],[13.00773,42.48822],[13.00774,42.48821],[13.00781,42.48808],[13.00782,42.48805],[13.00789,42.48793],[13.00791,42.48789],[13.00791,42.48787],[13.00793,42.48776],[13.00793,42.48775],[13.00793,42.4876],[13.00792,42.48758],[13.00793,42.48753],[13.00793,42.48751],[13.00794,42.48749],[13.00798,42.4874],[13.008,42.48736],[13.00806,42.48726],[13.00808,42.48723],[13.0081,42.48719],[13.00811,42.48718],[13.00816,42.4871],[13.00817,42.48708],[13.00818,42.48707],[13.00821,42.48703],[13.00823,42.48702],[13.00828,42.48695],[13.00841,42.48682],[13.00848,42.48673],[13.00851,42.48668],[13.00853,42.4866],[13.00854,42.48658],[13.00854,42.48656],[13.00855,42.48647],[13.00853,42.48638],[13.00853,42.48636],[13.00847,42.48621],[13.00843,42.48611],[13.0084,42.48602],[13.00838,42.48592],[13.00838,42.4859],[13.00838,42.48586],[13.00838,42.48585],[13.0084,42.48577],[13.00843,42.48573],[13.00846,42.48569],[13.00858,42.48553],[13.00859,42.48552],[13.00864,42.48545],[13.00865,42.48544],[13.00866,42.48541],[13.00869,42.48537],[13.0087,42.48536],[13.00879,42.48521],[13.00882,42.48514],[13.00883,42.48509],[13.00884,42.48508],[13.00884,42.48503],[13.00884,42.48501],[13.00883,42.48494],[13.0088,42.4849],[13.00877,42.48487],[13.00875,42.48485],[13.00872,42.48483],[13.00866,42.48481],[13.00862,42.4848],[13.00861,42.4848],[13.00855,42.48481],[13.00854,42.48481],[13.00853,42.48481],[13.00847,42.48484],[13.00843,42.48486],[13.00841,42.48488],[13.0084,42.48488],[13.00837,42.48492],[13.00832,42.48496],[13.00824,42.48507],[13.00816,42.48522],[13.00815,42.48524],[13.00805,42.48543],[13.00801,42.4855],[13.00799,42.48553],[13.00798,42.48554],[13.00797,42.48556],[13.00796,42.48557],[13.00795,42.48558],[13.00791,42.48562],[13.00783,42.48565],[13.00783,42.48566],[13.00777,42.48568],[13.00767,42.48569],[13.00767,42.4857],[13.0076,42.48569],[13.00758,42.48569],[13.00753,42.48568],[13.00748,42.48567],[13.00739,42.48564],[13.00728,42.48561],[13.00718,42.48558],[13.00709,42.48556],[13.00707,42.48557],[13.00704,42.48557],[13.00698,42.48558],[13.00692,42.48561],[13.00688,42.48566],[13.00685,42.48569],[13.00685,42.4857],[13.00685,42.48571],[13.00685,42.48574],[13.00685,42.48575],[13.00686,42.48575],[13.00688,42.48578],[13.00689,42.4858],[13.00692,42.48582],[13.00698,42.48587],[13.00705,42.4859],[13.00706,42.4859],[13.00714,42.48595],[13.00727,42.48601],[13.00736,42.48606],[13.00742,42.48611],[13.00743,42.48613],[13.00746,42.48617],[13.00747,42.48617],[13.00747,42.48618],[13.00749,42.48623],[13.0075,42.48629],[13.0075,42.4863],[13.00748,42.48634],[13.00744,42.48638],[13.00743,42.48638],[13.00743,42.48639],[13.00737,42.48641],[13.00732,42.48643],[13.00726,42.48643],[13.00725,42.48643],[13.00681,42.48634],[13.0068,42.48634],[13.00676,42.48633],[13.00657,42.48628],[13.00654,42.48628],[13.00642,42.48623],[13.00634,42.48619],[13.00626,42.48612],[13.00622,42.48606],[13.00621,42.48604],[13.00618,42.48597],[13.00618,42.48593],[13.00618,42.4859],[13.00618,42.48589],[13.00618,42.48588],[13.00621,42.48581],[13.00628,42.48572],[13.0063,42.48571],[13.00646,42.48547],[13.00649,42.4854],[13.00649,42.48539],[13.00653,42.48532],[13.00656,42.48523],[13.00656,42.48522],[13.00655,42.48513],[13.00651,42.48505],[13.00649,42.48501],[13.00649,42.485],[13.00639,42.48491],[13.00638,42.4849],[13.0063,42.48485],[13.00624,42.48482],[13.00622,42.48482],[13.00618,42.4848],[13.00617,42.4848],[13.00612,42.48478],[13.00601,42.48477],[13.00596,42.48477],[13.00584,42.48477],[13.00573,42.48479],[13.00571,42.4848],[13.00559,42.48485],[13.00551,42.48491],[13.00547,42.48493],[13.00538,42.48503],[13.00533,42.48511],[13.00531,42.48517],[13.00529,42.48522],[13.00529,42.48523],[13.00529,42.48524],[13.0053,42.48533],[13.0053,42.48535],[13.00531,42.4854],[13.00536,42.48557],[13.00536,42.48558],[13.00542,42.48584],[13.00543,42.48586],[13.00544,42.48593],[13.00547,42.48607],[13.00555,42.48626],[13.00561,42.48641],[13.00563,42.48646],[13.00571,42.48662],[13.00577,42.48675],[13.00578,42.48676],[13.00578,42.48681],[13.00577,42.48687],[13.00575,42.48692],[13.00574,42.48694],[13.00572,42.48696],[13.00572,42.48697],[13.00564,42.48706],[13.00563,42.48708],[13.00553,42.48722],[13.0055,42.48728],[13.00548,42.48732],[13.00544,42.48741],[13.00536,42.48763],[13.00533,42.4877],[13.00532,42.48776],[13.00532,42.48778],[13.00532,42.4878],[13.00533,42.48782],[13.00535,42.48789],[13.00537,42.48793],[13.0054,42.48797],[13.0054,42.48798],[13.00543,42.48803],[13.00545,42.48808],[13.00545,42.4881],[13.00545,42.48813],[13.00545,42.48815],[13.00546,42.48818],[13.00542,42.48832],[13.00536,42.48845],[13.00534,42.48849],[13.00534,42.4885],[13.00528,42.48862],[13.00526,42.48866],[13.00525,42.48868],[13.0052,42.48879],[13.00511,42.48896],[13.00511,42.48897],[13.00509,42.489],[13.00501,42.48912],[13.005,42.48914],[13.00498,42.48916],[13.00489,42.48926],[13.00471,42.4894],[13.00467,42.48944],[13.00458,42.48951],[13.00455,42.48954],[13.00438,42.48967],[13.00434,42.4897],[13.00427,42.48975],[13.00421,42.4898],[13.00417,42.48982],[13.00412,42.48984],[13.00405,42.48985],[13.00399,42.48984],[13.00398,42.48984],[13.00396,42.48984],[13.00393,42.48983],[13.00389,42.48982],[13.00386,42.4898],[13.00384,42.48976],[13.00383,42.48976],[13.00382,42.48973],[13.00381,42.48968],[13.0038,42.48965],[13.00379,42.48955],[13.00379,42.48954],[13.00379,42.4895],[13.00381,42.48937],[13.00382,42.48927],[13.00382,42.48919],[13.00382,42.48915],[13.00382,42.48913],[13.00382,42.48908],[13.00381,42.48901],[13.00379,42.48896],[13.00377,42.48884],[13.00376,42.48881],[13.00375,42.48879],[13.00371,42.48866],[13.0037,42.48862],[13.00368,42.48852],[13.00367,42.48842],[13.00368,42.48834],[13.00368,42.4883],[13.00369,42.48828],[13.00371,42.48819],[13.0037,42.4881],[13.0037,42.48805],[13.00369,42.48795],[13.00369,42.48792],[13.00366,42.48781],[13.00364,42.48777],[13.00363,42.48775],[13.00362,42.48773],[13.00356,42.48768],[13.00351,42.48763],[13.0035,42.48763],[13.00341,42.48758],[13.00331,42.48755],[13.00325,42.48754],[13.00319,42.48754],[13.00318,42.48754],[13.00307,42.48756],[13.00302,42.48758],[13.00293,42.48761],[13.00283,42.48765],[13.0028,42.48766],[13.00278,42.48767],[13.00276,42.48768],[13.00262,42.48775],[13.0026,42.48776],[13.00258,42.48778],[13.00244,42.48787],[13.00242,42.48788],[13.0024,42.4879],[13.00235,42.48793],[13.00227,42.48799],[13.00225,42.48801],[13.00223,42.48803],[13.00217,42.48808],[13.00212,42.48813],[13.0021,42.48815],[13.00203,42.48823],[13.00198,42.48828],[13.00188,42.48842],[13.00186,42.48844],[13.00185,42.48846],[13.00175,42.4886],[13.00174,42.48862],[13.00173,42.48863],[13.0017,42.4887],[13.0017,42.48871],[13.00169,42.48875],[13.00169,42.48877],[13.00169,42.4888],[13.00169,42.48881],[13.00172,42.48888],[13.00174,42.48892],[13.00176,42.48894],[13.00178,42.48898],[13.00184,42.48903],[13.00193,42.48907],[13.00204,42.48912],[13.00213,42.48917],[13.00216,42.48918],[13.00219,42.4892],[13.0023,42.48927],[13.00231,42.48929],[13.00233,42.4893],[13.00235,42.48932],[13.00237,42.48934],[13.00238,42.48935],[13.00238,42.48936],[13.0024,42.48942],[13.0024,42.48945],[13.0024,42.48947],[13.0024,42.48949],[13.00241,42.48953],[13.0024,42.48964],[13.0024,42.48965],[13.00238,42.48976],[13.00237,42.4898],[13.00235,42.48986],[13.00229,42.48997],[13.00228,42.49],[13.00226,42.49003],[13.0022,42.49014],[13.00218,42.49016],[13.00209,42.49032],[13.00209,42.49033],[13.002,42.49047],[13.0019,42.49064],[13.0018,42.4908],[13.00175,42.49087],[13.00169,42.49098],[13.00167,42.49102],[13.00163,42.49113],[13.00163,42.49114],[13.00163,42.49116],[13.00161,42.4913],[13.00161,42.49131],[13.0016,42.49134],[13.0016,42.49144],[13.00159,42.49149],[13.00157,42.49154],[13.00153,42.49161],[13.00148,42.49165],[13.00147,42.49167],[13.00146,42.49167],[13.00134,42.49178],[13.00132,42.49179],[13.00131,42.49179],[13.0013,42.4918],[13.00114,42.49193],[13.00114,42.49194],[13.00112,42.49195],[13.0011,42.49198],[13.00105,42.49206],[13.00105,42.49208],[13.00104,42.4921],[13.00104,42.49212],[13.00102,42.4922],[13.00101,42.49225],[13.00101,42.49228],[13.001,42.49242],[13.001,42.49243],[13.00099,42.49246],[13.00097,42.49256],[13.00095,42.49261],[13.00095,42.49263],[13.00094,42.49264],[13.0009,42.49272],[13.00073,42.4929],[13.00061,42.49302],[13.00054,42.49308],[13.00046,42.49314],[13.00038,42.49321],[13.00021,42.49334],[13.00007,42.49344],[13.00006,42.49345],[13.00004,42.49347],[13.00002,42.49349],[12.99975,42.49375],[12.99963,42.49389],[12.99962,42.49391],[12.99935,42.49421],[12.99922,42.49437],[12.99908,42.49453],[12.99905,42.49457],[12.99895,42.49468],[12.99882,42.49483],[12.99876,42.4949],[12.99866,42.49502],[12.99851,42.49522],[12.99848,42.4953],[12.99847,42.49539],[12.99848,42.49547],[12.9985,42.49553],[12.99855,42.49566],[12.99866,42.49588],[12.99884,42.49624],[12.99888,42.49632],[12.99889,42.49637],[12.9989,42.49641],[12.9989,42.49642],[12.9989,42.49643],[12.99889,42.49647],[12.99888,42.49649],[12.99887,42.49652],[12.99884,42.49654],[12.99882,42.49657],[12.9988,42.49659],[12.99876,42.49661],[12.99871,42.49663],[12.99863,42.49665],[12.99859,42.49665],[12.99854,42.49665],[12.99848,42.49665],[12.9984,42.49662],[12.99837,42.49661],[12.99834,42.49659],[12.99831,42.49657],[12.99829,42.49654],[12.99824,42.49645],[12.99822,42.49641],[12.99821,42.49637],[12.99821,42.49635],[12.9982,42.49629],[12.99818,42.49621],[12.99817,42.49619],[12.99815,42.49615],[12.99809,42.49607],[12.99806,42.49604],[12.99806,42.49603],[12.99802,42.49601],[12.99794,42.49598],[12.99793,42.49598],[12.99785,42.49596],[12.99778,42.49597],[12.99772,42.49598],[12.99764,42.496],[12.99761,42.49602],[12.9976,42.49602],[12.99759,42.49603],[12.99755,42.49607],[12.99753,42.49609],[12.99749,42.49616],[12.99748,42.49617],[12.99747,42.49621],[12.99742,42.49635],[12.99741,42.49638],[12.99737,42.49651],[12.99733,42.49661],[12.9973,42.49668],[12.99727,42.49673],[12.99727,42.49674],[12.99725,42.49677],[12.99723,42.49679],[12.99718,42.49683],[12.99715,42.49685],[12.99713,42.49687],[12.99712,42.49688],[12.99703,42.49695],[12.99701,42.49697],[12.99697,42.497],[12.99696,42.49701],[12.99685,42.4971],[12.99685,42.49711],[12.99682,42.49715],[12.99678,42.49721],[12.99674,42.49731],[12.99672,42.49744],[12.99672,42.49746],[12.99672,42.49749],[12.99672,42.49751],[12.99673,42.4976],[12.99673,42.49762],[12.99674,42.49767],[12.99674,42.49769],[12.99675,42.4978],[12.99675,42.49785],[12.99675,42.49787],[12.99675,42.49788],[12.99674,42.49791],[12.99673,42.49794],[12.99672,42.49795],[12.9967,42.49797],[12.99665,42.49801],[12.99662,42.49802],[12.99659,42.49804],[12.99658,42.49804],[12.99655,42.49804],[12.9965,42.49804],[12.99645,42.49803],[12.99642,42.49802],[12.9964,42.49801],[12.99638,42.498],[12.99636,42.49797],[12.99634,42.49795],[12.99633,42.49793],[12.99633,42.49792],[12.99632,42.49791],[12.99632,42.49787],[12.99631,42.49782],[12.99632,42.4975],[12.99631,42.49738],[12.9963,42.4972],[12.99628,42.49697],[12.99626,42.49684],[12.99626,42.49679],[12.99625,42.49677],[12.99625,42.49675],[12.99625,42.49672],[12.99624,42.4967],[12.99624,42.49668],[12.99623,42.49666],[12.9962,42.49662],[12.99617,42.49658],[12.99613,42.49655],[12.9961,42.49653],[12.99608,42.49653],[12.99608,42.49652],[12.99601,42.49652],[12.99596,42.49651],[12.99594,42.49651],[12.99586,42.49651],[12.99584,42.49652],[12.99583,42.49652],[12.99582,42.49652],[12.9958,42.49653],[12.99578,42.49654],[12.99573,42.49656],[12.99567,42.49661],[12.99565,42.49663],[12.99563,42.49665],[12.99555,42.49679],[12.99552,42.49684],[12.99542,42.49699],[12.99541,42.49701],[12.99539,42.49703],[12.99531,42.4971],[12.99529,42.49711],[12.99526,42.49713],[12.99513,42.49722],[12.99512,42.49723],[12.99508,42.49725],[12.99494,42.49733],[12.99489,42.49737],[12.99477,42.49744],[12.99475,42.49745],[12.99471,42.49747],[12.9947,42.49748],[12.99456,42.4976],[12.99454,42.49762],[12.99442,42.49771],[12.9944,42.49774],[12.99438,42.49775],[12.99428,42.49783],[12.99426,42.49785],[12.99424,42.49787],[12.99422,42.49789],[12.99411,42.49797],[12.9941,42.49798],[12.99406,42.49802],[12.99386,42.49821],[12.99379,42.49831],[12.99378,42.49833],[12.99377,42.49836],[12.99375,42.49844],[12.99374,42.49862],[12.99374,42.49867],[12.99373,42.49879],[12.99373,42.4988],[12.99373,42.49885],[12.99371,42.49905],[12.99369,42.4991],[12.99368,42.49914],[12.99367,42.49916],[12.99366,42.49917],[12.99355,42.49927],[12.99351,42.4993],[12.99342,42.49937],[12.99333,42.49942],[12.9932,42.4995],[12.99282,42.4998],[12.99266,42.49992],[12.99265,42.49993],[12.99263,42.49995],[12.99262,42.49995],[12.99249,42.50007],[12.99247,42.50009],[12.99245,42.50011],[12.99234,42.50021],[12.99231,42.50023],[12.99229,42.50025],[12.99218,42.50035],[12.99186,42.50064],[12.99179,42.50074],[12.99178,42.50079],[12.99177,42.50082],[12.99177,42.50084],[12.99177,42.50085],[12.99179,42.50088],[12.9918,42.50091],[12.99182,42.50092],[12.99183,42.50093],[12.99184,42.50093],[12.99186,42.50094],[12.99189,42.50096],[12.99192,42.50097],[12.99196,42.50098],[12.99198,42.50098],[12.99201,42.50098],[12.99205,42.50097],[12.99207,42.50097],[12.99209,42.50096],[12.99211,42.50096],[12.99212,42.50095],[12.99213,42.50095],[12.9922,42.50091],[12.99226,42.50086],[12.99228,42.50085],[12.99229,42.50084],[12.9923,42.50082],[12.99232,42.50081],[12.99245,42.50066],[12.99247,42.50064],[12.99256,42.50056],[12.99258,42.50053],[12.9926,42.50052],[12.9926,42.50051],[12.99271,42.50044],[12.99273,42.50044],[12.99273,42.50043],[12.99276,42.50042],[12.9928,42.50041],[12.99286,42.50039],[12.99287,42.50038],[12.99291,42.50038],[12.99295,42.50037],[12.99299,42.50037],[12.99305,42.50037],[12.9931,42.50038],[12.99314,42.5004],[12.99316,42.50042],[12.99318,42.50043],[12.9932,42.50045],[12.99322,42.50047],[12.99323,42.5005],[12.99322,42.50051],[12.99323,42.50053],[12.99322,42.50056],[12.99322,42.50057],[12.9932,42.50059],[12.9932,42.5006],[12.99319,42.50061],[12.99317,42.50064],[12.99315,42.50065],[12.99314,42.50066],[12.99312,42.50067],[12.99308,42.50068],[12.99305,42.50069],[12.99301,42.5007],[12.99295,42.50072],[12.99292,42.50073],[12.99281,42.50076],[12.9928,42.50076],[12.99279,42.50077],[12.99276,42.5008],[12.99274,42.50081],[12.99273,42.50082],[12.99272,42.50085],[12.99271,42.50086],[12.9927,42.50087],[12.9927,42.50089],[12.9927,42.50091],[12.9927,42.50093],[12.99271,42.50095],[12.99272,42.50096],[12.99273,42.50099],[12.99275,42.50102],[12.99278,42.50104],[12.9928,42.50105],[12.99282,42.50106],[12.99285,42.50106],[12.99286,42.50106],[12.99288,42.50107],[12.99289,42.50107],[12.99292,42.50107],[12.99297,42.50107],[12.99304,42.50106],[12.99306,42.50106],[12.99309,42.50105],[12.9931,42.50105],[12.99314,42.50104],[12.99315,42.50104],[12.9932,42.50102],[12.99324,42.50099],[12.99327,42.50098],[12.99331,42.50095],[12.99344,42.5008],[12.99352,42.50071],[12.99356,42.50066],[12.99359,42.50061],[12.99364,42.50054],[12.99366,42.50051],[12.99367,42.5005],[12.99368,42.50047],[12.99369,42.50045],[12.99373,42.50038],[12.99376,42.50035],[12.99378,42.50034],[12.9938,42.50032],[12.99382,42.5003],[12.99384,42.50029],[12.99385,42.50028],[12.99386,42.50028],[12.99393,42.50026],[12.99395,42.50026],[12.99402,42.50026],[12.99404,42.50027],[12.99406,42.50027],[12.99408,42.50028],[12.99411,42.5003],[12.99413,42.50032],[12.99416,42.50035],[12.99417,42.50038],[12.99418,42.50041],[12.99419,42.50042],[12.99419,42.50044],[12.99418,42.50049],[12.99418,42.50052],[12.99417,42.50054],[12.99417,42.50057],[12.99416,42.50059],[12.99414,42.50069],[12.99413,42.50072],[12.99407,42.50087],[12.99407,42.50089],[12.994,42.50106],[12.99394,42.50119],[12.99382,42.50141],[12.99381,42.50143],[12.99376,42.50149],[12.99374,42.50153],[12.99372,42.50156],[12.99371,42.50158],[12.99368,42.5016],[12.99358,42.50171],[12.99354,42.50175],[12.99349,42.5018],[12.99342,42.50184],[12.9932,42.50201],[12.99308,42.5021],[12.99303,42.50214],[12.99282,42.5023],[12.99281,42.50231],[12.99278,42.50234],[12.99271,42.50241],[12.9927,42.50242],[12.99264,42.50249],[12.9926,42.50254],[12.99252,42.50266],[12.99251,42.50268],[12.9925,42.50273],[12.99249,42.50275],[12.99244,42.50296],[12.99242,42.50308],[12.9924,42.50326],[12.99238,42.50336],[12.99238,42.50339],[12.99236,42.50349],[12.99236,42.50354],[12.99234,42.50367],[12.99233,42.50372],[12.99233,42.50375],[12.99233,42.5038],[12.99234,42.5039],[12.99235,42.50398],[12.99235,42.504],[12.99235,42.50408],[12.99236,42.50411],[12.99236,42.50421],[12.99236,42.50422],[12.99236,42.50426],[12.99236,42.50428],[12.99234,42.50442],[12.9922,42.50481],[12.99218,42.50486],[12.99216,42.50491],[12.99214,42.50495],[12.99211,42.50503],[12.99207,42.50516],[12.99198,42.5054],[12.99186,42.5057],[12.99179,42.50584],[12.99175,42.50591],[12.99173,42.50594],[12.9917,42.50598],[12.99168,42.50601],[12.99165,42.50605],[12.99159,42.50614],[12.99155,42.50618],[12.99153,42.50621],[12.99143,42.50631],[12.99111,42.50665],[12.9911,42.50667],[12.99099,42.50681],[12.9909,42.50692],[12.99088,42.50693],[12.99084,42.50701],[12.99082,42.50706],[12.99078,42.50715],[12.99076,42.50718],[12.99074,42.50722],[12.99071,42.5073],[12.99058,42.50759],[12.99055,42.50764],[12.99048,42.50781],[12.99047,42.50783],[12.99043,42.50794],[12.99033,42.50816],[12.99033,42.50817],[12.99029,42.50833],[12.99029,42.50837],[12.99028,42.50843],[12.99028,42.50846],[12.99027,42.50851],[12.99026,42.50863],[12.99026,42.50864],[12.99026,42.50887],[12.99026,42.50888],[12.99024,42.509],[12.99023,42.50905],[12.99022,42.50918],[12.99021,42.50923],[12.9902,42.50936],[12.9902,42.50941],[12.99019,42.50947],[12.99016,42.50972],[12.99015,42.50981],[12.99009,42.51008],[12.99007,42.51012],[12.99001,42.5103],[12.99,42.51031],[12.98999,42.51034],[12.98984,42.51071],[12.98961,42.51125],[12.98959,42.51134],[12.98958,42.51141],[12.98958,42.5115],[12.98959,42.51159],[12.98962,42.51181],[12.98962,42.5119],[12.98961,42.51198],[12.98959,42.51207],[12.98957,42.51213],[12.98954,42.51221],[12.98953,42.51222],[12.98949,42.51236],[12.98947,42.51251],[12.98946,42.51258],[12.98944,42.51268],[12.98942,42.51275],[12.98933,42.51329],[12.98931,42.5134],[12.98924,42.51382],[12.98922,42.5139],[12.98916,42.51413],[12.98913,42.51436],[12.98912,42.51445],[12.98911,42.51483],[12.98913,42.51504],[12.98913,42.51508],[12.98912,42.51519],[12.98912,42.51526],[12.98912,42.51527],[12.98907,42.51536],[12.98898,42.51552],[12.98893,42.51558],[12.9889,42.51562],[12.98871,42.5158],[12.98861,42.51588],[12.98851,42.51593],[12.98841,42.51597],[12.98832,42.51599],[12.9882,42.51601],[12.98819,42.51602],[12.98793,42.51603],[12.9878,42.51604],[12.98765,42.51604],[12.98759,42.51605],[12.9874,42.51605],[12.98731,42.51606],[12.98682,42.51607],[12.98658,42.51608],[12.98634,42.51608],[12.98633,42.51608],[12.98625,42.51609],[12.98613,42.5161],[12.98609,42.5161],[12.98583,42.51612],[12.98563,42.51617],[12.98552,42.51621],[12.98547,42.51623],[12.98544,42.51625],[12.98541,42.51627],[12.98535,42.51632],[12.98529,42.51639],[12.98527,42.51642],[12.9852,42.51651],[12.98518,42.51655],[12.98516,42.51657],[12.9851,42.51666],[12.98474,42.51721],[12.98468,42.51729],[12.98461,42.51737],[12.9846,42.51737],[12.98449,42.51746],[12.98439,42.51753],[12.98428,42.51759],[12.98423,42.51761],[12.98411,42.51765],[12.98383,42.51775],[12.98379,42.51776],[12.98376,42.51777],[12.98357,42.51783],[12.98299,42.51804],[12.98294,42.51806],[12.98289,42.51808],[12.98276,42.51812],[12.98269,42.51814],[12.98254,42.5182],[12.98247,42.51821],[12.98246,42.51821],[12.98243,42.51822],[12.98241,42.51823],[12.98227,42.51826],[12.98198,42.51832],[12.98181,42.51835],[12.9816,42.51841],[12.98154,42.51843],[12.98153,42.51843],[12.98148,42.51845],[12.98144,42.51846],[12.98134,42.5185],[12.98131,42.51851],[12.98076,42.5187],[12.98063,42.51874],[12.9804,42.51879],[12.98017,42.51881],[12.97993,42.51882],[12.97988,42.51883],[12.97969,42.51884],[12.97959,42.51885],[12.97945,42.51886],[12.97938,42.51886],[12.97934,42.51887],[12.97931,42.51887],[12.97896,42.51887],[12.97894,42.51887],[12.97871,42.51884],[12.97848,42.5188],[12.97844,42.5188],[12.97824,42.51876],[12.97819,42.51875],[12.978,42.51872],[12.97798,42.51872],[12.97779,42.5187],[12.97776,42.5187],[12.9777,42.5187],[12.97766,42.5187],[12.97757,42.5187],[12.97752,42.51871],[12.97727,42.51872],[12.97726,42.51872],[12.977,42.51873],[12.97686,42.51875],[12.97679,42.51876],[12.97663,42.51878],[12.97655,42.5188],[12.97632,42.51884],[12.97631,42.51884],[12.97622,42.51886],[12.97616,42.51887],[12.97608,42.51889],[12.97595,42.51891],[12.97561,42.51898],[12.97537,42.51902],[12.97514,42.51907],[12.97498,42.5191],[12.97477,42.51912],[12.9745,42.51913],[12.97441,42.51914],[12.97412,42.51915],[12.97392,42.51916],[12.9738,42.51916],[12.97344,42.51918],[12.97327,42.51919],[12.97319,42.51919],[12.97295,42.51921],[12.9729,42.51921],[12.97271,42.51924],[12.97263,42.51925],[12.97245,42.51928],[12.97221,42.51931],[12.97196,42.51934],[12.97177,42.51935],[12.97161,42.51936],[12.97153,42.51936],[12.97148,42.51936],[12.97128,42.51936],[12.97099,42.51934],[12.97097,42.51934],[12.97075,42.51933],[12.97069,42.51932],[12.97053,42.51933],[12.9705,42.51933],[12.97039,42.51935],[12.97027,42.51937],[12.97027,42.51938],[12.97023,42.51938],[12.97016,42.5194],[12.97006,42.51943],[12.97004,42.51943],[12.9699,42.51945],[12.9698,42.51946],[12.96978,42.51946],[12.96968,42.51946],[12.96965,42.51946],[12.96944,42.51944],[12.96932,42.51943],[12.96927,42.51943],[12.96914,42.51945],[12.969,42.51949],[12.96887,42.51955],[12.96886,42.51955],[12.96869,42.51962],[12.96847,42.51969],[12.96821,42.51974],[12.96819,42.51974],[12.96787,42.51978],[12.96757,42.51984],[12.96732,42.5199],[12.96725,42.51993],[12.96714,42.51997],[12.96703,42.52001],[12.96695,42.52003],[12.96666,42.52012],[12.96658,42.52013],[12.96634,42.52018],[12.96586,42.52025],[12.96581,42.52026],[12.96562,42.52029],[12.96557,42.5203],[12.9655,42.5203],[12.96538,42.5203],[12.9653,42.5203],[12.96501,42.52032],[12.9649,42.52034],[12.96478,42.52036],[12.9646,42.52041],[12.96438,42.52048],[12.96432,42.52049],[12.96425,42.52051],[12.96421,42.52052],[12.96415,42.52053],[12.96408,42.52054],[12.96388,42.52055],[12.96373,42.52056],[12.96358,42.52056],[12.9633,42.52057],[12.96325,42.52058],[12.96312,42.5206],[12.96311,42.5206],[12.96295,42.52065],[12.96279,42.5207],[12.96276,42.52071],[12.96254,42.52077],[12.96233,42.52082],[12.96224,42.52084],[12.9621,42.52087],[12.96199,42.5209],[12.96187,42.52094],[12.96176,42.52097],[12.96157,42.52109],[12.96149,42.52115],[12.96139,42.52123],[12.96117,42.52142],[12.96111,42.52146],[12.96101,42.52156],[12.96092,42.52164],[12.96087,42.52168],[12.96085,42.52169],[12.96076,42.52178],[12.9607,42.52183],[12.96051,42.522],[12.96037,42.52209],[12.96034,42.52211],[12.96017,42.52219],[12.9601,42.52222],[12.95984,42.52237],[12.95978,42.52241],[12.95969,42.52247],[12.95968,42.52249],[12.95964,42.52254],[12.95964,42.52255],[12.95961,42.52259],[12.95956,42.52272],[12.95955,42.52276],[12.95952,42.52283],[12.95952,42.52285],[12.95949,42.52288],[12.95949,42.52289],[12.95943,42.52297],[12.95933,42.52308],[12.9592,42.52318],[12.95915,42.52323],[12.9591,42.52327],[12.95896,42.52338],[12.95889,42.52345],[12.95875,42.52359],[12.95874,42.52359],[12.95868,42.52366],[12.95865,42.52369],[12.95861,42.52374],[12.95852,42.52384],[12.95848,42.52389],[12.95845,42.52393],[12.95841,42.52397],[12.9584,42.52399],[12.95823,42.5242],[12.9582,42.52424],[12.95818,42.52426],[12.95812,42.52436],[12.95809,42.5244],[12.95802,42.52453],[12.95792,42.52468],[12.95789,42.52473],[12.95783,42.52485],[12.95783,42.52486],[12.95781,42.5249],[12.95777,42.52499],[12.95769,42.52517],[12.95768,42.5252],[12.95763,42.52534],[12.95762,42.52537],[12.95757,42.52551],[12.95756,42.52554],[12.9575,42.52569],[12.95746,42.52578],[12.95745,42.52581],[12.95743,42.52586],[12.95741,42.52589],[12.9574,42.52592],[12.95739,42.52593],[12.95732,42.52603],[12.9572,42.52617],[12.95719,42.52618],[12.9571,42.52632],[12.95709,42.52633],[12.95703,42.52647],[12.95701,42.5265],[12.95694,42.52665],[12.95693,42.52667],[12.95692,42.5267],[12.95688,42.52676],[12.95684,42.52684],[12.95682,42.52695],[12.95681,42.52706],[12.95683,42.52719],[12.95683,42.52722],[12.95684,42.52728],[12.95684,42.52736],[12.95684,42.52738],[12.95684,42.5274],[12.95684,42.52748],[12.95684,42.52757],[12.95681,42.52772],[12.9568,42.52774],[12.95673,42.52791],[12.95667,42.52805],[12.95658,42.52829],[12.95657,42.52833],[12.95655,42.52843],[12.95654,42.52849],[12.95654,42.52851],[12.95652,42.52861],[12.95652,42.52862],[12.95652,42.52863],[12.9565,42.52869],[12.95649,42.52876],[12.95647,42.52878],[12.95646,42.52882],[12.95639,42.52891],[12.95636,42.52895],[12.95631,42.52901],[12.95624,42.52909],[12.95623,42.5291],[12.95623,42.52911],[12.9561,42.52925],[12.95609,42.52925],[12.95598,42.52937],[12.95596,42.52939],[12.95595,42.5294],[12.9559,42.52946],[12.95583,42.52956],[12.95577,42.52963],[12.95571,42.5297],[12.95564,42.52978],[12.95559,42.52986],[12.95558,42.52987],[12.95544,42.53007],[12.95527,42.53033],[12.95526,42.53034],[12.95526,42.53035],[12.9551,42.53061],[12.95499,42.53085],[12.95498,42.53087],[12.95493,42.53102],[12.95492,42.53104],[12.95492,42.53105],[12.95491,42.5311],[12.9549,42.53115],[12.9549,42.5312],[12.95489,42.53129],[12.95486,42.53138],[12.95485,42.53143],[12.95479,42.53155],[12.95477,42.5316],[12.95475,42.53162],[12.95475,42.53163],[12.95469,42.53171],[12.95467,42.53175],[12.9546,42.53188],[12.95458,42.5319],[12.95456,42.53195],[12.95455,42.53196],[12.95455,42.53197],[12.95453,42.53205],[12.95449,42.5322],[12.95449,42.53222],[12.95449,42.53231],[12.95449,42.5324],[12.9545,42.53249],[12.95452,42.53258],[12.95452,42.53261],[12.95453,42.53267],[12.95455,42.53276],[12.95456,42.53284],[12.95457,42.53285],[12.95457,42.53287],[12.95456,42.53294],[12.95456,42.53297],[12.95456,42.53302],[12.95456,42.53303],[12.95455,42.53313],[12.95453,42.5332],[12.95452,42.53321],[12.95447,42.53338],[12.95446,42.53342],[12.95439,42.53364],[12.95438,42.53367],[12.95436,42.53373],[12.95435,42.53375],[12.95432,42.53381],[12.9543,42.53384],[12.95428,42.5339],[12.95427,42.5339],[12.95422,42.53401],[12.9542,42.53405],[12.95419,42.53406],[12.95411,42.53417],[12.95408,42.53422],[12.95407,42.53423],[12.95402,42.53431],[12.95396,42.53438],[12.95384,42.53454],[12.95381,42.53457],[12.95369,42.53468],[12.95353,42.53482],[12.95346,42.53489],[12.95343,42.53491],[12.95338,42.53496],[12.95337,42.53496],[12.95328,42.53506],[12.95324,42.53509],[12.95323,42.5351],[12.95312,42.53527],[12.95301,42.53543],[12.953,42.53545],[12.95294,42.5356],[12.9529,42.53568],[12.95289,42.53571],[12.95287,42.53576],[12.95287,42.53577],[12.95286,42.53579],[12.95285,42.53585],[12.95282,42.53595],[12.95281,42.53603],[12.95279,42.53613],[12.95278,42.53614],[12.95276,42.53625],[12.9527,42.53675],[12.9527,42.53684],[12.95268,42.53702],[12.95266,42.53729],[12.95265,42.53735],[12.95265,42.53738],[12.95265,42.53739],[12.95265,42.53747],[12.95265,42.53756],[12.95265,42.53766],[12.95265,42.53778],[12.95267,42.53792],[12.95268,42.53802],[12.95269,42.5381],[12.9527,42.53811],[12.9527,42.53818],[12.95271,42.5382],[12.95273,42.53828],[12.95275,42.53838],[12.95277,42.53845],[12.95277,42.53846],[12.95278,42.53856],[12.9528,42.53863],[12.9528,42.53864],[12.95281,42.53874],[12.95282,42.5388],[12.95282,42.53881],[12.95282,42.53882],[12.95282,42.53892],[12.95281,42.53899],[12.95281,42.539],[12.95281,42.53904],[12.9528,42.5391],[12.95279,42.53917],[12.95277,42.53925],[12.95276,42.53928],[12.95274,42.53935],[12.9527,42.53945],[12.95268,42.53949],[12.95262,42.5397],[12.95258,42.53982],[12.95254,42.53998],[12.95251,42.54015],[12.95251,42.54016],[12.95252,42.54034],[12.95252,42.54037],[12.95254,42.5405],[12.95255,42.54052],[12.95257,42.54058],[12.95258,42.54059],[12.9526,42.54065],[12.95263,42.54069],[12.95266,42.54075],[12.95268,42.54081],[12.95272,42.54086],[12.95281,42.54098],[12.953,42.54116],[12.95303,42.54119],[12.95313,42.54131],[12.95323,42.54143],[12.95344,42.54165],[12.95354,42.54177],[12.95357,42.54181],[12.95358,42.54182],[12.95365,42.54192],[12.95376,42.54208],[12.95386,42.54226],[12.95387,42.54229],[12.95388,42.5423],[12.95399,42.54253],[12.95405,42.54264],[12.95408,42.54271],[12.95413,42.54281],[12.95423,42.54293],[12.95427,42.54297],[12.95431,42.54301],[12.95438,42.54308],[12.95439,42.54309],[12.95441,42.5431],[12.95442,42.54311],[12.95451,42.54317],[12.95459,42.54322],[12.95466,42.54326],[12.95478,42.54333],[12.95481,42.54335],[12.95497,42.54345],[12.95498,42.54346],[12.95513,42.54355],[12.95516,42.54357],[12.95532,42.54367],[12.95541,42.54376],[12.95547,42.54383],[12.95549,42.54386],[12.95561,42.544],[12.95572,42.54412],[12.95585,42.54422],[12.95589,42.54426],[12.95595,42.54431],[12.95604,42.54436],[12.95607,42.54438],[12.95609,42.54439],[12.9561,42.54439],[12.95626,42.54449],[12.95629,42.54451],[12.95639,42.54457],[12.95643,42.5446],[12.95647,42.54464],[12.95654,42.54471],[12.95658,42.54476],[12.95664,42.54483],[12.9567,42.54492],[12.95671,42.54494],[12.95675,42.54501],[12.95682,42.5451],[12.95682,42.54511],[12.95693,42.54526],[12.95694,42.54526],[12.95699,42.54534],[12.95704,42.54541],[12.95705,42.54542],[12.95715,42.54557],[12.95715,42.54558],[12.95716,42.54559],[12.95724,42.54574],[12.95724,42.54575],[12.95725,42.54575],[12.95732,42.54589],[12.95732,42.54591],[12.95733,42.54592],[12.9574,42.54607],[12.9574,42.54608],[12.95741,42.54609],[12.95747,42.54622],[12.9575,42.54625],[12.9575,42.54626],[12.95755,42.54632],[12.95763,42.5464],[12.95766,42.54643],[12.95778,42.54654],[12.95795,42.54667],[12.95806,42.54675],[12.95817,42.54683],[12.95823,42.54688],[12.95864,42.54718],[12.95879,42.5473],[12.95892,42.54739],[12.9591,42.54751],[12.95928,42.54764],[12.95934,42.54768],[12.95959,42.54785],[12.95971,42.54792],[12.9599,42.54804],[12.96006,42.54813],[12.96036,42.5483],[12.96052,42.54841],[12.96057,42.54845],[12.96062,42.54851],[12.96067,42.54857],[12.96069,42.54861],[12.96072,42.54864],[12.96073,42.54867],[12.96093,42.549],[12.961,42.54917],[12.96102,42.54921],[12.9611,42.54936],[12.96119,42.5495],[12.96121,42.54953],[12.96126,42.5496],[12.9613,42.54966],[12.96133,42.5497],[12.96138,42.54976],[12.96142,42.54982],[12.96155,42.54997],[12.96168,42.55012],[12.96179,42.55024],[12.96182,42.55027],[12.96198,42.55046],[12.9621,42.55061],[12.96214,42.55068],[12.96216,42.55071],[12.96221,42.55085],[12.96222,42.55087],[12.96227,42.5511],[12.96231,42.55127],[12.96231,42.55129],[12.96235,42.55145],[12.9624,42.55163],[12.96243,42.55174],[12.96244,42.5518],[12.96245,42.55184],[12.9625,42.55198],[12.96252,42.55201],[12.96254,42.55205],[12.96257,42.55208],[12.96261,42.55212],[12.96264,42.55215],[12.96269,42.55218],[12.96274,42.55221],[12.96281,42.55225],[12.96284,42.55227],[12.96303,42.55237],[12.96315,42.55244],[12.9632,42.55249],[12.96329,42.55263],[12.96335,42.55281],[12.96335,42.55283],[12.96338,42.55292],[12.9634,42.55299],[12.96345,42.55316],[12.96356,42.55349],[12.96365,42.55368],[12.96365,42.55369],[12.9637,42.55379],[12.96372,42.55381],[12.96374,42.55385],[12.9638,42.55395],[12.96386,42.55405],[12.96395,42.55417],[12.96421,42.55453],[12.96447,42.55497],[12.9645,42.55503],[12.96454,42.55509],[12.96457,42.55515],[12.96472,42.55541],[12.96482,42.55569],[12.96485,42.55587],[12.96485,42.55595],[12.96486,42.55602],[12.96486,42.55606],[12.96487,42.55621],[12.96492,42.55639],[12.96497,42.55652],[12.96507,42.55664],[12.9651,42.55668],[12.96519,42.55679],[12.96524,42.55685],[12.96526,42.55688],[12.9653,42.55695],[12.96536,42.55705],[12.96541,42.55721],[12.96545,42.55736],[12.96546,42.55742],[12.96549,42.5576],[12.96554,42.55772],[12.96561,42.55786],[12.96573,42.55805],[12.96584,42.55821],[12.96585,42.55824],[12.9659,42.55831],[12.96594,42.55837],[12.966,42.55847],[12.96604,42.55854],[12.96614,42.5587],[12.96628,42.55891],[12.96659,42.55936],[12.96671,42.55937],[12.9668,42.55939],[12.96692,42.55942],[12.96705,42.55946],[12.96713,42.5595],[12.96725,42.55956],[12.96738,42.55963],[12.96752,42.55972],[12.96756,42.55974],[12.96769,42.55985],[12.96773,42.55987],[12.96785,42.55998],[12.96789,42.56002],[12.968,42.56013],[12.96806,42.56019],[12.96823,42.56035],[12.96841,42.56057],[12.96852,42.56073],[12.96853,42.56077],[12.96855,42.56097],[12.96857,42.5612],[12.96857,42.56145],[12.96858,42.56156],[12.96858,42.56163],[12.96859,42.56205],[12.96864,42.56234],[12.96869,42.56258],[12.96872,42.5627],[12.96876,42.56288],[12.9688,42.56304],[12.96881,42.56306],[12.96892,42.56334],[12.96904,42.56357],[12.96907,42.56363],[12.96912,42.56374],[12.9692,42.56391],[12.96924,42.56401],[12.96928,42.56408],[12.96932,42.56416],[12.96938,42.56426],[12.96942,42.56432],[12.96949,42.5644],[12.96953,42.56445],[12.96961,42.56454],[12.96986,42.56486],[12.96991,42.56493],[12.97,42.56501],[12.97011,42.56512],[12.97015,42.56515],[12.9703,42.56527],[12.97055,42.56546],[12.97061,42.56559],[12.97062,42.56563],[12.97063,42.5657],[12.97064,42.56581],[12.97066,42.56603],[12.97068,42.56621],[12.9707,42.56636],[12.97075,42.56656],[12.97088,42.56684],[12.97094,42.567],[12.97105,42.56732],[12.97108,42.56741],[12.97122,42.56778],[12.97127,42.56791],[12.97135,42.56809],[12.97136,42.56811],[12.97143,42.56826],[12.97144,42.56828],[12.97151,42.56837],[12.97152,42.56839],[12.97156,42.56843],[12.97159,42.56846],[12.97164,42.56851],[12.97172,42.56857],[12.97187,42.56868],[12.9719,42.56869],[12.97194,42.56871],[12.97237,42.56887],[12.97258,42.56887],[12.97264,42.56886],[12.97265,42.56886],[12.97274,42.56885],[12.97285,42.56883],[12.97289,42.56883],[12.97312,42.56865],[12.9732,42.56855],[12.97322,42.56854],[12.97324,42.56841],[12.97324,42.56836],[12.97324,42.56835],[12.97322,42.5683],[12.97319,42.56821],[12.97306,42.5681],[12.97297,42.56805],[12.97286,42.56801],[12.97281,42.568],[12.97275,42.56799],[12.9726,42.56798],[12.97257,42.56799],[12.97231,42.568],[12.97221,42.56803],[12.97211,42.56808],[12.97198,42.56814],[12.97187,42.56819],[12.97183,42.56821],[12.97179,42.56823],[12.97172,42.56826],[12.97161,42.56831],[12.97139,42.56841],[12.97119,42.5685],[12.97102,42.56857],[12.97089,42.56863],[12.97082,42.56867],[12.97074,42.5687],[12.97067,42.56873],[12.97059,42.56877],[12.97047,42.56883],[12.97038,42.56887],[12.97024,42.56893],[12.97013,42.56897],[12.96996,42.56905],[12.9698,42.56912],[12.96957,42.56921],[12.9694,42.56928],[12.96917,42.56937],[12.96891,42.56948],[12.96877,42.56954],[12.96862,42.5696],[12.96847,42.56967],[12.96829,42.56974],[12.96808,42.56982],[12.96794,42.56988],[12.96779,42.56995],[12.96767,42.57],[12.96753,42.57006],[12.96734,42.57013],[12.96721,42.57018],[12.96705,42.57023],[12.96693,42.57028],[12.96683,42.57031],[12.96669,42.57037],[12.96661,42.57039],[12.96646,42.57045],[12.9664,42.57048],[12.96631,42.57051],[12.96614,42.57058],[12.96595,42.57066],[12.96581,42.57071],[12.9656,42.57079],[12.96551,42.57083],[12.9653,42.5709],[12.96512,42.57096],[12.96502,42.571],[12.9649,42.57103],[12.96473,42.57108],[12.96469,42.5711],[12.96456,42.57113],[12.96442,42.57117],[12.96433,42.57119],[12.96406,42.57126],[12.9639,42.57129],[12.96384,42.5713],[12.96377,42.57132],[12.9636,42.57135],[12.96344,42.57138],[12.96325,42.57142],[12.96304,42.57145],[12.96272,42.5715],[12.96248,42.57154],[12.96239,42.57159],[12.96238,42.57159],[12.96235,42.5716],[12.96231,42.5716],[12.96228,42.57161],[12.96224,42.57161],[12.96221,42.57162],[12.96215,42.57163],[12.96212,42.57163],[12.96209,42.57164],[12.96207,42.57165],[12.96202,42.57168],[12.96201,42.57169],[12.96201,42.57172],[12.962,42.57174],[12.96199,42.57177],[12.96197,42.57179],[12.96195,42.57181],[12.96193,42.57183],[12.96191,42.57185],[12.96188,42.57187],[12.96185,42.57188],[12.96182,42.57189],[12.96179,42.5719],[12.96178,42.5719],[12.96175,42.57191],[12.96172,42.57191],[12.96168,42.57191],[12.96165,42.57191],[12.96158,42.5719],[12.96155,42.57189],[12.96152,42.57188],[12.96149,42.57186],[12.96146,42.57184],[12.96144,42.57183],[12.96142,42.57181],[12.9614,42.57178],[12.96138,42.57176],[12.96137,42.57174],[12.96136,42.57171],[12.96136,42.57168],[12.96136,42.57166],[12.96136,42.57165],[12.96137,42.57163],[12.96137,42.57161],[12.96138,42.57159],[12.96139,42.57157],[12.96141,42.57154],[12.96143,42.57152],[12.96145,42.5715],[12.96147,42.57149],[12.96151,42.57147],[12.96154,42.57145],[12.96158,42.57144],[12.96161,42.57144],[12.96166,42.57138],[12.96169,42.57134],[12.96172,42.5713],[12.96174,42.57127],[12.96177,42.57119],[12.96182,42.57113],[12.96186,42.5709],[12.96186,42.57088],[12.96188,42.57081],[12.96189,42.57065],[12.9619,42.57057],[12.96194,42.57031],[12.96197,42.57014],[12.96199,42.56996],[12.96202,42.56978],[12.96208,42.56936],[12.9621,42.56922],[12.96221,42.56843],[12.96221,42.5684],[12.96224,42.56822],[12.96228,42.56787],[12.96232,42.56761],[12.96234,42.56752],[12.96235,42.56745],[12.96237,42.56733],[12.96237,42.56731],[12.96239,42.56722],[12.96243,42.56693],[12.96245,42.56673],[12.96246,42.56661],[12.96247,42.56654],[12.96249,42.56643],[12.96253,42.56623],[12.96249,42.56643],[12.96247,42.56654],[12.96246,42.56661],[12.96245,42.56673],[12.96243,42.56693],[12.96239,42.56722],[12.96237,42.56731],[12.96237,42.56733],[12.96235,42.56745],[12.96234,42.56752],[12.96232,42.56761],[12.96228,42.56787],[12.96224,42.56822],[12.96221,42.5684],[12.96221,42.56843],[12.9621,42.56922],[12.96208,42.56936],[12.96202,42.56978],[12.96199,42.56996],[12.96197,42.57014],[12.96194,42.57031],[12.9619,42.57057],[12.96189,42.57065],[12.96188,42.57081],[12.96186,42.57088],[12.96186,42.5709],[12.96182,42.57113],[12.96181,42.57125],[12.96181,42.5713],[12.96181,42.57133],[12.96183,42.57136],[12.96184,42.57139],[12.9619,42.57149],[12.96191,42.57149],[12.96193,42.57151],[12.96195,42.57153],[12.96197,42.57155],[12.96199,42.57157],[12.962,42.5716],[12.96201,42.57162],[12.96202,42.57167],[12.96202,42.57168],[12.96201,42.57169],[12.96201,42.57172],[12.962,42.57174],[12.96199,42.57177],[12.96197,42.57179],[12.96195,42.57181],[12.96193,42.57183],[12.96191,42.57185],[12.96188,42.57187],[12.96185,42.57188],[12.96182,42.57189],[12.96179,42.5719],[12.96178,42.5719],[12.96175,42.57191],[12.96172,42.57191],[12.96168,42.57191],[12.96165,42.57191],[12.96158,42.5719],[12.96155,42.57189],[12.96152,42.57188],[12.96149,42.57186],[12.96146,42.57184],[12.96144,42.57183],[12.96142,42.57181],[12.96133,42.57179],[12.96126,42.57178],[12.96119,42.57178],[12.96113,42.57178],[12.96102,42.57179],[12.96081,42.57181],[12.96051,42.57185],[12.96041,42.57187],[12.96038,42.57187],[12.96005,42.57192],[12.95938,42.57202],[12.95901,42.57208],[12.95889,42.5721],[12.95846,42.57216],[12.95822,42.5722],[12.95798,42.57224],[12.95796,42.57224],[12.95753,42.57231],[12.95751,42.57231],[12.95668,42.57246],[12.95608,42.57255],[12.95543,42.57266],[12.95462,42.57278],[12.95405,42.57286],[12.95394,42.57288],[12.95343,42.57297],[12.95292,42.57305],[12.95253,42.57312],[12.95244,42.57314],[12.95221,42.57319],[12.95198,42.57325],[12.95182,42.57329],[12.95157,42.57335],[12.95111,42.57349],[12.9508,42.57359],[12.95055,42.57369],[12.95003,42.57388],[12.9493,42.57415],[12.94873,42.57436],[12.94864,42.5744],[12.94843,42.57448],[12.94821,42.57456],[12.94726,42.57492],[12.94654,42.57519],[12.94598,42.57541],[12.94533,42.57565],[12.94527,42.57568],[12.94523,42.57569],[12.94495,42.5758],[12.94478,42.57587],[12.94462,42.57592],[12.94429,42.57605],[12.94388,42.5762],[12.94387,42.57621],[12.94381,42.57623],[12.94375,42.57625],[12.94366,42.57629],[12.94354,42.57633],[12.94343,42.57637],[12.94326,42.57644],[12.94323,42.57645],[12.94322,42.57646],[12.94311,42.5765],[12.943,42.57654],[12.94283,42.5766],[12.94258,42.5767],[12.94256,42.5767],[12.94245,42.57674],[12.94242,42.57675],[12.94187,42.57697],[12.9418,42.577],[12.94146,42.57712],[12.94127,42.57719],[12.94111,42.57725],[12.94105,42.57727],[12.941,42.57728],[12.94064,42.5774],[12.94045,42.57745],[12.94024,42.57751],[12.93996,42.57757],[12.93975,42.57761],[12.93957,42.57764],[12.93935,42.57767],[12.93916,42.5777],[12.93903,42.57771],[12.93873,42.57773],[12.93855,42.57775],[12.93848,42.57775],[12.93835,42.57775],[12.93812,42.57774],[12.93785,42.57772],[12.93741,42.57769],[12.93675,42.57763],[12.93598,42.57757],[12.93569,42.57754],[12.93546,42.57753],[12.93522,42.57751],[12.93498,42.57749],[12.93496,42.57748],[12.93447,42.57745],[12.93434,42.57744],[12.93423,42.57743],[12.93375,42.57738],[12.93332,42.57735],[12.93326,42.57735],[12.9331,42.57734],[12.93306,42.57733],[12.93302,42.57733],[12.93277,42.57732],[12.93276,42.57732],[12.93246,42.57732],[12.93224,42.57732],[12.93203,42.57733],[12.93201,42.57734],[12.93179,42.57736],[12.93167,42.57737],[12.93155,42.57739],[12.93153,42.57739],[12.93137,42.57741],[12.93128,42.57743],[12.93107,42.57747],[12.93101,42.57749],[12.93084,42.57753],[12.93065,42.57758],[12.93061,42.57759],[12.93043,42.57765],[12.93039,42.57766],[12.93032,42.57768],[12.93016,42.57774],[12.93012,42.57775],[12.92995,42.57782],[12.92993,42.57783],[12.92968,42.57795],[12.92955,42.57801],[12.92954,42.57802],[12.92937,42.57811],[12.92934,42.57812],[12.92916,42.57824],[12.92901,42.57834],[12.92881,42.57849],[12.9286,42.57865],[12.9285,42.57873],[12.92843,42.57878],[12.9281,42.57905],[12.92794,42.57918],[12.92784,42.57926],[12.92777,42.57932],[12.92761,42.57945],[12.92746,42.57956],[12.92744,42.57958],[12.92727,42.57971],[12.9271,42.57984],[12.92695,42.57995],[12.92676,42.5801],[12.92665,42.58019],[12.9266,42.58023],[12.92642,42.58036],[12.92631,42.58044],[12.92625,42.58048],[12.92611,42.58057],[12.92606,42.5806],[12.92593,42.58069],[12.92588,42.58072],[12.92587,42.58073],[12.92583,42.58075],[12.92578,42.58078],[12.9257,42.58083],[12.92569,42.58083],[12.9255,42.58094],[12.92545,42.58097],[12.9253,42.58105],[12.92516,42.58112],[12.92509,42.58114],[12.92501,42.58118],[12.92488,42.58123],[12.9247,42.5813],[12.92466,42.58131],[12.92444,42.58138],[12.92439,42.58139],[12.92421,42.58144],[12.92398,42.5815],[12.92374,42.58155],[12.92365,42.58156],[12.92351,42.58158],[12.92338,42.5816],[12.92326,42.58161],[12.92313,42.58163],[12.92302,42.58163],[12.9229,42.58164],[12.92277,42.58164],[12.92265,42.58165],[12.92261,42.58165],[12.92237,42.58164],[12.92233,42.58164],[12.92231,42.58164],[12.92229,42.58163],[12.92225,42.58163],[12.92213,42.58162],[12.92206,42.58162],[12.92204,42.58161],[12.92201,42.58161],[12.92191,42.5816],[12.9216,42.58156],[12.92135,42.58151],[12.92133,42.58151],[12.92109,42.58146],[12.92107,42.58145],[12.92086,42.58139],[12.92074,42.58136],[12.92064,42.58132],[12.92056,42.58129],[12.92042,42.58124],[12.92033,42.58121],[12.92023,42.58116],[12.92021,42.58115],[12.92009,42.58109],[12.92001,42.58105],[12.91997,42.58103],[12.91984,42.58097],[12.91981,42.58094],[12.91968,42.58087],[12.91968,42.58086],[12.91964,42.58084],[12.91962,42.58083],[12.9196,42.58081],[12.91951,42.58076],[12.91944,42.58071],[12.91942,42.58069],[12.9193,42.58061],[12.91927,42.58058],[12.91914,42.58048],[12.91898,42.58034],[12.91888,42.58024],[12.91881,42.58016],[12.91867,42.58],[12.91862,42.57994],[12.91857,42.57988],[12.91839,42.57962],[12.91838,42.57961],[12.91836,42.57956],[12.9183,42.57945],[12.91828,42.57942],[12.91827,42.57939],[12.91821,42.57928],[12.91818,42.57922],[12.91814,42.57911],[12.91807,42.57896],[12.91807,42.57894],[12.91802,42.57876],[12.91801,42.57875],[12.91794,42.5784],[12.91794,42.57834],[12.91793,42.57823],[12.91792,42.57812],[12.91793,42.57805],[12.91793,42.57795],[12.91794,42.57789],[12.91794,42.57787],[12.91796,42.57769],[12.91803,42.57733],[12.91805,42.57723],[12.91807,42.57716],[12.91808,42.57706],[12.91809,42.57705],[12.9181,42.57698],[12.91815,42.5768],[12.91819,42.57662],[12.91823,42.57645],[12.91828,42.57625],[12.9183,42.57617],[12.91834,42.57599],[12.9184,42.57574],[12.91843,42.57564],[12.91845,42.57556],[12.91852,42.57525],[12.91858,42.57503],[12.91865,42.57476],[12.91867,42.57468],[12.91872,42.5745],[12.91874,42.57446],[12.91876,42.57432],[12.91877,42.57429],[12.9188,42.57408],[12.9188,42.57397],[12.91879,42.57379],[12.91879,42.5737],[12.91874,42.57339],[12.91869,42.57325],[12.91868,42.57322],[12.91862,42.57308],[12.9186,42.57303],[12.91856,42.57291],[12.91852,42.5728],[12.91849,42.57274],[12.91845,42.57264],[12.91838,42.57246],[12.91835,42.5724],[12.91811,42.57186],[12.91783,42.57119],[12.9178,42.57113],[12.91777,42.57102],[12.9177,42.57081],[12.91761,42.57049],[12.9176,42.57047],[12.91758,42.57039],[12.91753,42.57021],[12.91752,42.57019],[12.91751,42.57014],[12.91746,42.56999],[12.91733,42.56938],[12.9173,42.56925],[12.91726,42.56907],[12.91723,42.5689],[12.91719,42.56872],[12.91717,42.56861],[12.91711,42.56836],[12.91707,42.56819],[12.917,42.5679],[12.91699,42.56785],[12.91691,42.56757],[12.91689,42.5675],[12.91688,42.56746],[12.91684,42.56734],[12.91684,42.56732],[12.91683,42.56731],[12.91678,42.56716],[12.91669,42.56696],[12.91663,42.56682],[12.91651,42.56663],[12.91641,42.56648],[12.91636,42.56642],[12.9162,42.56619],[12.91613,42.56611],[12.91604,42.56599],[12.91599,42.56593],[12.91595,42.56588],[12.91561,42.5654],[12.9156,42.56539],[12.91543,42.56518],[12.91531,42.56503],[12.91529,42.56501],[12.91523,42.56494],[12.9152,42.56491],[12.9151,42.56482],[12.91492,42.56472],[12.91458,42.56453],[12.91445,42.56449],[12.9144,42.56447],[12.91422,42.56444],[12.91416,42.56442],[12.91398,42.56441],[12.91373,42.56439],[12.91365,42.5644],[12.91341,42.56443],[12.91336,42.56444],[12.91326,42.56446],[12.91313,42.56449],[12.91302,42.56452],[12.91298,42.56452],[12.91279,42.56457],[12.91243,42.56466],[12.91197,42.56477],[12.91177,42.56482],[12.91153,42.56486],[12.91147,42.56487],[12.91105,42.56494],[12.91101,42.56495],[12.91073,42.56501],[12.91059,42.56506],[12.91046,42.5651],[12.91042,42.56511],[12.91037,42.56513],[12.91024,42.56518],[12.91023,42.56519],[12.90994,42.56527],[12.90963,42.56533],[12.90937,42.56539],[12.90916,42.56546],[12.90894,42.56554],[12.90887,42.56555],[12.90882,42.56556],[12.90878,42.56556],[12.90873,42.56556],[12.90868,42.56554],[12.90865,42.56553],[12.90861,42.5655],[12.90857,42.56546],[12.90849,42.56535],[12.90846,42.5653],[12.90843,42.56524],[12.90836,42.56519],[12.90825,42.56515],[12.90816,42.56513],[12.90807,42.56512],[12.90803,42.56511],[12.90768,42.56509],[12.90744,42.56508],[12.90717,42.56507],[12.90699,42.56506],[12.90681,42.56506],[12.90639,42.56509],[12.90615,42.5651],[12.90605,42.5651],[12.90592,42.56508],[12.90544,42.56498],[12.9046,42.56482],[12.90425,42.56475],[12.90416,42.56473],[12.90405,42.5647],[12.90395,42.56466],[12.90373,42.56455],[12.9036,42.56448],[12.9035,42.56444],[12.9034,42.56441],[12.90322,42.56435],[12.90309,42.56433],[12.90306,42.56433],[12.9029,42.56431],[12.90282,42.5643],[12.90277,42.56429],[12.9027,42.56428],[12.90267,42.56427],[12.90265,42.56426],[12.90261,42.56423],[12.9026,42.56422],[12.90255,42.56417],[12.90248,42.56407],[12.90247,42.56404],[12.90238,42.56394],[12.90234,42.56391],[12.90229,42.56388],[12.90221,42.56386],[12.90213,42.56385],[12.90211,42.56385],[12.90203,42.56386],[12.90193,42.56389],[12.90167,42.56396],[12.90157,42.56398],[12.90148,42.56398],[12.90141,42.56397],[12.90129,42.56395],[12.9012,42.56392],[12.90115,42.56391],[12.90107,42.56388],[12.90098,42.56384],[12.90085,42.56378],[12.9006,42.56362],[12.90045,42.56354],[12.90037,42.56349],[12.9,42.56331],[12.89991,42.56326],[12.89985,42.56323],[12.8998,42.5632],[12.89974,42.56318],[12.89969,42.56315],[12.89963,42.56314],[12.89955,42.56314],[12.8994,42.56316],[12.89931,42.56319],[12.89924,42.56322],[12.89913,42.56326],[12.89895,42.5633],[12.89889,42.56331],[12.89885,42.56332],[12.89874,42.56332],[12.89859,42.56329],[12.89838,42.56324],[12.89817,42.56319],[12.89794,42.56312],[12.89774,42.56304],[12.8976,42.56298],[12.89758,42.56297],[12.89753,42.56295],[12.89744,42.56291],[12.89738,42.56287],[12.8973,42.56281],[12.89721,42.56274],[12.89715,42.56269],[12.897,42.56258],[12.897,42.56257],[12.89692,42.56252],[12.89686,42.56249],[12.89683,42.56247],[12.89681,42.56247],[12.89673,42.56244],[12.89657,42.56243],[12.89641,42.56242],[12.89609,42.56243],[12.8958,42.56247],[12.89561,42.56249],[12.89543,42.56248],[12.89525,42.56246],[12.89512,42.56244],[12.89503,42.56243],[12.89494,42.56241],[12.89488,42.56241],[12.89484,42.5624],[12.89473,42.56241],[12.89463,42.56243],[12.89455,42.56246],[12.89448,42.5625],[12.89437,42.56254],[12.89427,42.56257],[12.8942,42.56258],[12.89404,42.56261],[12.89379,42.56264],[12.89357,42.56267],[12.89338,42.56269],[12.89329,42.56269],[12.89327,42.56268],[12.89326,42.56268],[12.89323,42.56267],[12.8932,42.56265],[12.89317,42.56264],[12.89315,42.56262],[12.89314,42.56261],[12.89312,42.56258],[12.89312,42.56255],[12.89308,42.56246],[12.89305,42.56238],[12.893,42.56226],[12.89297,42.56221],[12.89292,42.56213],[12.89291,42.56212],[12.89289,42.5621],[12.89285,42.56207],[12.89284,42.56206],[12.89279,42.56205],[12.89275,42.56203],[12.89269,42.56203],[12.89258,42.56203],[12.89248,42.56206],[12.89239,42.56211],[12.89227,42.56223],[12.89223,42.56225],[12.89219,42.56228],[12.89212,42.56231],[12.89202,42.56233],[12.89188,42.56232],[12.89166,42.56231],[12.89154,42.56229],[12.89146,42.56228],[12.89131,42.56225],[12.8913,42.56224],[12.89115,42.56219],[12.891,42.56211],[12.8909,42.56204],[12.89078,42.56195],[12.89064,42.56185],[12.89054,42.5618],[12.89042,42.56177],[12.89029,42.56175],[12.89007,42.56172],[12.88959,42.56165],[12.88852,42.5615],[12.88812,42.56144],[12.88788,42.56141],[12.88743,42.56134],[12.8874,42.56134],[12.88728,42.56132],[12.88719,42.5613],[12.88717,42.56129],[12.88706,42.56127],[12.88696,42.56124],[12.88693,42.56124],[12.88686,42.56122],[12.88675,42.56118],[12.88674,42.56117],[12.88671,42.56116],[12.88663,42.56112],[12.88651,42.56106],[12.88635,42.56097],[12.88634,42.56096],[12.88632,42.56095],[12.88628,42.56093],[12.88614,42.56086],[12.88612,42.56084],[12.88609,42.56083],[12.88581,42.56065],[12.88573,42.56058],[12.88565,42.56051],[12.88561,42.56046],[12.88549,42.56032],[12.88537,42.56022],[12.88534,42.56019],[12.88517,42.56006],[12.88515,42.56004],[12.885,42.55993],[12.88498,42.55991],[12.88483,42.5598],[12.88481,42.55978],[12.88467,42.55966],[12.88462,42.55962],[12.88456,42.55958],[12.88448,42.55953],[12.88447,42.55952],[12.8844,42.5595],[12.88433,42.55948],[12.88425,42.55948],[12.88424,42.55948],[12.88415,42.55949],[12.88404,42.55953],[12.88402,42.55954],[12.88396,42.55957],[12.88392,42.55959],[12.88388,42.55962],[12.88383,42.55966],[12.8838,42.55968],[12.88376,42.55972],[12.88368,42.55975],[12.88367,42.55976],[12.88364,42.55977],[12.8836,42.55978],[12.88352,42.5598],[12.88343,42.55981],[12.88342,42.55981],[12.88341,42.55981],[12.88333,42.55981],[12.88324,42.55981],[12.88319,42.55979],[12.88317,42.55979],[12.88316,42.55978],[12.88271,42.55965],[12.88263,42.55963],[12.88248,42.55959],[12.88225,42.55954],[12.88221,42.55953],[12.88191,42.55947],[12.88185,42.55946],[12.88175,42.55945],[12.88154,42.55941],[12.8813,42.55938],[12.88112,42.55935],[12.88108,42.55935],[12.88089,42.55934],[12.88084,42.55934],[12.88081,42.55934],[12.88072,42.55935],[12.88057,42.55935],[12.88052,42.55936],[12.88033,42.55936],[12.88015,42.55937],[12.88008,42.55937],[12.87986,42.55938],[12.87984,42.55938],[12.87983,42.55938],[12.87962,42.55937],[12.87959,42.55937],[12.87958,42.55936],[12.87936,42.55932],[12.87931,42.55931],[12.87911,42.55926],[12.87889,42.55921],[12.87843,42.5591],[12.87822,42.55906],[12.87819,42.55905],[12.87802,42.55901],[12.8778,42.55895],[12.87755,42.55885],[12.87754,42.55885],[12.87752,42.55884],[12.87741,42.55882],[12.87731,42.5588],[12.87729,42.55879],[12.87705,42.55875],[12.87696,42.55873],[12.87681,42.55868],[12.87668,42.55861],[12.87663,42.55857],[12.87661,42.55855],[12.87654,42.55848],[12.87652,42.55844],[12.8765,42.55839],[12.87648,42.5583],[12.87648,42.55824],[12.87648,42.55823],[12.8765,42.55808],[12.87651,42.55806],[12.8766,42.55745],[12.87662,42.55735],[12.87665,42.55717],[12.87669,42.55699],[12.87675,42.55669],[12.87676,42.55663],[12.87676,42.55655],[12.87678,42.55647],[12.87679,42.55646],[12.87679,42.55644],[12.87682,42.55636],[12.87686,42.5563],[12.87687,42.55629],[12.87689,42.55626],[12.87693,42.55619],[12.87696,42.55614],[12.87696,42.55613],[12.87696,42.55612],[12.87699,42.55603],[12.87699,42.55595],[12.87699,42.55594],[12.87698,42.55588],[12.87696,42.55583],[12.87691,42.55578],[12.87681,42.55571],[12.87675,42.55569],[12.87673,42.55569],[12.87668,42.55567],[12.87661,42.55567],[12.87655,42.55567],[12.87649,42.55568],[12.87647,42.55568],[12.87645,42.55569],[12.87637,42.55571],[12.87625,42.55576],[12.87623,42.55577],[12.87608,42.55586],[12.87606,42.55587],[12.87606,42.55588],[12.87592,42.556],[12.8759,42.55601],[12.87576,42.55614],[12.87559,42.55629],[12.87558,42.55629],[12.87544,42.55643],[12.87539,42.55649],[12.8753,42.55658],[12.87525,42.55663],[12.87514,42.55671],[12.8751,42.55675],[12.875,42.55685],[12.87499,42.55686],[12.87493,42.55694],[12.87477,42.55714],[12.87464,42.55727],[12.87451,42.55738],[12.87444,42.55745],[12.87443,42.55747],[12.87435,42.55756],[12.87433,42.55761],[12.87428,42.55769],[12.87422,42.55782],[12.87414,42.55805],[12.87411,42.55812],[12.87408,42.55818],[12.87404,42.55822],[12.874,42.55825],[12.87397,42.55826],[12.87387,42.5583],[12.87375,42.55834],[12.87362,42.55838],[12.87353,42.55842],[12.87337,42.55848],[12.87334,42.55849],[12.87331,42.5585],[12.87326,42.55851],[12.8731,42.55855],[12.87308,42.55855],[12.87289,42.55858],[12.87284,42.55859],[12.87254,42.55865],[12.87238,42.55871],[12.87216,42.55878],[12.87211,42.5588],[12.87196,42.55884],[12.87193,42.55884],[12.87186,42.55885],[12.87179,42.55883],[12.87173,42.55881],[12.87171,42.5588],[12.87161,42.55873],[12.87156,42.55868],[12.87155,42.55866],[12.87148,42.55857],[12.87143,42.55852],[12.87142,42.55851],[12.87126,42.55837],[12.87123,42.55834],[12.87107,42.55826],[12.87094,42.55819],[12.87089,42.55817],[12.87087,42.55816],[12.87065,42.55808],[12.87051,42.55802],[12.87044,42.558],[12.87029,42.55794],[12.87022,42.55792],[12.87,42.55784],[12.86985,42.55779],[12.86975,42.55775],[12.86966,42.55769],[12.8696,42.55764],[12.86954,42.55758],[12.86947,42.55748],[12.86937,42.55735],[12.86937,42.55734],[12.86935,42.55733],[12.86932,42.5573],[12.86927,42.55727],[12.86921,42.55724],[12.86915,42.55723],[12.86908,42.55723],[12.86894,42.55723],[12.86891,42.55723],[12.86888,42.55723],[12.86882,42.55724],[12.86851,42.55728],[12.86845,42.55728],[12.86843,42.55728],[12.86838,42.55727],[12.86831,42.55725],[12.86826,42.55724],[12.8682,42.55721],[12.86814,42.55716],[12.8681,42.5571],[12.86807,42.55706],[12.86806,42.55704],[12.86803,42.55699],[12.86801,42.55696],[12.86799,42.55692],[12.86798,42.55689],[12.86792,42.55677],[12.86791,42.55675],[12.86789,42.55673],[12.86788,42.5567],[12.86787,42.5567],[12.86786,42.55669],[12.8678,42.55664],[12.86772,42.5566],[12.86769,42.55659],[12.86751,42.55651],[12.86734,42.55642],[12.86732,42.5564],[12.86729,42.55638],[12.86726,42.55634],[12.86723,42.55626],[12.86722,42.55624],[12.86721,42.55621],[12.86722,42.55613],[12.86724,42.55606],[12.86725,42.55602],[12.86729,42.55589],[12.8673,42.55587],[12.86733,42.55578],[12.86735,42.55571],[12.86737,42.55564],[12.86737,42.5555],[12.86737,42.55535],[12.86736,42.55525],[12.86736,42.55518],[12.86736,42.55513],[12.86737,42.55506],[12.86738,42.555],[12.86739,42.55497],[12.8674,42.55491],[12.86739,42.55488],[12.86737,42.55484],[12.86736,42.55482],[12.86734,42.5548],[12.86732,42.55479],[12.8673,42.55477],[12.86726,42.55475],[12.86723,42.55475],[12.8672,42.55474],[12.86716,42.55475],[12.86715,42.55475],[12.86708,42.55476],[12.86693,42.5548],[12.86693,42.55481],[12.86663,42.55493],[12.86656,42.55496],[12.8665,42.55497],[12.86648,42.55497],[12.86641,42.55498],[12.86632,42.55499],[12.86625,42.55498],[12.86619,42.55497],[12.86613,42.55495],[12.86608,42.55492],[12.86606,42.55489],[12.86604,42.55487],[12.86603,42.55484],[12.86601,42.55479],[12.86603,42.55472],[12.86603,42.55469],[12.86606,42.55444],[12.86604,42.55427],[12.86603,42.55418],[12.86601,42.55407],[12.86599,42.554],[12.86594,42.55382],[12.8659,42.55365],[12.86589,42.55364],[12.86584,42.55355],[12.8658,42.55351],[12.86578,42.55349],[12.86575,42.55348],[12.86569,42.55345],[12.86561,42.55345],[12.86555,42.55345],[12.86552,42.55346],[12.86543,42.55348],[12.86532,42.55351],[12.86529,42.55352],[12.86526,42.55353],[12.86509,42.55358],[12.86507,42.55358],[12.86506,42.55359],[12.86503,42.5536],[12.86486,42.55364],[12.86482,42.55365],[12.86478,42.55365],[12.86474,42.55365],[12.86469,42.55364],[12.86464,42.55362],[12.86463,42.55362],[12.86459,42.55359],[12.86446,42.55351],[12.86445,42.5535],[12.86427,42.55337],[12.86412,42.55323],[12.86398,42.55309],[12.86383,42.55294],[12.86381,42.55292],[12.86369,42.5528],[12.86362,42.55271],[12.86354,42.55265],[12.86352,42.55264],[12.86349,42.55262],[12.86342,42.55258],[12.86335,42.55254],[12.86329,42.55252],[12.86317,42.55245],[12.86294,42.55235],[12.86294,42.55234],[12.86272,42.55227],[12.86264,42.55224],[12.86232,42.55217],[12.86226,42.55215],[12.86223,42.55214],[12.86216,42.55209],[12.86213,42.55204],[12.86212,42.55201],[12.8621,42.55198],[12.86209,42.55195],[12.86209,42.55189],[12.8621,42.55185],[12.86211,42.55184],[12.86212,42.55179],[12.86218,42.55171],[12.8622,42.55167],[12.86223,42.55163],[12.86236,42.55147],[12.86248,42.55128],[12.86252,42.55121],[12.86253,42.55119],[12.86256,42.55111],[12.86258,42.55102],[12.86258,42.55099],[12.86258,42.55097],[12.86258,42.55096],[12.86257,42.55091],[12.86256,42.5509],[12.86254,42.55088],[12.86252,42.55085],[12.86249,42.55084],[12.86246,42.55083],[12.86243,42.55083],[12.86241,42.55083],[12.86228,42.55084],[12.8622,42.55085],[12.86204,42.55087],[12.86203,42.55088],[12.86185,42.55091],[12.8618,42.55092],[12.86172,42.55094],[12.86156,42.55095],[12.86153,42.55096],[12.8615,42.55096],[12.86148,42.55096],[12.86124,42.55102],[12.86109,42.55105],[12.86104,42.55106],[12.86085,42.55107],[12.86084,42.55107],[12.86067,42.55104],[12.86061,42.55102],[12.86056,42.55101],[12.86045,42.55096],[12.8604,42.55094],[12.86029,42.55088],[12.86011,42.55077],[12.86003,42.55071],[12.8599,42.55062],[12.85975,42.55048],[12.8597,42.55044],[12.85962,42.55036],[12.85954,42.55026],[12.85949,42.55019],[12.85947,42.55014],[12.85946,42.55013],[12.85944,42.55006],[12.85943,42.54996],[12.85943,42.54995],[12.85942,42.54992],[12.85942,42.5499],[12.85942,42.54984],[12.85941,42.54977],[12.85941,42.54974],[12.85941,42.54972],[12.85941,42.54967],[12.85942,42.54959],[12.85943,42.54947],[12.85943,42.54941],[12.85943,42.54938],[12.85942,42.54913],[12.85941,42.54905],[12.8594,42.54888],[12.8594,42.54887],[12.8594,42.54885],[12.8594,42.54882],[12.85939,42.54877],[12.85938,42.5487],[12.85937,42.54869],[12.85936,42.54867],[12.85933,42.54864],[12.85929,42.5486],[12.85925,42.54857],[12.8592,42.54855],[12.85916,42.54853],[12.85909,42.54852],[12.85903,42.54852],[12.85899,42.54852],[12.85884,42.54854],[12.85875,42.54856],[12.8586,42.54859],[12.85852,42.54861],[12.85837,42.54865],[12.85817,42.5487],[12.85807,42.54873],[12.85806,42.54873],[12.85796,42.54872],[12.85788,42.54871],[12.85782,42.54869],[12.85781,42.54868],[12.85779,42.54867],[12.85777,42.54866],[12.85774,42.54864],[12.85768,42.5486],[12.85765,42.54857],[12.85752,42.54844],[12.8575,42.54842],[12.85735,42.54828],[12.85733,42.54827],[12.85719,42.54815],[12.85718,42.54814],[12.85708,42.54808],[12.85699,42.54805],[12.85698,42.54805],[12.85692,42.54803],[12.85689,42.54802],[12.85675,42.54801],[12.85671,42.548],[12.85668,42.548],[12.85664,42.548],[12.85656,42.54798],[12.85652,42.54796],[12.85647,42.54794],[12.85639,42.54791],[12.8563,42.54786],[12.85619,42.54779],[12.85613,42.54775],[12.8561,42.54773],[12.85607,42.54772],[12.85597,42.54765],[12.85595,42.54763],[12.8559,42.54759],[12.85589,42.54757],[12.85585,42.54751],[12.85584,42.54749],[12.85584,42.54747],[12.85584,42.54746],[12.85585,42.5474],[12.85589,42.54731],[12.85589,42.54729],[12.85595,42.54716],[12.85596,42.54712],[12.85599,42.54705],[12.856,42.54699],[12.856,42.54695],[12.856,42.54691],[12.856,42.54688],[12.85598,42.54684],[12.85594,42.54677],[12.85587,42.54665],[12.85584,42.54661],[12.85577,42.54652],[12.8557,42.54646],[12.85559,42.54637],[12.85553,42.54633],[12.85551,42.54631],[12.85548,42.5463],[12.85538,42.54622],[12.85536,42.5462],[12.85533,42.54619],[12.85515,42.54605],[12.85499,42.54595],[12.8548,42.54587],[12.8546,42.54579],[12.85458,42.54578],[12.85446,42.54573],[12.85435,42.54565],[12.85423,42.54556],[12.85413,42.54548],[12.85405,42.54542],[12.85388,42.54529],[12.85371,42.54516],[12.85371,42.54515],[12.85364,42.54507],[12.85361,42.54499],[12.8536,42.54498],[12.85354,42.54482],[12.85354,42.54481],[12.85348,42.54464],[12.85347,42.5446],[12.85342,42.54447],[12.85342,42.54444],[12.85341,42.54442],[12.85337,42.5443],[12.85335,42.54424],[12.85331,42.54412],[12.8533,42.54409],[12.8533,42.54407],[12.85326,42.54394],[12.85322,42.54381],[12.85321,42.54376],[12.8532,42.54372],[12.85316,42.54359],[12.85316,42.54358],[12.85312,42.54347],[12.8531,42.54342],[12.85307,42.54334],[12.853,42.54325],[12.85293,42.54318],[12.85285,42.54312],[12.85254,42.54288],[12.85233,42.54274],[12.85227,42.5427],[12.85193,42.54252],[12.85174,42.54242],[12.85154,42.54232],[12.85128,42.54218],[12.85115,42.5421],[12.85107,42.54205],[12.85093,42.54194],[12.85092,42.54193],[12.85077,42.54181],[12.85076,42.5418],[12.85066,42.5417],[12.85065,42.54169],[12.85054,42.54154],[12.85054,42.54153],[12.85045,42.54138],[12.85036,42.54121],[12.85034,42.54117],[12.85027,42.54104],[12.85024,42.541],[12.85017,42.54088],[12.85017,42.54086],[12.85015,42.54083],[12.85008,42.54073],[12.85007,42.54071],[12.84999,42.54063],[12.84992,42.54057],[12.84989,42.54054],[12.84976,42.54043],[12.84975,42.54042],[12.84961,42.54029],[12.84959,42.54028],[12.8495,42.54018],[12.84948,42.54014],[12.84945,42.54008],[12.84942,42.53997],[12.84939,42.53982],[12.8494,42.53979],[12.8494,42.53974],[12.8494,42.53968],[12.84943,42.53958],[12.8495,42.53948],[12.84953,42.53945],[12.84957,42.53942],[12.84963,42.53937],[12.84971,42.53933],[12.84975,42.53931],[12.84989,42.53925],[12.85011,42.53919],[12.85015,42.53919],[12.85039,42.53914],[12.8504,42.53913],[12.85061,42.53908],[12.85062,42.53908],[12.8508,42.53903],[12.85096,42.53898],[12.85113,42.53892],[12.85124,42.53888],[12.85135,42.53884],[12.8515,42.53878],[12.8517,42.5387],[12.85172,42.53869],[12.85198,42.5386],[12.85216,42.53854],[12.85222,42.53853],[12.85223,42.53853],[12.85239,42.53849],[12.85249,42.53847],[12.85263,42.53844],[12.85293,42.53838],[12.8531,42.53835],[12.85317,42.53833],[12.85327,42.53831],[12.85343,42.53828],[12.85352,42.53826],[12.85356,42.53824],[12.85361,42.53821],[12.85368,42.53815],[12.85373,42.53811],[12.85376,42.53807],[12.85377,42.53806],[12.85387,42.53796],[12.85392,42.53793],[12.85398,42.53788],[12.85405,42.53784],[12.8541,42.53781],[12.85425,42.53773],[12.85429,42.53771],[12.85445,42.53764],[12.85451,42.53761],[12.85463,42.53756],[12.85476,42.53754],[12.85491,42.53751],[12.85503,42.53748],[12.85512,42.53744],[12.85513,42.53744],[12.8552,42.5374],[12.85526,42.53733],[12.85534,42.53726],[12.85561,42.53709],[12.85597,42.53686],[12.85603,42.53684],[12.85609,42.53682],[12.85615,42.5368],[12.85626,42.53679],[12.8563,42.53678],[12.85633,42.53677],[12.8565,42.53674],[12.85651,42.53674],[12.8566,42.5367],[12.85678,42.53661],[12.85689,42.53653],[12.85696,42.53648],[12.85706,42.5364],[12.85709,42.53638],[12.8571,42.53636],[12.85719,42.5363],[12.85722,42.53626],[12.85723,42.53624],[12.85724,42.53622],[12.85726,42.53619],[12.85726,42.53609],[12.85726,42.53604],[12.85725,42.53597],[12.85723,42.53594],[12.85721,42.53592],[12.85721,42.53591],[12.85717,42.53588],[12.85714,42.53587],[12.85711,42.53585],[12.85708,42.53585],[12.85702,42.53585],[12.85701,42.53585],[12.85694,42.53587],[12.85693,42.53587],[12.85681,42.53592],[12.85679,42.53593],[12.8567,42.53596],[12.85656,42.53598],[12.85655,42.53598],[12.85649,42.53597],[12.85643,42.53597],[12.85632,42.53594],[12.85628,42.53593],[12.85625,42.53592],[12.85608,42.53588],[12.85606,42.53587],[12.85589,42.53584],[12.85585,42.53583],[12.85563,42.5358],[12.85561,42.53581],[12.85548,42.53581],[12.85537,42.53583],[12.85536,42.53583],[12.85508,42.53589],[12.85492,42.53592],[12.85472,42.53594],[12.85465,42.53594],[12.85451,42.53594],[12.85441,42.53594],[12.85421,42.53594],[12.85417,42.53594],[12.85399,42.53593],[12.85392,42.53593],[12.85377,42.53592],[12.85368,42.53593],[12.85346,42.53594],[12.85343,42.53594],[12.85337,42.53594],[12.85319,42.53594],[12.85314,42.53594],[12.85295,42.53593],[12.85276,42.53593],[12.85242,42.5359],[12.85222,42.5359],[12.85215,42.5359],[12.85197,42.53589],[12.85173,42.53589],[12.85161,42.53589],[12.85148,42.53589],[12.85145,42.53589],[12.85134,42.53587],[12.85126,42.53584],[12.85125,42.53584],[12.85102,42.53578],[12.851,42.53577],[12.85078,42.53574],[12.85074,42.53574],[12.85053,42.53572],[12.85038,42.53571],[12.8503,42.53571],[12.85023,42.53571],[12.85005,42.5357],[12.84999,42.5357],[12.84986,42.5357],[12.84981,42.53569],[12.84962,42.53569],[12.84957,42.53568],[12.84938,42.53567],[12.84932,42.53566],[12.84911,42.53563],[12.84908,42.53563],[12.84902,42.53562],[12.84884,42.53559],[12.84883,42.53559],[12.84878,42.53558],[12.8486,42.53556],[12.84854,42.53555],[12.84836,42.53553],[12.84835,42.53553],[12.84819,42.53551],[12.84812,42.53551],[12.84805,42.53551],[12.84804,42.53551],[12.84788,42.53552],[12.84783,42.53552],[12.84769,42.53554],[12.84764,42.53555],[12.8474,42.53557],[12.84721,42.53559],[12.84706,42.5356],[12.84691,42.53562],[12.84669,42.53565],[12.84667,42.53565],[12.8466,42.53565],[12.84649,42.53565],[12.84638,42.53562],[12.84624,42.5356],[12.84619,42.5356],[12.84614,42.53559],[12.84595,42.53559],[12.84589,42.53559],[12.84574,42.5356],[12.8457,42.5356],[12.84565,42.5356],[12.84556,42.5356],[12.84532,42.53561],[12.84522,42.53561],[12.84519,42.53562],[12.84516,42.53561],[12.84512,42.5356],[12.84508,42.53558],[12.84505,42.53556],[12.84502,42.53553],[12.84501,42.5355],[12.845,42.53545],[12.845,42.53533],[12.845,42.53521],[12.84501,42.53516],[12.84502,42.53503],[12.84503,42.53502],[12.84504,42.53495],[12.84505,42.53493],[12.84508,42.53487],[12.84509,42.53486],[12.84516,42.53474],[12.84519,42.53469],[12.84524,42.53463],[12.84529,42.53453],[12.84534,42.53445],[12.84539,42.53436],[12.84545,42.53421],[12.84546,42.53419],[12.84551,42.53406],[12.84553,42.53402],[12.84557,42.53393],[12.84558,42.53392],[12.84561,42.53384],[12.84565,42.53376],[12.84566,42.5337],[12.84566,42.53361],[12.84565,42.53357],[12.84563,42.53354],[12.84555,42.53344],[12.84548,42.53335],[12.84546,42.53333],[12.84542,42.53328],[12.84535,42.5332],[12.84529,42.53312],[12.84516,42.53296],[12.84509,42.53288],[12.84503,42.53283],[12.84497,42.53278],[12.84493,42.53276],[12.84484,42.5327],[12.84467,42.5326],[12.84456,42.53253],[12.84438,42.53241],[12.84434,42.53239],[12.84416,42.53228],[12.84403,42.5322],[12.84401,42.53219],[12.84394,42.53215],[12.84388,42.53213],[12.8438,42.5321],[12.84369,42.53207],[12.84356,42.53205],[12.84354,42.53205],[12.84351,42.53205],[12.84342,42.53204],[12.84335,42.53203],[12.84326,42.53201],[12.84317,42.53198],[12.84311,42.53195],[12.84309,42.53194],[12.84303,42.53191],[12.84295,42.53186],[12.8429,42.53182],[12.84288,42.5318],[12.84282,42.53176],[12.84277,42.53171],[12.84273,42.53166],[12.84269,42.53159],[12.84267,42.53152],[12.84265,42.53145],[12.84265,42.53131],[12.84265,42.53121],[12.84266,42.53116],[12.84268,42.53106],[12.84272,42.53097],[12.84285,42.53073],[12.8429,42.53061],[12.84293,42.53052],[12.84293,42.53044],[12.84292,42.53033],[12.84291,42.53029],[12.84288,42.53021],[12.84284,42.5301],[12.84283,42.53005],[12.84282,42.52999],[12.84282,42.52992],[12.84284,42.52988],[12.84285,42.52984],[12.84286,42.52981],[12.84289,42.52976],[12.84292,42.52971],[12.84301,42.5296],[12.84314,42.52944],[12.84319,42.52939],[12.84329,42.52933],[12.84349,42.52922],[12.8435,42.52922],[12.8436,42.52917],[12.84374,42.5291],[12.84385,42.52905],[12.8439,42.52901],[12.84392,42.52899],[12.84394,42.52896],[12.84394,42.52894],[12.84394,42.52891],[12.84392,42.52888],[12.84391,42.52886],[12.8439,42.52885],[12.84389,42.52883],[12.84386,42.52881],[12.84383,42.5288],[12.84378,42.52879],[12.84373,42.52879],[12.84366,42.5288],[12.84347,42.52883],[12.84315,42.52885],[12.84269,42.52887],[12.84258,42.52887],[12.84247,42.52887],[12.84231,42.52885],[12.84224,42.52883],[12.84218,42.52882],[12.84204,42.52878],[12.84182,42.5287],[12.84157,42.52859],[12.84147,42.52853],[12.84139,42.52848],[12.84134,42.52843],[12.84127,42.52838],[12.84123,42.52834],[12.84116,42.52828],[12.84106,42.52817],[12.84098,42.52808],[12.84092,42.52799],[12.84088,42.52792],[12.84087,42.52787],[12.84086,42.52783],[12.84086,42.52781],[12.84086,42.52778],[12.84088,42.52774],[12.84091,42.5277],[12.84092,42.5277],[12.84095,42.52767],[12.84098,42.52764],[12.84104,42.52761],[12.8411,42.52759],[12.84118,42.52756],[12.84125,42.52755],[12.84132,42.52754],[12.84138,42.52753],[12.84147,42.52752],[12.84158,42.52752],[12.84164,42.52752],[12.84181,42.52752],[12.84183,42.52752],[12.84193,42.52752],[12.84199,42.52751],[12.84205,42.52751],[12.84211,42.52749],[12.84216,42.52748],[12.84228,42.52743],[12.84229,42.52742],[12.84248,42.52733],[12.84253,42.5273],[12.8427,42.52721],[12.84283,42.52713],[12.84289,42.52709],[12.84296,42.52703],[12.84299,42.52699],[12.84302,42.52696],[12.84303,42.52695],[12.84306,42.52688],[12.8431,42.52679],[12.8431,42.52678],[12.84313,42.52669],[12.84314,42.52662],[12.84315,42.52661],[12.84315,42.5266],[12.84315,42.52656],[12.84314,42.52653],[12.84313,42.5265],[12.84311,42.52647],[12.8431,42.52645],[12.84308,42.52643],[12.84306,42.52641],[12.84304,42.52639],[12.84301,42.52637],[12.84297,42.52635],[12.84293,42.52633],[12.84289,42.52632],[12.84284,42.52631],[12.84278,42.5263],[12.84269,42.52629],[12.84268,42.52629],[12.84267,42.52629],[12.84256,42.52627],[12.84243,42.52623],[12.84234,42.52621],[12.84228,42.52618],[12.84219,42.52613],[12.84185,42.52594],[12.84184,42.52593],[12.84165,42.52583],[12.84164,42.52582],[12.84139,42.52568],[12.84126,42.52561],[12.84105,42.5255],[12.84099,42.52547],[12.84095,42.52544],[12.84092,42.52541],[12.84088,42.52537],[12.84085,42.52533],[12.84084,42.52529],[12.84083,42.52524],[12.84083,42.52521],[12.84083,42.5252],[12.84085,42.52509],[12.8409,42.52483],[12.84097,42.5245],[12.84097,42.52449],[12.84101,42.52432],[12.84102,42.52427],[12.8411,42.52397],[12.8411,42.52396],[12.84114,42.52379],[12.84114,42.52378],[12.84118,42.5236],[12.84119,42.52357],[12.84122,42.52345],[12.84123,42.52343],[12.84124,42.52334],[12.84125,42.52324],[12.84125,42.52318],[12.84124,42.52308],[12.84122,42.52299],[12.8412,42.52292],[12.84117,42.52282],[12.84114,42.52274],[12.84107,42.52258],[12.84104,42.52254],[12.84099,42.52249],[12.84094,42.52242],[12.84087,42.52235],[12.84081,42.5223],[12.84074,42.52224],[12.84066,42.52219],[12.84059,42.52215],[12.84046,42.52208],[12.84026,42.52198],[12.84013,42.52195],[12.84003,42.52192],[12.83993,42.52191],[12.83986,42.52191],[12.8398,42.52191],[12.83972,42.52191],[12.83964,42.52192],[12.83959,42.52193],[12.83955,42.52195],[12.83944,42.52199],[12.83935,42.52204],[12.83928,42.52209],[12.83916,42.52216],[12.83908,42.52223],[12.83897,42.5223],[12.83891,42.52233],[12.8389,42.52234],[12.83886,42.52235],[12.83884,42.52235],[12.83875,42.52237],[12.83869,42.52237],[12.83864,42.52237],[12.83863,42.52237],[12.8386,42.52237],[12.83846,42.52235],[12.83829,42.52234],[12.83814,42.52234],[12.83806,42.52235],[12.83799,42.52235],[12.83793,42.52236],[12.83781,42.52239],[12.83772,42.52241],[12.83768,42.52243],[12.83765,42.52244],[12.8376,42.52246],[12.83749,42.52252],[12.83742,42.52256],[12.83736,42.52262],[12.83734,42.52268],[12.83731,42.52274],[12.8373,42.52281],[12.83729,42.52289],[12.83729,42.52299],[12.83728,42.52306],[12.83728,42.52323],[12.83728,42.52324],[12.83727,42.52329],[12.83725,42.52338],[12.83722,42.52344],[12.83718,42.52349],[12.83713,42.52354],[12.83713,42.52355],[12.83707,42.52359],[12.837,42.52364],[12.83693,42.52368],[12.83685,42.52371],[12.83673,42.52376],[12.83672,42.52376],[12.83671,42.52377],[12.83661,42.52381],[12.83657,42.52383],[12.83654,42.52386],[12.83652,42.52388],[12.83649,42.52392],[12.83648,42.52395],[12.83648,42.524],[12.83649,42.52404],[12.83651,42.52408],[12.83654,42.52413],[12.83658,42.52418],[12.83662,42.52423],[12.83668,42.5243],[12.83671,42.52435],[12.83671,42.52437],[12.83672,42.52439],[12.83673,42.52443],[12.83674,42.52447],[12.83672,42.52452],[12.83671,42.52455],[12.8367,42.52455],[12.83658,42.52467],[12.83648,42.52477],[12.83638,42.52487],[12.83627,42.52497],[12.83617,42.52503],[12.83611,42.52505],[12.83594,42.5251],[12.83582,42.52513],[12.83559,42.52519],[12.8355,42.5252],[12.83539,42.52522],[12.83529,42.52523],[12.83504,42.52524],[12.83487,42.52524],[12.83464,42.52525],[12.83453,42.52525],[12.83441,42.52526],[12.83428,42.52529],[12.83419,42.52531],[12.83415,42.52532],[12.83413,42.52533],[12.83406,42.52536],[12.83402,42.52539],[12.83397,42.52542],[12.83392,42.52547],[12.83388,42.52552],[12.83385,42.52557],[12.83383,42.52559],[12.83373,42.52575],[12.83372,42.52576],[12.83363,42.52585],[12.83358,42.5259],[12.83351,42.52597],[12.83344,42.52604],[12.8333,42.52617],[12.83319,42.52626],[12.83306,42.52635],[12.83294,42.52643],[12.83281,42.5265],[12.83279,42.52652],[12.83276,42.52652],[12.83274,42.52653],[12.83271,42.52653],[12.83266,42.52653],[12.83259,42.52651],[12.83256,42.5265],[12.83254,42.52649],[12.8325,42.52646],[12.83245,42.52642],[12.83234,42.52632],[12.83232,42.5263],[12.83231,42.52629],[12.83228,42.52626],[12.83222,42.5262],[12.83215,42.52612],[12.83212,42.52604],[12.83211,42.52596],[12.8321,42.52592],[12.8321,42.52589],[12.83211,42.52585],[12.83213,42.5258],[12.83216,42.52577],[12.8322,42.52574],[12.83227,42.52569],[12.83245,42.52559],[12.8325,42.52556],[12.83255,42.52551],[12.8326,42.52545],[12.83265,42.52538],[12.83268,42.52533],[12.83273,42.52521],[12.83281,42.52499],[12.83291,42.52471],[12.83293,42.52466],[12.83293,42.5246],[12.83293,42.52457],[12.83292,42.52453],[12.8329,42.52447],[12.83285,42.52437],[12.83275,42.52426],[12.83272,42.52423],[12.83269,42.52419],[12.83266,42.52412],[12.83265,42.52408],[12.83266,42.52403],[12.83266,42.52398],[12.83268,42.52391],[12.83269,42.52387],[12.83271,42.5238],[12.83275,42.52373],[12.83277,42.5237],[12.83277,42.52369],[12.83284,42.52362],[12.83292,42.52355],[12.83303,42.52347],[12.83318,42.52336],[12.83338,42.52323],[12.83344,42.52319],[12.83346,42.52317],[12.83348,42.52315],[12.83349,42.52313],[12.8335,42.5231],[12.8335,42.52309],[12.8335,42.52307],[12.83346,42.52277],[12.83346,42.52274],[12.83346,42.52268],[12.83346,42.52262],[12.83345,42.52259],[12.83346,42.52256],[12.83346,42.5225],[12.83348,42.52244],[12.83348,42.52243],[12.8335,42.52238],[12.83351,42.52235],[12.83355,42.52225],[12.83362,42.5221],[12.83364,42.52206],[12.83368,42.52196],[12.8337,42.52188],[12.83371,42.52184],[12.8337,42.5218],[12.83369,42.52176],[12.83368,42.52173],[12.83366,42.52168],[12.83363,42.52163],[12.83359,42.52159],[12.83356,42.52156],[12.83353,42.52153],[12.83349,42.5215],[12.83345,42.52148],[12.83343,42.52146],[12.83341,42.52146],[12.83338,42.52144],[12.83335,42.52144],[12.83329,42.52143],[12.83324,42.52142],[12.83319,42.52142],[12.83317,42.52142],[12.8331,42.52143],[12.83287,42.52144],[12.83237,42.52146],[12.83224,42.52143],[12.83216,42.52141],[12.83209,42.52138],[12.83197,42.52133],[12.83174,42.52116],[12.83139,42.5209],[12.83119,42.52074],[12.8311,42.52067],[12.8307,42.52035],[12.83063,42.52028],[12.83062,42.52026],[12.83061,42.52024],[12.8306,42.52022],[12.8306,42.52016],[12.83014,42.52],[12.83011,42.51999],[12.83002,42.51998],[12.82997,42.51999],[12.82992,42.52002],[12.82989,42.52004],[12.82986,42.52007],[12.82984,42.52009],[12.82983,42.52012],[12.82982,42.52014],[12.82981,42.52018],[12.82982,42.52021],[12.82983,42.52023],[12.83048,42.52078],[12.83052,42.52082],[12.83055,42.52084],[12.83057,42.52087],[12.83059,42.52091],[12.83059,42.52096],[12.83058,42.52101],[12.83055,42.52104],[12.83053,42.52107],[12.83049,42.52109],[12.83043,42.52112],[12.83035,42.52114],[12.83023,42.52116],[12.83012,42.52117],[12.83011,42.52117],[12.82996,42.52119],[12.82984,42.5212],[12.82966,42.52121],[12.82951,42.52122],[12.82939,42.52122],[12.82938,42.52122],[12.82927,42.5212],[12.82915,42.52118],[12.82908,42.52116],[12.82874,42.5211],[12.82868,42.52109],[12.82852,42.52107],[12.82844,42.52106],[12.82839,42.52105],[12.82821,42.52103],[12.8282,42.52103],[12.82813,42.52102],[12.82796,42.52099],[12.82792,42.52098],[12.82784,42.52097],[12.82773,42.52094],[12.8277,42.52094],[12.82764,42.52092],[12.82761,42.5209],[12.82757,42.52088],[12.82756,42.52088],[12.82752,42.52085],[12.82751,42.52084],[12.82749,42.52081],[12.82738,42.52068],[12.82726,42.52052],[12.82718,42.52041],[12.82713,42.52037],[12.82709,42.52033],[12.82702,42.5203],[12.82694,42.52026],[12.82688,42.52024],[12.82681,42.52022],[12.82674,42.52022],[12.82672,42.52022],[12.82671,42.52022],[12.82668,42.52022],[12.82662,42.52022],[12.82658,42.52022],[12.82654,42.52023],[12.82649,42.52025],[12.82645,42.52028],[12.82643,42.52031],[12.82641,42.52033],[12.82638,42.52038],[12.82637,42.52042],[12.82636,42.52043],[12.82634,42.52053],[12.82632,42.52059],[12.82631,42.52064],[12.8263,42.52069],[12.82627,42.52074],[12.82626,42.52076],[12.82625,42.52077],[12.82623,42.52078],[12.8262,42.52081],[12.82615,42.52084],[12.82611,42.52086],[12.82607,42.52086],[12.82606,42.52086],[12.82602,42.52086],[12.82596,42.52085],[12.8259,42.52084],[12.82577,42.52081],[12.8256,42.52076],[12.82548,42.52072],[12.82539,42.52069],[12.82537,42.52068],[12.82532,42.52067],[12.8252,42.52064],[12.82513,42.52063],[12.82508,42.52063],[12.82496,42.52061],[12.8249,42.52061],[12.82489,42.52061],[12.82484,42.52061],[12.82477,42.52062],[12.82472,42.52063],[12.82468,42.52063],[12.82467,42.52063],[12.82465,42.52063],[12.82463,42.52063],[12.82458,42.52063],[12.82453,42.52062],[12.82448,42.52061],[12.82443,42.52058],[12.82438,42.52055],[12.82433,42.5205],[12.8241,42.52032],[12.82409,42.52032],[12.82394,42.52019],[12.82393,42.52018],[12.82376,42.52005],[12.82369,42.52],[12.8236,42.51994],[12.82359,42.51993],[12.82344,42.51978],[12.82332,42.51963],[12.8232,42.51949],[12.8232,42.51948],[12.82319,42.51948],[12.82311,42.5194],[12.82302,42.51934],[12.82292,42.51929],[12.82267,42.51923],[12.82257,42.51921],[12.82252,42.5192],[12.82223,42.51916],[12.82209,42.51915],[12.82206,42.51915],[12.82186,42.51914],[12.82173,42.51914],[12.82162,42.51915],[12.82151,42.51917],[12.8214,42.51921],[12.82129,42.51927],[12.82119,42.51933],[12.82102,42.51946],[12.82089,42.51955],[12.82086,42.51958],[12.82085,42.51959],[12.82078,42.51966],[12.82074,42.51971],[12.82073,42.51973],[12.82072,42.51974],[12.82071,42.51977],[12.82069,42.5198],[12.82068,42.51985],[12.82067,42.5199],[12.82067,42.51991],[12.82067,42.51992],[12.82067,42.51999],[12.82068,42.52007],[12.82069,42.52009],[12.8207,42.52015],[12.8207,42.52021],[12.8207,42.52026],[12.82069,42.52027],[12.82068,42.52029],[12.82065,42.52031],[12.82061,42.52033],[12.82058,42.52034],[12.82055,42.52035],[12.82052,42.52035],[12.82051,42.52034],[12.82049,42.52034],[12.82047,42.52034],[12.82042,42.52033],[12.82036,42.5203],[12.8203,42.52026],[12.82029,42.52025],[12.82018,42.52017],[12.82012,42.52013],[12.8201,42.52011],[12.81997,42.52002],[12.81995,42.52],[12.81994,42.51999],[12.81989,42.51994],[12.81981,42.51986],[12.8198,42.51984],[12.81973,42.51976],[12.81967,42.51965],[12.8196,42.51952],[12.81952,42.51938],[12.81946,42.51924],[12.81936,42.51906],[12.81929,42.51896],[12.81923,42.5189],[12.81915,42.51884],[12.81909,42.5188],[12.81903,42.51876],[12.81902,42.51876],[12.819,42.51876],[12.81891,42.51872],[12.81879,42.51868],[12.81878,42.51868],[12.81869,42.51866],[12.8186,42.51865],[12.81855,42.51864],[12.81849,42.51864],[12.81837,42.51863],[12.81823,42.51863],[12.81813,42.51863],[12.81797,42.51864],[12.81774,42.51866],[12.81759,42.51867],[12.81757,42.51867],[12.81748,42.51868],[12.81738,42.51869],[12.81726,42.51868],[12.81709,42.51867],[12.8169,42.51863],[12.81668,42.51858],[12.81631,42.51849],[12.81598,42.51842],[12.81595,42.51841],[12.81579,42.51839],[12.81571,42.51838],[12.81561,42.51837],[12.8155,42.51837],[12.81547,42.51837],[12.81546,42.51836],[12.81531,42.51836],[12.8151,42.51837],[12.81467,42.51839],[12.81453,42.5184],[12.81449,42.5184],[12.81425,42.51842],[12.81409,42.51843],[12.81361,42.51847],[12.81349,42.51848],[12.81339,42.51849],[12.81329,42.51851],[12.81323,42.51852],[12.81316,42.51854],[12.81308,42.51857],[12.81284,42.51867],[12.81277,42.51873],[12.8127,42.51878],[12.81268,42.5188],[12.81266,42.51881],[12.81261,42.51887],[12.81256,42.51892],[12.81254,42.51895],[12.81253,42.51895],[12.81252,42.51898],[12.81248,42.51904],[12.81245,42.51913],[12.81241,42.51926],[12.81238,42.51939],[12.81233,42.51952],[12.81229,42.51962],[12.81227,42.51966],[12.81223,42.51971],[12.81217,42.5198],[12.81215,42.51981],[12.81205,42.51993],[12.81203,42.51995],[12.81202,42.51996],[12.8118,42.52019],[12.81173,42.52025],[12.81168,42.52029],[12.81156,42.52037],[12.81154,42.52038],[12.81141,42.52046],[12.81135,42.52048],[12.8112,42.52055],[12.81114,42.52057],[12.81112,42.52058],[12.81107,42.52059],[12.81101,42.5206],[12.81096,42.5206],[12.8109,42.52059],[12.81083,42.52058],[12.81077,42.52056],[12.8106,42.52051],[12.81045,42.52048],[12.81044,42.52048],[12.81041,42.52047],[12.81038,42.52046],[12.81033,42.52046],[12.81028,42.52046],[12.81025,42.52046],[12.8102,42.52046],[12.81016,42.52047],[12.81011,42.52048],[12.81007,42.52049],[12.81002,42.52051],[12.80999,42.52052],[12.80998,42.52053],[12.80996,42.52054],[12.80994,42.52055],[12.80992,42.52057],[12.8099,42.52059],[12.80988,42.52062],[12.80987,42.52065],[12.80986,42.52067],[12.80986,42.52068],[12.80986,42.5207],[12.80986,42.52073],[12.80986,42.52078],[12.80987,42.52086],[12.80987,42.52088],[12.80989,42.52104],[12.80989,42.52106],[12.8099,42.52122],[12.8099,42.52124],[12.8099,42.52138],[12.8099,42.52162],[12.8099,42.52176],[12.80989,42.52178],[12.80989,42.52179],[12.80987,42.52188],[12.80985,42.52192],[12.80984,42.52193],[12.80983,42.52195],[12.8098,42.52197],[12.80977,42.522],[12.80973,42.52201],[12.8097,42.52202],[12.80966,42.52204],[12.80965,42.52204],[12.8096,42.52205],[12.80946,42.52207],[12.80941,42.52208],[12.80938,42.52208],[12.80935,42.52209],[12.80917,42.52211],[12.80905,42.52212],[12.80899,42.52212],[12.80893,42.52212],[12.80888,42.52212],[12.80883,42.52212],[12.80877,42.5221],[12.8087,42.52208],[12.80864,42.52206],[12.80859,42.52203],[12.80852,42.52198],[12.80845,42.52192],[12.80836,42.52183],[12.80834,42.52181],[12.80831,42.52178],[12.80825,42.52174],[12.80821,42.52172],[12.80818,42.5217],[12.80816,42.5217],[12.80812,42.52168],[12.80808,42.52167],[12.80803,42.52166],[12.80799,42.52166],[12.80795,42.52166],[12.80789,42.52167],[12.80782,42.52168],[12.80777,42.52169],[12.80772,42.52171],[12.8077,42.52171],[12.80765,42.52173],[12.80758,42.52176],[12.80754,42.52179],[12.80751,42.5218],[12.80749,42.52182],[12.80744,42.52185],[12.8074,42.52188],[12.80736,42.52192],[12.80729,42.52199],[12.80718,42.52214],[12.80702,42.52235],[12.80698,42.5224],[12.80697,42.52242],[12.80686,42.52255],[12.80686,42.52256],[12.80684,42.52258],[12.80673,42.5227],[12.80673,42.52271],[12.80671,42.52273],[12.80661,42.52283],[12.80646,42.52294],[12.80628,42.52306],[12.80609,42.5232],[12.80572,42.52349],[12.8057,42.5235],[12.80554,42.52362],[12.80553,42.52363],[12.80538,42.52374],[12.80536,42.52376],[12.80529,42.52381],[12.80526,42.52383],[12.80524,42.52384],[12.80521,42.52384],[12.80515,42.52385],[12.80514,42.524],[12.80514,42.52403],[12.80512,42.52411],[12.8051,42.52418],[12.80509,42.5242],[12.80505,42.52429],[12.80499,42.52438],[12.80494,42.52445],[12.80489,42.52451],[12.8048,42.52454],[12.80456,42.52461],[12.80434,42.52466],[12.80421,42.5247],[12.80398,42.52475],[12.80388,42.52478],[12.80374,42.52481],[12.8033,42.52492],[12.80328,42.52493],[12.80272,42.52506],[12.80259,42.52509],[12.80233,42.52515],[12.80208,42.52521],[12.80197,42.52524],[12.80174,42.5253],[12.80159,42.52534],[12.80152,42.52536],[12.80128,42.52543],[12.80125,42.52544],[12.80112,42.52548],[12.80105,42.52549],[12.8009,42.52551],[12.80105,42.52549],[12.80112,42.52548],[12.80125,42.52544],[12.80128,42.52543],[12.80152,42.52536],[12.80159,42.52534],[12.80174,42.5253],[12.80197,42.52524],[12.80208,42.52521],[12.80233,42.52515],[12.80259,42.52509],[12.80272,42.52506],[12.80328,42.52493],[12.8033,42.52492],[12.80374,42.52481],[12.80388,42.52478],[12.80398,42.52475],[12.80421,42.5247],[12.80434,42.52466],[12.80456,42.52461],[12.8048,42.52454],[12.80489,42.52451],[12.80494,42.52445],[12.80499,42.52438],[12.80505,42.52429],[12.80509,42.5242],[12.8051,42.52418],[12.80512,42.52411],[12.80514,42.52403],[12.80514,42.524],[12.80515,42.52385],[12.80521,42.52384],[12.80524,42.52384],[12.80526,42.52383],[12.80529,42.52381],[12.80536,42.52376],[12.80538,42.52374],[12.80553,42.52363],[12.80554,42.52362],[12.8057,42.5235],[12.80572,42.52349],[12.80609,42.5232],[12.80628,42.52306],[12.80646,42.52294],[12.80661,42.52283],[12.80671,42.52273],[12.80673,42.52271],[12.80673,42.5227],[12.80684,42.52258],[12.80686,42.52256],[12.80686,42.52255],[12.80697,42.52242],[12.80698,42.5224],[12.80702,42.52235],[12.80718,42.52214],[12.80729,42.52199],[12.80736,42.52192],[12.8074,42.52188],[12.80744,42.52185],[12.80749,42.52182],[12.80751,42.5218],[12.80754,42.52179],[12.80758,42.52176],[12.80765,42.52173],[12.8077,42.52171],[12.80772,42.52171],[12.80777,42.52169],[12.80782,42.52168],[12.80789,42.52167],[12.80795,42.52166],[12.80799,42.52166],[12.80803,42.52166],[12.80808,42.52167],[12.80812,42.52168],[12.80816,42.5217],[12.80818,42.5217],[12.80821,42.52172],[12.80825,42.52174],[12.80831,42.52178],[12.80834,42.52181],[12.80836,42.52183],[12.80845,42.52192],[12.80852,42.52198],[12.80859,42.52203],[12.80864,42.52206],[12.8087,42.52208],[12.80877,42.5221],[12.80883,42.52212],[12.80888,42.52212],[12.80893,42.52212],[12.80899,42.52212],[12.80905,42.52212],[12.80917,42.52211],[12.80935,42.52209],[12.80938,42.52208],[12.80941,42.52208],[12.80946,42.52207],[12.8096,42.52205],[12.80965,42.52204],[12.80966,42.52204],[12.8097,42.52202],[12.80973,42.52201],[12.80977,42.522],[12.8098,42.52197],[12.80983,42.52195],[12.80984,42.52193],[12.80985,42.52192],[12.80987,42.52188],[12.80989,42.52179],[12.80989,42.52178],[12.8099,42.52176],[12.8099,42.52162],[12.8099,42.52138],[12.8099,42.52124],[12.8099,42.52122],[12.80989,42.52106],[12.80989,42.52104],[12.80987,42.52088],[12.80987,42.52086],[12.80986,42.52078],[12.80986,42.52073],[12.80986,42.5207],[12.80986,42.52068],[12.80986,42.52067],[12.80987,42.52065],[12.80988,42.52062],[12.8099,42.52059],[12.80992,42.52057],[12.80994,42.52055],[12.80996,42.52054],[12.80998,42.52053],[12.80999,42.52052],[12.81002,42.52051],[12.81007,42.52049],[12.81011,42.52048],[12.81016,42.52047],[12.8102,42.52046],[12.81025,42.52046],[12.81028,42.52046],[12.81033,42.52046],[12.81038,42.52046],[12.81041,42.52047],[12.81044,42.52048],[12.81045,42.52048],[12.8106,42.52051],[12.81077,42.52056],[12.81083,42.52058],[12.8109,42.52059],[12.81096,42.5206],[12.81101,42.5206],[12.81107,42.52059],[12.81112,42.52058],[12.81114,42.52057],[12.8112,42.52055],[12.81135,42.52048],[12.81141,42.52046],[12.81154,42.52038],[12.81156,42.52037],[12.81168,42.52029],[12.81173,42.52025],[12.8118,42.52019],[12.81202,42.51996],[12.81203,42.51995],[12.81205,42.51993],[12.81215,42.51981],[12.81217,42.5198],[12.81223,42.51971],[12.81227,42.51966],[12.81229,42.51962],[12.81233,42.51952],[12.81238,42.51939],[12.81241,42.51926],[12.81245,42.51913],[12.81248,42.51904],[12.81252,42.51898],[12.81253,42.51895],[12.81254,42.51895],[12.81256,42.51892],[12.81261,42.51887],[12.81266,42.51881],[12.81268,42.5188],[12.8127,42.51878],[12.81277,42.51873],[12.81284,42.51867],[12.81308,42.51857],[12.81316,42.51854],[12.81323,42.51852],[12.81329,42.51851],[12.81339,42.51849],[12.81349,42.51848],[12.81361,42.51847],[12.81409,42.51843],[12.81425,42.51842],[12.81449,42.5184],[12.81453,42.5184],[12.81467,42.51839],[12.8151,42.51837],[12.81531,42.51836],[12.81546,42.51836],[12.81547,42.51837],[12.8155,42.51837],[12.81561,42.51837],[12.81571,42.51838],[12.81579,42.51839],[12.81595,42.51841],[12.81598,42.51842],[12.81631,42.51849],[12.81668,42.51858],[12.8169,42.51863],[12.81709,42.51867],[12.81726,42.51868],[12.81738,42.51869],[12.81748,42.51868],[12.81757,42.51867],[12.81759,42.51867],[12.81774,42.51866],[12.81797,42.51864],[12.81813,42.51863],[12.81823,42.51863],[12.81837,42.51863],[12.81849,42.51864],[12.81855,42.51864],[12.8186,42.51865],[12.81869,42.51866],[12.81878,42.51868],[12.81879,42.51868],[12.81891,42.51872],[12.819,42.51876],[12.81902,42.51876],[12.81903,42.51876],[12.81909,42.5188],[12.81915,42.51884],[12.81923,42.5189],[12.81929,42.51896],[12.81936,42.51906],[12.81946,42.51924],[12.81952,42.51938],[12.8196,42.51952],[12.81967,42.51965],[12.81973,42.51976],[12.8198,42.51984],[12.81981,42.51986],[12.81989,42.51994],[12.81994,42.51999],[12.81995,42.52],[12.81997,42.52002],[12.8201,42.52011],[12.82012,42.52013],[12.82018,42.52017],[12.82029,42.52025],[12.8203,42.52026],[12.82036,42.5203],[12.82042,42.52033],[12.82047,42.52034],[12.82049,42.52034],[12.82051,42.52034],[12.82052,42.52035],[12.82055,42.52035],[12.82058,42.52034],[12.82061,42.52033],[12.82065,42.52031],[12.82068,42.52029],[12.82069,42.52027],[12.8207,42.52026],[12.8207,42.52021],[12.8207,42.52015],[12.82069,42.52009],[12.82068,42.52007],[12.82067,42.51999],[12.82067,42.51992],[12.82067,42.51991],[12.82067,42.5199],[12.82068,42.51985],[12.82069,42.5198],[12.82071,42.51977],[12.82072,42.51974],[12.82073,42.51973],[12.82074,42.51971],[12.82078,42.51966],[12.82085,42.51959],[12.82086,42.51958],[12.82089,42.51955],[12.82102,42.51946],[12.82119,42.51933],[12.82129,42.51927],[12.8214,42.51921],[12.82151,42.51917],[12.82162,42.51915],[12.82173,42.51914],[12.82186,42.51914],[12.82206,42.51915],[12.82209,42.51915],[12.82223,42.51916],[12.82252,42.5192],[12.82257,42.51921],[12.82267,42.51923],[12.82292,42.51929],[12.82302,42.51934],[12.82311,42.5194],[12.82319,42.51948],[12.8232,42.51948],[12.8232,42.51949],[12.82332,42.51963],[12.82344,42.51978],[12.82359,42.51993],[12.8236,42.51994],[12.82369,42.52],[12.82376,42.52005],[12.82393,42.52018],[12.82394,42.52019],[12.82409,42.52032],[12.8241,42.52032],[12.82433,42.5205],[12.82438,42.52055],[12.82443,42.52058],[12.82448,42.52061],[12.82453,42.52062],[12.82458,42.52063],[12.82463,42.52063],[12.82465,42.52063],[12.82467,42.52063],[12.82468,42.52063],[12.82472,42.52063],[12.82477,42.52062],[12.82484,42.52061],[12.82489,42.52061],[12.8249,42.52061],[12.82496,42.52061],[12.82508,42.52063],[12.82513,42.52063],[12.8252,42.52064],[12.82532,42.52067],[12.82537,42.52068],[12.82539,42.52069],[12.82548,42.52072],[12.8256,42.52076],[12.82577,42.52081],[12.8259,42.52084],[12.82596,42.52085],[12.82602,42.52086],[12.82606,42.52086],[12.82607,42.52086],[12.82611,42.52086],[12.82615,42.52084],[12.8262,42.52081],[12.82623,42.52078],[12.82625,42.52077],[12.82626,42.52076],[12.82627,42.52074],[12.8263,42.52069],[12.82631,42.52064],[12.82632,42.52059],[12.82634,42.52053],[12.82636,42.52043],[12.82637,42.52042],[12.82638,42.52038],[12.82641,42.52033],[12.82643,42.52031],[12.82645,42.52028],[12.82649,42.52025],[12.82654,42.52023],[12.82658,42.52022],[12.82662,42.52022],[12.82668,42.52022],[12.82671,42.52022],[12.82672,42.52022],[12.82674,42.52022],[12.82681,42.52022],[12.82688,42.52024],[12.82694,42.52026],[12.82702,42.5203],[12.82709,42.52033],[12.82713,42.52037],[12.82718,42.52041],[12.82726,42.52052],[12.82738,42.52068],[12.82749,42.52081],[12.82751,42.52084],[12.82752,42.52085],[12.82756,42.52088],[12.82757,42.52088],[12.82761,42.5209],[12.82764,42.52092],[12.8277,42.52094],[12.82773,42.52094],[12.82784,42.52097],[12.82792,42.52098],[12.82796,42.52099],[12.82813,42.52102],[12.8282,42.52103],[12.82821,42.52103],[12.82839,42.52105],[12.82844,42.52106],[12.82852,42.52107],[12.82868,42.52109],[12.82874,42.5211],[12.82908,42.52116],[12.82915,42.52118],[12.82927,42.5212],[12.82938,42.52122],[12.82939,42.52122],[12.82951,42.52122],[12.82966,42.52121],[12.82984,42.5212],[12.82996,42.52119],[12.83011,42.52117],[12.83012,42.52117],[12.83023,42.52116],[12.83035,42.52114],[12.83043,42.52112],[12.83049,42.52109],[12.83053,42.52107],[12.83055,42.52104],[12.83058,42.52101],[12.83059,42.52096],[12.83059,42.52091],[12.83057,42.52087],[12.83055,42.52084],[12.83052,42.52082],[12.83048,42.52078],[12.82983,42.52023],[12.82982,42.52021],[12.82981,42.52018],[12.82982,42.52014],[12.82983,42.52012],[12.82984,42.52009],[12.82986,42.52007],[12.82989,42.52004],[12.82992,42.52002],[12.82997,42.51999],[12.83002,42.51998],[12.83011,42.51999],[12.83014,42.52],[12.8306,42.52016],[12.8306,42.52022],[12.83061,42.52024],[12.83062,42.52026],[12.83063,42.52028],[12.8307,42.52035],[12.8311,42.52067],[12.83119,42.52074],[12.83139,42.5209],[12.83174,42.52116],[12.83197,42.52133],[12.83209,42.52138],[12.83216,42.52141],[12.83224,42.52143],[12.83237,42.52146],[12.83287,42.52144],[12.8331,42.52143],[12.83317,42.52142],[12.83319,42.52142],[12.83324,42.52142],[12.83329,42.52143],[12.83335,42.52144],[12.83338,42.52144],[12.83341,42.52146],[12.83343,42.52146],[12.83345,42.52148],[12.83349,42.5215],[12.83353,42.52153],[12.83356,42.52156],[12.83359,42.52159],[12.83363,42.52163],[12.83366,42.52168],[12.83368,42.52173],[12.83369,42.52176],[12.8337,42.5218],[12.83371,42.52184],[12.8337,42.52188],[12.83368,42.52196],[12.83364,42.52206],[12.83362,42.5221],[12.83355,42.52225],[12.83351,42.52235],[12.8335,42.52238],[12.83348,42.52243],[12.83348,42.52244],[12.83346,42.5225],[12.83346,42.52256],[12.83345,42.52259],[12.83346,42.52262],[12.83346,42.52268],[12.83346,42.52274],[12.83346,42.52277],[12.8335,42.52307],[12.8335,42.52309],[12.8335,42.5231],[12.83349,42.52313],[12.83348,42.52315],[12.83346,42.52317],[12.83344,42.52319],[12.83338,42.52323],[12.83318,42.52336],[12.83303,42.52347],[12.83292,42.52355],[12.83284,42.52362],[12.83277,42.52369],[12.83277,42.5237],[12.83275,42.52373],[12.83271,42.5238],[12.83269,42.52387],[12.83268,42.52391],[12.83266,42.52398],[12.83266,42.52403],[12.83265,42.52408],[12.83266,42.52412],[12.83269,42.52419],[12.83272,42.52423],[12.83275,42.52426],[12.83285,42.52437],[12.8329,42.52447],[12.83292,42.52453],[12.83293,42.52457],[12.83293,42.5246],[12.83293,42.52466],[12.83291,42.52471],[12.83281,42.52499],[12.83273,42.52521],[12.83268,42.52533],[12.83265,42.52538],[12.8326,42.52545],[12.83255,42.52551],[12.8325,42.52556],[12.83245,42.52559],[12.83227,42.52569],[12.8322,42.52574],[12.83216,42.52577],[12.83213,42.5258],[12.83211,42.52585],[12.8321,42.52589],[12.8321,42.52592],[12.83211,42.52596],[12.83212,42.52604],[12.83215,42.52612],[12.83222,42.5262],[12.83228,42.52626],[12.83231,42.52629],[12.83232,42.5263],[12.83234,42.52632],[12.83245,42.52642],[12.8325,42.52646],[12.83254,42.52649],[12.83256,42.5265],[12.83259,42.52651],[12.83266,42.52653],[12.83271,42.52653],[12.83274,42.52653],[12.83276,42.52652],[12.83279,42.52652],[12.83281,42.5265],[12.83294,42.52643],[12.83306,42.52635],[12.83319,42.52626],[12.8333,42.52617],[12.83344,42.52604],[12.83351,42.52597],[12.83358,42.5259],[12.83363,42.52585],[12.83372,42.52576],[12.83373,42.52575],[12.83383,42.52559],[12.83385,42.52557],[12.83388,42.52552],[12.83392,42.52547],[12.83397,42.52542],[12.83402,42.52539],[12.83406,42.52536],[12.83413,42.52533],[12.83415,42.52532],[12.83419,42.52531],[12.83428,42.52529],[12.83441,42.52526],[12.83453,42.52525],[12.83464,42.52525],[12.83487,42.52524],[12.83504,42.52524],[12.83529,42.52523],[12.83539,42.52522],[12.8355,42.5252],[12.83559,42.52519],[12.83582,42.52513],[12.83594,42.5251],[12.83611,42.52505],[12.83617,42.52503],[12.83627,42.52497],[12.83638,42.52487],[12.83648,42.52477],[12.83658,42.52467],[12.8367,42.52455],[12.83671,42.52455],[12.83672,42.52452],[12.83674,42.52447],[12.83673,42.52443],[12.83672,42.52439],[12.83671,42.52437],[12.83671,42.52435],[12.83668,42.5243],[12.83662,42.52423],[12.83658,42.52418],[12.83654,42.52413],[12.83651,42.52408],[12.83649,42.52404],[12.83648,42.524],[12.83648,42.52395],[12.83649,42.52392],[12.83652,42.52388],[12.83654,42.52386],[12.83657,42.52383],[12.83661,42.52381],[12.83671,42.52377],[12.83672,42.52376],[12.83673,42.52376],[12.83685,42.52371],[12.83693,42.52368],[12.837,42.52364],[12.83707,42.52359],[12.83713,42.52355],[12.83713,42.52354],[12.83718,42.52349],[12.83722,42.52344],[12.83725,42.52338],[12.83727,42.52329],[12.83728,42.52324],[12.83728,42.52323],[12.83728,42.52306],[12.83729,42.52299],[12.83729,42.52289],[12.8373,42.52281],[12.83731,42.52274],[12.83734,42.52268],[12.83736,42.52262],[12.83742,42.52256],[12.83749,42.52252],[12.8376,42.52246],[12.83765,42.52244],[12.83768,42.52243],[12.83772,42.52241],[12.83781,42.52239],[12.83793,42.52236],[12.83799,42.52235],[12.83806,42.52235],[12.83814,42.52234],[12.83829,42.52234],[12.83846,42.52235],[12.8386,42.52237],[12.83863,42.52237],[12.83864,42.52237],[12.83869,42.52237],[12.83875,42.52237],[12.83884,42.52235],[12.83886,42.52235],[12.8389,42.52234],[12.83891,42.52233],[12.83897,42.5223],[12.83908,42.52223],[12.83916,42.52216],[12.83928,42.52209],[12.83935,42.52204],[12.83944,42.52199],[12.83955,42.52195],[12.83959,42.52193],[12.83964,42.52192],[12.83972,42.52191],[12.8398,42.52191],[12.83986,42.52191],[12.83993,42.52191],[12.84003,42.52192],[12.84013,42.52195],[12.84026,42.52198],[12.84025,42.52174],[12.84033,42.52158],[12.84035,42.52154],[12.84037,42.52149],[12.8404,42.52143],[12.8404,42.52138],[12.8404,42.52131],[12.84039,42.52125],[12.84037,42.52118],[12.84035,42.5211],[12.84032,42.52103],[12.8403,42.521],[12.84028,42.52094],[12.84025,42.52085],[12.84022,42.52076],[12.8402,42.52072],[12.84017,42.52061],[12.84013,42.52048],[12.84009,42.52042],[12.84002,42.52027],[12.83998,42.52015],[12.83996,42.5201],[12.83995,42.52006],[12.83996,42.51999],[12.83999,42.51992],[12.84003,42.51987],[12.8401,42.51983],[12.84016,42.51981],[12.84017,42.51981],[12.84024,42.5198],[12.84034,42.51981],[12.84043,42.51982],[12.84056,42.51985],[12.84064,42.51987],[12.84072,42.5199],[12.84078,42.51992],[12.84083,42.51994],[12.84092,42.51997],[12.84105,42.52001],[12.84124,42.52006],[12.84133,42.52007],[12.84139,42.52008],[12.84145,42.52007],[12.84151,42.52007],[12.84156,42.52006],[12.8416,42.52005],[12.84166,42.52003],[12.8417,42.52],[12.84178,42.51996],[12.84183,42.51993],[12.84186,42.5199],[12.84191,42.51985],[12.84196,42.51979],[12.84198,42.51975],[12.84201,42.51971],[12.84202,42.5197],[12.84202,42.51969],[12.84206,42.51964],[12.8421,42.51959],[12.84215,42.51955],[12.84219,42.51952],[12.84223,42.51949],[12.84227,42.51947],[12.8423,42.51946],[12.84235,42.51945],[12.84243,42.51943],[12.84252,42.51943],[12.84261,42.51943],[12.84269,42.51944],[12.8428,42.51948],[12.84292,42.51953],[12.84308,42.5196],[12.84322,42.51965],[12.84326,42.51966],[12.84336,42.5197],[12.84349,42.51972],[12.84373,42.51974],[12.84402,42.51975],[12.84428,42.51976],[12.84442,42.51977],[12.84443,42.51977],[12.84446,42.51977],[12.84456,42.51978],[12.84465,42.51977],[12.84511,42.51976],[12.84518,42.51976],[12.84524,42.51976],[12.84611,42.51974],[12.84613,42.51974],[12.84633,42.51973],[12.84635,42.51973],[12.84638,42.51973],[12.84654,42.51973],[12.84658,42.51973],[12.8466,42.51973],[12.84662,42.51973],[12.84682,42.51973],[12.84684,42.51973],[12.84687,42.51973],[12.84691,42.51973],[12.84711,42.51974],[12.84724,42.51973],[12.84744,42.51972],[12.84778,42.51969],[12.84779,42.51969],[12.84803,42.51966],[12.84804,42.51966],[12.84809,42.51966],[12.84828,42.51965],[12.84833,42.51965],[12.8484,42.51965],[12.84848,42.51965],[12.84856,42.51963],[12.84857,42.51962],[12.84862,42.5196],[12.84867,42.51955],[12.84869,42.5195],[12.84867,42.51945],[12.84865,42.5194],[12.84861,42.51937],[12.84859,42.51936],[12.84855,42.51934],[12.8485,42.51933],[12.84845,42.51932],[12.84834,42.51931],[12.84825,42.51931],[12.84817,42.5193],[12.84812,42.51928],[12.8481,42.51928],[12.84808,42.51927],[12.84802,42.51925],[12.84797,42.51923],[12.84791,42.51918],[12.84788,42.51914],[12.84786,42.51908],[12.84784,42.51903],[12.84785,42.51902],[12.84785,42.519],[12.84785,42.51898],[12.84786,42.5189],[12.84789,42.51858],[12.84793,42.51806],[12.84793,42.51801],[12.84793,42.51794],[12.84793,42.51791],[12.84792,42.51788],[12.84791,42.51785],[12.8479,42.51783],[12.84787,42.5178],[12.84784,42.51777],[12.84784,42.51776],[12.84782,42.51775],[12.84781,42.51775],[12.84778,42.51773],[12.84775,42.51772],[12.84772,42.51771],[12.84767,42.5177],[12.84758,42.51768],[12.84741,42.51768],[12.84715,42.51768],[12.84713,42.51768],[12.84711,42.51768],[12.84703,42.51768],[12.84697,42.51768],[12.84692,42.51767],[12.84691,42.51767],[12.84686,42.51765],[12.8468,42.51763],[12.84674,42.5176],[12.84669,42.51757],[12.84651,42.51745],[12.84628,42.51717],[12.84624,42.51711],[12.84622,42.51707],[12.8462,42.51703],[12.84619,42.51698],[12.84618,42.51696],[12.84617,42.51682],[12.84614,42.51664],[12.84611,42.51653],[12.8461,42.51647],[12.84607,42.5164],[12.84605,42.51635],[12.84602,42.51631],[12.84599,42.51628],[12.84595,42.51624],[12.84593,42.51621],[12.84586,42.51615],[12.84581,42.51611],[12.84577,42.51608],[12.84572,42.51605],[12.84567,42.51601],[12.8456,42.51598],[12.84551,42.51593],[12.84546,42.51592],[12.8454,42.5159],[12.84532,42.51588],[12.84524,42.51586],[12.84523,42.51586],[12.84513,42.51583],[12.84505,42.51581],[12.84494,42.51578],[12.84484,42.51575],[12.84478,42.51573],[12.84466,42.51566],[12.84459,42.51562],[12.84453,42.51557],[12.84449,42.51553],[12.84444,42.51547],[12.84441,42.51533],[12.8444,42.51532],[12.84437,42.51522],[12.8443,42.51511],[12.84422,42.51499],[12.84422,42.51498],[12.84412,42.51484],[12.84397,42.51468],[12.84418,42.51462],[12.84419,42.51461],[12.84424,42.5146],[12.84429,42.5146],[12.84433,42.5146],[12.84438,42.5146],[12.84442,42.5146],[12.84443,42.51461],[12.84447,42.51461],[12.84466,42.51467],[12.8447,42.51468],[12.84486,42.51474],[12.84488,42.51474],[12.84515,42.51483],[12.84533,42.51487],[12.84541,42.51489],[12.84565,42.51493],[12.84613,42.51502],[12.84631,42.51505],[12.8464,42.51507],[12.84647,42.51508],[12.84653,42.51511],[12.84658,42.51513],[12.84664,42.51517],[12.84672,42.51522],[12.84695,42.51539],[12.84726,42.51567],[12.84761,42.51597],[12.84772,42.51608],[12.84772,42.51609],[12.84788,42.51628],[12.84794,42.51633],[12.848,42.51637],[12.84802,42.51637],[12.84807,42.51639],[12.84812,42.5164],[12.84818,42.51639],[12.84824,42.51638],[12.84825,42.51638],[12.84832,42.51635],[12.84839,42.5163],[12.84843,42.51626],[12.84847,42.51623],[12.84859,42.51612],[12.84864,42.51608],[12.84874,42.51598],[12.84887,42.51585],[12.84898,42.51574],[12.84906,42.51565],[12.84912,42.5156],[12.84916,42.51558],[12.84919,42.51556],[12.8492,42.51555],[12.84924,42.51553],[12.8493,42.51551],[12.84936,42.51549],[12.8494,42.51547],[12.84946,42.51546],[12.84961,42.51542],[12.84979,42.51539],[12.84999,42.51536],[12.85011,42.51535],[12.85018,42.51535],[12.85036,42.51534],[12.85052,42.51533],[12.8506,42.51533],[12.85083,42.51533],[12.85084,42.51533],[12.85109,42.51534],[12.85116,42.51534],[12.85131,42.51534],[12.85141,42.51536],[12.85152,42.51538],[12.85157,42.5154],[12.8516,42.51541],[12.85166,42.51545],[12.85171,42.51549],[12.85174,42.51552],[12.85177,42.51555],[12.85182,42.51563],[12.85184,42.51568],[12.85186,42.5157],[12.85187,42.51578],[12.85188,42.51586],[12.85187,42.51594],[12.85185,42.51603],[12.85185,42.51605],[12.8518,42.51621],[12.85174,42.51643],[12.85169,42.51656],[12.85167,42.51661],[12.85164,42.5167],[12.85162,42.51673],[12.8516,42.51678],[12.85153,42.5169],[12.85147,42.51701],[12.85143,42.51706],[12.85138,42.51712],[12.85131,42.51722],[12.85128,42.51726],[12.85118,42.51737],[12.85115,42.51744],[12.85114,42.51749],[12.85114,42.51752],[12.85114,42.51755],[12.85114,42.51756],[12.85116,42.51759],[12.85118,42.51762],[12.85121,42.51764],[12.85124,42.51766],[12.85126,42.51767],[12.8513,42.51769],[12.85134,42.5177],[12.85139,42.5177],[12.85144,42.51771],[12.85153,42.5177],[12.85158,42.51769],[12.85175,42.51766],[12.85199,42.51761],[12.852,42.51761],[12.85227,42.51752],[12.85252,42.51742],[12.8526,42.51738],[12.85265,42.51737],[12.8527,42.51735],[12.85275,42.51734],[12.85281,42.51734],[12.85286,42.51733],[12.85289,42.51733],[12.85291,42.51733],[12.85295,42.51734],[12.853,42.51735],[12.85306,42.51737],[12.85312,42.51739],[12.85316,42.51741],[12.85332,42.51749],[12.85337,42.51752],[12.85351,42.5176],[12.8538,42.51778],[12.85389,42.51783],[12.85398,42.5179],[12.85407,42.51799],[12.85421,42.51815],[12.85432,42.51828],[12.85438,42.51839],[12.85442,42.51849],[12.85446,42.51863],[12.85454,42.51886],[12.85456,42.5189],[12.85458,42.51893],[12.8546,42.51895],[12.85462,42.51897],[12.85465,42.51899],[12.85469,42.519],[12.85472,42.51901],[12.85474,42.51901],[12.85476,42.51901],[12.85478,42.51901],[12.8548,42.51901],[12.85483,42.51901],[12.85486,42.519],[12.8549,42.51899],[12.85494,42.51897],[12.85497,42.51895],[12.855,42.51893],[12.85502,42.51891],[12.85504,42.51889],[12.85505,42.51887],[12.85507,42.51885],[12.85507,42.51884],[12.85507,42.51883],[12.85512,42.51863],[12.85514,42.51857],[12.8552,42.51846],[12.8553,42.5183],[12.85535,42.51822],[12.85544,42.51804],[12.85546,42.51797],[12.85546,42.5179],[12.85544,42.51783],[12.85542,42.51778],[12.85537,42.51771],[12.85527,42.51762],[12.8551,42.51749],[12.85501,42.51742],[12.85478,42.51725],[12.85456,42.51706],[12.85449,42.51699],[12.85444,42.51693],[12.85441,42.51689],[12.85439,42.51685],[12.85438,42.51684],[12.85437,42.5168],[12.85435,42.51676],[12.85434,42.51671],[12.85434,42.51668],[12.85435,42.51663],[12.85435,42.51655],[12.85437,42.51642],[12.85439,42.51627],[12.85442,42.51611],[12.85444,42.516],[12.85447,42.51593],[12.85452,42.51581],[12.85453,42.51579],[12.85458,42.51572],[12.85464,42.51563],[12.85466,42.5156],[12.85475,42.51548],[12.85475,42.51547],[12.85482,42.51537],[12.85488,42.51526],[12.8549,42.51521],[12.85493,42.51515],[12.85497,42.51509],[12.85503,42.51504],[12.85507,42.515],[12.85508,42.515],[12.8551,42.51498],[12.85518,42.51492],[12.85519,42.51492],[12.8552,42.51491],[12.85521,42.51489],[12.85521,42.51488],[12.85522,42.51486],[12.85522,42.51485],[12.85521,42.51482],[12.85521,42.51481],[12.85521,42.5148],[12.8552,42.51479],[12.85519,42.51479],[12.85519,42.51478],[12.85518,42.51478],[12.85514,42.51476],[12.85517,42.51473],[12.8552,42.51471],[12.85522,42.51469],[12.85525,42.51466],[12.85533,42.51463],[12.85537,42.51461],[12.85544,42.51459],[12.85545,42.51458],[12.85547,42.51458],[12.85548,42.51458],[12.8555,42.51458],[12.85551,42.51458],[12.85553,42.51459],[12.85555,42.5146],[12.85556,42.5146],[12.85557,42.51461],[12.85558,42.51463],[12.8556,42.51467],[12.85562,42.51474],[12.85562,42.51475],[12.85563,42.51479],[12.8557,42.51491],[12.85576,42.51503],[12.85578,42.51507],[12.85578,42.5151],[12.85577,42.51513],[12.85576,42.51516],[12.85573,42.51522],[12.85568,42.5153],[12.85566,42.51535],[12.85559,42.51546],[12.85557,42.51549],[12.85554,42.51555],[12.85553,42.51559],[12.85552,42.51562],[12.85551,42.51567],[12.8555,42.5157],[12.85549,42.51574],[12.85545,42.51579],[12.85543,42.51581],[12.85541,42.51583],[12.85535,42.51587],[12.85524,42.51593],[12.85521,42.51594],[12.85519,42.51595],[12.85518,42.51596],[12.85514,42.51599],[12.85513,42.51601],[12.85514,42.5161],[12.85514,42.51617],[12.85515,42.51623],[12.85516,42.51628],[12.85518,42.51632],[12.85521,42.51636],[12.85527,42.51639],[12.85531,42.51642],[12.85535,42.51644],[12.85541,42.5165],[12.85547,42.51656],[12.85551,42.5166],[12.85559,42.51666],[12.85562,42.51669],[12.85567,42.51674],[12.85578,42.51683],[12.85579,42.51684],[12.85584,42.51687],[12.85591,42.51692],[12.85597,42.51694],[12.85604,42.51697],[12.85618,42.51703],[12.85622,42.51705],[12.85631,42.5171],[12.85639,42.51713],[12.85642,42.51714],[12.85661,42.5172],[12.85662,42.5172],[12.85667,42.51722],[12.85674,42.51724],[12.85684,42.51725],[12.85685,42.51725],[12.85691,42.51725],[12.85698,42.51725],[12.85703,42.51725],[12.85706,42.51724],[12.85709,42.51723],[12.85712,42.51722],[12.85719,42.5172],[12.85724,42.51718],[12.85731,42.51716],[12.85736,42.51715],[12.85737,42.51715],[12.85745,42.51713],[12.85754,42.51712],[12.8576,42.51712],[12.85765,42.51711],[12.85774,42.51711],[12.85781,42.51711],[12.85785,42.51711],[12.85798,42.5171],[12.85804,42.5171],[12.85809,42.51711],[12.85832,42.51711],[12.85843,42.51712],[12.85855,42.51713],[12.85885,42.51717],[12.85897,42.51719],[12.85914,42.5172],[12.85919,42.5172],[12.85922,42.5172],[12.85927,42.5172],[12.8593,42.5172],[12.85932,42.5172],[12.85936,42.51719],[12.85939,42.51718],[12.85942,42.51717],[12.85943,42.51716],[12.85945,42.51715],[12.85947,42.51713],[12.85949,42.51709],[12.85952,42.51705],[12.85953,42.517],[12.85954,42.51696],[12.85953,42.51695],[12.85952,42.51693],[12.85949,42.5169],[12.85945,42.51686],[12.85943,42.51685],[12.85939,42.51682],[12.85934,42.51678],[12.85927,42.51674],[12.85925,42.51673],[12.85921,42.5167],[12.85914,42.51667],[12.85907,42.51664],[12.85905,42.51663],[12.85893,42.51659],[12.85883,42.51655],[12.85868,42.5165],[12.85861,42.51648],[12.85852,42.51645],[12.85843,42.51642],[12.85838,42.51641],[12.85834,42.51639],[12.85822,42.51636],[12.85815,42.51635],[12.85799,42.51631],[12.85788,42.51629],[12.85769,42.51626],[12.85768,42.51626],[12.85755,42.51624],[12.85748,42.51622],[12.85745,42.51621],[12.85742,42.5162],[12.85736,42.51617],[12.85734,42.51615],[12.85732,42.51613],[12.85732,42.5161],[12.85732,42.51608],[12.85732,42.51607],[12.85734,42.51602],[12.85743,42.51592],[12.8575,42.51583],[12.85759,42.51572],[12.85767,42.5156],[12.85768,42.51559],[12.85777,42.51548],[12.85779,42.51545],[12.85793,42.5153],[12.85806,42.51515],[12.85813,42.51506],[12.85818,42.51499],[12.85826,42.51488],[12.85828,42.51483],[12.8583,42.51477],[12.85831,42.51465],[12.85831,42.51447],[12.85829,42.51434],[12.85828,42.51429],[12.85825,42.51411],[12.85825,42.51407],[12.85823,42.51393],[12.85822,42.51392],[12.85822,42.5138],[12.85823,42.51375],[12.85825,42.51371],[12.85828,42.51366],[12.85832,42.51363],[12.85835,42.5136],[12.85838,42.51357],[12.85849,42.5135],[12.85853,42.51348],[12.85857,42.51346],[12.85865,42.51342],[12.85879,42.51337],[12.85892,42.51332],[12.85913,42.51323],[12.85934,42.51316],[12.85959,42.51307],[12.85961,42.51307],[12.85975,42.51302],[12.85983,42.51299],[12.85987,42.51298],[12.86006,42.51292],[12.86019,42.51289],[12.86032,42.51285],[12.86044,42.51283],[12.86055,42.5128],[12.86068,42.51277],[12.86084,42.51273],[12.86096,42.51266],[12.86098,42.51266],[12.8611,42.51259],[12.86116,42.51255],[12.86125,42.5125],[12.86134,42.51244],[12.8614,42.51239],[12.86161,42.51226],[12.86173,42.51217],[12.86193,42.51204],[12.86206,42.51195],[12.86208,42.51194],[12.86224,42.51183],[12.86235,42.51176],[12.86242,42.51171],[12.86251,42.51164],[12.8626,42.51158],[12.8627,42.51152],[12.86276,42.51149],[12.86284,42.51146],[12.86296,42.51142],[12.86313,42.51136],[12.86324,42.51132],[12.86325,42.51132],[12.86338,42.51127],[12.86346,42.51125],[12.86358,42.5112],[12.86367,42.51116],[12.8637,42.51115],[12.86382,42.51109],[12.86388,42.51107],[12.86392,42.51105],[12.86401,42.51101],[12.86409,42.51097],[12.86411,42.51097],[12.8642,42.51093],[12.86427,42.5109],[12.8643,42.51089],[12.86436,42.51087],[12.86444,42.51084],[12.86451,42.51083],[12.86453,42.51082],[12.86462,42.5108],[12.86476,42.51078],[12.86477,42.51078],[12.86493,42.51076],[12.86501,42.51075],[12.86511,42.51074],[12.8652,42.51073],[12.86525,42.51072],[12.86532,42.51072],[12.86543,42.51071],[12.86549,42.5107],[12.86555,42.5107],[12.86571,42.51068],[12.86573,42.51068],[12.86581,42.51067],[12.86589,42.51065],[12.86597,42.51063],[12.86605,42.5106],[12.86614,42.51057],[12.86619,42.51055],[12.86628,42.51052],[12.8664,42.51047],[12.86643,42.51045],[12.86661,42.51037],[12.86666,42.51035],[12.86681,42.51028],[12.86682,42.51027],[12.86695,42.51019],[12.86699,42.51015],[12.86708,42.51009],[12.86711,42.51006],[12.86714,42.51003],[12.86715,42.51002],[12.86716,42.51001],[12.86718,42.50996],[12.8672,42.5099],[12.86721,42.50984],[12.86722,42.50984],[12.86722,42.50979],[12.86721,42.50974],[12.86719,42.50969],[12.86717,42.50965],[12.86713,42.5096],[12.86704,42.50952],[12.86693,42.5094],[12.86688,42.50933],[12.86685,42.50926],[12.86685,42.5092],[12.86685,42.50919],[12.86685,42.50913],[12.86687,42.50907],[12.86691,42.50903],[12.86691,42.50902],[12.86695,42.50898],[12.86699,42.50895],[12.86702,42.50894],[12.86707,42.50891],[12.86708,42.50891],[12.86713,42.50889],[12.86721,42.50885],[12.8673,42.50882],[12.86739,42.50879],[12.86746,42.50876],[12.86751,42.50874],[12.86753,42.50873],[12.86764,42.50866],[12.8677,42.50862],[12.86775,42.50855],[12.86779,42.50851],[12.86783,42.50847],[12.86786,42.50841],[12.8679,42.50835],[12.86793,42.5083],[12.86794,42.50828],[12.86803,42.50816],[12.86804,42.50815],[12.8681,42.50808],[12.86818,42.50802],[12.8682,42.50801],[12.86829,42.50797],[12.8684,42.50793],[12.86841,42.50793],[12.86848,42.50791],[12.8686,42.50788],[12.86865,42.50787],[12.86874,42.50786],[12.86889,42.50783],[12.86891,42.50783],[12.86906,42.5078],[12.86912,42.50779],[12.86925,42.50776],[12.86936,42.50774],[12.86939,42.50773],[12.86952,42.5077],[12.86959,42.50768],[12.86964,42.50767],[12.86981,42.50761],[12.86988,42.50759],[12.86997,42.50754],[12.87004,42.50749],[12.87017,42.5074],[12.87019,42.50739],[12.87023,42.50736],[12.8703,42.50731],[12.87038,42.50726],[12.87045,42.50721],[12.87052,42.50716],[12.87054,42.50714],[12.87057,42.5071],[12.87062,42.50705],[12.87067,42.50699],[12.87072,42.50694],[12.87076,42.50689],[12.87082,42.50684],[12.87087,42.50682],[12.87091,42.50679],[12.87096,42.50677],[12.87101,42.50675],[12.87102,42.50674],[12.87107,42.50672],[12.87112,42.50671],[12.87116,42.5067],[12.87122,42.50668],[12.87129,42.50667],[12.87135,42.50666],[12.87142,42.50666],[12.87148,42.50666],[12.87149,42.50666],[12.87156,42.50666],[12.87163,42.50667],[12.8717,42.50669],[12.87173,42.50669],[12.87178,42.5067],[12.87185,42.50672],[12.87192,42.50675],[12.87195,42.50676],[12.87203,42.50679],[12.87212,42.50683],[12.87217,42.50684],[12.87219,42.50685],[12.87225,42.50687],[12.8723,42.50689],[12.87235,42.5069],[12.8724,42.50691],[12.87246,42.50693],[12.87252,42.50694],[12.87259,42.50695],[12.87264,42.50695],[12.87266,42.50695],[12.87274,42.50695],[12.8728,42.50694],[12.87288,42.50694],[12.87297,42.50692],[12.87306,42.50691],[12.87314,42.50689],[12.8732,42.50687],[12.8733,42.50683],[12.87333,42.50682],[12.87336,42.50681],[12.87341,42.50679],[12.87353,42.50671],[12.87362,42.50673],[12.8737,42.50673],[12.87376,42.50672],[12.87381,42.50671],[12.87387,42.50668],[12.87392,42.50664],[12.87395,42.50661],[12.87397,42.50658],[12.874,42.50652],[12.87401,42.50647],[12.87408,42.50635],[12.87415,42.50627],[12.87421,42.50622],[12.87423,42.50621],[12.8743,42.50617],[12.87432,42.50616],[12.8744,42.50613],[12.87444,42.50611],[12.87451,42.50609],[12.87467,42.50603],[12.87499,42.50593],[12.87533,42.50582],[12.87565,42.5057],[12.87586,42.50563],[12.87587,42.50563],[12.87596,42.5056],[12.87599,42.50559],[12.87603,42.50558],[12.87608,42.50558],[12.87615,42.50557],[12.87626,42.50557],[12.87639,42.50559],[12.87654,42.50561],[12.87663,42.50563],[12.87671,42.50565],[12.87672,42.50565],[12.87679,42.50566],[12.87682,42.50566],[12.87687,42.50566],[12.87695,42.50566],[12.87703,42.50566],[12.87711,42.50565],[12.87724,42.50563],[12.8773,42.50562],[12.87733,42.50561],[12.87743,42.50558],[12.8775,42.50556],[12.87752,42.50555],[12.87762,42.50549],[12.87768,42.50545],[12.87773,42.5054],[12.8778,42.50531],[12.87788,42.50521],[12.87795,42.50513],[12.87801,42.50507],[12.87804,42.50504],[12.87811,42.50498],[12.87823,42.50489],[12.87834,42.50485],[12.87842,42.50482],[12.8785,42.50479],[12.8786,42.50476],[12.87869,42.50471],[12.87874,42.50468],[12.87881,42.50464],[12.87885,42.5046],[12.87889,42.50456],[12.87891,42.50454],[12.87894,42.50452],[12.87899,42.50448],[12.87906,42.50441],[12.87914,42.50436],[12.87921,42.50432],[12.87934,42.50427],[12.87962,42.50415],[12.87985,42.50406],[12.88013,42.50393],[12.8803,42.50388],[12.88055,42.5038],[12.88069,42.50376],[12.88071,42.50375],[12.88086,42.50371],[12.88108,42.50366],[12.88113,42.50365],[12.88122,42.50364],[12.88128,42.50363],[12.88134,42.50362],[12.88136,42.50361],[12.88157,42.50358],[12.88192,42.5035],[12.88194,42.5035],[12.88215,42.50345],[12.88224,42.50342],[12.88239,42.50337],[12.88249,42.50332],[12.88258,42.50328],[12.88268,42.50323],[12.88309,42.50301],[12.88313,42.50302],[12.88317,42.50302],[12.88319,42.50304],[12.88321,42.50306],[12.88322,42.50307],[12.88322,42.50312],[12.88294,42.50329],[12.8826,42.50346],[12.88221,42.50367],[12.88214,42.5037],[12.8821,42.50373],[12.88206,42.50375],[12.88203,42.50379],[12.88202,42.50383],[12.88202,42.50384],[12.88203,42.50386],[12.88204,42.50387],[12.88205,42.50388],[12.88206,42.50388],[12.88208,42.50389],[12.88213,42.5039],[12.88217,42.5039],[12.88223,42.50389],[12.88226,42.50389],[12.88228,42.50388],[12.88282,42.50368],[12.88331,42.50348],[12.88348,42.50341],[12.88365,42.50331],[12.88371,42.50328],[12.88382,42.50321],[12.88389,42.50314],[12.88393,42.50309],[12.88396,42.50304],[12.88401,42.50296],[12.8841,42.50286],[12.88421,42.50273],[12.88422,42.50271],[12.88424,42.50269],[12.88436,42.5026],[12.88441,42.50256],[12.88444,42.50253],[12.88451,42.50249],[12.88458,42.50244],[12.88462,42.50241],[12.88464,42.5024],[12.88478,42.50234],[12.88483,42.50232],[12.88489,42.50229],[12.885,42.50227],[12.88505,42.50225],[12.88509,42.50224],[12.88524,42.50223],[12.88529,42.50222],[12.88533,42.50222],[12.88534,42.50221],[12.88548,42.50221],[12.88554,42.5022],[12.88555,42.5022],[12.88573,42.50218],[12.88578,42.50218],[12.88597,42.50217],[12.88602,42.50216],[12.88606,42.50216],[12.88607,42.50216],[12.88621,42.50215],[12.88626,42.50215],[12.8863,42.50215],[12.88645,42.50212],[12.8865,42.50211],[12.88665,42.50207],[12.88668,42.50207],[12.88672,42.50206],[12.88674,42.50206],[12.88676,42.50205],[12.8868,42.50205],[12.88685,42.50205],[12.88689,42.50206],[12.88692,42.50207],[12.88694,42.50208],[12.88696,42.5021],[12.88697,42.5021],[12.88698,42.50212],[12.88698,42.50213],[12.88699,42.50214],[12.88699,42.50216],[12.88698,42.50218],[12.88697,42.5022],[12.88696,42.50222],[12.88693,42.50226],[12.88689,42.50228],[12.88685,42.50228],[12.8868,42.50229],[12.88642,42.50231],[12.88638,42.50231],[12.88618,42.50233],[12.8861,42.50234],[12.88606,42.50235],[12.88594,42.50238],[12.88589,42.50239],[12.88583,42.5024],[12.8857,42.50244],[12.8855,42.50253],[12.88539,42.50258],[12.88521,42.50266],[12.88511,42.50272],[12.8851,42.50273],[12.88507,42.50275],[12.88504,42.50279],[12.88504,42.5028],[12.88501,42.50284],[12.88498,42.50291],[12.88492,42.50303],[12.88485,42.50327],[12.88478,42.50349],[12.88472,42.50367],[12.88469,42.50376],[12.88467,42.50381],[12.88466,42.50384],[12.88465,42.50385],[12.88463,42.50388],[12.8846,42.50391],[12.88456,42.50395],[12.88452,42.50399],[12.88446,42.50405],[12.88443,42.50409],[12.88437,42.50415],[12.88436,42.50416],[12.88428,42.50424],[12.88407,42.50441],[12.88387,42.50456],[12.88333,42.50495],[12.88318,42.50504],[12.88305,42.50513],[12.88302,42.50515],[12.88301,42.50516],[12.88298,42.50519],[12.88299,42.50527],[12.88299,42.50528],[12.88299,42.50529],[12.88299,42.5053],[12.883,42.50531],[12.88301,42.50532],[12.88301,42.50533],[12.88302,42.50533],[12.88303,42.50534],[12.88305,42.50535],[12.88307,42.50536],[12.8831,42.50537],[12.88312,42.50537],[12.88316,42.50537],[12.88319,42.50537],[12.88323,42.50536],[12.88325,42.50535],[12.88326,42.50534],[12.88329,42.50533],[12.88331,42.50531],[12.88333,42.50529],[12.88335,42.50527],[12.88338,42.50522],[12.88341,42.50518],[12.88345,42.50513],[12.88351,42.50509],[12.88355,42.50507],[12.88358,42.50504],[12.88363,42.50501],[12.88373,42.50496],[12.88383,42.50492],[12.88396,42.50485],[12.88405,42.50482],[12.88411,42.5048],[12.88422,42.50477],[12.88435,42.50474],[12.88448,42.50471],[12.88459,42.50467],[12.88462,42.50466],[12.88469,42.50464],[12.88474,42.50462],[12.88478,42.5046],[12.88481,42.50458],[12.88483,42.50457],[12.88486,42.50455],[12.88488,42.50453],[12.88491,42.5045],[12.88496,42.50442],[12.88507,42.50426],[12.88526,42.50397],[12.88529,42.50394],[12.88543,42.50379],[12.88558,42.50362],[12.8857,42.50349],[12.88578,42.50342],[12.88584,42.50338],[12.88591,42.50333],[12.88605,42.50327],[12.88618,42.50324],[12.88628,42.50323],[12.88642,42.50321],[12.88657,42.50321],[12.88667,42.50322],[12.88684,42.50321],[12.88694,42.5032],[12.88705,42.5032],[12.88727,42.50317],[12.88745,42.50314],[12.888,42.50303],[12.88838,42.50299],[12.88846,42.50299],[12.88859,42.50299],[12.88867,42.503],[12.88878,42.50303],[12.88887,42.50307],[12.88894,42.50309],[12.88901,42.50312],[12.8892,42.50319],[12.88922,42.5032],[12.88966,42.50337],[12.88968,42.50338],[12.88987,42.50345],[12.8903,42.50362],[12.89036,42.50365],[12.8908,42.50382],[12.89095,42.50388],[12.89099,42.5039],[12.89102,42.50391],[12.89112,42.50396],[12.89115,42.50398],[12.89121,42.50401],[12.89122,42.50401],[12.89129,42.50405],[12.89135,42.50408],[12.89139,42.50411],[12.89141,42.50412],[12.89147,42.50416],[12.89151,42.50418],[12.89153,42.5042],[12.89158,42.50425],[12.89172,42.50433],[12.89191,42.50445],[12.89208,42.50455],[12.8921,42.50456],[12.89218,42.5046],[12.89224,42.50463],[12.89227,42.50464],[12.89231,42.50465],[12.89234,42.50465],[12.89237,42.50465],[12.8924,42.50465],[12.89243,42.50465],[12.89247,42.50464],[12.89251,42.50463],[12.89255,42.50461],[12.89262,42.50459],[12.89267,42.50457],[12.89271,42.50456],[12.89274,42.50455],[12.89277,42.50455],[12.89279,42.50454],[12.89281,42.50455],[12.89282,42.50455],[12.89284,42.50455],[12.89287,42.50456],[12.89288,42.50457],[12.89287,42.50456],[12.89284,42.50455],[12.89282,42.50455],[12.89281,42.50455],[12.89279,42.50454],[12.89277,42.50455],[12.89274,42.50455],[12.89271,42.50456],[12.89267,42.50457],[12.89262,42.50459],[12.89255,42.50461],[12.89251,42.50463],[12.89247,42.50464],[12.89243,42.50465],[12.8924,42.50465],[12.89237,42.50465],[12.89234,42.50465],[12.89231,42.50465],[12.89227,42.50464],[12.89224,42.50463],[12.89218,42.5046],[12.8921,42.50456],[12.89208,42.50455],[12.89191,42.50445],[12.89172,42.50433],[12.89158,42.50425],[12.89153,42.5042],[12.89151,42.50418],[12.89147,42.50416],[12.89141,42.50412],[12.89139,42.50411],[12.89135,42.50408],[12.89129,42.50405],[12.89122,42.50401],[12.89121,42.50401],[12.89115,42.50398],[12.89112,42.50396],[12.89102,42.50391],[12.89099,42.5039],[12.89095,42.50388],[12.8908,42.50382],[12.89036,42.50365],[12.8903,42.50362],[12.88987,42.50345],[12.88968,42.50338],[12.88966,42.50337],[12.88922,42.5032],[12.8892,42.50319],[12.88901,42.50312],[12.88894,42.50309],[12.88887,42.50307],[12.88878,42.50303],[12.88867,42.503],[12.88859,42.50299],[12.88846,42.50299],[12.88838,42.50299],[12.888,42.50303],[12.88745,42.50314],[12.88727,42.50317],[12.88705,42.5032],[12.88694,42.5032],[12.88684,42.50321],[12.88667,42.50322],[12.88657,42.50321],[12.88642,42.50321],[12.88628,42.50323],[12.88618,42.50324],[12.88605,42.50327],[12.88591,42.50333],[12.88584,42.50338],[12.88578,42.50342],[12.8857,42.50349],[12.88558,42.50362],[12.88543,42.50379],[12.88529,42.50394],[12.88526,42.50397],[12.88507,42.50426],[12.88496,42.50442],[12.88491,42.5045],[12.88488,42.50453],[12.88486,42.50455],[12.88483,42.50457],[12.88481,42.50458],[12.88478,42.5046],[12.88474,42.50462],[12.88469,42.50464],[12.88462,42.50466],[12.88459,42.50467],[12.88448,42.50471],[12.88435,42.50474],[12.88422,42.50477],[12.88411,42.5048],[12.88405,42.50482],[12.88396,42.50485],[12.88383,42.50492],[12.88373,42.50496],[12.88363,42.50501],[12.88358,42.50504],[12.88355,42.50507],[12.88351,42.50509],[12.88345,42.50513],[12.88341,42.50518],[12.88338,42.50522],[12.88335,42.50527],[12.88333,42.50529],[12.88331,42.50531],[12.88329,42.50533],[12.88326,42.50534],[12.88325,42.50535],[12.88323,42.50536],[12.88319,42.50537],[12.88316,42.50537],[12.88312,42.50537],[12.8831,42.50537],[12.88307,42.50536],[12.88305,42.50535],[12.88303,42.50534],[12.88302,42.50533],[12.88301,42.50533],[12.88301,42.50532],[12.883,42.50531],[12.88299,42.5053],[12.88299,42.50529],[12.88299,42.50528],[12.88299,42.50527],[12.88298,42.50519],[12.88301,42.50516],[12.88302,42.50515],[12.88305,42.50513],[12.88318,42.50504],[12.88333,42.50495],[12.88387,42.50456],[12.88407,42.50441],[12.88428,42.50424],[12.88436,42.50416],[12.88437,42.50415],[12.88443,42.50409],[12.88446,42.50405],[12.88452,42.50399],[12.88456,42.50395],[12.8846,42.50391],[12.88463,42.50388],[12.88465,42.50385],[12.88466,42.50384],[12.88467,42.50381],[12.88469,42.50376],[12.88472,42.50367],[12.88478,42.50349],[12.88485,42.50327],[12.88492,42.50303],[12.88498,42.50291],[12.88501,42.50284],[12.88504,42.5028],[12.88504,42.50279],[12.88507,42.50275],[12.8851,42.50273],[12.88511,42.50272],[12.88521,42.50266],[12.88539,42.50258],[12.8855,42.50253],[12.8857,42.50244],[12.88583,42.5024],[12.88589,42.50239],[12.88594,42.50238],[12.88606,42.50235],[12.8861,42.50234],[12.88618,42.50233],[12.88638,42.50231],[12.88642,42.50231],[12.8868,42.50229],[12.88685,42.50228],[12.88689,42.50228],[12.88693,42.50226],[12.88696,42.50222],[12.88697,42.5022],[12.88698,42.50218],[12.88699,42.50216],[12.88699,42.50214],[12.88698,42.50213],[12.88698,42.50212],[12.88697,42.5021],[12.88696,42.5021],[12.88694,42.50208],[12.88692,42.50207],[12.88689,42.50206],[12.88685,42.50205],[12.8868,42.50205],[12.88676,42.50205],[12.88674,42.50206],[12.88672,42.50206],[12.88668,42.50207],[12.88665,42.50207],[12.8865,42.50211],[12.88645,42.50212],[12.8863,42.50215],[12.88626,42.50215],[12.88621,42.50215],[12.88607,42.50216],[12.88606,42.50216],[12.88602,42.50216],[12.88597,42.50217],[12.88578,42.50218],[12.88573,42.50218],[12.88555,42.5022],[12.88554,42.5022],[12.88548,42.50221],[12.88534,42.50221],[12.88533,42.50222],[12.88529,42.50222],[12.88524,42.50223],[12.88509,42.50224],[12.88505,42.50225],[12.885,42.50227],[12.88489,42.50229],[12.88483,42.50232],[12.88478,42.50234],[12.88464,42.5024],[12.88462,42.50241],[12.88458,42.50244],[12.88451,42.50249],[12.88444,42.50253],[12.88441,42.50256],[12.88436,42.5026],[12.88424,42.50269],[12.88422,42.50271],[12.88421,42.50273],[12.8841,42.50286],[12.88401,42.50296],[12.88396,42.50304],[12.88393,42.50309],[12.88389,42.50314],[12.88382,42.50321],[12.88371,42.50328],[12.88365,42.50331],[12.88348,42.50341],[12.88331,42.50348],[12.88282,42.50368],[12.88228,42.50388],[12.88226,42.50389],[12.88223,42.50389],[12.88217,42.5039],[12.88213,42.5039],[12.88208,42.50389],[12.88206,42.50388],[12.88205,42.50388],[12.88204,42.50387],[12.88203,42.50386],[12.88202,42.50384],[12.88202,42.50383],[12.88203,42.50379],[12.88206,42.50375],[12.8821,42.50373],[12.88214,42.5037],[12.88221,42.50367],[12.8826,42.50346],[12.88294,42.50329],[12.88322,42.50312],[12.88322,42.50307],[12.88321,42.50306],[12.88319,42.50304],[12.88317,42.50302],[12.88313,42.50302],[12.88309,42.50301],[12.88268,42.50323],[12.88258,42.50328],[12.88249,42.50332],[12.88239,42.50337],[12.88224,42.50342],[12.88215,42.50345],[12.88194,42.5035],[12.88192,42.5035],[12.88157,42.50358],[12.88136,42.50361],[12.88134,42.50362],[12.88128,42.50363],[12.88122,42.50364],[12.88113,42.50365],[12.88108,42.50366],[12.88086,42.50371],[12.88071,42.50375],[12.88069,42.50376],[12.88055,42.5038],[12.8803,42.50388],[12.88013,42.50393],[12.87985,42.50406],[12.87962,42.50415],[12.87934,42.50427],[12.87921,42.50432],[12.87914,42.50436],[12.87906,42.50441],[12.87899,42.50448],[12.87894,42.50452],[12.87891,42.50454],[12.87889,42.50456],[12.87885,42.5046],[12.87881,42.50464],[12.87874,42.50468],[12.87869,42.50471],[12.8786,42.50476],[12.8785,42.50479],[12.87842,42.50482],[12.87834,42.50485],[12.87823,42.50489],[12.87811,42.50498],[12.87804,42.50504],[12.87801,42.50507],[12.87795,42.50513],[12.87788,42.50521],[12.8778,42.50531],[12.87773,42.5054],[12.87768,42.50545],[12.87762,42.50549],[12.87752,42.50555],[12.8775,42.50556],[12.87743,42.50558],[12.87733,42.50561],[12.8773,42.50562],[12.87724,42.50563],[12.87711,42.50565],[12.87703,42.50566],[12.87695,42.50566],[12.87687,42.50566],[12.87682,42.50566],[12.87679,42.50566],[12.87672,42.50565],[12.87671,42.50565],[12.87663,42.50563],[12.87654,42.50561],[12.87639,42.50559],[12.87626,42.50557],[12.87615,42.50557],[12.87608,42.50558],[12.87603,42.50558],[12.87599,42.50559],[12.87596,42.5056],[12.87587,42.50563],[12.87586,42.50563],[12.87565,42.5057],[12.87533,42.50582],[12.87499,42.50593],[12.87467,42.50603],[12.87451,42.50609],[12.87444,42.50611],[12.8744,42.50613],[12.87432,42.50616],[12.8743,42.50617],[12.87423,42.50621],[12.87421,42.50622],[12.87415,42.50627],[12.87408,42.50635],[12.87401,42.50647],[12.874,42.50652],[12.87397,42.50658],[12.87395,42.50661],[12.87392,42.50664],[12.87387,42.50668],[12.87381,42.50671],[12.87376,42.50672],[12.8737,42.50673],[12.87362,42.50673],[12.87353,42.50671],[12.87352,42.50667],[12.87351,42.50664],[12.87349,42.50658],[12.87348,42.50649],[12.87352,42.50642],[12.87355,42.50637],[12.87355,42.50636],[12.87361,42.5063],[12.8737,42.50624],[12.87383,42.50613],[12.874,42.50601],[12.87418,42.50591],[12.87434,42.50581],[12.87449,42.50572],[12.87457,42.50567],[12.87463,42.50564],[12.87479,42.50557],[12.87484,42.50554],[12.87489,42.50552],[12.87498,42.50544],[12.87501,42.50542],[12.87503,42.50539],[12.87507,42.50534],[12.87515,42.50524],[12.87523,42.50514],[12.8753,42.50507],[12.87538,42.50502],[12.87545,42.50499],[12.87552,42.50498],[12.87576,42.50494],[12.87594,42.50489],[12.876,42.50487],[12.87607,42.50484],[12.87614,42.50479],[12.87618,42.50475],[12.87622,42.5047],[12.87623,42.50465],[12.87624,42.5046],[12.87624,42.50454],[12.87622,42.50448],[12.87618,42.50435],[12.87616,42.5043],[12.87614,42.50425],[12.8761,42.50413],[12.8761,42.50412],[12.87607,42.50395],[12.87608,42.5039],[12.87609,42.50387],[12.87611,42.50384],[12.87612,42.50382],[12.87615,42.50381],[12.87617,42.50379],[12.87618,42.50379],[12.8762,42.50378],[12.87624,42.50376],[12.87628,42.50375],[12.87633,42.50375],[12.87638,42.50374],[12.87644,42.50374],[12.87653,42.50374],[12.87665,42.50374],[12.8767,42.50374],[12.87682,42.50374],[12.87693,42.50374],[12.87701,42.50373],[12.87711,42.5037],[12.87716,42.50368],[12.87721,42.50365],[12.87726,42.50361],[12.87731,42.50356],[12.87735,42.50351],[12.87739,42.50345],[12.87746,42.5033],[12.87749,42.50324],[12.87753,42.50317],[12.87758,42.50307],[12.87761,42.503],[12.8777,42.50275],[12.87782,42.50244],[12.87786,42.50234],[12.8779,42.50226],[12.87794,42.50219],[12.87799,42.50213],[12.87799,42.50212],[12.87802,42.50208],[12.87806,42.50205],[12.87811,42.50202],[12.87815,42.50199],[12.87816,42.50198],[12.87822,42.50196],[12.87828,42.50194],[12.87837,42.50192],[12.87844,42.5019],[12.87858,42.50185],[12.8787,42.50182],[12.8788,42.50178],[12.8789,42.50175],[12.87897,42.50171],[12.87902,42.50168],[12.8791,42.50163],[12.87922,42.50153],[12.87934,42.50144],[12.87958,42.50124],[12.87972,42.50111],[12.8796,42.5011],[12.87954,42.50111],[12.87947,42.50111],[12.87945,42.50111],[12.87935,42.50112],[12.87924,42.50114],[12.87923,42.50114],[12.8791,42.50115],[12.87899,42.50116],[12.87898,42.50116],[12.87891,42.50118],[12.87886,42.50119],[12.87881,42.50121],[12.87876,42.50122],[12.87875,42.50123],[12.87864,42.50129],[12.87856,42.50133],[12.87852,42.50135],[12.87845,42.50138],[12.87838,42.50139],[12.87831,42.5014],[12.87825,42.50141],[12.87817,42.50141],[12.8781,42.50141],[12.87808,42.50141],[12.87799,42.5014],[12.87791,42.50139],[12.87784,42.50139],[12.87775,42.50137],[12.87766,42.50135],[12.87763,42.50134],[12.87752,42.50132],[12.87739,42.50132],[12.87734,42.50132],[12.87721,42.50132],[12.87712,42.50132],[12.87701,42.50131],[12.87691,42.50132],[12.8769,42.50132],[12.87676,42.50134],[12.87666,42.50136],[12.87656,42.50137],[12.87642,42.50138],[12.87625,42.50138],[12.87616,42.50139],[12.87607,42.5014],[12.87598,42.5014],[12.87593,42.5014],[12.87592,42.5014],[12.87584,42.50138],[12.87572,42.50134],[12.87558,42.50129],[12.87549,42.50125],[12.87546,42.50124],[12.87533,42.50119],[12.87525,42.50115],[12.87518,42.50111],[12.87512,42.50107],[12.87508,42.50106],[12.87504,42.50103],[12.87497,42.50101],[12.87492,42.50101],[12.87487,42.501],[12.87482,42.501],[12.87481,42.501],[12.87477,42.501],[12.87473,42.501],[12.8747,42.50098],[12.87467,42.50097],[12.87463,42.50094],[12.87461,42.50093],[12.87457,42.5009],[12.87452,42.50087],[12.8745,42.50084],[12.87446,42.50079],[12.87468,42.50063],[12.875,42.50043],[12.87549,42.50012],[12.87592,42.49983],[12.8765,42.49945],[12.87685,42.49911],[12.87691,42.49904],[12.87703,42.49891],[12.87704,42.49889],[12.87721,42.49868],[12.87737,42.49846],[12.8775,42.49825],[12.87787,42.49778],[12.87789,42.49775],[12.87797,42.49762],[12.87808,42.49744],[12.8782,42.49722],[12.8783,42.49694],[12.8783,42.49692],[12.87833,42.49676],[12.87837,42.49659],[12.87841,42.49637],[12.87846,42.4962],[12.8785,42.49608],[12.87844,42.49606],[12.87836,42.49602],[12.8783,42.49598],[12.87828,42.49597],[12.87823,42.49593],[12.87788,42.49565],[12.8777,42.49547],[12.87766,42.49544],[12.87762,42.4954],[12.87756,42.49535],[12.87751,42.49532],[12.87746,42.49529],[12.87733,42.49521],[12.87706,42.49509],[12.8768,42.495],[12.87652,42.49494],[12.87581,42.4948],[12.87534,42.4947],[12.87453,42.49453],[12.8733,42.49426],[12.87194,42.49396],[12.87182,42.49393],[12.87168,42.49389],[12.87155,42.49385],[12.87138,42.49377],[12.87133,42.49374],[12.86969,42.49236],[12.86953,42.49223],[12.86945,42.49216],[12.86944,42.49215],[12.86936,42.49211],[12.86827,42.49151],[12.8676,42.49114],[12.86691,42.49076],[12.86677,42.49068],[12.86672,42.49064],[12.86666,42.4906],[12.86659,42.49056],[12.86656,42.49053],[12.86654,42.49051],[12.86647,42.49045],[12.86629,42.49027],[12.86607,42.48995],[12.86562,42.48929],[12.86558,42.48926],[12.86532,42.48904],[12.86509,42.48885],[12.86477,42.48859],[12.86435,42.48824],[12.86396,42.48791],[12.86389,42.48785],[12.8638,42.48778],[12.86365,42.48764],[12.86347,42.48751],[12.86333,42.48742],[12.86319,42.48735],[12.86308,42.4873],[12.86291,42.48724],[12.86286,42.48722],[12.86266,42.48715],[12.86264,42.48715],[12.86241,42.48707],[12.86152,42.48678],[12.86107,42.48664],[12.86085,42.48656],[12.86063,42.48649],[12.8604,42.48642],[12.85996,42.48627],[12.85986,42.48624],[12.85973,42.48622],[12.85912,42.48612],[12.85905,42.48611],[12.8554,42.48549],[12.85513,42.48545],[12.85494,42.48544],[12.8548,42.48544],[12.85463,42.48544],[12.85447,42.48546],[12.85438,42.48547],[12.85408,42.48552],[12.85348,42.48561],[12.85337,42.48563],[12.85324,42.48565],[12.85284,42.48571],[12.85238,42.48578],[12.85215,42.48579],[12.85173,42.48577],[12.85168,42.48576],[12.85144,42.48574],[12.85121,42.48572],[12.85036,42.48559],[12.85035,42.48559],[12.85024,42.48557],[12.85011,42.48555],[12.85001,42.48553],[12.84865,42.48528],[12.84822,42.48521],[12.84798,42.48516],[12.84716,42.48502],[12.8471,42.48501],[12.84632,42.48487],[12.84628,42.48487],[12.84621,42.48485],[12.84589,42.48478],[12.84585,42.48477],[12.84572,42.48474],[12.84559,42.4847],[12.84554,42.48469],[12.84538,42.48463],[12.84523,42.48456],[12.84517,42.48452],[12.84509,42.48448],[12.84498,42.4844],[12.84489,42.48434],[12.84481,42.48428],[12.84468,42.48418],[12.84456,42.4841],[12.8445,42.48404],[12.84448,42.48401],[12.84444,42.48397],[12.84434,42.48386],[12.84413,42.48362],[12.84388,42.48334],[12.84344,42.48288],[12.84335,42.48278],[12.84293,42.48234],[12.84268,42.48206],[12.84239,42.48175],[12.84234,42.48169],[12.84185,42.48115],[12.84181,42.48111],[12.84179,42.48109],[12.84174,42.48103],[12.84167,42.48096],[12.84164,42.48094],[12.84161,42.48092],[12.84148,42.48084],[12.84119,42.48065],[12.84073,42.4804],[12.84039,42.48021],[12.84034,42.48018],[12.84031,42.48016],[12.8398,42.47988],[12.83939,42.47965],[12.83934,42.47963],[12.83914,42.47952],[12.83898,42.47943],[12.83864,42.47925],[12.83855,42.47919],[12.83842,42.47912],[12.83836,42.47908],[12.8383,42.47904],[12.83821,42.47897],[12.83813,42.4789],[12.83809,42.47887],[12.83805,42.47881],[12.83771,42.47835],[12.83756,42.47814],[12.83733,42.47784],[12.83725,42.47776],[12.83718,42.47769],[12.83709,42.47762],[12.83693,42.47752],[12.8367,42.47743],[12.83665,42.47741],[12.83659,42.47739],[12.8365,42.47736],[12.83628,42.4773],[12.83621,42.47728],[12.83622,42.47707],[12.83623,42.47675],[12.83624,42.4766],[12.83624,42.47652],[12.83626,42.47642],[12.83628,42.47543],[12.83628,42.4754],[12.83628,42.47536],[12.83629,42.47491],[12.83629,42.47462],[12.83628,42.47453],[12.83628,42.47447],[12.83627,42.4743],[12.83626,42.4741],[12.83624,42.4739],[12.83623,42.47381],[12.83623,42.47379],[12.83622,42.47367],[12.83619,42.47353],[12.83617,42.47342],[12.83604,42.47264],[12.83601,42.47254],[12.83597,42.47234],[12.83596,42.47227],[12.83593,42.4722],[12.8359,42.47213],[12.83588,42.47207],[12.83584,42.47202],[12.83576,42.47195],[12.83569,42.47189],[12.83563,42.47186],[12.83556,42.47181],[12.83549,42.47176],[12.83548,42.47175],[12.83486,42.47136],[12.83475,42.4713],[12.83472,42.47127],[12.83445,42.47111],[12.83412,42.47089],[12.83407,42.47086],[12.83367,42.4706],[12.83333,42.47037],[12.83318,42.47028],[12.83305,42.4702],[12.83296,42.47014],[12.83286,42.47007],[12.83276,42.47001],[12.83266,42.46994],[12.83257,42.46986],[12.83249,42.46978],[12.83246,42.46975],[12.83243,42.46971],[12.83235,42.46962],[12.83225,42.4695],[12.83216,42.46938],[12.83185,42.46892],[12.83184,42.4689],[12.83183,42.46889],[12.83136,42.46821],[12.83126,42.46805],[12.83117,42.4679],[12.8311,42.46776],[12.83104,42.46762],[12.83101,42.46751],[12.83097,42.46739],[12.83095,42.46729],[12.83094,42.46723],[12.83094,42.46712],[12.83094,42.46707],[12.83095,42.46701],[12.83098,42.4669],[12.831,42.46682],[12.83103,42.4667],[12.83113,42.46642],[12.83117,42.46629],[12.83124,42.46606],[12.83134,42.46577],[12.8314,42.4656],[12.83141,42.46555],[12.83143,42.46551],[12.83144,42.46548],[12.83152,42.46521],[12.83152,42.46515],[12.83153,42.46511],[12.83153,42.46506],[12.83152,42.46498],[12.83151,42.46493],[12.83146,42.46478],[12.83141,42.46459],[12.83137,42.46448],[12.83135,42.46442],[12.83132,42.46435],[12.83128,42.46428],[12.83124,42.46422],[12.83119,42.46415],[12.83114,42.46409],[12.83103,42.46396],[12.83089,42.46383],[12.83081,42.46376],[12.83075,42.46371],[12.83068,42.46366],[12.83059,42.4636],[12.8305,42.46356],[12.83014,42.4634],[12.83007,42.46335],[12.83001,42.4633],[12.82998,42.46326],[12.82993,42.46319],[12.82988,42.46311],[12.82979,42.46295],[12.82975,42.46283],[12.82973,42.46276],[12.82972,42.46269],[12.82969,42.46249],[12.82969,42.46238],[12.8297,42.46228],[12.82973,42.46216],[12.82976,42.46209],[12.82979,42.46202],[12.82988,42.46183],[12.82996,42.46167],[12.83005,42.46153],[12.83027,42.46121],[12.83033,42.46113],[12.83045,42.46096],[12.83055,42.46083],[12.83067,42.46066],[12.83079,42.46048],[12.83087,42.46035],[12.83095,42.4602],[12.83097,42.46017],[12.83107,42.45996],[12.83117,42.45976],[12.83129,42.4595],[12.83134,42.45935],[12.83135,42.45931],[12.83136,42.45926],[12.83135,42.45919],[12.83134,42.4591],[12.83132,42.459],[12.83125,42.45882],[12.83123,42.45874],[12.83121,42.45864],[12.8312,42.45854],[12.8312,42.45849],[12.83121,42.45844],[12.83121,42.45843],[12.83121,42.45839],[12.83123,42.45834],[12.83128,42.45824],[12.8313,42.45821],[12.83142,42.45803],[12.83154,42.45789],[12.83156,42.45786],[12.8321,42.45725],[12.83393,42.45518],[12.83417,42.45492],[12.83505,42.45394],[12.83539,42.45357],[12.83594,42.45296],[12.83632,42.45257],[12.83631,42.45249],[12.83631,42.45245],[12.83628,42.4524],[12.83626,42.45236],[12.83623,42.45233],[12.8362,42.4523],[12.83617,42.45228],[12.83613,42.45225],[12.8361,42.45223],[12.83593,42.45215],[12.83589,42.45213],[12.83575,42.45208],[12.83566,42.45203],[12.83552,42.45196],[12.83551,42.45196],[12.83544,42.45192],[12.83534,42.45186],[12.83532,42.45185],[12.83524,42.45179],[12.83511,42.45168],[12.83506,42.45163],[12.83504,42.45158],[12.83504,42.45157],[12.83503,42.45153],[12.83503,42.45146],[12.83503,42.4514],[12.83514,42.45116],[12.83527,42.45093],[12.83555,42.45042],[12.83594,42.44978],[12.83594,42.44977],[12.83605,42.44964],[12.83619,42.44948],[12.83632,42.44936],[12.83643,42.44928],[12.83652,42.44921],[12.83659,42.44915],[12.83661,42.44914],[12.83662,42.44911],[12.83664,42.44909],[12.83666,42.44903],[12.83671,42.44887],[12.83686,42.44836],[12.83701,42.44783],[12.83706,42.44765],[12.83712,42.44745],[12.83717,42.44731],[12.83717,42.4473],[12.83721,42.44723],[12.83727,42.44714],[12.8375,42.44682],[12.83753,42.44677],[12.83778,42.44638],[12.83785,42.44624],[12.83789,42.44616],[12.83792,42.44608],[12.83794,42.44599],[12.83795,42.44589],[12.83794,42.44583],[12.83793,42.44575],[12.83783,42.44546],[12.83779,42.44535],[12.83777,42.44528],[12.83744,42.44447],[12.83734,42.44425],[12.83729,42.44408],[12.83724,42.44395],[12.83722,42.44388],[12.83721,42.4438],[12.8372,42.44372],[12.8372,42.4437],[12.8372,42.44361],[12.83726,42.44293],[12.83738,42.44187],[12.83738,42.44182],[12.83738,42.44177],[12.83737,42.44172],[12.83736,42.44168],[12.83735,42.44165],[12.83734,42.44163],[12.8373,42.44157],[12.83694,42.44136],[12.83691,42.44134],[12.83685,42.4413],[12.83676,42.44123],[12.83666,42.44113],[12.83654,42.44101],[12.83641,42.44088],[12.83634,42.44077],[12.83629,42.44069],[12.83626,42.44061],[12.83623,42.44052],[12.83622,42.44044],[12.83618,42.44006],[12.83614,42.43962],[12.83614,42.43956],[12.83614,42.43948],[12.83616,42.43933],[12.83614,42.43916],[12.83613,42.43913],[12.83605,42.43826],[12.83604,42.43809],[12.83596,42.4377],[12.83593,42.43762],[12.8359,42.43757],[12.83589,42.43756],[12.83586,42.43751],[12.8358,42.43746],[12.83574,42.43743],[12.83566,42.43742],[12.83517,42.43742],[12.83503,42.43741],[12.83493,42.43739],[12.83487,42.43737],[12.83479,42.43732],[12.83469,42.43725],[12.83462,42.43719],[12.83461,42.43718],[12.83454,42.43709],[12.83449,42.437],[12.83442,42.4367],[12.83427,42.43612],[12.83414,42.4357],[12.83409,42.43557],[12.83403,42.43543],[12.83367,42.43469],[12.83355,42.4344],[12.83355,42.43439],[12.83353,42.43431],[12.83354,42.43423],[12.83357,42.43416],[12.8336,42.43411],[12.8338,42.43386],[12.8342,42.43326],[12.83442,42.43298],[12.83447,42.43289],[12.83451,42.43279],[12.83453,42.4327],[12.83454,42.43261],[12.83458,42.43229],[12.83461,42.43204],[12.83461,42.43203],[12.83464,42.43187],[12.83467,42.43168],[12.83467,42.43166],[12.83476,42.43103],[12.8347,42.43039],[12.83466,42.43011],[12.83466,42.43009],[12.83458,42.42993],[12.83456,42.42987],[12.83435,42.42944],[12.83416,42.42902],[12.83399,42.42876],[12.83385,42.42864],[12.8338,42.4286],[12.8339,42.42848],[12.83391,42.42847],[12.83398,42.4284],[12.83404,42.42835],[12.83416,42.42823],[12.83427,42.42813],[12.83452,42.42789],[12.83462,42.42782],[12.83504,42.42748],[12.83507,42.42746],[12.83513,42.4274],[12.83533,42.42718],[12.8355,42.427],[12.83556,42.42693],[12.83564,42.42685],[12.83573,42.42677],[12.83597,42.42659],[12.83615,42.42645],[12.83627,42.42636],[12.83637,42.42625],[12.83649,42.42611],[12.8367,42.42584],[12.83682,42.42567],[12.83684,42.42565],[12.837,42.42546],[12.83717,42.42528],[12.83735,42.42511],[12.83736,42.4251],[12.83768,42.4248],[12.83918,42.42368],[12.83958,42.42339],[12.83984,42.42319],[12.84045,42.42274],[12.8407,42.42256],[12.84103,42.42232],[12.84117,42.42223],[12.84125,42.42218],[12.84151,42.42202],[12.84211,42.42164],[12.84239,42.42148],[12.8434,42.42093],[12.84346,42.42088],[12.84376,42.42064],[12.84429,42.41999],[12.8443,42.41998],[12.84445,42.41984],[12.84487,42.41946],[12.84506,42.4193],[12.84539,42.41902],[12.84552,42.41892],[12.84565,42.41882],[12.84576,42.41874],[12.84582,42.4187],[12.84605,42.41856],[12.84623,42.41844],[12.84624,42.41844],[12.84627,42.41842],[12.84628,42.41841],[12.84633,42.41838],[12.84646,42.4183],[12.84694,42.41801],[12.84706,42.41794],[12.84712,42.4179],[12.84717,42.41786],[12.84724,42.41782],[12.84727,42.41781],[12.8473,42.41779],[12.84748,42.41768],[12.84748,42.41767],[12.84748,42.41766],[12.84747,42.41765],[12.84747,42.41764],[12.84747,42.41763],[12.84747,42.41762],[12.84747,42.41761],[12.84747,42.4176],[12.84748,42.41759],[12.84748,42.41758],[12.84748,42.41757],[12.84749,42.41756],[12.84749,42.41755],[12.8475,42.41755],[12.84751,42.41754],[12.84752,42.41753],[12.84752,42.41752],[12.84753,42.41752],[12.84754,42.41751],[12.84755,42.4175],[12.84756,42.4175],[12.84758,42.41749],[12.84759,42.41749],[12.8476,42.41748],[12.84761,42.41748],[12.84762,42.41748],[12.84765,42.41748],[12.84782,42.41729],[12.84787,42.41723],[12.84788,42.41721],[12.8479,42.41719],[12.84799,42.41707],[12.84829,42.41653],[12.84839,42.41638],[12.84845,42.4163],[12.84849,42.41624],[12.84852,42.41617],[12.84856,42.41608],[12.84857,42.41605],[12.84861,42.4159],[12.84862,42.41585],[12.84877,42.41497],[12.84881,42.41463],[12.84885,42.41399],[12.84885,42.41393],[12.84885,42.41391],[12.84886,42.41383],[12.84887,42.41373],[12.84888,42.41369],[12.8489,42.41363],[12.84891,42.41358],[12.84892,42.41352],[12.84893,42.41344],[12.849,42.41286],[12.84901,42.4124],[12.84899,42.41163],[12.849,42.41149],[12.84905,42.41133],[12.84911,42.41115],[12.84937,42.41029],[12.84951,42.40979],[12.84952,42.40974],[12.84961,42.40939],[12.84953,42.40933],[12.84945,42.40926],[12.84917,42.409],[12.84851,42.40838],[12.84831,42.40821],[12.84796,42.40791],[12.84787,42.40782],[12.84776,42.40768],[12.8477,42.40757],[12.84768,42.40751],[12.84769,42.40736],[12.8477,42.40726],[12.84773,42.40708],[12.84777,42.40681],[12.84779,42.40674],[12.84797,42.40604],[12.84804,42.40594],[12.84803,42.40594],[12.84802,42.40594],[12.84802,42.40593],[12.84801,42.40593],[12.848,42.40592],[12.84799,42.40592],[12.84799,42.40591],[12.84798,42.40591],[12.84798,42.4059],[12.84797,42.40589],[12.84797,42.40588],[12.84797,42.40587],[12.84796,42.40586],[12.84796,42.40585],[12.84797,42.40585],[12.84797,42.40584],[12.84797,42.40583],[12.84797,42.40582],[12.84798,42.40582],[12.84798,42.40581],[12.84799,42.40581],[12.84799,42.4058],[12.848,42.4058],[12.848,42.40579],[12.84801,42.40579],[12.84801,42.40578],[12.84802,42.40578],[12.84803,42.40578],[12.84804,42.40577],[12.84805,42.40577],[12.84806,42.40577],[12.84807,42.40576],[12.84808,42.40576],[12.84809,42.40576],[12.8481,42.40576],[12.84811,42.40576],[12.84812,42.40576],[12.84813,42.40576],[12.84814,42.40576],[12.84814,42.40577],[12.84826,42.40564],[12.84852,42.40543],[12.84893,42.40508],[12.84901,42.40501],[12.84912,42.40489],[12.8492,42.40478],[12.84924,42.40474],[12.84929,42.40468],[12.84934,42.40463],[12.84937,42.40459],[12.84942,42.40453],[12.8495,42.40444],[12.84955,42.40438],[12.84981,42.40408],[12.8498,42.4039],[12.8498,42.40366],[12.84979,42.40317],[12.84979,42.40308],[12.8498,42.4029],[12.8498,42.40289],[12.84988,42.40251],[12.84999,42.40219],[12.85001,42.40215],[12.85006,42.40193],[12.85009,42.40179],[12.85019,42.40108],[12.85021,42.40096],[12.85023,42.40087],[12.85028,42.40075],[12.85038,42.40061],[12.85048,42.40052],[12.85054,42.40045],[12.85068,42.40031],[12.85138,42.39951],[12.85148,42.39947],[12.8519,42.39939],[12.8526,42.39925],[12.85303,42.39917],[12.85515,42.39877],[12.85519,42.39876],[12.85552,42.3987],[12.85579,42.39865],[12.85588,42.39865],[12.85592,42.39867],[12.85595,42.39868],[12.85601,42.39872],[12.85603,42.39875],[12.85606,42.39877],[12.85608,42.39879],[12.85613,42.39883],[12.85616,42.39885],[12.85618,42.39887],[12.85621,42.39888],[12.85623,42.39888],[12.85643,42.39891],[12.85747,42.3981],[12.8577,42.39792],[12.85786,42.39778],[12.85795,42.39772],[12.85798,42.3977],[12.858,42.39768],[12.85813,42.39758],[12.8584,42.39737],[12.85847,42.39729],[12.85855,42.39721],[12.85865,42.39707],[12.85908,42.39646],[12.85944,42.39604],[12.85951,42.39597],[12.85957,42.39591],[12.85964,42.39587],[12.85964,42.39586],[12.85964,42.39585],[12.85965,42.39585],[12.85965,42.39584],[12.85966,42.39583],[12.85967,42.39582],[12.85968,42.39582],[12.85968,42.39581],[12.85969,42.39581],[12.85969,42.3958],[12.8597,42.3958],[12.85971,42.3958],[12.85972,42.3958],[12.85972,42.39579],[12.85973,42.39579],[12.85974,42.39579],[12.85975,42.39579],[12.85976,42.39579],[12.85977,42.39579],[12.85978,42.39579],[12.85979,42.39579],[12.8598,42.39579],[12.8598,42.3958],[12.85981,42.3958],[12.85982,42.3958],[12.85983,42.3958],[12.85983,42.39581],[12.85984,42.39581],[12.85985,42.39582],[12.85986,42.39582],[12.85986,42.39583],[12.85987,42.39583],[12.85987,42.39584],[12.85987,42.39585],[12.85988,42.39585],[12.85988,42.39586],[12.85988,42.39587],[12.85988,42.39588],[12.85988,42.39589],[12.85995,42.39591],[12.86,42.39594],[12.86005,42.39599],[12.86005,42.39601],[12.86006,42.39604],[12.86008,42.3961],[12.86017,42.39692],[12.86018,42.39696],[12.8602,42.39714],[12.86025,42.39723],[12.86026,42.3973],[12.86046,42.39756],[12.86071,42.39778],[12.86094,42.39806],[12.86101,42.39815],[12.86123,42.3984],[12.86126,42.39842],[12.86134,42.3985],[12.8614,42.39855],[12.86146,42.3986],[12.8616,42.39872],[12.86164,42.39874],[12.86169,42.39878],[12.86177,42.39884],[12.86187,42.39889],[12.86194,42.39894],[12.86199,42.39895],[12.86204,42.39897],[12.8621,42.39898],[12.86216,42.399],[12.86225,42.39901],[12.8624,42.39903],[12.86243,42.39903],[12.86241,42.39905],[12.8624,42.39905],[12.86239,42.39906],[12.86236,42.39907],[12.86229,42.39908],[12.86223,42.39909],[12.86209,42.39912],[12.86186,42.39916],[12.86195,42.39928],[12.86195,42.3993],[12.86194,42.39934],[12.8619,42.39936],[12.86189,42.39937],[12.86184,42.39939],[12.8618,42.3994]]}},{"type":"Feature","properties":{"name":"Start","sym":"Flag, Green"},"geometry":{"type":"Point","coordinates":[12.8618,42.3994]}},{"type":"Feature","properties":{"name":"End","sym":"Flag, Red"},"geometry":{"type":"Point","coordinates":[12.8618,42.3994]}}]}